ID	English
10960000037	Siege War Cannon Permission Rules:\n@{1}. This screen allows you to configure cannon permissions for Siege War.\n@{2}. These settings also affect player permissions during Siege War.
10960000038	Siege War Vehicle Permission Rules:\n@{1}.You can set vehicle permissions for Siege War on this screen.\n@{2}.These settings also apply to player permissions during Siege War.
10960000039	Guild Funds Rankings Rules:\n@{1}.Each Guild Member can earn Guild Funds by completing Royal Caravan activities.\n@{2}.In Territory War, Guild Funds are a vital Currency used to purchase cannons, vehicles, and other important battlefield equipment.\n@{3}.The Guild Master and Vice Guild Master can also spend Guild Funds to purchase Benefits Packs for the entire guild.\n@{4}.Other players can view the guild's Guild Funds rankings on the 【Join a guild】 screen. Don't forget to complete your daily Guild Caravan turn-in quest and make a Donation to your guild!
10960000040	Bidding Fund Rules:\n@{1}.Escort missions convert Guild Supplies into Bidding Funds.\n@{2}.Eligibility for Stronghold War and Siege War can only be obtained by bidding with Bidding Funds.\n@{3}.Bidding Funds can be accumulated without limit during the Season.\n@{4}.Bidding Funds will be reset when the Season ends, so be sure to use them in time.
10960000041	@{1}.Refining applies to equipment slots only. Changing Equipment does not affect Refine bonuses.\n@{2}.Slots can still be Refined without Equipment equipped, but Refine bonuses are only Active while Equipment is equipped.\n@{3}.Refining every equipment slot to the specified Refine Level will Activate Resonance stats. Equipment must still be equipped to receive the corresponding bonuses.
10960000042	@{1}.Each Equipment Refine Level has a fixed Success Rate.\n@{2}.Refining has a Chance to fail, and Refinement Failed may reduce the Refine Level by @{3}.\n@{4}.Refinement Failed or a Refine Level reduction grants a certain amount of LUK. The more consecutive level reductions, the more Extra LUK is granted.\n@{5}.At safe Refine Levels, Refinement Failed will not reduce the Refine Level. Safe Refine Levels: @{6}/@{7}/@{8}/@{9}/@{10}. There are @{11} Refine Levels in total.\n@{12}.When using Blessed Ore, Refinement Failed will not reduce the Refine Level. Legend Ore increases the Refinement Success Rate and also prevents Refine Level reduction upon failure.
10960000043	@{1}.Enhance applies only to equipment slots. Changing equipment does not affect Enhance bonuses.\n@{2}.You can Enhance an equipment slot even when no equipment is equipped, but the bonuses only take effect once equipment is equipped.\n@{3}.The maximum Reinforcement level is equal to the character's Current Level.\n@{4}.Enhancing all equipment slots to the specified level activates Resonance attributes. Equipment must be equipped to receive the corresponding bonuses.
10960000044	@{1}.Mail is divided into System Mail and Guild Mail, which unlock at different levels.\n@{2}.System Mail and Guild Mail each have a storage limit. New mail cannot be received once the limit is reached, so please clear out your mail regularly, Adventurer.\n@{3}.Mail with attachments cannot be deleted until the attachments have been claimed.\n@{4}.Each mail has an expiration date. Expired mail will be deleted automatically, so be sure to read it and claim any attachments in time.
10960000045	@{1}.Trade is the official marketplace for buying and selling items.\n@{2}.Some rare items can be priced freely, with no price restrictions.\n@{3}.Rare items have a display period after being listed and cannot be traded normally until that period ends.\n@{4}.When an item's status changes to Purchase Successful or Sale Successful, the purchased item or sale proceeds will be sent by mail. Please claim them promptly.\n@{5}.You can follow items to easily check their availability in real time.\n@{6}.Listed items remain available for a limited time. Any item that does not sell before its listing expires will automatically be returned to the player by mail.\n@{7}.After an item is sold, a transaction tax is deducted from the Currency the seller receives. Different tax rates apply based on the player's Trade volume for This Week.
10960000046	@{1}.Today's tax rate is updated daily at @{2}:@{3} and will remain unchanged for the rest of the day.\n@{4}.Trade tax is deducted at the rate in effect when the Trade is completed.\n@{5}.The tax rate increases in tiers based on Trade volume. Tax rate tiers reset every Monday.
10960000047	@{1}.The search Function supports both fuzzy and exact searches.\n@{2}.Items listed for sale and items in the publication period are kept in separate search pools.\n@{3}.For each search type, Keep up to @{4} search records.
10960000048	Due to multiple violations, your suspension periods have been combined. Please refer to the latest end time.
10960000049	@{1}.Trade records are stored for up to @{2} days or @{3} entries;\n@{4}.Trade records are cleared when a new Season begins
10960000050	@{1}.During the listing and auction periods, you can Pre-purchase or bid on multiple Auction House items at once;\n@{2}.When the auction officially begins, Pre-purchase searches all listings for the lowest-priced batch of items and initiates batch Auto-Bid;\n@{3}.The full Pre-purchase price will be deducted from your Currency upfront. If canceled or outbid, the Currency will be returned by mail;\n@{4}.Because Pre-purchase searches for the lowest-priced listings available, you may initiate Auto-Bid on the same item as another player. Please keep this in mind.
10960000051	@{1}.Certain classes have unique class items.\n@{2}.After meeting the specified requirements, Merchants can use carts, Knight classes can ride Peco Pecos, and Archer classes can bring Falcons.\n@{3}.Each class item serves a different purpose. Adventurers, go explore and Discover them all!
10960000052	@{1}.Adventurers can purchase the items they need here.\n@{2}.Some items may have purchase quantity or frequency limits. Check the Refresh Time and purchase them before they refresh.
10960000053	@{1}.Adventurers can repurchase the items they need.\n@{2}.Some items may have purchase quantity or frequency limits. Check the Refresh Time and purchase them before they refresh.
10960000054	@{1}.The continent of Prontera is never short on Adventurers, and helping one another is its noblest virtue.\n@{2}.You can add other Adventurers as friends through the game world, chat channels, rankings, and more.\n@{3}.After sending a friend request, you must wait for the other player to accept before you become friends.\n@{4}.Team up with friends to participate in activities, complete quests, and more to earn Intimacy Points and raise your Intimacy Level.\n@{5}.Once you reach the required Intimacy Level, you will receive bonus effects when teaming up together.\n@{6}.Friends can also exchange gifts to increase their Intimacy Points.
10960000055	@{1}.After a gift is sent, both friends receive the corresponding stat increases.\n@{2}.Popularity: The stat gained by the recipient after receiving a gift.\n@{3}.Heart Points: The stat gained by the sender after sending a gift.\n@{4}.Intimacy: The stat gained by both the sender and recipient after a gift is sent.
10960000056	@{1}.Only players who are mutual friends can send each other gifts.\n@{2}.The recipient must be Online to receive a gift.\n@{3}.You can switch recipients on the Gift page.\n@{4}.Different gifts grant different amounts of Intimacy and Love. Once a gift is successfully sent, both friends will receive the corresponding bonuses.\n@{5}.Only premium gift items allow you to add a custom message and trigger a flashy Entire Server Notification.
10960000057	@{1}.Each player can have up to @{2} Cross-server Friends.\n@{3}.After a server merge, Cross-server Friends will automatically be added to the My Friends list.\n@{4}.Cross-server Friends can form parties for some content, but cannot send gifts.
10960000058	@{1}.Mounts are divided into two categories: Battle Mounts and Universal Mounts. The Peco Peco is an exclusive Battle Mount for Knight classes. Once the requirements are met, it can be claimed and used immediately. Other classes cannot obtain this mount.\n@{2}.Mounts come in different quality tiers. Each tier has different ranges for mount speed, attributes, and Trait Points. The higher the quality, the higher these values.\n@{3}.Each mount has a different number of Trait Points, with the value range determined by the mount's quality.\n@{4}.For Universal Mounts, setting a mount as the default grants its attributes. 【Battle Mount】 and 【Universal Mount】 attributes are separate, and a mount's appearance and attributes cannot be used independently.
10960000059	@{1}.Rankings are updated in real time.\n@{2}.Each leaderboard is ranked according to criteria specific to that game mode. Some leaderboards allow you to click a column header to sort in ascending or descending order.\n@{3}.Click a character on the leaderboard to view their profile.
10960000060	Rankings close every Monday at @{1}:@{2} AM, and leaderboard rewards are distributed based on each Adventurer's Hero tier.
10960000061	Rankings are finalized at the end of the Season, and Leaderboard Rewards are issued based on each Adventurer's Valor Tier.
10960000062	@{1}.The Pinnacle Top Ten rankings update in real time, displaying the ten strongest adventurers on the current server.\n@{2}.Settlement takes place every Monday at @{3}:@{4}, and Pinnacle Top Ten rewards are distributed.
10960000063	@{1}. Evenly Matched rankings are updated in real time and show the ten players on the current server whose overall power is closest to mine.\n@{2}. Increasing overall power will improve your title.
10960000064	@{1}.When using 【Right Mouse Button (+Shift)】 to Adjust Camera, use Ctrl + Right Mouse Button to adjust the camera Distance.\n@{2}.When using 【Mouse Left Tap (+Shift)】 to Adjust Camera, use Ctrl + Mouse Left Tap to adjust the camera Distance.
10960000065	@{1}. When speaking freely in a Tavern room, please remember to ^{1}follow the Compliance Guidelines^{2}.\n@{2}. Tavern chat will Keep its relatively strict moderation and reporting systems. Adventurers, please do not post any content that violates the rules. \n@{3}. When you ^{3}send Tavern Gifts^{4} to other Adventurers in the room, you can ^{5}increase the room's popularity^{6}, while the Adventurers who receive them can ^{7}gain Star Points^{8}.\n@{4}. Star Points have a weekly ranking, and the top ten players each week can earn a limited-time title.\n@{5}. Don't hold back on sending Tavern Gifts! Complete daily quests to receive free gift items, and boldly show others your appreciation!\n@{6}. Both ^{9}popularity and the number of players in the room^{10} affect the room's position in the Tavern list.
10960000066	@{1}. The host can set how Members turn on their mics and who has permission to speak. The host can also mute a Member or add them to the room's Blocks.\n@{2}. Please ^{1}use these permissions responsibly^{2} and make your Tavern room a fun place for everyone!
10960000067	@{1}
10960000068	@{1}.After befriending other adventurers, Intimacy bonuses between friends can be unlocked.\n@{2}.Actions such as ^{1}Unfriend or adding a friend to Blocks^{2} will immediately ^{3}reset Intimacy^{4}. Proceed with caution.\n@{3}.The maximum Intimacy level between friends is ^{5}Lv. @{4}^{6}.\n@{5}.After unlocking other Connect relationships, higher Intimacy levels can be unlocked.
10960000069	@{1}.Gifts to Friends: Different gifts grant different amounts of Affinity.\n@{2}.Participate in activities with friends to gain Affinity. The amount of Affinity you can gain from activities each day is limited.
10960000070	Guild ID: ${1}\nFormer Guild Name: ${2}
10960000071	\n@{1}.MVP monsters share HP across all channels. When an MVP appears, it can be found and fought on any channel, and all battle contributions count toward the rankings.
10960000072	\n@{1}.There are 4 types of MVP rewards: Ranking Rewards, Participation Rewards, First Strike Rewards, and Final Blow Rewards. Each has an independent Reward Count and does not affect the others. Tap Reward Count for details.\n@{2}.Participation Rewards and Ranking Rewards have a Chance to include Rare rewards such as Cards. The higher the team's rank, the greater the Chance.\n@{3}.Ranking Rewards are distributed by party. After Killing the MVP, members of the top @{4} parties with Remaining Reward Counts can obtain Ranking Rewards.\n@{5}.The first Character to attack the MVP receives the First Strike mark. Going Offline or changing maps, except when switching channels, Clears the First Strike mark. The first Character to attack the MVP afterward receives the First Strike mark.
10960000073	\n@{1}.After the MVP is Defeated, Points are calculated for all participating parties based on Damage dealt, Damage taken, Healing Volume, and death count Data. Deaths deduct a small number of Points. All participating parties are then ranked by Points.\n@{2}.If a party includes Members with no Remaining Ranking Reward or Participation Reward Counts, the total score is Decayed by a certain percentage. The more such Members there are, the greater the Decay.
10960000074	If a team has a Member with no Reward Count remaining, its score will be reduced by a certain percentage
10960000075	@{1}.You receive @{2} Bonus Points each day. While Bonus Points are active, Kill field monsters to obtain large amounts of EXP, equipment, and cards\n@{3}Each field monster you Kill consumes @{4} Bonus Points. Once all Bonus Points are used, the drop rate from field monsters decreases, and only basic drops such as headgear materials can be obtained\n@{5}.Players can manually Pause Bonus Points. While paused, Killing field monsters does not consume Bonus Points, but only basic drops such as headgear materials can be obtained\n@{6}.While Bonus Points are active, EXP and equipment rewards from Killing field monsters are affected only by World Level, while card drops vary by monster. Adventurer, plan carefully to obtain the cards you want!
10960000076	@{1}.On the Recommended Monster screen, click the favorite button in the upper-left corner of a monster's info to add it to your favorites. You can favorite up to @{2} monsters\n@{3}.In your monster favorites, click a monster's Portrait to open the Recommended Monster screen and quickly Locate its info
10960000077	@{1}.After Enable Bonus Time, Killing Monsters in the Field grants large amounts of EXP, Equipment, Cards, and other Drops.\n@{2}.Outside Bonus Time, Drops are divided into reduced Drops and Fatigue Drops.\n@{3}.With reduced Drops Active, Killing Monsters in the Field grants only small amounts of EXP, Materials, and other Basic Drops.\n@{4}.With Fatigue Drops Active, Killing Monsters in the Field grants only small amounts of Minted Coins and Materials.\n@{5}.EXP and Equipment Drops from Killing Field Monsters are affected only by World Lv. Card Drops vary by Monster, so plan carefully to obtain the Cards you want!\n@{6}.After enabling Bonus Auto Mode, if you do not Kill a Monster and obtain Drops within 10 seconds, Auto Mode is automatically suspended. Bonus Time is not deducted while suspended. Bonus Auto Mode automatically resumes when you Kill another Monster and obtain Drops.\n@{7}.Bonus Auto Mode is automatically disabled in Dungeons and similar Locations and cannot be enabled there.\n@{8}.If you are challenging a Field MVP, enabling Bonus Auto Mode will also suspend it. It will resume after you escape the MVP's aggro, Kill a Monster, and obtain Drops.
10960000078	@{1}.Adventurers can use the mysterious power bestowed by the Goddess to train without actively participating in combat, earning Rare battle rewards such as cards and equipment\n@{2}.After beginning an expedition, exploration time will continue to accumulate even while Adventurers are offline.\n@{3}.Expedition rewards must be claimed manually. Rewards are based on the accumulated exploration time when claimed. Accumulated time has a limit, so remember to claim your rewards promptly~
10960000079	@{1}.If the Adventurer's Base Level differs too greatly from the monster's level, the reward drop Chance and variety of rewards dropped from the Kill will be reduced (headgear drops are unaffected)\n@{2}.The greater the level difference, the greater the reduction
10960000080	@{1}.This screen shows today's field auto-battle earnings from @{2}:00 to @{3}:00 the next day\n@{4}.Keep up to @{5} days of earnings records
10960000081	@{1}.Drops are independent for each player and their teammates.\n@{2}.When a teammate uses Auto Mode on the same map, there is a Chance that the Monster's Drops will also be shared with the player.\n@{3}.Drops shared by teammates are shown Below each item on this screen with “Teammate:” followed by the quantity shared.
10960000082	@{1}.Every @{2} levels, a Soul Echo unlocks an element and gains a random attribute\n@{3}.You can equip up to @{4} Soul Echoes\n@{5}.The elements of equipped Soul Echoes can activate Elemental Resonance. Each Elemental Resonance can reach up to Lv. @{6}, requiring @{7}, @{8}, and @{9} elements, respectively.
10960000083	@{1}.The elements of equipped Soul Echoes can activate Elemental Resonance. Each Elemental Resonance can reach up to Lv. @{2} and requires @{3}, @{4}, and @{5} elements, respectively.\n@{6}.Each level activated grants the corresponding resonance effect.
10960000084	@{1}.Only players with Reward Count remaining for the current dungeon can participate in the auction and receive an Auction Dividend. ^{1}The Auction Dividend rate is @{2}^{2}. Enjoy the thrill of bidding! @{3}.If everyone declines to bid, the item will go unsold. After the auction ends, it will be awarded at random to an eligible Member of the party with Reward Count remaining. @{4}.Declining during an auction is final. Once you decline, you cannot bid on that item again during the current auction.
10960000085	@{1}.When you obtain a Divine Art Totem, its stats and skills are randomized.\n@{2}.Use Skill Books for Learning Skills to add or replace Divine Art Totem skills.\n@{3}.Use designated items to reroll its stats.\n@{4}.Divine Art Totems of the same quality can be combined. The resulting totem's stats and skills are randomized.
10960000086	@{1}.Spend Divine Totem Currency to Level-up Divine Totems, enhancing the effects of deployed Divine Totems.\n Divine Totem levels reset each Season
10960000087	@{1}.Use Skill Books in Learning Skills to add or replace Divine Arts Totem skills.\n@{2}.Learning Skills cannot exceed the Initial skill limit for the Totem's quality. Purple Totems can have up to @{3} skills, while Orange Totems can have up to @{4}. Once a Totem has reached its Initial skill limit, Skill Books can only replace skills.\n@{5}.Blue Totems cannot use Learning Skills.
10960000088	@{1}.Consume the required items to reroll a selected stat.\n@{2}.Each Divine Art Totem can only be rerolled a limited number of times per Season.
10960000089	@{1}.Divine Art Totems of the same quality can be combined, randomizing their attributes and skills\n@{2}.Combining Divine Art Totems allows their number of skills to exceed the Initial limit
10960000090	Skill guaranteed when this Divine Art Totem is obtained or synthesized
10960000091	Only one effect applies to skills with the same name.
10960000092	Cards can be obtained by defeating monsters, completing quests, and through Trade. MVPs drop ultra-Rare MVP Cards.
10960000093	@{1}.Each card has unique stats or skill effects.\n@{2}.Insert a card into its designated equipment slot while that slot has equipment equipped to gain the card's effects.\n@{3}.Combine cards strategically to maximize your character's power.\n@{4}.Cards can be advanced to enhance their effects.\n@{5}.Cards of Purple Quality or higher can be added to the Collection. Collected cards feature stunning artwork and significantly enhanced effects.
10960000094	When you have a card, you can insert it in any of the following ways:\n@{1}. Select the card in your ^{1}Backpack^{2}.\n@{2}. Select the equipment in the ^{3}Equipment tab^{4}.\n@{3}. Use the ^{5}Card Insertion screen^{6}.
10960000095	@{1}.Consume cards of the same name to advance a card.\n@{2}.Tap the ^{1}Preview^{2} button to see how the card's effects change after advancement.\n@{3}.Collection Cards can also be advanced.
10960000096	Unused cards that are not Tier @{1} can use the ^{1}Return^{2} button to return their advancement materials.
10960000097	@{1}.Each equipment slot has fixed card slots. Base Level Increased automatically triggers their ^{1}Unseal^{2}.\n@{2}.Unsealed card slots can hold compatible cards.\n@{3}.When a card is inserted into an equipment slot's card slot and equipment is worn in that slot, the character gains the card's effects.\n@{4}.Select or drag cards to insert or replace them.
10960000098	The card in this slot only takes effect when ^{1}equipping a two-handed weapon^{2}. It has no effect when equipping a one-handed weapon.
10960000099	@{1}.Cards of Purple Quality or higher can be added to the Collection.\n@{2}.Use @{3} cards of the same quality to obtain one random Collection Card of that quality.\n@{4}.Collection Cards feature ornate card art and slightly enhanced effects.
10960000100	@{1}.The Codex System includes multiple collections, such as the Monster Codex and Card Codex.\n@{2}.Defeating a Monster for the first time or Obtaining a Card for the first time grants Collection Points.\n@{3}.After accumulating enough Collection Points, you can increase your Collection Lv. and earn rewards.
10960000101	Learn About Monster Locations
10960000102	Explain Reading Levels
10960000103	Introducing Codex Cards
10960000104	Introduction Album Theme Content
10960000105	Your Profile is a space where you can express yourself. Decorate it freely and customize Connect elements such as titles, ranks, and Portraits.
10960000106	Customize your Character, Background, Stickers, and more through Profile editing.
10960000107	Filter Star Cores in your Backpack by slot type
10960000108	@{1}.In this Kafra Corporation reality show, contestants must make smart use of prearranged resources to stand out from the competition. The final winner will receive the show's Grand Prize.\n@{2}.Each contestant can choose a Job Build before the match. Each Build comes with @{3} skills, while all other skills, Equipment, Medicine, and other items must be found and Picked up.\n@{4}.Kafra Corporation has created a special Currency to reward Beginners who participate in the show. Earn Currency by competing and completing Quests, then exchange it for supplies at the Kafra Shop!\n@{5}.During this test, the reality show and Battle of Dragon Coffin Island open on alternating days. Check the Calendar.\n@{6}.To keep the reality show fair, all contestants must participate actively!
10960000109	@{1}.Each class has multiple builds, and each build comes with @{2} skills.\n@{3}.All builds can use universal skills.\n@{4}.The Unlock Requirement for each skill is to use or pick it up during Kafra: Battle of the Survivors!\n@{5}.These skills can only be used in Kafra: Battle of the Survivors.
10960000110	@{1}.Includes multiple competitive modes. Check their schedules to see when they open and participate.\n@{2}.Some modes support parties. Joining with a party is recommended for the best experience.
10960000111	@{1}.Battle records are divided into Match Data and Season Data, both of which track contestants' performance in the reality show during the current Season.\n@{2}.Season Data provides an overview by tracking only cumulative and best results.\n@{3}.Match Data tracks detailed results for each match, separated into Team and Solo modes.\n@{4}.All data is cleared at the end of the Season.
10960000112	@{1}.If a player is defeated for the first time within @{2} seconds after the battlefield officially opens, they receive @{3} Extra opportunities to rejoin the battle.\n@{4}.After being defeated for the first time, you do not need to wait for a teammate's aid and may choose a new drop point to rejoin the battle.\n@{5}.You have a limited time to choose a drop point. If time expires before you make a selection, one will be assigned at random. Keep an eye on the timer.
10960000113	@{1}.Spend Kaka Victory Coins at the Kafra Shop to exchange for rewards.\n@{2}.Some items require you to reach a specific rank.
10960000114	@{1}.Select filters to bulk-discard equipment and skills that match them. \n@{2}.Click a selected filter again or clear its checkbox to deselect it. \n@{3}.Items in the Item category, equipped gear, and equipped skills cannot be bulk-discarded. \n@{4}.Tap Confirm Discard to discard every item in your Backpack that matches the selected filters.
10960000115	@{1}.View all Adventure Card Sets obtained during this match here.\n@{2}.Adventure Card Sets are only active during the current match. They have no effect after leaving this mode or while playing other modes.
10960000116	@{1}. Choose your preferred style before entering battle. The styles available in Survivor Battle differ from traditional styles.\n@{2}. Each style is bound to two skills. These two skills can only be changed by switching styles during the mode.\n@{3}. In addition to style skills, you can find more skills during the mode and carry up to @{4} Extra custom skills.
10960000117	@{1}.After choosing a style, you may select any location on the mode map as your Spawn.\n@{2}.You can see your teammates' and enemies' Spawn locations, allowing you to adjust your Spawn strategy as the situation changes.\n@{3}.In Team Mode, you may invite teammates to follow you or follow a teammate.
10960000118	@{1}.Treasure Chests appear randomly throughout the battlefield and may contain exclusive equipment, skills, Medicine, and other items.\n@{2}.Mix and match skills freely during the match to create countless builds. Choose your favorites and jump into battle!
10960000119	@{1}.Random events may occur during the match. Seize these opportunities to become stronger.
10960000120	@{1}.If you are defeated within @{2} minutes, you may choose a new Spawn and Revive once for free.\n@{3}.If you are defeated after @{4} minutes, you will drop an ID Tag. A teammate must retrieve it before you can Revive.
10960000121	@{1}.Participate in the mode to earn Currency, which can be used to purchase items from the shop.\n@{2}.You can also earn rewards by reaching a higher rank.
10960000122	@{1}.Participating in Survivor Battle grants Rank Points. Your rank automatically receives a Level-up when your points reach the limit.\n@{2}.There are @{3} ranks in total: Trainee, Rookie, Warrior, Elite, Moonlit Challenger, Dominator, and Legendary Survivor. To become a Legendary Survivor, you must rank among the top @{4} players on the Entire Server and have at least @{5} points in Dominator.\n@{6}.Trainees cannot be demoted. Rookies and above can lose minor ranks, while Dominators and above can lose major ranks.\n@{7}.Idling and similar behavior during a match will be penalized. Penalties are applied directly to your Rank Points, so please participate actively.
10960000123	@{1}.In this mode, Guild Members must work together to Defeat Bosses. It has @{2} Difficulty levels: Easy, Hard, and Nightmare. Easy includes only Temple of Cadence; Hard includes Temple of Cadence and Above the Sea of Clouds; Nightmare includes Temple of Cadence, Above the Sea of Clouds, and Chaos Court.\n@{3}.Each week, the Guild Master selects the Difficulty and Initiates the Challenge. During the event, Members may Enter Dungeon at any time to Follow the guild's current progress and participate in the Challenge.\n@{4}.Reward Counts are shared between stages with the same name across different Difficulty levels. After Claiming a stage reward, you cannot Claim another reward from a stage with the same name that week. Stages with no Remaining Reward Counts may be skipped.\n@{5}.Clear rewards are issued immediately after each stage's Settlement. Auction Rewards continue to accumulate, and the auction begins after the Event Over.\n@{6}.While the event is Active, the Guild Master may adjust the Challenge Difficulty at any time.
10960000124	@{1}.Unlocks after clearing every stage on the previous difficulty.\n@{2}.The Reward Count resets and the next difficulty unlocks every Monday at @{3}:@{4}.\n@{5}.Only one difficulty can be unlocked each week.
10960000125	@{1}.After mounting the Turret, you can immediately use it to attack.\n@{2}.Adjust the camera to fire the Turret in different directions.\n@{3}.You will automatically dismount the Turret if you die or go offline.
10960000126	@{1}.Auction Rewards earned by clearing stages in the Guild Challenge can be previewed here.\n@{2}.After the event ends, all items will be available for bidding in the Guild Auction.
10960000127	@{1}.If you are defeated for the first time within @{2} seconds after the battlefield officially opens, you receive one Extra opportunity to rejoin the battle.\n@{3}.After being defeated for the first time, you do not need another teammate's aid and may choose a new drop point.\n@{4}.There is a time limit for choosing a drop point with this Extra opportunity. If time expires, you will automatically Revive where you were defeated. Keep an eye on the timer.
10960000128	A teammate's ID Tag. Use it or take it to an ambulance to Revive that teammate.
10960000129	@{1}.Once the Festival Invitation begins, you may choose one Lucky Star to bet on. You may only bet on one Lucky Star, and your choice cannot be changed afterward.\n@{2}.You must place your bet before the Festival Invitation quiz begins. Betting is unavailable once the quiz has started.\n@{3}.If your chosen Lucky Star finishes in first place, every player who bet on that Lucky Star receives a reward.\n@{4}.The reward is determined by the number of players who correctly chose the winning Lucky Star and will be sent by mail.
10960000130	@{1}.The preparation phase lasts @{2} minutes. Once it ends, you can no longer enter this area, so avoid leaving during the preparation phase.\n@{3}.The quiz begins immediately after the preparation phase. Watch for the question details.
10960000131	@{1}.The first time you use a new Skill Build, you must reallocate skill points and equip skills again. \n@{2}.Each Skill Build is independent. Switching Skill Builds also switches your skill point allocation and equipped skills. \n@{3}.Skill Builds cannot be switched during combat.
10960000132	Stat Builds cannot be switched during combat.
10960000133	Equipment Builds cannot be switched during combat.
10960000134	Card Presets cannot be switched during combat.
10960000135	Divine Totem Builds cannot be switched during combat.
10960000136	Soul Echo Builds cannot be switched during combat.
10960000137	Pet Presets cannot be switched during combat.
10960000138	Base Combat Power is permanent.\nEquipment, refinement, cards, pets, and Divine Totems can increase Base Combat Power.
10960000139	Season Combat Power resets with each Season.\nSeason Breakthrough, Season Refinement, pet Level-up, and Soul Echoes can increase Season Combat Power.
10960000140	Decreases by @{1}% daily, up to @{2}%.
10960000141	The Spirit Tower has no Attempt Restriction, so you can challenge it as many times as you want—as long as you can handle it! If you cannot clear it, try again tomorrow!
10960000142	The Spirit Tower's pet lineup is separate from the pet deployment lineup used in the open world, so keep that in mind!
10960000143	\n@{1}. Break through the castle gate and enter the Inner Area.\n@{2}. Defeat the Gatekeeper to gain additional attack time and open the path.\n@{3}.Capture the control point to secure the frontline Revive point.\n@{4}.Destroy the Crystal to claim victory!
10960000144	\n● The battering ram deals massive damage to the castle gate, so protect it.\n● When your side has more players inside the circle than the enemy, the battering ram moves forward.\n● Once the battering ram reaches the castle gate, it attacks automatically.
10960000145	\n● Once a siege ladder is deployed, it can be used to scale the wall.\n● Siege ladders move automatically, but they still need protection.\n● After reaching the wall, prioritize killing the cannons and guards!
10960000146	\n● Players with firearm permission can deploy cannons to attack.\n● Hold the Fire button to shrink the shell's impact area, except when using the Flying Crow.\n● Ammunition is limited, so use it wisely.
10960000147	\n● Players with vehicle permission can operate a Madogear Pilot at the workshop.\n● The Madogear Pilot has a recovery Orbit that restores Life to nearby allies.\n● The Madogear Pilot is extremely powerful and can help your side push the battlefront.
10960000148	\nSurvive until the countdown ends to win.\n@{1}. Prevent the castle gate from being destroyed.\n@{2}. Protect the Warden and Gatekeeper.\n@{3}. Hold the control point to keep the Crystal Invincible.\n@{4}. Prevent the Crystal from being destroyed!!!
10960000149	\n● Leap from the edge of the wall to leave the castle and attack.\n● Use the same method to return to the wall.\n● Destroy the enemy battering ram as soon as possible to prevent the castle gate from being breached.
10960000150	\n● Once the enemy deploys a siege ladder, they can scale the wall.\n● Destroying a siege ladder cuts off the retreat of enemies already on the wall.\n● Cannons are also effective against siege ladders.
10960000151	A rift has appeared above the Midgard Continent, and an unknown world appears poised to descend. The Novice Instructor is recruiting Adventurers to collect Arcane Crystals and defend against the approaching world.\n@{1}.During the event, obtain Arcane Crystals by opening the Tier @{2} chest in the Event Calendar, challenging MVPs, and turning in Cat Hand Caravan quests. You may challenge MVPs @{3} times per day. Cat Hand Caravan quests have no Attempt Restriction.\n@{4}.The Entire Server's material donation progress unlocks milestone rewards on the event progress bar. Once the bar is full, preparations will be complete, and everyone can await the arrival of the otherworld.\n@{5}.Donate Arcane Crystals to the Novice Instructor in exchange for Contributor Badges, which can be exchanged for rewards in the Contributor Shop.\n@{6}.The donation event ends on Day X at Hour X. Players may continue exchanging for prizes in the shop until Day X at Hour X.
10960000152	Guild Points are the sum of the individual Contribution Points earned by all Members of the Guild. Each player's Contribution Points are proportional to the number of Crystals contributed. Open Activity Chests in the Event Calendar and participate in MVP challenges, Daily Activity, and Guild Recruitment to earn more Contribution Points!
10960000153	Siege Points (Attackers Only): Gain @{2} points for every @{1} damage dealt to the castle gate, Castle Guards, Protectors, or Emperium.\nDefense Points (Defenders Only): Gain @{4} points every @{3} seconds while stationed within a certain range of the castle gate, Castle Guards, Protectors, or Emperium.\nMachines Destroyed: Number of enemy machines destroyed.\nKills: Number of times enemies were defeated.\nAssists: Number of times you helped allied Members complete a Kill.\nBattlefield Rating: Rating earned by meeting battlefield objectives, reflecting your overall individual contribution.\nMachine Damage: Total damage dealt using machines.\nDamage Dealt: Total damage dealt by the character.\nDamage Taken: Total damage taken by the character.\nHealing: Total Healing Volume provided by the character.
10960000154	Siege Points
10960000155	Defense Points
10960000156	Machines Destroyed
10960000157	Kills
10960000158	Assists
10960000159	Battlefield Rating
10960000160	Machine Damage
10960000161	Damage
10960000162	Damage Taken
10960000163	Healing
10960000164	After the Royal City auction ends, the successful Guild gains the right to attack the Royal City. If the Royal City has no owner at the start of the Season, the two Guilds that win the auction will be randomly assigned the attacker and defender roles.
10960000165	Attackers: Destroy the defenders' Emperium to win.\nDefenders: Hold out until time expires to win.
10960000166	Up to @{1} Guild Members may enter the battlefield. The mode is divided into four phases: one preparation phase and three attack phases.\nPreparation Phase: Attackers cannot leave their base, and defenders cannot leave the castle walls, but both sides may operate their respective machines and Madogear Pilots.\nBattle Phase P@{2}: The battle officially begins. Attackers have @{3} minutes to breach the castle gate. If they succeed, they receive bonus time and the attack continues. If they fail to breach the gate before time expires, the defenders win.\nBattle Phase P@{4}: Attackers must Kill the Protector within the time limit to open the path to the castle. Killing Castle Guards and the Protector grants the corresponding time bonuses.\nBattle Phase P@{5}: There is a Revive point in front of the castle. Attackers must enter the control circle and capture it to remove the Emperium's Invincible status and secure the Revive point. The Revive point can change hands repeatedly. If the defenders recapture it, the Emperium becomes Invincible again. Under any circumstances, after the Emperium remains out of combat for @{6} seconds, it gradually recovers HP within its current phase. The Emperium has three HP phases in total.
10960000167	Both sides can use firearms and vehicles in battle. The Guild provides both types of machines, but an officer must grant Guild Members permission to use them. Be sure to coordinate machine permissions before the battle.
10960000168	Dormant musical energy lies silently awaiting its awakening, ready to sound the prelude of creation...\nSolve the note puzzles and play the melody to fill the continent with musical energy.\n\n^{1}Note Clues^{2}\nDuring the event, several ^{3}Note Clues^{4} are scattered throughout a certain city each day. Obtain a Clue to reveal the answer to its corresponding note puzzle. Some Clues can be obtained from a mysterious person.\nThe melody can only be played successfully when ^{5}all notes are selected correctly^{6}. Search for Note Clues to uncover more answers!
10960000169	Several notes are missing from the score shown by the mysterious person. The piece can only be performed successfully after every note puzzle has been solved.
10960000170	Following the mysterious figure's hints will reveal Clues to @{1} missing-note puzzles.
10960000171	Search the locations indicated by the mysterious figure to find scattered note Clues and solve the corresponding puzzles.
10960000172	For unsolved note puzzles, tap the puzzle to select a note manually.
10960000173	After solving every puzzle, you can pluck the strings and attempt to play the piece, but the melody will only sound if every note is correct.\nEach person can obtain only a limited number of Clues per day. Try asking others and sharing information—you might uncover more answers!
10960000174	● Turn it in to the guild for guild Currency rewards.\n● It cannot be taken out of the Realm Sandbox and will drop from your inventory when you leave.● Upon dying in an Orange Zone, you will drop @{1}% of the total amount you are carrying.● Upon dying in a Black Zone, you will drop @{2}% of the total amount you are carrying.
10960000175	Safe Zone: Other players cannot attack you, but beware—monsters are still hostile.\nConflict Zone: Switch to Guild Mode/Free Mode to attack other players. Stay alert!\nWar Zone: You can freely attack Guild Members and may also switch to Free Mode!
10960000176	@{1}.When listing an item at a Stall, a @{2}% Stall fee is charged if the Currency is Meowfruit, while a @{3}% fee is charged if the Currency is Zeny.\n@{4}.For Meowfruit, the minimum price is @{5} Meowfruit and the maximum is @{6} Meowfruit.\n@{7}.For Zeny, the minimum price is @{8} Zeny and the maximum is @{9} Zeny.
10960000177	@{1}.You helped make the city prosper, so Prontera now offers Stall services to all Adventurers.\n@{2}.Stalls are permitted in all open-world areas. Stall listings are not shared between channels.\n@{3}.Please Keep a suitable Distance from other Adventurers' Stalls. You cannot set up a Stall too close to another one.\n@{4}.There is no daily limit on how many times you may set up a Stall.\n@{5}.Items from Stall sales and closing a Stall are delivered by mail.\n@{6}.You may change the price and quantity of items in your Stall at any time.
10960000178	@{1}.You can share with any friend, group, or recent contact.\n@{2}.All sharing has a Cooldown, so you cannot share continuously!
10960000179	@{1}.Complete daily activities to earn Activity Points and claim Activity Point rewards. Activity Points reset daily at @{2}:@{3}.
10960000180	A pet's level cannot exceed the Adventurer's level.\nTap the Level-up button to automatically reach the selected level. Lower-quality Pet EXP Books will be consumed first.\nIf the Pet EXP Books consumed during this Level-up provide more EXP than required, the excess will be converted into EXP Books of equal value.\nWhen the next Season begins, all pet levels will be reset and all EXP Books in the Backpack will be removed.
10960000181	Adventurers can use the active skills of pets assigned to active slots.
10960000182	Chance of obtaining a complete S-rank pet: @{1}%\nChance of obtaining a complete A-rank pet: @{2}%\nChance of obtaining a complete B-rank pet: @{3}%
10960000183	Beginner Search Instructions (To Be Added)
10960000184	Always Display Pet Hatching. Consume Pet Eggs to Hatch them, with a Chance to obtain Pet Shards or complete Pets when Hatching Complete.
10960000185	Limited-time Pet Hatching is available for a set period. Consume Pet Eggs to Hatch them, with a Chance to obtain Limited-pool Pet Shards or complete Pets when Hatching Complete.
10960000186	Pets can be unlocked through Hatching or by collecting enough Shards.\nConsume EXP books to Level-up Pets. Respawn Returns all EXP books used for Level-up and resets the Pet to Lv. @{1}.\nA Pet's Base Stats are determined by its Lv. and Growth Rate.\n
10960000187	Active Skill: A skill the Adventurer can actively use in battle when the pet is assigned to an active slot.\nPassive Skill: A skill that grants bonuses to the Adventurer when the pet is assigned to a Utility slot.\nUnlocked Attribute Skill: A skill that permanently grants attribute bonuses to the Adventurer after the pet is unlocked, even when it is not deployed.\nCombat Skill: A skill used actively by the pet after it enters battle in modes such as the Pet Tower.
10960000188	A pet can gain @{2} star levels for every @{1} Pet Promotions.\nPet Promotion increases the pet's growth rate.\nIncreasing a pet's star level raises the star level of its active, Passive, and unlocked attribute skills. Higher-star skills provide stronger effects.
10960000189	Adventurers can deploy @{1} pets and assign @{2} support pets at the same time, with @{3} active pet slots, @{4} Utility pet slots, and @{5} support pet slots.\nDeployment slots are gradually unlocked as the Adventurer's level increases, while support slots are gradually unlocked based on the number of Floors cleared in the Spirit Tower. A deployed pet grants the Adventurer a percentage of its base attributes: @{6}% from deployment slots, while the bonus varies by support slot.\nPets in active slots grant the Adventurer active skills, while pets in Utility slots grant the Adventurer Passive Skills.\nSome pets provide a more powerful Core Passive effect while assigned to a Utility slot.\nIf multiple pets with Core Passives are assigned to Utility slots, only the Core Passive in the lowest-numbered Utility slot takes effect.\nDeploying @{7} pets of the same Faction activates a Faction effect. Each Faction has a different effect; view the Faction combination attributes below.
10960000190	After Unlocking a Collection Entry, you can activate the Pet in the Collection. Once activated, the Pet grants its unique Collection Stats without needing to Deploy it. The Pet's Collection Stats increase with its star rating.
10960000191	Collection Attribute InstructionsCollection Attribute InstructionsCollection Attribute InstructionsCollection Attribute InstructionsCollection Attribute InstructionsCollection Attribute Instructions
10960000192	Each Hatch grants @{1} Proficiency. When Proficiency reaches the Current Cap, the Hatchery Level Increased automatically. Increasing the Hatchery Lv. reduces the time required for Pet Hatching and increases the Chance of obtaining high-Rarity Pet Shards.
10960000193	Total Lineup Attribute InstructionsTotal Lineup Attribute InstructionsTotal Lineup Attribute InstructionsTotal Lineup Attribute InstructionsTotal Lineup Attribute InstructionsTotal Lineup Attribute Instructions
10960000194	@{1}.Challenge Monster Phantasms of increasing difficulty to earn generous rewards.\n@{2}.Spend Heroic Spirit Coins to increase your Heroic Spirit level. Each Level Increased grants permanent attribute bonuses.
10960000195	@{1}.Tree Hollow Chat offers an [Anonymous] mode. \n@{2}.There is a Chance that an Adventurer's true identity will be revealed.\n@{3}.Tree Hollow Chat maintains strict moderation. Adventurers must not post inappropriate content.
10960000196	@{1}.Tap an item or select a filter to choose items for dismantling. \n@{2}.Tap it again or clear the filter to deselect it. \n@{3}.Certain Rare items are excluded from batch dismantling filters. \n@{4}.Dismantling cannot be undone. Carefully select the items you want to dismantle.
10960000197	@{1}.Select filters to define which items should be automatically dismantled. \n@{2}.After changing the conditions, tap Confirm to save your settings. \n@{3}.Once the conditions are set and Auto-Dismantle is enabled, items that match the filters will be automatically dismantled when they enter the Backpack.\n@{4}.Dismantling cannot be undone. Carefully review your Auto-Dismantle conditions.
10960000198	@{1}.All item synthesis requires materials, and each item has a different recipe.\n@{2}.When cross-level synthesis is selected, the System automatically includes lower-level materials in the calculation.
10960000199	A Skill Bar can be placed on the casting wheel like a skill. Activating the Skill Bar casts each skill in the Skill Bar that currently meets its activation requirements once.
10960000200	@{1}.Drag skill icons to adjust their casting order during Auto-Battle.\n@{2}.The System prioritizes skills placed earlier in the order.\n@{3}.Tap a skill icon to enable or disable Auto-Cast for that skill.
10960000201	There are three Locate roles: Tank, DPS, and Healer.\nEach class can select @{1}~@{2} Locate roles and change them at any time. Classes with only one Locate role cannot select another.\n\nLocate roles are only displayed for party Members in certain multiplayer party dungeons and competitive party modes. The Party Leader can adjust the party based on each Member's selected Locate role. Parties that match a dungeon's recommended Locate-role composition are more likely to clear it.
10960000202	mode. \n@{2}.There is a Chance that an Adventurer's true identity will be revealed.\n@{3}.Tree Hollow Chat maintains strict moderation. Adventurers must not post inappropriate content.
10960000203	(No Translation Needed@{1}.Tap an item or select a filter to choose items for dismantling. \n@{2}.Tap it again or clear the filter to deselect it. \n@{3}.Certain Rare items are excluded from batch dismantling filters. \n@{4}.Dismantling cannot be undone. Carefully select the items you want to dismantle.
10960000204	(No Translation Needed@{1}.Select filters to define which items should be automatically dismantled. \n@{2}.After changing the conditions, tap Confirm to save your settings. \n@{3}.Once the conditions are set and Auto-Dismantle is enabled, items that match the filters will be automatically dismantled when they enter the Backpack.\n@{4}.Dismantling cannot be undone. Carefully review your Auto-Dismantle conditions.
10960000205	(No Translation NeededAdventurers can deploy up to @{1} pets at once. Pet deployment is restricted by type, and no more than @{2} pets of the same type may be deployed.\nAdventurers can assign up to @{3} support pets at once.\nWhen deployed or assigned as support, a pet grants the Adventurer a percentage of its base attributes.\nWhen deployed or assigned as support, the pet's Passive Skill attributes and Skill Upgrade attributes take effect and are granted to the player.\nWhen a pet is deployed in slot @{4}, the Adventurer can automatically cast that pet's Protector Skill in battle.
10960000206	(No Translation NeededWhen a pet with a Protector Skill is assigned to deployment slot @{1}, its Protector Skill takes effect.
10960000207	(No Translation NeededChance of obtaining a complete SP-rank pet: @{1}%\nChance of obtaining a complete S-rank pet: @{2}%\nChance of obtaining a complete A-rank pet: @{3}%\nChance of obtaining a complete B-rank pet: @{4}%
10960000208	@{1}.Phantom Realm can be ^{1}entered directly with a party or through matchmaking^{2}. At least @{2} Members are required to Enter Dungeon.\n@{3}.During matchmaking, the system prioritizes the Dungeon's Suggested roles that ^{3}the current party is missing^{4}. \n@{4}.Dungeon Challenges have ^{5}Unlimited attempts^{6}, but Adventurers with no Remaining Reward Counts receive no clear rewards, cannot participate in auctions, and cannot receive Auction Dividends.\n@{5}.After each Boss is unlocked, you receive ^{7}1 fixed First Clear Reward Count^{8}. First Clear Reward Counts are not reset by the weekly refresh.\n@{6}.Every Monday at @{7}:@{8}, ^{9}the Reward Count for the highest-Lv. unlocked Dungeon^{10} refreshes.\n@{9}.A Boss's Weekly Reward Counts ^{11}can accumulate for up to 2 weeks^{12}. First Clear Reward Counts do not count toward this cap.\n@{10}.Reward Counts accumulated from the previous Season's Dungeons are not Kept in a new Season.\n@{11}.An auction begins only if the party has ^{13}at least @{12} Members with Remaining Reward Counts^{14}. The more eligible Members there are, the more Auction Rewards the party earns. Members' First Clear Rewards and clear rewards are not affected.\n@{13}.After successfully Challenging a Hard Boss, if its Normal Difficulty has not yet been Cleared for the first time, you will directly Claim that Boss's Normal First Clear Rewards.
10960000209	@{1}. The Hidden Land unlocks at Lv. @{2}.\n@{3}. When challenging the Hidden Land, you will face ^{1}one randomly selected BOSS from a Hard dungeon^{2}.\n@{4}. Defeating ^{3}a BOSS that has not yet been cleared for the first time^{4} also grants that BOSS's First Clear and clear rewards.
10960000210	@{1}. The Realm of the Gods dungeon unlocks during the Season. A raid with ^{1}at least @{2} Members^{2} is required to enter.\n@{3}. When a new Season begins, First Clear records and speed-clear records from the previous Season's dungeon will not be Kept.\n@{4}. All Reward Counts accumulated during the previous Season will be cleared when the new Season begins.\n@{5}. The Realm of the Gods ^{3}dungeon has no challenge-attempt limit^{4}; only the Reward Count is limited. Adventurers without a Reward Count will not receive dungeon rewards after clearing it.\n@{6}. If too many ^{5}party Members have no Reward Count, the party's Auction Rewards will be reduced^{6}, but this will not affect Members' First Clear or personal rewards.
10960000211	@{1}. Each BOSS has one Initial Reward Count when unlocked. ^{1}The Initial Reward Count will not be cleared and is permanently Kept for the current Season.^{2}\n@{2}. ^{3}Reward Counts refresh every Monday at @{3}:@{4}^{4}, granting one for each BOSS.\n@{5}. Each BOSS's [Normal] and [Hard] difficulties share a shared Reward Count. However, ^{5}before [Hard] is unlocked, Reward Counts from [Normal] cannot be accumulated for use on [Hard].^{6}\n@{6}. Each BOSS's clear Reward Count is exclusive to the current difficulty and cannot be used for another difficulty. The shared Reward Count is shared between the current BOSS's [Normal] and [Hard] difficulties.\n@{7}. A Reward Count is consumed upon clearing to grant rewards. ^{7}The first time you clear a BOSS, you receive that BOSS's First Clear rewards.^{8}\n@{8}. Without a Reward Count, you cannot receive clear rewards, participate in auctions, or receive Auction Dividends.\n@{9}. Each BOSS's refreshed ^{9}Reward Counts can accumulate for up to two weeks^{10}. The BOSS's Initial Reward Count does not count toward this limit.
10960000212	@{1}.When an item listed in a raid auction is purchased, the Currency spent is distributed proportionally among the raid Members as Auction Dividends;\n@{2}.If an item listed in a raid auction receives no bids, it is randomly assigned to a raid Member;\n@{3}.If every Member taps Pass, the item can quickly go unsold;
10960000213	Mechanics information becomes available after the dungeon is unlocked.
10960000214	@{1}. If a BOSS has multiple Unlock Requirements, it will only unlock after all of them are met.\n@{2}. After a dungeon BOSS is unlocked, it receives one Initial Reward Count, and ^{1}its Reward Count will only increase at each refresh after it has been unlocked.^{2}\n@{3}. The party can Enter Dungeon only after every Member has unlocked that BOSS.
10960000215	@{1}. When the dungeon is cleared, whether party Members have a Reward Count for the current BOSS will affect the entire party's Auction Rewards.\n@{2}. First Clear rewards and personal rewards earned after clearing the dungeon are unaffected by other players' Reward Counts.\n@{3}. If ^{1}more than seven party Members have no Reward Count^{2}, the party ^{3}will receive no raid auction after clearing^{4}.
10960000216	@{1}. When any BOSS in the Final Trial is cleared, the game checks whether the challenge objectives were completed during that clear. Challenge objectives may be completed in any order.\n@{2}. ^{1}Each challenge objective can only be completed once^{2}. Complete an objective to claim its reward.\n@{3}. Trial Coins can be exchanged for items in the ^{3}[Trial Shop]^{4}.
10960000217	@{1}. After each BOSS is unlocked, you receive one ^{1}fixed First Clear Reward Count^{2}. ^{3}The First Clear Reward Count is not reset by the weekly reset.^{4}\n@{2}. Every Monday at @{3}:@{4}, the ^{5}highest-level unlocked dungeon^{6} has its Reward Count refreshed. ^{7}After the Hidden Land opens, only the Hidden Land's Reward Count will increase.^{8}\n@{5}. Dungeon challenges ^{9}have no attempt limit^{10}, but Adventurers without a Reward Count receive no rewards and cannot participate in auctions or receive Auction Dividends.\n@{6}. A Boss's weekly Reward Count ^{11}can accumulate for up to two weeks^{12}. The First Clear Reward Count does not count toward this limit.
10960000218	This battle consists of ^{1}seven stages^{2}. See the following tabs for detailed instructions on each stage.\nThe progress display has three states: the current stage is yellow, completed stages are green, and stages Yet to start are gray.
10960000219	After traveling aboard the airship, the players finally catch up with the fleeing Ilmata. To defeat Ilmata, they must first find a way onto the great beast's back...\n@{1}. ^{1}Use the airship's Heavy Cannon to make Almagia Weak.^{2}\n@{2}. While Almagia is Weak, use the Ballista to secure a rope to it, then ^{3}use Interaction with the rope to reach Almagia's back and explore.^{4}
10960000220	Weapon—Heavy Cannon:\nPlayers operating the Heavy Cannon can target and bombard parts of Almagia's body.\nSustained bombardment will make Almagia Weak.
10960000221	Weapon—Ballista:\nPlayers operating the Ballista must aim at parts of Almagia's body and Launch it.\nAfter successfully securing the rope, players can approach the Ballista and ^{1}use Interaction to teleport to Almagia's back.^{2}
10960000222	After using Interaction with the rope, the players reach Almagia's back and Discover Ilmata!\n@{1}. ^{1}The battle against Parasitic Divine Vessel Ilmata begins.^{2}\n@{2}. Once the battle begins, hordes of monsters appear in the sky. Some players must remain on the airship and ^{3}operate the Rapid-Fire Cannon to fight them.^{4}
10960000223	After using Interaction near the rope, the players reach Almagia's back and Discover Ilmata absorbing divine power to recover. Begin the battle!\n@{1}. ^{1}The battle against Parasitic Divine Vessel Ilmata begins.^{2}\n@{2}. Once the battle begins, hordes of monsters appear in the sky. Some players must remain on the airship and ^{3}operate the Rapid-Fire Cannon to fight them.^{4}
10960000224	After escaping, Nature God Ilmata transformed into its second divine body. It must absorb Almagia's energy to recover—destroy it before it fully recovers!!!
10960000225	Players operating the Rapid-Fire Cannon can aim at the Hollow Jellyfish in the sky and Launch attacks.\nHollow Jellyfish continuously deal area damage to Almagia's back. Eliminate them quickly to protect the players fighting Ilmata.
10960000226	Almagia has recovered its energy. ^{1}Players on its back must escape by sliding down its tail^{2}, then resume the battle when it becomes Weak again.
10960000227	After being dragged into Ilmata's dream, the players arrive in Almagia's midsection. ^{1}They must break through the obstacles ahead and escape the dream quickly^{2}.\nWhen the game begins, a Vessel Protector appears behind the players and ^{3}cannot be attacked^{4}. Approaching the Vessel Protector continuously deals massive damage.
10960000228	^{1}Weapon One—Heavy Cannon:^{2}\nPlayers operating the Heavy Cannon can target parts of Almagia's body and bombard them to ^{3}deplete its Weak gauge.^{4}\nSustained bombardment will make Almagia ^{5}Weak.^{6}\n^{7}Weapon Two—Ballista:^{8}\nPlayers operating the Ballista must aim at parts of Almagia's body and Launch it.\nAfter successfully securing the rope, players can approach the Ballista and ^{9}use Interaction to teleport to Almagia's back.^{10}\n^{11}Weapon Three—Rapid-Fire Cannon:^{12}\nPlayers operating the Rapid-Fire Cannon can ^{13}aim at Hollow Jellyfish in the sky and Launch attacks.^{14}\nHollow Jellyfish continuously deal area damage to Almagia's back. Eliminate them quickly to protect the players fighting Ilmata.
10960000229	Weapon—Heavy Cannon:\nPlayers operating the Heavy Cannon can target parts of Almagia's body and bombard them to ^{1}deplete its Weak gauge.^{2}\nSustained bombardment will make Almagia ^{3}Weak.^{4}
10960000230	Weapon-Rapid-Fire Cannon:\nPlayers operating the Rapid-Fire Cannon can aim at the Hollow Jellyfish in the sky and Launch.^{1}^{2}\nHollow Jellyfish continuously deal AoE damage to the rear area. Eliminate them quickly to keep players fighting Ilmata safe.
10960000231	This mode divides players into Escort and Raider factions:\nThe guild transporting the supplies is the Escort faction, while all other guilds are Raiders.\nSee the following tabs for more details.
10960000232	Go to the Quartermaster to pick up a supply cart\nEscort the supply cart to the Supply Officer to earn event points for the entire party
10960000233	Search the battlefield for supply carts\nClick a guild emblem in the sidebar, then right-click to travel to that guild's Quartermaster\nAttack a supply cart until its HP drops low enough, then pick up the Military Supplies it drops to earn event points
10960000234	During the event, participate in active content (MVP, Guild Recruitment, and Daily Activity Chests) for a chance to obtain Crystals. Collect a complete set of Crystals to open a Box of Memories (the chest on the event page) and claim bountiful rewards.\nA complete set of Crystals includes:\n@{1}. Crystal of Pain\n@{2}. Crystal of Joy\n@{3}. Crystal of Doubt\n@{4}. Crystal of Regret\n@{5}. Crystal of Vows\nCollect @{6} of each to create the chest. You can also obtain Crystals by requesting them from Alliance Members.\nOpen the “Box of Memories” multiple times to gradually unlock the progress reward, the ^{1}Box of the Future^{2}, which contains rare resources for the next Season.
10960000235	When the Season's official phase ends, Season Settlement rewards will be distributed to all players. The Season Settlement System grants substantial rewards based on each player's and Guild's performance across various activities throughout the Season. The better a player performs during the Season, the greater the rewards they will receive.\n\n^{1}Settlement Time^{2}:\nSeason Settlement takes place when the final @{1} phases of the current Season begin. All Season Settlement rewards will be distributed after this point.\n\n^{3}Settlement Categories^{4}:\nSeason Settlement is divided into two main categories: Territory War Settlement and Spacetime Epic Settlement. Each category covers different content and offers different types of rewards.\n\n^{5}Territory War Settlement^{6}:\nTerritory War Settlement rewards are based on each Guild's and player's performance in Territory War. Players who achieve outstanding results in Territory War will not only receive substantial rewards, but also become eligible to purchase limited-time items for the new Season from the Season Shop.\n\n^{7}Spacetime Epic Settlement^{8}:\nSpacetime Epic features multiple Epic Quests spanning various types of Season content. Completing Spacetime Epic grants generous rewards as well as the highly collectible Spacetime Emblem.
10960000236	At Season Settlement, rewards will be determined based on each guild's and player's performance in the Territory War.\nTerritory War Settlement consists of @{1} parts: Territory Points Leaderboard Settlement, Royal City Settlement, and Realm Merit Settlement.\n\n^{1}Territory Points Leaderboard Settlement^{2}:\nAt Season Settlement, a guild's ranking on the Territory Points Leaderboard determines whether its Guild Members are eligible for Throne Rewards.\nThrone Rewards are the most prestigious rewards of the entire Season. They are distributed through a quota system according to the following rules:\n@{2}. The top @{3} guilds on the Points Leaderboard receive @{4}, @{5}, and @{6} Throne slots, respectively.\n@{7}. A guild occupying the Royal City at Settlement receives @{8} Throne slots; a guild occupying County Cities receives @{9}*the number of County Cities occupied Throne slots.\n@{10}. A guild's Throne slots are automatically awarded to Guild Members in descending order of their Royal War Prestige ranking within the guild.\n@{11}. All officers of the top @{12} guilds on the Points Leaderboard automatically receive Throne Rewards without using their guild's Throne slots;\nPlayers who do not receive Throne Rewards will receive Laurel Rewards instead. The higher their guild ranks, the greater their Laurel Rewards will be.\n\n^{3}Royal City Settlement^{4}:\nThe guild occupying the Royal City at Settlement will receive an Extra honor: Realm Starlight.\n\n^{5}Realm Merit Settlement^{6}:\nAt Season Settlement, Realm Merit Leaderboard rewards will be calculated. All eligible ranked players will receive rewards based on their placement.
10960000237	Each Season includes a series of “Chronicle of Time and Space” quests. Players' completion status will be checked at the time of Season Settlement.\nYou will receive the corresponding reward for every @{1} Chronicle of Time and Space quest completed. Some quests reward the Season-exclusive collectible “Space-Time Emblem,” which can be viewed under “Personal Space - Emblem Wall.”\nAny Chronicle of Time and Space quests left incomplete after the Settlement deadline can no longer be completed.\nWhen the Season ends, the System will automatically send any unclaimed Chronicle of Time and Space rewards by mail.
10960000238	This event centers on Territory War and consists of two main parts:\n@{1}. Guild Quests: Rewards\nDuring the event, guilds can participate in Territory War and complete point-based quests, allowing each Guild Member to earn the corresponding rewards.\n@{2}. Guild Total Points Ranking Rewards\nDuring the event, the System will rank guilds across the Entire Server based on the Total Points accumulated by their members in Territory War. After the event ends, the highest-ranking guilds will receive tier-based rewards that all alliance members can claim. These rewards will provide vital resources and strategic advantages in future Territory Wars.
10960000239	Participate in the Spirit Tower during the event to earn ranking rewards at Settlement. The higher your rank, the better the rewards!\n@{1}. Players who reach higher Floors will rank higher.\n@{2}. Players who complete the same number of Floors will be ranked by completion time, with faster players ranking higher.
10960000240	During the event, challenge Ilmatar, God of Nature on Desperate difficulty. Rankings are based on the shortest clear time for each stage.\n@{1}. You may participate multiple times during the event. The rankings will update based on your best result.\n@{2}. Each stage can be challenged repeatedly. Your total clear time will be updated based on your best time for each stage.\n@{3}. At event Settlement, each guild Member will receive event rewards.\n@{4}. Rewards will be distributed according to the final rankings when the event ends. The higher your rank, the better the rewards!
10960000241	During the event, clear the Realm of Gods on Normal difficulty without using the Praiser Priest's Revive skill to complete the challenge successfully.\n@{1}. Rankings will be based on your actual clear time.\n @{2}. Using the Praiser Priest's Revive skill will result in challenge failure, and the result will not count toward the event.\n @{3}. You may Repeat the challenge after clearing it. Only your best result will appear on the leaderboard.\n @{4}. Rewards will be distributed after the event ends. The higher your ranking, the better the rewards!
10960000242	Log in for a total of @{1} days during the event to unlock all check-in rewards! Remember to claim them manually each day. The grand prize awaits you on the final day!
10960000243	Develop Echoes during the event and complete Event Quests to earn rewards!
10960000244	During the event, guilds compete based on their total accumulated Contribution. Spending Contribution will not reduce this total. Each Member must reach the base Contribution requirement to claim rewards. If you switch guilds during the event, your base Contribution will be recalculated from zero.
10960000245	Take part in all kinds of exciting events and Claim fantastic Grand Prizes!
10960000246	Can be obtained from Daily Activity Chests.
10960000247	City Defense decreases every minute based on the intensity of the monster invasion. Defeat monsters to restore City Defense. If City Defense falls to @{1}, the city will be overrun.
10960000248	Complete missions during the event to earn even more rewards!
10960000249	Conqueror slots within the guild will be automatically assigned based on the Guild Merit Rankings;\nOfficers of the top three guilds in the Territory War Points Rankings will automatically receive Conqueror rewards without using a Conqueror slot.
10960000250	^{1}Season Theme^{2}\nA mysterious rift has suddenly appeared above Midgard, leading to another realm—the “Eternal Land.” This otherworld is slowly descending, devouring reality as its boundaries crumble and chaos spreads.\nSlumbering within the Eternal Land is Irmata, the Goddess of Creation. Born from the primordial chaos remaining within Yggdrasil, she is the embodiment of the will that existed at the Initial dawn of creation. In ancient times, Odin sealed her here as a “backup of nature”—the last hope for rebuilding the Nine Realms after Ragnarok.\nNow, the seal is weakening, and an ancient power is about to reawaken. The flames of destiny have been kindled. A new era's epic begins with you.\n\n^{3}Season Duration^{4}\nEach Season lasts for an extended period, approximately @{1} to @{2} weeks. After a Season ends, there will be a brief “Off-Season” to prepare for the next Season.\nStarting from Season @{3}, all Season content will be played alongside players from other servers.\n\n^{5}Season Phases^{6}\nEach Season is divided into multiple phases. As the phases progress, a wide variety of Season events will become available in sequence, offering generous rewards.\nTerritory War will also gradually Expand, unlocking Outpost Battles, County Battles, and Royal City Battles in sequence as the conflict intensifies.\n\n^{7}Season Events^{8}\nEach Season offers a wide variety of events with different formats and generous rewards. Season events usually become available when a new phase begins. Take part and earn bountiful rewards!\n\n^{9}Season Settlement^{10}\nAfter the Season ends, a comprehensive Settlement will be conducted in two parts:\nTerritory War Settlement: Guilds will be evaluated and rewarded based on their performance in Territory War.\nSeason Trophy Settlement: Rewards will be settled and distributed based on each player's overall activity and Trophies throughout the Season.\n\n^{11}Season Reset^{12}\nWhen a new Season begins, some System content will be reset to provide fresh challenges and experiences.
10960000251	@{1}. Season Rank activities include Dungeons, Guilds, Territory War, Battle Royale, Treasure Hunting, and Secondary Professions.\n@{2}. Each activity awards its own points, which increase the corresponding rank and earn you rewards.\n@{3}. Rewards for each rank can be claimed up to @{4} times, so you can freely choose the activities you enjoy.\n@{5}. Season Ranks reset when a new Season begins, and new ranked activities may be added. Stay tuned.
10960000252	The first guild to reach @{1} Guild Points wins. If both guilds have @{2} points, or if the scores are tied when the match ends, the guild with more total player defeats on the Main Battlefield wins. The following actions on the Main Battlefield grant Guild Points:\nDefeat a player: @{3} points/player\nCapture a point: @{4} points/capture\nHold a capture point: @{5} points/@{6} sec.\nSuccessfully deliver a flag: @{7} points/delivery
10960000253	Personal Points are used for rankings during Report Settlement. The following actions grant Personal Points on the battlefield:\nDefeat a player: @{1} Points/player\nAssist an ally: @{2} Points/time\nRevive an ally: @{3} Points/player\nFlag Captured (Main Battlefield): @{4} Points/time\nFlag Delivered Successfully (Main Battlefield): @{5} Points/time\nCapture a Stronghold (Main Battlefield): @{6} Points/time\nMaintain control (Main Battlefield): @{7} Points/@{8} seconds\nDefeat a Guard (Sub-Battlefield): @{9} Points each (Final Blow), @{10} Points each (Participation)\nDefeat a Commander (Sub-Battlefield): @{11} Points each (Final Blow), @{12} Points each (Participation)\nDefeat a Boss (Sub-Battlefield): @{13} Points each (Final Blow), @{14} Points each (Participation)
10960000254	Battlefield Rating reflects individual performance during a match and is divided into seven tiers: D, C, B, A, S, SS, and SSS. Actions that benefit your guild and teammates increase your Rating and tier.
10960000255	The League has eight tiers: Ragnarok, Diamond, Jade, Platinum, Gold, Silver, Bronze, and Black Iron. At the start of each tournament, the System assigns tiers based on each guild's group ranking from the previous tournament. Higher-ranked guilds are promoted, while lower-ranked guilds are demoted. Guilds in the same tier are then divided into groups and randomly matched within their group for the preliminary round.
10960000256	At the start of each tournament, all guilds will be automatically registered at @{1}:@{2} on Monday. The System will then assign each guild to a division and match based on its group ranking from the previous tournament. (For the first tournament of each Season, divisions will be determined by the Combat Power of each guild's Members.) Each guild will compete in three matches: the preliminaries, semifinals, and finals. After the finals, the System will determine the group rankings based on the results of all three matches.
10960000257	Each guild may send up to @{1} Members into the Main Battlefield, and only Elite Members may Enter. The Main Battlefield has 3 capture points: Fire, Mountain, and Water. Capturing and maintaining control of these points grants Guild Points. Control is determined by which guild has more Members at the point. After a point is captured, it is Fortified for @{2} seconds and cannot change hands. Once the Battle begins, a Boss appears in the courtyard every @{3} minutes. The player who lands the Final Blow on the Boss receives a flag. Delivering the flag to a point controlled by your guild grants Guild Points.
10960000258	There is no limit to the number of players who may Enter the Sub-Battlefield. All Members except Temporary Members may participate. Once the Battle begins, large numbers of Guards appear immediately. After @{1} minutes, more Guards and @{2} Commanders appear. After @{3} minutes, a Boss appears. Defeating Guards, Commanders, and the Boss grants Morale. Defeating Commanders and the Boss increases the Uses of Commander skills in the Main Battlefield.
10960000259	The first guild to reach @{1} Guild Points on the Main Battlefield wins. If both guilds have @{2} Points, or if their Points are tied when the match ends, the guild with more total player Defeats on the Main Battlefield wins. The following actions grant Guild Points on the Main Battlefield:\nDefeat a player: @{3} Points/player\nCapture a Stronghold: @{4} Points/time\nMaintain control: @{5} Points/@{6} seconds\nFlag Delivered Successfully: @{7} Points/time
10960000260	When Morale reaches @{1}/@{2}/@{3}, all Members on the Main Battlefield and Sub-Battlefield gain @{4}%/@{5}%/@{6}% DMG Reduction. The following actions grant Morale on the Sub-Battlefield:\nDefeat a player: @{7} Morale/player\nDefeat a Guard: @{8} Morale each\nDefeat a Commander: @{9} Morale each\nDefeat a Boss: @{10} Morale each
10960000261	Defeating Commanders and Bosses on the Sub-Battlefield grants powerful Commander skills with shared limited Uses to the Guild Master and Commanders on the Main Battlefield.
10960000262	After the match, a guild with at least @{1} Guild Points and @{2} participants will receive Auction Rewards and Auction Dividends. Players with at least @{3} Personal Points will receive individual Participation Rewards.
10960000263	@{1}.Each day after @{2}:00, the Guild Caravan will place orders with Adventurers for the day's required goods. Adventurers can craft them or purchase them through Trade or from a Stall.\n@{3}.After loading their goods, Adventurers will receive personal rewards based on the value of the goods.\n@{4}.After loading all @{5} goods for the day, Adventurers can dispatch the caravan and receive generous rewards.\n@{6}.Dispatching the caravan after loading @{7}/@{8}/@{9} goods will grant even more Additional rewards.
10960000264	@{1}.Players can use Get Help to request cargo assistance from fellow guild members.\n@{2}.Guild members who help load cargo can earn rewards, so lend your friends a hand!\n@{3}.The number of times you can use Get Help or help others each day is limited, so plan wisely.
10960000265	@{1}.During the first round each day, we'll supply the Royal Caravan. It only comes once, but loading its cargo grants the greatest rewards, so be sure to load as much as you can!
10960000266	@{1}.Starting with the second round each day, we'll supply the Traveling Caravan. It will return several times and offers generous rewards for loading goods, so load as much as you can.
10960000267	Cosmetic Draw Instructions (TBD)
10960000268	Heaven's Bounty Stone ×@{1} Chance: @{2}%\nHeaven's Bounty Stone ×@{3} Chance: @{4}%\nBlue Pet Shard Chance: @{5}%
10960000269	@{1}.Trade Records Keep the @{2} most recent purchase and sale records.\n@{3}.Purchase records show the Shop Item Name, amount spent, order number, and Trade time.\n@{4}.Sale records show the Shop Item Name, net earnings, transaction fee, and Trade time.\n@{5}.When an item is sold, the System charges a percentage of the total price as a transaction fee.
10960000270	The Guild Black Market is a resource Trade platform between guilds. Guild Management can use Guild Funds to purchase war supplies listed by other guilds.\n@{1}.Guild Management can list guild war supplies for sale at a stall by setting the unit price and quantity.\n@{2}.The unit price can only be adjusted within a certain range based on the recent average Trade price and cannot be entered freely.\n@{3}.The Black Market displays all resources listed for sale by every guild. Resources with the same unit price are grouped together.\n@{4}.When a purchase is made, the System automatically matches sellers based on listing time. When an item is sold, a percentage of the total price is charged as a transaction fee.\n@{5}.Only a Member with Guild Management permissions can use the Black Market.
10960000271	The Trade fee is charged by the Black Market as a percentage of the sale proceeds. You can view your actual earnings in the sales history.
10960000272	@{1}. Auto Bid can be configured during the preparation phase and will automatically place bids once the auction begins.\n@{2}. After each failed qualification attempt, the bid will automatically Increase Bid based on the fixed tier multiplier until it exceeds the threshold price.\n@{3}. If none of the tiers exceed the threshold price, Auto Bid will stop and send a Notification to the Guild.\n@{4}. Bid Style determines the delay before each automatic bid.
10960000273	The System will automatically use Increase Bid in fixed increments (@{1}%, @{2}%, @{3}%, @{4}%, @{5}%, and @{6}%). Once all bids are used, it will stop bidding.
10960000274	During the event, participate in specific activities for a Chance to obtain Crystals. Crystals can be obtained from the following activities:\n@{1}. Daily MVP participation rewards\n@{2}. Rewards for making a total of @{3}, @{4}, @{5}, or @{6} Guild Supply submissions\n@{7}. Final Daily Activity Chest reward\nCollect a complete set of Crystals to open the Memory Coffer—the chest on the event page—and claim generous rewards. You can also request Crystals from Guild Members. Open the Memory Coffer multiple times to gradually unlock the progress reward, ^{1}Coffer of the Future^{2}, which contains rare resources for the next Season.
10960000275	During the event, complete Activity Missions to obtain Treasure Maps, then use them to hunt for treasure. There are two types of Treasure Maps: Normal Treasure Maps and Rare Treasure Maps.\n@{1}. Using a Normal Treasure Map may grant rewards (including Treasure Map Fragments), trigger an Elite Monster encounter, summon a powerful Boss, or result in a failed treasure hunt.\n@{2}. Successfully hunting for treasure with a Rare Treasure Map will grant valuable rewards with consistently high prize values.\nRare Treasure Maps can be crafted from Treasure Map Fragments. Treasure Map Fragments can be obtained while hunting for treasure with Normal Treasure Maps or purchased through Trade.\nDuring the event, we recommend prioritizing Activity Missions on the Event Gameplay screen. Completing these missions grants a certain number of Normal Treasure Maps and is one of the main ways to obtain Treasure Map Fragments.\nAdditionally, hunting for treasure with Normal or Rare Treasure Maps has a Chance to grant a Lost Traveler's Journal. Follow the Clues in the journal to search the map for the destination, where you may find an Extra surprise reward.
10960000276	This quest can only be completed in the ^{1} ${1}^{2} scenario.\nThe quest will be automatically removed when the Season ends.
10960000277	The full Territory War cycle lasts one Season and includes the War Map, Stronghold Battles, Supply Transport, and Siege Battles.\nThe War Map is a standard open-world mode that can be entered at any time, while the other modes have specific unlock requirements and follow a set sequence.\nEach Season consists of multiple rounds, with modes opening in the following order during each round: Stronghold Battle → Supply Transport → Regional Capital Siege → Royal Capital Siege
10960000278	Guilds eligible to bid may freely place bids during this phase.\n(However, due to bidding list restrictions, each guild may only bid on one map.)
10960000279	Auction Eligibility:\nGuilds with ≥ n members may participate in the Stronghold War qualification auction. Guilds that do not meet this requirement may not participate.\n\nAuction Cost:\nGuild Supplies are consumed to bid for the right to participate in Stronghold War.\n\nAuction Permissions:\nOnly certain guild ranks have permission to perform auction-related actions.\n\nAuction Rules:\nThe corresponding amount of Guild Supplies will be deducted when a bid is successfully placed.\nOnce a guild places a bid, it cannot withdraw or lower the bid. Bids may only be raised manually.
10960000280	During this phase, guilds that are outbid and drop off the rankings may select Increase Bid for this map again within @{1} minutes. Once time expires, they will forfeit and can no longer bid.
10960000281	In the previous auction, your guild did not rank among the top @{1}, so it is not eligible to participate in this Stronghold War.
10960000282	In the previous auction, your guild finished in the top @{1}, successfully qualifying for this Stronghold War
10960000283	Trade Screen Description
10960000284	Trade Yet to start description
10960000285	Trade Started Description
10960000286	Gameplay Description—Yet to start
10960000287	Gameplay Started Description
10960000288	Participation Reward Distribution Rules:\nIndividual Rewards: Players who earn n points in the Stronghold Battle become eligible to claim rewards.\nAuction Rewards: If a guild is eligible to participate in the Stronghold Battle and at least @{2} of its players earn @{1} points, the guild becomes eligible for Guild Auction rewards. The rewards will be listed in the Guild Auction after the event ends.\n\nStronghold Occupation Reward Distribution Rules:\nIndividual Rewards: Players who earn @{3} points in the Stronghold Battle become eligible to claim rewards if their guild occupies a stronghold on the battlefield when the event ends.\nAuction Rewards: If a guild is eligible to participate in the Stronghold Battle and occupies a stronghold on the battlefield when the event ends, the guild becomes eligible for Guild Auction rewards. The rewards will be listed in the Guild Auction after the event ends.
10960000289	Battle Merit Details
10960000290	Stronghold Contest Phases:\nThe Stronghold Contest cycles through the following phases: Bidding → Preparation → In Progress → Ended.\nAt the end of the Season, the off-season begins. The contest will resume when the next Season starts.\n\nBidding:\nDuring this phase, Guild Leaders must spend Guild Supplies to place bids and qualify for the Stronghold Contest.\nFor each prefecture within the same realm, only the top @{1} bidding guilds can participate in the Stronghold Contest.\n\nPreparation:\nDuring this phase, the bidding results and attack information are displayed so qualifying guilds can discuss their strategies.\n\nIn Progress:\nThe Stronghold Contest officially begins. Keep the information displayed during the Preparation phase and provide qualifying guilds with an entrance to the event.\n\nEnded:\nThe results of the current Stronghold Contest are displayed. Tap Battle Record in the lower-right corner for more details on the battle's offense and defense.\nWhen this phase ends, a new Stronghold Contest cycle begins with the Bidding phase.
10960000291	Stronghold Contest Phases:\n\nBattle Prep Phase: During this phase, attacks are prohibited. Players may move within the permitted area to gather information, discuss tactics, and coordinate battle plans.\n\nBattle Phase: During this phase, players may attack members of an opposing Faction. Capture the stronghold's banner and successfully defend it to occupy the stronghold.
10960000292	Victory in the Stronghold Assault!\nStronghold Phase\n@{1}.Assault Preparation Phase:\nDuring this phase, players from opposing Factions cannot attack each other. Attackers may move outside the stronghold area, while defenders may move freely throughout the entire area. Use this time to gather intelligence, coordinate tactics, and prepare for battle.\n@{2}.Stronghold Assault Phase:\nEach stronghold has a banner that attackers can damage. The Guild of the player who deals the final blow temporarily takes control of the stronghold. If the stronghold is not captured again within a certain period, it will be locked, and that Guild will retain control of it for the rest of the battle.
10960000293	\n● Players with artillery access can deploy cannons to attack\n● Press and hold the Fire button to reduce the shell's impact area (except for Flying Crows)\n● Ammunition is limited, so use it wisely.
10960000294	\n● Players with vehicle access can operate a Madogear Pilot at the workshop\n● The Madogear Pilot has a recovery Orbit that restores Life to nearby allies\n● The Madogear Pilot is extremely powerful and can help your side push the front line.
10960000295	Victory in the Stronghold Defense
10960000296	Placeholder text placeholder text
10960000297	This is the system's Suggested route. You may freely choose another route based on the Battle conditions. Good luck!
10960000298	In some game modes and maps, HP bar display rules take priority over these settings
10960000299	Includes information such as player name, Guild name, Guild emblem, and Trophy
10960000300	Life Skills include professions such as ^{1}【Miner】, 【Gardener】, and 【Chef】^{2}. You may learn any two of them.\nGathering or crafting with a Life Skill consumes ^{3}Vigor^{4} and grants profession EXP used to increase your profession level.\nOnce your profession Level Increased, more profession abilities Can be unlocked, including gathering higher-level resources and preparing higher-level recipes.
10960000301	While Cooking, there is a Chance to trigger ^{1}Flash of Inspiration^{2} and obtain a higher-rarity ^{3}Rare item^{4}
10960000302	Cooking success is affected by several factors. Higher-quality dishes have lower success rates. If cooking fails, you will receive one ^{1}Yor's Kitchen Creation.^{2}\nBase Success Rate: ^{3}Green-@{1}%^{4}, ^{5}Blue-@{2}%^{6}, ^{7}Purple-@{3}%^{8}, ^{9}Orange-@{4}%^{10}\nChef title skills also affect cooking success rates.
10960000303	Engraving is a reward for players who own premium appearances
10960000304	Assist to earn Additional rewards
10960000305	Explore the region associated with the Movement and use Interaction on objects marked with a musical note to obtain ^{1}Lost Notes^{2}.\nWhile the event is active, Lost Notes may also drop randomly from ^{3}AFK monster hunting^{4} and ^{5}Life Skill gathering^{6}. You can obtain up to @{1} per day.
10960000306	On the Movement Details screen, drag ^{1}Lost Notes^{2} into the corresponding empty spaces. Completing a measure will unlock its ^{3}Story Quest^{4}.\n Completing ^{5}Story Quests^{6} also increases Movement completion progress.
10960000307	Once Movement completion reaches @{1}%, you can claim the ^{1}Movement Reward^{2} from the event's main screen.
10960000308	Novice Handbook Event Rules
10960000309	Beginner Challenge Event Rules
10960000310	Beginner Challenge Reversi Rules
10960000311	The objective is shown in the upper-left corner of the screen. Place the required number of goods on the field to clear the stage.
10960000312	Notes: Look for the Blue circular or Green diamond-shaped Design Below each cargo icon. These are placement points on the bottom of the cargo. Blue circular placement points also appear on the carpet.
10960000313	Cargo must be placed Above a carpet placement point. The Color and Design of the cargo's placement point must match those of the carpet's placement point.
10960000314	Once cargo is placed successfully, a new placement point will appear Above it, allowing Other cargo to be stacked on top.
10960000315	Hold down the Mouse Button and drag cargo onto the carpet, or Tap the cargo icon for quick placement.
10960000316	"If placement becomes Hard, Tap the ""Hint"" Button to view the correct cargo arrangement. You can also Tap ""Misc Guide"" to review the Rules."
10960000317	The continent of Midgard is divided into several ^{1}regions^{2}, each containing multiple ^{3}field maps^{4} and ^{5}caves^{6}.\nAfter meeting a region's hunt requirements, go to the corresponding map or cave and Kill ^{7}any monster^{8} for a Chance to obtain Extra ^{9}【Points】^{10} and ^{11}【Expedition Medals】^{12}.\nWhen a map's ^{13}【Points】^{14} reach certain amounts, you can claim map hunt rewards. When the total ^{15}【Points】^{16} accumulated across all maps in a region reaches certain milestones, you can claim milestone chests.\nEach map and region has its own ^{17}Point Limit^{18}. After reaching the limit, defeating monsters in that region will no longer grant ^{19}【Points】^{20} or ^{21}【Expedition Medals】^{22}.\nThe ^{23}【Expedition Medals】^{24} obtained by hunting monsters can be exchanged for valuable rewards in the Shop.
10960000318	Only experts can purchase the Monthly Pass
10960000319	@{1}.Tap the Challenge button to begin the Dummy Challenge.\n@{2}.The Challenge has a time limit of @{3} seconds. When the Countdown ends, your Total DMG and Damage per Second during the Challenge will be calculated. Reach the required Damage per Second to earn the corresponding rewards.\n@{4}.Dummy Challenge results will be displayed in the Ranking, which includes an overall Ranking and separate class Rankings.
10960000320	Set the Dummy's Race, Size, and element
10960000321	Defeating the corresponding monsters on the following maps will count:\n@{1}.【Prontera Underground Culvert Floor @{2}】\n@{3}.【Prontera Underground Culvert Floor @{4}】
10960000322	Defeating the corresponding monsters on the following maps will count:\n@{1}.【Geffen Tower Underground Crypt Floor @{2}】\n@{3}.【Geffen Tower Underground Crypt Floor @{4}】\n@{5}.【Geffen Tower Underground Crypt Floor @{6}】
10960000323	Defeating the corresponding monsters on the following maps will count:\n@{1}.【Payon Cave】\n@{2}.【Abandoned Village】
10960000324	Defeating the corresponding monsters on the following maps will count:\n@{1}.【Pyramid Maze Floor @{2}】\n@{3}.【Pyramid Maze Floor @{4}】\n@{5}.【Pyramid Maze Floor @{6}】
10960000325	Defeating the corresponding monsters on the following maps will count:\n@{1}.【Sphinx Crypt Floor @{2}】\n@{3}.【Sphinx Crypt Floor @{4}】
10960000326	Defeating the corresponding monsters on the following maps will count:\n@{1}.【Undersea Tunnel Floor @{2}】\n@{3}.【Undersea Tunnel Floor @{4}】\n@{5}.【Undersea Tunnel Floor @{6}】\n@{7}.【Undersea Tunnel Floor @{8}】
10960000327	Defeating the corresponding monsters on the following maps will count:\n@{1}.【Shipwreck Labyrinth Floor @{2}】\n@{3}.【Shipwreck Labyrinth Floor @{4}】
10960000328	The Eden Group has special Clues that Adventurers can follow to experience unusual events and help the Eden Group collect the mysterious treasures they produce. You will also receive a share as a reward.\nRules:\n@{1}.All rewards reset ^{1}every Monday at @{2}:@{3}^{2}. Each chest has a claim limit per cycle\n@{4}.The activities in the Commendation Vault rotate weekly. All activities ^{3}share the Reward Count for Standard Reward Chests^{4}\n@{5}.Each activity in the Commendation Vault also offers its own unique Rare rewards
10960000329	Appearance Times: Every Monday, Wednesday, Friday, and Sunday at ^{1}@{1}:@{2}, @{3}:@{4}, @{5}:@{6}, @{7}:@{8}, @{9}:@{10}, and @{11}:@{12}^{2}.\nRules:\n@{13}.A party of ^{3}≥@{14} Members^{4} is required. Each Rift can hold only one party at a time. It disappears when defeated and remains for up to @{15} minutes.\n@{16}.If every Member leaves the instance or dies before the battle ends, the challenge fails. The instance cannot be challenged again for ^{5}@{17} minutes^{6}.\n@{18}.Each player can receive a Rift's Additional rewards up to ^{7}@{19} times^{8} per day. Higher-star Rifts are more difficult.\n@{20}.Rifts may appear randomly on any map. When one opens, a System Notification will be issued for the map where it appeared. After entering the map, players can see how many Rifts remain, but must explore to find their exact locations.\n@{21}.^{9}@{22}-Star^{10} Rifts have a Chance to grant a special commendation from the Eden Group. Challenge higher difficulties first if your party is able
10960000330	● Guild Member Material Donations increase the Guild's Battle Readiness level\n● Increasing the Guild's Battle Readiness level greatly boosts every Member's combat power during City Defense
10960000331	Guild Members gain ^{1}@{1}%^{2} combat power during City Defense
10960000332	Like records are Kept for only @{1} months
10960000333	Talent Upgrade increases the character's relevant stats and allows you to select Job Talents.
10960000334	Once all prerequisite Talents reach Max level, pay the Material Cost: to allocate points to the current Talent.
10960000335	Once Talent Tree ${1} is Activated, you can select class talents.\nDifferent effects provide different Battle experiences.\nSelecting class talents costs nothing, and they can be Replaced at any time.
10960000336	Once Talent Tree ${1} is Activated, you can allocate points to Battle Pledge talents.
10960000337	RO Pass Information Text
10960000338	Purchase RO Pass Information Text
10960000339	Gift RO Pass to a Friend Information Text
10960000340	@{1}.Once the character reaches the required Base Lv. and Job Lv., you can complete the Job Advance quest from this screen to perform a Job Advance.\n@{2}.Use the Job descriptions and preview videos on this screen to learn about each Job's features.\n@{3}.Job Advance cannot be reversed.
10960000341	Test the limits of your damage output in the Training Ground's Extreme Challenge! Reach the required Damage per Second to Claim Clearing Rewards.
10960000342	● ^{1}Battle of Dragon Coffin Island^{2} is an @{1}V@{2} multiplayer mode.\n \n● ^{3}In Battle of Dragon Coffin Island,^{4} you can Score by ^{5}picking up Dragonblood Crystals, participating in kills, attacking the Boss,^{6} and ^{7}killing Enemy Team players carrying the Demonic Dragon Soul.^{8}\n \n● When the Countdown at the top of the screen ends, the Faction with the higher Score wins.
10960000343	● ^{1}Dragonblood Crystals^{2} appear at fixed times in various Locations throughout the battlefield.\n \n● Pick up ^{3}Dragonblood Crystals^{4} to gain various Battle Buffs and Score.
10960000344	● ^{1}The Demonic Dragon Soul^{2} will appear at a random Location after the match has been underway for a while. Contact it to carry the ^{3}Demonic Dragon Soul.^{4}\n \n● ^{5}The Demonic Dragon Soul^{6} is a powerful Buff that increases the carrier's damage dealt by @{1}%, but the damage they take also increases over time.\n \n● Kill an Enemy Team player carrying the ^{7}Demonic Dragon Soul^{8} to earn Extra Score. The ^{9}Demonic Dragon Soul^{10} will then transfer to the killer.
10960000345	● ^{1}Fafnir^{2} is a powerful Boss that dwells on Dragon Coffin Island. It appears at a fixed time after the match begins.\n \n● Landing the First Strike or Final Blow on ^{3}Fafnir^{4} grants Extra Score.\n \n● Players also Score each time they deal a certain amount of damage to ^{5}Fafnir.^{6}
10960000346	【Quick Cast】PC Mode only. Press the button to cast the skill immediately at the mouse cursor;\n【Standard Cast】PC Mode only. Press the button to display an indicator that follows the mouse cursor, then click the left mouse button again to cast;\n【Smart Cast】Press the skill to cast it on the Selected Target without using the mouse.
10960000347	【No Chase】Disables chase behavior for this type of skill;\n【Chase】Enables chase behavior for this type of skill and follows its configured chase rules.
10960000348	【Self Position】Casts at your feet;\n【Farthest Point Toward Nearest Unit】Casts at maximum range in the direction of the nearest unit;\n【Farthest Point Ahead】Casts at maximum range in the direction you are facing.
10960000349	【Hard Lock】Once you select a target, you will chase that target. Recommended for players confident in their controls who want complete control over their attack target;\n【Semi-Soft Lock】Switches targets when the current target exceeds a certain range, which can be adjusted under 【Chase Distance】. Recommended for players who know their Job well and have a strong sense of Distance;\n【Full Soft Lock】Only attacks targets within attack range. Recommended for players who want to cast skills quickly and efficiently.
10960000350	Chase Distance=Cast skill range+player-set Distance
10960000351	【Nearest】Prioritizes nearby targets. Recommended for close-range Jobs that fight on the front line;\n【Low HP】Prioritizes targets with low HP. Recommended for players looking to secure more kills;\n【Smart DPS】The System selects the optimal target. Recommended for players who prefer automatic target selection;\n【Smart Healing】Selects only party Members as targets. Recommended for players using healing Jobs.
10960000352	【All Nearby Targets】Press Tab to cycle through all visible characters;\n【Nearby High-Priority Players】Press Tab to select only the character with the highest current priority.
10960000353	Adventure Party Function Information
10960000354	Message Crane Information
10960000355	Bond Points Information
10960000356	Adventure Party Level Reward Information
10960000357	@{1}.Participating in Battle of Dragon Coffin Island grants rank points. Your rank will automatically Level-up when your points reach the cap.\n@{2}.There are @{3} ranks in total: Trainee, Rookie, Warrior, Elite, Moonlit Challenger, Overlord, and Legendary Survivor. To become a Legendary Survivor, you must rank among the top @{4} on the Entire Server and have at least @{5} points in Overlord.\n@{6}.You cannot be demoted from Trainee. At Rookie and Above, you can lose minor ranks. At Overlord and Above, you can lose major ranks.\n@{7}.Auto Mode and Other inactive behavior during a match will be penalized. Penalties Apply directly to your rank points, so please participate actively.
10960000358	@{1}.This is an @{2}VS@{3} Faction Battle mode.\n@{4}.After you Enter Battlefield, there will be a @{5}-second Ready period.\n@{6}.When the Battle phase Countdown ends, the Faction with the higher Total Points wins.\n@{7}.Inactive behavior during a match will be penalized. Please participate actively!
10960000359	Details Details Details
10960000360	@{1}.Victory Conditions\nThe first Faction to reach @{2} Faction points wins. If neither does, the Faction with the most points when time expires wins.\n@{3}.Faction Scoring Rules\nScore by killing Players, damaging the Boss, reducing the Boss to @{4}% HP, killing the Boss, or killing minor monsters.\n@{5}.Battlefield Skill\nBattlefield Skills periodically appear nearby. Pick them up to gain powerful skills.\n@{6}.Sudden Death Phase\nSudden Death begins during the final minute. All Score is doubled, and Revive is Accelerated.
10960000361	@{1}. Registration Phase\nWhen the event begins, you have 5 minutes to register. After registering, you will Enter the registration Location. When registration ends, players still in the registration Location will Wait briefly for matchmaking.\n@{2}.Victory Conditions\nThe first Faction to reach @{3} Faction points wins. If neither does, the Faction with the most points when time expires wins.\n@{4}.Faction Scoring Rules\nScore by killing Players, damaging the Boss, reducing the Boss to @{5}% HP, killing the Boss, or killing minor monsters.\n@{6}.Battlefield Skill\nBattlefield Skills periodically appear nearby. Pick them up to gain powerful skills.
10960000362	During the event, Battle Baphomet at the Guild Base. Your Ranking is based on the damage you deal to Baphomet, and generous rewards await!
10960000363	After the Event Over, Rankings will be determined by damage dealt, both within each group and across the Entire Server.
10960000364	No Last Battle Report available
10790000000	Deprecated—Do Not Configure
10790000001	Special Offers
10790000002	Trade
10790000003	Stall
10790000004	Poring
10790000005	Lunatic
10790000006	Fabre
10790000007	Surprise Pack
10790000008	Mysterious Treasure Chest
10790000009	Advanced Treasure Chest
10790000010	Deluxe Gift Box
10790000011	Combine using Material Cost:
10790000012	NPC Shop
10790000013	Zeny Shop
10790000014	Coin Shop
10790000015	Crystal Shop
10790000016	Supply Shop
10790000017	Pet Shop
10790000018	Card Shop
10790000019	Battle Royale Point Mall
10790000020	Spirit Tower Shop
10790000021	Guild Shop
10790000022	Monster Hunt Shop
10790000023	Totem Shop
10790000024	Magic Fashion
10790000025	Growth Handbook Sources
10790000026	Combine
10790000027	Monster Hunt
10790000028	Phantom Realm
10790000029	Realm of the Gods
10790000030	Spirit Tower
10790000031	Dismantle
10790000032	Survivor Battle
10790000033	Card Dismantling
10790000034	Obtain Crystals by participating daily
10790000035	Obtain Crystals after loading multiple times
10790000036	Treasure chests contain Crystals
10790000037	Warm-Up Event Shop (Deprecated)
10790000038	Dumby's Request
10790000039	Bonfire Party
10790000040	Commendation Vault
10790000041	Dracula's Bride
10790000042	Chance to obtain from daily Participation Rewards (Deprecated)
10790000043	Chance to obtain after multiple departures
10790000044	Chance to obtain from the final Activity Chest
10790000045	Request resources from a specific friend (Deprecated)
10790000046	Send a request message in guild chat (Deprecated)
10790000047	Complete event Activity Quests
10790000048	Collect and Combine Treasure Map Fragments (Deprecated)
10790000049	Obtain by using a Normal treasure map to Dig (Deprecated)
10790000050	Purchase from the Trade Exchange
10790000051	Obtain from Outfit Draws
10790000052	Soul Echo
10790000053	Top Up
10790000054	Complete Activity Quests
10790000055	Help others complete events (Deprecated)
10790000056	Sell
10790000057	Pet Hatching
10790000058	Guild Activities Event Quest
10790000059	Obtain through Life Skills
10790000060	Season Exploration Event Shop (Deprecated)
10790000061	Season Exploration Event (Deprecated)
10790000062	Season Exploration Event - Go to Map
10790000063	Monster Drops Test (For Testing)
12380100032	Successfully crafting an orange Metal item has a @{1}% Chance to grant @{2} Extra copies
12380100033	Successfully crafting an orange engraved item has a @{1}% Chance to grant @{2} Extra copies
12380100034	Successfully crafting an orange cloth item has a @{1}% Chance to grant @{2} Extra copies
12380100035	Successful crafting has a @{1}% Chance to refund @{2} random types of materials used
12380100036	Crafting speed increases by @{1}%
12380100037	Successful crafting grants @{1}% Extra crafting EXP
12380100038	Successful crafting grants @{1} Extra Zeny
12380100039	Crafting has a @{1}% Chance to consume no materials
12380100040	Crafting has a @{1}% Chance to consume no Vigor
12380100041	Obtain Special Recipe - Crafting Set Mystery Box (Common)
12380100042	Obtain Special Recipe - Crafting Set Mystery Box (Fine)
12380100043	Obtain Special Recipe - Crafting Set Mystery Box (Rare)
12380100044	Obtain Special Recipe - Crafting Set Mystery Box (Legend)
12380100045	Obtain Special Recipe - Crafting Set Mystery Box (Myth)
12380100046	Max Vigor +@{1}
12380100047	All 【Output Tag】 skills produce @{1} Extra items
12380100048	For every @{1} professions that reach Moonlit Challenger, Max Vigor +@{2}
12380100049	For every @{1} professions that reach Grandmaster, Max Vigor +@{2}
12380100050	For every @{1} professions that reach Expert, Max Vigor +@{2}
12380100051	For every @{1} professions that reach Adept, Max Vigor +@{2}
12380100052	Chance for all 【Crafting Chance Tag】 skills increases by @{1}%
12380100053	Quality of all other skills +@{1}
12380100054	When Vigor drops to @{1}, there is a @{2}% Chance to restore @{3}% Vigor
12380100055	Vigor Potion effectiveness increases by @{1}%
12380100056	Gain @{1} Extra skill slots
22000	Internal server error
22001	Insufficient Currency
22002	Player is dead.
22003	Client Parameter error
22004	Watchlist limit reached.
22005	The target you're watching no longer exists. Please refresh and retry.
22006	Abnormal Trade price
22007	Not enough Stall space. Please unlock more slots.
22008	Invalid sale quantity. Please refresh and try again.
22009	Too late! The item has already been delisted or purchased.
22010	Items cannot be purchased during the listing period.
22011	Unknown error
22012	Not enough Credit Points
22013	The item has been delisted or there is insufficient stock.
22014	You are the seller.
22015	No matching items are currently available.
22016	No items available.
22017	You cannot purchase your own listed item.
22018	This is already the highest price.
22019	This is already the lowest price.
22020	Spawned
22021	Item listed successfully.
22022	Insufficient Currency (Deprecated
22023	This item is temporarily unavailable for purchase.
22024	My Watchlist ${1}/${2}
22025	You can refresh again in ${1} seconds!
22026	Please select an entry to filter by.
22027	Please select a Stunt to filter by.
22028	Please select an attribute to filter by.
22029	The maximum value cannot be lower than the minimum value!
22030	This exceeds the maximum quantity per purchase. Please select again.
22031	This exceeds the maximum quantity per listing. Please select again.
22032	Only rare equipment can be listed!
10620000000	Dear PlayerName
10620000001	To the Lucky Investigator:
10620000002	To the heroic PlayerName who rescued me from the Ant Hell:
10620000003	Hello, PlayerName:
10620000004	Greetings, PlayerName:
10620000005	To the bumbling Investigator choking on our dust:
10620000006	Dear Adventurer:
10450000000	Choco
10450000001	Vocal
10450000002	Wild Rose
10450000003	Bobo
10450000004	Rainbow Ferus
10450000005	Bongun
10450000006	Lava Lizard
10450000007	Nepenthes
10450000008	Forest Fairy
10450000009	Squidgitte
10450000010	Alice the Maid
10450000011	Fox Immortal
10450000012	Baphomet Jr.
10450000013	Garm Baby
10450000014	Ancient Tree
10450000015	Marionette
10450000016	Goat
10450000017	Clock
10450000018	Scout Basilisk
10450000019	Fruit Tree Turtle
10450000020	Silver Moon Witch
10450000021	Owl Baron
10450000022	Ancient Mummy
10450000023	Sarah Irene
10450000024	Alicel
10450000025	High Orc
10450000026	Cat o' Nine-Tail
10450000027	Miguel
10450000028	Zherlthsh
10450000029	Aliot
10450000030	Bloody Butterfly
10450000031	Incubus
10450000032	Nightmare
10450000033	Little Isis
10450000034	Daedre
10450000035	Piamette
10450000036	Angeling
10450000037	Goddess of Hope
10450000038	Female Warrior Lola
10450000039	Dullahan
10450000040	Elena Bokba
10450000041	Medusa
10450000042	Hardened Rainbow Nightmare
10450000043	Watcher
10450000044	Retribution
10450000045	Darkheart Hunter Eve
10450000046	Corrupted Wander Man
10450000047	Succubus
10450000048	Death Witch
10450000049	One-Horned Radiant Chimera
10450000050	Wildcat Knight
10450000051	Sohee
10450000052	Raging Shinobi
10450000053	Miyabi Doll
10450000054	Hodremlin Sword
10450000055	Fairy
12100000000	Beginner Emblem I
12100000001	Sprout Emblem I
12100000002	New Leaf Emblem I
12100000003	Corolla Emblem I
12100000004	Ripe Fruit Emblem I
12100000005	Ripe Fruit Emblem II
12100000006	Emerald Garden Emblem I
13750000000	Sprouting Stage
13750000001	Juvenile Stage
13750000002	Growth Stage
13750000003	Mature Stage
23000	Base Lv.: ${1}
23001	Skill Unlocked: ${1}
23002	Rent
23003	Cancel Rental
23004	Go unlock
23005	Replace
23006	Ride
23007	Open
23008	Put in the Cart.
23009	Return to Backpack
23010	This item cannot be Put in the Cart.
23011	Cannot organize during batch processing
23012	Level too low! Hurry and Level-up!
23013	Rental Successful
23014	Rental Canceled
23015	${1} is full. Please clear your cart and try again.
23016	Cart Merchant
23017	Backpack
23018	You haven't learned the required skill, so you can't rent this.
23019	Special Class Item
23020	Owned
23021	Rented
23022	Class Item
23023	Unlock Requirement
23024	Sort
23025	Confirm Add
23026	Add Multiple
23027	Cancel Add
23028	Too many requests. Please try again later.
23029	Go to Rental
23030	Mount
23031	Charm
23032	After renting, tap Ride in the lower-left corner of the main screen.
23033	Right Tap to Open
23034	You must Clear all items from the Cart Merchant before you can Cancel Rental.
23035	Cannot reset the [Cart Use] skill. Please Clear all items from the Cart Merchant first.
23036	Job Items
23100	Equipped
23101	Replace
23102	Add
23103	Remove
23104	Not enough [${1}]~
23105	Revive Prompt
23106	Revive
23107	Use 1 Yggdrasil Leaf to Revive 【${1}】?
23108	Automatically use when HP falls below <color=#cc762a>${1}%</color>
23109	Automatically use when SP falls below <color=#cc762a>${1}%</color>
23110	Add All
23111	Obtain
23112	Player ${1} revived you
23113	Wing items cannot be used while dead
23114	This item is temporarily unavailable.
23115	Item-based healing is temporarily disabled. Use potions with caution.
11520400000	^{1}^{2}^{3}Magic^{4}^{5}^{6}\n^{7}^{8}^{9}AoE^{10}^{11}^{12}
11520400001	^{1}^{2}^{3}Physical^{4}^{5}^{6}\n^{7}^{8}^{9}Buff^{10}^{11}^{12}
11520400002	^{1}^{2}^{3}Physical^{4}^{5}^{6}\n^{7}^{8}^{9}Ranged^{10}^{11}^{12}\n^{13}^{14}^{15}Buff^{16}^{17}^{18}
11520400003	^{1}^{2}^{3}Physical^{4}^{5}^{6}\n^{7}^{8}^{9}Melee^{10}^{11}^{12}\n^{13}^{14}^{15}Control^{16}^{17}^{18}
11520400004	^{1}^{2}^{3}Physical^{4}^{5}^{6}\n^{7}^{8}^{9}ST^{10}^{11}^{12}
11520400005	^{1}^{2}^{3}Physical^{4}^{5}^{6}\n^{7}^{8}^{9}AoE^{10}^{11}^{12}
11520400006	^{1}^{2}^{3}Magic^{4}^{5}^{6}\n^{7}^{8}^{9}ST^{10}^{11}^{12}
11930000007	Ilma Tower: Extreme Speedrun
11930000008	Realm of the Gods · No-Revive Speedrun
11930000009	Genesis Movement
11930000010	Novice Challenge
11930000011	Novice Seven-Day Gifts
11930000012	Beginner's Handbook
11930000013	Ode to Echoes
11930000014	Top 10 Guilds
11930000015	Season Preview Event
11930000016	Battle for Prontera
11930000017	Dummy Challenge
11930000018	Novice Monthly Pass
11930000019	Pass I
11930000020	Pass II
11930000021	Feedback
11930000022	Mining Star Treasure Hunt
11930000023	Novice Pool
11930000024	S@{1} Large Card Pool
11930000025	S@{1} Large Card Pool @{2}
11930000026	S@{1} Small Card Pool @{2}
11930000027	Test Always Display Pool @{1} - Open for @{2} Days from Launch
11930000028	Test Standard Pool @{1} - Days @{2}–@{3} After Launch
11930000029	Test Limited-Time Pool @{1} - Open for @{2} Days from Launch
11930000030	Test Limited-Time Pool @{1} - Days @{2}–@{3} After Launch
11930000031	S@{1} Large Card Pool - New Version
23200	Help Text
23201	More
23202	Clear
23203	Search History:
23204	${1} days remaining
23205	${1} hr. remaining
23206	${1} min. remaining
23207	Enter Shop Item Name
23208	Search Shop
23209	Search Point Mall
23210	Daily Purchase Limit: ${1}/${2}
23211	Weekly Purchase Limit: ${1}/${2}
23212	Monthly Purchase Limit: ${1}/${2}
23213	Lifetime Purchase Limit: ${1}/${2}
23214	-${1}%
23215	Delete Prompt
23216	Buy
23217	Sold out
23218	${1}
23219	Owned: ${1}
23220	Remaining: ${1}
23221	No matching results
23222	Delete search history?\nThis will permanently clear all search history and cannot be undone.
23223	Purchase requirements not met
23224	Sold out
23225	Daily Purchase Limit
23226	Weekly Purchase Limit
23227	Monthly Purchase Limit
23228	Lifetime Purchase Limit
23229	No search history
23230	Refreshes daily at ${1}
23231	New items coming soon. Stay tuned!
23232	Shop
23233	Point Mall
23234	${1} days remaining
23235	${1} hours remaining
23236	${1} minutes remaining
23237	Purchase Successful
23238	${1} seconds remaining
23239	New Season Arrivals
23240	Season
23241	Season Limited-Time Offer
23242	Search Items
23243	After purchasing a paid item, please claim it from your mail.
23244	First Purchase Bonus
23245	Extra Bonus
23246	Fashion
23247	Suggested
23248	Costume
23249	Mount
23250	Accessory
23251	Friend Gifts
23252	Confirm Gift
23253	Recipient Already Owns This
23254	Effect Preview
23255	Gift
23256	${1}/${2}
23257	${1}d
23258	${1}h
23259	${1}m
23260	${1}s
23261	If unclaimed after ${1} hr. ${2} min., the cost will be refunded
23262	Gift claimed
23263	Gift cost refunded by mail
23264	or
23265	And
23266	Purchase limit reached
23267	Gift sent successfully. Please wait for the recipient to accept it.
23268	Go to Wardrobe
23269	Discount Ends In: ${1}
23270	Season Purchase Limit: ${1}/${2}
23271	Global Purchase Limit: ${1}/${2}
23272	Not owned
23273	Cost
23274	Obtained
23275	Redeemed
23276	Exchange failed
23277	Awaiting payment...
23278	Confirm exchange?
23279	Owned
23280	A small token of my appreciation
23281	Enter a friend's name or UID to search
23282	No friends available to receive gifts
23283	Currently trying on <color=#cc762a>${1}</color> Appearance items
23284	<color=#cc762a>${1}</color> valid items
23285	Selected (<color=#cc762a>${1}</color>)
23286	Default
23287	Price - Ascending
23288	Price - Descending
23289	Listing Time - Ascending
23290	Listing Time - Descending
23291	Confirm and purchase
23292	Buy
23293	Please select an item first.
23294	Buy
23295	Confirm and purchase?
23296	Insufficient Balance
23297	Your balance is insufficient. Go to Top Up?
23298	Price
23299	Purchase (<color=#cc762a>${1}</color> total)
23300	Delete (<color=#cc762a>${1}</color> total)
23301	Go Get
23302	Sorting Rules
23303	Priority
23304	Top Up
23305	Add to Cart
23306	Buy
23307	Type
23308	Unit Price
23309	Amount
23310	Subtotal
23311	Total
23312	Shopping Cart
23313	No valid items
23314	Enter Shop Item Name
23315	Apply
23316	Total:
10050100000	A vibrant Green Healing Potion that instantly restores @{1} HP. Cooldown: @{2} sec.
10050100001	A bright Red Healing Potion that instantly restores @{1} HP. Cooldown: @{2} sec.
10050100002	Slow-simmered tomatoes reduced into a rich orange-red broth with a robust tangy aroma. Increases Physical ATK by @{1}~@{2} for @{3} hours.
10050100003	Mushrooms and tomatoes simmered together into a fragrant amber broth. Increases Magic ATK by @{1}~@{2} for @{3} hours.
10050100004	Fresh mushrooms skewered and charcoal-grilled until browned outside and plump within. Increases Life by @{1}~@{2} for @{3} hours.
10050100005	Monster meat marinated in chili sauce and seared on a griddle until crisp outside and tender within. Increases Physical DEF by @{1}~@{2} for @{3} hours.
10050100006	A coarse, thick flatbread baked from Grains flour mixed with monster meat and chili peppers. Increases Magic DEF by @{1}~@{2} for @{3} hours.
10050100007	A golden Yellow Healing Potion that instantly restores @{1} HP. Cooldown: @{2} sec.
10050100008	Marinated Beast Meat wrapped in dough made from Grains, then steamed and baked to form a dark red crust. Grants @{1}%~@{2}% Increased Damage to Medium Monsters for @{3} hours.
10050100009	Herbs simmered into soft rice porridge, leaving a lingering bittersweet aroma. Reduces damage taken from Medium monsters by @{1}%~@{2}% for @{3} hours.
10050100010	Beast hide marinated with herbs and chili peppers, rolled into a tube, and charcoal-grilled. Grants @{1}%~@{2}% DMG vs Demi-Human for @{3} hours.
10050100011	Grains, monster meat, and chili peppers stir-fried over high heat until every grain gleams with oil. Reduces damage taken from Demi-Human monsters by @{1}%~@{2}% for @{3} hours.
10050100012	A deep crimson Healing Potion that instantly restores @{1} HP. Cooldown: @{2} sec.
10050100013	Strawberry juice boiled into amber hard candy and broken into shards. Increases Physical ATK by @{1}~@{2} for @{3} hours.
10050100014	Round strawberry-and-cocoa-filled candies coated in a hard sugar shell. Increases Magic ATK by @{1}~@{2} for @{3} hours.
10050100015	Thick hot cocoa flavored with vanilla and topped with fine Milk foam. Increases Life by @{1}~@{2} for @{3} hours.
10050100016	A vibrant Green Healing Potion brimming with Life that instantly restores @{1} HP. Cooldown: @{2} sec.
10050100017	A thick pink milkshake blended from strawberries and Milk. Increases Physical DEF by @{1}~@{2} for @{3} hours.
10050100018	Strawberry and cocoa melted into warm Milk, creating a rich pinkish-brown drink. Increases Magic DEF by @{1}~@{2} for @{3} hours.
10050100019	A smooth brown pudding made by setting cocoa bean juice with Milk. Grants @{1}%-@{2}% Increased Damage to Medium Monsters for @{3} hours.
10050100020	A Stem coated in colorful layers of syrup for a dazzling finish. Reduces damage taken from Medium monsters by @{1}%-@{2}% for @{3} hours.
10050100021	Dried Strawberry and herb leaves slow-simmered into a light red soup with a delicate sweetness. Grants @{1}%-@{2}% DMG vs Demi-Human for @{3} hours.
10050100022	Dried strawberries coated in cocoa syrup and set on a Stem. Reduces damage taken from Demi-Human monsters by @{1}%-@{2}% for @{3} hours.
10050100023	A Healing Potion imbued with the power of Blessing that instantly restores @{1} HP. Cooldown: @{2} sec.
10050100024	Slow-fermented Grape wine with a deep purple hue and herbal finish. Increases Physical ATK by @{1}~@{2} for @{3} hours.
10050100025	A deep purple cocktail of Grape juice, Lemon juice, and Alcohol, shaken well. Increases Magic ATK by @{1}~@{2} for @{3} hours.
10050100026	Lemon and herbs infused in Alcohol until as clear as Crystal. Increases Life by @{1}~@{2} for @{3} hours.
10050100027	Grape powder dissolved in sparkling water, topped with persistent purple-red foam. Increases Physical DEF by @{1}~@{2} for @{3} hours.
10050100028	Freshly squeezed Grape and Lemon juices blended into a bright, sweet-and-tart drink. Increases Magic DEF by @{1}~@{2} for @{3} hours.
10050100029	A Fountain of Life surging with boundless vitality that instantly restores @{1} HP. Cooldown: @{2} sec.
10050100030	Lemon slices steeped in orangewood sap, creating a clear, light drink with a citrus aroma. Grants @{1}%~@{2}% Increased Damage to Medium Monsters for @{3} hours.
10050100031	Herbs and Lemon gently infused in orangewood sap at a low temperature. Reduces damage taken from Medium monsters by @{1}%~@{2}% for @{3} hours.
10050100032	Grape and herbs slow-simmered in orangewood sap for a rich, woody aroma. Increases damage to Demi-Human monsters by @{1}%~@{2}% for @{3} hours.
10050100033	Grape and Lemon simmered in bitter orange juice for a lingering woody sweetness. Use to increase Demi-Human damage reduction by @{1}%~@{2}% for @{3} hours.
220001	Attack
220002	Global Attack
220003	Defense
220004	Global Defense
23398	No private chats
23399	No friends found
23400	Mail
23401	Recent
23402	Friends
23403	Group Chat
23404	Lv.${1}
23405	Stranger
23406	Cross-server
23407	Add Friend
23408	Intimacy:
23409	Locate
23410	Mini Window
23411	Gift
23412	Clear
23413	Send
23414	Tap to enter text
23415	All Friends
23416	Blocks
23417	Cross-server Friends
23418	Create Group
23419	About Cross-server Friends
23420	Select a contact on the left to start chatting
23421	1.The continent of Prontera is never short of Adventurers, and helping one another is considered its highest virtue.\n2.You can add other Adventurers as friends through the game world, chat channels, rankings, and more.\n3.After sending a friend request, you must wait for the other player to accept before you become friends.\n4.Team up with friends to participate in activities and complete quests to earn Intimacy Points and raise your Intimacy Level.\n5.Once you reach the required Intimacy Level, you will receive bonus effects when teamed up together.\n6.Friends can also exchange gifts to increase their Intimacy Points.
23422	My Group Chats
23423	Create Group Chat
23424	Group Host: ${1}
23425	Created: ${2}/${3}/${1}
23426	Invite
23427	Set as Close Friends Group Chat
23428	Group chat settings
23429	Leave group chat
23430	Go add some friends now!
23431	No chat history
23432	Tap to edit members
23433	Send Friend Request
23434	Current Server
23435	Cross-server
23436	Search player name or ID…
23437	Applied
23438	Request
23439	Friend Recommendations:
23440	Group Settings
23441	Select Group
23442	Group Name
23443	Number of Members
23444	Group Host
23445	Ungrouped
23446	My Friends
23447	Enter a player name to search
23448	Leave group chat
23449	Disband Group
23450	Invite
23451	Select Group
23452	Create Group
23453	Members Selected: ${1}
23454	No Online members in this group
23455	Enter a friend's name
23456	Confirm
23457	Give ${1}
23458	Heart Points +${1}
23459	Intimacy Points +${1}
23460	Popularity Rankings
23461	Gifting Record
23462	Intimacy Help
23463	Intimacy:
23464	My Heart Points:
23465	Their Popularity This Week:
23466	All-Time Popularity:
23467	Change Friend
23468	Gift Message
23469	Enter a gift message
23470	Submit Anonymously
23471	${1}/${2}
23472	Gift Quantity
23473	MAX
23474	Gift
23475	Affinity Level Bonus
23476	Intimacy with ${1}
23477	Current Effect: ${1}
23478	Intimacy: Lv${1}
23479	Max: Lv. ${1}
23480	How to Gain Affection:
23481	Ignore all
23482	Agree
23483	Enter a name for the group…
23484	Selected Friends: ${1}
23485	Create
23486	Enter a group name (up to 7 characters).
23487	Selected: ${1}
23488	Cancel
23489	Edit Group
23490	Delete Group
23491	Enter your broadcast message
23492	Gift History
23493	Gifting Record
23494	Select Friend
23495	Edit Group Chat Name…
23496	Reject
23497	Agree
23498	Do Not Disturb
23499	Tap a player's Portrait to Add Friend.
23500	Mount
23501	Universal Mount
23502	Combat Mount
23503	Style Level
23504	Ranking
23505	Reset
23506	Trait +${1}
23507	Mount Stats
23508	Active Mount Attributes
23509	Source: <#b05142><${1}></color>
23510	Mount Appearance
23511	Mount Stats
23512	Equipped
23513	Mount Skills
23514	How to Obtain
23515	Use Mount
23516	${1} hr ${2} min
23517	Style Level
23518	Lv. ${1}
23519	Claim All
23520	Unavailable
23521	1. Mounts are divided into two categories: Combat Mounts and General Mounts. The Peco Peco is an exclusive Combat Mount for Knight classes. Once they meet the requirements, Knight classes can claim and use it immediately. This mount is unavailable to other classes.\n2. Mounts come in different qualities. Each quality has different ranges for mount speed, attributes, and special stats. The higher the quality, the higher these values will be.\n3. Different mounts have different special stats, with value ranges determined by the mount's quality.\n4. To gain a General Mount's attributes, set it as your default mount. 【Combat Mount】 and 【General Mount】 attributes are separate, and a mount's appearance and attributes cannot be used separately.
23522	1. Activating a mount automatically grants its corresponding Style Points. Each mount grants Style Points only once.\n2. Style Points accumulate as you unlock more mounts. Your total Style Points will never decrease. Battle Mounts do not grant Style Points.
23523	Please set a default mount before use.
23524	Mount Info
23525	No rewards available to claim.
23526	Obtain
23527	Obtain the Mount [${1}] permanently
23528	Mounts cannot be obtained repeatedly
23529	Obtain the mount [${1}] for a limited time
23530	Please land before initiating the Interaction.
13350100000	Active in Guild Stronghold Battles, Escort Battles, and Siege Battles
23600	No gift history yet
23601	Intimacy Bonus Effect:
23602	Search results can't be empty.
23603	Friend request sent.
23604	They are already your friend.
23605	You've reached the Add Friend limit.
23606	The other player's friend list is full.
23607	You are on their Blocks list and cannot Add Friend.
23608	No matching target found.
23609	You have unfriended ${1}.
23610	${1} is online!
23611	You are now friends with ${1}. Start chatting!
23612	This player is in Blocks. Remove them from Blocks before selecting Add Friend.
23613	Notice
23614	Removing player <color=#FA983A>${1}</color> will make you strangers and permanently reset your Intimacy. Confirm?
23615	Blocking <color=#FA983A>${1}</color> will remove them from your friends list and prevent you from receiving their messages. Your Intimacy and chat history will also be permanently deleted. Continue?
23616	Yesterday
23617	Enter a group name (up to seven characters)
23618	Selected
23619	Are you sure you want to delete the current chat history?
23620	Affection: +${1}
23621	Popularity: +${1}
23622	Affection: +${1}
23623	${1} gave ${2} ${3} * ${4}
23624	Group name cannot be empty
23625	Group Chat name cannot be empty
23626	Delete this group?
23627	Maximum number of groups reached
23628	Maximum number of Group Chats reached
23629	Maximum number of group Members reached
23630	Maximum number of Group Chat Members reached
23631	Delete this group?
23632	Leave this Group Chat?
23633	Disband this Group Chat?
23634	Remove this Member from the Group Chat?
23635	Refreshing recommended friends is on cooldown
23636	Lv. ${1}
23637	Cancel Close Friends Group Chat
23638	${1} received ${2} ${3} * ${4}
23639	1. After a gift is sent, both friends will gain the corresponding values.\n2. Popularity: The value gained by the gift recipient after receiving a gift.\n3. Affection: The value gained by the sender after sending a gift.\n4. Intimacy: The value gained by both the sender and recipient after a gift is sent.
23640	Friends Info
23641	Intimacy Info
23642	Group name has reached the character limit
23643	You can send messages once they reach Lv. ${1}
23644	Anonymous Friend
23645	You cannot add yourself as friend.
23646	No recommended friends
23647	No new friend requests
23648	You
23649	Friend Chat
23650	Send Friend Gift
23651	Gifting Info
23652	1. Gifts can only be sent between players who are friends with each other.\n2. The recipient must be Online to receive a gift.\n3. You can switch recipients on the gifting screen.\n4. Each gift grants different amounts of Intimacy and Affection. Once sent, both friends will receive the corresponding bonuses.\n5. Only premium gifts allow custom messages and trigger a flashy Entire Server Notification.
23653	Similar Level
23654	Same Class
23655	Opposite-Gender Players
23656	Recently Teamed Up
23657	This player is in Blocks. Remove them from Blocks before selecting Add Friend.
23658	Welcome ${1} to the Group Chat
23659	${1} left the Group Chat
23660	You've joined Group Chat ${1}. Say hello~
23661	You must be friends before you can send gifts~
23662	Gifting Record
23663	1. Each player can have up to 50 Cross-server Friends.\n2. After a server merge, Cross-server Friends will automatically be added to My Friends.\n3. Cross-server Friends can team up for certain activities, but cannot send gifts.
23664	Search Results:
23665	Player not found
23666	This player has disabled the friend Function
23667	Level Bonus
23668	Friends can increase Friendship by teaming up for activities or sending gifts
23669	Like is only the beginning. My love for you will never end~
23670	You received ${2} from ${1}. Message: ${3}
23671	Enter player name
23672	Recommended Friends
23673	You're on this player's Blocks and cannot send messages
23674	This player is on your Blocks list, so you cannot send them messages
23675	You cannot send messages to yourself
23676	Gift
23677	Benefits
23678	Fashion
23679	${1} went offline
23680	Switched to anonymous gifting mode
23681	Anonymous gifting mode disabled
23682	Intimacy Level:
23683	Intimacy Tier:
23684	Bonus:
23685	Intimacy
23686	Current Cap
23687	Already Friends
23688	Group Members:
23689	Claim Gift
23690	Gift: ${1}
23691	Gift claimed
23692	Group Chat Do Not Disturb
23693	This Group Chat has been muted.
23694	Group Chat Name:
23695	You've already sent this player a friend request.
23700	Ranking
23701	1. Rankings are updated in real time.\n2. For some rankings, click a column header to customize the sorting order.\n3. Settlement for the Battle Power Rankings occurs every Monday at 05:00, and ranking rewards are distributed.
23702	Top Ten Players
23703	Full Rankings
23704	Rank
23705	Player
23706	Power
23707	No Adventurers made the rankings.
23708	Unranked
23709	-/-
23710	Friends and Guild Members Only
23711	View Info
23712	Rewards
23713	Rank ${1}–${2}
23714	Weekly Ranking Reward Settlement: ${1}${2} o'clock
23715	My Rank: ${1}
23716	Daily Ranking Reward Settlement at ${1}
23717	No rewards available
23718	Monday
23719	Tuesday
23720	Wednesday
23721	Thursday
23722	Friday
23723	Saturday
23724	Sunday
23725	Power Rankings Help Text
23726	Rank
23727	(No Translation Required)
23728	(No Translation Required)
23729	The Journey Begins
23730	Hero Registry
23731	Pet Not Deployed
23732	Me
23733	You haven't made the rankings yet, so there are no rewards to claim.
23734	No one is currently ranked.
23735	Divine Armament Rank ${1}
23736	You cannot view your own information.
11530100000	Load cargo for your guild and dispatch the Guild Caravan's freight wagon to earn abundant Personal Rewards and provide your guild with plenty of Guild Funds!
11530100001	Fight alongside your Pet to Challenge a tower teeming with Monsters and push your Floors to the limit!
11530100002	Find powerful MVP Monsters in the Field and participate in an MVP Kill to earn Rare rewards!
11530100003	Defeat Field Monsters to obtain Drop Rewards. Each day, the Eden Group grants Adventurers an Extra @{1} minutes of Bonus Time. Enable Bonus Time to obtain greatly increased Drop Rewards!
11530100004	Life Skills are divided into 【Produce Professions】 and 【Crafting Professions】. Spend Vigor to gather resources throughout the open world, create advanced Consumables, participate in Trade, and Craft your own career path!
11530100005	Take on a high-Difficulty Season Theme Dungeon Challenge. A team of ^{1}at least @{1} Members^{2} is required to Enter. Work together to defeat a powerful boss and earn abundant rewards.
11530100006	Enjoy thrilling battles between guilds~
11530100007	Take on a Season Theme Dungeon Challenge. A party of ^{1}at least @{1} Members^{2} is required to Enter. Work together to defeat a powerful boss and earn abundant rewards.
11530100008	A reality show hosted by the Kafra Corporation. Participate Solo or as a team, get your opponents Captured, and claim the Grand Prize as the final victor!
11530100009	Rally your guild's strength and crush the enemy formation in one fell swoop! Victory or defeat—it's up to you!
11530100010	Head to the Guild Territory and join the Bonfire Party to earn tons of EXP!
11530100011	Coming Soon
11530100012	Ilmata, God of Nature
11530100013	An exhilarating @{1} VS @{2} showdown! Come join the Competition!
11530100014	The Eden Group has provided special Clues. Adventurers can choose any Misc activity they like and participate to earn commendations from the Eden Group.
11530100015	Due to temporal and spatial instability (related to the setting), strange rifts have begun appearing in the Field at fixed times. If left open too long, dangerous Monsters will emerge from them. To preserve peace across the continent, the kingdom has commissioned the Eden Group to Post Gold-rank adventure requests, calling on experienced Adventurers to enter the rifts, defeat the Monsters, and Repair the rifts.
11530100016	Hidden Treasure PVP Placeholder
11530100017	The Spirit Tower has no Attempt Restriction, so you can challenge it as many times as you want—as long as you can handle it! If you cannot clear it, try again tomorrow!
11530100018	Rally your guild's strength and crush the enemy formation in one fell swoop! Victory or defeat—it's up to you!!
11530100019	Daily Tavern Quests
11530100020	Load the Guild Caravan's cargo to earn tons of rewards!
11530100021	Phantom Realm dungeons accumulate over the course of each Season. A team of ^{1}at least @{1} Members^{2} is required to enter.
11530100022	This Season-themed, high-difficulty dungeon challenge requires a party of ^{1}at least @{1} Members^{2} to enter.
11530100023	A reality show hosted by the Kafra Corporation, with a grand prize awaiting the ultimate winner!
11530100024	Join the Bonfire Party at the Guild Base during the Event Period to complete the quest.
11530100025	Dracula has come to claim a bride!
11530100026	Fight the captured Monsters and show off your guild's strength!
11530100027	【Guild Auction Dividend Eligibility】 (This event is not displayed in the UI and is used solely for Guild Auction eligibility checks.)
11530100028	【Watering】 Water the Adventure Party's sapling once.
11530100029	【Challenge】 Defeat an MVP with any Member of your Adventure Party.
11530100030	【Challenge】 Clear any Phantom Realm with at least @{1} other Members of your Adventure Party.
11530100031	【Challenge】 Clear any Realm of the Gods with at least @{1} other Members of your Adventure Party.
11530100032	[Competition] Complete Kafra: Battle of the Survivors with at least @{1} Member from your Adventure Party
11530100033	Festival Invitation
11530100034	Accept the Daily Requests Posted by Dazed and complete them to earn abundant rewards and try your LUK at the prize wheel!
11530100035	Mock Battle
24000	Party: This feature is unavailable
24001	Create Party
24002	Create Team
24003	Search Party
24004	Invite
24005	Invitation Message
24006	Party request sent.
24007	Party is already full
24008	This party has been disbanded.
24009	Party requests are being sent too frequently. Please try again later.
24010	No microphone detected on this device.
24011	Call your party members to follow you?
24012	Call all Members in the team to follow you?
24013	Party members cannot follow you in this area. Please enter a public area to summon them.
24014	${1} declined the rally invitation
24015	Cannot follow the target player at their current location.
24016	Leave the current party?
24017	Leave the current raid?
24018	Transfer Leadership
24019	Disable Chat
24020	Unmute
24021	Call Mio!!
24022	Mute Voice Chat
24023	Unmute Voice
24024	Profile Card
24025	Transfer Leadership
24026	Appoint Deputy Leader
24027	Remove Deputy Leader
24028	${1} marked ${3} with the number ${2}
24029	Once selected, click to mark a target, or drag to mark an area on the ground.
24030	Talk
24031	Listen
24032	Mute
24033	${1} initiated a Placement confirmation. Are you ready?
24034	Confirm whether to transfer Party Leader status
24035	Confirm transferring raid leadership
24036	Are you sure you want to Call Mio!! this party member?
24037	You have been removed from the party.
24038	Appoint ${1} as Vice Leader?
24039	The team can only appoint ${1} deputy leaders. The maximum number of deputy leaders has been reached.
24040	Remove ${1} as Deputy Leader?
24041	Only the Party Leader can change the party name.
24042	Only the raid leader can change the party name.
24043	Party members who defeat monsters together on the same field map receive Extra bonuses\n2-player party: Base EXP, Job EXP, and item drop rate +20%\n3-player party: Base EXP, Job EXP, and item drop rate +30%\n4-player party: Base EXP, Job EXP, and item drop rate +40%\n5-player party: Base EXP, Job EXP, and item drop rate +50%
24044	Only the Party Leader can change the party objective.
24045	Only the raid leader can change the party objective.
24046	${1}, Party Objective: ${2},
24047	${1}, Power Requirement: ${2}, Objective: ${3},
24048	${1}'s Party
24049	Objective Filter:
24050	Leave
24051	Leave the raid
24052	Convert to Raid
24053	Convert to Party
24054	Requests
24055	Rally
24056	Gather Party Members
24057	Gather Raid Members
24058	Recruitment
24059	Follow Leader
24060	Follow Raid Leader
24061	End Following
24062	Away
24063	AFK
24064	Offline
24065	Drag Member info to edit the Party
24066	Party size will change.\nIf this is currently a 5-player Party, the Member limit will increase to a 40-player Raid.\nIf this is currently a 40-player Raid, it will be disbanded into 5-player Parties.\nContinue with Convert to Party?
24067	Recommended Players
24068	Friends
24069	Guild
24070	Recent
24071	Close Friends
24072	Guild Member
24073	${1} has invited you to join a Party.
24074	Invitations received during this login will be saved to the list.
24075	This player is offline.
24076	This player is already in a Party.
24077	This player is in an instance and cannot accept Party invitations.
24078	Request to Join Party sent.
24079	Auto-Accept
24080	Clear List
24081	Agree
24082	Auto Battle Status cannot be changed while following.
24083	The target is too far away to target.
24084	You have not unlocked this content and cannot join this Party.
24085	You do not meet this Party's Power requirement and cannot join.
24086	Post
24087	Finder
24088	Recruiting
24089	Gathering
24090	Confirm announcement:
24091	Add Friend
24092	Suggested
24093	Invite to Party
24094	Enter your broadcast message
24095	Recent Parties
24096	Party Notifications
24097	Party
24098	Clear List
24099	Show today's received invitations in a notification window.
24100	No valid information found yet...
24101	Applied
24102	Join
24103	Refresh
24104	Nearby Parties
24105	Party
24106	Settings
24107	Power:
24108	Up to 20 characters
24109	Enter keywords...
24110	Placement confirmation
24111	No Guild
24112	<#5E3711>Fighting monsters with a Party on the same field map grants Extra bonuses.</color>\n1-player Party:\nBase EXP and Job EXP increased by 0%\nItem drop rate increased by 0%
24113	<#5E3711>Fighting monsters with a Party on the same field map grants Extra bonuses.</color>\n2-player Party:\nBase EXP and Job EXP increased by 25%\nItem drop rate increased by 30%
24114	<#5E3711>Fighting monsters with a Party on the same field map grants Extra bonuses.</color>\n3-player Party:\nBase EXP and Job EXP increased by 50%\nItem drop rate increased by 60%
24115	<#5E3711>Fighting monsters with a Party on the same field map grants Extra bonuses.</color>\n4-player Party:\nBase EXP and Job EXP increased by 75%\nItem drop rate increased by 90%
24116	<#5E3711>Fighting monsters with a Party on the same field map grants Extra bonuses.</color>\n4-player Party:\nBase EXP and Job EXP increased by 100%\nItem drop rate increased by 120%
24117	0%
24118	25%
24119	50%
24120	75%
24121	100%
24122	You cannot Request to Join Party while already in a Party.
24123	Invitations are being sent too frequently. Please try again later.
24124	${1} swapped the positions of ${2} and ${3}.
24125	N/A
24126	Party Invite
24127	Targets are being switched too frequently. Please try again later.
24128	${1} moved ${2} to Party ${3}.
24129	Remove Power Requirement
24130	You are already in a Party.
24131	No Party exists with this ID.
24132	Incorrect Party type.
24133	Do not have Permission
24134	This is already the same Party type. No conversion is needed.
24135	The Party no longer exists.
24136	Already on the request list.
24137	Unable to retrieve player information
24138	Party is full
24139	Request List is Full
24140	On cooldown
24141	The inviter has left the party
24142	Already left the party
24143	Maximum number of Deputy Raid Leaders reached
24144	Already a Deputy Raid Leader
24145	No longer a Deputy Raid Leader
24146	Not all members of the five-player party have been summoned
24147	The Party Leader is in an instance and cannot be followed
24148	Marker index out of range
24149	Invalid party objective
24150	Party objective level too low
24151	Party is being created
24152	The invitee is in an instance
24153	Player is offline
24154	The invitee is already in a party
24155	No longer on the application list
24156	Follow Party Leader?
24157	Follow Raid Leader?
24158	Ready check will be automatically declined in ${1} seconds
24159	Up to 20 characters
24160	${1} removed marker ${2}
24161	Level: ${1}
24162	Players: ${1}
24163	LV.
24164	You're summoning too quickly! Your party members can't keep up!
24165	Enter Follow Raid Leader mode
24166	Enter Follow Leader mode
24167	Stop Following
24168	${1} joined the party
24169	${1} transferred Party Leader to ${2}
24170	${1} appointed ${2} as Deputy Raid Leader
24171	${1} removed ${2} as Deputy Raid Leader
24172	Party
24173	No Objective
24174	Tap to Invite
24175	Party Description:
24176	My Raid
24177	Finder
24178	Drag Member info to edit the Party
24179	Players:
24180	Voice Settings
24181	Talk
24182	Listen
24183	Mute
24184	Drag into the area to place a marker
24186	Reject
24187	Agree
24188	Show invitations in the invitation pop-up
24189	No Objective
24190	Misc
24191	AFK in the Field
24192	Parties:
24193	No current party invitations
24194	No current party applications
24195	No players available to invite
24196	Players: 1-40
24197	Level: N/A
24198	All Objectives
24199	Refresh Time
24200	Lv.${1}~Lv.${2}
24201	Level: ${1}
24202	Parties:
24203	${1} left the party
24204	Start a raid Placement confirmation?
24205	Start Raid Placement confirmation
24206	${1}'s party is recruiting
24207	Party members summoned to follow
24208	Recruitment message sent to the Recruitment channel
24209	The Party Leader's channel is full. Auto-follow stopped
24210	Free to Join
24211	Status Change Notice
24212	Enabling Follow will take control of Auto-Battle.
24213	Enabling Auto-Battle will Pause following
24214	Voice Status Notice
24215	Joining 【${1}】 voice chat will automatically mute your mic in the current voice chat. Continue?
24216	Coming Soon
24217	This build is still in development. Stay tuned!
24218	Not Learned
24219	Skill slot cannot be empty
24220	Joined the party
24221	We look forward to welcoming all Adventurers!
24222	Party Objective
24223	You do not have permission to perform this action
24224	Following party…
24225	Calling for help
24226	Loading character information
24227	Leave Party
24228	Party Voice
24229	Follow
24230	Party Marker
24231	Parties cannot Request to Join during Misc.
24232	The Party Leader role cannot be transferred during Misc.
24233	Cannot invite players to Join the party in Misc
24234	Players cannot be removed from the party in Misc
24235	Follow is prohibited in the Party Leader's Location.
24236	Rally actions are unavailable at your current Location.
24237	Follow is unavailable in the current Location.
11420000000	Make a total of @{1} draws from the permanent pool this Season
11420000001	Beginner Scholar-@{1}
11420000002	Rookie Scholar-@{1}
11420000003	Dedicated Scholar-@{1}
11420000004	Erudite Scholar-@{1}
11420000005	Learned Moonlit Challenger-@{1}
11420000006	Kafra · Battle of the Survivors Rank Reward
11420000007	Daily Activity Point Reward I
11420000008	Daily Activity Point Reward II
11420000009	Tier 3 Daily Activity Reward
11420000010	Daily Activity Point Reward Tier 4
11420000011	Tier 5 Daily Activity Reward
11420000012	Season Treasure Hunt Stage 1 Reward
11420000013	Season Treasure Hunt Event Tier 2 Reward
11420000014	Season Treasure Hunt Event Tier 3 Reward
11420000015	Season Treasure Hunt Event Tier 4 Reward
11420000016	Season Treasure Hunt Event Tier 5 Reward
11420000017	Guild Weekly Activity Reward Tier 1
11420000018	Guild Weekly Activity Reward II
11420000019	Guild Weekly Activity Reward Tier 3
11420000020	Guild Weekly Activity Reward Tier 4
11420000021	Guild Weekly Activity Reward Tier 5
90001	Unoccupied
90002	Switched to Warzone ${1}
90003	Revive Point
90004	Stronghold
90005	Main Camp
90006	Camp
90007	Siege Camp
90008	War Continent
90009	Peace
90010	Guild
90011	Free
90012	The following materials will be consumed to establish a Siege Camp at your current location
90013	Dismantling the siege camp while it is under construction will refund all materials consumed. Once construction is complete, dismantling it will not refund any materials.
90014	Are you sure you want to dismantle 【${1}】 Camp?
90015	Stronghold War - Off-Season
90016	Stronghold War - Auction Phase
90017	Stronghold War - Preparation Phase
90018	Stronghold Battle - In Progress
90019	Stronghold War - Ended
90020	Stronghold War bidding opens in ${1}
90021	Bidding ends in ${1}
90022	Stronghold War begins in ${1}
90023	The mode ends in ${1}
90024	Your guild has qualified to participate.
90025	Your guild did not qualify to participate.
90026	Go to Auction
90027	View
90028	Participate
90029	War Map
90030	Stronghold Battle
90031	Supply Transport
90032	Open Bidding Phase
90033	Final Bidding
90034	Qualified to Participate
90035	Increasing Bid
90036	Increase Bid
90037	Bid
90038	Cannot switch Factions while the Faction switch is on cooldown.
90039	Already on the map.
90040	Insufficient permissions
90041	A bid has already been placed.
90042	Invalid bid. Please check the starting price and your available funds.
90043	Bid Successful
90044	Go to Increase Bid
90045	Spend ${1}${2} to place an order with ${3} for ${4} ${5}?
90046	Preset Message
90047	Purchase Message
90048	Applied
90049	Request Purchase
90050	Contact Seller
90051	Awaiting Seller Confirmation
90052	Purchase Successful
90053	Purchase Failed
90054	You do not have permission to perform this action.
90055	${1}d ${2}h ago
90056	${1}h ${2}m ago
90057	${1} minutes ago
90058	Default Listing Message
90059	Confirm Changes
90060	List Item
90061	Cancel
90062	Withdraw
90063	Request sent
90064	Listed successfully.
90065	Changed
90066	Listing Removed
90067	No Reference Price Available
90068	Announcement
90069	Item Details
90070	Reference Sale Price
90071	Purchase Orders
90072	Sale Orders
90073	Seller
90074	Supply Quantity
90075	Cost
90076	Purchase Time
90077	Buyer
90078	Proceeds
90079	Your guild has not purchased any supplies.
90080	Your guild has not purchased any supplies.
90081	Trading Hall
90082	My Orders
90083	Order History
90084	Guild
90085	Message
90086	Log
90087	Process Request
90088	Supply Trade
90089	Order Status
90090	Price
90091	Item Details
90092	List Order
90093	Purchase Message
90094	Send Request
90095	Supply Trade Quantity
90096	Escort Supplies
90097	Plunder Supplies
90098	Escort Supply Cart
90099	Destroy Supply Cart
90100	Supplies Actually Obtained
90101	Plunder
90102	Remove this order? Once confirmed, the order will be removed, all pending requests will be rejected, and the guild supplies in the order will be returned immediately.
90103	<color=#887968>${1}</color>/${2}
90104	Supply Transport - Not Available
90105	Supply Transport - Trade Phase
90106	Supply Transport - Preparation Phase
90107	Supply Transport - Transport Phase
90108	Trade is Not Available yet.
90109	<color=#fdab5b>${1}</color> Begins
90110	<color=#fdab5b>${1}</color> Ends
90111	Request Processed
90112	You cannot perform this action on your own guild.
90113	Not enough guild supplies.
90114	The supply listing price does not meet the requirements.
90115	Not enough Guild Funds
90116	Approve this request?
90117	Reject this request?
90118	Trade Successful
90119	Declined
90120	Your guild has no requests.
90121	Edit Order
90122	Unit Price
90123	Total Price
90124	Guild Supply Quantity
90125	Required Escorts
90126	Transport Map
90127	Rules
90128	Result
90129	There are currently no Trade orders.
90130	Recommended Price
90131	Rank
90132	Player
90133	No players are currently ranked.
90134	Stronghold War Record
90135	Supplies are obtained only after the supply cart is successfully escorted back to the stronghold.
90136	Go to Trade
90137	Go to Escort
90138	Territory War
90139	Stronghold-holding guilds can purchase supplies from other guilds
90140	Escort Missions Unavailable
90141	Supply Trade Quantity
90142	Stored Supplies
90143	You have fewer supplies than the minimum listing quantity of ${1}. Unable to post the Trade.
90144	Unlocks at <color=#fdab5b>${1}</color>
90145	${1}\nTotal Fatigue recovery time: <color=#FF993F>${2}</color>
90146	Move more than ${1} Distance away to automatically relinquish ownership
90147	Opens in: ${1}
90148	Resetting: ${1}
90149	Recommended Party Size:
90150	Go challenge
90151	Rewards
90152	Tap to activate
90153	Activated
90154	Activating: ${1}
90155	Resetting: ${1}
90156	Recommended Party Size: ${1}
90157	Attempts remaining This Week: ${1}/${2}
90158	Safe Zone
90159	Conflict Zone
90160	War Zone
90161	Eastern Forest
90162	Northern Mountains
90163	Western Desert
90164	${1} has invited you to Group Warp
90165	Fatigue: ${1}/${2}
90166	In the orange and black zones of the 【Realm Map】, the longer you stay and the more players you Kill, the more 【Fatigue】 Floors you accumulate.\nFatigue 【reduces damage dealt】 and 【increases damage taken】. These effects become stronger at higher Floors.\nUpon reaching the Fatigue limit (20 Floors), you will be 【forcibly warped back to Prontera】 and lose 1 Floor of Fatigue.\nAfter leaving an orange or black zone, Fatigue will 【gradually decrease】 over time, even while offline.
90167	My guild
90168	Bidding Eligibility Acquired
90169	No Bidding Eligibility
90170	Ends in ${1} hr ${2} min
90171	Opens in ${1} hr ${2} min
90172	Battle in Progress
90173	Qualification Bidding in Progress
90174	Select a battle position
90175	${1} Selected
90176	Confirm Travel
90177	Qualified to Participate
90178	You don't have permission to manage the Guild Black Market
90179	Not Eligible to Participate
90180	Stronghold War - Qualification Bidding
90181	Regional Capital War - Qualification Bidding
90182	Royal Capital War - Qualification Bidding
90183	Opens in ${1}
90184	Final Bidding begins in ${1}
90185	Final Bidding - May end at any time within ${1}
90186	Select a region to bid on first
90187	No available bidding events
90188	Preparation Phase
90189	Open Bidding
90190	Final Bidding
90191	Qualification Bidding
90192	Current Bidding Phase
90193	Currently Qualifying Guilds
90194	Slots: ${1}
90195	If guilds submit the same bid, the guild with more total escort deliveries ranks higher
90196	Current Lowest Bid
90197	Bid
90198	Auto-Bid
90199	Auto-Bidding
90200	Displayed after bidding begins
90201	Not Required
90202	No Bid
90203	Refunded
90204	Already participating in the ${1} auction
90205	No bidding eligibility for this ${1}
90206	Yet to start
90207	Initial Bid
90208	Highest Bid
90209	Bidding Style
90210	Aggressive
90211	Steady
90212	Covert
90213	If your bid is knocked off the rankings, Our Guild will place an Auto bid within ${1} seconds.
90214	Auto-Bid will gradually increase the bid after you drop off the leaderboard
90215	Current Bidding Stage
90216	Enable Auto-Bid
90217	Disable Auto-Bid
90218	Initial bid cannot be lower than the minimum starting bid
90219	Maximum bid cannot be less than ${1} times the minimum starting bid
90220	Disable Auto-Bid before adjusting your bid
90221	Your current maximum bid is below the qualifying bid. Please adjust it
90222	Your current maximum bid is below the qualifying bid. Auto-Bid has stopped. Please adjust your bid
90223	Already participating in another region's auction
90224	You may only use Auto-Bid for qualification in one region at a time. Before bidding begins, you may cancel Auto-Bid at any time and enable it for another region. Continue?
90225	Auto-Bid enabled
90226	Bid for the right to battle in the ${1} region
90227	After joining this region's auction, you cannot join auctions in other regions during the qualification period. Continue?
90228	Bid Successful
90229	Your bid cannot be lower than ${1} of the minimum starting bid
90230	Insufficient resources
90231	Auto-Bid is currently active. Bidding manually will disable Auto-Bid. Continue?
90232	Stronghold War Qualification Announcement
90233	State Capital War Qualification Announcement
90234	Royal Capital War Qualification Announcement
90235	The auction is About to start. You can now enable Auto-Bid
90236	The auction has begun. You may now bid freely
90237	The auction has entered its final stage and may end at any time within ${1}
90238	Failed to qualify for the auction. Increase Bid now
90239	Auto-Bid failed. Increase Bid now
90240	Auction won! ${1} has been occupied
90241	Realm War
90242	Not Participated
90243	No guilds are currently bidding
90244	${1}+
90245	No.${1}
90246	No.${1}+
90247	No bidding permission
90248	Your guild already has permission. No bidding required
11190100105	Reach ${1} personal points in Siege War ${2} times
11190100106	Use Play While Downloading ${1} times
11190100107	Log in ${1} times
11190100108	Participate in Treasure Hunting ${1} times
11190100109	Use ${1} sec. of boosted AFK time
11190100110	Like personal profiles ${1} times
11190100111	Go to the designated area in ${1} and use the ${2} Emote/Action
11190100112	Participate in ${1} Expedition Challenges
11190100113	Spend ${1} ${2} times
11190100114	Participate in the Commendation Vault ${1} times
11190100115	Requirements not met
11190100116	Unlocks after opening ${1} chests
11190100117	Instance not successfully cleared
11190100118	At least ${1} Guild Members from the same guild must be in the party
11190100119	Your party must include at least ${1} Members from the same Adventure Guild
11190100120	Reach ${2}% completion for ${1}
11190100121	Gather ${1} ${2} times
11190100122	Reach Dungeon Stage ${1}
11190100123	Rating: ${1}
11190100124	Score
11190100125	Armacia Weak Value
11190100126	Kill ${1} Players
11190100127	Revive ${1} Players
11190100128	${1} Assists
11190100129	Defeat ${1}
11190100130	Attempt requirement Not Reached
11190100131	Participate in Battle of Dragon Coffin Island ${1} times
11190100132	Participate in Wedding Crashers ${1} times
11190100133	Participate in Hunting Challenge ${1} times
11190100134	Participate in Battle of Dragon Coffin Island or Survivor Battle ${1} times
11190100135	Activate ${1} refinement slots
11190100136	Have ${1} Enchant slots on equipped gear
11190100137	Equip ${1} items with an Enchant
11190100138	Equip ${1} pieces of gear with Stunts
11190100139	Deploy ${1} pets of ${2} quality or higher
11190100140	Activate the pet Faction ${1} effect
11190100141	Deploy ${1} Support Pets
11190100142	Reach Alchemy Lab Lv. ${1}
11190100143	Please wait ${1}s for the quest to complete automatically
11190100144	Please complete the designated story performance
11190100145	Rent Job-exclusive ${1}
11190100146	Kill ${1} Monsters in ${2}
11190100147	Spend ${2} skill points on Job ${1}
11190100148	Collect a ${1}-quality card ${1} time(s)
11190100149	Equip ${1} skills of ${1} quality or higher to Totems
11190100150	Equip ${1} totems with full attribute bars
11190100151	Combine ${1} Totems of ${1} quality or higher
11190100152	Deploy ${2} Totems with ${1} skills
11190100153	Deploy ${1} Lv. ${1} Soul Echoes
11190100154	Activate ${1} Lv. ${1} Echo Resonances
11190100155	Reach Resonance Lv. ${1} for all slots
90300	You have left the queue area
90301	Queued for Territory War\n${1} players ahead of you
90302	Queuing: ${1}
11190100159	Claim ${1}'s Map Reward
11190100160	Reach ${1} areas for ${2} rewards
11190100161	Adventure Party Leader has not selected a sapling
11190100162	Some Members have not set a declaration
11190100163	Some Members have not watered the sapling
11190100164	Reach ${1} activated Talent Points
11190100165	Activate ${1} talents
11190100166	Clear Valhalla ${1}
11250000071	PATK
11250000072	MDEF
11250000073	PDEF
11250000074	Life
11250000075	Physical Penetration
11250000076	Magic Penetration
11250000077	HIT
11250000078	FLEE
11250000079	Neutral Resistance
11250000080	Wind Resistance
11250000081	Earth Property Resistance
11250000082	Fire Resistance
11250000083	Water Resistance
11250000084	Poison Resistance
11250000085	Holy Resistance
11250000086	Shadow Resistance
11250000087	Ghost Property Resistance
11250000088	Undead Property Resistance
11250000089	DMG vs All Job
11250000090	DMG Reduction vs All Job
11250000091	Hunting Mastery
11250000092	Hunting Protection
11250000093	CRIT
11250000094	CRIT DMG
11250000095	CRIT RES
11250000096	CRIT DMG Reduction
90350	Go Submit Supplies
90351	${1}\n<color=#B99556>Fatigue accumulating...</color>
90352	You have not joined a guild. You can only receive personal rewards for this submission, not guild rewards. Submit anyway?
90353	Points you can earn today: ${1}/${2}
90354	You can only enter through the Safe Zone
90355	You are already on this map
90356	Today's faction quest has been completed
90500	Survey Deadline
90501	Rewards
90502	Participate Now
90503	Survey
90504	Support
90505	Feedback
90506	Go Give Feedback
25000	Join a guild
25001	Create Guild
25002	Respond to Guild
25003	Guild
25004	Players
25005	Activity
25006	Applied
25007	Guild Master
25008	Introduction
25009	Guild Benefit
25010	Request
25011	Refresh
25012	Request All
25013	Guild Emblem
25014	Guild Name
25015	Emblem Design
25016	Emblem Border
25017	Creation Cost:
25018	Guild Creation Response
25019	Cancel Response
25020	Recruitment
25021	Responses
25022	Time Left
25023	No Guild Available to Join
25024	Please enter a guild name...
25025	Invalid input
25026	No Guild Information Found
25027	No Guild Information
25028	Please try again later
25029	Level too low
25030	You have already joined a guild
25031	Request All has a ${1}-minute cooldown. Please try again later
25032	You have reached the application limit
25033	Applications have been sent to all eligible guilds on the current list
25034	No Guild Information
25035	Guild ID: ${1}\nFormer Guild Name: ${2}
25036	Former Guild Names: ${1}; ${2}; ${3}; ${4}; ${5} (Deprecated)
25037	You cannot chat with yourself
25038	Bonuses
25039	Salary
25040	Skills
25041	Shop
25042	Benefits Overview
25043	Coming Soon
25044	Coming Soon
25045	Coming Soon
25046	Coming Soon
25047	This guild no longer exists
25048	Guild is full
25049	The guild application list is full
25050	You have already applied to this guild
25051	Request sent
25052	Please enter ${1}-${2} characters
25053	Please enter a recruitment message of no more than ${1} characters
25054	Please enter a guild name first
25055	The guild name is too short. Please enter another
25056	The guild name is too long. Please enter another
25057	The guild name is invalid. Please enter another
25058	The guild name is already in use. Please enter another
25059	Please enter a recruitment message first
25060	The recruitment message is invalid
25061	The recruitment message is too long
25062	Not enough items to create the guild
25063	You will spend <color=#C26B47>${1}*${2}</color> to create a guild. Creation Successful requires responses from <color=#C26B47>${4}</color> players within <color=#C26B47>${3}</color> hours. Create the guild? (The required items will be returned if guild creation fails.)
25064	Creation Successful
25065	Reach ${2} Responses within ${1} hours to become Responded. Once Responded, the creator will become the Guild Master via Auto assignment.
25066	Responses: ${1}/${2}
25067	Response Time Remaining: ${1}
25068	Canceling the response will cause guild creation to fail. Cancel the response?
25069	Response canceled. Guild creation failed
25070	Guild creation successful
25071	Response canceled
25072	You have not responded to this guild
25073	Recruitment information sent to the ${1} channel
25074	This can only be sent once every ${1} minutes
25075	[Guild Response] I created a new guild, 【${1}】! All Adventurers are invited to respond (${2}/${3}) 【Respond Now】
25076	No guilds are awaiting responses
25077	Responded
25078	Impeachment Requirements
25079	The Guild Leader is eligible for Impeachment if they have been offline for ${1} days or earned less than ${3} Guild Contribution each week for the past ${2} consecutive weeks
25080	A Guild Member must Join a guild at least ${1} days before they can Impeach
25081	Impeachment Process
25082	After initiating an Impeachment, the initiator must rally Guild Members to respond
25083	The initiator must receive responses from ${1} guild players (${3}% of players who logged in within ${2} days) for the Impeachment to succeed (the initiator responds automatically)
25084	Responses to the Impeachment must be completed within ${1} hours
25085	The Impeachment is failed if the Initiator leaves the Guild voluntarily during the impeachment
25086	The Initiator will become the new Guild Master if the Impeachment is successful.
25087	No Impeachment is currently underway. You may Impeach the Guild Leader
25088	You can Impeach after ${1}
25089	Guild Master cannot self-impeach
25090	You must Join a guild at least ${1} days before you can Impeach
25091	No grounds for impeachment. The Guild Master cannot be impeached.
25092	Spend ${1}${2} to Impeach Guild Leader ${3}?
25093	Insufficient fund, cannot initiate impeachment
25094	Impeachment initiated, waiting for other members to respond
25095	Impeachment initiated
25096	Guild Member ${1} has initiated an Impeachment. You may Respond to Impeachment
25097	Responses:
25098	Response Time Remaining: ${1}
25099	Responded
25100	You are being impeached, unable to proceed.
25101	Cancel the Impeachment of Guild Leader ${1}? You cannot Impeach again for ${2} hours after canceling.
25102	You canceled the Impeachment of Guild Leader ${1}
25103	You have initiated an Impeachment of Guild Leader ${1}. Selecting Leave Guild will automatically cancel the Impeachment. Are you sure you want to leave?
25104	The Impeachment of Guild Leader ${1} was automatically canceled
25105	Impeachment ended
25106	Impeach Guild Master
25107	Impeach
25108	Cancel Impeachment
25109	Respond to Impeachment
25110	Responded
25111	Change Guild Name
25112	Guild Name:
25113	Previous Name:
25114	Confirm Change
25115	No former name
25116	The name cannot be changed again for 7 days
25117	Use ${1} ${2} to Change Guild Name to ${3}?
25118	Insufficient permissions
25119	The guild name cannot be changed again for ${1} days
25120	Not enough ${1} to change the name
25121	The new name cannot be the same as the existing one
25122	Guild name changed successfully
25123	Guild Emblem
25124	Emblem Design
25125	Emblem Border
25126	Save
25127	Valid for: ${1}
25128	Info
25129	Member
25130	Management
25131	Guild Master
25132	Leader
25133	Activity
25134	Funds
25135	ID
25136	Announcement
25137	Guild News
25138	Go to Guild HQ
25139	Edit Announcement
25140	Confirm
25141	Activity Info
25142	Settings
25143	Display Filters
25144	Equipment Forging
25145	Trophy Earned
25146	Gameplay Reward Earned
25147	Title Earned
25148	Pet Obtained
25149	Other Guild News
25150	Posting Settings
25151	Do not post my content in Guild News
25152	Repost
25153	Switch topics randomly
25154	Share
25155	Insufficient permissions
25156	You have not joined a guild
25157	This guild no longer exists
25158	Enter an announcement (up to 160 characters)
25159	Enter an announcement first
25160	The guild announcement contains inappropriate content
25161	The announcement is too long
25162	Changed
25163	Last Week's Activity: ${1}
25164	Last Week's Active rating: ${1}
25165	No data
25166	Very Active
25167	Moderately Active
25168	Active
25169	Very Inactive
25170	Weekly Activity: Guild Members earn Guild Activity by completing guild content. Weekly Guild Activity is the sum of all Guild Members' activity each week
25171	Weekly Active rating: There are 4 Active rating tiers based on Weekly Activity:
25172	Very Active: <color=#7E7361>Weekly Activity ≥ ${1}</color>
25173	Moderately Active: <color=#7E7361>${1} ≤ Weekly Activity ≤ ${2}</color>
25174	Active: <color=#7E7361>${1} ≤ Weekly Activity ≤ ${2}</color>
25175	Very Inactive: <color=#7E7361>Weekly Activity ＜ ${1}</color>
25176	Disbandment Rules: If the guild's Weekly Active rating remains Very Inactive for ${1} consecutive weeks, the guild will automatically disband at 5 o'clock on Monday of week ${2} (the first 2 weeks after the guild is created do not count toward the inactivity period)
25177	Congratulations, ${1}!
25178	Please enter text to share first.
25179	Invalid share text.
25180	Share text is too long.
25181	Shared
25182	You can't like your own post.
25183	You are already in a guild.
25184	Are you sure you want to Leave Guild?\n1. After you Leave Guild, your Guild Funds Donation records will be cleared. If you rejoin this guild within two weeks, your Guild Funds records will be restored.\n2. If you Leave Guild before an auction ends, you will not receive the Auction Dividend.
25185	You must transfer guild leadership before you can Leave Guild.
25186	You have left the guild.
25187	Are you sure you want to remove <color=#C26B47>${1}</color> from the guild?
25188	That character does not exist.
25189	That player has not joined a guild.
25190	Only outgoing management can be dismissed
25191	Kicked out
25192	Member Info
25193	Guild Events
25194	Event Activity
25195	Request List
25196	Guild Member
25197	Level
25198	Combat Power
25199	Weekly Activity
25200	Contribution
25201	Position
25202	Offline Time
25203	Remove
25204	Group Mail
25205	Impeach Guild Master
25206	Leave Guild
25207	Honor Position
25208	Confirm Removal
25209	Cancel Removal
25210	Selected:
25211	Send
25212	Time
25213	Event
25214	Show Only My Events
25215	Position Changes
25216	Member Arrivals and Departures
25217	Building Level-up
25218	Filter
25219	Total Activity
25220	Event Name
25221	Title
25222	Application Time
25223	Log
25224	Auto-Accept
25225	Applicants: ${1}
25226	Agree
25227	Reject All
25228	Recruit Member
25229	Introduction
25230	Recruitment
25231	Player
25232	Invite
25233	Invited
25234	Combat Power Requirement
25235	Refresh List
25236	Online
25237	Offline
25238	Over ${1} hours
25239	Over ${1} days
25240	Over ${1} months
25241	Offline
25242	Select Members to Remove
25243	Change of member information
25244	Are you sure you want to remove the selected ${1} Guild Members?
25245	Kicked out
25246	Leave this screen?\nYour selections will be cleared when you leave.
25247	Messages can only be Sent once every ${1} hours. Please try again later.
25248	Tap to enter a message (max ${1} characters)
25249	This message will be Sent to all Guild Members. Send it now?
25250	Please enter a message first.
25251	Invalid content.
25252	Content is too long.
25253	Mail Sent
25254	Search Members
25255	No Member info found.
25256	Guild is full
25257	${1}: Level too low
25258	${1} has joined a guild.
25259	${1}: Character does not exist
25260	Saved
25261	Sent to the World Chat channel.
25262	[Guild Recruitment]【${1}】 is recruiting: ${2}【Request to Join】
25263	Position Appointment
25264	Permission Management
25265	Appoint Elite
25266	Confirm Appointment
25267	Cancel Appointment
25268	Clear Appointments
25269	Selected: ${1}
25270	Change Position
25271	Current Position:
25272	Position Permission
25273	Guild Master
25274	Leader
25275	Vice Guild Master
25276	Commander
25277	Charisma Baby
25278	Officer
25279	Edit permissions
25280	Cancel Editing
25281	Save edits
25282	Cannot appoint this position.
25283	This position is full
25284	You cannot appoint yourself
25285	Changes saved
25286	${1} has not joined a guild
25287	After an Adventurer joins a guild, the guild will grant them an Honor position based on the Member's historical contribution
25288	As historical contribution increases, the corresponding Honor position is granted automatically. Management positions take display priority
25289	Honor Position
25290	Required Historical Contribution
25291	My Position:
25292	Some positions cannot be appointed
25293	Leave this screen?\nLeaving will automatically clear your elite appointments
25294	Leave this screen?\nLeaving will automatically cancel your edits
25295	Copied
25296	Notice
25317	Less than 1 minute ago
25318	${1} minutes ago
25319	${1} hours ago
25320	${1} days ago
25321	${1} months ago
25322	${1} years ago
25323	Loading...${1}%
25324	Empty
25325	No news available
25343	Respond
25344	<color=#ff0000>${1}</color>/${2}
25345	Building Level-up
25346	Level Up Preview
25347	Max level Effect
25348	Requirement to level up:
25349	This facility has reached Max level
25350	${1} reaches level ${2}
25351	Facility Level-up
25352	Another guild building is currently undergoing Level-up. Please try again once it is complete
25353	Not enough Guild Funds
25354	This building has reached Max level
25355	Spend ${1} Guild Funds to Level-up the ${2} building to level ${3}?
25356	Start Level-up
25357	Level-up in progress...
25358	This is the Guild Level. It governs guild growth and Benefits and determines the Level-up limit for other buildings
25359	Linked to the Guild Shop. Determines item unlocks and purchase limits
25360	Linked to Guild Skills. Determines the Skill Level limit for Guild Skills
25361	Guild Member limit increased from ${1}→${2}
25362	Guild Funds limit increased from ${1}→${2}
25363	Upgrade to unlock more new items
25364	Level-up to unlock a higher Skill Level limit
25365	Benefits
25366	Event
25367	Equip
25368	Tips
25369	This activity is unavailable on the day you change guilds
25370	Event not yet started
25371	Not in the event period
25372	Level too low to participate
25373	Goods Needed by the Caravan
25374	Asking for Aid
25375	Departure Rewards
25376	Load ${1}/${2} to Get Help
25377	Cargo: ${1}/${2}
25378	Departure Rewards
25379	Load 5 or more items to depart
25380	Load <color=#a6e26c>6/7/8</color> items to earn Additional rewards
25381	This item is Sold out
25382	The caravan has departed
25383	Item submitted
25384	Item expired
25385	Load ${1} goods before you can Get Help
25386	You can only Get Help for this item 1 time every ${1} minutes
25387	Get Help limit reached
25388	Get Help request sent to the Help screen
25389	Not enough items
25390	Departure successful
25391	Load ${1} or more items before departing
25392	Loading more goods grants more Additional rewards. Depart now?
25393	The caravan has departed. It will return after 5:00 Tomorrow
25394	[Caravan Help] ${1} posted a request for ${2}X${3} [Tap to Help]
25395	Help limit reached
25396	Get Help request expired
25397	Get Help Cargo
25398	${1}'s Get Help Request
25399	Assistance Reward
25400	Helped Today: ${1}/${2}
25401	Help Load
25402	You cannot help load an item you submitted through Get Help.
25403	${1} helped load it
25404	No cargo currently needs loading
25405	Loaded
25406	Depart
25407	Get Help
25408	Equip
25409	You are already in a guild.
25410	You are participating in a Guild event. Are you sure you want to leave this area?
25411	You are currently in combat. Are you sure you want to leave this area?
25412	Current Guild Funds cap: ${1}
25413	Please do it first
25414	Guild Member limit increased to ${1}
25415	Guild Funds limit increased to ${1}
25416	d
25417	Hour
25418	Minute
25419	sec
25420	Opens Daily
25421	Opens Monday
25422	Opens in ${1} hours
25423	Opens in ${1} minutes
25424	Opens within 1 minute
25425	Event in Progress
25426	${1} building has not reached Lv. ${2}
25427	${1} reaches Lv. <color=#ff0000>${2}</color>
25428	Opens Tuesday
25429	Opens Wednesday
25430	Opens Thursday
25431	Opens Friday
25432	Opens Saturday
25433	Opens Sunday
25434	Quest Expired
25435	You have initiated an impeachment against Guild Leader ${1}. Cancel Impeachment?
25436	Cargo Loading\n1. After 5:00 AM each day, the Guild Caravan will give each Adventurer an order for the day's required cargo. The cargo can be crafted or purchased through the Trade Exchange or a Stall.\n2. After loading the cargo, the Adventurer will receive Personal Rewards based on its value.\n3. After loading 5 pieces of cargo in a day, the Adventurer can select Depart and receive generous rewards.\n4. Select Depart after loading 6\7\8 pieces of cargo to receive more Additional rewards.\n\nCargo Help\n1. Players can use Get Help to request cargo from guildmates.\n2. When a guildmate uses Help Load, both the helper and the requester receive rewards. Help your friends whenever you can!\n3. The number of times you can Get Help and Help Load each day is limited, so plan wisely!\n
25437	Guild:
25438	Guild Leader:
25439	Awaiting Response
25440	Countdown:
25441	Responses:
25442	Guild Fund Description
25443	Tap to enter a Guild Declaration
25444	Power Requirement:
25445	Royal Caravan
25446	Wandering Caravan
25447	Refresh all items that haven't been submitted or used Get Help? Are you sure?
25448	${1}noticed your Get Help request and helped you submit the item.
25449	Get Help Today: ${1}/${2}
25450	Refreshed Today: ${1}/${2}
25451	Load Rewards
25452	Lowest unit price selected based on the required quantity.
25453	There are currently no items to purchase.
25454	I helped you load ${1} ${2} during the Guild Caravan event.
25455	Departure Reward for Fully Loading ${1} Item Types
25456	My Aid Requests
25457	Open All Day
25458	No content available to refresh.
25459	<size=54>Guild</size> Caravan
25460	Rewards
25461	Quick Buy
25462	Cancel Help Request
25463	Achieved
25464	Select All
25465	Trade - Sold out
25466	"Unit Price: <sprite name=""${1}""> ${2}"
25467	Total Price:
25468	Already refreshed today
25469	Buy
25470	Sell
25471	Stock: ${1}
25472	Black Gold prices have soared today.
25473	Recent Average Trade Price${1}
25474	Recent Transactions
25475	Today's data updates daily at ${1}
25476	Highest:
25477	Lowest:
25478	Average:
25479	Stall Count
25480	Trade Fee${1}
25481	List Resources
25482	Pending Listing
25483	For Sale: ${1}
25484	Expired
25485	Guild Inventory
25486	List Item
25487	Update
25488	Withdraw
25489	List Item
25490	Purchase History
25491	Sales History
25492	Item
25493	Cost
25494	Order Number
25495	Time
25496	Actual Earnings
25497	Fee
25498	Keep up to 20 records
25499	Trade History
25500	Unit Price
25501	Amount
25502	Total Price
25503	When an item is sold, the System will charge ${1} of the total price as a fee
25504	Listed successfully.
25505	Guild Military Supplies are about to exceed the limit. Any excess will be discarded. Continue?
25506	Guild Management can Trade Military Supplies here, using Guild Funds as the Currency
25507	Stall updated
25508	Sell: ${1}
25509	Please enter a multiple of ${1}
25510	You can list again in ${1} seconds
25511	Data updates once per hour
25512	"<color=${1}><sprite name=""${2}"">${3}</color>"
25513	Online Members:
25514	Guild Permissions
25515	<size=54>Guild</size> Caravan
91052	${1}~ ${2} players placed the correct bet
10620200000	The Academy has witnessed the growth and potential you have shown throughout your journey. Now, you have reached a pivotal point on your path to power—the time has come for your second class advancement.\nWe cordially invite you to return to Kratu Academy and choose your specialized path. This advancement will determine your future development and shape your combat style and calling.\nI will await your arrival at the Academy so that we may embark on this new journey together.
10620200001	This is a test note
10620200002	"I can't believe you managed to slip away from Moonlight Flower. You've got some skill after all, unlike the fools who came before you.\nIt seems you've barely passed the first round of our carefully designed ""qualification test."" After all, anyone who can't even play the game has no right to challenge us.\nBut don't get cocky. That was just a warm-up. If you truly think you have what it takes to stand against us, come settle this at the Sandsea Labyrinth in South Morroc (exact coordinates: @{1}, @{2}).\nWe solemnly swear that we will keep our word this time and face you in a fair fight!\nP.S. If you lose, everything you're carrying belongs to us. The victor deserves to take all."
10620200003	"I hope you can spare a moment. Ever since I heard about you riding a giant ant through the nest, I haven't been able to get that incredible image out of my mind. Drawing on our... ahem, less-than-pleasant shared experience, I successfully reverse-engineered a unique pheromone from the remaining Ant Queen carapace samples. I believe I've found the ""key"" to recreating your extraordinary feat!\nThis is an absolutely fascinating case study in biology, and I urgently need a witness. Please meet me in the woods near Prontera West Gate.\nOne more thing: If it's not too much trouble, could you bring me a sandwich on your way? My lunch has disappeared again."
10620200004	I sent letters to both Professor Ryan and the Captain, but neither has responded. I suspect you're probably with them, so I'm sending this letter directly to you.\nTo make a long story short, we have a difficult situation. A caravan traveling overland from Juno with an important package for the Professor was attacked by Baphomet near the edge of the forest—again. The cargo is currently missing, but fortunately, most of the caravan members suffered only minor injuries and made it back safely.\nThis matter must be handled as soon as possible. If you can, please make sure the Professor and the Captain hear about it.\nI've enclosed the exact location and details with this letter.
10620200005	An interesting bounty was recently posted on the Prontera bulletin board. It's about an elusive band of Thieves. Those old sticks-in-the-mud in the guard have been investigating for ages without finding a single lead, and I thought this case would be right up your alley.\nThe pay is good, but more importantly, my instincts tell me there's more to this than meets the eye. You're resourceful, so I trust you to investigate it.\nI've already spoken to the guards, so just go take a look at the bounty notice. Follow the trail wherever it leads, and if you need any help, come find me at Eden Group anytime.
10620200006	Your pathetic attempt at sneaking around is downright painful to watch! What makes a Mouse hiding in the shadows like you think you're worthy of tracking the Z Group?\nYour relentless pursuit may be laughable, but at least you've shown a little courage. In our boundless mercy, we've decided to give you a chance to settle this face-to-face.\nIf you don't want to spend your life as a coward who does nothing but chase rumors around town, come alone to the pond in Southern Payon. We'll be waiting to show you what true power looks like.\nOf course, if you're scared, feel free to keep hiding in your shell!
10620200007	After our last adventure in the desert, we've built an exceptionally solid foundation of trust.\nThe lovely Miss Aiquni told me that I could send any future requests your way and put you to work however I pleased. The more I thought about it, the more I liked the idea of making you my assistant for a while.\nCome find me near the fountain. I have an extremely urgent matter that requires your help.
10620200008	Hello. I'm almost finished repairing the equipment those blasted little thieves damaged, but first I need your help. It's extremely urgent, so come see me right now!
10680100000	Job Advance Scene
10680100001	Unknown Area
10680100002	Test Instance
10680100003	Prontera West Gate
10680100004	Prontera North Gate
10680100005	Adventure Party Creation Instance
10680100006	Rainbow Koi Dungeon
10680100007	Izlude
10680100008	Royal Palace
10680100009	Culvert Floor @{1}
10680100010	Payon
10680100011	Southern Payon
10680100012	Eastern Payon
10680100013	Payon Forest
10680100014	Payon Instance
10680100015	Geffen
10680100016	Multiplayer PvP
10680100017	Goblin Forest
10680100018	Geffen East Gate
10680100019	Desert Crossroad
10680100020	Ant Hell
10680100021	Spirit Tower
10680100022	Battleground of the Gods
10680100023	RO Survivors
10680100024	Sky Realm
10680100025	Underground Kingdom
10680100026	Training Ground
10680100027	Guild League - Main Battlefield
10680100028	Guild League - Sub-Battlefield
10680100029	Shine! Alpaca Girl
10680100030	Mock Battle - Registration Phase
10680100031	Mock Battle
10680100032	War of Emperium
10680100033	Multilevel Pathfinding
10680100034	Stronghold Battle
10680100035	Eastern Prontera State Capital
10680100036	Western Prontera State Capital
10680100037	Southern Prontera State Capital
10680100038	Eastern Geffen State Capital
10680100039	Western Geffen State Capital
10680100040	Southern Geffen State Capital
10680100041	Eastern Payon State Capital
10680100042	Western Payon State Capital
10680100043	Southern Payon State Capital
10680100044	Eastern Morroc State Capital
10680100045	Western Morroc State Capital
10680100046	South Morroc State Capital
10680100047	Eastern Izlude State Capital
10680100048	Western Izlude State Capital
10680100049	Southern Izlude State Capital
10680100050	Eastern Alberta State Capital
10680100051	Western Alberta State Capital
10680100052	Southern Alberta State Capital
10680100053	Territory War Grid - @{1}
10680100054	Stronghold Battle White Box
10680100055	Kafra - Battle for Survival
10680100056	Treasure Chamber
10680100057	Stage Test Blueprint
10680100058	Dragon Hunt
10680100059	Seal Defense Battle
10680100060	Battle of Dragon Coffin Island
10680100061	Dracula's Lair
10680100062	Sky Temple (Test)
10680100063	Battle in the Sea of Clouds (Test)
10680100064	Hope Beach (Test)
10680100065	Chaos Realm (Test)
10680100066	Temple of Cadence
10680100067	Above the Sea of Clouds
10680100068	Wailing Tidal Flats
10680100069	Chaos Court
10680100070	Whaleback Chute
10680100071	Giantbone Wastes
10680100072	Battle in the Sea of Clouds - Spiral Slide
10680100073	S@{1}-GVE-@{2}boss
10680100074	Realm of the Gods
10680100075	S@{1} 10-Player Dungeon No. @{2}
10680100076	S@{1}10-Player Raid No. @{2}-@{3}
10680100077	Stronghold Battle-@{1}
10680100078	Orc Village
10680100079	Silent Ship
10680100080	Mt. Mjolnir
10680100081	Culvert
10680100082	Ant Hell
10680100083	Pyramid Maze
10680100084	Pharaoh
10680100085	Moonlight Flower
10680100086	Baphomet
10680100087	Gryphon
10680100088	Dark Priest
10680100089	Vocal
10680100090	Maya
10680100091	Orc Hero
10680100092	Eddga
10680100093	Osiris
10680100094	Pirate Captain
10680100095	Guild
10680100096	Ring Test
10680100097	MVP Role-Playing Party
10680100098	Boss Challenge
10740000003	Splash
10740000004	Multi-hit
10740000005	Neutral
10740000006	Wind
10740000007	Earth
10740000008	Fire
10740000009	Water
10740000010	Poison
10740000011	Holy
10740000012	Shadow
10740000013	Ghost
10740000014	Undead
10740000015	Revive
10740000016	Healing
10740000017	Control
10740000018	Shield
10740000019	Buff
10740000020	Debuff
10740000021	Damage over Time
10740000022	Summon
10740000023	Immunity
10740000024	Burst
10740000025	Orbit
10740000026	Transform
10740000027	Movement
10740000028	Active
10740000029	Passive
10740000030	Stealth
10740000031	Break Stealth
10740000032	Detect Stealth
10740000033	Support
10740000034	Bow
10740000035	Main Combat - Assault
10740000036	Main - Buff
10740000037	Main Combat - Debuff
10740000038	Main Battle - Recovery
10740000039	Main Combat - Shield
10740000040	Main Battle - Control
10740000041	Main Combat - Control Immunity
10740000042	Main Battle - Control Removal
10740000043	Pet Protection Access
10740000044	Pet Protection Actual Effect Trigger - Output
10740000045	Pet Protection Effect Trigger - Buff
10740000046	Pet Protection Effect Triggered - Debuff
10740000047	Pet Protection Effect Triggered - Recovery
10740000048	Pet Protection Effect Trigger - Shield
10740000049	Pet Protection Effect Triggered - Crowd Control
10740000050	Pet Protection Effect Triggered - Control Immunity
10740000051	Pet Protection Effect Triggered - Remove Control
10740000052	Pet Protection: Actual Effect Trigger
10740000053	Yggdrasil Totem
10740000054	Pet Skill
10740000055	Upgrade
10740000056	Dispel
91501	The entry period has ended. You can no longer enter the Gala Quiz.
91502	Betting hasn't opened yet. Please wait.
91503	You can only bet on one Lucky Star during each event. Confirm your bet on [${1}]?
91504	You've already placed a bet on a Lucky Star. Don't get greedy!
91505	The Grand Celebration invitations have already begun, so no more bets can be placed!
91506	Are you sure you want to leave the Grand Celebration Invitation event?\n(Leaving will count as forfeiting.)
91507	Cancel
91508	Confirm
91509	You're already in the Lucky Koi Quiz Arena!
91510	The bet has expired.
91511	Please select the Lucky Star you want to bet on.
91512	You can place your bet now!
91513	You cannot Teleport to the quiz Location while in a Cross-server area, Dungeon, or plane.
91514	Confirm Exit from Festival Invitation?\n(You may enter or leave the Location at any time while getting Ready.)
91515	The maximum number of players who can Place Bet has been reached.
91516	You cannot respond to Follow or Rally requests in the quiz Location.
91517	Place Bet: Successful
91518	Place Bet: Failed
12390000000	Card: Lunatic
12390000001	Card: Savage Babe
12390000002	Card: Fabre
12390000003	Card: Drops
12390000004	Card: Familiar
12390000005	Card: Thief Bug Female
12390000006	Card: Skeleton
12390000007	Card: Magnolia
12390000008	Card: Hornet
12390000009	Card: Beetle King
12390000010	Card: Zenorc
12390000011	Card: Driller
12390000012	Card: Mummy
12390000013	Card: Ambernite
12390000014	Card: Thief Bug Egg
12390000015	Card: Ant Egg
26000	MVP
26001	Drops
26002	Reward Count
26003	Last Battle Report
26004	Go
26005	Refresh Time:
26006	Today's Remaining Reward Count
26007	Rewards
26008	Participation Rewards
26009	First Strike Reward
26010	Final Blow Reward
26011	All MVPs share the same Reward Count\nReward Count resets daily at 5
26012	Best Attacker
26013	Best Healing
26014	Most Damage Taken
26015	Report
26016	First Strike Owner
26017	Final blow
26018	Score Ranking
26019	Damage Ranking
26020	Damage Taken Ranking
26021	Healing Ranking
26022	Death Ranking
26023	Rank
26024	Team Name
26025	Damage
26026	Points
26027	Rewards
26028	TIPS: Only the top 100 teams are shown. All participating teams receive rewards, and higher rankings grant better rewards
26029	Decay
26030	If a team has a Member with no Reward Count remaining, its score will be reduced by a certain percentage
26031	Team
26032	First Strike
26033	Final Blow
26034	Damage
26035	Healing
26036	DMG Taken
26037	Death
26038	Spawned
26039	Map Appeared: ${1}
26040	Unranked
26041	No Adventurer has defeated this MVP yet!
26042	${1}'s Party
26043	Respawns after ${1}
26044	MVP Rules
26045	Basic Rules:\n1. MVPs share HP across multiple channels. When an MVP appears, it can be found and fought on every channel, and all battle contributions count toward the rankings.\nReward Rules:\n1. MVP rewards are divided into four types: Team Rewards, Participation Rewards, First Strike Rewards, and Final Blow Rewards. Each type has an independent Reward Count and does not affect the others. Click the Reward Count for details.\n2. Participation Rewards and Team Rewards have a Chance to contain Rare rewards such as cards. The higher the team's ranking, the greater the Chance of receiving them.\nRanking Rules:\n1. After an MVP is defeated, scores are calculated for all participating teams based on damage dealt, damage taken, Healing Volume, and death count. Deaths deduct a small number of points. All participating teams are then ranked by score.\n2. If a team has a Member who has reached the Team Reward limit, its total score will be reduced by a certain percentage. The more Members who have reached the limit, the greater the reduction.
26046	Please select a direction
26047	Contact Guild Master
26048	MVP status updated
26049	Show updated only
26050	Rare
26051	Today's Reward Count has been exhausted. You cannot receive any more rewards
26052	Congrats on Obtaining the following rewards
26053	Today's Remaining Claim Count:
26054	You are already on the Map Appeared for this MVP. Find it yourself!
26055	Challenge
26056	MVP Kill
26057	No Records
12390000074	Card: Anubis
12390000075	Card: Savage
12390000076	Card: Steel Chonchon
12390000077	Card: Peco Peco
12390000078	Card: Cornutus
12390000079	Card: Whisper
12390000080	Card: Marse
12390000081	Card: Choco
12390000082	Card: Isis
12390000083	Card: Dustiness
12390000084	Card: Hode
12390000085	Card: Myst
12390000086	Card: Frilldora
12390000087	Card: Jakk
12390000088	Card: Marionette
12390000089	Card: Baphomet Jr.
12390000090	Card: Orc Zombie
12390000091	Card: Merman
12390000092	Card: Sohee
12390000093	Card: Wild Rose
12390000094	Card: Raggler
12390000095	Card: Vitata
12390000096	Card: Smokie
12390000097	Card: Marine Sphere
12390000098	Card: Horong
12390000099	Card: Bongun
12390000100	Card: Greatest General
12390000101	Card: Mimic
12390000102	Card: Zerom
12390000103	Card: Mantis
12390000104	Card: Stem Worm
12390000105	Card: Kobold
12390000106	Card: Wraith
12390000107	Card: Wind Ghost
12390000108	Card: Marin
12390000109	Card: Kukre
12390000110	Card: Grove
12390000111	Card: Alligator
12390000112	Card: Coco
12390000113	Card: Martin
12390000114	Card: Ladybug
12390000115	Sketch Card: Orc Hero
12390000116	Sketch Card: Mistress
12390000117	Sketch Card: Pharaoh
12390000118	Sketch Card: Baphomet
12390000119	Sketch Card: Golden Thief Bug
12390000120	Sketch Card: Maya
12390000121	Sketch Card: Deviling
12390000122	Sketch Card: Osiris
12390000123	Sketch Card: Eddga
12390000124	Card: Elder Willow
12390000125	Sketch Card: Moonlight Flower
12390000126	Sketch Card: Angeling
12390000127	Sketch Card: Orc Lord
12390000128	Sketch Card: Drake
12390000129	Sketch Card: Phreeoni
12390000130	Sketch Card: Dracula
12390000131	Sketch Card: Doppelganger
12390000132	Sketch Card: Goblin Leader
12390000133	Sketch Card: Kraken
12390000134	Card: Ghoul
12390000135	Card: Cramp
12390000136	Card: Soldier Skeleton
12390000137	Card: Rotar Zairo
12390000138	Card: Archer Skeleton
12390000139	Card: Goblin Archer
12390000140	Card: Hydra
12390000141	Card: Minorous
12390000142	Card: Goblin Steamrider
12390000143	Card: Side Winder
12390000144	Card: Skeleton Worker
12390000145	Card: Gryphon
12390000146	Card: Kobold Archer
12390000147	Card: Kobold Leader
12390000148	Card: Dark Priest
12390000149	Card: Desert Wolf
12390000150	Card: Squidgitte
12390000151	Card: Horn
12390000152	Card: Thara Frog
12390000153	Card: Sasquatch
12390000154	Card: Sandman
12390000155	Card: Marc
12390000156	Card: Swordfish
12390000157	Card: Dokebi
12390000158	Card: Argiope
12390000159	Card: Pasana
12390000160	Card: Ghostring
12390000161	Card: Pot Dofle
12390000162	Card: Killer Mantis
12390000163	Card: Eclipse
12390000164	Card: Vocal
12390000165	Card: Toad
12390000166	Card: Dragon Fly
12390000167	Card: Mastering
12390000168	Card: Orc Baby
12390000169	Card: Vagabond Wolf
12390000170	Card: Nine-Tail
12390000171	Card: Creamy Fear
12390000172	Card: Verit
12390000173	Card: Matyr
12390000174	Card: Cat o' Nine-Tail
12390000175	Card: Creamy
12390000176	Card: Obeaune
12390000177	Card: Pirate Skeleton
12390000178	Card: Orc Archer
12390000179	Card: Phen
12390000180	Card: Giearth
12390000181	Card: Marduk
12390000182	Card: Nightmare
12390000183	Card: Deviruchi
12390000184	Card: Maya Purple
12390000185	Portrait Card: Orc Hero
12390000186	Portrait Card: Mistress
12390000187	Portrait Card: Pharaoh
12390000188	Portrait Card: Baphomet
12390000189	Portrait Card: Golden Thief Bug
12390000190	Portrait Card: Maya
12390000191	Portrait Card: Deviling
12390000192	Portrait Card: Osiris
12390000193	Portrait Card: Eddga
12390000194	Card: Argos
12390000195	Card: King Dramoh
12390000196	Portrait Card: Moonlight Flower
12390000197	Portrait Card: Angeling
12390000198	Portrait Card: Orc Lord
12390000199	Portrait Card: Drake
12390000200	Portrait Card: Phreeoni
12390000201	Portrait Card: Dracula
12390000202	Portrait Card: Doppelganger
12390000203	Portrait Card: Goblin Leader
12390000204	Portrait Card: Kraken
12390000205	Card: Leib Olmai
12390000206	Shadow Card: Drake
12390000207	Shadow Card: Phreeoni
12390000208	Shadow Card: Dracula
12390000209	Shadow Card: Doppelganger
12390000210	Shadow Card: Baphomet
12390000211	Shadow Card: Goblin Leader
12390000212	Shadow Card: Golden Thief Bug
12390000213	Shadow Card: Maya
12390000214	Shadow Card: Angeling
12390000215	Shadow Card: Orc Lord
12390000216	Shadow Card: Deviling
12390000217	Shadow Card: Kraken
12390000218	Shadow Card: Eddga
12390000219	Shadow Card: Moonlight Flower
12390000220	Shadow Card: Osiris
12390000221	Shadow Card: Orc Hero
12390000222	Shadow Card: Mistress
12390000223	Shadow Card: Pharaoh
12390000224	Card: Drake
12390000225	Card: Phreeoni
12390000226	Card: Dracula
12390000227	Card: Doppelganger
12390000228	Card: Baphomet
12390000229	Card: Goblin Leader
12390000230	Card: Golden Thief Bug
12390000231	Card: Maya
12390000232	Card: Angeling
12390000233	Card: Orc Lord
12390000234	Card: Deviling
12390000235	Card: Kraken
12390000236	Card: Eddga
12390000237	Card: Moonlight Flower
12390000238	Card: Osiris
12390000239	Card: Orc Hero
12390000240	Card: Mistress
12390000241	Card: Pharaoh
12390000242	Zeny
12390000243	Minted Coin
12390000244	Sacred Relic Crystal
12390000245	Credit Points
12390000246	Activity
12390000247	Competition Medal
12390000248	Survivor Battle Net Victory Points
12390000249	Survivor Battle Net Victory Protection Points
12390000250	Trial Coins
12390000251	MVP Coin
12390000252	MVP Season Rank Points
12390000253	War of Emperium Season Rank Points
12390000254	Guild League Season Rank Points
12390000255	Secondary Profession Season Rank Points
10570000000	Incorrect main story path selected.
10570000001	Requires Base Level ^{1}${1}^{2}
10570000002	Requires job type ^{1}${1}^{2}
10570000003	Requires the specified buff.
10570000004	Interaction unavailable
10570000005	Spirit Tower Floor ${1} has not been cleared.
10570000006	Requires the ${1} job.
10570000007	Requires the specified number of items.
10570000008	The current time is outside the specified period.
10570000009	Quest not yet completed.
10570000010	Faction mismatch
10570000011	Function Not Available
10570000012	Quests ${1} not accepted
10570000013	You have not Learned this skill
10570000014	Corresponding Appearance not unlocked
10570000015	Insufficient buff Floors^{1}${1}^{2}
10570000016	Must equip ^{1}${1}^{2}
10570000017	Must not equip ^{1}${1}^{2}
10570000018	Must be mounted on ^{1}${1}^{2}
10570000019	Must not be mounted on ^{1}${1}^{2}
10570000020	Must carry ^{1}${1}^{2}
10570000021	Must not carry ^{1}${1}^{2}
10570000022	Flying is not allowed in the current Location
10570000023	This equipment is not currently equipped
10570000024	HP is already full
10570000025	Current Season start requirements not met
10570000026	Server age requirement not met
10570000027	World Level requirement not met
10570000028	First Clear time requirement not met
10570000029	Party does not meet the required number of different classes
10570000030	Party does not meet the required number of Members of the same class
10570000031	Specified area not yet reached
10570000032	Not enough Guild Members from the same guild in the party
10570000033	Insufficient Guild Bonfire participation
10570000034	Insufficient Guild GvE participation
10570000035	Insufficient Guild League participation
10570000036	Insufficient Guild Siege participation
10570000037	Insufficient Guild Territory War participation
10570000038	Not enough Guild Siege points earned
10570000039	Not enough Adventure Group Members
10570000040	Adventure Group Level too low
10570000041	Adventure Group declaration not displayed
10570000042	Insufficient Kills of monsters at the corresponding level
10570000043	Friendship requirement not met
10570000044	Reach Friendship Lv. ${1} with any friend
10570000045	Reach Friendship Lv. ${2} with any ${1} friends
10570000046	Rank requirement not met
10570000047	Clear 【${1}】 difficulty
10570000048	Not in the specified area
10570000049	Only the Party Leader can perform this action
10570000050	No next dungeon available
10570000051	No Connect Bond with any party Member
10570000052	Enrage time remaining after clearing the dungeon does not meet the requirement
10570000053	Revives remaining after clearing the dungeon do not meet the requirement
10570000054	Not all objectives have been completed
10570000055	Event Not Available
10570000056	Event has been available longer than the time limit
10570000057	Invalid Ritual status
10570000058	Invalid identity
10570000059	Appearance mismatch
10570000060	You're not a Lucky Star
10570000061	Not enough Revives remaining in the dungeon
10570000062	Current guild position does not meet the requirement
10570000063	Current guild building level does not meet the requirement
10570000064	Did not participate in the current guild event
10570000065	Guild Auction locked
10570000066	Locked
10570000067	This item is being used by another Faction
10570000068	Limited to the ${1} scenario
10570000069	Available after the ${1} scenario
10570000070	Available starting in Phase ${1}
10570000071	Conqueror qualification required
10570000072	Royal City qualification required
10570000073	Requires ${1} class level ${2}
10570000074	Requires the ${2} professional title
10570000075	${1} is full!
10570000076	No corresponding skill!
10570000077	Interaction is currently unavailable
10570000078	Locked
10570000079	Not at the Bonfire Party!
10570000080	Requirements not met
10570000081	Not Yet Available (Deprecated)
10570000082	Valhalla ${1} has not been cleared yet.
10570000083	Not currently on this screen
10570000084	Not enough Soul Echoes Deployed
12390000341	Bash Sword
12390000342	Byeollungum
12390000343	Two-Handed Sword
12390000344	Novice Two-Handed Sword
12390000345	Yalt Sword
12390000346	Novice Yalt Sword
12390000347	Greatsword
12390000348	Novice Greatsword
12390000349	Heavy Two-Handed Sword
12390000350	Claymore
12390000351	Giant Two-Handed Sword
10220300000	Strength +${1}, Dexterity +${2}, Intelligence +${3}.
10220300001	Searching for enemies within range who are ^{1}Hidden^{2}.
10220300002	Agility +${1}, Attack Speed +${2}%, Movement Speed +${3}%.
10220300003	Physical DEF +${1} and Max Life +${2}.
10220300004	Agility -${1} and Movement Speed -${2}%.
10220300005	Blocks ranged Physical damage.
10220300006	This unit's Physical DEF is reduced.
10220300007	Damage taken by this unit from the next hit is increased by ${1}%.
10220300008	MP Recovery Speed +${1}% and Magic ATK +${2}.
10220300009	LUK increases by ${1}.
10220300010	Become briefly Invincible and restore MP.
10220300011	This unit's weapon gains the Holy property.
10220300012	This shield absorbs Physical damage equal to Magic ATK *${1}%.
10220300013	This unit's Physical ATK and Magic ATK increase by ${1}.
10220300014	Increases Cast Speed by ${1}.
10220300015	Become briefly Invincible and restore Life.
10220300016	Physical DEF and Magic DEF +${1}%, Healing Received +${2}%.
10220300017	Holy damage +${1}%.
10220300018	Each stack increases Magic ATK by ${1}.
10220300019	Attack Speed +${1}%.
10220300020	Physical/Physical DEF +${1}%.
10220300021	Gain @{1} chances to become immune to movement-impairing status effects.
10220300022	Includes Stun, Knockback, Knock-up, Fear, Freeze, Petrify, Sleep, Silence, Immobilize, Darkness, Chill, Slow, Bleed, and Poisoned. These effects caused by dungeon content are excluded.
10220300023	Refers to effects that cause players to Cannot move or reduce their Movement Speed. These effects caused by dungeon content are excluded.
10220300024	Gain a universal damage-absorption shield.
10220300025	Gain ${1}% Magic ATK and Physical ATK.
10220300026	Gain ${1}% damage reduction and one chance to Respawn upon taking fatal damage.
10220300027	Gain one chance to Instant respawn upon death, excluding deaths caused by certain dungeon mechanics.
10220300028	Gain a permanent damage-absorption shield.
10220300029	Protected by the Sacred Tree Spirit, granting one chance to Instant respawn upon taking fatal damage (excluding deaths caused by certain dungeon mechanics).
10220300030	Invincible.
10220300031	Gain ${1}% Holy damage.
10220300032	Gain ${1}% Holy damage.
10220300033	This unit continuously restores Life.
10220300034	Already protected by the Sacred Tree Spirit. Cannot be triggered again.
10220300035	City Fallen Debuff
10220300036	Guild Battle Prep Buff
10220300037	Strength +@{1}, Physical ATK +@{2}
10220300038	Vitality +@{1}, Luck +@{2}
10220300039	Strength +@{1}
10220300040	Attack Speed +@{1}%.
10220300041	Physical ATK +@{1}
10220300042	Physical Damage +@{1}%
10220300043	Movement Speed increases by ${1}%
10220300044	Gain Melt Down for ${1} seconds. While active, attacks against enemy players have a ${2}% Chance to cause ^{1}Weapon Damage^{2} (disabling all attributes, affixes, and Stunts on both main-hand and off-hand weapons) for ${3} seconds. Attacks against monsters instead have a ${4}% Chance to reduce their ^{3}${5}%^{4} Physical ATK and DEF for ${6} seconds.
10220300045	Weapon damaged. All Main/Off-Hand Weapon stats and Affixes are not Active.
10220300046	Reduces Physical ATK and DEF by ${1}%
10220300047	Physical ATK +${1}
10220300048	Crit Chance +@{1}%
10220300049	^{1}^{2}【Cart Revolution】^{3}^{4}: Percentage damage multiplier +${1}%; Fixed Damage Increase +${2}.
10220300050	^{1}^{2}【Cart Revolution】^{3}^{4} hits its primary target, triggering 【Money Throw】 @{1} Extra times and dealing PATK * ${1}% + ${2} Neutral melee Physical damage. This effect has a ${3}-second Cooldown.
10220300051	After using ^{1}^{2}【Cart Revolution】^{3}^{4}, immediately trigger @{1} instances of 【Gunpowder Throw】, dealing Fire melee Physical damage equal to PATK * ${3}% + ${4} to up to ${2} enemies within ${1} meters. This effect has a ${5}-second Cooldown.
10220300052	STR increases by ${1}.
10220300053	VIT increases by ${1}.
10220300054	^{1}^{2}【Hammer Fall】^{3}^{4}'s percentage damage multiplier increases by ${1}%, and its fixed Damage Increase increases by ${2}.
10220300055	^{1}^{2}【Hammer Fall】^{3}^{4} strikes ${1} enemies within range with 【Earth Spike】, dealing Neutral melee Physical damage equal to PATK * ${2}% + ${3}, with a ${4}% Chance to inflict ^{5}^{6}【Stun】^{7}^{8} for ${5} seconds. This effect has a ${6}-second Cooldown.
10220300056	^{1}^{2}【Hammer Fall】^{3}^{4}For every @{1} enemies hit, the percentage damage multiplier increases by ${1}%, up to ${2}%.
10220300057	^{1}^{2}【Crazy Uproar】^{3}^{4}Extra PATK +${1}.
10220300058	^{1}^{2}【Crazy Uproar】^{3}^{4}Extra VIT +${1} and LUK +${2}.
10220300059	^{1}^{2}【Crazy Uproar】^{3}^{4}grants an Extra ${1} STR.
10220300060	^{1}^{2}[Weaponry Research]^{3}^{4} At Lv. @{1}, increases PATK by ${1}.
10220300061	^{1}^{2}【Cart Revolution】^{3}^{4}CRIT Chance increases by ${1}%.
10220300062	^{1}^{2}Adrenaline Rush^{3}^{4} Lv. ${1} increases your STR by ${1}.
10220300063	^{1}^{2}[Adrenaline Rush]^{3}^{4} grants the Blacksmith Class an Extra ${1}% ASPD.
10220300064	^{1}^{2}【Adrenaline Rush】^{3}^{4} ignores Job Restriction.
10220300065	^{1}^{2}【High Speed Cart Ram】^{3}^{4} percentage damage multiplier +${1}%; Fixed Damage Increase +${2}.
10220300066	^{1}^{2}[High Speed Cart Ram]^{3}^{4}performs @{1} Extra [Cart Clash] attacks against targets below ${1}% HP, dealing PATK*${2}%+${3} Neutral melee Physical damage and inflicting ^{5}^{6}[Stun]^{7}^{8} for @{2} seconds. This effect has a ${4}-second Cooldown.
10220300067	^{1}^{2}【High Speed Cart Ram】^{3}^{4} triggers 【Explosive Strike】 an Extra @{1} times when cast, dealing Neutral melee Physical damage equal to PATK * ${3}% + ${4} to up to ${2} enemies within ${1} meters. This effect has a ${5}-second Cooldown.
10220300068	^{1}^{2}【Maximize Power】^{3}^{4}is Active for up to ${2} allies within ${1} meters.
10220300069	^{1}^{2}[Maximize Power]^{3}^{4} Increases your PATK by ${1}.
10220300070	^{1}^{2}【Maximize Power】^{3}^{4} increases nearby allies' PATK by ${1}.
10220300071	^{1}^{2}【Cart Boost】^{3}^{4} increases the damage bonus of ^{5}^{6}【High Speed Cart Ram】^{7}^{8} by ${1}% while active.
10220300072	^{1}^{2}【Cart Boost】^{3}^{4} maximum Cooldown is reduced by ${1} sec. Gain ^{9}^{10}【Immunity】^{11}^{12} for ${2} sec. after casting ^{5}^{6}【Cart Boost】^{7}^{8}.
10220300073	^{1}^{2}【Cart Boost】^{3}^{4} duration is extended by ${1} sec.
10220300074	^{1}^{2}【Maximum Over Thrust】^{3}^{4} is Active for up to ${2} allies within ${1} meters.
10220300075	^{1}^{2}【Maximum Over Thrust】^{3}^{4}increases Physical damage dealt by ${1}%.
10220300076	^{1}^{2}【Maximum Over Thrust】^{3}^{4}grants an Extra ${1}% Crit Chance.
10220300077	Movement Speed -@{1}%
10220300078	Gain a shield equal to ${1}% of your Life.
10220300079	Restore ${1}% of your Life.
10220300080	Using 【Axe Smash】 or 【Axe Tornado】 grants stacks of 【Blade Mark】. At @{1} stacks, triggers 【Axe Boomerang - Enhance】.
10220300081	At @{1} stacks, triggers 【Firepower Loading】.
10220300082	Cannon Enhance lasts for @{1} uses.
10220300083	When attacked, the Melody Bubble gradually expands and explodes, dealing damage.
10220300084	Movement Speed +@{1}%
10220300085	Gain a shield.
10220300086	Releases energy when the countdown ends.
10220300087	Dance Move Check
10220300088	Obtain a Giant Transformation item.
10220300089	Enlarged
10220300090	Obtain a Dwarf Transformation item.
10220300091	Obtain a Red Thread item.
10220300092	A red thread now connects you and them.
10220300093	When dealing damage, has a @{1}% Chance to inflict 【Stun】 on the enemy for @{2} sec. Internal Cooldown: @{3} sec. Chance stacks with multiple cards.
10220300094	When dealing damage, has a @{1}% Chance to inflict 【Blind】 on the enemy for @{2} sec. Internal Cooldown: @{3} sec. Chance stacks with multiple cards.
10220300095	When dealing damage, has a @{1}% Chance to inflict 【Curse】 on the enemy for @{2} sec. Internal Cooldown: @{3} sec. Chance stacks with multiple cards.
10220300096	When dealing damage, has a @{1}% Chance to inflict 【Immobilize】 on the enemy for @{2} sec. Internal Cooldown: @{3} sec. Chance stacks with multiple cards.
10220300097	When dealing damage, has a @{1}% Chance to inflict 【Sleep】 on the enemy for @{2} sec. Internal Cooldown: @{3} sec. Chance stacks with multiple cards.
10220300098	When dealing damage, has a @{1}% Chance to inflict 【Freeze】 on the enemy for @{2} sec. Internal Cooldown: @{3} sec. Chance stacks with multiple cards.
10220300099	When dealing damage, has a @{1}% Chance to inflict 【Silence】 on the enemy for @{2} sec. Internal Cooldown: @{3} sec. Chance stacks with multiple cards.
10220300100	When dealing damage, has a @{1}% Chance to inflict 【Fear】 on the enemy for @{2} sec. Internal Cooldown: @{3} sec. Chance stacks with multiple cards.
10220300101	Changes armor property to Earth.
10220300102	Changes armor property to Water.
10220300103	Changes armor property to Wind.
10220300104	Changes armor property to Poison.
10220300105	Changes armor property to Fire.
10220300106	Changes armor property to Ghost.
10220300107	Damage against all Orcs +@{1}% (excluding Orc Lord and Orc Hero).
10220300108	Weapon cannot be destroyed.
10220300109	When dealing damage, has a @{1}% Chance to restore Life equal to @{2}% of the damage dealt to the enemy, up to @{3}. Internal Cooldown: @{4} sec. Chance stacks with multiple cards.
10220300110	Armor cannot be destroyed.
10220300111	When making a Physical attack, has a ${1}% Chance to autocast ^{1}^{2}【Bash】 Lv.@{1}^{3}^{4}. Internal Cooldown: ${2} sec. Chance stacks with multiple cards.
10220300112	When making a Physical attack, has a ${1}% Chance to autocast ^{1}^{2}【Jupitel Thunder】 Lv.@{1}^{3}^{4}. Internal Cooldown: ${2} sec. Chance stacks with multiple cards.
10220300113	Basic Attack has a @{1}% Chance to trigger 【Double Attack】, dealing Extra Neutral melee Physical damage equal to @{2}%. Internal Cooldown: @{3} sec. Chance stacks with multiple cards.
10220300114	Damage against all Kobolds +@{1}%.
10220300115	When dealing DMG, there is a @{1}% Chance to reduce the target's current SP by @{2}%, up to @{3}. Internal Cooldown: @{4} sec. The trigger Chance stacks with multiple Cards.
10220300116	Control effects cannot interrupt casting. Variable CT +@{1}%.
10220300117	Control effects cannot interrupt casting. Variable CT +@{1}%
10220300118	Control effects cannot interrupt casting. Variable CT +@{1}%.
10220300119	Reveals hidden or cloaked monsters within @{1} meters.
10220300120	Damage taken while Silenced -@{1}%.
10220300121	Damage against Kara Crabs +@{1}%.
10220300122	Damage against Shellfish +@{1}%.
10220300123	Damage against Starfish +@{1}%.
10220300124	Skills @{1}–@{2} have already been used. Don't use them again.
10220300125	Ignores monster Size. When attacking, has a @{1}% Chance to increase damage against Small, Medium, and Large monsters by @{2}%.
10220300126	Ignores monster Size. Damage against Small, Medium, and Large monsters +@{1}%.
10220300127	Every @{1} HIT increases Physical damage by @{2}%, up to @{3}%.
10220300128	When dealing damage, has a @{1}% Chance to absorb @{2}% of the damage dealt to the enemy as SP.
10220300129	Attack Speed +@{1}%, Crit +@{2}, Crit DMG +@{3}%.
10220300130	When you land a critical hit, your next instance of damage is increased by @{1}%.
10220300131	Melee Basic Attacks have a @{1}% Chance to trigger a Splash effect within a @{2}-meter radius. (This Splash does not count as a Normal Attack effect.) Affects up to @{3} Extra targets, with damage reduced to @{4}% of the original. Internal Cooldown: @{5} seconds.
10220300132	Melee Basic Attacks trigger a Splash effect within a @{1}-meter radius. (This Splash does not count as a Normal Attack effect.) Affects up to @{2} Extra targets, with damage reduced to @{3}% of the original. Internal Cooldown: @{4} seconds.
10220300133	When hit by a magic attack, has a @{1}% Chance to nullify its damage. Internal Cooldown: @{2} seconds. (Boss instant-kill skills can bypass this card's effect.)
10220300134	When hit by a player's ST magic skill, reflects @{1}% of the damage taken, up to @{2}% of the attacker's Max Life. Internal Cooldown: @{3} seconds.
10220300135	When hit by a player's ST magic skill, reflects @{1}% of the damage taken, up to @{2}% of the attacker's Max Life. For every @{3} VIT, reflects an Extra @{4}% of the damage taken, up to @{5}%. Internal Cooldown: @{6} seconds.
10220300136	When taking damage, has a @{1}% Chance to change your armor's element to Holy for @{2} seconds. Internal Cooldown: @{3} seconds.
10220300137	When taking damage, changes your armor's element to Holy for @{1} seconds. Internal Cooldown: @{2} seconds.
10220300138	Changes your armor's element to Holy.
10220300139	When hit by a player's ST Physical skill, reflects @{1}% of the damage taken, up to @{2}% of the attacker's Max Life. Internal Cooldown: @{3} seconds.
10220300140	When hit by a player's ST Physical skill, reflects @{1}% of the damage taken, up to @{2}% of the attacker's Max Life. For every @{3} VIT, reflects an Extra @{4}% of the damage taken, up to @{5}%. Internal Cooldown: @{6} seconds.
10220300141	Neutral damage taken -@{1}%. Damage taken from other elements +@{2}%.
10220300142	Neutral damage taken -@{1}%.
10220300143	After taking lethal skill damage, you may choose whether to Revive. After Revive, Life becomes @{1}. You are Invincible and Cannot move or Cannot use skill for @{2} seconds. After @{3} seconds, Life/MP is restored to @{4}%. Internal Cooldown: @{5} minutes.
10220300144	After taking lethal skill damage, you may choose whether to Revive. After Revive, Life/MP is immediately restored to @{1}%. Internal Cooldown: @{2} minutes.
10220300145	After taking lethal skill damage, you may choose whether to Revive. After Revive, Life/MP is immediately restored to @{1}%. Internal Cooldown: @{2} minutes. After the death-prevention effect triggers, Physical/Magic damage taken is reduced by @{3}% for @{4} seconds.
10220300146	Control debuff resistance increased by +@{1}.
10220300147	Grants permanent 【Endure】 (immune to knockback, knock-up, and hitstun effects).
10220300148	Movement Speed +@{1}% (unique effect), Max Life +@{2}%.
10220300149	Immune to 【Slow】.
10220300150	Stun Resistance +@{1}.
10220300151	Immune to 【Stun】.
10220300152	MP Cost -@{1}%, Magic DMG +@{2}%.
10220300153	After using a skill, has a @{1}% Chance to reset that skill's Cooldown. Its Cooldown cannot be reset again for a period of time. The internal Cooldown is @{2} times that skill's Cooldown. (Does not reset the global Cooldown.)
10220300154	MP Cost -@{1}%, Healing +@{2}%.
10220300155	When applying a healing skill effect, has a ${1}% Chance to trigger ^{1}^{2}【Divine Light】 Lv@{1}^{3}^{4}. Internal Cooldown: ${2} seconds.
10220300156	Damage dealt to Goblins +@{1}%.
10220300157	Allows use of Hiding Lv@{1} and Sightless Mind Lv@{2}.
10220300158	Allows use of Hiding Lv@{1} and Sightless Mind Lv@{2}. Sightless Mind always inflicts 【Stun】 and has a Chance to inflict Bleeding on the enemy.
10220300159	@{1}~@{2} Do Not Use—buff used to implement the card's Function
10220300160	Damage Reduction +@{1}%
10220300161	When Life is below @{1}%, damage taken from sources other than status effects is reduced by @{2}%. Internal Cooldown: @{3}S.
10220300162	Kill Fish and Shellfish monsters to restore @{1} MP. No internal Cooldown.
10220300163	Kill Dragon monsters to restore @{1} MP. No internal Cooldown.
10220300164	Internal Cooldown
10220300165	Cannot use skill or move
10220300166	Fire damage +@{1}%. Basic Attacks become Fire.
10220300167	Immune to knockback, knock-up, and hitstun effects
10220300168	Spear mastery increases Crit by @{1}, Crit Resistance by @{2}, and Attack Speed by @{3}%.
10220300169	Physical DEF and Magic DEF increased by @{1}
10220300170	When taking melee Physical damage, deals damage to the attacker based on your Physical ATK
10220300171	Endure
10220300172	Demon Resistance and Holy Resistance +@{1}%
10220300173	Ranged Physical damage taken -@{1}%
10220300174	When hit during Auto Guard, has a @{1}% Chance to Stun the attacker for @{2} seconds
10220300175	Stun
10220300176	Max Life and Holy Resistance +@{1}%
10220300177	Shield mastery reduces damage taken from monsters by @{1}%.
10220300178	Normal Attack damage +@{1}%
10220300179	Physical ATK and Magic ATK reduced by @{1}
10220300180	Physical DEF and Magic DEF increased by @{1}
10220300181	The Crusader takes @{1}% of the damage you receive
10220300182	Reduces the Physical and Magic ATK of nearby enemies while increasing the Physical and Magic DEF of nearby allies
10220300183	Damage taken is reduced.
10220300184	【Spear Formation - Blood Cross】 damage +@{1}%
10220300185	Permanently triggers Charge-Up
10220300186	Movement Speed +@{1}%. Your next attack deals Extra damage
10220300187	Movement Speed -@{1}%
10220300188	Each stack grants a shield equal to @{1}% of Max Life
10220300189	When hit, Deals Physical damage. Nearby enemies are affected.
10220300190	Shield equal to @{1}% Max Life
10220300191	Shield Triggers Damage
10220300192	Reduces Attack Speed and Movement Speed by @{1}%
10220300193	The Crusader takes @{1}% of the damage you receive
10220300194	Reduces damage taken by @{1}%
10220300195	Each stack reduces Movement Speed by @{1}%. At @{2} stacks, inflicts Stun for @{3} sec.
10220300196	Changes your armor to Holy property
10220300197	Increases Max Life by @{1}% and Physical ATK by @{2}%
10220300198	Each stack increases your Physical ATK, Physical DEF, and Magic DEF by @{1}
10220300199	Permanent Joint Passive
10220300200	Shield Stance
10220300201	Smite damage is increased.
10220300202	Gain 【Charge Up】 when the countdown ends
10220300203	Reduces damage taken from monsters by @{1}% and increases Physical and Magic DEF by @{2}%
10220300204	Temporarily increases DEX by @{1} and AGI by @{2}, and detects hidden enemies within a @{3}-meter radius.
10220300205	Grant All Players Full Mini Map Vision
10220300206	Increases Movement Speed by @{1}%
10220300207	Enter 【Camouflage】, becoming invisible and untargetable. Revealed after taking damage @{1} times
10220300208	Trail effect
10220300209	Become invisible, but taking damage @{1} times or dealing damage removes 【Enhanced Camouflage】.
10220300210	Inflicts Blind
10220300211	Caused by Rift Impact. Reduces Movement Speed by @{1}%.
10220300212	Become Giant for @{1} sec., recovering @{3}% Max Life every @{2} sec.
10220300213	Become Ultimate Giant for @{1} sec., recovering @{2}% Max Life per sec., increasing Movement Speed by @{3}%, and increasing damage by @{4}%. (Triggers immediately while both Giant and Super Giant are active. Gaining this effect removes Giant and Super Giant.)
10220300214	Instantly recovers @{1}% Max Life
10220300215	Increases your and your allies' DEF
10220300216	Increases DEF
10220300217	Increases your and your allies' Movement Speed and Attack Speed
10220300218	Increases Movement Speed and Attack Speed
10220300219	Increases your and your allies' Movement Speed and HP recover
10220300220	Increases Movement Speed and HP recover
10220300221	Increases your and your allies' ATK
10220300222	Increase Attack
10220300223	Increases your and your allies' damage reflection
10220300224	Increases damage reflection
10220300225	Increases each of your and your allies' stats by @{1}
10220300226	Increases each stat by @{1} points
10220300227	Attacks have a @{1}% Chance to recover @{2} HP. No cooldown
10220300228	Attacks have a @{1}% Chance to recover @{2} HP
10220300229	Increases allies' MP recovery by @{1}
10220300230	Check whether this is needed; currently, it doesn't appear to be
10220300231	Reduces the DEF of nearby enemies
10220300232	Reduces DEF
10220300233	Reduces the Movement Speed of nearby enemies
10220300234	Reduces Movement Speed
10220300235	Gain @{1} match Currency
10220300236	Increases Crit Chance by @{1}% for @{2} sec.
10220300237	Reflects @{1}% of damage taken for @{2} sec. Reflection cooldown: @{3} sec. (Each reflected hit cannot exceed @{4}W)
10220300238	Raises the quality of all equipped gear by one tier
10220300239	Become Super Giant for @{1} sec. During this time, damage dealt increases by @{2}%, damage taken increases by @{3}%, and you recover @{5}% Max Life every @{4} sec.
10220300240	Become immune to all debuffs and control effects for @{1} sec.
10220300241	Self-heal, recovering @{1}% Max Life per sec. for @{2} sec.
10220300242	Increases Movement Speed by @{1}% and grants immunity to slows for @{2} sec.
10220300243	Increases healing received by @{1}% for @{2} sec.
10220300244	Gain a slowing Orbit that reduces the Movement Speed of enemies within a @{1}-meter radius by @{2}% for @{3} sec.
10220300245	Increases damage by @{1}% for @{2} sec.
10220300246	No derived skill
10220300247	Not currently used
10220300248	Gain damage reduction and survive one fatal blow.
10220300249	Continuously recover Life.
10220300250	Reduces Movement Speed by @{1}%
10220300251	Gain Falcon's Eye, revealing hidden targets within a @{1}-meter radius
10220300252	Recover @{1}% Max Life per sec. for @{2} sec.
10220300253	Gain Endure, reducing damage taken by @{1}%.
10220300254	Freeze effect
10220300255	Movement Speed +@{1}%, FLEE +@{2}
10220300256	Reveals enemies in ^{1}【Hiding】^{2} within a @{1}-meter radius.
10220300257	Hide-and-Seek status. Revealed after taking damage @{1} times.
10220300258	Every @{1} sec, loses HP equal to @{2}% of the applier's Fire Magic Damage.
10220300259	Searching for enemies in Hiding within range.
10220300260	Equipment Drop Test
10220300261	Equipment Drop
10220300262	Unlocks @{1} Extra skills.
10220300263	Reduces skill cooldowns by @{1}%.
10220300264	Raises the quality of all players' currently equipped gear by one tier.
10220300265	Increases Movement Speed by @{1}%.
10220300266	Increases CRIT by @{1}%.
10220300267	Reduces skill cooldowns by @{1}% for @{2} sec.
10220300268	Removes all status effects.
10220300269	Restores @{1}% Max HP per sec for @{2} sec.
10220300270	Grants a @{1}% Movement Speed bonus for @{2} sec.
10220300271	Transform: Poring
10220300272	Transform: Drops
10220300273	Transform: Poporing
10220300274	Transform: Bombring
10220300275	Transform: Angeling
10220300276	Transform: Deviling
10220300277	Transform into Lava Poring
10220300278	Flying Magic
10220300279	Teleportation Magic
10220300280	Ping-Pong Poring
10220300281	Poring Counterattack
10220300282	Ball Catch Buff
10220300283	The vehicle restores a total of ${2}% HP over ${1} sec. Destroyed sections cannot be restored.
10220300284	Cart Damage Lv. @{1} visual effect buff
10220300285	The player moves at @{1} m/sec while transporting valuable Military Supplies. Be sure to move slowly.
10220300286	Immune to damage and debuffs.
10220300287	Reduces damage taken by @{1}% after entering a relay station.
10220300288	【Camouflage】 status. Cannot be seen or targeted.
10220300289	Vehicle shield activated, granting a shield equal to ${1}% of the vehicle's HP for ${2} sec.
10220300290	Cannot use skill or move, and Physical and Magic DEF are reduced by ${1}. Removed when hit, then inflicts ^{1}Freeze^{2}.
10220300291	Cannot use skill or move, and Physical and Magic DEF are reduced by ${1}. Removed when hit, then inflicts ^{1}Slow^{2}.
10220300292	Cannot use skill or move. Removed when hit.
10220300293	Cannot use skill
10220300294	Cannot move
10220300295	Reduces field of view.
10220300296	Reduces Movement Speed by @{1}% and CRIT, Attack Speed, and Cast Speed by @{2}%.
10220300297	Reduces Movement Speed by @{1}% and Physical DEF, Magic DEF, and CRIT RES by @{2}%.
10220300298	Every @{1} sec, loses HP equal to @{2}% of the applier's Neutral Physical Damage.
10220300299	Every @{1} sec, loses HP equal to @{2}% of the applier's Poison Physical Damage.
10220300300	Immune to Knockback, Launch, Stun, Freeze, Petrify, Silence, Immobilize, and Blind.
10220300301	Immune to all debuffs.
10220300302	Immune to Knockback, Launch, Stun, Freeze, Petrify, Silence, Immobilize, Blind, and Slow.
10220300303	Reduces healing received by @{1}%.
10220300304	Change Armor to Earth Property
10220300305	Change Armor to Water Property
10220300306	Change Armor to Wind Property
10220300307	Convert Armor to Poison
10220300308	Convert Armor to Fire Property
10220300309	Change Armor to Ghost Property
10220300310	Convert Armor to Holy Property
10220300311	Reduces Physical Attack and Magic Attack by @{1}%.
10220300312	Loses HP equal to @{1}% of the applier's Fire Magic Damage.
10220300313	Cannot use skill or move, and Physical and Magic DEF are reduced by @{1}%. Removed when hit, then inflicts Freeze.
10220300314	Cannot use skill or move, and Physical and Magic DEF are reduced by @{1}%. Removed when hit, then inflicts Slow.
10220300315	Immune to Knockback and Launch.
10220300316	Dispels Lv. @{1} control effects.
10220300317	Life will not fall to @{1}.
10220300318	Items cannot be used while in this state.
10220300319	Healing from items has no effect while in this state.
10220300320	Element advantages and disadvantages do not affect you.
10220300321	Each Member gains a different Class Resonance effect: damage dealt to Bosses +@{1}%, damage taken from Bosses -@{2}%.
10220300322	The party gains the Class Resonance effect.
10220300323	Both sides gain a same-Guild Member bonus: damage dealt to Bosses +@{1}%, damage taken from Bosses -@{2}%.
10220300324	Gain Divine Blessing: Increases Damage Increase by @{1}% and DMG Reduction by @{2}%.
10220300325	Gain Divine Blessing: Increases Damage Increase by @{1}% and DMG Reduction by @{2}%, and increases the number of party Revives available in the Dungeon by @{3}.
10220300326	A close friend is in the party. Life +@{1}%, Physical Attack +@{2}%, Magic Attack +@{3}%.
10220300327	Immune to damage.
10220300328	Immune to damage for up to @{1} sec. Ends upon using a skill.
10220300329	Morale is high, granting Increase Attack and DEF by @{1}%.
10220300330	Blessed by the power of wind, increasing Attack Speed and Movement Speed by @{1}% for @{2} sec.
10220300331	Protected by the power of light, granting Endure and immunity to control effects and Knockback for @{1} sec.
10220300332	Afflicted by the Curse of darkness, reducing Movement Speed by @{1}% and inflicting Silence and Disarm for @{2} sec.
10220300333	Continually weakens, causing damage taken to increase over time.
10220300334	Takes Damage over Time.
10220300335	Increases Physical Attack and Magic Attack by @{1}%.
10220300336	Protected by the Revive point and immune to damage.
10220300337	Immune to control effects, knock-up, and knockback
10220300338	Carrying a cannonball that can be loaded into a repaired Turret
10220300339	Fafnir takes flight and becomes immune to Basic Attacks
10220300340	Awakens the power of dragonblood, becoming immune to targeting and damage
10220300341	Carrying one of Fafnir's scales, which can be used to build a Dragon Scale Shield Wall
10220300342	Fafnir's damage increases by @{1}%
10220300343	Cannot attack and takes increased damage
10220300344	Physical Damage Reduction, Magic Vulnerability
10220300345	Magic Damage Reduction, Physical Vulnerability
10220300346	Movement Speed Increase
10220300347	Defense Increase
10220300348	Transform: Poring, reducing Movement Speed and preventing attacks
10220300349	Become a Madogear Pilot, greatly increasing Movement Speed and continuously spraying flames in a circular area to deal damage
10220300350	Skills cost no SP, skill cooldowns and CT are reduced, and Attack Speed is increased
10220300351	Deals damage to nearby enemies every @{1} sec. and Freezes them for @{2} sec.
10220300352	Surrounded by lightning, shocking up to @{1} nearby enemies every second to deal damage.
10220300353	Frozen in ice. Cannot move or attack
10220300354	Greatly increases Movement Speed for @{1} sec.
10220300355	Greatly increases Defense for @{1} sec.
10220300356	Periodically takes AoE lightning damage
10220300357	Carrying explosives that damage all nearby allies, enemies, and the carrier when the countdown ends
10220300358	Extremely high Physical Defense, but highly vulnerable to Magic attacks
10220300359	Extremely high Magic Defense, but highly vulnerable to Physical attacks
10220300360	Does not actively attack players. Prioritizes charging toward the center of the island to attack the seal
10220300361	Upon death, Splits into @{1} monsters
10220300362	Periodically restores the Life of nearby monsters
10220300363	Targets and attacks the nearest player within range
10220300364	Upon death, explodes and deals damage to nearby enemies
10220300365	A rare and powerful monster
10220300366	Immune to crowd control and knockback
10220300367	Blessing Angel Overhead Arrow
10220300368	Blessing Angel Persistent Magic Circle
10220300369	Blessing Angel Surrounding Effect
10220300370	Blessing Angel Large-Area Surrounding Effect
10220300371	Inner-Arena Player-Exclusive Buff
10220300372	Dragon's Highest-Aggro Target Effect
10220300373	Periodically takes damage
10220300374	Enters a frenzy and gains extremely high ATK
10220300375	You are continuously being pulled inward!
10220300376	Increases PATK and MATK by @{1}%.
10220300377	Increases damage reduction by @{1}%.
10220300378	Decreases Cooldown Reduction by @{1}%.
10220300379	Increases CRIT Rate by @{1}% and CRIT DMG by @{2}%.
10220300380	Increases MSPD by @{1}%.
10220300381	Reply @{1}% HP.
10220300382	Cannot move while affected by Chain Bind.
10220300383	Cannot use skill while under the Nightmare effect.
10220300384	Your vision is currently impaired by squid ink.
10220300385	Damage taken is reduced.
10220300386	Currently Berserk. Deals DMG is increased.
10220300387	Currently affected by Sticky Mucus, reducing MSPD.
10220300388	While Brass Blessing is active, gain Endure.
10220300389	Lope
10220300390	Transform: Red
10220300391	Lope-related
10220300392	Transform: Blue
10220300393	Double Lope
10220300394	Cannot move or use skills
10220300395	You are within the Sonic Barrier and will not take damage from Jellyfish Requiem.
10220300396	You are continuously being pushed outward!
10220300397	Gain Accelerate and continuously deal DMG to nearby characters, inflicting Slow.
10220300398	Gains DMG Reduction and continuously Deals DMG to nearby targets, inflicting Burn
10220300399	Continuously restores HP to nearby allies
10220300400	Defense slightly increased
10220300401	Attack slightly increased
10220300402	Damage Increase +@{1}%.
10220300403	Gain a Shield equal to @{1}% of max HP.
10220300404	Every @{1} sec., Reply @{2}% of max HP.
10220300405	Increases MSPD by @{1}%.
10220300406	When taking fatal damage, inflicts Knockback on nearby players and restores @{1}% HP. This effect is removed after triggering @{2} times.
10220300407	Damage Increase: @{1}%. Damage taken increases by @{2}% every second.
10220300408	Each stack increases damage taken by @{1}%, up to @{2} stacks.
10220300409	Movement Speed reduced by @{1}%.
10220300410	Protects nearby allies, continuously restoring their Life.
10220300411	Fight near an allied Madogear Pilot to gain its protection and continuously restore Life.
10220300412	Being hit by an allied Holy Bullet continuously restores Life.
10220300413	Inflicts Stun for @{2} sec. every @{1} sec.
10220300414	Loses HP equal to a certain amount of Fire Magic damage every @{1} seconds.
10220300415	Immune to damage and debuffs. This effect ends upon attacking another target.
10220300416	Movement Speed increased by @{1}%.
10220300417	The Madogear Pilot is being repaired.
10220300418	Damage Reduction.
10220300419	Damage Reduction and Damage Increase.
10220300420	Immune to damage and debuffs
10220300421	Movement Speed increased by @{1}%. Stacks up to @{2} times.
10220300422	Damage increased by @{1}%. Stacks up to @{2} times.
10220300423	An Archer has their sights set on you.
10220300424	Emperium takes @{1}% less damage for @{2} sec.
10220300425	Stunned by the Emperium's shockwave for @{1} sec.
10220300426	While the Orbit persists, allies within a radius of @{1} meters gain increased Movement Speed, while the Madogear Pilot gains @{2}% Damage Reduction.
10220300427	Immune to knockback, knock-up, Stun, Freeze, Petrify, Silence, Immobilize, and Blind.
10220300428	Immune to damage and debuffs.
10220300429	Protected by the power of light, granting Endure and immunity to control effects and knockback for @{1} sec.
10220300430	STR, INT, and DEX each increase by @{1} points for @{2} sec.
10220300431	Gradually restores Life while out of combat.
10220300432	You feel fatigued, impairing your ability to explore. (Broadcast required)
10220300433	You are in a Safe Zone. You cannot take damage, but you also cannot attack.
10220300434	You never feel fatigued.
10220300435	Victory provides a tremendous morale boost!
10220300436	Continuously restores a large amount of Life and increases damage
10220300437	DMG Bonus
10220300438	Continuously restores Life
10220300439	Greatly increases Movement Speed and ATK for @{1} sec.
10220300440	Greatly increases MSPD and attacks.
10220300441	Greatly increases DEF.
10220300442	Temporarily increases DEX by @{1} and AGI by @{2}, and uses the Falcon to detect hidden enemies within a @{3}-meter radius.
10220300443	FLEE +@{1}
10220300444	Temporarily increases all base stats by @{1}, HIT by @{2}, and Physical Damage by @{3}%.
10220300445	^{1}^{2}【Arrow Attack】^{3}^{4} increases its percentage damage multiplier by ${1}% and fixed damage by ${2}.
10220300446	When ^{1}^{2}【Arrow Attack】^{3}^{4} hits an enemy, it deals ${1} Extra hits of ${2}%+${3} Neutral Ranged Physical damage to the enemy. Internal Cooldown: ${4} seconds.
10220300447	When ^{1}^{2}【Arrow Attack】^{3}^{4} hits an enemy, it deals ${3}%+${4} Neutral Ranged Physical damage to up to ${2} Other enemies within a ${1}-meter radius of the target. Internal Cooldown: ${5} seconds.
10220300448	^{1}^{2}【Double Strafe】^{3}^{4} increases its percentage damage multiplier by ${1}% and fixed damage by ${2}.
10220300449	When ^{1}^{2}【Double Strafe】^{3}^{4} hits an enemy, it deals ${1} Extra hits of ${2}%+${3} Neutral Ranged Physical damage to the enemy. Internal Cooldown: ${4} seconds.
10220300450	When ^{1}^{2}【Double Strafe】^{3}^{4} hits an enemy, it has a ${1}% Chance to deal ${4}%+${5} Neutral Ranged Physical damage to up to ${3} enemies within a ${2}-meter radius of the target. Internal Cooldown: ${6} seconds.
10220300451	^{1}^{2}【Blitz Beat】^{3}^{4} increases its percentage damage multiplier by ${1}% and fixed damage by ${2}.
10220300452	When ^{1}^{2}【Blitz Beat】^{3}^{4} hits an enemy, it has a ${1}% Chance to Summon the Falcon to attack the target, dealing ${2}%+${3} Neutral Ranged Physical damage. Internal Cooldown: ${4} seconds.
10220300453	^{1}^{2}【Blitz Beat】^{3}^{4}'s damage radius increases to ${1} meters, the number of targets increases by ${2}, and its skill damage multiplier increases by ${3}%.
10220300454	^{1}^{2}【Arrow Shower】^{3}^{4} increases its percentage damage multiplier by ${1}% and fixed damage by ${2}.
10220300455	When ^{1}^{2}【Arrow Shower】^{3}^{4} hits enemies, it deals ${1}%+${2} Extra Neutral Ranged Physical damage to one of them. Internal Cooldown: ${3} seconds.
10220300456	^{1}^{2}【Arrow Shower】^{3}^{4}'s damage radius increases to ${1} meters, the number of targets increases by ${2}, and it has a ${3}% Chance to cast the skill ${4} times. Internal Cooldown: ${5} seconds.
10220300457	At ^{1}^{2}【Blitz Beat】^{3}^{4} Lv. ${1}, DEX +${2}.
10220300458	Increases the Chance for ^{1}^{2}【Arrow Attack】^{3}^{4} to trigger ^{5}^{6}【Blitz Beat】^{7}^{8} by ${1}%.
10220300459	After casting ^{1}^{2}【Blitz Beat】^{3}^{4}, ASPD increases by ${1}% for ${2} seconds. Internal Cooldown: ${3} seconds.
10220300460	Attack Speed +@{1}%
10220300461	Physical ATK +${1}.
10220300462	Damage Increase: ${1}% while fighting alongside ^{1}【Falcon】^{2}.
10220300463	^{1}【Trap Hunter】^{2} skills have their cast range increased to ${1} meters and their percentage damage multiplier increased by ${2}%.
10220300464	Increases the duration of 【Frozen】, 【Blind】, and 【Immobilize】 inflicted by ^{1}【Trap Hunter】^{2} skills by ${1} second.
10220300465	DEX +${1}.
10220300466	^{1}^{2}【Sharp Shooting】^{3}^{4} increases its percentage damage multiplier by ${1}% and fixed damage by ${2}.
10220300467	^{1}^{2}【Sharp Shooting】^{3}^{4} gains ${1}% Crit Chance but no longer pierces.
10220300468	^{1}^{2}【Sharp Shooting】^{3}^{4}'s CT is reduced by ${1}%, the number of targets increases by ${2}, and its area width increases by ${3} meters.
10220300469	^{1}^{2}【Falcon Assault】^{3}^{4} skill damage multiplier increases by ${1}%, and fixed damage increases by ${2}.
10220300470	Casts ^{1}^{2}【Falcon Assault】^{3}^{4} ${1} times. Internal Cooldown: ${2} seconds.
10220300471	When ^{1}^{2}【Falcon Assault】^{3}^{4} hits an enemy, it deals ${3}%+${4} Neutral Ranged Physical damage to up to ${2} enemies within a ${1}-meter radius of the target. Internal Cooldown: ${5} seconds.
10220300472	^{1}【Bow】^{2} skill damage multiplier increases by ${1}%.
10220300473	While ^{1}^{2}【Wind Walker】^{3}^{4} is Active, MSPD +${1}% and duration +${2} seconds.
10220300474	^{1}【Detect Stealth】^{2} range +${1} meters.
10220300475	While ^{1}^{2}【True Sight】^{3}^{4} is Active, Physical DMG Bonus +${1}%.
10220300476	LUK +${1}.
10220300477	While ^{1}^{2}【True Sight】^{3}^{4} is Active, STR, AGI, VIT, INT, DEX, and LUK +${1}.
10220300478	While the effect is active, hitting a target with a Bow skill has a @{1}% Chance to strike it with an Arrow Spike, dealing @{2} hit(s) of @{3}% Neutral Physical Damage.
10220300479	Increases Physical Damage by @{1}% and the percentage damage multiplier bonus of 【Aimed Bolt】 by @{2}%
10110200000	Blessing
10110200001	Signum Crucis
10110200002	Ruwach
10110200003	Heal
10110200004	Increase AGI
10110200005	Holy Light
10110200006	Angel Strike
10110200007	Angel Protection
10110200008	Healing Skills
10110200009	Angelus
10110200010	Slow
10110200011	Pneuma
10110200012	Temporary Revive
10110200013	Mace Mastery
10110200014	Lex Aeterna
10110200015	Increase SP Recovery
10110200016	Recovery
10110200017	Magnificat
10110200018	Gloria
10110200019	Magnus Exorcismus
10110200020	Resurrection
10110200021	Aspersio
10110200022	Sanctuary
10110200023	Kyrie Eleison
10110200024	Turn Undead
10110200025	Impositio Manus
10110200026	Lex Divina
10110200027	Safety Wall
10110200028	Suffragium
10110200029	Assumptio
10110200030	Meditatio
10110200031	Mana Recharge
10110200032	Basilica
10110200033	Arcane Mastery
10110200034	Radiant Resurrection
10110200035	Holy Cross Judgment
10110200036	Turn Undead【Extra Trigger】
10110200037	Radiant Sanctuary
10110200038	Divine Light Strike
10110200039	Holy Light Bludgeon
10110200040	Holy Light Resurrection
10110200041	Purifying Light Orbit
10110200042	Sacred Divine Light
10110200043	Highness Heal
10110200044	Hymn of the Lamb
10110200045	Radiant Holy Light
10110200046	Sacred Lily
10110200047	Prayer of the Holy Spirit
10110200048	Prayer of Gratitude
10110200049	Wood Spirit's Blessing
10110200050	Respawn
10110200051	Judex
10110200052	Holy Reckoning
10110200053	Double Holy Light
10110200054	Holy Spirit Surge
10110200055	Divine Retribution
10110200056	Holy Stigma
10110200057	Hymn of Devotion
10110200058	Double Holy Light: Physical
10110200059	Double Holy Light: Magic
10110200060	Open
10110200061	Discount
10110200062	Overcharge
10110200063	Cart Use
10110200064	Cart Remodeling
10110200065	Vending
10110200066	Cart Revolution
10110200067	Mammonite
10110200068	Crazy Uproar
10110200069	Money Throw
10110200070	Gunpowder Throw
10110200071	Hilt Binding
10110200072	Weaponry Research
10110200073	Skin Tempering
10110200074	Hammer Fall
10110200075	Adrenaline Rush
10110200076	Power Thrust
10110200077	Maximize Power
10110200078	Earth Spike
10110200079	Cart Boost
10110200080	High Speed Cart Ram
10110200081	High Speed Cart Ram - Enhance
10110200082	Melt Down
10110200083	Maximum Over Thrust
10110200084	Explosive Strike
10110200085	Cart Clash
10110200086	Fire and Earth Research
10110200087	Axe Mastery
10110200088	Emergency Treatment
10110200089	Axe Tornado
10110200090	Axe Tornado - Enhance
10110200091	Heavy Axe Smash
10110200092	Spinning Axe
10110200093	High-Energy Impact
10110200094	Crescent Wheel
10110200095	Madogear Pilot
10110200096	Knuckle Boost
10110200097	Arm Cannon
10110200098	Arm Cannon - Enhance
10110200099	Vulcan Arm
10110200100	Pile Bunker
10110200101	Flame Launcher
10110200102	High-Speed Propulsion
10110200103	Energy Release
10110200104	Aerial Bombardment
10110200105	High-Energy Pulse
10110200106	Kinetic Battle Axe Assembly
10110200107	Fast Travel
10110200108	Retrieve Instrument
10110200109	Ride
10110200110	Poring TP
10110200111	Poring Split
10110200112	Radiant Orbit
10110200113	Angel Sweep
10110200114	Radiant Poring Normal Attack - Holy
10110200115	Fallen Sweep
10110200116	Dark Orbit
10110200117	Fallen Poring Normal Attack - Earth
10110200118	Throw Live Coal
10110200119	Throw Accelerant
10110200120	Collect Live Coals
10110200121	Monster Fruit
10110200122	Primal Monster Fruit
10110200123	Poporing Split
10110200124	Earth Poring Split
10110200125	Marin Split
10110200126	Mole Teleport
10110200127	Collect
10110200128	Cancel Transformation
10110200129	Monster Self-Destruct
10110200130	Enlarge
10110200131	Shrink
10110200132	Link with Red Thread
10110200133	Bash
10110200134	Jupitel Thunder
10110200135	Basic Attack
10110200136	SP Reduction
10110200137	Disguise
10110200138	Magnum Break
10110200139	Envenom
10110200140	Sight
10110200141	Sightless Mind
10110200142	Magic Absorption - Card
10110200143	Splash - Card
10110200144	Magic Reflect - Card
10110200145	Physical Reflect - Card
10110200146	Spear Mastery
10110200147	Increased Spear Attack Speed
10110200148	Riding
10110200149	Auto Guard
10110200150	Smite
10110200151	Shield Reflect
10110200152	Holy Cross
10110200153	Grand Cross
10110200154	Devotion
10110200155	Providence
10110200156	Defending Aura
10110200157	Recoil
10110200158	Faith
10110200159	Shield Boomerang
10110200160	Shield Reflect Auto Counter
10110200161	Recoil Auto Counter
10110200162	Monster Resistance
10110200163	Cross Blast
10110200164	Cross Thrust
10110200165	Absolute Judex
10110200166	Shield Boomerang Combo
10110200167	Double Pressure
10110200168	Gloria Domini
10110200169	Divine Punishment
10110200170	Shield Pursuit
10110200171	Rapid Smiting
10110200172	Sacrifice
10110200173	Battle Chant
10110200174	Fountain of Life
10110200175	Crest of Light
10110200176	Advanced Monster Resistance
10110200177	Banishing Thrust
10110200178	Heavy Cannon Shot
10110200179	Pinpoint Attack
10110200180	Spear Formation - Blood Cross
10110200181	Moon Slasher
10110200182	Sniping Shot
10110200183	Twilight
27000	Settings
27001	Basic
27002	Show
27003	Log
27004	Chat Settings
27005	No settings Function available
27006	Switch Target
27007	Nearest
27008	Low HP
27009	Chase Distance
27010	Default
27011	Settings
27012	Distance
27013	Auto
27014	Additional Skill Range
27015	Lock Skill Indicator
27016	Unlock
27017	Close
27018	Display Skill Range
27019	Auto Skills
27020	Go to Settings
27021	AFK Mode
27022	Attack While Moving
27023	Attack in Place
27024	Range
27025	Map-wide
27026	Privacy
27027	Display Character Info
27028	Key Settings
27029	Display UI Buttons
27030	Battle
27031	General
27032	Switch Target
27033	Skill bar 1
27034	Skill bar 2
27035	Skill bar 3
27036	Skill bar 4
27037	Skill bar 5
27038	Skill bar 6
27039	Skill Bar 7
27040	Skill Bar 8
27041	Skill Bar 9
27042	Interaction 1
27043	Interaction 2
27044	Interaction 3
27045	Quick Potion
27046	Forward
27047	Move back
27048	Move left
27049	Move right
27050	Backpack
27051	Map
27052	This conflicts with the shortcut for Function ${1}. Swap their shortcuts?
27053	Save shortcut settings?
27054	This will reset all shortcuts. Continue?
27055	Reset
27056	Press 【BackSpace】 to clear a shortcut
27057	Empty
27058	Account
27059	Switch Character
27060	Log Out
27061	Are you sure you want to log out?
27062	Sound
27063	Master
27064	Music
27065	Effects
27066	Character Voice
27067	Voice Pack
27068	Switch Selected Target by Key
27069	All Nearby Targets
27070	Nearby Targets with Both High Priorities
27071	Target Priority
27072	Smart DPS
27073	Smart Healing
27074	Casting Settings
27075	Casting Method
27076	Normal Casting
27077	Quick Casting
27078	Reset Keys
27079	Official Recommended Keys:
27080	Classic Mode
27081	Modern Mode
27082	Reset
27083	Cancel
27084	Please choose an appropriate key
27085	Move
27086	Function
27087	Keyboard Movement
27088	Keyboard
27089	Mouse
27090	Right-Click Movement
27091	Chase with Drag Skills
27092	Chase Locked Target
27093	Do Not Chase
27094	Default Drag Skill Position
27095	Farthest Point Ahead
27096	Your Position
27097	Farthest Edge of Nearby Unit
27098	Stop Moving
27099	Smart Casting
27100	Language
27101	Skill Callout Display Range
27102	All
27103	You and Party Members
27104	Only Self
27105	Skill Callout Display Density
27106	High
27107	Medium
27108	Low
27109	Selected Target
27110	Continuously Normal Attack the Selected Target
27111	Unlock
27112	Close
27113	Name Information
27114	HP Bar
27115	Damage Numbers
27116	Only Self
27117	You and Your Team
27118	You and Enemies
27119	All
27120	Show
27121	Hide
27122	Name Position
27123	Above
27124	Below
27125	General Display
27126	Max Characters on Screen
27127	System Settings
27128	PC Mode
27129	General Display
27130	Skills
27131	Sound Settings
27132	Other
27133	Hard Lock
27134	Semi-Soft Lock
27135	Full Soft Lock
27136	Hide All
27137	Ultimate Skill Camera
27138	You
27139	Team
27140	Same Faction
27141	Enemy Team
27142	Skill Callouts
27143	Stationary Skill Follow-Up
27144	Follow-Up Logic
27145	Target
27146	Green
27147	Dark Green
27148	Blue
27149	Yellow
27150	Red
27151	White
27152	HP Bar Color Settings
27153	Name Color Settings
27154	Custom Layout
27155	Graphics
27156	Graphics Settings
27157	UI Scale
27158	All
27159	Always Display
27160	Notice
27161	Battle
27162	Drag UI elements to reposition them.
27163	Restore default
27164	Save
27165	Save the current layout?
27166	Adjust Scale
27167	Auto
27168	The UI scale is too large for the current resolution and has been automatically adjusted to ${1}.
27169	Scale
27170	Opacity
27171	Very Low
27172	Low
27173	Medium
27174	High
27175	Ultra
27176	Cursor Style
27177	Save
27178	Show Cursor
27179	Cursor Scale
27180	Shift + Right-click to control the camera
27181	Go
27182	Style ${1}
27183	Graphics
10110200368	Pick Up Scale
10110200369	Discard Scale
10110200370	Build Shield Wall
27187	Frame Rate
27188	30fps
27189	60fps
27190	120fps
27191	Anti-Aliasing
27192	Party
27193	Self and Party
27194	Purple
27195	Item bar 1
27196	Item bar 2
27197	Item bar 3
27198	Item bar 4
27199	Item Bar 5
27200	Item Bar 6
27201	80fps
27202	Using Unstuck will cause your Character to die. This cannot be undone. After death, use Revive to complete Unstuck. Are you sure you want to proceed?
27203	Mouse Move
27204	Move Method
27205	Selected Target
27206	Left Tap
27207	Right Tap
27208	Adjust Camera
27209	Drag with Mouse Right Tap
27210	Mouse Left Tap Drag
27211	Shift+Mouse Right Tap and Drag
27212	Shift+Mouse Left Tap to Drag
27213	Reset Keys
27214	Camera controls conflict with the Select/Move key bindings. Please change them.
27215	Use 【Mouse Right Tap (+Shift)】 to adjust the camera.\nZoom with Ctrl+Mouse Right Tap.\nUse 【Mouse Left Tap (+Shift)】 to adjust the camera.\nZoom with Ctrl+Mouse Left Tap.
27216	Mouse Left Tap
27217	Right Tap
27218	Shift+Mouse Left Tap
27219	Shift+Mouse Right Tap
27220	Open
27221	Off
10110200406	Devouring Tongue
10110200407	Indigestion
10110200408	Putrid Explosion
10110200409	Acid Spray
10110200410	Powerful Drain
10110200411	Summon Thief Bugs
10110200412	Berserk
10110200413	Golden Thief Bug Normal Attack - Fire
10110200414	Orc Hero Normal Attack - Earth
10110200415	Maya Normal Attack - Earth
10110200416	Phreeoni Normal Attack - Neutral
10110200417	Gundam AOE Visual Effect
10110200418	Meteorfall
10110200419	Lope
10110200420	Lope@{1}
10110200421	Mine Magic Circle
10110200422	Bullet-Hell Mechanism@{1}
10110200423	Rotating Mechanism
10110200424	Rolling Boulder Mechanism
10110200425	Crossbow Mechanism
10110200426	Gatherable Skill
10110200427	Nightmare Circular AOE
10110200428	Dracula Grab
10110200429	Dracula's Blood Pool
10110200430	Spawn Skill
10110200431	Baphomet Normal Attack
10110200432	Inner and Outer Ring AOE
10110200433	Fan-Shaped AOE
10110200434	Eight-Way AOE
10110200435	Horizontal AOE
10110200436	Targeted Explosion
10110200437	Soul Reaper
10110200438	ATK Boost
10110200439	DEF Boost
10110200440	Cooldown Reduction
10110200441	CRIT Boost
10110200442	Movement Speed Boost
10110200443	HP Recovery
10110200444	Abyss Magnet
10110200445	Chain Bind
10110200446	Nightmare Mystery Box
10110200447	Concentrated Squid Ink
10110200448	DEF Injection
10110200449	Berserk Injection
10110200450	Viscous Machine Oil
10110200451	Compressed Gas Canister
10110200452	Brass Talisman
10110200453	Weak
10110200454	Apply Effect to All Players
10110200455	Normal Attack@{1}
10110200456	Skill@{1}Goblet Shatter
10110200457	Skill@{1}Repeated Goblet Shatter
10110200458	Skill@{1}Goblet Throw
10110200459	Skill@{1}Statue Goblet Throw
10110200460	Skill@{1}Goblet Toast
10110200461	Skill@{1}Converging Goblet Spin
10110200462	Skill@{1}Goblet Arrival Spin
10110200463	Skill@{1}Flying Goblet Row Slam
10110200464	Skill@{1}Flying Goblet Row Slam-Easy
10110200465	Skill@{1}Converging Circular Goblet Launch
10110200466	Skill@{1}Spiral Goblet Launch
10110200467	Skill@{1}Spiral Goblet Launch-Easy
10110200468	Skill@{1}Bagpipe Sound Blade
10110200469	Skill@{1}Spinning Bagpipe Sound Blade
10110200470	Skill@{1}Triangular Bagpipe Sound Blade
10110200471	Skill@{1}Square Formation Bagpipe Sound Blade
10110200472	Skill@{1}Square Formation Bagpipe Sound Blade-Easy
10110200473	Skill@{1}Synchronized Spinning Goblet Launch
10110200474	Skill@{1}Lute Rectangle@{2}
10110200475	Skill@{1}Lute Rectangle Clone Monster
10110200476	Skill@{1}Lute Rectangle Clone Monster-Easy
10110200477	Skill@{1}Conducting Circular Target
10110200478	Skill@{1}Horn Laser
10110200479	Skill@{1}Dancing Bell
10110200480	Skill@{1}Drumbeat Ring Explosion
10110200481	Skill@{1}Drumbeat Triple Ring
10110200482	Skill@{1}Harp Performance
10110200483	Skill@{1}Harp Performance-Easy
10110200484	Skill@{1}Harp Performance-Normal
10110200485	Skill@{1}Opening Movement
10110200486	Skill@{1} First Movement - Easy
10110200487	Skill@{1} Universal Wave Stealth
10110200488	Clone Normal Attack
10110200489	Clone Entrance
10110200490	Skill@{1}Kun Appearance
10110200491	Skill@{1} Kun Entrance
10110200492	Skill@{1} Kun Water Wall
10110200493	Skill@{1} Kun Water Vortex
10110200494	Skill@{1} Kun Water Vortex - Easy
10110200495	Skill@{1} Kun Water Vortex@{2}
10110200496	Skill@{1} Kun Movement
10110200497	Battle Royale Gravity Field
10110200498	Battle Royale Gravity Field@{1}
10110200499	Battle Royale Screen Shake
10110200500	Skill@{1} Clone Monster Spawn Flash
10110200501	Clone Mini Laser
10110200502	Water Ripple Bullet
10110200503	Jellyfish Mouth Bullet
10110200504	Bubble Bullet
10110200505	Sea Urchin Bullet
10110200506	Slide Shockwave
10110200507	Tiamat Rectangular Damage
10110200508	Tiamat Spawn Warning
10110200509	Jellyfish Ranged Attack
10110200510	Jellyfish Spawn
10110200511	Melody Sprite Attack
10110200512	Melody Sprite Spawn
10110200513	Resonant Shell Cluster Attack
10110200514	Resonant Shell Cluster Spawn
10110200515	Hunter Charge
10110200516	Hunter Slash
10110200517	Hunter Spin
10110200518	Hunter Normal Attack
10110200519	Hunter Spawn
10110200520	Hunter Charge@{1}
10110200521	Hunter Battle Royale Spin
10110200522	Hunter Water Escape
10110200523	Skill@{1} Musical Instrument Performance
10110200524	Skill@{1} Sleep
10110200525	Skill@{1} Bagpipe Sonic Blade
10110200526	Skill@{1} Water Pillar Laser
10110200527	Skill@{1} Eight-Way Sonic Blast
10110200528	Skill@{1} Ring Explosion
10110200529	Skill@{1} Circular Sonic Blast
10110200530	Skill@{1} Cloud Explosion
10110200531	Skill@{1} Slide Preparation
10110200532	Skill@{1} Battle Royale Preparation
10110200533	Skill@{1} Ilma Blackhole
10110200534	Normal Attack@{1}
10110200535	Skill@{1} Fin Tracking
10110200536	Skill@{1} Square Formation
10110200537	Skill@{1} Horizontal Square Formation
10110200538	Skill@{1} Grand Cross Formation
10110200539	Skill@{1} Eight-Way@{2} Players
10110200540	Skill@{1} Orbiting Fins
10110200541	Skill@{1} Fin Formation
10110200542	Skill@{1} Fins@{2} Sides
10110200543	Skill@{1} Sequential Circular Sonic Blast
10110200544	Skill@{1} Music Box
10110200545	Skill@{1} Randomized Cone AoE
10110200546	Skill@{1} Aggro Control
10110200547	Player Anti-Air Cannon Fire
10110200548	Skill@{1} Fin Missile
10110200549	Skill@{1} Teleport
10110200550	Skill@{1} Ripple Fin
10110200551	Skill@{1} Cloud Tracking
10110200552	Skill@{1} Four Elites
10110200553	Skill@{1} Cone Attack @{2} Times
10110200554	Skill@{1} Stationary Fin
10110200555	Skill@{1} Four Cone Attacks
10110200556	Skill@{1} Fin Split
10110200557	Skill@{1} Fin Dimensional Slash
10110200558	Skill@{1} Fin Mix
10110200559	Hunter Death
10110200560	Skill@{1} Charge
10110200561	Hunter Charged Spin
10110200562	Summon Airship Monsters
10110200563	Summon Airship Monsters-Normal
10110200564	Pilot
10110200565	Player Rapid-Fire Cannon Fire
10110200566	Bagpipe Sound Blade
10110200567	Laser
10110200568	Rectangular Sonic Blast
10110200569	Circular Sonic Blast
10110200570	Piccolo
10110200571	Bubble
10110200572	Ring Drum Phase @{1}
10110200573	Memory Game-Bottom Warning
10110200574	Memory Game-Top Warning
10110200575	Memory Game-Left Warning
10060000000	Acolyte
10060000001	Priest
10060000002	Monk
10060000003	High Priest
10060000004	Archbishop
10060000005	Merchant
10060000006	Blacksmith
10060000007	Mastersmith
10060000008	Mechanic
10060000009	Crusader
10060000010	Paladin
10060000011	Royal Guard
10060000012	Archer
10060000013	Hunter
10060000014	Bard
10060000015	Dancer
10060000016	Sniper
10060000017	Ranger
10060000018	Novice
10060000019	Swordsman
10060000020	Knight
10060000021	Lord Knight
10060000022	Rune Knight
10060000023	Thief
10060000024	Assassin
10060000025	Rogue
10060000026	Assassin Cross
10060000027	Guillotine Cross
10060000028	Mage
10060000029	Wizard
10060000030	Sage
10060000031	High Wizard
10060000032	Warlock
10110200609	Send Stage Message to Change Kun's State
10110200610	Send Stage Message to Change Boss State
10110200611	Kun Appears (Boss Action)
10110200612	Kun Spits Out Players (Boss Action)
10110200613	Kun Sucks In Players (Boss Action)
10110200614	Kun Dives (Boss Action)
10110200615	Kun Moves @{1}
10110200616	Statue Rectangle @{1}
10110200617	Statue Laser @{1}
10110200618	Continuous Ring Drum @{1}
10110200619	Strike Ring Drum @{1} Times
10110200620	Spotlight @{1}
10110200621	Rift Knockback
10110200622	Blink
10110200623	Jellyfish AoE
10110200624	Eight Consecutive Shockwaves
10110200625	@{1} Simultaneous Shockwaves
10110200626	Wave Splash
10110200627	Revive Kun
10110200628	Piccolo Targets @{1} Players
10110200629	Phase Transition Cleanup
10110200630	Jellyfish Death Cleanup
10110200631	Fly Away During Transition
10110200632	Holy Light Strike
10110200633	Thunderfall
10110200634	Deep Freeze
10110200635	Transform into Tornado
10110200636	Periodic Explosion - Effect
10110200637	Massive Area Heal
10110200638	DMG Reduction
10110200639	ATK Boost
10110200640	Hammer Strike
10110200641	Earthquake
10110200642	Whirlwind
10110200643	AoE Acceleration
10110200644	Earth-Splitting Blow
10110200645	Blazing Formation
10110200646	Tornado Incarnation
10110200647	Soul Recall Ring
10110200648	Protective Shield
10110200649	Focused Blade
10110200650	Summon Madogear Pilot
10110200651	End of ID Section
10110200652	Monster Normal Attack-Fire
10110200653	Build Turret
10110200654	Fire Cannon
10110200655	Madogear Pilot Repair
10110200656	Jump onto the Rampart
10110200657	Jump off the Rampart
10110200658	Launch Missile
10110200659	Cut
10110200660	Seismic Wave
10110200661	Invincible
10110200662	Launch Missile
10110200663	Cluster Missile
10110200664	Acceleration
10110200665	Rapidness Shot
10110200666	Self-Destruct
10110200667	Battle Command
10110200668	Defend the Glory
10110200669	Emergency Call
10110200670	Indigestion
10110200671	Putrid Explosion
10110200672	Acid Spray
10110200673	Devouring Tongue
10110200674	Dracula Normal Attack
10110200675	Gift of the Underworld @{1}
10110200676	Shadow Siphon@{1}
10110200677	Funeral Beat@{1}
10110200678	Nether Pact Brand
10110200679	Circle of the Dead
10110200680	Owl's Eye
10110200681	Vulture's Eye
10110200682	Double Strafe
10110200683	Arrow Shower
10110200684	Steady Focus
10110200685	Falconry Mastery
10110200686	Blitz Beat
10110200687	Beastbane
10110200688	Steel Crow
10110200689	Claymore Trap
10110200690	Freezing Trap
10110200691	Falcon Assault
10110200692	True Sight
10110200693	Sharp Shooting
10110200694	Rapid Combo
10110200695	Chain Lightning
10110200696	Triple Strafe
10110200697	Explosive Arrow
10110200698	Falcon Strike
10110200699	Meteor Arrow Shower
10110200700	Falcon Rush
10110200701	Ranger's Resolve
10110200702	Fear Breeze
10110200703	Focused Arrow Strike (Unlimited Shooting)
10110200704	Unlimited Shooting
10110200705	Keen Senses
10110200706	Wolf Taming
10110200707	Warg Strike
10110200708	Warg Howl
10110200709	Warg Strike
10110200710	Wolf's Fang
10110200711	King of the Wargs
10110200712	Warg Hunt
10110200713	Enhance Warg Hunt
10110200714	Warg Bite
10110200715	Swift Warg
10110200716	Warg Companion (Warg Strike)
10110200717	Warg Companion (Warg Bite)
10110200718	Warg Hunt (Melee)
10110200719	Enhance Warg Hunt (Melee)
10110200720	Warg Hunt (Ranged)
10110200721	Enhance Warg Hunt (Ranged)
10110200722	Yggdrasil Leaf
10110200723	Unstuck
10110200724	Goblin Spiral Launch
10110200725	Wobbling Goblin
10110200726	Doragon Launch
10110200727	Doragon Landing
10110200728	@{1}-Pound Dynamite
10110200729	Take Flight
10110200730	Burrow Underground
10110200731	Dragon Sanctuary
10110200732	Scatter Red Envelopes
10110200733	Summoning Ritual
10110200734	Dig
10110200735	Mining
10110200736	Logging
10110200737	Talk
10110200738	Provoke
10110200739	Fire Bolt
10110200740	Lightning Bolt
10110200741	Cold Bolt
10110200742	Sonic Blow
10110200743	Envenom
10110200744	Fire@{1}-Rapid
10110200745	Jump into the Cave
10110200746	Rescue Bobo
10110200747	Free the Ant Egg
10110200748	Help the Professor Up
10110200749	Open
10110200750	Leave
10110200751	Feed
10110200752	Board the Cannon
10110200753	Bobo Bubble
10110200754	Bobo Bubble Animation
10110200755	Monster Normal Attack-Neutral
10110200756	Monster Normal Attack-Wind
10110200757	Monster Normal Attack-Earth
10110200758	Monster Normal Attack-Water
10110200759	Monster Normal Attack-Void
10110200760	Monster Normal Attack-Light
10110200761	Monster Normal Attack-Dark
10110200762	Monster Normal Attack-Ghost
10110200763	Monster Normal Attack-Eternal
10110200764	Mandragora Ranged Normal Attack
10110200765	Poring Normal Attack
10110200766	Lunatic Normal Attack
10110200767	Fabre Normal Attack
10110200768	Picky
10110200769	Chonchon
10110200770	Super Picky
10110200771	Willow
10110200772	Condor
10110200773	Savage Babe
10110200774	Rocker
10110200775	Roda Frog
10110200776	Worm Tail
10110200777	Ambernite
10110200778	Spore
10110200779	Thief Bug
10110200780	Creamy
10110200781	Drops
10110200782	Tarou
10110200783	Familiar
10110200784	Baby Desert Wolf
10110200785	Yoyo
10110200786	Scorpion
10110200787	Poporing
10110200788	Thief Bug Female
10110200789	Thief Bug Male
10110200790	Smokie
10110200791	Boa
10110200792	Poison Spore
10110200793	Horn
10110200794	Bigfoot
10110200795	Squirrel
10110200796	Generic Downed Corrosion Skill
10110200797	Generic Finishing Skill
10110200798	Fierce Boa
10110200799	Gluttonous Spider
10110200800	Blazing Familiar
10110200801	Greedy Fire Ant
10110200802	Greedy Willow
10110200803	Greedy Black Kite
10110200804	Greedy Fireclaw Wolf's Fang
10110200805	Greedy Ositos
10110200806	Phantom of Despair
10110200807	Greedy Comodo
10110200808	Greedy Flame Wolf's Fang
10110200809	Greedy Kaho
10110200810	Salamander
10110200811	Greedy Headless Mule
10110200812	Greedy Ifrit
10110200813	Greedy Bigfoot
10110200814	Greedy Phoenix
10110200815	Blazing Fiend
10110200816	Greedy Magmaring
10110200817	Greedy Fallen Angel
10110200818	Greedy Lava Toad
10110200819	Divine Light
10110200820	Normal Attack
10110200821	Live Ammo Test
10110200822	Arrow Attack
10110200823	Cold Bolt
10110200824	Dummy Hits Self@{1}%
10110200825	Plankton
10110200826	Marina
10110200827	Vadon
10110200828	Kukre
10110200829	Elder Willow
10110200830	Goblin (Axe)
10110200831	Goblin (Flail) (Deprecated)
10110200832	Caramel
10110200833	Marin
10110200834	Peco Peco
10110200835	Wolf
10110200836	Ant Egg
10110200837	Stainer
10110200838	Skeleton
10110200839	Furious Poporing
10110200840	Hydra
10110200841	Obeaune
10110200842	Flora
10110200843	Martin
10110200844	Giearth
10110200845	Skeleton Worker
10110200846	Zombie
10110200847	Savage
10110200848	Greatest General
10110200849	Deniro
10110200850	Piere
10110200851	Magnolia
10110200852	Frilldora
10110200853	Andre
10110200854	Archer Skeleton
10110200855	Isis
10110200856	Verit
10110200857	Matyr
10110200858	Minorous
10110200859	Mimic
10110200860	Pirate Skeleton
10110200861	Choco
10110200862	Bongun
10110200863	Baphomet Jr.
10110200864	Sasquatch
10110200865	Vitata
10110200866	Muka
10110200867	Placeholder
10110200868	Dustiness
10110200869	Nightmare
10110200870	Rotar Zairo
10110200871	Eggyra
10110200872	Goblin (Flail)
10110200873	Marse
10110200874	Marine Sphere
10110200875	Sword Fish
10110200876	Marc
10110200877	Phen
10110200878	Steel Chonchon
10110200879	Beetle King
10110200880	Argos
10110200881	Myst
10110200882	Whisper
10110200883	Orc Warrior
10110200884	Orc Lady
10110200885	Orc Baby
10110200886	Goblin (Dagger)
10110200887	Goblin (Mace)
10110200888	Goblin Archer
10110200889	Metaller
10110200890	Zenorc
10110200891	Megalodon
10110200892	Thara Frog
10110200893	Merman
10110200894	Penomena
10110200895	Deviace
10110200896	Mantis
10110200897	Side Winder
10110200898	Driller
10110200899	Hunter Fly
10110200900	Argiope
10110200901	Ghoul
10110200902	Nightmare
10110200903	Goblin (Hammer)
10110200904	Goblin Steamrider
10110200905	Sandman
10110200906	Hode
10110200907	Orc Archer
10110200908	Orc Skeleton
10110200909	Orc Zombie
10110200910	Sohee
10110200911	Horong
10110200912	Nine Tails
10110200913	Munak
10110200914	Dokebi
10110200915	Noxious
10110200916	Zerom
10110200917	Golem
10110200918	Soldier Skeleton
10110200919	Mummy
10110200920	Vocal Normal Attack
10110200921	Vocal Skills
10110200922	Eclipse Normal Attack
10110200923	Eclipse Skills
10110200924	Mastering Normal Attack
10110200925	Mastering Skills
10110200926	Dragon Fly Normal Attack
10110200927	Dragon Fly Skills
10110200928	Maya Purple Normal Attack
10110200929	Maya Purple Skills
10110200930	Ghostring Normal Attack
10110200931	Ghostring Skills
10110200932	Vagabond Wolf Normal Attack
10110200933	Vagabond Wolf Skills
10110200934	Dark Priest Normal Attack
10110200935	Dark Priest Skills
10110200936	Gryphon Normal Attack
10110200937	Gryphon Skills
10110200938	Kobold Leader Normal Attack
10110200939	Kobold Leader Skills
10110200940	Toad Normal Attack
10110200941	Toad Skills
10110200942	Cat o' Nine-Tail Normal Attack
10110200943	Cat o' Nine-Tail Skills
10110200944	Ring of Light
10110200945	Angel Swipe
10110200946	Poring Explosion
10110200947	Realm of Light
10110200948	Pyroblast
10110200949	Lava Heatwave
10110200950	Summon Self-Destruct Poring
10110200951	Summon Thief Bug
10110200952	Frenzy
10110200953	Ring of Darkness
10110200954	Fallen Swipe
10110200955	Bombring Explosion
10110200956	Realm of Darkness
10110200957	Summon Bombring
10110200958	Terrifying Roar
10110200959	Blade Whirlwind
10110200960	Spinning Blade Strike
10110200961	Shatterblade
10110200962	Rock-Shattering Strike
10110200963	Stone Glyph Slash
10110200964	Petrify Cleave
10110200965	Petrifying Mist
10110200966	Sandstorm
10110200967	Light Poring Normal Attack-Holy
10110200968	Golden Thief Bug Normal Attack-Fire
10110200969	Fallen Poring Normal Attack-Earth
10110200970	Orc Hero Normal Attack-Earth
10110200971	Maya Normal Attack-Earth
10110200972	Orc Lord Normal Attack-Earth
10110200973	Goblin Leader Normal Attack-Wind
10110200974	Mistress Normal Attack-Wind
10110200975	Phreeoni Normal Attack-Neutral
10110200976	Eddga Normal Attack-Fire
10110200977	Wavechaser Captain Normal Attack-Eternal
10110200978	Powerful Drain
10110200979	Beehive Toss
10110200980	Stinger Assault
10110200981	Stinger Barrage
10110200982	Swarming Bees
10110200983	Stinger Barrage@{1}
10110200984	Hiding
10110200985	Powerful Drain Trigger
10110200986	Osiris Normal Attack
10110200987	Summon Horong
10110200988	Bandage Lash
10110200989	Summon Mummy
10110200990	Tracking Horong
10110200991	Dark Pulse
10110200992	Goblin Leader Normal Attack
10110200993	Intimidating Roar
10110200994	Spear Thrust
10110200995	Summon Spear
10110200996	Hornet Assault
10110200997	Falling Beehive
10110200998	Hornet Attack
10110200999	Mistress Normal Attack
10110201000	Boss Spear Throw
10110201001	Spear Barrage
10110201002	Baphomet Normal Attack
10110201003	Scythe Sweep Attack
10110201004	Inferno Explosion
10110201005	Hellfire
10110201006	Summon Scythe
10110201007	Soul Reaper
10110201008	Summon Coffin
10110201009	Mummy's Hand
10110201010	Summon Pyramid
10110201011	Spinning Pyramid
10110201012	Coffin Eruption
10110201013	Scarab Swarm
10110201014	Pharaoh Normal Attack
10110201015	Gift of the Underworld
10110201016	Shadow Siphon
10110201017	Funeral Beat
10110201018	Orc Lord Normal Attack
10110201019	Brutal Sweep Attack
10110201020	Rockfall Barrage
10110201021	Triple Quake
10110201022	Gravity Totem
10110201023	Gravity Totem Explosion
10110201024	Brute Force Rupture
10110201025	Gravity Totem Pull
10110201026	Orc Lord-Placeholder
10110201027	Moonlight Flower Normal Attack
10110201028	Dark Corrosion
10110201029	Sonic Impact
10110201030	Falling Bell
10110201031	Bell Resonance
10110201032	Moonlight Flower-Placeholder
10110201033	Roaming Tempest
10110201034	Doppelganger Normal Attack
10110201035	Dark Magnum Break
10110201036	Charging Blade
10110201037	Blade Fan
10110201038	Storm Gust
10110201039	Summon Clone
290000	Ally
290001	Enemy Team
290002	Season Data
290003	Match Data
290004	Total Matches
290005	Victories
290006	MVP Count
290007	Total Kills
290008	Likes Received
290009	Kill
290010	Aid
290011	Healing
290012	Assist
290013	Damage
290014	Killstreak
290015	Victory
290016	Failed
290017	Title
290018	Wins/Losses
290019	Points
290020	Rank
290021	Defeat
290022	Near Death
290023	Assist
290024	Time
290025	Offline
290026	DMG Taken
290027	Highest Killstreak
290028	Match Stats
290029	Continue (${1}s)
290030	Tap to continue
290031	Overview
290032	Data
290033	Like All
290034	Me Result
290035	Battle Score
290036	Overall Ranking
290037	Faction Ranking
290038	Class Ranking
290039	Return to Screen (${1}s)
290040	Battle of Dragon Coffin Island
290041	Start Matching: Battle of Dragon Coffin Island
290042	Victory Points ${1}
290043	All Players: ${1}/${2}
290044	Join the Battle of Dragon Coffin Island Solo
290045	Battle Begins
290046	This Week's Limit Reached
290047	Total limit reached
290048	Notice
290049	You have Entered the Battlefield. Exiting before the match ends will result in a penalty and point deduction.
290050	Confirm
290051	Cancel
290052	Available Time:
290053	Open Mondays, Wednesdays, and Saturdays from 17:00–18:30
290054	Ends in ${1}
290055	No match Data available
290056	Excellent Player
10110201097	Esen's Slaughter
10110201098	Orc Roar
10110201099	Armor-Shattering War Cry
10110201100	Orc Stomp
10110201101	Storm Fang
10110201102	Rending Tiger Roar
10110201103	Enraged Tiger Roar
10110201104	Savage Shield
10110201105	Tribal Protection
10110201106	Goat's Protection
10110201107	Heaven's Drive
10110201108	Stunning Tremor
10110201109	Root Burst
10110201110	Demonic Aura Surge
10110201111	Demonic Curse
10110201112	Demonic Aura Burst
10110201113	Choco Antics
10110201114	Agility Song
10110201115	Swift Trick
10110201116	Abomination Blade
10110201117	Abominable Roar
10110201118	Abominable Shriek
10110201119	Splash
10110201120	Eternal Curse
10110201121	Spreading Curse
10110201122	Quicksand Trap Hunter
10110201123	Malicious Curse
10110201124	Mummy's Curse
10110201125	Soul's Protection
10110201126	Spectral Protection
10110201127	Spectral Wandering
10110201128	Tainted Soul Slash
10110201129	Corrupted Soul Impact
10110201130	Gale Slash
10110201131	Wander Man Slash
10110201132	Slash
10110201133	Corrupted Wander Man Core Passive
10110201134	Shadow Hoofprint
10110201135	Sinister Cry
10110201136	Shadow Summoning
10110201137	Dance of Death
10110201138	Gun-Smoke Severe Wound
10110201139	Full Barrage
10110201140	Nightmare Entanglement
10110201141	Fear Returns
10110201142	Nightmare Stomp
10110201143	Blazing Fist Rampage
10110201144	Flames Rekindled
10110201145	Blazing Thrust
10110201146	Flame Fist
10110201147	Curse Puppet
10110201148	Mind Fright
10110201149	Ancient Tree Entanglement
10110201150	Branch Guard
10110201151	Ancient Tree Normal Attack
10110201152	Flame Eruption
10110201153	Lava Erosion
10110201154	Lingering Breath
10110201155	Lightning Surge
10110201156	Summon Lightning
10110201157	Nether Rift
10110201158	Undead Convergence
10110201159	Nether Phantom
10110201160	Daedre: Passive Trigger
10110201161	Iron Ball Rampage
10110201162	Concussion
10110201163	Iron Ball Smash
10110201164	Multiple Damage
10110201165	Fierce Blade
10110201166	Blade Rampage
10110201167	Dancing Blades
10110201168	Alert Reconnaissance
10110201169	Farsight Revelation
10110201170	Vine Strike
10110201171	Fruit Blossom Healing
10110201172	Forest's Blessing
10110201173	Tree Spirit Curse
10110201174	Echoing Bell
10110201175	Lingering Echo
10110201176	Time Lock
10110201177	Ninja Art: Vanishing Trail
10110201178	Ninja Art: Smoke Screen
10110201179	Ninja Art: Chain Blast
10110201180	Fire Ninja Darkness
10110201181	Silver Moon Descends
10110201182	Radiant Moon
10110201183	Silver Moon Strike
28000	Loading
28001	Preparing to load the game. Please wait.
28002	Notice
28003	Exit
28004	Failed to load the game. Please check your network connection. (Error Code: ${1})
28005	A new version is available. Please update the game to continue.
28006	A new version is available. Please update for a better gameplay experience.
28007	News
28008	Update
28009	A new version is available! Update before entering the game to receive an <color=#F2A35D>Update Reward</color>! We recommend updating over Wi-Fi.
28010	The game resource pack has been updated. Approximately <color=#F2A35D>${1} MB</color> of data must be downloaded. Please update before entering the game. We recommend updating over Wi-Fi.
28011	You are not connected to Wi-Fi. Download the resources anyway?
28012	Downloading:
28013	Updating the game. Please wait.
28014	Update complete. Please restart the game.
28015	Restart Now
28016	Account Login
28017	I have read and agree to the Service Agreement and Privacy Policy.
28018	Client Repair
28019	If the game client encounters an error, you can use this Function to attempt a repair.\n Repairing will close the game. Please reopen it manually.
28020	Repair Now
28021	Too many attempts. Please try again later.
28022	Account
28023	News
28024	Agreements
28025	Animation
28026	Support
28027	Repair
28028	Server
28029	Suggested
28030	Existing Characters
28031	Last Login: ${1}
28032	New Server
28033	Suggested
28034	Good
28035	Crowded
28036	Hot
28037	Full
28038	Offline
28039	Wait
28040	Traveling to ${1} ${2}
28041	Estimated Wait: <color=#63a22b>${1}</color>
28042	<color=#BFC8D5>If you exit, you will need to rejoin the queue. Please choose carefully.</color>
28043	Account Management
28044	Last Login
28045	Choose another login method
28046	Select character
28047	Create Character
28048	Start Game
28049	Delete Character
28050	Deleting a character has a ${1}-day waiting period. Once permanently deleted, the data cannot be recovered. If you are sure you want to Delete Character, enter “YES” in the field below.
28051	Pending Deletion
28052	Countdown:
28053	Healing
28054	Banned
28055	Character banned. Unseal time:
28056	Sign in with Google
28057	Sign in with Facebook
28058	Sign in with Apple
28059	Sign in with Twitter
28060	Visitor Login
28061	To enter the game, check the box to agree to the terms below.
28062	Enter Character name
28063	Password:
28064	Hairstyle
28065	Select Gender
28066	Recent
28067	Internal server error
28068	Color
28069	Enter password
28070	Account:
28071	Initialization failed. Please try again.
28072	Beginner Season
28073	Cross-Server Season
28074	Scenario:
28075	Resource Download
28076	Download Pause because you are using mobile data.
28077	You are not connected to Wi-Fi. Download the resources anyway?
28078	You can enter the game once the resource download is complete.
28079	Required
28080	${1} resources have not finished downloading. Approximately ${2}MB of data must be downloaded. Tap Confirm to download.
28081	${1} resources have not finished downloading. Approximately ${2}MB of data must be downloaded. Use mobile data to download?
28082	Leave Queue
28083	Complete
28084	The queue timed out. Please try again.
28085	Missing Resources
28086	${1} Resources
28087	Your position in the queue is <color=#fdab5b><size=50>${1}</size></color>.
28088	Version:
28089	Auto-Download
28090	Allow Downloads Using Mobile Data
28091	Download everything to claim
28092	No announcements
28093	Asia Server
28094	Europe/Russia Server
28095	Americas Server
28096	Select Server
28097	The ${1} region you selected currently has high latency (${2}ms), which may cause:\nDelayed character controls\nDelayed skill activation\nLag in multiplayer battles\n\nDo you still want to select this region?
28098	Failed to connect to the region. Please select another.
28099	Sign in with Joymaker
28100	Sign in with Google
28101	Sign in with Apple
28102	Visitor Login
28103	Account linked successfully
28104	Link Guest Account
28105	Service Agreement
28106	Privacy Policy
28107	I have carefully read and agree to ${1} and ${2}
28108	The server is under maintenance. Please check the official announcements.
28109	Invitation Code
28110	Tap to enter an invitation code
28111	Activation successful
28112	Activation failed
28113	Please enter a valid invitation code
28114	Failed to load the area. Retrying…
28115	Failed to enter the area
28116	Failed to enter the area. You have been transported to Prontera.
28117	Novice, select a statue to confirm your gender.
28118	Scenario Base Pack
28119	The current server is running the ${1} scenario. You must download the base scenario pack to play. The scenario pack is ${2} MB. Download it now?
28120	Download
28121	<color=#63A22B>Download Speed: ${1}</color>  File Size: ${2}/${3}
28122	A new version of the game is available. Please update it through the app store.
28123	A new game version is available. To prevent loading errors or lag, please return to the launcher and update the game before launching it again.
28124	A new game version is available. Please launch the game to update.
28125	Test version. Does not represent final quality. UID:${1}
28126	Network
10110201311	Stone Blades - Inner Ring
10110201312	Heavy Shield Defense - Raise Shield Start
10110201313	Heavy Shield Defense - Shield Raised
10110201314	Heavy Shield Defense - Broken While Raising Shield
10110201315	Heavy Shield Defense - Full-screen AOE
10110201316	Heavy Shield Defense - Alternate
10110201317	Ring Blade Kunai - Boss Leap
10110201318	Ring Blade Kunai - Boss Landing
10110201319	Ring Blade Kunai - Player Blade Deflection
10110201320	Ringblade Kunai-Player Shield
10110201321	Ringblade Kunai-Launch Blade
10110201322	Ringblade Kunai-Kunai
10110201323	Ringblade Kunai-Add Player Tag
10110201324	Ringblade Kunai-Alternate
10110201325	Blink
10110201326	Blink Alternate
10110201327	Use Instance Revive Count
10110201328	Blade Deflection
10110201329	Greatblade Slash
10110201330	Blade Mountain-Ring-@{1}
10110201331	Blade Mountain-Ring-@{1}-Alternate
10110201332	Blade Mountain-Rectangle-@{1}
10110201333	Blade Mountain-Rectangle-@{1}-Alternate
10110201334	Link Placeholder
10110201335	Mark Target
10110201336	Obtain Greatblade
10110201337	Obtain Shield
10110201338	Rockbreaker@{1}
10110201339	Blade Deflection Easy
10110201340	Flying Blade Check
10110201341	Mark Target@{1}
10110201342	Blade Deflection Mechanic Warning
10110201343	Drake Normal Attack
10110201344	Falling Cannonball
10110201345	Summon Puppets
10110201346	Watch Out for Explosive Barrels
10110201347	Ghost Ship Grand Charge
10110201348	Drake Minion Normal Attack
10110201349	Drake Water Pillar
10110201350	Drake Slash
10110201351	Drake Thrust
10110201352	Drake Waterspout
10110201353	Drake Water Blade
10110201354	Drake Minion Wave Attack
10110201355	Blink
10110201356	Falling Cross Cannonballs
10110201357	Drake Thrust (Quick Stop)
10110201358	Falling Cannonball (No Animation)
10110201359	Drake Waterspout (No Animation)
10110201360	Cross Bombardment (No Animation)
10110201361	Ghost Ship Grand Charge Horizontal@{1}
10110201362	Ghost Ship Grand Charge Vertical@{1}
10110201363	Falling Cross Cannonballs (Vertical)
10110201364	Falling Explosives
10110201365	Two Drake Waterspouts
10110201366	Four Drake Waterspouts
10110201367	Six Drake Waterspouts
10110201368	Drake Water Blade@{1}
10110201369	Falling Explosive Barrels @{1} sec.
10110201370	Ghost Ship Grand Charge Horizontal Easy
10110201371	Ghost Ship Grand Charge Vertical Easy
10110201372	Beehive Throw@{1}
10110201373	Swarming Bees@{1}
10110201374	Falling Beehive@{1}
10110201375	Hornet Assault@{1}
10110201376	Hornet Assault+Falling Beehive
10110201377	Animation Only (Phase @{1}
10110201378	Enter Stealth in Phase @{1}
10110201379	Teleport
10110201380	Maya Normal Attack
10110201381	Stone Glyph Slash (Deprecated)
10110201382	Petrifying Mist (Deprecated)
10110201383	Stone Pillar (Deprecated)
10110201384	Silk Spit
10110201385	Player Link
10110201386	Sandstorm (Deprecated)
10110201387	Link Distance Check
10110201388	Reverse Stone Glyph Slash
10110201389	Sandstorm Tutorial Version
10110201390	Stone Pillar@{1} (Deprecated)
10110201391	Stone Glyph Slash Targeting
10110201392	Stone Pillar Tracking Target
10110201393	Stone Pillar Random Point Selection
10110201394	Petrifying Mist Tracking
10110201395	Petrifying Cleave - Four Directions
10110201396	Petrifying Cleave - Tracking
10110201397	New Ultimate
10110201398	Player Link@{1}
10110201399	Link Distance Check@{1}
10110201400	Silk Spit@{1}
10110201401	Sandstorm@{1}
10110201402	New Ultimate@{1}
10110201403	Silk Spit Tutorial
10110201404	Field Skill
10110201405	Petrifying Mist Tracking - Easy
10110201406	Stone Glyph Slash Targeting - Easy
10110201407	Ultimate - Easy
10110201408	Stone Glyph Slash@{1}
10110201409	Silk Spit@{1} Players
10110201410	Link Red Status Check@{1}
10110201411	Link Drag
10110201412	Stone Pillar Self-Destruct
10110201413	Cancel Skill
10110201414	Locate
10110201415	Summon Horong
10110201416	Dark Pulse
10110201417	Horong Split
10110201418	Summon Mummy
10110201419	Bandage Lash
10110201420	Astral Shift
10110201421	Horong Tracking
10110201422	Boss Relative Position Check
10110201423	Asset Library
10110201424	Bandage Lash@{1}
10110201425	Horong Split@{1}
10110201426	Dark Pulse@{1}
10110201427	Refresh Horong
10110201428	Summon Horong@{1}
10110201429	Pre-Astral Shift Split
10110201430	Horong Pulse
10110201431	Rotating Dark Pulse
10110201432	Cooldown Placeholder Skill
10110201433	Teleport to Center
10110201434	Cooldown Placeholder Skill@{1} sec.
10110201435	Pharaoh Normal Attack
10110201436	Summon Pyramid
10110201437	Summon Coffin
10110201438	Coffin Eruption
10110201439	Grasp of the Dead
10110201440	Shroud
10110201441	Tear Off the Shroud
10110201442	Shroud Detection
10110201443	Coffin Eruption@{1}
10110201444	Divine Light Purification
10110201445	Increase Damage Reduction
10110201446	Laser Summon
10110201447	Summon Coffin + Bandage
10110201448	Coffin Bandage Restraint
10110201449	Coffin Restraint@{1}Remove Stealth
10110201450	Pharaoh Ultimate
10110201451	Pharaoh Ultimate Damage
10110201452	Blink
10110201453	Pyramid Skill Interrupted
10110201454	Death Ray
10110201455	Pyramid Laser Damage
10110201456	Laser
10110201457	Remove Curse
10110201458	Laser Coffin Shot
10110201459	Laser Summons Coffins
10110201460	Mummy Normal Attack
10110201461	Mummy Cone Attack
10110201462	Bandage Ambush@{1}
10110201463	Moonlight Flower Normal Attack
10110201464	Moonlight Flower Ambush
10110201465	Moonlight Flower Launches Light Wave
10110201466	Moonlight Flower Ground Slam
10110201467	Moonlight Flower Bell Incoming
10110201468	Moonlight Flower Bell Cage
10110201469	Moonlight Flower Bell Charge Shuffle
10110201470	Moonlight Flower Spotlight Game
10110201471	Moonlight Flower Four-Corner Bell
10110201472	Moonlight Flower Bell Deathrattle
10110201473	Moonlight Flower Rapid-Fire Bullets
10110201474	Moonlight Flower Targeted Ground-Slam Bullet
10110201475	Moonlight Flower Circle Underfoot
10110201476	Moonlight Flower Bell Incoming@{1}
10110201477	Moonlight Flower Five-Corner Bell
10110201478	Moonlight Flower Knockback Ambush
10110201479	Moonlight Flower Four-Corner Bell Hard
10110201480	Moonlight Flower Five-Corner Bell Hard
10110201481	Moonlight Flower Bell Charge Shuffle, Second Wave
10110201482	Moonlight Flower Bell Charge Hard Shuffle
10110201483	Moonlight Flower Bell Charge Hard Shuffle, Second Wave
10110201484	Moonlight Flower Spotlight Game Easy, Second Wave
10110201485	Moonlight Flower Spotlight Game Hard, Second Wave
10110201486	P@{1} Launches @{3} Bubbles Every @{2}s
10110201487	EsteP@{1} Random Bubbles
10110201488	Same-Color Colliding Bubbles
10110201489	Add @{1} Different-Color Bubbles Side by Side
10110201490	Launch Red Bubble
10110201491	Launch Yellow Bubble
10110201492	Launch Blue Bubble
10110201493	Launch Green Bubble
10110201494	Launch Homing Bubble
10110201495	Launch Wave
10110201496	Full-Arena Wave
10110201497	Wave Splash
10110201498	Cone-Shaped Wave
10110201499	Create @{1} Grid Bubbles
10110201500	Create @{1} Homing Bubbles
10110201501	Create @{1} Different-Color Cross Bubbles
10110201502	Create @{1} Same-Color Cross Bubbles
10110201503	Launch Red Homing Bubble
10110201504	Launch Yellow Homing Bubble
10110201505	Launch Blue Homing Bubble
10110201506	Launch Green Homing Bubble
10110201507	Send Stage Message@{1}
10110201508	Launch Stationary Red Bubble
10110201509	Launch Stationary Yellow Bubble
10110201510	Launch Stationary Blue Bubble
10110201511	Launch Stationary Green Bubble
10110201512	Normal Attack@{1}
10110201513	Targeted Stationary Bubble
10110201514	Homing Bubble Action
10110201515	Straight-Line Bubble Action
10110201516	Launch Water Jet
10110201517	P@{1} Applies Buff
10110201518	Straight-Line Bubble Action@{1}
10110201519	P@{1} Action
10110201520	P@{1} Red Bubble
10110201521	P@{1} Yellow Bubble
10110201522	P@{1} Blue Bubble
10110201523	P@{1} Green Bubble
10110201524	Unstable Red Bubble
10110201525	Unstable Yellow Bubble
10110201526	Unstable Blue Bubble
10110201527	Unstable Green Bubble
10110201528	P@{1} Red Bubble@{2}
10110201529	P@{1} Yellow Bubble@{2}
10110201530	P@{1} Blue Bubble@{2}
10110201531	P@{1} Green Bubble@{2}
10110201532	Link Effect
10110201533	Eight-Direction Wave
10110201534	Water Jet Damage
10110201535	Ground Red Bubble
10110201536	Ground Yellow Bubble
10110201537	Ground Blue Bubble
10110201538	Ground Green Bubble
10110201539	Create @{1} Ground Bubbles
10110201540	Create @{1} Differently Colored Homing Bubbles
10110201541	Create @{1} Same-Color Homing Bubbles
10110201542	Boss Movement Detection
10110201543	@{1} Color Tracks @{2} Players
10110201544	Normal Attack Shell
10110201545	Whirling Dance Step
10110201546	Dazzling Dance Step
10110201547	Stomping Dance Step
10110201548	Resonant Dance Step
10110201549	Dance Machine
10110201550	Rhythm Game Interaction
10110201551	Dance Move
10110201552	Up_Trigger Check
10110201553	Down_Trigger Check
10110201554	Left_Trigger Check
10110201555	Right_Trigger Check
10110201556	Dance Machine_Remove Transform Buff
10110201557	Tile-Occupying Derived Skill@{1}
10110201558	Furious Strike
10110201559	Dance Machine_Remove Transform Buff[Consecutive Transform Fix]
10110201560	Boss Up
10110201561	Boss Down
10110201562	Boss Left
10110201563	Boss Right
10110201564	Up Down Left Right-Correct Feedback
10110201565	Up, Down, Left, Right-Failure Feedback
10110201566	Skill@{1}_Flash Bomb (Variant) Targeting
10110201567	Skill@{1}_Flash Bomb (Variant) Damage
10110201568	Skill@{1}_Summon X@{2} Cross Compression Zone
10110201569	Skill@{1}_Summon X Cross@{2} Compression Zone
10110201570	Skill@{1}_Summon Eight-Way Compression Zone
10110201571	Skill@{1}_Flash Bomb Hell Mode
10110201572	Rhythmic Moonlit Challenger@{1}s
10110201573	Skill@{1}_Dance Machine_New
10110201574	Skill@{1}_Player Transforms into Dancing NPC
10110201575	Skill@{1}_Play VFX When Dancing NPC Exits
10110201576	Boss Creates Interaction Magic Circle
10110201577	Yellow Interaction Circle
10110201578	Rhythmic Stomp
10110201579	Create Interaction Magic Circle@{1}
10110201580	Create Interaction Magic Circle (Deformed)@{1}
10110201581	Purple Interaction Circle
10110201582	Hold Skill VFX
10110201583	Skill@{1}(New)_Summon Compression Zone
10110201584	Skill@{1}_Hell Mode@{2}
10110201585	Skill@{1}(New)_Compression Zone Damage
10110201586	Skill@{1}_Summon Cross Compression Zone
10110201587	Skill@{1}_Cross Compression Zone Player Damage
10110201588	Skill@{1}_Summon X-Shaped Compression Zone
10110201589	Skill@{1}_Hard Mode@{2}
10110201590	Skill@{1}_Summon Circle@{2}+Transform+Circle-Stepping Interaction Skill
10110201591	Skill@{1}_Summon Circle@{2}
10110201592	Skill@{1}_Remove Circle-Stepping Interaction Skill
10110201593	Skill@{1}Charge Up
10110201594	Skill@{1}Multihit Charge Up
10110201595	Skill@{1}Super Multihit Charge Up
10110201596	Skill@{1}Shout
10110201597	Skill@{1}Shout@{2}
10110201598	Skill@{1}Meteor Shower
10110201599	Skill@{1}Meteor Shower@{2}
10110201600	Skill@{1}Melodic Flame@{2}
10110201601	Skill@{1}Call@{2}
10110201602	Skill@{1}Memory Game
10110201603	Skill@{1}Memory Game_Magic Circle Skill
10110201604	Skill@{1}Drumbeat Cage
10110201605	Skill@{1}Drumbeat Cage_Area Knockback
10110201606	Skill@{1}Intoxication
10110201607	Skill@{1}Enrage Countdown
10110201608	Skill@{1}Phase Transition Performance
10110201609	Obtain Red Note
10110201610	Obtain Blue Note
10110201611	Obtain Yellow Note
10110201612	Obtain Green Note
10110201613	Compose Movement
10110201614	Perform Movement
10110201615	Final Movement
10110201616	Normal Attack_@{1}
10110201617	Triple Strike_@{1}
10110201618	Lock-On Rectangle
10110201619	Roar Rockfall-No Logic Yet
10110201620	One-Hit KO Targeting-No Logic Yet
10110201621	Circular AoE-No Logic Yet
10110201622	Advancing Cone Damage-No Logic Yet
10110201623	Skill@{1}
10110201624	Skill@{1}
10110201625	Skill@{1} Variant
10110201626	Giant Normal Attack
10110201627	Weak
10110201628	Linked Skill
10110201629	Linked Skill Variant@{1}
10110201630	Normal Attack@{1}
10110201631	Coming Soon
10110201632	Knight Note@{1}
10110201633	Crusader Note@{1}
10110201634	Mage Note@{1}
10110201635	Hunter Note@{1}
10110201636	Battle Chant Harmony - Consonance
10110201637	Melodic Flow
10110201638	Battle Chant Harmony - Rhythm
10110201639	Battle Chant Harmony - Resonance
10110201640	Battle Chant Harmony - Psalm
10110201641	Battle Chant Harmony - Chorus
10110201642	Song of Suffering - Organum
10110201643	Song of Suffering - Murmur
10110201644	Song of Suffering - Baptism
10110201645	Song of Suffering - Sacred Music Incarnate
10110201646	Musical Phrase
10110201647	Priest Note@{1}
10110201648	Assassin Note@{1}
10110201649	Merchant Note@{1}
10110201650	Solace of Eternal Silence
10110201651	Melodic Axe Tornado
10110201652	Melodic Axe Tornado - Enhance
10110201653	Melodic High-Energy Impact
10110201654	Melody Cannon
10110201655	Melody Cannon - Enhance
10110201656	Melody Vulcan
10110201657	Melody Bombardment
10110201658	Melody Burst
10110201659	Melody Impact
10110201660	Melody Vortex
10110201661	Melody Hurricane
10110201662	Melody Tidal Wave
10110201663	Enhanced Shield Press
10110201664	Moonlit Echo
10110201665	Radiant Bloom
10110201666	Golden Moon Ring
10110201667	Brilliant Nova
10110201668	Guardian's Might
10110201669	Unyielding Will
10110201670	Absolute Defense
10110201671	Accented Assault
10110201672	Enhanced Focused Arrow Strike
10110201673	Enhanced Focused Arrow Strike (Unlimited Shooting)
10110201674	Dance Move: Wolf Pack
10110201675	Coordinated Hunt
10110201676	Rhythmic Wolf King
10110201677	Rhythmic Warg Minion (Warg Charge)
10110201678	Rhythmic Warg Minion (Warg Bite)
10110201679	Rhythmic Arrow
10110201680	Infinite Rhapsody
10110201681	Gale Beat
10110201682	Celestial Symphony
10110201683	Wolf Pack Disco
10110201684	Rhythmic Warg
10110201685	Wind-Pressure Blade
10110201686	Hundred Spear - Enhance
10110201687	Ultimate Hundred Spear
10110201688	Precision Thrust
10110201689	Sonic Burst
10110201690	Dragon's Descent
10110201691	Half-Dragon Form
10110201692	Sweep Attack
10110201693	Return of the Demon King
10110201694	Pixel Thrust
10110201695	Beat Bounce
10110201696	Electro Rock
10110201697	Double Volume
10110201698	Shadow Loop
10110201699	Flowing Shadow
10110201700	Thousand Shadows
10110201701	Shadow Guard
10110201702	Piercing Shadow
10110201703	Move back Shadow Echo
10110201704	Cross Ripper Slasher
10110201705	Rock Step
10110201706	Graffiti Mastery
10110201707	Thomas Flare
10110201708	DJ Reverb
10110201709	Triple Rhyme
10110201710	Hip-Hop Impersonation
10110201711	Encore
10110201712	Freestyle Rap
10110201713	Petrify Curse
10110201714	Destructive Flame
10110201715	Jack Frost (Copy)
10110201716	Earth Strain (Copy)
10110201717	Crimson Rock (Copy)
10110201718	Thunderclap (Copy)
10110201719	Comet (Copy)
10110201720	Tetra Vortex (Copy)
10110201721	Meteor
10110201722	Meteor (Copy)
10110201723	White Imprison Trigger
10110201724	Psychokinetic Astral Body (Copy)
10110201725	Remix Resonance
10110201726	Voice of the Soul
10110201727	Resonance Focus
10110201728	Neon Spotlight
10110201729	Finale Impact
10110201730	Elemental Ensemble
10110201731	Prismatic Meteor
10110201732	Mixed Accompaniment
10110201733	Disco Accent
10110201734	Angel Incarnate
10110201735	Enlightenment
10110201736	Evil Spirit Possession
10110201737	Holy Judgment
10110201738	Black Feather Burst
10110201739	Interwoven Light and Dark: Physical
10110201740	Interwoven Light and Dark: Magic
10110201741	Equal Grace
10110201742	Manifestation
10110201743	Divine Remnant
10110201744	Free Will
10110201745	Coordinated Attack
10110201746	Black Feather Barrage
10110201747	Praiser Priest Hymn: Equal Grace
10110201748	Praiser Priest Hymn: Manifestation
10110201749	Praiser Priest Hymn: Divine Remnant
10110201750	Praiser Priest Hymn: Angel Incarnate
10110201751	Exorciser Spell: Enlightenment
10110201752	Exorciser Spell: Free Will
10110201753	Exorciser Spell: Corruption
10110201754	Exorciser Spell: Evil Spirit Possession
10110201755	S@{1}Axe Tornado Invincible Whirlwind
10110201756	S@{1}Cannon Pursuit
10110201757	S@{1}Soul Burst
10110201758	S@{1}Vulcan Cannon@{2}
10110201759	S@{1}Cannon
10110201760	S@{1}Cannon Enhance@{2}
10110201761	S@{1}Flamethrower
10110201762	S@{1}High-Energy Impact
10110201763	S@{1}High-Energy Pulse
10110201764	S@{1}Crescent Moonblade
10110201765	S@{1}Demonic Roar
10110201766	Titan's Fury
10110201767	Seismic Cleave
10110201768	Hellhound King
10110201769	Ultimate Hundred Spears
10110201770	True Dragon's Descent
10110201771	S@{1}Black Phantom Void
10110201772	S@{1}Cross Ripper Slasher Frenzy
10110201773	S@{1}Rolling Blade Barrage
10110201774	Black Phantom
10110201775	Cross Ripper Slasher
10110201776	Rolling Blade
10110201777	Camouflage Enhance
10110201778	S@{1}Shadow Loop
10110201779	Soul Burst Technique
10110201780	S@{1}Flowing Shadow
10110201781	S@{1}Thousand Shadows
10110201782	S@{1}Shadow Guard
10110201783	S@{1}Piercing Shadow
10110201784	S@{1}Camouflage Enhance Dragon
10110201785	Elemental Annihilation
10110201786	Crimson Rock Lv.@{1}
10110201787	Cat o' Nine-Tail Normal Attack
10110201788	Cat o' Nine-Tail Skill
10110201789	Orc Hero New Skill
10110201790	Eddga New Skill
10110201791	Baphomet New Skill
10110201792	Osiris New Skill
10110201793	Pharaoh New Skill
10110201794	Coffin Eruption@{1}
10110201795	Vocal Normal Attack
10110201796	Vocal Skill
10110201797	Maya Purple Normal Attack
10110201798	Maya Purple Skill
10110201799	Gryphon Normal Attack
10110201800	Gryphon Skill
10110201801	Dark Priest Normal Attack
10110201802	Dark Priest Skill
10110201803	Fatal Blow
10110201804	Endure
10110201805	Increase Recuperative Power
10110201806	Sword Mastery
10110201807	Spear Expert
10110201808	Sword Quicken
10110201809	Bowling Bash
10110201810	Auto Counter
10110201811	Brandish Spear
10110201812	Spear Stab
10110201813	Spear Throw
10110201814	Charge Attack
10110201815	Pierce
10110201816	Rapid Pierce
10110201817	Piercing Blast
10110201818	Power Slash
10110201819	Heavy Blow
10110201820	Triple Slash
10110201821	Greatsword Sweep Attack
10110201822	Double Counter
10110201823	Aura Blade
10110201824	Head Crush
10110201825	Concentration
10110201826	Parry
10110201827	Spiral Pierce
10110201828	Berserk
10110201829	Joint Beat
10110201830	Dragon Breath (Fire)
10110201831	Dragon Breath (Water)
