ID	English
57024	Reset
57025	Confirm
57026	Adventure Handbook Reward Preview
57027	Scholar Lv.
57028	Collection Points
57029	Rewards
57030	Monster Reward Preview
57031	Kill ${1} to automatically obtain this reward (${2}/${1})
57032	Card Album Reward Preview
57033	Book Reward Preview
57034	Card Album Collection
57035	${1}/${2}
57036	Level Stats
57037	Initial Effect
57038	Max level Effect
57039	Collection Benefits
57040	Unlock Rewards
57041	How to Obtain
57042	Promotion Preview
57043	Advanced Rewards
57044	Book Collection
57045	Reading Bonus
57046	Reading Rewards
57047	First Reading
57048	Obtain Book Pages
57049	Complete Collection Reward
57050	Unlocks when Knowledge reaches ${1}
57051	${1} Lv.${2}
57052	Go to ${1} habitat ${2}?
57053	Do Not Show Again During This Login
57054	Go to Monster Habitat
57055	Go
57056	Tap to Search for Monsters
57057	Tap to Search for Cards
57058	Tap to Search the Book Collection
57059	Tap to activate
57060	Rarity
57061	Type
57062	Owned
57063	Base Stats
57064	Primary Attributes
57065	Special
57066	No Matching Cards
57067	No Matching Books
57068	Function Not Available
57069	Adventure Handbook Theme
57070	No Matching Results
57071	Theme Unlocked: ${1}
57072	Theme Style
57073	Theme
57074	Share
57075	Race
57076	Stats
57077	Size
57078	Filter
57079	Filtering
57080	Progress Reward
57081	Standard Card
57082	Collector Card
57083	Monsters Unlocked: ${1}/${2}
57084	Standard Cards Collected: ${1}/${2}
57085	Collector Cards Collected: ${1}/${2}
57086	Books Collected: ${1}/${2}
57087	Chapter Reading Reward
57088	Chapter Reading Reward Not Unlocked
57089	Chapter Reading Reward claimed
57090	This chapter can only be obtained in the scenario [${1}]
57091	Codex Unlocked
57092	Go
57093	Monster [${1}] unlocked
57094	Monster [${1}] research task [${2}] completed!
57095	Card [${1}] unlocked
57096	Advanced Rewards obtained for Card [${1}] at [${2} Stars]!
57097	Finished reading Chapter [${2}] of Book [${1}]
57098	Chapter [${2}] of Book [${1}] unlocked
57099	Familiar
57100	Knowledgeable
57101	Expert
57102	Upgrade
57103	Monster Research
57104	"Unlock monsters to obtain <sprite name=""${1}"">${2} and unlock research tasks"
57105	All Research Completed
57106	MAX
57107	Kills: ${1}/${2}
57108	Read the Book
57109	How to Obtain
57110	Add Friend
57111	Increase Affinity
11930100004	Genesis Movement
11930100003	Divine Realm Speedrun
11930100002	Ilma Tower: Extreme Speedrun
11930100001	Spirit Tower Race
11930100000	Midterm Settlement
11930000034	Territory War
11930000033	S@{1} Large Card Pool @{2} - New Version
11930000032	S@{1} Small Card Pool @{2} - New Version
11930000006	Elf Tower: Race to the Top
11930000005	Realm Campaign · Midterm Settlement
11930000004	Lost Treasure
11930000003	Gift of Time
11930000002	Feature Preview
11930000001	Growth Support
11930000000	Otherworldly Arrival
11780000011	Exorciser
11780000010	Praiser Priest
11780000009	Iron Axe Artisan
11780000008	Wandering Merchant
11780000007	Stealth Assassin
11780000006	Ambush Assassin
11780000005	Eagle Eye Hunter
11780000004	Trap Hunter
11780000003	Frost Mage
11780000002	Elemental Mage
11780000001	Swift Knight
11780000000	Steel Shield Knight
11770100011	Charge to a point @{2} meters in front of a designated ST enemy within @{1} meters and deal ATK * ^{1}@{3}%^{2} damage.
11770100010	After casting, deal ATK * ^{1}@{3}%^{2} damage to up to @{2} enemies within a @{1}-meter radius and inflict ^{3}@{4} seconds^{4} of 【Blind】^{5}.
11770100009	An upgraded Camouflage. After casting, enter the ^{1}【Enhanced Camouflage】^{2} state for @{1} seconds, increasing Movement Speed by ^{3}@{2}%^{4}. The ^{5}【Enhanced Camouflage】^{6} state ends after taking damage @{3} times or dealing damage.
11770100008	Launch a shockwave that deals ATK * ^{1}@{2}%^{2} damage to a designated ST enemy within @{1} meters.
11770100007	Locks on to an enemy within @{1} m and quickly dashes @{2} m toward the target, dealing ATK * ^{1}@{5}%^{2} damage to up to @{4} enemies within a @{3} m radius of the target and ^{3}slowing them by @{6}%^{4} for @{7} sec.
11770100006	Immediately enters the ^{1}【Camouflage】【Hiding】^{2} state upon use, becoming invisible and untargetable while increasing Movement Speed by ^{3} @{1}%^{4} for @{2} seconds.\nThe ^{5}【Camouflage】【Hiding】^{6} state ends immediately after dealing or taking damage a total of @{3} times.
11770100005	Coins minted by Kafra exclusively for the competition. Named after the kaka sound heard during minting. Can be exchanged for items at the shop during the competition.
11770100004	Reduces skill cooldowns by @{1}% for @{2} sec.
11770100003	Grants a @{1}% Movement Speed bonus for @{2} sec.
11770100002	Instantly restores the character's Life by ^{1}@{1}%^{2} of their maximum HP. ^{3}Life^{4}. Cooldown: @{2} seconds.
11770100001	Restores the character's Life by ^{1}@{1}%^{2} of their maximum HP every second for @{2} seconds. ^{3}Life^{4}. Cooldown: @{3} seconds.
11770100000	A mysterious Potion that can cure nearly every Status Effect. Cooldown: @{1} seconds
11770000078	Bidder ID
11770000077	Element
11770000076	Elemental Mage
11770000075	Earthfire Mage
11770000074	Frost Mage
11770000073	Warg Hunter
11770000072	Wind Walker
11770000071	Speedy Hunter
11770000070	Eagle Eye Hunter
11770000069	Trap Hunter
11770000068	Rolling Cutter Assassin
11770000067	Soul Breaker Assassin
11770000066	Stealth Assassin
11770000065	Ambush Assassin
11770000064	Iron Axe Artisan
11770000063	Wandering Merchant
11770000062	Cart Merchant
11770000061	Exorciser
11770000060	Praiser Priest
11770000059	Shield Crusader
11770000058	Spear Crusader
11770000057	Dragon Knight
11770000056	Steel Shield Knight
11770000055	Lance Knight
11770000054	Swift Knight
11770000053	Kafra's Ring
11770000052	Survivor's Running Shoes
11770000051	Survivor's Coat
11770000050	Survivor's Muffler
11770000049	Kafra's Sword
11770000048	Wind Style - Monsoon
11770000047	Lightning Style - Rolling Thunder
11770000046	Fire Style - Flame Jet
11770000045	Body Style - Expansion
11770000044	Earth Style - Burrow
11770000043	Wind Style - Tornado
11770000042	Hide-and-Seek
11770000041	Flame Launcher
11770000040	Pile Bunker
11770000039	Arm Cannon Enhance
11770000038	Flasher
11770000037	Anklesnare
11770000036	Myriad Stars Chase the Moon
11770000035	Detecting
11770000034	Arrow Storm
11770000033	Charge Arrow
11770000032	Hymn of the Lamb
11770000031	Hymn of Devotion
11770000030	Highness Heal
11770000029	Sanctuary
11770000028	Radiant Holy Light
11770000027	Gravitation Field
11770000026	Earth Strain
11770000025	Jack Frost
11770000024	Crimson Rock
11770000023	Thunderclap
11770000022	Comet
11770000021	Tetra Vortex
11770000020	Heavy Cannon Shot
11770000019	Shield Defense
11770000018	Twilight
11770000017	Spear Formation - Crescent Moon
11770000016	Fearless Charge
11770000015	Rain of Spears
11770000014	Phantom Thrust
11770000013	Rift Impact
11770000012	Evil Spirit Threat
11770000011	Dark Illusion
11770000010	Meteor Assault
11770000009	Enhance Cloaking
11770000008	Soul Destroyer
11770000007	Shadow Step
11770000006	Disguise
11770000005	Kaka Coin
11770000004	Cooldown Potion
11770000003	Speed Potion
11770000002	Instant Recovery Potion
11770000001	Regeneration Potion
11770000000	Panacea
11740000000	Party Mode (Official)
11730000026	Legendary Survivor
11730000025	Overlord
11730000024	Moonlit Challenger I
11730000023	Moonlit Challenger II
11730000022	Moonlit Challenger III
11730000021	Moonlit Challenger IV
11730000020	Moonlit Challenger V
11730000019	Elite I
11730000018	Elite II
11730000017	Elite III
11730000016	Elite IV
11730000015	Elite V
11730000014	Warrior I
11730000013	Warrior II
11730000012	Warrior III
11730000011	Warrior IV
11730000010	Warrior V
11730000009	Rookie I
11730000008	Rookie II
11730000007	Rookie III
11730000006	Rookie IV
11730000005	Rookie V
11730000004	Apprentice I
11730000003	Apprentice II
11730000002	Apprentice III
11730000001	Apprentice IV
11730000000	Apprentice V
11720200002	Unlocked by Default
11720200001	Unlocked by obtaining Appearance: Nine-Tone Mantra
11720200000	Unlocked from the Start
11720100009	Right Heart
11720100008	Left Heart
11720100007	Look Back
11720100006	Hands on Hips
11720100005	Sit
11720100004	Placeholder
11720100003	Listen to the Nine-Tone Mantra and await the moonlight.\nExclusive Idle Action for the Nine-Tone Mantra set
11720100002	Chase the bright moon and behold Dunhuang.\nExclusive Duo Action for the Nine-Tone Mantra set
11720100001	Don celestial robes and dance in the Moonlight.\nExclusive performance action for the Nine-Tone Mantra set
11720100000	Meditate on the spot to recover.
11680000004	Gospel
11680000003	Stellar Vortex
11680000002	Blade Soul
11680000001	Shrined
11680000000	Inactive
11670000006	Other Violations
11670000005	Soliciting Contact Information
11670000004	Advertising
11670000003	Gambling Content
11670000002	Abusive Language
11670000001	Sexual or Vulgar Content
11670000000	Political Content
11530400012	Complete the Commission Quests Post by Daidai to earn tons of rewards.
11530400011	Lead your Pet in a Challenge against the Spirit Tower.
11530400010	Participate in any Misc activity in the Treasure Vault to earn an Eden Group Commendation.
11530400009	Participate Solo or with a party.
11530400008	Complete a Territory War Faction Quest.
11530400007	Participate Solo or with a party in fair Competition.
11530400006	Take on a squad Challenge against the Phantom Realm BOSS with @{1} players to earn tons of rewards.
11530400005	Take on a Party Challenge against the Realm of the Gods BOSS with @{1} players to earn tons of rewards.
11530400004	Consume Vigor to gather open-world resources and craft Tradeable items.
11530400003	Spend Bonus Time to obtain Monster Drop Rewards
11530400002	Participate in the Kill of any MVP to earn Rare rewards
11530400001	Lead your Pet in a Challenge of the Spirit Tower and push the limits
11530400000	Complete a Royal Caravan Departure to earn Personal Rewards and Guild Funds
11530300003	@{1} VS @{2} Competition Match
11530300002	Coming Soon
11530300001	Head to the Guild Territory and join the Bonfire Party to earn tons of EXP!
11530300000	Fair Competition for @{1} Players
11530200021	Event Period: During the Ignition Test, Sunday from @{1}:@{2}~@{3}:@{4}
11530200020	Event Period: During the Ignition Test, Friday from @{1}:@{2}~@{3}:@{4}
11530200019	Event Period: During the Ignition Test, opens Friday from @{1}:@{2}~@{3}:@{4}
11530200018	Event Period: During the Ignition Test, Thursday from @{1}:@{2}~@{3}:@{4}
11530200017	Event Period: Every Sunday from @{1}:@{2}~@{3}:@{4}
11530200016	Event Period: Two-week cycle, Tuesday and Thursday of the first week and Thursday of the second week, @{1}:@{2}~@{3}:@{4}
11530200015	Event Period: Monday through Thursday, Saturday, and Sunday, @{1}:@{2}~@{3}:@{4}
11530200014	Event Period: Sundays on even-numbered weeks, @{1}:@{2}~@{3}:@{4}
11530200013	Tuesday, Thursday, Saturday, and Sunday, @{1}:@{2}~@{3}:@{4}
11530200012	Monday, Wednesday, Friday, and Sunday, @{1}:@{2}~@{3}:@{4}
11530200011	Event Period: Two-week cycle, Wednesday and Saturday of the first week and Saturday of the second week, @{1}:@{2}~@{3}:@{4}
11530200010	Event Period: During the Ignition Test, opens Monday, Wednesday, and Saturday from @{1}:@{2}~@{3}:@{4}
11530200009	Event Period: During the Ignition Test, opens Sunday from @{1}:@{2}~@{3}:@{4}
11530200008	Event Period: Sundays on odd-numbered weeks, @{1}:@{2}~@{3}:@{4}
11530200007	Event Period: Thursday, @{1}:@{2}~@{3}:@{4}
11530200006	Event Period: Tuesday and Friday, @{1}:@{2}~@{3}:@{4}
11530200005	Event Period: Daily, @{1}:@{2}~@{3}:@{4}
11530200004	Event Period: During the Ignition Test, opens daily from @{1}:@{2}~@{3}:@{4}
11530200003	Event Period: During the Ignition Test, opens Wednesday from @{1}:@{2}~@{3}:@{4}
11530200002	Event Period: During the Ignition Test, opens Tuesday, Thursday, and Sunday from @{1}:@{2}~@{3}:@{4}
11530200001	Event Period: During the Ignition Test, opens Saturday and the following Monday and Tuesday from @{1}:@{2}~@{3}:@{4}
11530200000	Event Period: All Day
11520500026	Warlocks are the ultimate form of the Mage path and the most complex class in the entire Magic system. They combine absolute mastery of the four Elements with the secrets of Soul Buster. A Warlock can weave the four Elements into an Entrapping Net or crush a single target through sheer force of will with Soul Buster.
11520500025	These magic experts own overwhelming magic potential already, but now their magics are at a complete different level: they are capable of wielding the power of Neutral magics, or even utilizing their Psychokinesis power to control gravity.
11520500024	Capable of using more powerful magics. Although their poor close-quarter combat ability being their weakness as past, by mastering the four elemental stats of Water, Earth, Fire, and Air, they can still be a powerful addition to the team with their incredibly wide-range AOE magics.
11520500023	Excels at long-range magical combat and can command the five elements of Water, Fire, Wind, Earth, and Ghost.
11520500022	When an Assassin Cross achieves a Breakthrough beyond their limits, they become the dreaded Guillotine Cross. Each ring of violet-black afterimages is a waltz that reaps Life—a devastating display of Ultra speed.
11520500021	An assassin who always has another trick under their sleeve, and none of their targets ever live to see another day. They're good at using poison and assassin techniques to sabotage the enemy's formation and achieve effective results.
11520500020	Agile, swift, and deadly, Assassins learn the ways of the Dual Blade Technique. Their unrivaled burst damage makes them rulers of one-on-one combat. They can equip the Katar, a weapon with a high critical rate.
11520500019	Thief is the most agile of all Adventurer classes. Rather than relying on heavy armor to survive, Thieves use their extraordinary reflexes to evade attacks.
11520500018	The kingdom's mightiest knight, having mastered the power of runes and tamed a demonic dragon. With complete mastery of swords and spears, Rune Knights ride demonic dragons into the fray, unleash elemental breath attacks, and Sweep Attack entire armies.
11520500017	Their stopping power is enough to crush frontline enemies in the blink of an eye, and they are the most powerful force of The Knights. Not only do they excel in both offensive and defensive positions, once they are in rampage, they're able to massively increase their physique within a short amount of time.
11520500016	A loyal knight of the kingdom. Skilled with swords and spears, knights can ride Peco Pecos into battle, wield formidable offensive power, and rapidly charge toward enemies.
11520500015	Excels at close-range combat, wielding a sword with a balance of offense and defense.
11520500014	A solitary Ranger who keeps only a Demonic Wolf for company and has mastered the art of marksmanship. The Ranger can unleash rapid shots at distant targets with the speed of a gale or ride a Demonic Wolf for highly mobile hunts.
11520500013	They are shooters with perfect aim. Under the attack of arrows and their falcons, no enemy can withstand long, not to mention to fight back.
11520500012	Long-range combat specialist, master of archery, and a mastermind who utilizes traps to lure the enemy into the palm of their hand. They can train a Falcon to support them, and the upper limit to their attack damage is very high.
11520500011	Uses a bow to excel at ranged attacks and can knock enemies back at critical moments.
11520500010	The ultimate evolution of the Crusader path. Royal Guards are not only the kingdom's mightiest warriors, but also engines of destruction that shatter enemy lines. They can withstand and deal heavy damage, crash repeatedly through enemy formations, or serve as the core of their own party.
11520500009	"Tempered by even greater holy trials, Paladins Enhance the core mechanics of each Crusader path, further defining the class traits of the ""Attacker"" and ""Protector."""
11520500008	Warriors who walk the path of holy war, wielding faith and Spear as their sharpest weapons. After Job Advance from Swordsman, Crusaders Keep their formidable melee capabilities while further specializing in Spear weapons. They develop two distinct combat styles: an Attack-type Spear build that trades blood for damage, and a defensive shield build that protects allies in peril.
11520500007	Piloting the Madogear Pilot, they Launch long-range cannon fire to demolish enemy lines, or charge in with a kinetic battle axe to control the field and unleash explosive strikes, leaving opponents no time to breathe.
11520500006	Skill elevated to an art, craftsmanship without limit. A Blacksmith at the pinnacle of the craft wields peerless hands to push forging power to its utmost.
11520500005	Flame and hammer define a Blacksmith's life—the power of tempering not only forges keen blades, but also empowers the party to Sweep Attack through enemy lines.
12160000000	Rhythm of Music
12160000001	Animal World
12160000002	Dark Forest
12160000003	Ethereal Dreamscape
11520500000	Excels at healing allies and specializes in defensive and buff magic.
11520100007	Teamfight Initiation Control
11520100006	High Burst
11520100005	High Attack Speed
11520100004	High Survivability
11520100003	Long Distance
11520100002	High Damage
11520100001	Holy
11520100000	Healing
11480200000	Scroll of Bygone Days
11480100000	Chapter of Bygone Days
11480000001	Movement of the God of Nature · II
11480000000	Movement of the God of Nature · I
11460200001	Growth Support Lv. @{1} Rewards
11460200000	Purchase from the Magic Fashion Shop.
11410300003	CHAPTER IV
11410300002	CHAPTER III
11410300001	CHAPTER II
11410300000	CHAPTER I
11280100002	Covered the content of Chapter 2
11280100001	Covers the content of Chapter 1
11280100000	An Interesting Book
11270000006	Outstanding
11270000005	Excellent
11270000004	Good
11270000003	Average
11270000002	Fair
11270000001	Low
11270000000	Low
11250000070	MATK
11250000069	Continuous Shield
11250000068	Desperate Defense
11250000067	Fortitude Defense
11250000066	Continuous Healing
11250000065	Abundant Healing
11250000064	Cure
11250000063	Multi Strike
11250000062	Abundant Strength
11250000061	Vengeful Strength
11250000060	Decapitation
11250000059	Magic Reverberation
11250000058	Abundant Magic
11250000057	Vengeful Magic
11250000056	Terminate
11250000055	Healing Amplification
11250000054	DEF Boost
11250000053	Ranged Amplification
11250000052	Melee Amplification
11250000051	Magic Amplification
11250000050	Healing Cap
11250000049	Defense Cap
11250000048	Physical Damage Cap
11250000047	Magic Damage Cap
11250000046	Low-Level Hunting Protection
11250000045	Basic Hunting Technique
11250000044	Low-Tier DMG Reduction vs All Job
11250000043	Low-Tier DMG vs All Job
11250000042	Low-Tier Undead Resistance
11250000041	Minor Ghost Property Resistance
11250000040	Minor Shadow Resistance
10220200000	Blessing
10220200001	Signum Crucis
10220200002	Ruwach
10220200003	Increase AGI
10220200004	Angelus
10220200005	Slow
10220200006	Pneuma
10220200007	Mace Mastery
10220200008	Lex Aeterna
10220200009	Recovery
10220200010	Magnificat
10220200011	Gloria
10220200012	Resurrection
10220200013	Aspersio
10220200014	Kyrie Eleison
10220200015	Impositio Manus
10220200016	Suffragium
10220200017	Assumptio
10220200018	Meditatio
10220200019	Mana Recharge
10220200020	Basilica
10220200021	Arcane Mastery
10220200022	Arcane Mastery [Increases Turn Undead's Fixed Value]
10220200023	Turn Undead [Buff Effect]
10220200024	Turn Undead [Triggered Skill]
10220200025	Increase AGI [Buff Effect]
10220200026	Swift Blessing
10220200027	Divine Light [Life Detection]
10220200028	Basic Attack [Triggered Skill]
10220200029	Cross Exorciser [Buff Effect]
10220200030	Cross Exorciser [Triggered Effect]
10220200031	Divine Light/Sanctuary [Buff Effect]
10220200032	Revive [Buff Effect]
10220200033	Sanctuary [Triggered Skill]
10220200034	Cross Exorciser [Triggered Buff]
10220200035	Cross Exorciser [Triggered Skill]
10220200036	Basic Attack Damage
10220200037	Blunt Weapon Normal Attack [Triggered Effect]
10220200038	Cross Exorciser [Skill Mode]
10220200039	Sanctuary
10220200040	Sanctuary [Buff Check]
10220200041	Sanctuary [Buff Effect]
10220200042	Basilica [Cast Completion Detection]
10220200043	Basilica [Triggered Effect]
10220200044	Divine Light [Triggered Skill]
10220200045	Hymn of the Lamb
10220200046	Status Effect
10220200047	Movement Restriction
10220200048	Radiant Holy Light
10220200049	Fragrance
10220200050	Prayer of the Holy Spirit
10220200051	Respawn
10220200052	Prayer of Gratitude
10220200053	Wood Spirit's Blessing
10220200054	Tree Spirit's Blessing Trigger
10220200055	Double Holy Light
10220200056	Holy Spirit Surge
10220200057	Divine Retribution
10220200058	Stigma Count
10220200059	Hymn of Devotion
10220200060	Tree Spirit's Blessing Invincible
10220200061	Stigma Charge Buff
10220200062	Descent of the Holy Spirit Prayer Trigger
10220200063	Decay
10220200064	City Fallen
10220200065	Guild Battle Preparations
10220200066	Crazy Uproar
10220200067	Mammonite Replacement
10220200068	Crazy Uproar - Mind and Body Renewal
10220200069	Crazy Uproar - Self-Motivation
10220200070	Hilt Binding
10220200071	Adrenaline Rush
10220200072	Power Thrust
10220200073	Maximize Power
10220200074	Maximize Power - Weapon Polishing
10220200075	Maximize Power - Weapon Enhance
10220200076	Cart Accessory
10220200077	Cart Boost
10220200078	High Speed Cart Ram Replacement Mode
10220200079	Melt Down
10220200080	Maximum Over Thrust
10220200081	Terminate Stun
10220200082	Maximum Over Thrust - Enhanced Power Thrust
10220200083	Maximum Over Thrust - Critical Strike
10220200084	Cart Reinforcement
10220200085	Mammonite
10220200086	Gunpowder Smash
10220200087	Anaerobic Training
10220200088	Booming Business
10220200089	Body Tempering
10220200090	Earth's Power
10220200091	Earth Spike
10220200092	Earthshatter
10220200093	Rousing Support
10220200094	Mind and Body Renewal
10220200095	Self-Motivation
10220200096	Cart Remodeling
10220200097	Weapon Mastery
10220200098	Cart Smash
10220200099	Speed Is Weight
10220200100	Second Wind
10220200101	Unlimited Acceleration
10220200102	Finishing Blow
10220200103	Cart Clash
10220200104	Terminate Blast
10220200105	Limit Break
10220200106	Weapon Polishing
10220200107	Weapon Enhance
10220200108	Charging Momentum
10220200109	Accelerating Impact
10220200110	Sustained Acceleration
10220200111	AoE Power Thrust
10220200112	Enhanced Power Thrust
10220200113	Critical Strike
10220200114	Axe Mastery
10220200115	Slow
10220200116	Emergency Treatment
10220200117	Emergency Treatment Shield
10220200118	Emergency Treatment Healing
10220200119	Blade Mark
10220200120	Cart Tornado - Enhance
10220200121	Cart Tornado - Enhance Count
10220200122	Firepower Ready
10220200123	Cannon Refresh
10220200124	Firepower Loaded
10220200125	Melody Bubble
10220200126	Season Vulcan Cannon Damage Boost Buff
10220200127	Season Vulcan Cannon CRIT Boost Buff
10220200128	Play Season Melody Bubble Effect
10220200129	Play Season Standard Cannon Hit Effect
10220200130	Play Season Enhanced Cannon Hit Effect
10220200131	High-Energy Eruption
10220200132	Blade Mark
10220200133	High-Energy Impact Listener
10220200134	High-Energy Impact Mode Switch
10220200135	Vulcan Cannon Floors Listener @{1}
10220200136	Vulcan Cannon Floors Listener @{1} Explosion Boost
10220200137	Battle Axe Assembly Test
10220200138	Battle Axe High-Energy Shield
10220200139	High-Energy Pulse - Listener
10220200140	High-Energy Pulse
10220200141	High-Energy Pulse - Replace Mode with Axe Tornado
10220200142	Enhanced Axe Tornado Listener
10220200143	Axe Tornado Listener - Remove Movement Speed Boost and Crowd Control Immunity When Skill Ends
10220200144	Heavy Axe Strike - Set Mode @{1}
10220200145	Heavy Axe Strike Listener - Remove Mode Replacement
10220200146	Crescent Blade Wheel Listener
10220200147	Reset Crescent Blade Wheel Cooldown
10220200148	Energy Release
10220200149	Self-Destruct HP Lock
10220200150	High-Energy Shield
10220200151	Crescent Blade Wheel Mark
10220200152	Energy Depletion
10220200153	Jet Acceleration
10220200154	Monitor Arm Cannon Mode Removal of Season Vulcan Arm Explosion Boost
10220200155	Energy Release Shield
10220200156	Season Cannon Switch BD @{1}
10220200157	Season Vulcan Cannon Switch BD @{1}
10220200158	S@{1} High-Energy Impact Replaces Axe Tornado Mode
10220200159	S@{1} Axe Tornado Casts Demonic Roar to Add Floors
10220200160	S@{1} Axe Tornado Casts Demonic Roar Listener
10220200161	S@{1} Vulcan Cannon Mode Replacement
10220200162	S@{1} Vulcan Cannon Counter Stack
10220200163	S@{1} Firepower Loading
10220200164	S@{1} Vulcan Cannon Triggers Cannon Follow-Up
10220200165	S@{1} High-Energy Impact Listener
10220200166	S@{1} High-Energy Impact Mode Switch
10220200167	S@{1} Vulcan Cannon Floors Listener
10220200168	HP Lock Buff
10220200169	Live Coal
10220200170	Intermediate Live Coal
10220200171	Advanced Live Coal
10220200172	Lv. @{1} Bonfire
10220200173	Normal Live Coal - Live Coal
10220200174	Intermediate Live Coal - Live Coal
10220200175	Advanced Live Coal - Live Coal
10220200176	New Lv. @{1} Bonfire
10220200177	Transform: Poring
10220200178	Transform into Lunatic
10220200179	Transform into Savage Babe
10220200180	Transform into Baby Desert Wolf
10220200181	Transform into Baphomet Jr.
10220200182	HP Listener
10220200183	Trigger Split
10220200184	Transformation Manual
10220200185	Immunity
10220200186	Cancel Transformation
10220200187	Trigger Self-Destruct
10220200188	Spawn Stealth
10220200189	Size @{1}
10220200190	Enlargement Item
10220200191	Size Increased
10220200192	Shrinking Item
10220200193	Size Reduced
10220200194	Red Thread Item
10220200195	Connected by Red Thread
10220200196	Switch Transform@{1}
10220200197	Red Thread Heart Effect Overhead
10220200198	Sandman
10220200199	Sword Fish
10220200200	Dokebi
10220200201	Argiope
10220200202	Pasana
10220200203	Ghostring
10220200204	Golem
10220200205	Cornutus
10220200206	Maya Purple
10220200207	Skills @{1}–@{2} have already been used. Don't use them again.
10220200208	Drake
10220200209	Phreeoni
10220200210	Dracula
10220200211	Doppelganger
10220200212	Baphomet
10220200213	Golden Thief Bug
10220200214	Maya
10220200215	Angeling
10220200216	Orc Lord
10220200217	Deviling
10220200218	Osiris
10220200219	Eddga
10220200220	Moonlight Flower
10220200221	Orc Hero
10220200222	Mistress
10220200223	Pharaoh
10220200224	Goblin Leader
10220200225	Kraken
10220200226	Steel Fur Grizzly
10220200227	Beetle King
10220200228	Driller
10220200229	Osiris (Red)
10220200230	Osiris (Orange)
10220200231	Card Magnum Break
10220200232	Endure
10220200233	Increased Spear ASPD
10220200234	Auto Guard
10220200235	Shield Reflect
10220200236	Providence
10220200237	Defending Aura
10220200238	Recoil
10220200239	Stun
10220200240	Faith
10220200241	Monster Resistance
10220200242	Recoil Animation
10220200243	Sacrifice
10220200244	Battle Chant - Reduced Physical and Magic ATK
10220200245	Battle Chant - Increased Physical and Magic DEF
10220200246	Devotion
10220200247	Battle Chant
10220200248	Battle Chant Orbit - Allies
10220200249	Grand Cross Grants Endure
10220200250	Devotion Self-Link
10220200251	Advanced Monster Resistance
10220200252	Holy Cross Triggers AoE Damage
10220200253	Grand Cross Triggers ST
10220200254	Grand Cross Triggers AoE
10220200255	Shield Boomerang Triggers ST
10220200256	Divine Suppression Triggers AoE
10220200257	Divine Suppression Triggers ST
10220200258	Holy Cross Weapon Damage (Deprecated; Uses Stunt)
10220200259	Holy Cross Attack Frequency
10220200260	Increased Grand Cross Damage
10220200261	Increased Grand Cross and Other Damage
10220200262	Spear Mastery Increased Physical ATK
10220200263	Spear Mastery - Increased Physical ATK
10220200264	Spear Mastery Increased ASPD
10220200265	Spear Mastery - Increased ASPD
10220200266	Spear Mastery Increased ATK
10220200267	Spear Mastery - Increased ATK
10220200268	Spear Mastery Increased Holy Damage
10220200269	Spear Mastery - Increased Holy Damage
10220200270	Shield Bash - Chance to Become AoE
10220200271	Shield Bash - Increased Damage After @{1} Uses
10220200272	Reduced Martyr's Reckoning Cost
10220200273	Increased Martyr's Reckoning Normal Attack Damage
10220200274	Auto Guard Increases Attack Life
10220200275	Auto Guard Increases Shield Bash and Other Damage
10220200276	Auto Guard Reduces Damage Taken
10220200277	Resilient Spirit
10220200278	Increased Base Battle Chant Effects
10220200279	Increased Max Life During Battle Chant
10220200280	Increased Shield Boomerang Damage During Battle Chant
10220200281	Increased Rapid Smiting Damage
10220200282	Rapid Smiting Triggers ST
10220200283	Rapid Smiting Resets Shield Boomerang CD
10220200284	Shield Boomerang Becomes AoE
10220200285	Martyr's Reckoning - Enhances Holy Cross
10220200286	Shield Boomerang Has No CD
10220200287	Over Brand
10220200288	Charge Up Passive
10220200289	Charge Up
10220200290	Shield
10220200291	Reflect Damage
10220200292	Shield Triggers Damage
10220200293	Earth Drive Debuff
10220200294	King's Grace Orbit
10220200295	King's Grace
10220200296	Shield Defense Orbit
10220200297	DMG Reduction
10220200298	King's Grace Enemy Orbit
10220200299	King's Grace Slows Enemies
10220200300	Piety
10220200301	Divine Insight
10220200302	King's Grace Grants a Buff Every @{1} Seconds
10220200303	Union
10220200304	Union Passive
10220200305	Enhance Shield Bash Passive
10220200306	Shield Stance
10220200307	Enhance Shield Bash
10220200308	Reduce Enhance Shield Bash Floors
10220200309	Charge Countdown
10220200310	Reduce Shield Defense Cooldown
10220200311	Activate Holy Light Suppression
10220200312	Casting Shield Trigger Check
10220200313	King's Grace Counter Display
10220200314	Gryphon State
10220200315	Advanced Monster Resistance
10220200316	Parry
10220200317	Auto Counter
10220200318	Skill Damage Multiplier
10220200319	Fixed Skill Damage
10220200320	Extra Skill HIT
10220200321	Skill Critical Parameters
10220200322	Extra Skill Critical
10220200323	Fixed CT
10220200324	Variable CT
10220200325	Cast Animation Time
10220200326	Skill Cooldown
10220200327	Skill Mode
10220200328	Minimum Cast Distance
10220200329	Maximum Cast Distance
10220200330	Logic Parameters
10220200331	Fake Damage Count
10220200332	Maximum Number of Targets
10220200333	Skill Casting Movement State
10220200334	Usable
10220200335	Buff Applied to Allies
10220200336	Buff Applied to Enemies
10220200337	SP Consumption
10220200338	Custom Damage Parameters
10220200339	Special Casting/Chanting State
10220200340	Skill Area of Effect
10220200341	Accelerate
10220200342	Add Attributes
10220200343	BDTarget_MaxStack_BigType
10220200344	BDTarget_MaxStack_Tag
10220200345	BDTarget_ChangeAttri_BigType
10220200346	BDTarget_ChangeAttri_Tag
10220200347	BDTarget_AttriTransformRule_BigType
10220200348	BDTarget_AttriTransformRule_Tag
10220200349	BDTarget_LogicData_BigType
10220200350	BDTarget_LogicData_Tag
10220200351	BDDictionary_enum@{1}_BigType_AddSubtract
10220200352	BDDictionary_enum@{1}_BigType_Set
10220200353	BDDictionary_enum@{1}_Tag_AddSubtract
10220200354	BDDictionary_enum@{1}_Tag_Set
10220200355	BDDictionary_enum@{1}_BigType_PerTenThousand
10220200356	BDDictionary_enum@{1}_Tag_PerTenThousand
10220200357	Spatial Dimension
10220200358	Stasis Space (Deprecated)
10220200359	Chaotic Space (Deprecated)
10220200360	Grant All Players Full Mini Map Vision
10220200361	Disguise
10220200362	Hiding
10220200363	Shadow Step Trail
10220200364	Shadow Step
10220200365	Enhance Camouflage Stealth
10220200366	Enhance Camouflage Speed
10220200367	Blind
10220200368	Rift Impact
10220200369	Magnification
10220200370	Burn
10220200371	Poisoned
10220200372	Sleep
10220200373	Fear
10220200374	HP Recovery
10220200375	Gravitation Field Sound Effect
10220200376	Instantly Restore @{1}%
10220200377	Focus Orbit
10220200378	Endurance Orbit
10220200379	Evil Orbit
10220200380	Attack Orbit
10220200381	Attribute Orbit
10220200382	Life Steal Orbit
10220200383	Radiance Orbit
10220200384	Desolation Orbit
10220200385	Frozen Orbit
10220200386	Instantly restores @{1} HP
10220200387	Pirate
10220200388	Reset Skill Cooldowns
10220200389	Alternate
10220200390	Hide HP Bar
10220200391	Attack Immunity
10220200392	HP Lock
10220200393	Record
10220200394	Cast Skill
10220200395	Leave Combat
10220200396	Increases Movement Speed and HP recover
10220200397	Instantly restores all HP
10220200398	(Deprecated)
10220200399	Blessing (Deprecated)
10220200400	Death Prevention Visual Listener (Deprecated)
10220200401	Arrow Storm
10220200402	Detecting
10220200403	Myriad Stars Chase the Moon
10220200404	Tension Relax
10220200405	Storm Gust (Deprecated)
10220200406	Wind Walker
10220200407	Falcon's Eye
10220200408	Equipment Drop Test
10220200409	Fire Release
10220200410	Lightning Release
10220200411	Valkyrie's Blessing
10220200412	Blessing of Thor, God of Thunder
10220200413	Blessing of Odin, King of the Gods
10220200414	Valkyrie's Blessing (Deprecated!)
10220200415	Blessing of Baldr, God of Light
10220200416	Blessing of Tyr, God of War
10220200417	Battle Royale Victory Buff
10220200418	Cooldown Potion
10220200419	Status Potion
10220200420	Restores @{1}% of Max Life per second
10220200421	Speed Potion
10220200422	Battle Royale HP Drain Buff
10220200423	Transform: Drops
10220200424	Transform: Poporing
10220200425	Transform: Bombring
10220200426	Transform: Angeling
10220200427	Transform: Deviling
10220200428	Transform into Lava Poring
10220200429	Flying Magic
10220200430	Teleportation Magic
10220200431	Ping-Pong Poring
10220200432	Poring Counterattack
10220200433	Ball Catch Buff
10220200434	Masked
10220200435	Tension Relax
10220200436	Escort Cart Lightly Damaged
10220200437	Escort Cart Heavily Damaged
10220200438	Escort Cart Destroyed
10220200439	Escort Cart Endure
10220200440	Swift Movement
10220200441	Slow Down!
10220200442	Invincible
10220200443	Escort Cart Damage Reduction
10220200444	Vehicle Stealth
10220200445	Explosion Effect
10220200446	Vehicle Shield
10220200447	First Blood Monster
10220200448	Movement Disabled
10220200449	Healing Orbit
10220200450	Healing Orbit Effect
10220200451	Attack Orbit Effect
10220200452	Damage Reduction Orbit
10220200453	Damage Reduction Orbit Effect
10220200454	Escort Cart Explosion
10220200455	Invincible Zone
10220200456	Escort Cart Catch-Up Speed Boost
10220200457	Escort Cart Movement Penalty
10220200458	Protection Orbit
10220200459	Protection Orbit Mark
10220200460	Protection Orbit DEF Boost
10220200461	Protection Orbit Effect (Not Full)
10220200462	Protection Orbit Effect (Full)
10220200463	Invincible Escort Cart
10220200464	Knockback
10220200465	Knock-Up
10220200466	Frozen
10220200467	Petrify
10220200468	Silence
10220200469	Immobilize
10220200470	Frozen
10220200471	Sluggish
10220200472	Bleeding
10220200473	Debuff Immunity
10220200474	Revive Disabled in Instances
10220200475	Boss CC Immunity
10220200476	Stagger
10220200477	Severe Wound
10220200478	Prayer of the Holy Spirit is disabled in instances
10220200479	Change Armor to Earth Property
10220200480	Change Armor to Water Property
10220200481	Change Armor to Wind Property
10220200482	Convert Armor to Poison
10220200483	Convert Armor to Fire Property
10220200484	Change Armor to Ghost Property
10220200485	Convert Armor to Holy Property
10220200486	Curse
10220200487	Meditate
10220200488	Flame Blast
10220200489	Ice Blast
10220200490	Thunder Blast
10220200491	Earth Blast
10220200492	Dispel
10220200493	Unstoppable
10220200494	Item Use Disabled
10220200495	Item Healing Disabled
10220200496	Element Counter Immunity
10220200497	Class Resonance
10220200498	Guild Resonance
10220200499	Divine Blessing
10220200500	Fixed-Direction Buff
10220200501	Close Friend (Lv. @{1})
10220200502	Fortify
10220200503	Respawn Protection
10220200504	High Morale
10220200505	High Morale
10220200506	Unstoppable
10220200507	Blessed Wind
10220200508	Blessing of Light
10220200509	Dark Curse
10220200510	Weaken
10220200511	Crystal Prison
10220200512	Iron Slash
10220200513	Revive Point Protection
10220200514	Blessing of Water
10220200515	Carry Cannonball
10220200516	Flight
10220200517	Dragonblood Protection
10220200518	Carry Scale
10220200519	Fafnir's Fury
10220200520	Weak
10220200521	Poring Poring!
10220200522	Madogear Pilot
10220200523	Arcane Acceleration
10220200524	Ring of Frost
10220200525	Lightning Domain
10220200526	Freeze
10220200527	Rapidness
10220200528	Guardian's Will
10220200529	Lightning Strike
10220200530	Dynamite
10220200531	Physical Immune
10220200532	Magic Immune
10220200533	Charge
10220200534	Split
10220200535	Divine Light
10220200536	Manhunt
10220200537	Self-Destruct
10220200538	Boss
10220200539	Unstoppable Dragonkin
10220200540	·
10220200541	Flame Scorch
10220200542	Berserk
10220200543	Lope Start Marker
10220200544	Lope Obstacle-Dodge Marker
10220200545	Bride Character Marker
10220200546	Blood Pool Pull
10220200547	Spawn Effect @{1}
10220200548	ATK Boost
10220200549	DEF Boost
10220200550	Cooldown Reduction
10220200551	CRIT Boost
10220200552	Movement Speed Boost
10220200553	HP Recovery
10220200554	Chain Bind
10220200555	Nightmare Mystery Box
10220200556	Concentrated Squid Ink
10220200557	DEF Injection
10220200558	Berserk Injection
10220200559	Viscous Machine Oil
10220200560	Brass Talisman
10220200561	Gain an ATK Boost
10220200562	Gain DEF Boost
10220200563	Gain Cooldown Reduction
10220200564	Gain CRIT Boost
10220200565	Gain increased Movement Speed
10220200566	Recover HP
10220200567	Skill Acquisition Effect
10220200568	Adds a Lope button
10220200569	Transform into a Red Note
10220200570	Immune to damage while using Lope
10220200571	Transform into a Blue Note
10220200572	Double Jump Buff During Lope
10220200573	Transform into Red Musical Notes Underfoot
10220200574	Transform into a Blue Note underfoot
10220200575	HP Lock@{1}%
10220200576	BOSS Visual Effects
10220200577	Small note idle (stationary)
10220200578	Little Note Counterclockwise Skill 2
10220200579	Little Note Clockwise Skill 1
10220200580	Little Note Counterclockwise Skill 3
10220200581	Small Notes Clockwise Skill 4
10220200582	Phase 1 Goddess Energy Orb Charge + Burst + Idle Infinite Loop
10220200583	Phase 1 Goddess Large Musical Note@{1}
10220200584	Slide Player Performance
10220200585	Tiamat Effect
10220200586	Tiamat Frontal Damage
10220200587	Status Check Buff
10220200588	Little Note Counterclockwise Skill@{1}
10220200589	Small Note Clockwise Skill@{1}
10220200590	Battle Royale Transition Pull
10220200591	Battle Royale Transition Player Effect
58000	Main Screen and Control Mode Selection
58001	Go to Selection
58002	Select Mode
58003	You can switch modes later under Settings - Basic - PC Mode
58004	Classic PC
58005	Modern PC
58006	Mobile
58007	Shop
58008	Trade Exchange
58009	Event
58010	To-Do
58011	Friends
58012	Stats
58013	Guild
58014	Universal Mount
58015	Combat Mount
58016	Quests
58017	Skills
58018	Auto Mode
58019	Display Resolution
58020	Windowed ${1}*${2}
58021	Settings
58022	Full-screen
58023	For players familiar with RO Online
58024	For players familiar with PC MMORPGs such as Justice Online and Moonlight Blade
58025	For players who prefer mobile layouts and play on an emulator
58026	More Left-Click Actions
58027	Right-Click to Use
58028	Lock Skill Hotbar
58029	Auto-Battle
58030	Equip
58031	Chat
58032	Sit
58033	Notification
58034	New Tab
58035	Enter a tab name
58036	Select at least 1 chat channel
58037	Create
58038	Cancel
58039	Chat tab created
58040	Edit
58041	Rename
58042	Delete Tab
58043	Back to Bottom
58044	Clear Chat
58045	Chat Settings
58046	Tab Management
58047	Display Settings
58048	Are you sure you want to delete this chat tab?
58049	Chat Message Display Duration
58050	Display Duration
58051	Save
58052	Cancel
58053	Hide Chat
58054	Show Chat
58055	Open
58056	Off
58057	Player Info
58058	Basic Profile
58059	Party/Raid
58060	Party/Raid Information Display Area
58061	Connect Function
58062	Connect Function Menu
58063	Skills
58064	Skill and Combat Resource Display Area
58065	Combat Assistance
58066	Combat Assistance Function Display Area
58067	Buff
58068	Buff Display Area
58069	Debuff
58070	Debuff Display Area
58071	Event
58072	Event Menu
58073	Map
58074	Mini Map Display Area
58075	Quests
58076	Quest Display Area
58077	System Function
58078	System Function Menu
58079	Event Alert
58080	Dynamic Event Alert Display Area
58081	Game Info
58082	Scrolling Game Notification Display Area
58083	Status Alert
58084	Stat Change and Current Character Status Display Area
58085	Quick Items
58086	Quick Item Display Area
58087	Invitation Alert
58088	Party/Raid Status and Gameplay Mechanic Alert Display Area
58089	Target Info
58090	Selected Target Display Area
58091	Gameplay Information
58092	Main Gameplay Information Display Area
58093	Gameplay Phase
58094	Gameplay Phase Information Display Area
58095	Kill Alert
58096	Kill Information Display Area
58097	Boss skill
58098	Boss Skill information display area
58099	Quick Target Selection
58100	Quick Target Selection Display Area
58101	Interaction Skill
58102	Interactive Gameplay Button Display Area
58103	Gameplay Alert
58104	Gameplay Alert display area
58105	Cast Bar
58106	Skill and Misc cast bar display area
58107	Mechanic Feedback
58108	Display area for feedback unique to special Misc
58109	Command Information
58110	Command Information display area for each Misc
58111	Gameplay Rating
58112	Gameplay Rating display area
58113	Right-click to Go
58114	Are you sure you want to exit the game?
58115	(${1}s)
58116	Merge Tabs
58117	Merge All Tabs
58118	Maximum number of tabs reached. Unable to create a new Tavern chat tab.
58119	Chat
58120	Recent Contacts
58121	${1}/${2} Conversations
58122	Switching modes requires restarting the game. Are you sure you want to switch?
58123	Click the Ground to Move
58124	Mouse Turning
58125	Target Lock Mode
58126	Keyboard Movement
58127	Mouse Turning
58128	Expanded Skills
58129	Display area for expanded skills such as the Skill Bar and Pet Skill
58130	Misc Master Effects
58131	Master Effects display area for certain Misc
58132	Custom Action Bar
58133	Customizable display area for skills and items
58134	Auto-Battle
58135	Auto-Battle Button display area
58136	Quick Items
58137	Display area for Auto-Potion, Bow switching, and other actions
58138	Flying Mount
58139	Flying Mount Skills display area
58140	Equipment you cannot equip cannot be placed in Quick Items.
58141	Only Cooking, potions, Voice Message Items, Treasure Maps, and equipment can be placed in Quick Items.
58142	Quick equipment swapping is on cooldown. Please try again later.
58143	Equipment
58144	Talent
58145	Card
58146	Pet
58147	Divine Totem
58148	Soul Echo
58149	Monster Hunt
58150	Wardrobe
58151	Collection
58152	Life Skill
58153	Emotes
58154	Auto-Potion
58155	In Development—Coming Soon
10220200748	Safety Wall
10220200749	Jupitel Thunder
10220200750	Frost Nova
10220200751	Quagmire
10220200752	Meteor Storm
10220200753	Lord of Vermilion
10220200754	Storm Gust
10220200755	Mystical Amplification
10220200756	Soul Drain
10220200757	Gravitation Field
10220200758	Prison
10220200759	Intense Telekinesis
10220200760	Penetration
10220200761	Ionization
10220200762	Reading Spellbook
10220200763	Spellbook Reset
10220200764	Trigger Spellbook Reset
10220200765	Spellbook - Comet
10220200766	Spellbook - Thunderclap
10220200767	Spellbook - Crimson Rock
10220200768	Spellbook - Earth Strain
10220200769	Spellbook - Frost Blast
10220200770	Spellbook - Tetra Vortex
10220200771	Elemental Attunement
10220200772	Soul Combo SFX
10220200773	White Imprison SFX
10220200774	Tetra Vortex SFX
10220200775	Fire Wall SFX
10220200776	Quagmire SFX
10220200777	Heaven's Drive SFX
10220200778	Lord of Vermilion SFX
10220200779	Frost Spell SFX
10220200780	Storm Gust SFX
10220200781	Ganbantein SFX
10220200782	Page
10220200783	Continuous Page Gain
10220200784	Spellbook - Soul Burst
10220200785	Element Control
10220200786	Telekinetic Orb - Count @{1}
10220200787	Psychokinetic Astral Body
10220200788	Intense Telekinesis · Lv@{1}
10220200789	Spellbook - Gravity Impact
10220200790	Telekinetic Orb HIT AoE
10220200791	Wall of Darkness SFX
10220200792	Psychic Mastery
10220200793	Remove @{1} Pages
10220200794	Continuous Slow While Channeling
10220200795	Elemental Arrow Amplification
10220200796	Fixed Casting
10220200797	Elemental Pursuit
10220200798	Elemental Shock
10220200799	Basic Magic Rune
10220200800	Basic Spell Calibration
10220200801	Spell Lock
10220200802	Flame Enhance
10220200803	Flame Chain
10220200804	Fireball Burst
10220200805	Ice and Thunder Mastery
10220200806	Ice Spike
10220200807	Thunderbolt
10220200808	Inflict Freeze on Frozen Target HIT
10220200809	Earthfire Mark
10220200810	Flame Burst
10220200811	Ember Zone
10220200812	Ice and Thunder Mark
10220200813	Frost Burst
10220200814	Thunder Shockwave
10220200815	Arcane Training
10220200816	Magic Cannon
10220200817	Greater Psychic Shockwave
10220200818	Magic Cannon Energy Removal
10220200819	Elemental Preparation
10220200820	Soul Reaper
10220200821	Arcane Study
10220200822	Killer Book MATK Increase
10220200823	Gravity Enhance
10220200824	Spatial Distortion
10220200825	Gravity Trap
10220200826	Intermediate Magic Rune
10220200827	Magic Calibration
10220200828	Magic Infusion
10220200829	Cast Time Increase @{1}
10220200830	MATK Increase @{1}
10220200831	Meteor Storm Triggers Embers
10220200832	Bobo Bubble
10220200833	Refreshing Breath Medicine
10220200834	Gentle Breath Medicine
10220200835	Premium Breath Medicine
10220200836	Potent Breath Medicine
10220200837	First Aid Breath Medicine
10220200838	Concentrated Breath Medicine
10220200839	Superior Breath Medicine
10220200840	Green Potion
10220200841	Red Potion
10220200842	Yellow Potion
10220200843	Orange Potion
10220200844	Vitality Potion
10220200845	Holy Spirit Potion
10220200846	Fountain of Life
10220200847	Superior Green Potion
10220200848	Superior Red Potion
10220200849	Superior Yellow Potion
10220200850	Superior Orange Potion
10220200851	Superior Vitality Potion
10220200852	Superior Spirit Potion
10220200853	Superior Fountain of Life
10220200854	Panacea
10220200855	Creamy Tomato Soup
10220200856	Mushroom Tomato Soup
10220200857	Grilled Mushroom Skewers
10220200858	Chili Beast Steak
10220200859	Spicy Meat Patty
10220200860	Meat Bun
10220200861	Herb Porridge
10220200862	Spicy Herb Wrap
10220200863	Spicy Fried Rice
10220200864	Strawberry Hard Candy
10220200865	Strawberry Cocoa Truffle
10220200866	Vanilla Hot Cocoa
10220200867	Strawberry Milkshake
10220200868	Hot Strawberry Cocoa Milk
10220200869	Cocoa Pudding
10220200870	Colorful Lollipop
10220200871	Berry Herbal Tea
10220200872	Strawberry Cocoa Crunch Bar
10220200873	Grape Wine
10220200874	Green Lemon Cocktail
10220200875	Refreshing Lemon Brew
10220200876	Grape Sparkling Water
10220200877	Mixed Fruit Juice
10220200878	Pure Lemon Water
10220200879	Lemon Herbal Tea
10220200880	Woody Grape Drink
10220200881	Citruswood Fruit Tea
10220200882	Training Dummy Auto-Recovery
10220200883	Knockback Immunity for Immobile Monsters
10220200884	Tower Boss Stat Adjustment @{1}
10220200885	Automatic Tower Difficulty Reduction Buff
10220200886	Tower Area Indicator Mark
10220200887	Endure (Deprecated)
10220200888	Realm of Light
10220200889	Pyroblast
10220200890	Delusion
10220200891	Terrifying Roar
10220200892	Blade Whirlwind
10220200893	Stone Coating
10220200894	Petrify Screen Effect
10220200895	Dark Curse
10220200896	Realm of Darkness
10220200897	Acid Corrosion
10220200898	Slime Ground
10220200899	Invincible and Untargetable Deprecated
10220200900	Summoned Unit Self-Destruct
10220200901	MVP Skill Reset After Leaving Combat
10220200902	Mandragora Attack
10220200903	Movement Speed Increase When Out of Combat
10220200904	Lock Life to Fixed Value @{1} (Deprecated)
10220200905	Golden Thief Bug Summons Thief Bugs with Paralyze
10220200906	Paralyze
10220200907	Healing Dummy Exclusive Buff
10220200908	Phreeoni Continuous Drain
10220200909	Goblin Leader ST Target Lock Marker
10220200910	Pyramid Laser Damage
10220200911	Brutal Sweep Attack
10220200912	Totem ZS (Deprecated)
10220200913	Frequent Pull
10220200914	Check Whether Killed
10220200915	Orc Lord's Totem
10220200916	Moonlight Flower Marker Buff
10220200917	Dark Corrosion
10220200918	Bell Activation Effect
10220200919	Undead Phantom
10220200920	Burn
10220200921	Directional Effect Test
10220200922	Osiris Disengagement Check
10220200923	Max Life Increase Buff Test
10220200924	Goblin Helicopter Jet Effect
10220200925	Blackhole Boss Shield
10220200926	Trap Hunter Boss Target
10220200927	Death Scythe Life Recovery
10220200928	Dark Sorcery
10220200929	Scythe Channeling
10220200930	Trauma Drain
10220200931	Voice of the Dead
10220200932	Undead Convergence
10220200933	Nether Phantom
10220200934	Serpent Spirit's Protection
10220200935	Serpent Spirit's Embrace
10220200936	Phantom Barrier
10220200937	Sinister Scythe
10220200938	Sinister Chains
10220200939	Scythe Slash
10220200940	Holy Light Descending
10220200941	Holy Spirit Divine Light
10220200942	Clear Breeze
10220200943	Fox Fury
10220200944	Raging Gale
10220200945	Taunting Tease
10220200946	Harvesting Scythe
10220200947	Adaptive Attack
10220200948	Adaptive Damage
10220200949	Forest's Blessing
10220200950	Tree Spirit Curse
10220200951	Bobo's Protection
10220200952	Moonlit Curse
10220200953	Bell Miracle
10220200954	Orc Lord Passive
10220200955	Lightning Strike HIT Marker
10220200956	Summon Lightning
10220200957	Continuous Lightning Strike Damage Increase Check
10220200958	Lightning Strike Damage Increase Stack
10220200959	Esen's Execution
10220200960	Esen's Slaughter
10220200961	Orc Roar
10220200962	Armor-Shattering War Cry
10220200963	Orc Stomp
10220200964	Armor Break
10220200965	Raging Gale
10220200966	Enraged Tiger Roar
10220200967	Savage Shield
10220200968	Tribal Protection
10220200969	Goat's Protection
10220200970	Stunning Tremor
10220200971	Demonic Curse
10220200972	Bongun Passive Check
10220200973	Bongun Life Recovery Trigger
10220200974	Choco Antics
10220200975	Agility Song
10220200976	Swift Trick
10220200977	Formless Passive
10220200978	Bloodthirsty Impulse
10220200979	Ancient Mummy Passive
10220200980	Malicious Curse
10220200981	Protection of the Sands
10220200982	Detain
10220200983	Spectral Protection
10220200984	Spirit Shield
10220200985	Soul's Protection
10220200986	Corrupted Wander Man Passive
10220200987	ATK Reduction
10220200988	Corrupted Wander Man Exclusive Passive
10220200989	Corrupted Soul Impact
10220200990	Power of the Wander Man
10220200991	Nightmare Passive
10220200992	Shadow Hoofprint
10220200993	Sinister Cry
10220200994	Elena Bokba Passive
10220200995	Gunshot Wound
10220200996	Gun-Smoke Severe Wound
10220200997	Hard Prismatic Nightmare Passive
10220200998	Sarah Irene Passive
10220200999	Flame Fist
10220201000	Fire Element Vulnerability
10220201001	Marionette Passive
10220201002	Marionette's Curse
10220201003	Ancient Tree Passive
10220201004	Ancient Tree's Protection
10220201005	Lava Lizard Passive
10220201006	Scorched Armor
10220201007	Wild Rose Passive
10220201008	Lingering Breath
10220201009	Pain of the Wind Blade
10220201010	Iron Ball Rampage
10220201011	Warrior Lola Passive
10220201012	Concussion
10220201013	Alicel - Damage Passive Monitor
10220201014	Alicel - Blade
10220201015	Alert Reconnaissance
10220201016	Defensive Vigilance
10220201017	Basilisk Passive
10220201018	Farsight Revelation
10220201019	Detect Stealth
10220201020	Vine Strike
10220201021	Fruit Tree Turtle Passive
10220201022	Fruit Blossom Healing
10220201023	Low Growl
10220201024	Clock Passive
10220201025	Stealth
10220201026	Ninja Art: Smoke Screen
10220201027	ATK and MATK Reduction
10220201028	Silver Moon's Arrival Trigger
10220201029	Silver Moon Trigger Buff
10220201030	Moonlight
10220201031	Silver Moon
10220201032	Damage Taken Increase
10220201033	Ranged Damage Increase
10220201034	Demon's Whisper
10220201035	Vanguard Shield
10220201036	Wildcat Passive
10220201037	Demonic Aura
10220201038	Demon Flame
10220201039	Realm of Light
10220201040	DMG Reduction
10220201041	Continuous Area Shield
10220201042	MATK Increase
10220201043	Celestial Dance
10220201044	Fairy Blessing
10220201045	Fairy Blessing - HP Lock
10220201046	Fairy - Shield
10220201047	Fairy Blessing - Max Life
10220201048	Fairy Shield
10220201049	DEF and MDEF Increase
10220201050	Piamette Passive
10220201051	DEF and MDEF Reduction
10220201052	Butterfly Dance
10220201053	Execution
10220201054	Executioner
10220201055	Stat Reduction
10220201056	Rocker Rocker
10220201057	Petrification Gaze
10220201058	Serpent Sorcery
10220201059	Arcane Silver Serpent
10220201060	Flame of Hope
10220201061	Divine Hope
10220201062	Formless Entanglement
10220201063	Soul Siphon
10220201064	Collective Surveillance
10220201065	Light of Scrutiny
10220201066	Eye of Scrutiny
10220201067	Deliberate Laceration
10220201068	Samurai Charge
10220201069	Same Old Trick
10220201070	Flame Breath
10220201071	Spreading Frost
10220201072	Tidal Hymn
10220201073	Dance of the Sea Monster
10220201074	Cleaning Time
10220201075	Alice's Protection
10220201076	A Maid's Etiquette
10220201077	Transform into Golden Thief Bug
10220201078	Universal - Gift Magic Circle
10220201079	Universal - Grand Gift Magic Circle
10220201080	Transform into Little Poring
10220201081	Fatal Blow
10220201082	Golden Thief Bug Stealth
10220201083	Block Shield
10220201084	Sandstorm Slow
10220201085	Phreeoni Slow
10220201086	Move back Afterimage Status
10220201087	Mist Formation Stealth
10220201088	Dungeon Matchmaking Penalty I
10220201089	Dungeon Matchmaking Penalty II
10220201090	Dungeon Matchmaking Penalty III
10220201091	Blade Deflection
10220201092	Full-screen AOE
10220201093	Blade Mountain-Greatsword
10220201094	Blade Mountain-Greatsword Effect
10220201095	Shield
10220201096	Cast AOE When Shield Ends
10220201097	Stone Blade
10220201098	BUFF While Protected by Shield
10220201099	Transform: Poring Cannot Be Attacked
10220201100	Sword, Derived Interaction
10220201101	Shield, Derived Interaction
10220201102	Weapon Deflection Mechanic Callout
10220201103	Arrow Effect
10220201104	Check Whether It's on a Line
10220201105	Use a Revive to cancel Transform
10220201106	Continuously displays a red tether
10220201107	Invincible and Untargetable
10220201108	Drake Buff
10220201109	Minion Buff
10220201110	Waterspout Buff
10220201111	Ghost Ship Buff
10220201112	Ghost Ship Single-Hit Buff
10220201113	Ghost Ship Second Wave Buff
10220201114	Player Link
10220201115	Detection Distance
10220201116	Petrify Screen Effect
10220201117	NPC Only Receives Damage Effect
10220201118	Player Link @{1}
10220201119	New Player Link
10220201120	Red Line Link
10220201121	White Line Link
10220201122	New Player Link Node
10220201123	Count
10220201124	Boss-Player Link
10220201125	Player-to-Player Link
10220201126	Player Accelerate/Slow
10220201127	Focus Zoom
10220201128	Summon Marker
10220201129	Coffin Skill
10220201130	Shroud
10220201131	Shroud Crowd Control Removal
10220201132	Shroud Detection
10220201133	Shroud Link
10220201134	Coffin Skill@{1}
10220201135	Damage Reduction
10220201136	Damage Reduction Filter
10220201137	Increase Aggro
10220201138	Party-Wide Stealth
10220201139	On Removal
10220201140	HP Bar Display
10220201141	Ultimate Marker
10220201142	Laser Marker
10220201143	AOE Marker
10220201144	Enrage Marker
10220201145	Pyramid Laser
10220201146	Enrage Effect
10220201147	Laser Link
10220201148	Warning Link
10220201149	Curse of the Pyramid
10220201150	AOE Effect
10220201151	Charged Bell
10220201152	Party-Wide Stealth
10220201153	Cumulative Time Under the Light
10220201154	Continuously Apply Stealth Buff
10220201155	Bell Untargetable Buff
10220201156	Anti-Flicker Buff
10220201157	Bullet Mark Buff
10220201158	Post-Death Lighting Effect
10220201159	Same-Color Collision Bubble NPC Left
10220201160	Same-Color Collision Bubble NPC Down
10220201161	Red Note
10220201162	Bubble Movement
10220201163	Continuous Bubble Deployment
10220201164	Yellow Note
10220201165	Blue Note
10220201166	Green Note
10220201167	Invincible and Untargetable (Deprecated)
10220201168	Different-Color Collision Bubble NPC Right
10220201169	Different-Color Collision Bubble NPC Up
10220201170	Player
10220201171	Stationary Red Bubble
10220201172	Stationary Yellow Bubble
10220201173	Stationary Blue Bubble
10220201174	Stationary Green Bubble
10220201175	Knockback Immunity
10220201176	Wave Slow
10220201177	A Red Bubble Is Tracking You
10220201178	A Yellow Bubble Is Tracking You
10220201179	A Blue Bubble Is Tracking You
10220201180	A Green Bubble Is Tracking You
10220201181	Red Tracking Link Effect
10220201182	p@{1} Speed Buff
10220201183	Continuously Launch Water Jet
10220201184	Yellow Tracking Line Effect
10220201185	Blue Tracking Line Effect
10220201186	Green Tracking Line Effect
10220201187	Boss @{1} Persistent Water Orb Effect
10220201188	Highest-Aggro Target Effect
10220201189	Boss Movement Detection Buff
10220201190	Red Bubble Screen Tracking Effect
10220201191	Yellow Bubble Screen Tracking Effect
10220201192	Blue Bubble Screen Tracking Effect
10220201193	Green Bubble Screen Tracking Effect
10220201194	Bubble Attraction Control
10220201195	Duo Dance
10220201196	Dance Machine Transform
10220201197	Dance Machine Skill Swap
10220201198	Summoned NPC Spawn Buff
10220201199	Link
10220201200	Linked Debuff
10220201201	Dance Move Check
10220201202	Dance Machine_Remove Transform Buff Remove Transform Buff
10220201203	Skill @{1} Cast Check
10220201204	Remove Skill Check
10220201205	Perfect State
10220201206	Dancing NPC Check
10220201207	Rhythm Button
10220201208	Launch Cross Compression Field
10220201209	Note Replacement on Cooldown
10220201210	Red Note Magic Circle Expanding Outer Ring
10220201211	Blue Note Magic Circle Expanding Outer Ring
10220201212	Yellow Note Magic Circle Expanding Outer Ring
10220201213	Green Note Magic Circle Expanding Outer Ring
10220201214	White Note Magic Circle Expanding Outer Ring
10220201215	Green Energy Barrier Activation
10220201216	Immune Monolith
10220201217	Lock Life at @{1}%
10220201218	Green Marker
10220201219	Player Link Node
10220201220	Knight Note@{1}
10220201221	Crusader Note@{1}
10220201222	Mage Note@{1}
10220201223	Hunter Note@{1}
10220201224	Harmony Self Buff
10220201225	Battle Chant Harmony: Harmony
10220201226	Spiritual Melody Purification Self Buff
10220201227	Battle Chant Harmony: Rhythm
10220201228	Psalm Self Buff
10220201229	Battle Chant Harmony: Psalm
10220201230	Original Melody Chorus Self Buff
10220201231	Battle Chant Harmony: Original Melody Chorus
10220201232	Organon Self Buff
10220201233	Low Drone Self Buff
10220201234	Admonitory Song of Suffering: Low Drone
10220201235	Sacrament Baptism Self Buff
10220201236	Sacred Music True Form
10220201237	Divinity True Form Self Buff
10220201238	Voice Part
10220201239	Priest Note@{1}
10220201240	Rhythm Performance Buff
10220201241	Shield Cooldown Buff
10220201242	Voice Part Performance Buff
10220201243	Assassin Note@{1}
10220201244	Merchant Note@{1}
10220201245	Soul Burst Skill Detection Buff
10220201246	Initial Shield
10220201247	Persistent Shield
10220201248	Season Axe Tornado Speed and ATK Boost Listener
10220201249	Blade Mark - ATK Up
10220201250	Blade Mark-Accelerate
10220201251	Season High-Energy Impact Switch bd@{1}
10220201252	Season Axe Tornado Switch BD@{1}
10220201253	Reflect Damage Slow
10220201254	Switch Thorn
10220201255	King's Grace Unstoppable
10220201256	Switch Twilight Light
10220201257	Switch (Enhance) Blood Cross
10220201258	Switch Enhance Blood Cross
10220201259	Switch King's Grace
10220201260	Shield Damage Reduction
10220201261	Shield Casting Passive
10220201262	Modify Shield Press
10220201263	Switch Shield Press
10220201264	Switch Blood Cross
10220201265	Switch Moon Slasher
10220201266	Earth Drive Slow
10220201267	Switch Earth Drive@{1}
10220201268	Switch Earth Drive
10220201269	Delay
10220201270	Shooting: BD@{1}
10220201271	Focused Arrow Strike
10220201272	Wolf Hunt: BD@{1}
10220201273	Frenzy BD VFX
10220201274	Dragon Knight: Fire Mark@{1}
10220201275	Wind-Pressure Blade
10220201276	Dragon Knight: Wind Mark@{1}
10220201277	Dragon Transformation
10220201278	Monitor Slashing Strike
10220201279	Slashing Strike Floors
10220201280	Reset Rift Impact CD
10220201281	Lance Knight: Wind Mark@{1}
10220201282	Target Mark
10220201283	Reset Phantom Thrust CD
10220201284	Note Mark@{1}
10220201285	Lance Knight: Fire Mark@{1}
10220201286	Frenzy S@{1}
10220201287	Advanced Hundred Spear Counter S@{1}
10220201288	Hundred Spear Mode@{1}
10220201289	Enhance Cloaking
10220201290	Dark Illusion_S@{1}_BD
10220201291	Dark Illusion
10220201292	Cross Ripper Slasher_S@{1}_BD
10220201293	Rolling Cutter BD_S@{1}_BD
10220201294	Cloaking Enhance BD_S@{1}_BD
10220201295	Overpower Passive
10220201296	Freestyle Rap
10220201297	Triple Rhyme
10220201298	Hip-Hop Impersonation
10220201299	Encore
10220201300	Multi-Rhyme
10220201301	Move back Afterimage State Season
10220201302	Syllable
10220201303	Switch Comet
10220201304	Switch Vortex
10220201305	Elemental Attunement-Comet
10220201306	Elemental Attunement Comet
10220201307	Normal Attack Counter
10220201308	Switch White Imprison
10220201309	Remix Resonance
10220201310	Switch Soul Burst
10220201311	Switch Enhance Soul Burst
10220201312	Spellbook-Little Meteor
10220201313	Switch Psychic Orb
10220201314	Switch Gravity Impact
10220201315	Psychic Orb-Counter
10220201316	Manifestation
10220201317	Performance Buff
10220201318	Divine Remnant
10220201319	Free
10220201320	Buff
10220201321	Evil Spirit Possession
10220201322	Praiser Priest Hymn: Equal Grace
10220201323	Praiser Priest Hymn: Manifestation
10220201324	Praiser Priest Hymn: Divine Remnant
10220201325	Praiser Priest Hymn: Angel Incarnate
10220201326	Exorciser Spell: Enlightenment
10220201327	Exorciser Spell: Free Will
10220201328	Exorciser Spell: Corruption
10220201329	Exorciser Spell: Evil Spirit Possession
10220201330	Chain
10220201331	Reduce Twilight Ray CD
10220201332	Replace Fearless Charge
10220201333	Increase Earth Drive Damage
10220201334	Replace Earth Drive
10220201335	Record Damage Dealt
10220201336	Enhance Guard
10220201337	Replace Block
10220201338	Focused Shot: Dark Night
10220201339	Slash Mode@{1}
10220201340	Phantom Thrust Stacks
10220201341	Reset Sonic Blow CD
10220201342	Blood Spear
10220201343	Black Phantom
10220201344	Haste
10220201345	Slow
10220201346	Dark Illusion_S@{1}_BD
10220201347	Cross Ripper Slasher_S@{1}_BD
10220201348	Rolling CutterBD_S@{1}_BD
10220201349	Enhanced CloakingBD_S@{1}_BD
10220201350	Move back Afterimage_S@{1}_BD
10220201351	Flowing Shadow_S@{1}_BD
10220201352	Shadow GuardBD_S@{1}_BD
10220201353	Shadow PierceBD_S@{1}_BD
10220201354	Flowing Shadow Floors
10220201355	Magic Release
10220201356	Healing Reduction
10220201357	Void Rift
10220201358	ElementBD@{1}
10220201359	Test@{1}
10220201360	Replace Intense Telekinesis
10220201361	Prison Slow
10220201362	Enhanced Psychic Astrolabe Listener
10220201363	Enhanced Gravity Impact Listener
10220201364	Soul Burst/White Imprison/Gravity Impact Slow
10220201365	Intense Telekinesis@{1}
10220201366	Gravity Impact Continuous Ghost Attack
10220201367	Psychic Astrolabe@{1}
10220201368	Spellbook-Gravity ImpactS@{1}
10220201369	Skill Slow Listener
10220201370	Magnum Break
10220201371	DEF increased
10220201372	Sword Mastery
10220201373	Provoke
10220201374	Sword Mastery
10220201375	Spear Mastery
10220201376	Spear Expert
10220201377	Sword Quicken
10220201378	Enhance Auto Counter
10220201379	Riding
10220201380	Charge
10220201381	Sword Attack Speed Increase
10220201382	Aura Blade
10220201383	Head Crush
10220201384	Concentration
10220201385	Parry
10220201386	Berserk
10220201387	Joint Beat
10220201388	Joint Beat Movement Speed Reduction
10220201389	Joint Beat Attack Speed Reduction
10220201390	Joint Beat Physical DEF Reduction
10220201391	Joint Beat Damage Taken Increase
10220201392	Joint Beat Add Immunity Buff
10220201393	Aura Blade Max Stack Sound Effect
10220201394	Dragon Wing
10220201395	Shield Visual Effect
10220201396	Dragon Howling
10220201397	Frenzy Visual Effect
10220201398	Death Bound
10220201399	Enchant Blade
10220201400	Rune Mastery
10220201401	Mounted State
10220201402	Dragon Training
10220201403	Mounted State-Dragon
10220201404	Phantom Thrust Target
10220201405	Pinpoint Attack Stacks
10220201406	Hundred Spear Charge
10220201407	Pinpoint Attack Listener
10220201408	Furious Storm
10220201409	Advanced Hundred Spear Count
10220201410	Wind Blade Slash
10220201411	Sturdy Strike
10220201412	Cleave
10220201413	Napalm Vulcan
10220201414	Shoot an arrow
10220201415	Phantom Arrow
10220201416	Minor Speed Boost
10220201417	Major Speed Boost
10220201418	Guide Line Effect
10220201419	Minor Speed Boost Effect
10220201420	Major Speed Boost Effect
10220201421	Transform Wheel Replacement
10220201422	Speed Boost Charge
10220201423	Missile Charge
10220201424	Trap Hunter Charge
10220201425	Dark Charge
10220201426	Shield Charge
10220201427	Self-Destruct Charge
10220201428	Extreme Speed Boost
10220201429	Extreme Slow
10220201430	Self-Destruct Speed Boost
10220201431	Reduced Field of View
10220201432	Control Immunity
10220201433	Freezing Trap Hunter Effect
10220201434	Flame Trap Hunter Effect
10220201435	Cheval-de-Frise Area Effect
10220201436	Chest Effect
10220201437	System Buff@{1}
10220201438	Damage Increase (Magnum Break)
10220201439	Damage/Attack Speed (Weak Point Attack)
10220201440	Dark Wall (Test)
10220201441	Increase Dodge (Test)
10220201442	Effect (Test)
10220201443	Increase ATK@{1}
10220201444	Increase Healing
10220201445	Reduce Healing
10220201446	Ten Kills in One Step
10220201447	Silence Test
10220201448	Meditation State
10220201449	Orbit Test Buff
10220201450	Double Attack
10220201451	Double Attack@{1}
10220201452	Dual-Dagger Logic Script@{1}
10220201453	Cloaking Passive
10220201454	Sand Puff Slow
10220201455	Detoxify
10220201456	Katar Mastery
10220201457	Katar Mastery@{1}
10220201458	Sonic Acceleration
10220201459	Move back Increase Dodge
10220201460	Dual-Wield Mastery
10220201461	Dual-Wield Mastery@{1}
10220201462	Grimtooth
10220201463	Venom Splasher
10220201464	Envenom
10220201465	Double Attack Increase Dodge
10220201466	Deadly Poison
10220201467	Venom Creation
10220201468	Advanced Soul Destroyer
10220201469	Damage Increase Effect
10220201470	Cross Impact Effect
10220201471	Advanced Katar Mastery
10220201472	CRIT
10220201473	Assassin Talent Placeholder@{1}-@{2}
10220201474	Premeditation
10220201475	Assassin Talent@{1}-@{2} Support Buff
10220201476	Black Phantom Damage Increase
10220201477	Black Phantom Slow
10220201478	Rolling Cutter Passive
10220201479	Rolling Cutter Cooldown Reset Buff
10220201480	Venom Dance Increase Dodge
10220201481	Black Phantom Floors
10220201482	Black Phantom Timer
10220201483	Black Phantom Passive
10220201484	Thousand Shadows Status
10220201485	Shadow Loop Status
10220201486	Savage Blade
10220201487	Magic Blade
10220201488	Resolve
10220201489	Magic Mark
10220201490	Holy Guard
10220201491	Divine Message
10220201492	Ice Guardian
10220201493	Nature's Blessing
10220201494	Magic Amplification
10220201495	Momentum Breaker
10220201496	Magic Damage Cap
10220201497	Magic Convergence
10220201498	Holy Fortress
10220201499	Healing Amplification
10220201500	Healing Cap
10220201501	Melee Amplification
10220201502	Holy Light Convergence
10220201503	Terminate
10220201504	Ranged Amplification
10220201505	Vengeful Magic
10220201506	Physical Damage Cap
10220201507	Abundant Magic
10220201508	Strength Convergence
10220201509	Magic Reverberation
10220201510	Cure
10220201511	Holy Light's Protection
10220201512	Defense Cap
10220201513	Defense Convergence
10220201514	Abundant Healing
10220201515	Decapitation
10220201516	Continuous Healing
10220201517	Vengeful Strength
10220201518	Battle Ready
10220201519	Abundant Strength
10220201520	Multi Strike
190001	Current Floors: <color=#CC762A>${1}</color>
190002	Daily Sweep Rewards: <color=#CC762A>${1}/${2}</color>
190003	Active MVPs: <color=#63A22B>${1}</color>
190004	Ranking Reward Count: <color=#CC762A>${1}/${2}</color>\nParticipation Rewards Reward Count: <color=#CC762A>${3}/${4}</color>
190005	Remaining Bonus Time: <color=#63A22B>${1}</color>
190006	<color=#CC762A>60 minutes</color> of Bonus Time is restored daily at midnight
190007	This Week's Points: ${1}/${2}
190008	Open Tuesdays, Thursdays, and Sundays from 17:00–18:30
190009	${1}'s ${2}
190010	Current Stage: <color=#CC762A>Floor ${1}</color>
190011	Stage Boss: <color=#CC762A>${1}</color>
11250000039	Minor Holy Resistance
11250000038	Minor Poison Resistance
11250000037	Minor Water Resistance
11250000036	Minor Fire Resistance
11250000035	Minor Earth Resistance
11250000034	Low Wind Resistance
11250000033	Low-Tier Neutral Resistance
11250000032	Low-Tier FLEE
11250000031	Low-Tier HIT
11250000030	Low-Tier Magic Penetration
11250000029	Low-Tier Physical Penetration
11250000028	Low-Tier Life
11250000027	Low-Tier Physical Defense
11250000026	Low-Tier Magic Defense
11250000025	Low-Tier Physical Attack
11250000024	Low-Tier Magic Attack
11250000023	Low-Tier Continuous Shield
11250000022	Low-Tier Last Stand Defense
11250000021	Low-Tier Fortitude Defense
11250000020	Low-Tier Continuous Healing
11250000019	Low-Tier Abundant Healing
11250000018	Low-Tier First Aid
11250000017	Low-Tier Multi Strike
11250000016	Low-Tier Abundant Strength
11250000015	Low-Tier Vengeful Might
11250000014	Low-Tier Execution
11250000013	Low-Tier Magic Echo
11250000012	Low-Tier Abundant Magic
11250000011	Low-Tier Vengeful Magic
11250000010	Low-Tier Terminate
11250000009	Holy Fortress
11250000008	Momentum Breaker
11250000007	Ice Guardian
11250000006	Holy Guard
11250000005	Nature's Blessing
11250000004	Divine Message
11250000003	Resolve
11250000002	Savage Blade
11250000001	Magic Mark
11250000000	Magic Blade
11200100003	Phase Four Plan
11200100002	Phase Three Strategy
11200100001	Phase 2 Strategy
11200100000	Phase 1 Strategy
11200000003	War of Emperium
11200000002	Escort Battle
11200000001	Stronghold War
11200000000	General Tactics
11190100158	Claim ${1} Area Rewards
11190100157	Claim ${1} Map Rewards
11190100156	Enhance Echoes ${1} times
11190100104	Earn a total of ${1} Personal Points in the Territory War
11190100103	Earn a total of ${1} Guild Points in the Territory War
11190100102	At Season Settlement, place in the top ${2} in ${1}
11190100101	At Season Settlement, have ${1} Season tiers reach Lv. ${2}
11190100100	Win ${1} Siege Battles
11190100099	Participate in ${1} War of Emperium matches
11190100098	Win ${1} Guild League matches
11190100097	Participate in the Guild League ${1} times
11190100096	Challenge and win a five-player dungeon ${1} times
59000	Tavern
59001	Entire Server
59002	Current Server
59003	Filter
59004	Filtering
59005	Filter Taverns
59006	Tavern Type
59007	Language
59008	Reset
59009	Confirm
59010	Enter a tavern name to search
59011	No tavern rooms available
59012	Loading…
59013	Create Tavern
59014	Return to Tavern
59015	Discover Taverns
59016	Create Tavern
59017	Tavern Name
59018	Enter a tavern name
59019	Tavern Type
59020	Language
59021	Please read and agree to
59022	Compliance Notice
59023	Don't show again today
59024	Confirm
59025	Cancel
59026	Switch Taverns
59027	You already have a tavern. Leave your current tavern, ${1}?
59028	Leave and Switch
59029	Cancel
59030	Voice Settings
59031	Mute
59032	Turn On Mic
59033	Mute
59034	Listen
59035	Request Voice Access
59036	Send Request
59037	Member
59038	Permissions
59039	Leave Room
59040	Leave Room Confirmation
59041	Are you sure you want to leave the current tavern?
59042	Mini Window
59043	Gift
59044	More
59045	Quests
59046	Share
59047	Report
59048	Report
59049	Report Tavern
59050	Member
59051	Speaking Mode: ${1}
59052	Permission Settings
59053	Invite
59054	Mic Controls
59055	Trophy & Quests
59056	Daily Tavern Quests
59057	Tavern Trophy
59058	View
59059	Tavern Gifts
59060	Recipient
59061	Gift
59062	Gift Quantity
59063	Gift
59064	Switch Recipient
59065	Permission Settings
59066	Mic Management
59067	Speaking Permissions
59068	Save
59069	Unsaved Settings
59070	Your current settings haven't been saved. Are you sure you want to close this screen?
59071	Tavern Members
59072	Mic Requests
59073	Agreed
59074	Declined
59075	Speaking Order
59076	Member Management
59077	Tavern Members
59078	Mute
59079	Unmute
59080	Are you sure you want to mute this player?
59081	Muted players cannot use their mic or send messages in the current tavern.
59082	Remove from Tavern
59083	Are you sure you want to remove this player from the tavern?
59084	Blocks
59085	Remove from Blocks
59086	Players removed from the tavern are automatically added to the room's Blocks.
59087	Tavern Info
59088	Tavern Settings
59089	Save edits
59090	Transfer Ownership
59091	Your changes to the room settings haven't been saved. Are you sure you want to close this screen?
59092	${1} invited you to join a tavern
59093	Unmute All
59094	Owner Sets Speaking Permissions
59095	Owner Sets Speaking Order
59096	Listeners
59097	Chitchat
59098	Tips
59099	Make Friends
59100	Gossip
59101	Emotions
59102	Singing
59103	Unlimited
59104	English
59105	Indonesian
59106	Thai
59107	Simplified Chinese
59108	Politically Sensitive
59109	Pornography
59110	Verbal Abuse
59111	Suspected Gambling
59112	Advertising
59113	Soliciting Contact Information
59114	Other Violations
59115	Traditional Chinese
11190100095	Challenge a five-player dungeon ${1} times
11190100094	Complete War of Survivors ${1} time(s)
11190100093	Rank requirement not met
11190100092	You or a teammate must defeat a total of ${1} other players in Kafra Survival.
11190100091	You or a teammate must use disguise items ${1} times in Kafra Survival.
11190100090	You or a party member must obtain ${1}-quality equipment ${2} times in Kafra Survival Battle
11190100089	Open ${1} treasure chests in Kafra Survival Battle
11190100088	Defeat ${1} monsters in Kafra Survival Battle
11190100087	Use ${1}-type items ${2} times in Kafra Survival Battle
11190100086	Place in the top ${1} in Kafra Survival Battle ${2} times
11190100085	Earn more than ${1} points in the Guild League ${2} times
11190100084	Participate in the Guild Bonfire at least ${1} times
11190100083	Not enough friends with Affection Lv. ${1}
11190100082	Friendship must reach Lv. ${1}
11190100081	Have not idled together for ${1} minutes
11190100080	Not enough joint Battle Royale participation
11190100079	Required MVP not defeated together
11190100078	Friendship must reach ${1}
11190100077	Today's active time in the Tavern is less than ${1} seconds.
11190100076	Fewer than ${1} active days in the Tavern
11190100075	Star Power earned in the Tavern is below ${1}
11190100074	Complete fewer than ${1} Tavern Daily Tasks
11190100073	Kill ${1} monsters of the corresponding level
11190100072	Not enough corresponding-tier equipment crafted${1}
11190100071	Not enough pet search attempts${1}
11190100070	Complete Tutorial ${1}
11190100069	Equip ${1} pieces of gear of quality ${2} or higher
11190100068	Enhance a total of ${1} times
11190100067	Allocate Basic Stat Points
11190100066	Allocate Job Talents
11190100065	Complete Cat Hand Caravan ${1} times
11190100064	Reach ${1} Power
11190100063	Obtain MVP Individual Rewards ${1} times
11190100062	Clear Floor ${1} of the Tower Challenge
11190100061	Join a guild.
11190100060	Enhance all equipment to Lv. ${1}
11190100059	Complete Your First Job Change
11190100058	Complete Quest ${1}
11190100057	Go to the designated area in ${1}
11190100056	Kill ${1} ${2}
11190100055	Talk to ${1}
11190100054	Complete ${1} Cargo Placements
11190100053	Deliver ${1} ${2}
11190100052	Obtain ${1} ${2}
11190100051	Amount Obtained This Week
11190100050	Rift Stone
11190100049	Remaining on the current map
11190100048	Complete the specified Interaction ${1} times
11190100047	Equip ${2} ${1}-star cards
11190100046	Kill ${2} monsters in ${1}
11190100045	Use ${1} ${2} times
11190100044	Reach Title Level ${1}
11190100043	Clear the XXX Instance on Easy ${1} times
11190100042	Clear Stage ${1} of Offline Battle
11190100041	Reach ${1} Monster Collection progress
11190100040	Unlock ${1} monsters in the Collection
11190100039	Deploy ${1} Soul Echoes of quality ${2} or higher
11190100038	Deploy ${1} Divine Art Totems of quality ${2} or higher
11190100037	Deploy ${1} pets
11190100036	Reach a total Refinement Level of ${1}
11190100035	Equip {1} pieces of the specified equipment
11190100034	Craft {1} pieces of the specified equipment
11190100033	Reach Refinement Resonance Level ${1}
11190100032	Refine ${1} to ${2}
11190100031	Send ${1} chat messages in the specified channel
11190100030	Have ${1} friends
11190100029	Participate in Guild Blessing ${1} times
11190100028	Claim Offline Battle rewards ${1} times
11190100027	Spend a total of ${1} time in field combat
11190100026	Participate in the Guild League ${1} times
11190100025	Participate in GVE events ${1} times
11190100024	Participate in the Guild Bonfire ${1} times
11190100023	Participate in MINI events ${1} times
11190100022	Participate in MVP events ${1} times
11190100021	Have ${1} Pets of the specified level
11190100020	Have ${1} Pets of the specified Rarity
11190100019	Equip ${1} cards of the specified quality
11190100018	Craft ${1} pieces of equipment of the specified quality
11190100017	Refine ${1} times
11190100016	Reach slot Reinforcement level ${1}
11190100015	Participate in the Guild Auction ${1} times
11190100014	Trade on the Exchange ${1} times
11190100013	Reach Title ${1}
11190100012	Gender does not meet the requirements
59200	We've received your feedback and will address it as soon as possible.
59201	The host has muted you.
59202	The Tavern has been reported. You cannot speak at this time.
59203	The host has disabled microphones. You cannot turn on your microphone.
59204	Click to join the Tavern room: ${1}
59205	Invitation notification sent.
59206	The host has Agreed to your request to join the mic queue.
59207	The host has Declined your request to join the mic queue.
59208	You have been removed from the Tavern room.
59209	The host has muted you.
59210	Mic queue changes saved.
59211	The Tavern name contains prohibited words.
59212	The Tavern name cannot be empty.
59213	Please select a Tavern type.
59214	Please select a Tavern language.
59215	The Tavern is full.
59216	Gift sent!
59217	Host privileges transferred successfully.
59218	No report reason selected.
59219	No report Description provided.
59220	The host has disabled microphones. Players in the mic queue temporarily cannot speak.
59221	The host has enabled microphones. Players in the mic queue may speak freely.
59222	Already in a Tavern.
59223	Invitation sent
59224	${1} has accepted your invitation.
59225	${1} has Declined your invitation.
59226	The mic queue is full. Please adjust it and try again.
59227	1. Please be respectful and <color=#cc762a>keep the Tavern channel positive</color>. Let's create a lively and friendly Tavern atmosphere together~\n2. If you <color=#cc762a>break the rules or make inappropriate remarks</color>, the host may <color=#cc762a>mute or remove you from the Tavern</color>.\n3. If another player reports you and the System verifies the report, the System may mute you, permanently disable your Tavern Function, or even suspend your account.\n4. <color=#cc762a>Beware of scams</color> in the Tavern. If you Discover suspicious behavior from other players, please report it promptly to help maintain a positive Tavern atmosphere.\n5. Have fun, fellow Adventurers, and <color=#cc762a>enjoy all the fun and excitement the Tavern has to offer</color>!
59228	Mute
59229	${1} gave <color=#cc762a>${2}</color> <color=#cc762a>${3}</color> to ${4}, granting ${5} ${6} Star Points and increasing the current Tavern's Popularity by ${7}.
59230	Decline invitations for 10 minutes
59231	Are you sure you want to unmute this player?
59232	Welcome to the Tavern, ${1}!
59233	Speaking mode Setting successful.
59234	Permission Management
59235	Everyone can currently speak. Speaking privileges cannot be revoked.
59236	Host
59237	There are currently no new Taverns.
59238	Tavern host privileges have been transferred to: ${1}
59239	There are no gift recipients in the room.
59240	The other player has not unlocked the Tavern Function yet.
59241	The report Description is too short. Please enter at least 10 characters.
59242	Please enter the player's name.
59243	Tavern room information updated.
59244	Don't remind me again today
59245	Simplified Chinese
59246	Traditional Chinese
59247	Korean
59248	Enter a tavern name
59249	Discover
59250	Me
59251	Quests
59252	Please enter your request to join the mic queue.
59253	The player has been removed from the Tavern.
59254	Mic Requests Approved
59255	Mic Requests Rejected
11190100011	Complete ${1} quests
11190100010	Defeat ${1} Guild Members from other guilds
11190100009	Faction Mission points are ${1} short
11190100008	${1} class tier; text corresponds to enum table @{1}
11190100007	Complete Instance ${1}
11190100006	Reserve
11190100005	Clear Floor ${1} of the Pet Tower
11190100004	Log in for a total of ${1} days
11190100003	Win ${1} times in the Tower Climb
11190100002	Reach ${1} Activity
11190100001	Participate in the Tower Climb ${1} times
11190100000	Base Level reaches ${1}
11110100014	Guild Store
11110100013	Guild Store
11110100012	Materials
11110100011	Consumables
11110100010	Character Effects
11110100009	Backwear
11110100008	Headwear
11110100007	Adv. Guild
11110100006	Hairstyle
11110100005	Zeny Shop
11110100004	Skills
11110100003	Equip
11110100002	Items
11110100001	Mount
11110100000	Set
10370000295	You're my only hope, my adventuring buddy~ Don't worry! The pay is great.
10370000296	You're here on the Professor's behalf, right?
10370000297	I'm so sorry. The Professor paid us so much, and we still let the cargo get stolen...
10370000298	Damn you, Baphomet! You'll pay for this!
10370000299	Did you find the missing items?
10370000300	We found them.
10370000301	Great! We've recovered most of our cargo too, though quite a few pieces of valuable porcelain were broken...
10370000302	(Strokes chin) Looks like I'll have to sell Baphomet skewers to recoup my losses.
10370000303	Eww, no Yor's Kitchen Creation!
10370000304	Oh? You actually collected everything. I'm impressed. Let me process the materials first.
10370000305	You didn't expect that? So you really didn't consider our safety at all!
10370000306	(One hour later)
10370000307	All right, it's done. Just place this into ^{1}【the device next to me】^{2}.
10370000308	Be careful not to touch it with your fingers. It doesn't look very clean.
10370000309	Oh, come on! I purified them. They're nothing like they were before.
11081000088	Defeat the great dragon Fafnir at the center of the arena
11081000087	Head to the center of the arena and Pick up Dragonblood Crystals
11081000086	Final showdown! Double points and Accelerate Revive!
11081000085	Head to the center of the arena and crush them!
11081000084	Head to the center of the arena and Kill minor Monsters to earn lots of points. Pick up battlefield supplies to gain powerful skills
11081000083	Head to the edge of the arena and Kill minor Monsters to earn lots of points. Pick up battlefield supplies to gain powerful skills
11081000082	Head to the center of the arena and Kill Boss to earn lots of points
11081000081	^{1}Defeat Doppelganger^{2}
11081000080	^{1}Defeat Dracula^{2}
11081000079	^{1}Defeat Angeling^{2}
11081000078	^{1}Defeat Eddga^{2}
11081000077	^{1}Defeat Vocal^{2}
11081000076	^{1}Defeat Dark Priest^{2}
11081000075	^{1}Defeat Gryphon^{2}
11081000074	Defeat Mirko
11081000073	Defeat Ilmo
11081000072	Defeat Nasha
11081000071	Defeat Isti
11081000070	Listen to the question at the quiz station, decide whether it is true or false, and stand in the corresponding circle
11081000069	Retrieve the Professor's instrument.
11081000068	Defeat three waves of attacking monsters.
11081000067	Defeat the Peco Peco and rescue Bragis.
11081000066	Talk to Luna to perform the opening dance again.
11081000065	Talk to Luna to leave the ball.
11081000064	Complete the opening dance with Luna.
11080600010	^{1}[Divine Realm]^{2}
11080600009	^{1}[Event]^{2}
11080600008	^{1}[Quest]^{2}
11080600007	^{1}[Stronghold War]^{2}
11080600006	^{1}[War of Emperium]^{2}
11080600005	^{1}[Tower of Spirits]^{2}
11080600004	^{1}[Phantom Realm]^{2}
11080600003	^{1}[Epic Campaign]^{2}
11080600002	^{1}[Gameplay]^{2}
11080600001	^{1}[Referee]^{2}
11080600000	^{1}[Plane]^{2}
10630000602	Ranking user error
11080000001	Waiting for the Next Event
11080000000	Seal Durability Remaining
10960100280	Hunting Challenge - No Report Notice
10960100279	Hunting Challenge - Speedrun Report
10960100278	Hunting Challenge
10960100277	Misc Flow Details
10960100276	Competition Currency
10960100275	Battle of Dragon Coffin Island
10960100274	Adventure Party Level Reward Information
10960100273	Bond Points Information
10960100272	Message Crane Information
10960100271	Adventure Party Overview
10960100270	Switch Selected Target by Key
10960100269	Target Priority
10960100268	Chase Distance
10960100267	Follow-Up Logic
10960100266	Default Drag Skill Position
10960100265	Chase with Drag Skills
10960100264	Stationary Skill Follow-Up
10960100263	Casting Method Overview
10960100262	BOSS
10960100261	Demonic Dragon Soul
10960100260	Dragonblood Crystal
10960100259	Dummy Challenge
10960100258	Job Advance
10960100257	Gift to a Friend
10960100256	Purchase RO Pass
10960100255	Pass
10960100254	Battle Pledge
10960100253	Job Talents
10960100252	Requirement to level up:
10960100251	Talent Upgrade
10960100250	Send
10960100249	Effect at the next level
10960100248	Current Effect
10960100247	Rift Crisis Rules
10960100246	Reward Vault Rules
10960100245	Count Details
10960100244	Dummy Settings
10960100243	Challenge Mode
10960100242	Monthly Pass Rules
10960100241	Monster Hunt Rules
10960100240	Control Rules 2
10960100239	Control Rules 1
10960100238	Misc Rules 3
10960100237	Misc Rules 2
10960100236	Misc Rules 1
10960100235	Misc Objective
10960100234	Cargo Placement Rules
10960100233	Reversi Rules
10960100232	Novice Challenge Event Rules
10960100231	Movement Rewards
10960100230	Compose Movement
10960100229	Collect Notes
10960100228	Symphony of Creation - Rules
10960100227	Luxury Dragon Quest Overview
10960100226	Costume Engraving Overview
10960100225	Cooking Success Rate
10960100224	Flash of Inspiration Overview
10960100223	Life Skill Rules
10960100222	Caravan Escort Route
10960100221	Supply Transport
10960100220	Realm War
10960100219	Auction Rules
10960100218	Auto-Bidding Rules
10960100217	Auto-Bid
10960100216	Trade Fee
10960100215	Guild Black Market
10960100214	Chance Disclosure
10960100213	Costume Draw
10960100212	Wandering Caravan
10960100211	Royal Caravan
10960100210	Help Load
10960100209	Cargo Loading
10960100208	Competition Reward Details
10960100207	Commander Skill Details
10960100206	Morale Overview
10960100205	Sub-Battlefield Rules
10960100204	Main Battlefield Rules
10960100203	Tournament Description
10960100202	Rank and Ranking Overview
10960100201	Battlefield Rating Overview
10960100200	Individual Points Overview
10960100199	Guild Points Overview
10960100198	Season Rank Overview
10960100197	Season Overview
10960100196	Conqueror Slot Allocation Rules
10960100195	Fortification
10960100194	Preparation Level
10960100193	Spacetime Epic Settlement Instructions
10960100192	Territory War Settlement Instructions
10960100191	Season Settlement Details
10960100190	Event Rules
10960100189	Raiding Instructions
10960100188	Escort Mode Instructions
10960100187	Play Introduction
10960100186	Troll Chase Instructions
10960100185	Whaleback Slide Instructions
10960100184	Device - Rapid-Fire Cannon
10960100183	Divine Vessel
10960100182	Dual-Front Offense and Defense Guide
10960100181	Siege Weapon - Ballista
10960100180	Weaponry - Heavy Cannon
10960100179	Sky Hunt Overview
10960100178	Stage Rules
10960100177	Phantom Realm - Unlock Requirement Details:
10960100176	Phantom Realm - Reward Count Details:
10960100175	Realm of the Gods - Challenge Objective Details:
10960100174	Realm of the Gods - Reward Count Details:
10960100173	Realm of the Gods - Unlock Requirement Details:
10960100172	Coming Soon
10960100171	Party Auction
10960100170	Realm of the Gods - Reward Count Rules:
10960100169	Divine Realm - Challenge Rules:
10960100168	Hidden Realm Rules:
10960100167	Phantom Realm - Challenge Rules:
10960100166	10-Player Dungeon Test Notes@{1}:
10960100165	10-Player Raid Test Instructions:
10960100164	Class Role Overview
10960100163	Auto-Battle Skill Order
10960100162	Skill Bar
10960100161	Combine
10960100160	Auto-Dismantle
10960100159	Bulk Dismantle
10960100158	Tree Hollow Chat
10960100157	Valhalla Trials
10960100156	Total Lineup Stats
10960100155	Proficiency Details
10960100154	Collection Attribute Details
10960100153	Codex Guide
10960100152	Pet Deployment and Support
10960100151	Pet Promotion and Breakthrough
10960100150	Pet Skill
10960100149	Pet Basics
10960100148	Limited-Time Pool
10960100147	Permanent Pool
10960100146	Novice Search
10960100145	Chance Disclosure
10960100144	Primary Battle Skill
10960100143	Pet Upgrade
10960100142	Event Calendar Rules:
10960100141	Share
10960100140	Stall Guide
10960100139	Trade Tax Details
10960100138	Regional Risk Information
10960100137	Military Supplies
10960100136	Guide
10960100135	Event Description
10960100134	Siege Weapon Guide
10960100133	Battleground Rules
10960100132	Win/Loss Conditions
10960100040	Trade History
10960100039	Notice
10960100038	Search Details
10960100037	Tax Rate Details
10960100036	Trade Exchange Details
10960100035	Mail Info
10960100034	Enhance Details
10960100033	Success Rate Details
10960100032	Refinement Details
10930000017	Together to the Ends of the Earth
10930000016	Eternal Vows
10930000015	Devotion's Grace
10930000014	Unwavering in Life and Death
10930000013	Trusted Confidants
10930000012	Kindred Spirits
10930000011	Wish We'd Met Sooner
10930000010	Moonlit Bonds
10930000009	A Noble Friendship
10860000000	Day @{1}
10850000000	Server Launch Celebration
10630000556	Pet must break through before it can continue to Level-up
10630000557	Achievement does not exist
10630000558	Achievement is not finished
10630000559	Achievement reward has been received
10630000560	Trophy reward does not exist
10630000561	Trophy category parameters do not exist
10630000562	Trophy category reward level not reached
10630000563	Emotes are already unlocked
10630000564	Duplicate Mount ID
10630000565	The required mount is missing for this skill
10630000566	Mount has not been obtained
10630000567	Cannot mount while using a skill
10630000568	Cannot mount in the current state
10630000569	Mount already activated
10630000570	Mount expired
10630000571	Mounts cannot be ridden in the current area
10630000572	Mount: Wrong Job
10630000573	Mount configuration not found
10630000574	Cannot set a mount in the current state
10630000575	Cannot ride a System Mount during combat
10630000576	Cannot mount or dismount while Flying
10630000577	Job does not exist
10630000578	Job Not Available
10630000579	Cannot Job Advance across tiers
10630000580	Cannot Job Advance to this Job
10630000581	Job Advance quest not accepted
10630000582	Function locked
10630000583	Base Lv. requirement not met
10630000584	Job Lv. requirement not met
10630000585	Reward not found
10630000586	Reward claimed
10630000587	Insufficient Power
10630000588	Required Fashion Lv. not reached
10630000589	Insufficient attempts
10630000590	Pet Search not found
10630000591	Pet Search is Not Available
10630000592	Pet Search quantity requirement not met
10630000593	Daily Pet Search limit reached
10630000594	Not enough items to perform a Pet Search
10630000595	Pet Search limit reached
10630000596	The current Pet Search has been updated or ended
10630000597	Configuration not found
10630000598	Configuration Parameter error
10630000599	Network error
10630000600	Internal ranking error
10630000601	Ranking not found
11080100000	Next Event Auto-Start Countdown
10630000603	Ranking Repeat
10630000604	This server is temporarily unable to purchase items from the World Auction.
10630000605	Your character is temporarily unable to purchase items from the World Auction. Unseal time: ${1}.
10630000606	This server is temporarily unable to purchase items from the Instance Auction.
10630000607	Your character is temporarily unable to purchase items from the Instance Auction. Unseal time: ${1}.
10630000608	This server is temporarily unable to purchase items from the Guild Auction.
10630000609	Your character is temporarily unable to purchase items from the Guild Auction. Unseal time: ${1}.
10630000610	Auction guild mismatch
10630000611	Someone else bought the item first
10630000612	Invalid bidding Parameter error
10630000613	The current bid price has changed. Please bid again.
10630000614	Insufficient funds to bid
10630000615	Auction Dividend Settlement is still pending
10630000616	No Auction Dividend available to claim
10630000617	Auction Dividend already claimed
10630000618	Someone already bought this item!
10630000619	Batch Bid failed.
10630000620	Already in a Party
10630000621	Party not found
10630000622	Party Member not found
10630000623	Member is in another group
10630000624	No changes made to the group
10630000625	This item is not currently being auctioned. Fixed price purchase failed.
10630000626	The maximum price has been reached. Cannot Bid.
10630000627	Auto-Bid has already been initiated. Another Pre-purchase at the same price is Not Required.
10630000628	Invalid friend relationship type
10630000629	On the Blocks list
10630000630	Already on the Blocks list
10630000631	Already a close friend
10630000632	Already a friend
10630000633	Not on the invitation list
10630000634	Not on the friends list
10630000635	Not on the Blocks list
10630000636	Not a close friend
10630000637	Not in the close friends Group Chat
10630000638	Already in the close friends Group Chat
10630000639	Friend group limit reached
10630000640	Friend group Member limit exceeded
10630000641	A Member is not a friend. Failed to create friend group.
10630000642	Repeat Member. Failed to create friend group.
10630000643	Failed to create friend group
10630000644	Friend group does not exist
10630000645	My Friends list is full
10630000646	The other player's friend list is full
10630000647	Close friend list is full
10630000648	Close friends Group Chat list is full
10630000649	Repeat friend group name
10630000650	Invalid friend group Member operation
10630000651	Member already exists in the friend group. Failed to add Member.
10630000652	Member does not exist in the friend group. Failed to remove Member.
10630000653	Friend Group Chat limit reached
10630000654	Group Chat Member limit exceeded
10630000655	Repeat Member. Failed to create Group Chat.
10630000656	A Member is not a friend. Failed to create Group Chat.
10630000657	Failed to create Group Chat
10630000658	Friend Group Chat does not exist
10630000659	You are not the Group Host
10630000660	Failed to disband Group Chat
10630000661	Invalid Group Chat ID
10630000662	At least two Members are required for a friend Group Chat
10630000663	Invalid friend Group Chat Member operation
10630000664	Repeat Group Chat
10630000665	Failed to update Group Chat
10630000666	Only friends can be added to a Group Chat
10630000667	Invalid name
10630000668	Invalid ID
10630000669	Invalid name category
10630000670	Gift error
10630000671	The other Party isn't online
10630000672	Not enough gift items
10630000673	Friend recommendations are on cooldown
10630000674	Parameter error
10630000675	Search name cannot be empty
10630000676	You can only send gifts to friends on the same server
10630000677	Group Chat creation limit reached
10630000678	Failed to join chat channel
10630000679	No associated appearance
10630000680	Appearance activated
10630000681	Repeat appearance slot
10630000682	This appearance has not been activated
10630000683	Invalid appearance data
10630000684	Appearance preset does not exist
10630000685	Appearance preset has not been unlocked
10630000686	This appearance is Neutral and cannot be applied
10630000687	Player data does not exist
10630000688	The other player has already unlocked this appearance
10630000689	You already have a Stall
10630000690	The Stall limit for this area has been reached
10630000691	Stalls are not allowed in this area
10630000692	Not enough Distance from another Stall
10630000693	Not enough Stall Currency
10630000694	This Stall area is full
10630000695	This Stall no longer exists
10630000696	You do not have a Stall
10630000697	No empty slots
10630000698	Stall name is too long
10630000699	Stall closed
10630000700	Stall Distance Too Great
10630000701	Price has changed
10630000702	Insufficient quantity
10630000703	Stall ended
10630000704	Your post contains restricted words. Please revise it.
10630000705	The Share Function is on cooldown. Please do not use it too frequently.
10630000706	Items at Stalls are temporarily unavailable for purchase on this server.
10630000707	Your character is temporarily unable to purchase items at Stalls. Unseal time: ${1}.
10630000708	Stall items cannot be listed on this server at this time.
10630000709	Your character is temporarily unable to list Stall items. Unseal time: ${1}.
10630000710	Stalls are temporarily unavailable on this server.
10630000711	Your character is temporarily unable to open a Stall. Unseal time: ${1}.
10630000712	Shop is not open
10630000713	Item is not currently available for purchase
10630000714	Item purchase limit reached
10630000715	Not within range of the NPC
10630000716	Incorrect item price
10630000717	NPC is not in this area
10630000718	Item cannot be added to Favorites
10630000719	Purchase requirements not met
10630000720	Gifts can only be sent to friends
10630000721	Gifts cannot be sent during the off-season
10630000722	Order does not exist
10630000723	Appearance does not exist
10630000724	Appearance already unlocked
10630000725	This shop does not allow gifts
10630000726	You already have an unclaimed gift containing the same appearance
10630000727	Order already exists.
10630000728	Invalid item discount.
10630000729	Item price verification failed.
10630000730	Item cost overflow.
10630000731	Shop Configuration not found.
10630000732	Reward Configuration not found.
10630000733	You cannot send gifts to yourself
10630000734	Invalid gift message
10630000735	Invalid gift message length
10630000736	The recipient is not on the same Season server
10630000737	Invalid Divine Arts Totem
10630000738	No Divine Arts Totem is equipped in this slot
10630000739	Invalid equip slot
10630000740	Totems do not match
10630000741	Totem attributes do not match
10630000742	This skill is already on the Divine Arts Totem
10630000743	Cannot combine items of different class tiers
10630000744	Cannot combine items of different quality
10630000745	The selected Totems cannot be combined
10630000746	Your class cannot use this Totem
10630000747	Failed to switch Divine Arts Totem loadouts
10630000748	Invalid Divine Arts Totem loadout
10630000749	A Divine Arts Totem in this loadout does not exist
10630000750	Tavern room has been cleared
10630000751	Tavern room does not exist
10630000752	You cannot enter because you are on this room's Blocks list
10630000753	You do not have permission to perform this action
10630000754	The gift recipient has left the Tavern
10630000755	Tavern data error
10630000756	Room ownership cannot be transferred to a player on the Blocks list
10630000757	This player is muted. Unmute them before performing this action.
10630000758	The mic queue is full
10630000759	Already in the mic queue
10630000760	The room owner cannot leave the mic
10630000761	You must be in the mic queue to perform this action
10630000762	The gift recipient is offline
10630000763	Gifts cannot be sent to players on other servers
10630000764	Tavern data communication error
10630000765	This player is no longer in Blocks.
10630000766	No request is required to speak.
10630000767	Already on the request-to-speak list.
10630000768	Not on the application list.
10630000769	This player is no longer on the mute list.
10630000770	Already in the Tavern room.
10630000771	The Tavern is full.
10630000772	You're clicking too quickly. Please try again later.
10630000773	You cannot send a gift to yourself.
10630000774	Room owner transfer Function is on cooldown.
10630000775	The Tavern room name is too long.
10630000776	Invalid Tavern name.
10630000777	Not in a Tavern room.
10630000778	Invalid Tavern room type.
10630000779	Invalid Tavern language.
10630000780	Failed to add the monster to Favorites.
10630000781	Collect is on cooldown.
10630000782	Bonus time is on cooldown.
10630000783	Bonus time is not currently active.
10630000784	Bonus time has run out.
10630000785	Bonus time has been activated.
10630000786	Monster Favorites limit reached.
10630000787	This monster is already in Favorites.
10630000788	This monster was not found in Favorites.
10630000789	Auto-battle time was too short. No earnings summary is available.
10630000790	Cannot Enable Bonus in a Dungeon.
10630000791	Skill does not exist.
10630000792	Skill has not been learned.
10630000793	Cannot use skill while using a Yggdrasil Leaf.
10630000794	Cannot use skill while under the ${1} status.
10630000795	The ${1} skill is currently being chanted or cast.
10630000796	Skill use error.
10630000797	Not owned: ${1}.
10630000798	No ${1}-type weapon equipped.
10630000799	${1} is not equipped.
10630000800	${1} is not mounted.
10630000801	Not owned: ${1} Card.
10630000802	${1} is on cooldown.
10630000803	${1}: Insufficient consumption.
10630000804	Insufficient ${1} Floors.
10630000805	No ${1} target within range.
10630000806	No Objective within skill range.
10630000807	Skill requirements not met.
10630000808	Skill use was interrupted by the ${1} status.
10630000809	Skill chanting was interrupted by the ${1} status.
10630000810	Skill casting was interrupted by the ${1} status.
10630000811	Invalid skill target
10630000812	Skill target has the wrong Faction
10630000813	Invalid skill Distance
10630000814	Invalid skill height
10630000815	Invalid skill wall-piercing level
10630000816	Skill target is in darkness
10630000817	Skill target cannot be selected
10630000818	Insufficient consumption. Invalid data.
10630000819	Skill raycast failed
10630000820	Skill has not been enabled
10630000821	Invalid skill base type. Cannot be used actively.
10630000822	Energy insufficient
10630000823	A similar skill effect is already active in this area. Please try again later.
10630000824	Card slot does not exist
10630000825	Invalid Soul Echo
12790000000	Charge
12790000001	Open Your Eyes
12790000002	Turn the Ship's Wheel
10740000002	ST
10740000001	AoE
10740000000	Normal Attack
10630001406	This item is currently prohibited from being listed.
10630001405	This item is undergoing Settlement and cannot be Withdrawn.
10630001404	Repeat Pre-purchase
10630001403	You have reached the maximum number of item listings.
10630001402	This Pre-purchase order cannot currently be canceled.
10630001401	Invalid request: Pre-purchase order id was not provided.
10630001400	Invalid Pre-purchase status.
10630001399	The Pre-purchase order does not exist.
10630001398	Duplicate Pre-purchase order.
10630001397	Only items in the public notice period can be Pre-purchased.
10630001396	Only premium items can be Pre-purchased.
10630001395	Invalid request: character id was not provided.
10630001394	System Not Available
10630001393	Insufficient stock. Please refresh and try again.
10630001392	The base Reputation Score configuration is empty.
10630001391	Failed to list the item. The server's maximum number of active listings has been reached.
10630001390	Insufficient top-up balance. Unable to unfreeze.
10630001389	The purchase quantity exceeds the per-purchase limit.
10630001388	The listing quantity exceeds the per-listing limit.
10630001387	The item does not exist. Please refresh and try again.
10630001386	The item was Traded or delisted. Failed to change the price.
10630001385	Your Reputation Score is too low to use the Trade market.
10630001384	Another player is currently purchasing this item.
10630001383	The item has already been sold. There is nothing to delist.
10630001382	Sorry, your purchase was unsuccessful.
10630001381	No premium item information was provided by the client.
10630001380	You cannot purchase items from another warzone.
10630001379	You cannot modify another player's item.
10630001378	Transaction number is empty.
10630001377	Failed to create listing information. Please try again.
10630001376	The item has been delisted.
10630001375	The item you are trying to purchase has been delisted.
10630001374	This item cannot be purchased at this time.
10630001373	You cannot purchase your own consigned item.
10630001372	The item was purchased by another player. Purchase unsuccessful.
10630001371	Sorry, the item could not be purchased.
10630001370	Failed to purchase the item. Please refresh and try again.
10630001369	Item information does not exist.
10630001368	No non-top-tier items are available at the current price.
10630001367	Failed to lock item information.
10630001366	Error calculating the top-tier item search field.
10630001365	This item cannot be listed right now.
10630001364	The item price has changed. Please refresh and try again.
10630001363	This item has reached today's Trade limit.
10630001362	Insufficient item stock. Unable to purchase.
10630001361	Someone is currently making a purchase. Please try again later.
10630001360	Operations provider error.
10630001359	Unknown error.
10630001358	Failed to retrieve platform information.
10630001357	ID not entered.
10630001356	Dummy attributes cannot be changed in Challenge Mode.
10630001355	Invalid Dummy NPC attribute value.
10630001354	Dummy NPC does not exist.
10630001353	DPS target not met.
10630001352	Wrong Job.
10630001351	The DPS target reward configuration does not exist.
10630001350	Insufficient stock (not enough stock at the specified purchase price).
10630001349	The listing price is outside the allowed range.
10630001348	The item stack does not exist.
10630001347	No stalls are available.
10630001346	You cannot kick yourself.
10630001345	The player has another action in progress. Please try again later.
10630001344	The Guild Leader cannot be muted.
10630001343	Already in another channel.
10630001342	The target player is already in the channel.
10630001341	The target player is not Online.
10630001340	The target player declined the invitation.
10630001339	The target player's invitation is on cooldown.
10630001338	The application reason exceeds the character limit.
10630001337	Do not have Permission to speak.
10630001336	Not in Moderated Mode.
10630001335	Not on the application list
10630001334	Already on the application list.
10630001333	Already have Permission to speak.
10630001332	Admins and the Guild Leader do not need to apply.
10630001331	No application is required in Free Mode.
10630001330	Do not have Permission to speak (in Moderated Mode).
10630001329	Failed to delete the channel.
10630001328	Failed to create the channel.
10630001327	Muted. Unable to use the microphone.
10630001326	Target player is not in the guild.
10630001325	Player is not in Blocks.
10630001324	The Guild Leader cannot be kicked.
10630001323	Do not have Permission (not the Guild Leader and no voice chat management permissions).
10630001322	Not in this channel.
10630001321	Already in this channel.
10630001320	Unable to enter because you are in Blocks.
10630001319	Invalid channel index.
10630001318	Not in a guild.
10630001317	Released ${1} saplings.
10630001316	A team Member has not unlocked this Function.
10630001315	The Adventurer Guild declaration contains prohibited words.
10630001314	This Adventurer Guild Card has already been unlocked. Do not Repeat the unlock.
10630001313	This sapling has already been selected.
10630001312	Already in a plane.
10630001311	Rallies cannot be accepted in the current area.
10630001310	Rallies cannot be initiated in the current area.
10630001309	This Adventurer Group has reached the application acceptance limit.
10630001308	Adventurer Group level requirement not met.
10630001307	Reward claimed for this Adventurer Group level.
10630001306	Cannot accept a rally invitation during Battle Status.
10630001305	Cannot start a rally in the current area.
10630001304	This Adventurer Group has reached the responding Member limit.
10630001303	This recruitment listing has expired. Please refresh and try again.
10630001302	Introduction cannot be empty.
10630001301	Adventurer Group name cannot be empty.
10630001300	Name card unavailable.
10630001299	Rally is on cooldown.
10630001298	No rally attempts remaining.
10630001297	Application submitted. Awaiting Adventurer Group approval.
10630001296	The Adventurer Group invitation does not exist.
10630001295	The Adventurer Group invitation has expired.
10630001294	Only friends can be invited to the Adventurer Group.
10630001293	Joining an Adventurer Group is on cooldown (time remaining: ${1}).
10630001292	Please select a sapling first (Manager).
10630001291	The Adventurer Group has not selected a sapling yet (regular Member).
10630001290	The Adventurer Group quest does not exist or has already been completed.
10630001289	The Adventurer Group does not exist.
10630001288	Already watered.
10630001287	Please water a sapling displaying an Adventurer Group declaration.
10630001286	Not in an Adventurer Group dungeon.
10630001285	The team includes someone from another Adventurer Group.
10630001284	A party Member is not nearby.
10630001283	Fewer than three responding Members are Online. You cannot proceed to create an Adventurer Group.
10630001282	Adventurer Group Group Chat cannot be modified.
10630001281	Group Leader transfers are too frequent.
10630001280	The application request does not exist.
10630001279	Already in an Adventurer Group.
10630001278	The Adventurer Group is full.
10630001277	You have reached the Adventurer Group application limit.
10630001276	Already applied.
10630001275	Not a responding Adventurer Group.
10630001274	You do not have permission to perform this action.
10630001273	Not in an Adventurer Group.
10630001272	Invalid Adventurer Group declaration.
10630001271	Invalid Adventurer Group name.
10630001270	Duplicate name.
10630001269	The maximum number of Adventurer Groups for the current Season has been reached.
10630001268	Creation in progress.
10630001267	Already joined an Adventurer Group.
10630001266	The other guild is on Merge Guild cooldown and cannot Merge Guild yet.
10630001265	The other guild's activity rating was too low last week to Merge Guild.
10630001264	The other guild is new and cannot Merge Guild.
10630001263	The other guild is under impeachment and cannot Merge Guild.
10630001262	Guild Auction Supplies have reached the limit.
10630001261	Guild Supplies have reached the limit.
10630001260	Insufficient Guild Auction Supplies.
10630001259	This action is unavailable during the Territory War.
10630001258	This action is unavailable during the War of Emperium.
10630001257	This adventurer does not accept guild invitations.
10630001256	Cannot remove a Guild Member who holds a position.
10630001255	Search text exceeds the character limit.
10630001254	The guild notice cannot contain only numbers.
10630001253	This guild's activity rating was too low last week to Merge Guild.
10630001252	This is a new guild and cannot Merge Guild.
10630001251	This guild is on Merge Guild cooldown and cannot Merge Guild yet.
10630001250	Insufficient Guild Reputation.
10630001249	The Merge Guild invitation does not exist. Unable to Merge into.
10630001248	This guild is under impeachment and cannot Merge Guild.
10630001247	The number of Elites does not meet the requirements for instant group formation
10630001246	Invitation failed. The other party will not accept your invites for @{1} minutes
10630001245	The Merge Guild invitation does not exist
10630001244	The text of the Announcement of Merging does not meet the specifications
10630001243	Cannot Repeat a Merge Guild invitation
10630001242	Cannot merge with @{1} Members merging in
10630001241	The number of added members cannot exceed the number of mergeable members of the inviting party, please adjust the number
10630001240	Invitation failed. You have reached the limit for sent Merge Guild invites
10630001239	Invitation failed. The target guild has reached its limit for received invites
10630001238	The Merge Guild request has expired
10630001237	You have already joined a guild. Failed to cancel the application
10630001236	This Member's position does not meet the requirements
10630001235	The data has changed
10630001234	This player is not a Guild Member and cannot be set as Elite
10630001233	Use failed. The Benefits Pack can only be used in the guild where it was purchased
10630001232	Purchase limit reached
10630001231	Insufficient Guild Contributions
10630001230	Your guild position does not meet this item's requirements
10630001229	The Guild Store level does not meet this item's requirements
10630001228	A guild building is currently undergoing a Level-up. Please try again when it is complete
10630001227	Guild activity dividend reward claimed
10630001226	Guild summon teleportation failed
10630001225	Guild summon teleportation is not allowed in the current area
10630001224	Guild summon is on cooldown
10630001223	Guild summons cannot be used in the current area
10630001222	The invitation to Join a guild has expired
10630001221	The Inviting Party was not in a guild when the invite was confirmed
10630001220	Temporary Members cannot be appointed
10630001219	The entered text exceeds the maximum length
10630001218	The mail content does not meet the requirements
10630001217	You've used all Group Mail attempts for today. Please try again Tomorrow.
10630001216	Request All is on cooldown
10630001215	System-recommended player actions are too frequent
10630001214	The response invite has timed out
10630001213	Please send the response invite again later
10630001212	Response invite sent successfully
10630001211	Accept All
10630001210	Already responded to another guild.
10630001209	You have reached the limit for guild responses to your application
10630001208	This guild has reached the limit for responding applicants
10630001207	The recruitment text cannot consist entirely of numbers. Please enter it again
10630001206	The recruitment text contains invalid characters. Please enter it again
10630001205	The recruitment text contains sensitive words. Please enter it again
10630001204	You have not responded to the current guild
10630001203	Guild Recruitment can only be sent once every @{1} minutes
10630001202	Level too low to join
10630001201	Failed to send guild application.
10630001200	You recently chose to Leave Guild. Please Wait ${1} before attempting to Join a new guild.
10630001199	The guild emblem frame has not been unlocked
10630001198	The guild emblem design has not been unlocked
10630001197	Level too low to create a guild
10630001196	The guild name cannot consist entirely of numbers. Please enter another name.
10630001195	The guild name contains invalid characters. Please enter another name
10630001194	Because you are under @{1}, the anti-addiction System limits your total purchases this month to no more than @{2} yuan
10630001193	Because you are under @{1}, the anti-addiction System limits each purchase to no more than @{2} yuan
10630001192	Guest accounts cannot make purchases.
10630001191	Failed to verify player identity information
10630001190	Because you are under @{1}, the anti-addiction System prevents you from making purchases
10630001189	You cannot make purchases because your identity has not been verified.
60000	LV.${1}
60001	Random Affix
60002	Resonance
60003	Deployment Effects
60004	Inactive
60005	Soul Echo Resonance Preview
60006	Click a slot on the left to equip
60007	All Echoes
60008	No Soul Echoes available.
60009	Select a Soul Echo (click or drag)
60010	Filter Soul Echoes
60011	Element
60012	Affix Selection
60013	Any 1 Affix
60014	Any 2 Affixes
60015	Any 3 Affixes
60016	Any 4 Affixes
60017	Reset
60018	Confirm
60019	In Use
60020	Empty
60021	No Soul Echoes are currently deployed
60022	Remove
60023	Deploy
60024	Select a Soul Echo on the left to deploy
60025	Level-up
60026	All Echoes
60027	Select a Soul Echo on the left
60028	Max level reached
60029	Dismantle
60030	Select Upgrade Cost
60031	Maximum level reached
60032	Are you sure you want to consume Soul Echoes of Orange Quality or higher for Level-up?
60033	No Level-up materials available
60034	All materials of Purple Quality or lower have been selected
60035	No materials of Purple Quality or lower
60036	Adds a random affix
60037	Select Level-up materials
60038	Material Refund
60039	Overflow EXP has been converted into items
60040	Includes the affixes above
60041	Soul Echo Resonance Info
60042	Bulk Dismantle
60043	Replace
60044	Quick Select
60045	Stats
60046	Affix
60047	None
60048	Are you sure you want to consume upgraded Soul Echoes for Level-up?
60049	Are you sure you want to consume Soul Echoes of Orange Quality or higher and upgraded Soul Echoes for Level-up?
60050	Soul Echo Resonance only activates for classes ${1} and above
60051	Not in the current scenario
60052	Current
60053	Compare
60054	Show less Compare
60055	Rarity
10630001188	You have already claimed today's daily Monthly Pass reward
10630001187	The Monthly Pass has expired
10630001186	You do not have this Monthly Pass
10630001185	The intended recipient is not your friend.
10630001184	Available for purchase @{1} days after the event begins
10630001183	The gift message contains invalid characters
10630001182	The gift message is too long
10630001181	You do not have a Battle Pass gift item
10630001180	The target player already has an unused Gifting Record
10630001179	You cannot gift yourself
10630001178	Not enough Currency to purchase levels
10630001177	Current Level EXP is full. No purchase necessary.
10630001176	Maximum level reached. Cannot purchase more levels.
10630001175	No rewards available to claim.
10630001174	Advanced Pass: Not owned
10630001173	No reward of this type is available at this level
10630001172	Required level not reached
10630001171	Reward claimed for this level
10630001170	Invalid level
10630001169	Pass event is not available
10630001168	Chapter not unlocked
10630001167	Player does not have this Clue
10630001166	Entire Server progress requirement not met
10630001165	No eligible location found
10630001164	Chapter requirements not met
10630001163	Chapter does not exist
10630001162	Unstuck cannot be used in the current Location.
10630001161	Journey event not completed
10630001160	Event requirements not met
10630001159	This is not the current event
10630001158	Insufficient attribute value. Unable to perform this action.
10630001157	Required journey days not completed
10630001156	You're a little tired. Try again tomorrow.
10630001155	Journey does not exist
10630001154	Dialogue does not exist
10630001153	Action is not the completion action for the current branch
10630001152	Action requirements not met
10630001151	Action type does not exist
10630001150	This action type cannot be completed through the client
10630001149	Action does not belong to the current node
10630001148	Current action not completed
10630001147	Action does not exist
10630001146	Current node Reward claimed
10630001145	Current node completed
10630001144	Current node not completed
10630001143	This is not the current node
10630001142	Node does not exist
10630001141	Invalid SNS token
10630001140	This Account holder is already linked. Please unlink it first.
10630001139	Missing required parameter
10630001138	Incorrect verification code
10630001137	Recharge failed
10630001136	Already linked to another Account. Cannot link again.
10630001135	Configuration Error
10630001134	Already in an instance
10630001133	Level requirement not met
10630001132	Prerequisite stage not completed
10630001131	Challenge configuration does not exist
10630001130	Insufficient items for Statue Blessing Level-up
10630001129	MVP challenge completed (cannot Repeat)
10630001128	Cosmetic unlocked. Check it in Chat Settings.
10630001127	This cosmetic is already unlocked and cannot be obtained again through Repeat acquisition.
10630001126	This note is already lit. No need to try again.
10630001125	Misc timed out. Please try again.
10630001124	Incorrect selection! Please insert the correct notes.
10630001123	Not enough Notes. Go collect more.
10630001122	There are no cards left to draw in this Adventure. Skipping the draw.
10630001121	Refresh limit reached.
10630001120	Insufficient materials. Unable to refresh.
10630001119	Card draw error. Please try again later.
10630001118	Gift order has expired
10630001117	Gift order has already been processed
10630001116	You are not the recipient of this gift order
10630001115	Gift order does not exist
10630001114	No Guild: A Guild is required to enter this area. Players who leave their Guild while inside will be removed.
10630001113	AFK timeout: Extended inactivity is not allowed during the Escort phase.
10630001112	Insufficient ${1} (${2}/${3})
10630001111	Insufficient BUFF${1} Floors. ${2} Floors required.
10630001110	Insufficient ${1} (${2}/${3})
10630001109	A party Member is already in the Hidden Treasure Dungeon. They must Exit the Dungeon before you can Initiate the request.
10630001108	A party Member does not meet the Hidden Vault Unlock Requirement
10630001107	You must be in a party to enter this mode.
10630001106	A Member of the party is on cooldown for another ${1} seconds. Unable to Enter Dungeon.
10630001105	The party does not meet the required number of players.
10630001104	Too many party Members
10630001103	The Hidden Vault Dungeon is under attack by another player. You cannot Enter Dungeon at this time.
10630001102	Failed to create NPC. Invalid reason -- internal server error code
10630001101	Player is not eligible to Enter Dungeon: Hidden Vault
10630001100	Cannot draw at this time
10630001099	Invalid draw cost item
10630001098	Lifetime prize pool draw limit reached
10630001097	Daily prize pool draw limit reached
10630001096	Prize pool is closed
10630001095	Incorrect draw cost
10630001094	Invalid number of draws
10630001093	Invalid total prize pool weight
10630001092	Invalid draw parameters
10630001091	Invalid prize pool ID
10630001090	Life Skill Vigor will overflow. Cannot Continue using this.
10630001089	Invalid Life Skill ID
10630001088	Gathering resource already learned
10630001087	Unable to switch Life Skills. The maximum number of active Life Skills has been reached.
10630001086	Abnormal Life Skill server data
10630001085	Previous Life Skill not learned
10630001084	Life Skill already learned
10630001083	Gathering resource Unlock Requirement not met
10630001082	Life Skill level does not exist
10630001081	Failed to refresh title
10630001080	Event execution failed
10630001079	Gathering resource not unlocked
10630001078	Incorrect Life Skill activated
10630001077	Life Skill Vigor is not configured
10630001076	Insufficient Life Skill Vivify
10630001075	Life Skill recipe does not exist
10630001074	Life Skill title does not exist
10630001073	Life Skill title requirements not met
10630001072	Life Skill title skill randomization failed
10630001071	Life Skill Configuration Error
10630001070	Life Skill title skill does not exist
10630001069	Life Skill title skill too low
10630001068	Life Skill title too low
10630001067	Life Skill Level too low
10630001066	Life Skill not activated
10630001065	Treasure chest is already open
10630001064	Failed to spawn the boss. This attempt is considered a failure.
10630001063	Treasure-digging location is beyond the maximum Distance
10630001062	Treasure-digging location is not on the map
10630001061	Treasure-digging location does not exist
10630001060	Choose yourself or another player to make them smaller
10630001059	Choose yourself or another player to make them bigger
10630001058	Choose another player to link with
10630001057	Select yourself or them to give them a big head.
10630001056	During the event, each player can receive Monster Kill Rewards up to @{1} times.
10630001055	During the event, each player can Collect Live Coal up to @{1} times.
10630001054	Live Coal already gathered
10630001053	No affixes have been unlocked. Replacement is unavailable.
10630001052	Initialization failed
10630001051	Player list is empty
10630001050	Modifier check failed
10630001049	Modifier parameter mismatch
10630001048	Insufficient trigger Chance
10630001047	Insufficient trigger cooldown
10630001046	Insufficient trigger count
10630001045	Trigger parameter mismatch
10630001044	Trigger type mismatch
10630001043	Modifier does not exist
10630001042	Trigger does not exist
10630001041	This talent has not been unlocked.
10630001040	Invalid talent
10630001039	Max level reached
10630001038	Cannot Level-up. Requirement to level up: not met
10630001037	Season refinement is not configured
10630001036	The attribute selected by the client does not exist on the server
10630001035	Season refinement slot data is not empty
10630001034	Season Refine Level too low
10630001033	Season Refinement Material not configured
10630001032	Requirements not met
10630001031	Your maximum Bid is less than twice the starting price.
10630001030	Not enough Guild Members to participate in the auction.
10630001029	Not enough Auction Supplies.
10630001028	Auction Settlement is complete.
10630001027	Your guild already occupies this Stronghold. Bidding is Not Required.
10630001026	The Initial Bid is below the minimum starting price.
10630001025	Another player placed a Bid at the same time. Please Retry.
10630001024	Already qualified in another region. Cannot switch regions.
10630001023	Your Bid is below the minimum requirement.
10630001022	The auction is not in the Bidding phase.
10630001021	Stronghold War - Guild is not eligible to participate in the current state's Stronghold War
10630001020	Stronghold War Auction - Guild cannot bid
10630001019	Stronghold War Auction - Auction is not open
10630001018	Stronghold War Auction - Not enough Guild Members
10630001017	Stronghold War Auction - Bid is below the Increase Bid range
10630001016	Stronghold War Auction - Already qualified; no auction required
10630001015	NPC skill is on cooldown
10630001014	Outside the target warp area
10630001013	Group Warp is full
10630001012	Group Warp invitation has expired or does not exist
10630001011	Escort acceptance failed: A party Member has an invalid guild
10630001010	Escort delivery failed: Repeat delivery
10630001009	Escort delivery failed: Escort wagon has not arrived
10630001008	Escort delivery failed: Incorrect escort wagon party
10630001007	Escort delivery failed: Escort wagon is not following
10630001006	Escort delivery failed: Invalid escort wagon
10630001005	Already claimed
10630001004	Insufficient points
10630001003	The guild is not currently escorting
10630001002	Invalid stronghold
10630001001	You already have a supply wagon
10630001000	Only the Party Leader can accept a supply wagon
10630000999	The Stronghold War instance does not exist
10630000998	The Stronghold War instance is not open
10630000997	The Season server you attempted to adjust does not exist
10630000996	Invalid guild or stronghold not occupied
10630000995	Invalid party
10630000994	Too far from the Quartermaster
10630000993	Maximum Trade quantity reached
10630000992	The event period is already active
10630000991	Invalid event period
10630000990	Invalid escort wagon configuration
10630000989	Invalid escort wagon type
10630000988	Request failed
10630000987	Insufficient permissions
10630000986	Already purchased
10630000985	Incorrect escort goods status
10630000984	Escort goods do not exist
10630000983	Incorrect escort phase
10630000982	You can switch after going ${1} seconds without attacking another player
10630000981	Faction cannot be changed manually on this map
10630000980	The Siege Camp has been destroyed
10630000979	Faction switching is on cooldown
10630000978	You have not joined a guild yet, so you cannot select a guild Faction
10630000977	Cannot enter a Territory War map outside the green zone
10630000976	The maximum number of Siege Camps in this area has been reached
10630000975	Invalid location for creating a Siege Camp
10630000974	A Siege Camp cannot be created on this map
10630000973	Loading not complete
10630000972	Guild doesn't exist
10630000971	Maximum points reached
10630000970	The prerequisite slot has not been activated.
10630000969	The current rune page has not been activated.
10630000968	Rune type mismatch.
10630000967	Rune does not exist.
10630000966	There is no rune in this slot.
10630000965	This slot has not been activated.
10630000964	Invalid slot.
10630000963	Not enough points.
10630000962	This action cannot be performed during the Hunting Challenge.
10630000961	The Place Bet player Limit has been reached.
10630000960	Progress Reward already claimed.
10630000959	The event has ended.
10630000958	The recipient has already accepted a gift from someone else and cannot receive another.
10630000957	You have reached today's receiving limit. Please try again Tomorrow.
10630000956	You have reached today's request limit. Please try again Tomorrow.
10630000955	This build has expired.
10630000954	This build cannot be submitted again.
10630000953	Response failed. You cannot respond to your own Get Help request.
10630000952	This build is no longer valid and cannot be applied.
10630000951	You cannot Repeat a Get Help request for the same player.
10630000950	The build name contains inappropriate language. Please choose another name.
10630000949	Failed to switch builds.
10630000948	Unable to submit. The submission countdown has ended.
10630000947	Unable to respond because the requester deleted the Get Help request.
10630000946	You are switching Skill Builds too frequently. Please try again later.
10630000945	Failed to generate a Get Help code.
10630000944	The System build linked to this personal build is invalid.
10630000943	This Get Help code does not exist or has expired.
10630000942	Invalid personal build.
10630000941	This Get Help request has expired.
10630000940	You are responding to too many Get Help requests. Submit a response before responding to another player.
10630000939	The maximum number of players assisting this player has been reached. Unable to assist.
10630000938	${1}: This feature is unavailable.
10630000937	Cannot manually Cancel during Placement confirmation.
10630000936	Matchmaking was canceled because a party Member entered another Dungeon.
10630000935	Cannot join matchmaking while a party Member is in a Dungeon.
10630000934	Someone declined the match. You have returned to matchmaking at the front of the Lineup.
10630000933	The match was canceled because not enough players confirmed Placement confirmation.
10630000932	Cannot pick up an enemy target's ID tag.
10630000931	A party member canceled matchmaking.
10630000930	Someone declined the instance entry request. Please join matchmaking again.
10630000929	Too many requests. Please wait before starting matchmaking again.
10630000928	Matchmaking failed because a party member has an invalid status.
10630000927	Someone did not confirm. Please start matchmaking again.
10630000926	Matchmaking timed out.
10630000925	Only the Party Leader can start matchmaking.
10630000924	This match no longer exists.
10630000923	Your party includes an Offline player. Unable to start matchmaking.
10630000922	Not in the event period
10630000921	${1} is currently under a matchmaking penalty and cannot join matchmaking.
10630000920	Area not found.
10630000919	Not in a queue.
10630000918	Queuing
10630000917	Matchmaking data does not exist.
10630000916	Matchmaking data already exists.
10630000915	Matchmaking data is empty.
10630000914	Matchmaking rules do not exist.
10630000913	The NPC is not in this area.
10630000912	The treasure chest has not been opened.
10630000911	This party mode is not supported.
10630000910	A party Member is under a matchmaking penalty.
10630000909	Event Not Available
10630000908	This player is under a matchmaking penalty and cannot join matchmaking.
10630000907	No Rank Reward available to Claim.
10630000906	This party matchmaking mode is not supported.
10630000905	This matchmaking type is not supported.
10630000904	A party member is in an instance. Unable to start matchmaking.
10630000903	Unable to view the Codex.
10630000902	Codex unlocked.
10630000901	Teammate Revive in progress. Please wait.
10630000900	Cannot insert into an Adventure Skill slot.
10630000899	Cannot insert into this slot.
10630000898	Skill Level-up is unavailable during combat.
10630000897	Equipped gear cannot be discarded during combat.
10630000896	Unable to select a location while following.
10630000895	Your Backpack has reached its weight limit. Unable to purchase items.
10630000894	Item inserted.
10630000893	Invalid Revive location.
10630000892	Revive failed.
10630000891	Not enough ID Tags. Revive failed.
10630000890	All teammates are in good health and do not need to Revive.
10630000889	No teammates remain. Revive failed.
10630000888	You cannot Revive others while dead.
10630000887	The free Revive period has expired.
10630000886	Dungeon data not found.
10630000885	No free Revive attempts remain.
10630000884	The player is not dead and does not need to Revive.
10630000883	Currently Queuing. Cannot Enter Dungeon.
10630000882	Currently Queuing. Unable to enter a Cross-server area.
10630000881	${1} has not been unlocked. Unable to begin matchmaking.
10630000880	Repeat items cannot be inserted.
10630000879	The picked-up style matches your current style. Your style will not change.
10630000878	Styles cannot be picked up during combat.
10630000877	Backpack weight limit reached. Unable to pick up the item.
10630000876	Cannot remove a skill while it is being cast.
10630000875	You are not in the same party.
10630000874	Item is still on cooldown.
10630000873	Invalid insertion type.
10630000872	Invitation is still on cooldown.
10630000871	Invalid location selected.
10630000870	Landing points cannot be selected at this stage.
10630000869	The selected style has already been chosen.
10630000868	Styles cannot be selected at this stage.
10630000867	You are currently using an Emotes action.
10630000866	This action cannot be used while mounted.
10630000865	This action cannot be used during combat.
10630000864	The Distance is too great. Interaction unavailable.
10630000863	Inviter does not exist.
10630000862	Invitation has expired.
10630000861	Invitation does not exist.
10630000860	Repeat invitations are not allowed.
10630000859	Unable to send invitation.
10630000858	Failed to load the scene.
10630000857	The other player is busy. Interaction is unavailable.
10630000856	You have not unlocked this Emotes option.
10630000855	${1} does not meet the requirements to open this dungeon, so it cannot be opened.
10630000854	Repeat likes are not allowed.
10630000853	Not enough party Members.
10630000852	Preset name contains sensitive words.
10630000851	Preset name is too long.
10630000850	Signature contains sensitive words.
10630000849	Signature is too long.
10630000848	Profile preset does not exist.
10630000847	Like is on cooldown.
10630000846	You cannot like yourself
10630000845	Like removed.
10630000844	Liked.
10630000843	Not Enough Stickers
10630000842	Contains locked items.
10630000841	Item unlocked.
10630000840	Unlock Requirement not met.
10630000839	This Function has not been unlocked.
10630000838	Data Error
10630000837	Invalid request parameters.
10630000836	Only Soul Echoes from the current scenario can be deployed.
10630000835	The selected preset is invalid because it contains an item that does not exist.
10630000834	The selected preset is invalid.
10630000833	The selected preset is empty.
10630000832	The selected preset is the same as the Current Preset.
10630000831	Soul Echo cannot Level-up.
10630000830	Soul Echo is already deployed.
10630000829	There is no Soul Echo in the deployment slot.
10800000000	^{1}Acolyte Talent @{1}-@{2}^{2}
10800000001	Mace Mastery Lv. @{1}
10800000002	^{1}Cart Reinforcement^{2}
10800000003	^{1}Mammonite^{2}
10800000004	^{1}Gunpowder Smash^{2}
10800000005	^{1}Anaerobic Training^{2}
10800000006	^{1}Booming Business^{2}
10800000007	^{1}Body Tempering^{2}
10800000008	^{1}Power of Earth^{2}
10800000009	^{1}Earth Spike^{2}
10800000010	^{1}Earthshattering Strike^{2}
10800000011	^{1}Rousing Cheer^{2}
10800000012	^{1}Invigorate Body and Mind^{2}
10800000013	^{1}Self-Motivation^{2}
10800000014	^{1}Cart Remodeling^{2}
10800000015	^{1}Weapon Research^{2}
10800000016	^{1}Cart Slam^{2}
10800000017	^{1}Speed Is Weight^{2}
10800000018	^{1}Second Wind^{2}
10800000019	^{1}Unlimited Acceleration^{2}
10800000020	^{1}Terminate Strike^{2}
10800000021	^{1}Cart Clash^{2}
10800000022	^{1}Terminate Blast^{2}
10800000023	^{1}Limit Break^{2}
10800000024	^{1}Weapon Polishing^{2}
10800000025	^{1}Weapon Enhance^{2}
10800000026	^{1}Gathering Charge^{2}
10800000027	^{1}Accelerated Impact^{2}
10800000028	^{1}Sustained Acceleration^{2}
10800000029	^{1}AoE Power Thrust^{2}
10800000030	^{1}Improved Power Thrust^{2}
10800000031	^{1}Critical Strike^{2}
10800000032	Cross Attack Enhance
10800000033	Cross Blast
10800000034	Swift Cross Strike
10800000035	Shield Bash Enhance
10800000036	Charged Shield Bash
10800000037	Concussive Shield Bash
10800000038	Cross Judex Enhance
10800000039	Cross Thrust
10800000040	Absolute Judex
10800000041	Shield Boomerang Enhance
10800000042	Ricochet Shield
10800000043	Shield Boomerang Combo
10800000044	Spear Mastery
10800000045	Spear Expert
10800000046	Holy Spear
10800000047	Auto Guard Enhance
10800000048	Resilient Spirit
10800000049	Strong Shield
10800000050	Gloria Domini Enhance
10800000051	Double Pressure
10800000052	Divine Punishment
10800000053	Rapid Smiting Enhance
10800000054	Shield Pursuit
10800000055	Shield Bash Echo
10800000056	Survival Instinct
10800000057	Enhanced Endurance
10800000058	Martyr's Reckoning Enhance
10800000059	Battle Chant Enhance
10800000060	Battle Cry
10800000061	Fortifying Cry
10800000062	Pierce Enhance
10800000063	Rapid Pierce
10800000064	Piercing Blast
10800000065	Swift Sword
10800000066	Critical Attack
10800000067	Double Counter
10800000068	Spear Throw Enhance
10800000069	Rapid Throw
10800000070	Explosive Spear
10800000071	Sword Mastery
10800000072	Sword Attack Speed Increase
10800000073	Mighty Sword
10800000074	Sharp Spear
10800000075	Brandish Spear Enhance
10800000076	Cavalry's Might
10800000077	Flame Attack Enhance
10800000078	Power Slash
10800000079	Heavy Blow
10800000080	Spiral Pierce Enhance
10800000081	Spiral Pierce Mastery
10800000082	Spiral Blast
10800000083	Aura Blade Enhance
10800000084	Aura Insight - Swiftness
10800000085	Aura Insight - Technique
10800000086	Joint Beat Enhance
10800000087	Joint Destruction
10800000088	Joint Beat Blast
10800000089	Guard Enhance
10800000090	Triple Slash
10800000091	Greatsword Sweep Attack
10800000092	AGI +${1}
10800000093	^{1}Six Stats +${1}^{2}
10800000094	Six Stats +${1}
10800000095	Beastbane
10800000096	Two Buffs
10800000097	^{1}Two Skills^{2}
10800000098	Stunt-Affected Stats
10800000099	^{1}Refinement-Affected Stats^{2}
10800000100	Refinement-Affected Stats
10800000101	Hodgepodge
10800000102	Hundredfold Tempering - Power Strike
10800000103	Hundredfold Tempering - Arcane Arts
10800000104	Hundredfold Tempering - Vitality
10800000105	Master Smith's Blessing - Power Strike
10800000106	Master Smith's Blessing - Arcane Arts
10800000107	Master Smith's Blessing - Vitality
10800000108	Hundredfold Tempering - Keen Edge
10800000109	Hundredfold Tempering - Destruction
10800000110	Master Smith's Blessing - Keen Edge
10800000111	Master Smith's Blessing - Destruction
10800000112	Potent Elixir
10800000113	Magic-Tempered Blade
10800000114	Rage Conversion
10800000115	Hela's Bargain
10800000116	Penetration Curse
10800000117	Magic-Breaking Curse
10800000118	Battle Instinct
10800000119	Urd's Spring
10800000120	Valhalla's Protection
10800000121	Judgment of Fate
10800000122	Magic Convergence
10800000123	Strength Convergence
10800000124	Defense Convergence
10800000125	Holy Light Convergence
10800000126	Abundant Magic
10800000127	Abundant Strength
10800000128	Abundant Healing
10800000129	Desperate Defense
10800000130	Basic Magic Attack
10800000131	Basic Physical Attack
10800000132	Basic Magic Defense
10800000133	Basic Physical Defense
10800000134	Basic Life
10800000135	Low-grade Penetration Curse
10800000136	Low-grade Magic-Breaking Curse
10800000137	Basic HIT
10800000138	Basic FLEE
10800000139	Minor Neutral Resistance
10800000140	Minor Wind Resistance
10800000141	Minor Earth Resistance
10800000142	Minor Fire Resistance
10800000143	Minor Water Resistance
10800000144	Minor Poison Resistance
10800000145	Minor Holy Resistance
10800000146	Minor Shadow Resistance
10800000147	Minor Ghost Resistance
10800000148	Minor Undead Resistance
10800000149	Minor DMG vs All Job
10800000150	Minor DMG Reduction vs All Job
10800000151	Minor Hunting Technique
10800000152	Minor Hunting Protection
10800000153	Magic Amplification
10800000154	Magic Damage Cap
10800000155	Melee Amplification
10800000156	Ranged Amplification
10800000157	Physical Damage Cap
10800000158	DEF Boost
10800000159	Defense Cap
10800000160	Healing Amplification
10800000161	Healing Cap
10800000162	Advanced Magic Attack
10800000163	Advanced Physical Attack
10800000164	Advanced Magic Defense
10800000165	Advanced Physical Defense
10800000166	Advanced Life
10800000167	High-grade Penetration Curse
10800000168	High-grade Magic-Breaking Curse
10800000169	Advanced HIT
10800000170	Advanced FLEE
10800000171	Advanced Neutral Resistance
10800000172	Advanced Wind Resistance
10800000173	Advanced Earth Resistance
10800000174	Advanced Fire Resistance
10800000175	Advanced Water Resistance
10800000176	Advanced Poison Resistance
10800000177	Advanced Holy Resistance
10800000178	Advanced Shadow Resistance
10800000179	Advanced Ghost Resistance
10800000180	Advanced Undead Resistance
10800000181	Advanced DMG vs All Job
10800000182	Advanced DMG Reduction vs All Job
10800000183	Advanced Hunting Expertise
10800000184	Advanced Hunting Protection
10800000185	CRIT
10800000186	CRIT DMG
10800000187	CRIT RES
10800000188	CRIT DMG Reduction
10800000189	Green Note
10800000190	Blue Note
10800000191	Yellow Note
10800000192	Red Note
10800000193	Divine Enchant: Grants divine power to equipment, evolving it into\n^{1}one badass piece of gear^{2}. Equip it to become Invincible.
10800000194	Gigantic Enchant: Adds the\n^{1}Gigantic^{2} prefix to equipment and increases the attack range of the XX skill by @{1}%.
10800000195	Emerald Boundary-Breaking Power
10800000196	Emerald Boundary-Breaking Remnant
10800000197	Emerald Boundary-Guarding Power
10800000198	Azure Boundary-Breaking Power
10800000199	Azure Boundary-Breaking Remnant
10800000200	Azure Boundary-Guarding Power
10800000201	Golden Boundary-Breaking Power
10800000202	Golden Boundary-Breaking Remnant
10800000203	Golden Boundary-Guarding Power
10800000204	Crimson Boundary-Breaking Power
10800000205	Crimson Boundary-Breaking Remnant
10800000206	Crimson Boundary-Guarding Power
10800000207	Normal Attack Boost
10800000208	Blade Dance
10800000209	Opening
10800000210	Rapid Throw
10800000211	Chain Reaction
10800000212	Decapitation
10800000213	Deep Dagger Thrust
10800000214	Dagger Throw
10800000215	Secondary Damage
10800000216	Shadowless Boost
10800000217	Shadow Fang
10800000218	Premeditation
10800000219	Cold-Blooded
10800000220	Vanish Without a Trace
10800000221	Quick Hands
10800000222	Weapon Mastery
10800000223	Sneak Attack
10800000224	Triple Slash
10800000225	Virus Boost
10800000226	Poisoned to the Core
10800000227	Toxic Rampage
10800000228	Enhance Deadly Poison
10800000229	Venomous
10800000230	Efficient Deadly Poison
10800000231	Mind Boost
10800000232	Advanced Soul Destroyer
10800000233	Spreading Shockwave
10800000234	Shadow Moonlit Challenger
10800000235	Dark Stalker
10800000236	Hidden Blade
10800000237	Merciless
10800000238	Seize the Initiative
10800000239	Combo Moonlit Challenger
10800000240	Double Attack LV@{1}
10800000241	Two-Handed Training LV@{1}
10800000242	^{1}Elemental Arrow Boost^{2}
10800000243	^{1}Fixed CT^{2}
10800000244	^{1}Elemental Pursuit^{2}
10800000245	^{1}Elemental Shock^{2}
10800000246	^{1}Beginner Mana Rune^{2}
10800000247	^{1}Beginner Spell Calibration^{2}
10800000248	^{1}Spell Lock^{2}
10800000249	^{1}Flame Enhance^{2}
10800000250	^{1}Flame Chain^{2}
10800000251	^{1}Fireball Burst^{2}
10800000252	^{1}Ice and Thunder Mastery^{2}
10800000253	^{1}Ice Spike^{2}
10800000254	^{1}Heaven's Thunder^{2}
10800000255	^{1}Earthfire Mark^{2}
10800000256	^{1}Flame Eruption^{2}
10800000257	^{1}Ember Zone^{2}
10800000258	^{1}Ice and Thunder Mark^{2}
10800000259	^{1}Frost Eruption^{2}
10800000260	^{1}Thunder Shockwave^{2}
10800000261	^{1}Arcane Mastery^{2}
10800000262	^{1}Magic Cannon^{2}
10800000263	^{1}Psychic Shockwave^{2}
10800000264	^{1}Elemental Primer^{2}
10800000265	^{1}Soul Reaper^{2}
10800000266	^{1}Arcane Studies^{2}
10800000267	^{1}Gravity Enhance^{2}
10800000268	^{1}Spatial Distortion^{2}
10800000269	^{1}Gravity Trap^{2}
10800000270	^{1}Intermediate Mana Rune^{2}
10800000271	^{1}Magic Cannon Calibration^{2}
10800000272	^{1}Mana Infusion^{2}
12390100241	Marinated Beast Meat wrapped in dough made from Grains, then steamed and baked to form a dark red crust. Grants @{1}%~@{2}% Increased Damage to Medium Monsters for @{3} hours.
12390100242	Herbs simmered into soft rice porridge, leaving a lingering bittersweet aroma. Reduces damage taken from Medium monsters by @{1}%~@{2}% for @{3} hours.
12390100243	Beast hide marinated with herbs and chili peppers, rolled into a tube, and charcoal-grilled. Grants @{1}%~@{2}% DMG vs Demi-Human for @{3} hours.
12390100244	Grains, monster meat, and chili peppers stir-fried over high heat until every grain gleams with oil. Reduces damage taken from Demi-Human monsters by @{1}%~@{2}% for @{3} hours.
12390100245	A smooth brown pudding made by setting cocoa bean juice with Milk. Grants @{1}%-@{2}% Increased Damage to Medium Monsters for @{3} hours.
12390100246	A Stem coated in colorful layers of syrup for a dazzling finish. Reduces damage taken from Medium monsters by @{1}%-@{2}% for @{3} hours.
12390100247	Dried Strawberry and herb leaves slow-simmered into a light red soup with a delicate sweetness. Grants @{1}%-@{2}% DMG vs Demi-Human for @{3} hours.
12390100248	Dried strawberries coated in cocoa syrup and set on a Stem. Reduces damage taken from Demi-Human monsters by @{1}%-@{2}% for @{3} hours.
12390100249	Lemon slices steeped in orangewood sap, creating a clear, light drink with a citrus aroma. Grants @{1}%~@{2}% Increased Damage to Medium Monsters for @{3} hours.
12390100250	Herbs and Lemon gently infused in orangewood sap at a low temperature. Reduces damage taken from Medium monsters by @{1}%~@{2}% for @{3} hours.
12390100251	Grape and herbs slow-simmered in orangewood sap for a rich, woody aroma. Increases damage to Demi-Human monsters by @{1}%~@{2}% for @{3} hours.
12390100252	Grape and Lemon simmered in bitter orange juice for a lingering woody sweetness. Use to increase Demi-Human damage reduction by @{1}%~@{2}% for @{3} hours.
12390100253	A razor-sharp blade with an icy gleam. Use to permanently increase Physical ATK by @{1}.
12390100254	A heavy bronze shield. Use to permanently increase Physical DEF by @{1}.
12390100255	A radiant magic orb. Use to permanently increase Magic ATK by @{1}.
10570100000	Base Level reaches ${1}
10570100001	Requires the ${1} class
10570100002	Status requirements not met
10570100003	Clear Floor ${1} of the Spirit Tower
10570100004	${1} class tier; text corresponds to enum table @{1}
10570100005	Requires the specified number of items.
10570100006	Complete ${1} quests
10570100007	${1}Faction
10570100008	Corresponding Appearance not unlocked
10570100009	This equipment is not currently equipped
10570100010	@{1}Firearms@{2}Vehicles
10570100011	Challenge opens on ${1}/${2} at ${3}
10570100012	Day ${1} After Server Launch
10570100013	Day ${2} of Week ${1} Since Server Launch
10570100014	World Level reaches Lv. ${1}
10570100015	Day ${2} After the Entire Server's First Clear of the 10-Player Raid ${1}
10570100016	Week ${2}, Day ${3} after the Entire Server First Clear of 10-Player Dungeon ${1}
10570100017	Check the number of different classes in the party
10570100018	Check the number of party members with the same class
10570100019	Go to the designated area in ${1}
10570100020	Complete Quest ${1}
10570100021	Your party must include at least ${1} Guild Members from the same guild.
10570100022	Participate in the Guild Bonfire at least ${1} times
10570100023	Participate in Guild GvE ${1} times
10570100024	Guild League participation count must reach ${1}
10570100025	Participate in Guild Siege ${1} times
10570100026	Guild Territory War participation count must reach ${1}.
10570100027	Guild Siege score must reach ${1} points
10570100028	The Adventurer's Guild must have at least ${1} Members
10570100029	Adventure Group must reach Lv. ${1}
10570100030	Kill ${1} monsters of the corresponding level
10570100031	Friendship must reach ${1}
10570100032	Reach Friendship Lv. ${1} with any friend
10570100033	Reach Friendship Lv. ${2} with any ${1} friends
10570100034	${1}${2} Unlocked
10570100035	Clear 【${1}】 difficulty
10570100036	Must be in the designated area
10570100037	[Battle Royale] Check Whether the ID Tag Belongs to a Teammate
10570100038	Whether the player is currently the Party Leader
10570100039	Whether the current dungeon has a subsequent dungeon in the challenge sequence
10570100040	Check Party Members' Connect Relationships
10570100041	Check the remaining time until the dungeon boss enrages
10570100042	Check the number of Revives remaining after clearing the dungeon
10570100043	All Final Trial objectives must be completed
10570100044	Event Not Available
10570100045	Event has been available longer than the time limit
10570100046	Invalid Ritual status
10570100047	Invalid identity
10570100048	Appearance mismatch
10570100049	You're not a Lucky Star
10570100050	Not enough Revives remaining in the dungeon
10570100051	Available for purchase at position ${1} or above
10570100052	Can be unlocked at ${1} Lv. ${2} or above
10570100053	Did not participate in the current guild event
10570100054	Guild Auction locked
10570100055	Permanent
10570100056	Guild Verification Passed
10570100057	Limited to the ${1} scenario
10570100058	Available after the ${1} scenario
10570100059	Available starting in Phase ${1}
10570100060	Conqueror Exclusive
10570100061	Royal Capital Exclusive
10570100062	Requires ${1} class level ${2}
10570100063	Requires the ${2} professional title
10570100064	${1} is full!
10570100065	No corresponding skill!
10570100066	Interaction is currently unavailable
10570100067	Locked
10570100068	Not at the Bonfire Party!
10570100069	Requirements not met
10570100070	Not Yet Available (Deprecated)
10570100071	Clear Valhalla ${1}
10570100072	Not currently on this screen
10570100073	Not enough Soul Echoes Deployed
12390100330	On the ^{3}oldest stone bridge^{4} in ^{1}Geffen^{2}, examine the joint in the central support beam. A gift lies within a carefully crafted hidden recess.
12390100331	Beside the bench near the ^{1}Izlude shop^{2}, watch the ^{3}butterflies^{4} that refuse to leave. They seem drawn to an old man's unfinished gift and still flutter there, showing the way.
12390100332	"In ^{1}Izlude^{2}, the ^{5}small tree^{6} ^{3}outside the Blacksmith shop^{4} has listened to the ringing of hammers for years. They say a master craftsman buried one of his precious ""failures"" beneath the root closest to the shop."
12390100333	In ^{1}Izlude's^{2} bustling ^{3}market^{4}, search the most inconspicuous corner of a fruit stall. The shrewd merchant likes to hide his most valuable earnings in the gaps between a pile of Lemons and potatoes.
12390100334	Beside the ^{3}wooden table^{4} in the southeastern tea pavilion of ^{1}Payon^{2} lies a gift from an elderly tea lover. He left a memento wrapped tightly in oilcloth behind the table leg for a friend who missed their meeting.
12390100335	In ^{1}Payon^{2}, head to the ^{3}left side of the open area just inside the courtyard gate^{4}, behind Scholar Biko. A crack in the left boot heel of the ^{5}stone statue^{6} is large enough to conceal a small object. The secret waits there.
12390100336	The ^{1}wooden bridge in Goblin Forest^{2} was once the site of a caravan raid. Amid the chaos, a small pouch of gems rolled away and became lodged in a crack between the planks at the center of the bridge.
12390100337	^{1}Outside Prontera North Gate^{2}, beside the path leading from the North Gate to Labyrinth Forest, the ^{3}dead-tree Dummy directly in front of the dilapidated cabin^{4} stands out. A traveler in a hurry once hid a bag of coins beneath it, but never returned.
12390100338	Behind the ^{3}bakery visible on your left^{4} ^{1}outside Prontera South Gate^{2}, some stones at the ^{5}base of the city wall^{6} are loose. They say an indebted sailor hid his last bag of silver coins here.
12390100339	A musical note formed from condensed natural energy. Used during the Season: Symphony of Genesis event.
12390100340	A singing conch shell found in parts unknown. Used during the Season: Symphony of Genesis event.
12390100341	Proof of participation in this Ignition Test. Players who receive this invitation will gain Eligibility for the next test and may also invite one Extra player to join them on an adventure before the next test begins
12390100342	A mysterious Metal called Oridecon. It is the hardest known substance and can be used to Enhance Weapons and Accessories.\n^{1} Effect: Can be used to Refine +@{1} to +@{2} Weapons and Accessories ^{2}
12390100343	High-density Oridecon that can be used to Enhance Weapons and Accessories with a higher Refine Level.\n^{1}Effect: Can be used to Refine +@{1} to +@{2} Weapons and Accessories^{2}
12390100344	A lightweight, non-toxic Metal that can be used to Refine all Armor.\n^{1}Effect: Can be used to Refine +@{1} to +@{2} Armor and Accessories^{2}
12390100345	A purer grade of Elunium Metal.\n^{1}Effect: Can be used to Refine +@{1} to +@{2} Armor and Accessories^{2}
12390100346	Extremely pure Oridecon that can Enhance Weapons and Accessories with a higher Refine Level.\n^{1}Effect: Can be used to Refine +@{1} to +@{2} Weapons and Accessories^{2}
12390100347	Extremely pure Elunium Metal.\n^{1}Effect: Can be used to Refine +@{1} to +@{2} Armor and Accessories^{2}
12390100348	Ore from the dwarven realm of Vatar Alheim, said to have been blessed by a legendary dwarven artisan.\n^{1}Effect: Used to Refine Weapons and Accessories. Prevents Refine Level loss upon Refinement Failed^{2}
12390100349	An extremely precious ore from the dwarven realm of Wat Alheim, coveted by every craftsman.\n^{1}Effect: Used to Refine a Weapon or Accessory. Increases the Success Rate and prevents level loss or damage if Refinement Failed.^{2}
12390100350	An ore from the dwarven realm of Wat Alheim, said to have received the Blessing of a legendary dwarven craftsman.\n^{1}Effect: Used to Refine Armor. Prevents level loss if Refinement Failed.^{2}
12390100351	An extremely precious ore from the dwarven realm of Wat Alheim, coveted by every craftsman.\n^{1}Effect: Used to Refine Armor. Increases the Success Rate and prevents level loss or damage if Refinement Failed.^{2}
10630000000	Account already exists
10630000001	This nickname is already in use. Please try another.
10630000002	Incorrect Password
10630000003	Already Queuing
10630000004	Failed to decode message
10630000005	The account doesn't exist
10630000006	Invalid token
10630000007	Internal server error
10630000008	Invalid server ID
10630000009	No player data found on server
10630000010	Invalid message UID
10630000011	Server region data error
10630000012	Database operation failed
10630000013	Character is not pending deletion
10630000014	Character is already pending deletion
10630000015	Failed to access Redis
10630000016	Redis operation failed
10630000017	Failed to parse database data
10630000018	Account limit reached
10630000019	Online player limit reached
10630000020	Character creation limit reached for this account
10630000021	Character is banned
10630000022	Data not found in database
10630000023	Unknown error
10630000024	？？？.
10630000025	Failed to execute GM command
10630000026	This feature is unavailable
10630000027	Network latency is too high
10630000028	Nicknames cannot contain special characters. Please try again.
10630000029	Nickname does not meet the length requirements. Please try again.
10630000030	Your entry contains inappropriate language. Please try again.
10630000031	Text cannot contain spaces
10630000032	Player is no longer Online
10630000033	This item has expired
10630000034	This item cannot be used until the next Season.
10630000035	Trade in progress
10630000036	Cannot perform this action during combat
10630000037	Cannot perform this action during Cross-server play
10630000038	Cannot perform this action while dead
10630000039	Success
10630000040	No handler found
10630000041	Failed to parse protocol
10630000042	RPC returned an error
10630000043	Too many attempts. Please try again later.
10630000044	This server has reached its character limit. Please choose another server.
10630000045	Only whitelisted players may enter
10630000046	This GM command is currently disabled and cannot be used
10630000047	The server is under maintenance. Please check the official announcements.
10630000048	Not enough Consumables
10630000049	Player is dead
10630000050	Client Parameter error
10630000051	Quest [${1}] does not exist
10630000052	Quest [${1}] already exists
10630000053	Configuration for quest [${1}] does not exist
10630000054	Quest [${1}] status mismatch
10630000055	Prerequisite quest not completed
10630000056	Quest [${1}] requirements not met
10630000057	Quest [${1}] Repeat limit reached
10630000058	Quest [${1}] cannot be abandoned or reset
10630000059	Distance from NPC is too great
10630000060	Quest dialogue already exists
10630000061	Quest [${1}] cannot be reset
10630000062	Chapter not unlocked
10630000063	Item does not exist
10630000064	Item configuration does not exist
10630000065	Item transfer failed
10630000066	Storage does not exist
10630000067	Not enough required items
10630000068	Invalid item use parameters
10630000069	Player level too low
10630000070	Uses: Insufficient
10630000071	Invalid Backpack type
10630000072	Backpack is full. Clear some space to receive the item.
10630000073	Quick-use limit exceeded
10630000074	On cooldown. Please try again later.
10630000075	Invalid auto-potion threshold
10630000076	Duplicate potion ID
10630000077	Invalid potion quantity
10630000078	Capacity has reached the maximum and cannot be increased
10630000079	Backpack sorting is on cooldown
10630000080	Item already exists
10630000081	Invalid item quantity to add
10630000082	Already in excellent condition. Cannot use.
10630000083	Level too low
10630000084	Wrong Job
10630000085	Gender mismatch
10630000086	Invalid data type for adding items
10630000087	Invalid data type for consuming items
10630000088	Item has expired
10630000089	Items cannot be used in this area
10630000090	Item cannot be used
10630000091	Item use is prohibited
10630000092	Items cannot be used while the player is dead
10630000093	Item is outside its valid usage period
10630000094	Item dismantling tab configuration does not exist
10630000095	Backpack sorting SD active
10630000096	Item use prohibited
10630000097	Insufficient Currency. Unable to purchase.
10630000098	No items available to dismantle
10630000099	This item is temporarily unavailable on the current server
10630000100	This item is temporarily unavailable to your character. Unseal time: ${1}.
10630000101	This item is temporarily unavailable to your character.
10630000102	This item's healing effect is currently ineffective. Use with caution.
10630000103	Insufficient Stat Points
10630000104	Stat preset does not exist
10630000105	Not the Current Preset
10630000106	Name contains inappropriate language. Please enter another name.
10630000107	This item is temporarily unavailable
10630000108	Single-exchange limit exceeded
10630000109	Hotbar slot is out of range.
10630000110	Hotbar item not found.
10630000111	This item type cannot be placed on the hotbar.
10630000112	Hotbar equipment is on cooldown.
10630000113	Hotbar slot is empty.
10630000114	Hotbar equipment is already equipped.
10630000115	Single-use Limit has been reached.
10630000116	Player instance not found
10630000117	Player instance already exists
10630000118	Instance matchmaking Parameter error
10630000119	scenemgr failed to create the area
10630000120	Area mismatch during teleportation
10630000121	Destination area not found during teleportation
10630000122	Teleport Gate not unlocked
10630000123	Attackers cannot enter during the preparation phase
10630000124	The Crystal is under protection. Entry is prohibited.
10630000125	GvG is currently inactive.
10630000126	scenemgr timed out while creating the scene.
10630000127	The scene is pending deletion while scenemgr is creating it.
10630000128	Incorrect scene type while scenemgr is creating the scene.
10630000129	Failed to enter EnterScene.
10630000130	The scene has reached maximum capacity.
10630000131	The scene does not exist.
10630000132	Cannot switch scenes: Player data not found.
10630000133	Cannot switch scenes: Player communication entity is null.
10630000134	Cannot switch scenes while dead.
10630000135	Cannot switch scenes while in Battle Status.
10630000136	Cannot switch scenes while the player is following.
10630000137	You cannot travel there from the current Dungeon. Leave and try again.
10630000138	Instance Configuration Error.
10630000139	The Party Leader must open the party instance.
10630000140	Instance creation timed out.
10630000141	No server is available for instance creation.
10630000142	Map plane error.
10630000143	Map group not found.
10630000144	Boss not found.
10630000145	You do not have permission to perform this action.
10630000146	The number of custom coordinates exceeds the limit.
10630000147	Instance requirements not met.
10630000148	Switching scenes.
10630000149	Instance initialization data error.
10630000150	Instance recruitment is closed.
10630000151	The instance battle is not over.
10630000152	Instance type mismatch.
10630000153	The scene has no Spawn.
10630000154	Failed to create the scene.
10630000155	Failed to destroy the scene.
10630000156	The instance teleport skill has expired.
10630000157	The instance teleport skill is full.
10630000158	Creating scene.
10630000159	Queued to enter the scene.
10630000160	The scene is being destroyed. Entry is prohibited.
10630000161	The scene is locked.
10630000162	Skill not found.
10630000163	Insufficient consumption.
10630000164	A skill is already being cast.
10630000165	The skill is still on cooldown.
10630000166	Cannot cast due to an invalid caster status.
10630000167	Invalid cast target.
10630000168	Not enough skill points.
10630000169	Prerequisites not met.
10630000170	This preset is already selected.
10630000171	The preset does not exist.
10630000172	The preset has not been unlocked.
10630000173	Slot is out of range.
10630000174	Unrecognized action type.
10630000175	Incorrect equipped skill type.
10630000176	Insufficient casting Distance.
10630000177	Skill selector validation failed.
10630000178	Skill Level exceeds the maximum level.
10630000179	Skill rank exceeds the maximum number of points.
10630000180	Skill Level is below the Initial level.
10630000181	Preset name cannot be blank.
10630000182	Skill Bar is out of range.
10630000183	The skill is not in the Lineup.
10630000184	The skill cannot be added to the Lineup.
10630000185	Skill Bar is not unlocked.
10630000186	No Revives remaining for this challenge
10630000187	Cannot lower Stall Skill Level while operating a Stall.
10630000188	Cannot change your Stall Skill Build while operating a Stall.
10630000189	This effect cannot be removed manually.
10630000190	Buff not found.
10630000191	The level of prerequisite skill is too low
10630000192	A mutually exclusive skill already exists.
10630000193	Skill configuration not found.
10630000194	This skill is on the disabled list.
10630000195	This build does not belong to the selected job.
10630000196	The skill point allocation list is empty.
10630000197	Failed to generate the complete skill list.
10630000198	Wrong Job: The skill's job does not match the player's job.
10630000199	This skill is not in the skill tree, so skill points cannot be allocated to it manually.
61000	${1}'s ${2}
61001	You already have a war machine. Building another will destroy the current one.\nBuild it anyway?
61002	Battle Begins
61003	Preparation Phase
61004	Notification
61005	Siege War - Battle for the Royal Capital: About to start! Head there now!
61006	Go
61007	Reject
61008	Siege War - Battle for the Royal Capital
61009	Distance to Start Time
61010	Rewards
61011	War Machine
61012	Result
61013	Royal Capital Name
61014	Regional Capital 1 Name
61015	Regional Capital 2 Name
61016	Guild Master
61017	Commander
61018	Defenders
61019	Attackers
61020	Me
61021	Enter Battlefield
61022	Ended
61023	Personal Rewards
61024	Auction Rewards
61025	Season Rewards
61026	Ranking
61027	Revoke Access
61028	This Member is currently using a war machine. Revoke their access?
61029	Confirm
61030	Cancel
61031	None
61032	Automatically heading to the revival point in ${1} sec.
61033	Go to Revival Point
61034	Revive in ${1} sec.
61035	Royal Capital
61036	Regional Capital
61037	Stronghold
61038	Match
61039	Winning Guild
61040	Total Wins
61041	Report
61042	This Week
61043	Recruitment Info
61044	War Machine Management
61045	Artillery
61046	Mount
61047	Artillery Access
61048	Vehicle Access
61049	All Jobs
61050	Swordsman
61051	Hunter
61052	Acolyte
61053	Mage
61054	Thief
61055	Merchant
61056	Offline
61057	Away
61058	Offline Players
61059	Players on the Battlefield
61060	My Battle Merit
61061	Battlefield Contribution
61062	Defeat
61063	Assist
61064	Destroy
61065	Report
61066	Siege War Begins
61067	Map Name
61068	Building
61069	Allied Players
61070	Commander Marker
61071	Party Marker
61072	Show
61073	Rally
61074	Remove
61075	Back
61076	Remove All
61077	Can Mark:
61078	Tap an area on the map to add a marker
61079	<#fdab5b>${1}</color> Guild has captured the castle
61080	Siege Duration: ${1}
61081	My Battle Report
61082	Battlefield Honor
61083	More Honor
61084	Battleground Stats
61085	Best of the Best
61086	Top Three Overall
61087	Absolute Advantage
61088	Rank Among the Best
61089	Battle Merit
61090	Kill
61091	Destroy
61092	Assist
61093	Damage
61094	DMG Taken
61095	Healing Volume
61096	Victory
61097	Honor
61098	Data
61099	Previous
61100	Next
61101	Confirm
61102	Battle Merit Details
61103	No Members have made the rankings yet. Keep trying!
61104	Rank
61105	Player Name
61106	Drag a player on the right to the party list.
61107	Rally at ${1}
61108	Command Marker ${1}
61109	Guild Leader Marker ${1}
61110	<color=#897560>${1}</color>/${2} Players
61111	Building
61112	Allied Players
61113	Gameplay Marker
61114	Siege Weapon
61115	Madogear Pilot
61116	Frontline
61117	Preparation Phase
61118	P1
61119	P2
61120	P3
61121	Battle about to start
61122	Battle about to start
61123	Defend the Outer Gate
61124	Break Through the Outer Gate
61125	Keep all guardians alive.
61126	Defeat any 1 Knight Guardian.
61127	Defend the Ornate Metal
61128	Destroy the Fancy Metal
61129	Siege Points
61130	Defense Value
61131	Destroy Siege Equipment
61132	Kill
61133	Assist
61134	Total Ratings
61135	Device Damage
61136	Damage
61137	DMG Taken
61138	Healing
61139	Reloading
61140	Defeat the Archer Guardian +${1} sec.
61141	Defeat the Knight Guardian    +${1} sec.
61142	A
61143	B
61144	C
61145	D
61146	E
61147	F
61148	Battle has yet to start
61149	Out of ammo
61150	Confirm Construction
61151	Adjust Direction
61152	Exit
61153	Attack (Hold for Accuracy/Right-click to Cancel)
61154	Adjust Gun Elevation
61155	Adjust Barrel Direction
61156	Emergency Call
61157	Teleport to the commander?
61158	Teleport
61159	Reject
61160	Are you sure you want to leave the War of Emperium map?
61161	No targets can be marked during the preparation phase.
61162	This target does not exist and cannot be marked.
61163	Auto-Battle is unavailable while mounted.
61164	Command Skill
61165	Use Command Skill-${1} now?
61166	Drag Member
61167	Currently displaying the Guild Information found
61168	Cannot teleport while riding a mount.
61169	Cannot teleport while dead.
61170	The rally is full. Unable to teleport.
61171	Attacker Gameplay Flow
61172	Defender Gameplay Flow
61173	Phase 1\nBreak Through the Castle Gate
61174	Phase Two\nDefeat the Knight Guardian
61175	Stage 3\nCapture the Control Point
61176	Stage 4\nDestroy the Ornate Metal
61177	Phase 1\nDefend the City Gate
61178	Phase Two\nFortify the Knight Guardian
61179	Phase 3\nDefend the Control Point
61180	Stage 4\nDefend the Magnificent Metal
61181	Inside the City
61182	Outside the City
61183	Exit Vehicle
61184	Tactics
61185	War Machine Management
61186	Battlefield Backpack
61187	Management
61188	Confirm Exit
61189	<color=#ff7d63>${1}</color>
61190	<color=#4cafff>${1}</color>
61191	After leaving, you can reenter from the Event screen. Are you sure you want to leave this area?
61192	Press and Hold—Homing Shell
61193	Cannot be used during the current phase.
61194	Your Management Permissions have been revoked.
61195	War Management
61196	Black Market
61197	This Month
61198	Season
61199	Position
61200	Contribution Percentage
61201	Amount
61202	This Week's Total Guild Contributions: ${1}
61203	This Month's Total Guild Contributions: ${1}
61204	This Season's Total Guild Contributions: ${1}
61205	Participants: ${1}/${2}
61206	Average Contribution: ${1}
61207	Artillery Used This Week: ${1}
61208	Vehicles Used This Week: ${1}
61209	War Machine Shop
61210	Artillery Used This Month: ${1}
61211	Vehicles Used This Month: ${1}
61212	Artillery Used This Season: ${1}
61213	Vehicles Used This Season: ${1}
61214	Artillery (${1})
61215	Vehicles (${1})
61216	Victory Rewards:
61217	Participation Rewards:
61218	You are already here
10630000419	HP requirements not met.
10630000420	Maximum number of simultaneous Interactions reached.
10630000421	The previous Interaction has not ended.
10630000422	Failed to switch modes.
10630000423	Failed to detect mode.
10630000424	Wrong NPC for this Interaction.
10630000425	Incorrect number of BUFF Floors.
10630000426	Cannot leave the vehicle while casting a skill.
10630000427	Mount already activated.
10630000428	Already collected by another player.
10630000429	Wrong top-up type.
10630000430	Invalid top-up option.
10630000431	Purchase limit reached
10630000432	This special Job item does not exist.
10630000433	Cannot equip this Job item: wrong level.
10630000434	Cannot equip this Job item: Wrong Job.
10630000435	Cannot equip this Job item until the prerequisite quest is completed.
10630000436	Cannot equip this Job item without Learning Skills.
10630000437	Failed to create the item.
10630000438	Item is not equipped.
10630000439	Too many requests. Please try again later.
10630000440	Unable to Put in the Cart.
10630000441	The cart is full. Please clear some space.
10630000442	Cannot Cancel Rental while there are items in the Cart Merchant.
10630000443	Cannot reset the [Cart Use] skill while there are items in the Cart Merchant.
10630000444	You are already in a Party.
10630000445	No Party exists with this ID.
10630000446	Incorrect Party type.
10630000447	Do not have Permission
10630000448	This is already the same Party type. No conversion is needed.
10630000449	You're not in a party.
10630000450	Already on the request list.
10630000451	Unable to retrieve player information
10630000452	Party is full
10630000453	Request List is Full
10630000454	You're performing actions too frequently. Please try again later
10630000455	The inviter has left the party
10630000456	A Member has left the party.
10630000457	Maximum number of Deputy Raid Leaders reached
10630000458	Already a Deputy Raid Leader
10630000459	No longer a Deputy Raid Leader
10630000460	No Members have been summoned to the five-player party.
10630000461	The Party Leader is in an instance and cannot be followed
10630000462	Marker index out of range
10630000463	Invalid party objective
10630000464	Party objective level too low
10630000465	Party is being created
10630000466	The invitee is in an instance
10630000467	Player is offline
10630000468	The invitee is already in a party
10630000469	No longer on the application list
10630000470	The Party Leader/Raid Leader cannot follow.
10630000471	The party name does not meet the requirements.
10630000472	The party declaration does not meet the requirements.
10630000473	The party recruitment message does not meet the requirements.
10630000474	This player is already in a Party.
10630000475	A Member is in a Dungeon. The party size cannot be changed.
10630000476	Cannot follow into a Guild Dungeon because you belong to different guilds.
10630000477	A new Member has joined the party.
10630000478	${1} declined to Enter Dungeon
10630000479	${1} does not meet the requirements to Enter Dungeon.
10110300000	Call down an Angel's blessing, increasing STR, DEX, and INT by ^{1}${3}^{2} for you and up to ${2} allies within a ${1}-meter radius for ${4} seconds.
10110300001	When you cast ^{1}【Holy Light】^{2}, reduces the Physical DEF of ^{3}Undead-property^{4} targets and ^{5}Demon Race^{6} targets by ^{7}${1}^{8} for ${2} sec.
10110300002	Summon a holy spirit that circles around you and locates one enemy within a ${1}-meter radius who is under the ^{1}^{2}[Disguise]^{3}^{4} Status Effect. Removes their ^{5}^{6}[Disguise]^{7}^{8} Status Effect and deals Holy Ranged Magic damage equal to MATK * ^{9}${2}%^{10}. The holy spirit lasts ${3} seconds and disappears after Discovering a target.
10110300003	Restores ^{3}Life^{4} equal to your Magic ATK * ^{1}${2}% + ${3}^{2} for you and the designated ST ally within ${1}m. Each ^{5}Base Lv.^{6} gained increases ^{7}Healing Volume by ${4}%^{8}. When used on an ^{9}Undead-property^{10} enemy, deals Holy-property ranged magic damage equal to your Magic ATK * ^{11}${5}% + ${6}^{12}.
10110300004	Consumes ^{1}${1}^{2} points of ^{3}Life^{4} to increase the caster's and up to ${3} allies' ^{5}AGI by ${4}^{6}, ^{7}Attack Speed by ${5}%^{8}, and ^{9}Move Speed by ${6}%^{10} within a ${2}-meter radius for ${7} sec.
10110300005	Deals Magic ATK * ^{1}${2}% + ${3}^{2} Holy ranged magic damage to a target ST enemy within ${1} meters and removes the target's ^{3}^{4}【Kyrie Eleison】^{5}^{6} effect.
10110300006	Increases your damage against ^{3}Undead^{4} Monsters and ^{5}Demon Race^{6} Monsters by ^{1}${1}%^{2}.
10110300007	Reduces the damage you take from ^{3}Undead^{4} Monsters and ^{5}Demon Race^{6} Monsters by ^{1}${1}%^{2}.
10110300008	Removes ^{1}^{2}【Silence】^{3}^{4} and ^{5}^{6}【Blind】^{7}^{8} from the designated ST ally within ${1} meters.
10110300009	Recite the Three Bells Sutra, granting you and up to ${2} allies within a ${1}-meter radius ^{1}${3}^{2} Physical DEF and ^{3}${4}^{4} Max Life for ${5} seconds.
10110300010	Reduces a selected ST enemy's AGI by ^{1}${2}^{2} and inflicts a ^{3}${3}%^{4} ^{5}【Slow】^{6} effect for ${4} seconds. The enemy must be within ${1} meters.
10110300011	Create a ^{1}circular magic barrier^{2} with a ${2}-meter radius within ${1} meters of yourself. The barrier blocks ^{3}ranged Physical damage^{4} taken by a single ally standing inside it. It lasts ${3} seconds, can block up to ${4} instances of damage, and only one can exist at a time.
10110300012	The temporary Revive skill obtained in the dungeon revives a targeted ST ally who is ^{1}dead^{2} within ${1} meters, restoring ^{3}${2}% of their Max Life^{4} and ^{5}${3}% of their Max MP^{6}. After learning ^{7}Revive^{8}, this skill can no longer be equipped.
10110300013	When equipped with a ^{1}【Mace】^{2} weapon, gain ^{3}${1}^{4} Physical ATK and ^{5}${2}%^{6} Normal Attack Crit Chance.
10110300014	Calls down an Angel's wrath on the designated ST enemy within ${1} meters, applying ^{1}${2}%^{2} ^{3}[Damage Taken Increase]^{4}. The ^{5}[Damage Taken Increase]^{6} effect lasts ${3} seconds and disappears after the target takes damage.
10110300015	Permanently increases your ^{1}${1}^{2} ^{3}MP Regen^{4}, ^{5}${2}%^{6} ^{7}Max MP Regen^{8}, and ^{9}${3}^{10} ^{11}Magic ATK^{12}.
10110300016	When casting ^{1}【Healing Skills】^{2}, also removes ^{3}^{4}【Stun】^{5}^{6}, ^{7}^{8}【Freeze】^{9}^{10}, and ^{11}^{12}【Petrify】^{13}^{14} from the target.
10110300017	Increases ^{3}Magic Recovery Speed^{4} by ^{1}${3}%^{2} and ^{7}Magic ATK^{8} by ^{5}${4}^{6} for you and up to ${2} allies within a ${1}-meter radius for ${5} sec.
10110300018	Increases the LUK of up to ${2} allies within a ${1}m radius by ^{1}${3}^{2} for ${4} sec.
10110300019	Summon a ${2}m*${3}m cross within ${1}m of yourself. For the next ${4} sec., it deals Magic ATK*^{1}${7}%+${8}^{2} Holy ranged magic damage to up to ${6} enemies in the area every ${5} sec. Damage dealt to enemies of the ^{3}Undead Race^{4} or ^{5}Demon Race^{6}, or with the ^{7}Shadow property^{8} or ^{9}Undead property^{10}, is increased by ^{11}${9}%^{12}.
10110300020	Revive the designated ^{1}dead^{2} ST ally within ${1} meters, restoring ^{3}${2}% of their Max Life^{4} and ^{5}${3}% of their Max MP^{6}.
10110300021	Changes your ^{1}Basic Attack^{2} element and that of a selected ST ally within a ${1}-meter radius to ^{3}Holy^{4} for ${2} seconds.
10110300022	Summon a ${2}m*${3}m Holy Spirit blessing area within ${1}m of yourself. For the next ${4} seconds, every ${5} seconds, it restores Life equal to your Magic ATK*^{1}${7}%+${8}^{2} points to up to ${6} allies within the area^{3}^{4}. ^{5}Undead-property^{6} and ^{7}Demon Race^{8} monsters within the area take ranged Holy magic damage equal to your Magic ATK*^{9}${9}%+${10}^{10}.
10110300023	Grants yourself and a designated ST ally within a ${1}-meter radius a ^{3}Physical damage absorption shield^{4} equal to your Magic ATK*^{1}${2}%^{2} for ${3} seconds. A target protected by ^{5}【Kyrie Eleison】^{6} immediately loses the shield when hit by ^{7}^{8}【Holy Light】^{9}^{10}.
10110300024	Deals Holy Ranged Magic damage equal to MATK * ^{1}${2}% + ${3}^{2} to one designated Enemy within ${1} meters. If the target is a ^{3}Normal Undead Monster^{4}, there is a ^{5}${4}%^{6} Chance to kill it instantly.
10110300025	Increases Physical ATK and Magic ATK by ^{1}${3}^{2} for you and up to ${2} allies within a ${1}m radius for ${4} sec.
10110300026	Deals Magic ATK * ^{1}${2}% + ${3}^{2} Holy ranged magic damage to the target ST enemy within ${1} meters, and inflicts ^{7}^{8}【Silence】^{9}^{10} on ^{3}normal monsters^{4} or ^{5}players^{6} for ${4} seconds.
10110300027	Create a ^{1}circular magic barrier^{2} with a radius of ${2} meters within ${1} meters of yourself, protecting one ally within its area from incoming ^{3}melee Physical damage^{4}. The barrier lasts ${3} seconds and can block up to ^{5}${4}^{6} instances of damage. Only one can exist at a time.
10110300028	A prayer that blesses others, increasing Cast Speed by ^{1}${3}^{2} for you and up to ${2} allies within a ${1}-meter radius for ${4} seconds.
10110300029	Bestows an Angel's blessing, increasing Physical DEF and Magic DEF by ^{1}${3}%^{2} for you and up to ${2} allies within a ${1}-meter radius, and increasing their ^{5}healing received^{6} by ^{3}${4}%^{4} for ${5} seconds.
10110300030	Increases your ^{1}${1}%^{2} ^{3}Max MP^{4} and ^{5}${2}%^{6} ^{7}MP Recovery Speed^{8}. Also grants a ^{9}${3}%^{10} increase to the healing provided by your ^{11}【Divine Light】^{12}.
10110300031	Reduces the ^{3}MP cost^{4} of skills cast by the user by ^{1}${1}%^{2} and increases ^{7}Magic ATK^{8} by ^{5}${2}^{6}.
10110300032	Empowers yourself with the power of the Sanctuary, increasing your ^{1}Holy damage by ${1}%^{2} for ${2} seconds.
10110300033	Increases your MATK by ^{1}${1}^{2} and increases the damage of ^{3}^{4}[Turn Undead]^{5}^{6} by ^{7}${2}^{8}.
10110300034	Summons a Divine Light spell, restoring HP equal to your MATK * ^{1}${2}% + ${3}^{2} to You and one designated ally within ${1} meters^{3}^{4}.
10110300035	Chants a powerful purification spell, removing ^{3}^{4}[Status Effect]^{5}^{6} and ^{7}^{8}[Movement Restriction]^{9}^{10} effects from You and ^{1}Party Members^{2} within a ${1}-meter radius. For the next ${2} seconds, grants them Immunity to up to ^{11}${3}^{12} ^{13}^{14}[Status Effect]^{15}^{16} and ^{17}^{18}[Movement Restriction]^{19}^{20} effects. This skill cannot be cast while You are under any control effect.
10110300036	Instantly calls down Divine Light, restoring HP equal to your MATK * ^{1}${3}%^{2} ^{3}to You and up to ${2} allies within a ${1}-meter radius, prioritizing Party Members (^{4}^{5}Dexterity Resonance ${6}%^{6}^{7})^{8}. Also grants a Shield equal to your MATK * ^{9}${4}%^{10}^{11}^{12} for ${5} seconds.
10110300037	Summons sacred lilies to bloom and shower the area with petals, increasing the MATK and PATK of You and ^{1}^{2}Party Members^{3}^{4} within a ${1}-meter radius by ^{5}${2}%^{6} for ${3} seconds.
10110300038	Summons sacred lilies to bloom and shower the area with petals, increasing the ^{7}MATK^{8} and ^{9}PATK^{10} of You and ^{1}^{2}Party Members^{3}^{4} within a ${1}-meter radius by ^{5}${2}%^{6} for ${3} seconds.
10110300039	Summon a Golden Sacred Tree of Life at your location, increasing ^{5}damage reduction^{6} by ^{3}${2}%^{4} for you and ^{1}party Members^{2} within a ${1}-meter radius for ${3} seconds. While the effect is active, you and party Members can ^{9}^{10}【Respawn】^{11}^{12} once upon taking ^{7}lethal damage^{8}, returning with ^{13}${4}% of Max Life^{14}. (This skill is disabled in PVE dungeons.)
10110300040	Gain ^{1}${1}%^{2} Magic ATK, ^{3}${2}%^{4} MP Regen, and ^{5}${3}%^{6} Healing Efficiency and Shield Efficiency, plus a shield equal to ^{7}Max Life * ${4}%^{8}. (Refreshes after taking no damage for ${5} sec.)
10110300041	Protected by the Sacred Tree Spirit, when you take ^{1}lethal damage^{2}, you gain one chance to ^{3}^{4}【Respawn】^{5}^{6}. When triggered, you recover ^{7}${2}% Life^{8} and enter the ^{9}【Withered】^{10} state for ${3} minutes. During this time, ^{11}^{12}【Respawn】^{13}^{14} cannot trigger again.
10110300042	Tree Spirit ^{1}^{2}[Respawn]^{3}^{4}
10110300043	Summons the holy light of Judex, dealing Holy ranged magic damage equal to your Magic ATK*^{1}${2}%^{2} to a designated ST enemy within ${1} meters.
10110300044	Unleashes a powerful Holy Light, dealing your Magic ATK *^{1}${4}%^{2} as ranged Holy magic damage to up to ${3} enemies in a targeted area with a ${2}-meter radius within ${1} meters of you, and inflicting ^{3}^{4}【Immobilize】^{5}^{6} and ^{7}^{8}【Blind】^{9}^{10} on enemies hit for ${5} seconds.
10110300045	^{1}【Judex】^{2} cast by you has a ^{3}${1}%^{4} Chance to deal one Extra instance of Neutral ranged magic damage equal to your Magic ATK * ^{5}${2}%^{6} to the target, and a ^{7}${1}%^{8} Chance to deal one Extra instance of Neutral ranged Physical damage equal to your Magic ATK * ^{9}${3}%^{10} to the target. (The two Chances are calculated independently.)
10110300046	Break the Holy seal to unleash a surge of holy spirits, increasing Holy damage by ^{1}${1}%^{2} for ${2} seconds. During this time, the Chance to trigger ^{3}^{4}【Duple Light】^{5}^{6} becomes ^{7}${3}%^{8}.
10110300047	Summons a holy light talisman from the heavens, dealing Holy ranged magic damage equal to Magic ATK*^{1}${2}%^{2} to a designated ST enemy within ${1} meters and increasing your Holy damage by ^{3}${3}%^{4} for ${4} seconds.
10110300048	Draw a holy light magic circle with an Exorciser incantation, dealing Holy ranged magic damage equal to Magic ATK * ^{1}${4}%^{2} to up to ${3} enemies within the targeted ${2}-meter-radius area within ${1} meters of you (^{3}^{4}DEX Resonance ${6}%^{5}^{6}). For this skill, ^{7}Uses:^{8} +1 every ${5} seconds, up to 2.
10110300049	Strengthens holy power through a prayer of devotion, restoring HP equal to your MATK * ^{1}${2}% + ${3}^{2} every second to You and Party Members within a ${1}-meter radius^{3}^{4} for ${4} seconds.
10110300050	Reduces prices by ^{1}${1}%^{2} when purchasing items with Minted Coins in certain shops.
10110300051	When dismantling items, the number of Coins obtained increases by ^{1}${1}%^{2}.
10110300052	Once learned, allows you to rent a Pushcart and use various Pushcart-related skills.
10110300053	Change your Pushcart's appearance by choosing a special design you like.
10110300054	Cart-exclusive skill. Merchants gain ^{1}${1}^{2} Extra slots while operating a Stall.
10110300055	Cart-exclusive skill. Ram enemies with your cart, dealing Physical ATK * ^{1}${3}% + ${4}^{2} Neutral melee Physical damage to up to @{2} selected enemies within @{1} meters and up to ${2} other enemies within ${1} meters of them.
10110300056	Consumes @{1} Coins to cast, but costs nothing below Base Lv. @{2}. Strikes fiercely with money, dealing Physical ATK*^{1}${1}%+${2}^{2} as Neutral melee Physical damage to the selected ST enemy within @{3} meters.
10110300057	Let out a Crazy Uproar to channel your luck and strength, increasing your and up to ${2} allies' STR by ^{1}${3}^{2} and Physical ATK by ^{3}${4}^{4} within a ${1}-meter radius for ${5} sec.
10110300058	Increases Physical ATK by ^{1}${1}^{2} and STR by ^{3}${2}^{4}. Increases the duration of Adrenaline Rush, Power Thrust, and Maximize Power by ${3} sec.
10110300059	Deepens your understanding of weapons, increasing Physical ATK by ^{1}${1}^{2} and HIT by ^{3}${2}^{4}.
10110300060	Increases Fire resistance, reducing Fire and Neutral damage taken by ^{1}${1}%^{2}.
10110300061	Viciously hammer the ground within a ${1}-meter radius, dealing Neutral melee Physical damage equal to Physical ATK * ^{1}${4}%+${7}^{2} to up to ${3} enemies within a ${2}-meter radius, with a ${5}% Chance to inflict ^{3} ^{4}【Stun】^{5}^{6} for ${6} seconds.
10110300062	Increases the Attack Speed of up to ${2} allies, including yourself, within a ${1}-meter radius by ^{1}${3}%^{2}. If the target is a Blacksmith class, grants an Extra ^{3}${4}%^{4} Attack Speed for ${5} seconds.
10110300063	Increases the Attack Speed of yourself and up to ${2} allies within ${1} meters by ^{1}${3}%^{2}, plus an Extra ^{3}${4}%^{4} regardless of Job Restriction, for ${5} seconds.
10110300064	Increases Physical ATK for you and up to @{1} allies within a ${1}-meter radius by ^{1}${2}^{2} for ${3} sec.
10110300065	Unleashes the weapon's full potential, increasing your Physical DMG by ^{1}${2}%^{2} for ${1} sec.
10110300066	Unleashes the weapon's full potential, increasing Physical DMG by ^{1}${2}%^{2} for ${1} sec.
10110300067	Cart-exclusive skill. Increases your Movement Speed by ^{1}${1}%^{2} and removes ^{3}【Slow】^{4} from you for ^{5}${2}^{6} sec.
10110300068	Cart-exclusive skill. Deals Physical ATK * ^{1}${1}% + ${5}^{2} Neutral melee Physical DMG to a designated ST enemy within @{1} m. Has a ${2}% Chance to inflict Stun for ${3} sec. When used while under ^{3}^{4}【Cart Boost】^{5}^{6}, High Speed Cart Ram can be cast while moving and deals ${4}% more damage.
10110300069	You gain the [Melt Down] Effect for ${1} seconds. While [Melt Down] is Active, attacking an Enemy Team player has a ${2}% Chance to inflict ^{1}[Weapon Damage]^{2} for ${3} seconds. When attacking a Monster while [Melt Down] is Active, there is a ${4}% Chance to reduce its ^{3}PATK and DEF by ${5}%^{4} for ${6} seconds. [Weapon Damage]: The Initial stats and Affixes of Main/Off-Hand Weapons are not Active for the duration.
10110300070	Increases your Physical ATK by ^{1}${1}^{2} for ${2} sec.
10110300071	Increases the Physical ATK of up to @{2} allies within a @{1} m radius by ^{1}${1}^{2} for ${2} sec.
10110300072	Researches Fire and Earth monsters, reducing damage taken from Fire and Earth monsters by ^{1}${1}%^{2} and increasing damage dealt to Fire and Earth monsters by ^{3}${2}%^{4}.
10110300073	When equipped with an axe or mace, increases your Physical ATK by ^{1}${1}^{2} and HIT by ^{3}${2}^{4}.
10110300074	When you take damage while your HP is below ${1}%, grants a shield equal to ${2}% of your HP and restores ${3}% of your Life. This effect can trigger up to @{1} times every ${4} sec.
10110300075	Axe- and Mace-only skill. Rapidly spins the Axe, dealing total Neutral melee Physical damage equal to PATK * ^{1}${3}%^{2} to up to ${2} enemies within a ${1}-meter radius (^{3}^{4}Vitality Resonance ${5}%^{5}^{6}). While Enhance is Active, Axe Tornado lasts longer, increases your MSPD by ${4}%, and grants [Immunity] for the duration of the skill.
10110300076	Axe and Mace skill. Swing your Axe to Move rapidly in front of the target, dealing Neutral Melee Physical DMG equal to PATK * ^{1}${3}%^{2} to up to ${2} enemies within a ${1}-meter radius.
10110300077	Axe and Mace skill. Throw a flying Axe forward, dealing ${4} hits of Neutral Melee Physical DMG totaling PATK * ^{1}${5}%^{2} to up to ${3} members of the Enemy Team in a ${1} * ${2}-meter rectangular area in front of you.
10110300078	Can only be used while riding Madogear. Use the Madogear's ignition system to become Flying and gain a Shield equal to ${1}% of your Max HP for ${2} seconds. You can Move and have 【Immunity】 during this time. Tap the skill again or wait until the Flying duration ends to attack Below, dealing Neutral Melee Physical DMG equal to PATK * ^{1}${5}%^{2} to up to ${4} enemies within a ${3}-meter radius and inflicting Stun for ${6} seconds, as well as 【Severe Wound】 for @{1} seconds. For every ${7} enemies hit by this attack, gain @{2} stacks of Shield equal to ${8}% of your Max HP, stacking up to ${9} times and lasting ${10} seconds. This also Enhances your next Axe Tornado, Launching 【High-Energy Pulse】 a number of times based on the number of enemies hit by this attack.\n【Severe Wound】: Reduces Healing Done received by @{3}%.\n【High-Energy Pulse】: Deals Neutral Melee Physical DMG equal to PATK * ^{3}${11}%^{4} to up to @{5} enemies within a @{4}-meter radius around you.
10110300079	Axe and Mace skill. Throw flying axes around you, dealing Neutral Melee Physical DMG totaling PATK * ^{1}${3}%^{2} to up to ${2} members of the Enemy Team within a ${1}-meter radius. For every @{1} enemies hit, reduce Axe Tornado's Cooldown by ${4} seconds and gain 【Immunity】 while casting your next unenhanced Axe Tornado.
10110300080	Once learned, Mechanics can ride a Madogear in battle and use Madogear skills.
10110300081	Can only be used while riding Madogear. Launch a rocket-powered fist at the selected ST enemy within ${1} meters, dealing Neutral Ranged Physical DMG equal to PATK * ^{1}${2}%^{2}.
10110300082	Can only be used while riding Madogear. Equip ${1} Arm Cannons on the Madogear's shoulders and Launch ${6} Cannon shells at ${3} selected enemies within ${2} meters and up to ${5} Other enemies within ${4} meters of them, dealing Neutral Ranged Physical DMG totaling PATK * ^{1}${7}%^{2} (^{3}^{4}Luck Resonance ${8}%^{5}^{6}).
10110300083	Can only be used while riding Madogear. Equip ${1} Vulcan Arm on each hand and Launch them at ${3} selected enemies up to ${2} meters away, dealing ${4} hits of Neutral Ranged Physical DMG equal to PATK * ^{1}${5}%^{2}. Every ${6} casts of 【Vulcan Arm】 trigger 【Firepower Loaded】 ${7} times.\n【Firepower Loaded】: Increases the number of Cannon shells Launched by each 【Arm Cannon】 attack to ${8} for ${9} attacks.
10110300084	Can only be used while riding Madogear. Launch Pile Bunker at ${2} selected enemies within ${1} meters of you and up to ${4} enemies within ${3} meters of them, dealing Neutral Ranged Physical DMG equal to PATK * ^{1}${5}%^{2}, inflicting ${6}-meter Knockback, and inflicting Stun for ${7} seconds. DMG increases with STR.
10110300085	Can only be used while riding Madogear. Use Flame Launcher on ${2} selected enemies within ${1} meters of you, dealing ${6} hits of Fire Ranged Physical DMG totaling PATK * ^{1}${7}%^{2} to up to ${5} targets in a ${3} * ${4}-meter rectangular area in front of you. Immediately triggers 【Firepower Loaded】 @{1} times after casting. 【Firepower Loaded】: Increases the number of Cannon shells Launched by each 【Arm Cannon】 attack to ${8} for ${9} attacks.
10110300086	Can only be used while riding Madogear. Use the thrusters to Move ^{1}${1}^{2} meters in the specified direction.
10110300087	Can only be used while riding Madogear. Consumes HP equal to ^{1}${7}%^{2} of your Max HP and converts it into a 【Shield】 for @{1} seconds. Immediately removes all Control effects from you, then begins a ${1}-second countdown before using Energy Release. You have 【Immunity】 during the countdown. When the countdown ends, deal Neutral Melee Physical DMG equal to PATK * ^{3}${4}%^{4} to up to ${3} targets within a ${2}-meter radius and inflict Knock-Up. You then lose ${5}% of your current Max HP. This HP loss cannot be fatal. Reduces MSPD. by @{2}% for ${6} seconds.
10110300088	Can only be used while riding Madogear. Bombard a ${1} * ${2}-meter area in the specified direction. You have 【Immunity】 while using the skill and deal Neutral Ranged Physical DMG totaling PATK * ^{1}${4}%^{2} to up to ${3} enemies along the path. Increases MSPD by ^{3}${5}%^{4} for the skill's duration.
10110300089	Releases a pulse within a ${1} m radius, dealing Physical ATK * ^{1}${3}%^{2} Neutral melee Physical DMG ${2} times.
10110300090	Once learned, Mechanics can use the Kinetic Battle Axe and its related skills.
10110300091	Can only be used while riding Madogear. Consumes HP equal to ^{1}${7}%^{2} of your Max HP, immediately removes all Control effects from you, then begins a ${1}-second countdown before using Energy Release. You have 【Immunity】 during the countdown. When the countdown ends, deal Neutral Melee Physical DMG equal to PATK * ^{3}${4}%^{4} to up to ${3} targets within a ${2}-meter radius. You then lose ${5}% of your current Max HP. This HP loss cannot be fatal. Reduces MSPD. by @{1}% for ${6} seconds.
10110300092	Uses a Burst of speed to move ${1} m in the designated direction.
10110300093	Perform a Dance Move in the designated direction
10110300094	Dance Move
10110300095	Charges one of the @{1} Bells on the field, then shuffles them. Players must destroy the charged Bell.
10110300096	The field goes dark. Each player can see one glowing Bell and must follow it.
10110300097	Angeling consecutively releases three rings of light energy around itself, damaging players hit.
10110300098	Angeling gathers light energy, damaging players in a fan-shaped area ahead.
10110300099	Strikes the currently targeted player in the grid
10110300100	Deviling gathers dark energy, damaging players in a fan-shaped area ahead.
10110300101	Deviling consecutively releases three rings of dark energy around itself, damaging players hit.
10110300102	Place Live Coal
10110300103	Place Accelerant
10110300104	Collect Live Coals
10110300105	Collect
10110300106	Cancel Transformation
10110300107	Enlarge the target
10110300108	Shrink the target
10110300109	Connect to them with a red line
10110300110	Strikes an enemy with great force, dealing Physical ATK * ^{1}${2}% + ${3}^{2} Neutral melee Physical DMG to a designated ST enemy within ${1} m.
10110300111	Launches an electric orb, dealing MATK * ^{1}${2}% + ${3}^{2} Wind ranged Magic DMG to a designated ST enemy within ${1} m and ^{3}knocking them back^{4} ${4} m.
10110300112	Restores ^{3}Life^{4} equal to MATK * ^{1}${2}% + ${3}^{2} for you and a designated ST ally within ${1} m. Each ^{5}Base Level^{6} increases ^{7}Healing Volume by ${4}%^{8}. When used on an ^{9}Undead^{10} enemy, deals MATK * ^{11}${5}% + ${6}^{12} Holy ranged Magic DMG.
10110300113	Immediately enters ^{1}^{2}【Camouflage】^{3}^{4} and 【Hiding】^{5}^{6}, making you invisible and untargetable and increasing Movement Speed by ^{7}${1}%^{8} for ${2} sec.\nDealing or taking damage a total of ${3} times immediately ends 【Camouflage】 and 【Hiding】.
10110300114	Deals Physical ATK * ^{1}${3}% + ${4}^{2} Fire melee Physical DMG to up to ${2} enemies within a ${1} m radius, increases your Fire DMG by ^{3}${5}%^{4}, and changes Normal Attacks to Fire for ${6} sec.
10110300115	Deals Physical ATK * ^{1}${2}% + ${3}^{2} Poison melee Physical DMG to a designated ST enemy within ${1} m and applies ^{3}^{4}【Poisoned】^{5}^{6} damage.
10110300116	Summons Sight around you, revealing hidden targets within a ${2} m radius over ${1} sec.
10110300117	Can only be used while under ^{1}^{2}【Camouflage】^{3}^{4}. Deals Physical ATK * ^{5}${3}% + ${4}^{6} Neutral melee Physical DMG to up to ${2} enemies within a ${1} m radius, with a ${5}% Chance to inflict ^{7}^{8}【Stun】^{9}^{10} for ${6} sec and a ${7}% Chance to inflict ^{11}^{12}【Blind】^{13}^{14} for ${8} sec.
10110300118	Master the Spear. When equipped with a Spear weapon, increases Physical ATK by ^{1}${1}^{2}.
10110300119	Specializes in Spear weapons, increasing CRIT by ^{1}${1}^{2}, CRIT RES by ^{3}${2}^{4}, and Attack Speed by ^{5}${3}^{6}%.
10110300120	Increases your damage against Undead property monsters and Demon Race monsters by ^{1}${1}%^{2}.
10110300121	Reduces damage taken from Undead property monsters and Demon Race monsters by ^{1}${1}%^{2}.
10110300122	Removes ^{1}【Silence】^{2} and ^{3}【Blind】^{4} from a designated ST ally within ${1} m.
10110300123	Learn riding techniques to unlock the Peco Peco mount and increase Movement Speed by ^{1}${1}%^{2} while mounted.
10110300124	Shield skill. Expand Auto Guard, increasing your PDEF and MDEF by ^{1}${2}^{2} for ${1} seconds.
10110300125	Shield skill. Attack with your Shield, dealing Neutral Melee Physical DMG equal to PATK * ^{1}${2}%^{2} + ^{3}${3}^{4} to the selected ST enemy within ${1} meters.
10110300126	Shield skill. Grants you 【Shield Reflect】 for ${3} seconds. 【Shield Reflect】: When you take Melee Physical DMG from an attacker within ${5} meters, deals Neutral Melee Physical DMG equal to your PATK * ^{1}${2}%^{2} + ^{3}${6}^{4} to the attacker. This effect can trigger up to ${4} times per second.
10110300127	Deals Holy melee Physical damage equal to the caster's Physical ATK*^{1}${2}%^{2}+^{3}${7}^{4} to a designated ST enemy within ${1} meters and has a ${3}% Chance to inflict ^{5}Blind^{6} for ${6} seconds. When the caster has a two-handed spear equipped, the damage multiplier is increased by an Extra ^{7}${4}%^{8}. This skill is treated as a Basic Attack and has an Attack Speed ratio of ${5}%.
10110300128	Consumes ^{1}${1}^{2} HP to deal Holy Melee Physical DMG equal to PATK * ^{3}${3}%^{4} + ^{5}${4}^{6} to up to ${5} enemies within a ${2}-meter radius. You have ^{7} ^{8}【Endure】^{9} ^{10} while using the skill.
10110300129	Select a single ally within ${3} meters of you. For the next ${1} seconds, you take ^{1}${2}%^{2} of the damage they receive. If the Distance between you exceeds ${4} meters during this time, the effect ends.
10110300130	Reduces damage taken from the Demon Race and Holy-property attacks by ^{1}${2}%^{2} for yourself and up to ${3} allies within a ${1}-meter radius for ${4} seconds.
10110300131	Shield skill. Grants you 【Defending Aura】 for ${1} seconds. 【Defending Aura】: Reduces Ranged Physical DMG taken by ^{1}${2}%^{2}.
10110300132	Enters the 【Shrink】 state for ${1} sec. While 【Auto Guard】 is active, taking damage from an attacker within ${5} meters has a ^{1}${2}%^{2} Chance to inflict ^{3}^{4}【Stun】^{5} ^{6}on them for ${3} sec. (Cooldown: ${4} sec.)
10110300133	Max Life increases by ^{1}${1}^{2}, and Holy damage taken is reduced by ^{3}${2}%^{4}.
10110300134	Shield skill. Throw your Shield, dealing Neutral Melee Physical DMG equal to PATK * ^{1}${2}%^{2} + *^{3}${3}^{4} to the selected ST enemy within ${1} meters.
10110300135	Shield skill. Throw your Shield, dealing Neutral Melee Physical DMG equal to PATK * ^{1}${2}%^{2} to the selected ST enemy within ${1} meters.
10110300136	Mastery of shields increases damage reduction from monsters by ^{1}${1}%^{2} while a shield is equipped. Does not stack with other monster damage reduction effects.
10110300137	Two-Handed Spear skill. Deals Holy Melee Physical DMG equal to PATK * ^{1}${2}%^{2} + ^{3}${3}^{4} to the selected ST enemy within ${1} meters and reduces their SP by ^{5}${4}^{6}.
10110300138	Enhance your Normal Attacks for ${1} seconds, increasing the percentage DMG multiplier of ^{1}^{2}【Basic Attack】^{3}^{4} by ^{5}${2}%^{6}, but each Normal Attack consumes ^{7}${3}^{8} HP.
10110300139	Sing a gospel hymn for ${4} sec. While active, increases the Physical Defense and Magic Defense of you and up to ${5} allies within ${1} m by ^{1}${2}^{2}, and reduces the Physical Attack and Magic Attack of up to ${5} enemies within ${1} m by ^{3}${3}^{4}.
10110300140	Shield skill. Throw your Shield, dealing Neutral Melee Physical DMG equal to your PATK * ^{1}${3}%^{2} + ^{3}${4}^{4} to the selected ST enemy within ${1} meters.
10110300141	Increases Max Life by ^{1}${1}^{2}.
10110300142	Increases Attack Speed by ^{1}${1}%^{2} and Physical and Magic DEF by ^{3}${2}%^{4}.
10110300143	Two-Handed Spear skill. Deals Neutral Melee Physical DMG equal to PATK * ^{1}${3}%^{2} to up to ${5} enemies in a ${2} * ${1}-meter area in front of you. For every @{1}% ASPD, this DMG increases by ^{3}${6}%^{4}.
10110300144	Two-Handed Spear skill. Deals Neutral Melee Physical DMG equal to PATK * ^{1}${3}%^{2} to up to ${8} enemies in a ${2} * ${1}-meter area in front of you. For every ${7}% ASPD, this DMG increases by ^{3}${6}%^{4}, up to @{1}% ASPD. Grants you 【Charge Up】 for ${9} seconds. 【Charge Up】: Increases MSPD by ^{5}${4}%^{6}. The next time you Deals DMG, removes 【Charge Up】 and triggers 【Charge Up Strike】 against the primary target, dealing Neutral Melee Physical DMG equal to ^{7}${5}%^{8} PATK.
1110001	Participate in Guild activities and make a Donation of supplies to repel the invasion.
1110002	Time Until Next Invasion:
1110003	Goddess Invasion in Progress:
1110004	${1}d ${2}h
1110005	${1}d ${2}h
1110006	Invasion Intensity:
1110007	${1}
1110008	MAX
1110009	Unable to make a Donation.
1110010	Not enough supplies.
1110011	Successful
1110012	You've reached today's Donation limit.
1110013	Please join a guild first
1110014	Invasion Intensity: ${1}
1110015	Resistance Intensity: ${1}
1110016	Garrison
1110017	Withdraw Garrison
1110018	Go to the region 【${1}】?
1110019	Garrison your Guild's forces in the region 【${1}】?
1110020	Garrisoned Guild: ${1}
1110021	No Guild garrisoned.
1110022	No Guild ranked.
1110023	Unranked
1110024	Your Guild's forces are currently garrisoned in 【${1}】. Redeploy them to 【${2}】?
1110025	Donation
1110026	Guild Readiness has increased to Lv. 【${1}】.
10110300171	Shield skill. ^{1}【Powerful Auto Counter】^{2}: Deals Neutral Melee Physical DMG equal to PATK * ^{3}${7}%^{4} to up to ${6} enemies within a ${4}-degree, ${9}-meter area in front of you. Against Monster targets, the percentage DMG multiplier increases by ^{5}${12}%^{6}. During this time, you have Debuff Immunity, Monster DMG Reduction increases by ^{7}${2}%^{8}, and you gain ^{9}${3}%^{10} DEF and MDEF Increase.
10110300172	Creates a three-dimensional space with a radius of @{1} meters at your location. Players within the space are immune to poison zone damage for ^{1} @{2}^{2} seconds.
10110300173	Creates a repulsion field with a radius of @{1} meters at your location. Enemies who enter are ejected. Lasts ^{1} @{2}^{2} seconds.
10110300174	Dive toward a target location within @{1} meters. Upon landing, inflict ^{1}【Knock-Up】^{2} and deal damage equal to ^{3}@{4}%^{4} of ATK to up to @{3} enemies within a @{2}-meter radius.
10110300175	Dive toward a target location within @{1} meters. Upon landing, inflict ^{1}【Freeze】^{2} for @{4} sec and deal damage equal to ^{3}@{5}%^{4} of ATK to up to @{3} enemies within a @{2}-meter radius.
10110300176	Dive toward a designated location within @{1} meters. After the dive, create an @{2}-meter circular Petrify zone that inflicts Petrify on up to @{3} enemies for @{4} seconds.
10110300177	Dive at a designated location within @{1} meters. Upon landing, inflict ^{1}【Sleep】^{2} for @{4} seconds on up to @{3} enemies within a @{2}-meter radius and deal damage equal to ATK * ^{3}@{5}%^{4}.
10110300178	Dive toward a designated location within @{1} m. Upon impact, inflict ^{1}【Silence】^{2} for @{4} sec and deal damage equal to ATK * ^{3}@{5}%^{4} to up to @{3} enemies within a @{2} m radius.
10110300179	Dive to a designated location within @{1} meters. Upon impact, inflict ^{1}【Immobilize】^{2} for @{4} seconds and deal damage equal to ATK * ^{3}@{5}%^{4} to up to @{3} enemies within a @{2}-meter radius.
10110300180	Dive toward a target location within @{1} meters. Upon impact, deal damage equal to ATK * ^{3}@{5}%^{4} to up to @{3} enemies within a @{2}-meter radius and inflict ^{1}【Blind】^{2} for @{4} seconds.
10110300181	Creates a Trap Hunter at the current location. When an enemy enters within @{1}m of it, it explodes, dealing ATK * ^{1}@{4}%^{2} damage to up to @{3} enemies within a @{2}m radius and inflicting ^{3}【Immobilize】^{4} for @{5}^{5} sec. The Trap Hunter lasts @{6} sec.
10110300182	Dive toward a designated location within @{1} meters. After landing, create a circular burning area @{2} meters wide that inflicts Burn on up to @{3} enemies for @{4} seconds.
10110300183	Dive at a target location within @{1} meters. Upon impact, inflict ^{1}【Slow】^{2} for @{4} seconds and deal damage equal to ATK * ^{3}@{5}%^{4} to up to @{3} enemies within a @{2}-meter radius.
10110300184	Have the Falcon scan the area, revealing all enemies on the Mini Map to you and your teammates for @{1} sec.
10110300185	Summons a vending cart nearby where you can purchase Battle Royale items. The vending cart lasts ^{1} @{1}^{2} sec.
10110300186	Summon an ambulance nearby that can be used to Revive teammates. The ambulance lasts ^{1} @{1}^{2} sec.
10110300187	Creates a circular camouflage field spanning @{1} meters at your location, granting Stealth to up to @{2} allies for @{3} seconds
10110300188	Deals ATK * ^{1}@{2}%^{2} damage to the designated ST enemy within @{1} m.
10110300189	Immediately enters the ^{1}【Camouflage】【Hiding】^{2} states upon use, becoming invisible and untargetable and increasing Movement Speed by ^{3}@{1}%^{4} for @{2} sec.\nThe ^{5}【Camouflage】【Hiding】^{6} states end immediately after dealing or taking damage a total of @{3} times. Skill Cooldown: ^{7}@{4}^{8} sec.
10110300190	Locks on to an enemy within @{1} m and quickly dashes @{2} m toward the target, dealing ATK * ^{1}@{5}%^{2} damage to up to @{4} enemies within a @{3} m radius of the target and ^{3}slowing them by @{6}%^{4} for @{7} sec.
10110300191	Launches a shockwave, dealing ATK * ^{1}@{2}%^{2} damage to the designated ST enemy within @{1} m.
10110300192	An upgraded Camouflage. Enters the ^{1}【Enhanced Camouflage】^{2} state for @{1} sec. upon use, increasing Movement Speed by ^{3}@{2}%^{4}. ^{5}【Enhanced Camouflage】^{6} ends after taking damage @{3} times or dealing damage. Skill Cooldown: ^{7}@{4}^{8} sec.
10110300193	Deals ATK * ^{1}@{3}%^{2} damage to up to @{2} enemies within a @{1} m radius and inflicts ^{3}@{4} sec. of ^{4}【Blind】^{5}.
10110300194	Deals ATK * ^{1}@{3}%^{2} damage to up to @{2} enemies within a @{1} m radius.
10110300195	Charges to a point @{2} m in front of the designated ST enemy within @{1} m, dealing ATK * ^{1}@{3}%^{2} damage.
10110300196	Unleashes an evil spirit, dealing ATK * ^{1}@{3}%^{2} damage to up to @{2} enemies within a @{1} m radius.
10110300197	Rapidly attacks the target, dealing ATK * ^{1}@{2}%^{2} damage to the designated ST enemy within @{1} m.
10110300198	Dives toward a designated location within @{1} m. Upon landing, deals ATK * ^{3}@{6}%^{4} damage to up to @{3} enemies within a @{2} m radius and ^{1}slows them by @{5}%^{2} for @{4} sec.
10110300199	Swings the weapon to unleash an energy blade, dealing a total of ATK * ^{1}@{4}%^{2} damage over @{3} hits to up to @{2} enemies within a @{1} m radius.
10110300200	Charge Up a spiraling mass of energy, then hurl your Spear toward a locked target within @{1} meters. Charge to the Spear's location and Deals DMG equal to ^{1}@{4}%^{2} once to up to @{3} enemies along the @{2}-meter-wide throwing path.
10110300201	Summons a barrage of thrusting Spears, dealing ^{1}@{4}%^{2} damage to up to @{3} enemies in a @{1} m x @{2} m area in the designated direction.
10110300202	Deals ATK * ^{3}@{4}%^{4} damage and ^{1}【Knockback】^{2} to up to @{3} enemies in a @{1} m * @{2} m area ahead, then moves @{5} m in that direction and deals ATK * ^{7}@{6}%^{8} damage and ^{5}【Knock-up】^{6} to the targets. Gains ^{9}【Control Immunity】^{10} while using the skill.
10110300203	Deals ATK * ^{1}@{4}%^{2} damage @{3} times to up to @{2} enemies within a @{1} m radius and ^{3}pulls them closer^{4}.
10110300204	Leaps high into the air and lands in a designated area within @{1} m, dealing a total of ATK * ^{1}@{4}%^{2} damage to up to @{3} enemies within @{2} m of the target area and inflicting ^{3}【Immobilize】^{4} for @{5} sec. Gains ^{5}【Control Immunity】^{6} while using the skill.
10110300205	Raise your Shield for @{1} seconds to Fortify yourself, reducing DMG taken by ^{1}@{2}%^{2}. During this time, your MSPD is ^{3}【reduced】^{4} by @{3}%, but you have ^{5}Immunity^{6}. Every @{6} seconds, inflict a @{7}-meter ^{7}【Knockback】^{8} in the direction you are Facing on up to @{5} members of the Enemy Team within @{4} meters in front of you and Deals DMG equal to your ATK * ^{9}@{8}%^{10}.
10110300206	Deals ATK * ^{1}@{4}%^{2} damage to up to @{3} enemies in a @{1} m * @{2} m area ahead.
10110300207	Deals ATK * ^{1}@{5}%^{2} damage @{4} times to up to @{3} enemies in a target area with a @{2} m radius within @{1} m and inflicts ^{3}【Pull】^{4} once. Each hit has a @{6}% Chance to inflict ^{5}【Freeze】^{6}.
10110300208	Summons a massive comet from space, dealing ATK * ^{1}@{4}%^{2} damage to up to @{3} enemies in a target area with a @{2} m radius within @{1} m.
10110300209	Unleashes the power of thunder, dealing ATK * ^{1}@{4}%^{2} damage to up to @{3} enemies in a target area with a @{2} m radius within @{1} m, with a @{5}% Chance to inflict ^{3}【Stun】^{4} for @{6} sec. ^{5}【Stun】^{6}: Interrupts movement, casting, and skills. Cannot move or use skills.
10110300210	Summons a meteor, dealing ATK * ^{1}@{4}%^{2} damage to up to @{3} enemies in a target area with a @{2} m radius within @{1} m, with a @{5}% Chance to inflict ^{3}【Burn】^{4}.
10110300211	Unleashes flames to incinerate enemies, dealing ATK * ^{1}@{4}%^{2} damage to up to @{3} enemies in a target area with a @{2} m radius within @{1} m.
10110300212	Focuses earth-elemental energy, dealing ATK * ^{1}@{4}%^{2} damage to up to @{3} enemies in a target area with a @{2} m radius within @{1} m.
10110300213	Unleashes a Burst of frost, dealing ATK * ^{1}@{4}%^{2} damage to up to @{3} enemies in a target area with a @{2} m radius within @{1} m, with a @{5}% Chance to inflict ^{3}【Freeze】^{4} for @{6} sec.
10110300214	Condenses ice and unleashes a freezing mist, dealing ATK * ^{1}@{4}%^{2} damage to up to @{3} enemies in a designated area with a @{2} m radius within @{1} m.
10110300215	Causes the earth to erupt, dealing ATK * ^{1}@{4}%^{2} damage to up to @{3} enemies in a @{1} m * @{2} m area ahead, with a @{5}% Chance to inflict ^{3}【Petrify】^{4} for @{6} sec.
10110300216	Intensifies gravity in a designated area with a @{2} m radius within @{1} m, dealing ATK * ^{1}@{4}%^{2} damage per wave to up to @{3} enemies. The gravity field lasts @{5} sec. and strikes a total of @{6} waves.
10110300217	Attacks with psychic power, dealing ranged Magic Damage equal to Magic ATK * ^{1}@{3}%^{2} to an ST enemy within @{1} m and up to @{2} nearby enemies.
10110300218	Instantly calls down Divine Light, restoring ^{3}Life^{4} equal to own ATK * ^{1}@{3}%^{2} for self and up to @{2} allies within a @{1} m radius, prioritizing party Members.
10110300219	Summons a @{2} × @{3} m rectangular magic field within @{1} m, restoring ^{1}@{5}%^{2} Life per sec. to up to @{4} allies within the area for @{6} sec.
61500	Exit Stronghold Battle
61501	After leaving, you can re-enter from the Territory War event screen. Are you sure you want to leave the battlefield?
61502	Cancel
61503	Confirm
61504	Revive Point A
61505	Revive Point B
61506	Revive Point C
61507	Revive Point D
61508	Revive Point E
61509	Battlefield Changes
61510	Personal Record
61511	Attack Successful
61512	Defense Successful
61513	Personal Rewards
61514	Auction Rewards
10110300235	Places a Flasher at the caster's location. When an enemy enters within @{1} m of the Trap Hunter, it explodes, dealing ATK * ^{1}@{4}%^{2} damage to up to @{3} enemies within a @{2} m radius and inflicting ^{3}【Blind】^{4} for @{5} sec. The Trap Hunter lasts @{6} sec.
10110300236	Unleashes a powerful attack against the designated ST enemy within @{1} m, dealing Neutral ranged Physical damage equal to Physical ATK * ^{1}@{3}%^{2} to the target and up to @{2} enemies in a line within range.
10110300237	Launches @{5} cannon rounds at @{2} designated enemies within @{1} m and up to @{4} other enemies within @{3} m of them, dealing a total of ATK * ^{1}@{6}%^{2} damage.
10110300238	Launches an impact cone at @{2} designated enemies within @{1} m and up to @{4} enemies within @{3} m of them, dealing ATK * ^{1}@{5}%^{2} damage, inflicting @{6} m of ^{3}【Knockback】^{4}, and inflicting ^{5}【Stun】^{6} for @{7} sec.
10110300239	Uses a flamethrower on @{2} designated enemies within @{1} m, dealing a total of ATK * ^{1}@{7}%^{2} damage over @{6} hits to up to @{5} targets in a @{3} * @{4} m rectangular area ahead.
10110300240	Launches a rocket punch, dealing ATK * ^{1}@{2}%^{2} damage to the designated ST enemy within @{1} m.
10110300241	Can only be used while riding Madogear Pilot. Equips @{1} Vulcan cannons on each hand and fires at @{3} designated enemies up to @{2} m away, dealing ATK * ^{1}@{5}%^{2} damage @{4} times.
10110300242	Rapidly restores Life, recovering a total of ^{1}@{2}% of Max Life^{2} over @{1} sec.
10110300243	Grants allies within a @{1} m radius ^{1}【Endure】^{2} and reduces their damage taken by @{2}% for @{3} sec.
10110300244	Summons lightning within @{1} m, dealing ^{1}@{4}%^{2} damage per hit to up to @{3} enemies within a circular area with a @{2} m radius. Lasts @{5} sec. and attacks @{6} times per sec. Each hit has a @{7}% Chance to inflict ^{3}【Blind】^{4} for @{8} sec.
10110300245	Summons Storm Gust within @{1} m, dealing ^{1}@{4}%^{2} damage per hit to up to @{3} enemies within a circular area with a @{2} m radius. The magic field lasts @{5} sec. and attacks @{6} times per sec. Each hit has a @{7}% Chance to inflict ^{3}【Freeze】^{4} for @{8} sec.
10110300246	Temporarily increases Movement Speed by ^{1}@{3}%^{2} and FLEE by ^{3}@{4}^{4} for self and up to @{2} allies within @{1} m for @{5} sec.
10110300247	Grants Falcon's Eye to allies within @{1} m. Players with Falcon's Eye can see enemies in the ^{1}【Hiding】^{2} state within a @{2} m radius for @{3} sec.
10110300248	Lock onto an allied target within @{1} meters, restoring Life equal to ^{1}@{2}%^{2} of ATK for you and the target
10110300249	Cast in a selected direction to perform Movement @{1} m away from the target and enter the ^{1}【Camouflage】【Hiding】^{2} states for @{2} sec.\nThe ^{3}【Camouflage】【Hiding】^{4} states end immediately after dealing or taking damage a total of @{3} times.
10110300250	Transform into an environmental object, increasing Movement Speed by @{1}% for @{2} sec.\nDealing or taking damage a total of @{3} times immediately ends the Transform. Skill cooldown: ^{1}@{4}^{2} sec.
10110300251	Within @{1} meters of yourself, unleash a rain of arrows that deals ^{1}@{4}%^{2} damage to up to @{3} enemies within a @{2}-meter radius and ^{3}【Knocks Back】^{4} targets hit
10110300252	Spend Zeny to launch a powerful attack at a target within @{1} m, dealing ATK * ^{1}@{4}%^{2} damage to up to @{3} enemies within a @{2} m radius of the target.
10110300253	Summons a Holy Spirit to Discover a single enemy in ^{1}【Hiding】^{2} within a @{1}-meter radius, removes their ^{3}【Hiding】^{4}, and deals damage equal to ATK * ^{5}@{2}%^{6}. The Holy Spirit lasts @{3} seconds and disappears after detecting a target.
10110300254	Cross-shaped AoE, vertical first, then horizontal
10110300255	Summon a storm, sending it Flying in the designated direction. It deals ^{1}@{2}%^{2} damage to enemies within a @{1}-meter radius along its path and inflicts ^{3}【Knockback】^{4}. After ^{5}【Knockback】^{6}, four equipped items are selected at random, each with a @{3}% Chance to ^{7}【drop】^{8}, with a guaranteed ^{9}【drop】^{10} of ^{11}@{4}^{12} items.
10110300256	Summons a storm that goes Flying in the designated direction, dealing ^{1}@{2}%^{2} damage to enemies within a @{1}-meter radius along its path and ^{3}【knocking them airborne】^{4}. After being ^{5}【knocked airborne】^{6}, four equipped items are randomly selected, each with a @{3}% Chance to ^{7}【drop】^{8}.
10110300257	Burrow in the specified direction, moving up to @{1} m. Skill cooldown: ^{1}@{2}^{2} sec.
10110300258	After use, Enlarge to @{1} times your size. During Magnification, restores ^{1}@{3}% ^{2} of your Max HP every @{2} seconds for @{4} seconds. Cooldown: ^{3}@{5}^{4} seconds.
10110300259	Use Fire Release to deal Damage over Time to enemies in a @{1}° cone with a radius of @{2} m directly in front of you, dealing ^{1}@{3}%^{2} damage each time for @{4} sec.
10110300260	Deals Damage over Time to enemies within a @{1}-meter radius, dealing ^{1}@{2}%^{2} damage per tick for @{3} seconds.
10110300261	Summon a monsoon, dealing ^{1}@{2}%^{2} damage to enemies within a @{1}-meter radius and inflicting ^{3}【Knockback】^{4}.
10110300262	Temporarily play a BGM track
10110300263	Deals a total of ^{1}@{3}%^{2} damage to up to @{2} targets within a @{1}m radius over @{4} sec.
10110300264	Revive the ID tag's owner
10110300265	Creates a spherical area with a radius of @{1} meters at your location. Players within the area are immune to poison zone damage for @{2} seconds.
10110300266	Creates a repulsion field with a radius of @{1} meters at your location. Enemies who enter the field are ejected. Lasts @{2} seconds.
10110300267	Dive to a target location within @{1} meters, inflicting ^{1}【Knock Up】^{2} and dealing damage equal to ATK * ^{3}@{4}%^{4} to up to @{3} enemies within a @{2}-meter radius upon landing.
10110300268	Commands the Falcon to scan the area, revealing all enemies' locations on the Mini Map to you and your teammates for @{1} sec. Skill cooldown: ^{1}@{2}^{2} sec.
10110300269	Summon a vending cart nearby where you can purchase Battle Royale items. The vending cart lasts for @{1} sec.
10110300270	Summons an ambulance nearby that can be used to Revive teammates. The ambulance lasts for @{1} sec.
10110300271	Randomly transform into one of @{1} Porings, with @{2} possible forms
10110300272	End Transform: Poring
10110300273	Throw the supply cart forward, inflicting Stun on enemies in its path.
10110300274	Provides the player and the Supply Cart with an exceptional speed boost.
10110300275	Detach the Supply Cart. While detached, it continuously restores HP to allies within @{1} meters.
10110300276	Camouflages the Supply Cart for ${1} sec. Taking damage while camouflaged will not reveal it.
10110300277	After use, the Supply Cart gains a shield equal to ${1}% of its maximum Life for ${2} seconds.
10110300278	Causes the Supply Cart to explode after ${1} seconds, dealing damage equal to up to ${3}% of each target's Life within a ${2}-meter radius.
10110300279	Outpost Area Detection Skill
10110300280	Outpost's Group Warp Skill
10110300281	Unload the Supply Cart. While unloaded, it increases the DEF of allies within @{1} meters.
10110300282	Charge forward with the supply cart, knocking back and Stunning enemies along the way.
10110300283	Allies within ${1} meters of the supply cart gain ${2}% ATK for ${3} seconds.
10110300284	Causes the Supply Cart to explode after ${1} seconds, dealing damage equal to ${3}% of Life to enemies within a ${2}-meter radius.
10110300285	Fireworks launched after delivering the supply cart
10110300286	Strike the target with soul power, Launching ${2} bursts of soul energy at the designated ST enemy within ${1} meters and dealing @{1} instances of Ghost-property ranged magic damage equal to Magic ATK *^{1}${3}%^{2}; while in the ^{3}^{4}【Reading】^{5}^{6} state, consume @{2} stacks of ^{7}【Book Page】^{8} to cast this skill 1 Extra time.
10110300287	Use telekinesis to Summon White Imprison around ${1} enemies within ${2} meters of you, dealing Ghost Ranged Magic DMG equal to MATK * ^{1}${3}%^{2}, inflicting ^{3}^{4}【Immobilize】^{5}^{6} for ${4} seconds, and applying ^{7}^{8}【Prison】^{9}^{10} for ${5} seconds. Targets with 【Prison】 take ${6}% increased DMG from the caster.
10110300288	Unleash Soul Buster and Enter the ^{1}^{2}【Intense Telekinesis】^{3}^{4} state for ${1} seconds. During this time, your Ghost Damage increases by ^{5}${2}%^{6}, Soul Expansion's Cooldown is reduced by ${3}%, and Psychokinetic Astral Body acquisition efficiency increases by ${4}%.
10110300289	Increases Ghost Damage by ^{1}${1}%^{2}. Ghost Damage dealt to targets with Neutral armor is no longer reduced due to elemental disadvantage.
10110300290	Concentrate your Soul Buster to distort space, dealing @{1} hits of Ghost Ranged Magic DMG equal to MATK * ^{1}${4}%^{2} (^{3}^{4}Dexterity Resonance ${8}%^{5}^{6}) to a selected ST enemy within a ${1}-meter radius of you and up to ${3} enemies in total within ${2} meters of that enemy, continuously ^{7}【pulling them in】^{8}. Then Terminate the distortion with a Burst, dealing @{2} hits of Ghost Ranged Magic DMG equal to MATK * ^{9}${5}%^{10} (^{11}^{12}Dexterity Resonance ${8}%^{13}^{14}). While ^{15}^{16}【Reading】^{17}^{18} is Active, consumes ${6} stacks of ^{19}【Book Page】^{20} to cast this skill ${7} Extra times.
10110300291	The Warlock periodically gathers energy, Auto-generating ${2} ^{1}^{2}【Psychokinetic Astral Bodies】^{3}^{4} every ${1} seconds, up to ${3}. If you already have ${4} ^{5}^{6}【Psychokinetic Astral Bodies】^{7}^{8}, hitting with Soul Expansion Launches all ^{9}^{10}【Psychokinetic Astral Bodies】^{11}^{12}. Each Deals Ghost Ranged Magic DMG equal to MATK * ^{13}${5}%^{14} to the target enemy.
10110300292	Summons a radiant magic circle, granting allied units within ${1} meters Endure and immunity to crowd control, knock-up, and knockback effects for ${2} seconds.
10110300293	Summon a dark magic circle that inflicts ${2}% Slow, Silence, and Disarm on enemies within ${1} meters for ${3} seconds.
10110300294	Summons a Gale Magic Circle, granting allied units within ${1}m increased Move Speed and Attack Speed and reduced cooldowns for ${2} sec.
10110300295	Summon an Earthshatter Formation, inflicting Stun on enemies within ${1}m for ${2}s.
10110300296	Transform into a blazing storm, becoming untargetable by enemies and continuously dealing damage to enemies within ${1}m for ${2}s.
10110300297	Transform into a wave and use Movement to travel ${1}m forward, then knock back all enemies within ${2}m upon reaching the destination.
10110300298	Controls the target for ${1}s, dealing damage equal to ${2}% of its Max Life each second. If the target dies during this time, restores ${3}% of the caster's Max Life.
10110300299	Deals damage equal to ${2}% of Max Life to targets above ${1}% Life; instantly kills targets below ${3}% Life and increases the caster's Physical ATK and Magic ATK by ${4}% for ${5}s
10110300300	Grants Endure, making you immune to crowd control, knock-up, and knockback for ${1} seconds.
10110300301	Knocks back all enemies within ${1}m of you when used.
10110300302	The dragon summons drakes in the outer area and drakes carrying energy orbs toward the boss in the inner area. If an inner-area drake reaches its destination, the boss gains a stack of a damage-increasing buff.
10110300303	The dragon takes flight and prepares to bombard both sides of the arena with fiery breath.
10110300304	The dragon leaps to the edge of the arena and summons a wall of fire that moves forward.
10110300305	The dragon breathes fire across the full-screen. Players who aren't behind an intact shield will be killed instantly.
10110300306	Charges a full-screen attack for @{1}s. Deals no damage.
10110300307	The dragon flies low, continuously breathing fireballs.
10110300308	Pick up the Dragon Scales dropped by the fire dragon
10110300309	Discard the Dragon Scales dropped by the fire dragon
10110300310	Build a shield wall with Dragon Scales
10110300311	Carry a fire shell from the ammunition crate
10110300312	Repair the damaged Turret
10110300313	Board the prepared Turret
10110300314	Launch a shell at the target!
10110300315	Leave the Turret
10110300316	Load the shell into the Turret
10110300317	Discard the shell being carried
10110300318	Switch to launching ice shells
10110300319	Switch to launching fire shells
61600	Preparation Phase
61601	Contest Phase
61602	Battle Preparation Phase
61603	Stronghold Battle
61604	Base Defense
61605	Rally!
61606	Attack!
61607	Commander Marker
61608	Party Marker
61609	Marking
61610	Can Mark
61611	Cannot Be Marked
61612	Another faction is currently using this.
10110300333	Spits upward, then after a @{1}-second warning, 【Unidentified Digestive Matter】 falls from the sky at several random locations, dealing A damage within a circular area with a @{2}-meter radius. 【Unidentified Digestive Matter】 lasts @{3}s and slows players and monsters within it
10110300334	After a @{1}-second warning, damages players within a circular area with a five-meter radius around itself and applies 【Stomach Acid Corrosion】
10110300335	Sprays its stomach acid, applying a high-damage DoT to all players within @{1} meters for @{2}s. Contact with 【Unidentified Digestive Matter】 removes this buff
10110300336	Creates @{1} rectangular AoEs measuring @{2} by @{3}, centered on itself, damaging enemies within and applying 【Stomach Acid Corrosion】
10110300337	After a brief cast, summons several Thief Bugs to follow and attack
10110300338	Enrages itself and all Thief Bugs, increasing their Attack Speed and Movement Speed
10110300339	Delivers a heavy blow to the currently targeted player within the grid
10110300340	Drops a meteor at the locations of the @{1} farthest players
10110300341	Use Lope to clear the obstacle
10110300342	After use, increases PATK and MATK by @{1}%.
10110300343	After use, increases DMG Reduction by @{1}% and grants Endure.
10110300344	After use, reduces Cooldown reduction by @{1}%.
10110300345	After use, increases CRIT Chance by @{1}% and CRIT DMG by @{2}%.
10110300346	After use, increases MSPD by @{1}%.
10110300347	After use, restores @{1}% HP.
10110300348	After use, creates a magnetic field in the selected Guild Battlefield that continuously affects every player's Move.
10110300349	After use, creates a Chain in the selected Guild Battlefield, inflicting Movement Disabled on all players.
10110300350	After use, creates a Nightmare Mystery Box in the selected Guild Battlefield. All players Cannot use skill.
10110300351	After use, creates squid ink in the selected Guild Battlefield, obstructing every player's vision.
10110300352	After use, increases the selected Guild Battlefield Boss's DEF.
10110300353	After use, causes the selected Guild Battlefield Boss to Enter Berserk.
10110300354	After use, creates Sticky Mucus in the selected Guild Battlefield. Reduces MSPD. for all players.
10110300355	After use, generates multiple compressed shockwaves in the selected Guild Battlefield, inflicting Knock-Up on all players multiple times.
10110300356	After use, creates a talisman in the current Guild Battlefield, granting Endure to all players.
10110300357	(No translation required)
10110300358	Board this vehicle.
10110300359	Deals extremely High Damage in a rectangular area ahead.
10110300360	Lope to the target area, dealing High Damage.
10110300361	Deals 2 hits of High Damage to the target area, with a Chance to inflict Frozen.
10110300362	Controls the Madogear Pilot to swing its weapon at enemies ahead in a three-hit combo. The first hit deals ^{1}@{3}%^{2} damage to up to @{2} enemies within @{1} meters, the second deals ^{3}@{6}%^{4} damage to up to @{5} enemies within @{4} meters, and the third deals ^{5}@{9}%^{6} damage to up to @{8} enemies within @{7} meters and inflicts ^{7}Slow^{8}.
10110300363	Controls the Madogear Pilot to charge @{1} meters, ^{1}knocking back^{2} enemies in its path and dealing ^{3}@{3}%^{4} damage to up to @{2} enemies within range.
10110300364	Controls the Madogear Pilot to slam the ground, dealing ^{1}@{3}%^{2} damage to up to @{2} enemies within @{1} meters and inflicting ^{3}Slow^{4} for @{4} seconds.
10110300365	Controls the Madogear Pilot to spin its weapon, dealing ^{1}@{3}%^{2} damage to up to @{2} enemies within @{1} meters.
10110300366	Grants the Madogear Pilot an Orbit for @{1} seconds, granting allies within @{2} meters ^{1}Increased Movement Speed^{2} while the Madogear Pilot gains @{3}% ^{3}Damage Reduction^{4}.
10110300367	Controls the Madogear Pilot to leap into the air and slam the ground, dealing ^{1}@{3}%^{2} damage to up to @{2} enemies within @{1} meters and ^{3}knocking them back^{4}.
10110300368	Gains DMG Reduction, periodically Deals DMG to nearby enemies and inflicts Burn.
10110300369	Gains Accelerate, periodically Deals low DMG to nearby enemies and inflicts Slow.
10110300370	Provides continuous Healing to allies in a large area.
10110300371	Gains DMG Reduction
10110300372	Gains ATK.
10110300373	Summon Madogear Pilot
10110300374	Operate the Turret to attack with shells.
10110300375	Use to leap back onto the city wall.
10110300376	Use to leap down from the city wall.
10110300377	Grants Endure to yourself and all allies within a @{1}-meter radius, making them immune to crowd control, knock-up, and knockback effects for @{2} seconds.
10110300378	Increases the STR, INT, and DEX of yourself and allies within a @{1}-meter radius by @{2} for @{3} seconds.
10110300379	Revive up to @{2} fallen allies within a @{1}-meter radius with @{3}% HP and MP.
10110300380	Summons up to @{1} guild members on the same map to the caster.
10110300381	Phreeoni spits upward, causing multiple masses of Unidentified Digestive Matter to fall around itself and damage players on HIT. Players within the Unidentified Digestive Matter are slowed by @{1}% and gain one stack of 【Stomach Acid Corrosion】 every second.
10110300382	Phreeoni detonates the acid around itself, damaging players on HIT and applying 【Stomach Acid Corrosion】.
10110300383	Phreeoni sprays its stomach acid, applying 【Stomach Acid Corrosion】 to players within a large area around itself.
10110300384	Phreeoni releases acid forward, damaging players on HIT.
10110300385	Permanently increases Physical ATK by ^{1}${1}^{2} and DEX by ^{3}${2}^{4}.
10110300386	Permanently increases Physical ATK by ^{1}${1}^{2}, AGI by ^{3}${2}^{4}, and Attack Speed by ^{5}${3}%^{6}.
10110300387	Bow-exclusive skill. Fires 2 Arrows simultaneously, dealing ${2} hits of PATK * ^{1}${3}% + ${4}^{2} Neutral Ranged Physical DMG to the designated ST enemy within ${1} meters.
10110300388	Bow-exclusive skill. Fires a dense volley of Arrows, dealing PATK * ^{1}${4}% + ${5}^{2} Neutral Ranged Physical DMG to up to ${3} enemies in a target area with a radius of ${2} meters within ${1} meters of you.
10110300389	Bow-exclusive skill. Launch a Charge Arrow at the designated ST enemy within ${1} meters, dealing PATK * ^{1}${2}% + ${3}^{2} Neutral Ranged Physical DMG and inflicting ^{3}【Knockback】^{4} for ${4} meters.
10110300390	Increases your DEX by ^{1}${1}^{2} and AGI by ^{3}${2}^{4}, and reveals ^{5}Hidden^{6} enemies within a Distance of ${3} meters for ${4} seconds.
10110300391	You can rent a ^{1}【Falcon】^{2} to aid you in battle.
10110300392	Can only be cast while the Falcon is in Follow mode. Commander the Falcon to Initiate an assault on a designated distant target, dealing PATK * ^{1}${4}% + ${5}^{2} Neutral Ranged Physical DMG to the designated ST enemy within ${1} meters and up to ${3} Other enemies within ${2} meters of the target. Every ^{3}${6}^{4} AGI increases this DMG by ^{5}${7}%^{6}. When using a Basic Attack, the Falcon has a ^{7}${8}%^{8} Chance to cast ^{9}【Blitz Beat】^{10} on the enemy, dealing ^{11}${9}%^{12} of the original skill's Neutral Ranged Physical DMG.
10110300393	Can only be cast while the Falcon is in Follow mode. After casting, increases your DEX by ^{1}${1}^{2} and AGI by ^{3}${2}^{4}. The Falcon reveals enemies using ^{5}Hiding^{6} within a ${3}-meter radius of you for ${4} seconds.
10110300394	Increases damage against Brute Race and Insect Race enemies by ^{1}${1}%^{2}.
10110300395	Increases the percentage damage coefficient of ^{1}【Blitz Beat】^{2} by ^{3}${1}%^{4}.
10110300396	Places an Anklesnare within ${1}m. When an enemy enters the Trap's ${2}m trigger radius, it explodes, dealing Physical ATK*^{1}${5}%+${6}^{2} Earth ranged Physical damage to up to ${4} enemies within a ${3}m radius and inflicting ^{3}^{4}【Immobilize】^{5}^{6} for ${7}^{7} sec. The Trap lasts ${8} sec.
10110300397	Places a Claymore Trap within ${1}m. When an enemy enters the Trap's ${2}m trigger radius, it explodes, dealing Physical ATK*^{1}${5}%+${6}^{2} Fire ranged Physical damage to up to ${4} enemies within a ${3}m radius. The Trap lasts ${7} sec.
10110300398	Places a Freezing Trap within ${1}m. When an enemy enters the Trap's ${2}m trigger radius, it explodes, dealing Physical ATK*^{1}${5}%+${6}^{2} Water ranged Physical damage to up to ${4} enemies within a ${3}m radius and inflicting ^{3}^{4}【Freeze】^{5}^{6} for ${7} sec. The Trap lasts ${8} sec.
10110300399	Places a Flasher within ${1}m. When an enemy enters the Trap's ${2}m trigger radius, it explodes, dealing Physical ATK*^{1}${5}%+${6}^{2} Wind ranged Physical damage to up to ${4} enemies within a ${3}m radius and inflicting ^{3}^{4}【Blind】^{5}^{6} for ${7} sec. The Trap lasts ${8} sec.
10110300400	Grants yourself and up to ${2} allies within a ${1}m radius ^{1}${3}%^{2} Movement Speed and ^{3}${4}^{4} FLEE for ${5} sec.
10110300401	Can only be cast while the Falcon is in Follow mode. Use the Falcon to perform Concentration, dealing PATK * ^{1}${2}% + ${3}^{2} Neutral Ranged Physical DMG to the designated ST enemy within ${1} meters.
10110300402	Grants yourself ^{1}${1}^{2} to all base stats, ^{3}${2}^{4} HIT, and ^{5}${3}%^{6} Physical damage for ${4} sec.
10110300403	Bow-exclusive skill. Unleashes a powerful attack against the designated ST enemy within ${1} meters, dealing PATK * ^{1}${3}% + ${4}^{2} Neutral Ranged Physical DMG to the target and up to ${2} enemies in a line within Attack Range.
10110300404	Increases damage against Brute, Plant, and Fish Race enemies by ^{1}${1}%^{2}, and reduces damage taken from Brute, Plant, and Fish Race enemies by ^{3}${2}%^{4}.
10110300405	Bow-exclusive skill. Rains down Arrows, dealing PATK * ^{1}${4}%^{2} Neutral Ranged Physical DMG to up to ${3} enemies in a target area with a radius of ${2} meters within ${1} meters of you (^{3}^{4}Agility Resonance ${5}%^{5}^{6}).
10110300406	While the effect lasts, when a targeted bow skill hits, the target has a ^{1}${1}%^{2} Chance to be struck by piercing arrows, taking ${2} hits of Neutral ranged Physical damage totaling Physical ATK*^{3}${3}%^{4}. Lasts ${4} sec.
10110300407	Bow-exclusive skill. Unleashes a powerful attack against the designated ST enemy within ${1} meters, dealing PATK * ^{1}${3}%^{2} Neutral Ranged Physical DMG to the target and up to ${2} enemies in a line within Attack Range.
10110300408	Calls upon the power of the god of hunting and archery, increasing Physical damage by ^{1}${1}%^{2} and Movement Speed by ^{3}${2}%^{4} for ${3} sec. During this time, the percentage damage multiplier of ^{5}^{6}【Aimed Shot】^{7}^{8} increases by ^{9}${4}%^{10}.
10110300409	Can only be cast while the Demonic Wolf is in Follow mode. Commands the wolf to Sense threats, revealing enemies using ^{1}Hiding^{2} within ${1} meters of the Ranger for ${2} seconds.
10110300410	The Ranger can rent a loyal Demonic Wolf. While mounted on the Demonic Wolf, Movement Speed increases by ^{1}${1}%^{2} and Normal Attack becomes ^{3}^{4}【Warg Strike】^{5}^{6}. When the Demonic Wolf is not mounted and follows the Ranger, it howls every ${2} sec, increasing the Ranger's Physical ATK by ^{7}${3}%^{8} for ${4} sec.
10110300411	Can be used while riding the Demonic Wolf. Commands the Demonic Wolf to Charge the designated ST target within ${1} meters, dealing PATK * ^{1}${2}%^{2} Neutral Melee Physical DMG (^{3}^{4}Agility Resonance ${10}%^{5}^{6}). If you are riding the Demonic Wolf, inflicts ^{7}^{8}【Stun】^{9}^{10} on the target for ${3} seconds, grants you a ^{11}${4}%^{12} Physical DMG Bonus, and reduces the target's healing received by ^{13}${5}%^{14} for ${6} seconds. Additionally, every ${7} seconds, using Focused Arrow Strike casts this skill on the target, dealing PATK * ^{15}${11}%^{16} Neutral Ranged Physical DMG and inflicting ^{17}【Slow】^{18} by ${8}% for ${9} seconds.
10110300412	Bow-exclusive skill. Fires a hurricane Arrow in the designated direction across a ${1}-meter by ${2}-meter area, continuously dealing PATK * ^{1}${4}%^{2} Neutral Ranged Physical DMG to up to ${3} enemies in its path. While the skill is Active, MSPD increases by ^{3}${5}%^{4}.
10110300413	Commands the Ghost Wolf to attack, dealing ${1}% Neutral ranged Physical damage to one enemy unit. Every ${2}% Attack Speed grants an Extra ${3}% increase to this skill's damage multiplier.
10110300414	While mounted on the Demonic Wolf, Physical ATK increases by ^{1}${1}%^{2}, and the percentage damage multipliers of 【Warg Charge】, 【Warg Bite】, and 【Warg Hunt】 increase by ^{3}${2}%^{4}.
10110300415	Can only be used and take effect while mounted on the Demonic Wolf. The Demonic Wolf howls loudly and enters the ^{3}【King of the Pack】^{4} state for ^{1}${1}^{2} sec. During this time, casting 【Warg Charge】 causes ${2} wolf followers to charge alongside you, dealing ${2} Extra hits of Neutral melee Physical damage totaling Physical ATK*^{5}${3}%^{6} to the target. Casting 【Warg Bite】 causes ${4} wolf followers to bite the target, dealing ${4} hits of Neutral melee Physical damage totaling Physical ATK*^{7}${5}%^{8}. 【Warg Hunt】 becomes ^{9}^{10}【Enhanced Warg Hunt】^{11}^{12}.
10110300416	Can only be used while mounted on the Demonic Wolf. Commands ${1} wolf followers to attack the designated ST target within ${2}m, dealing ${3} hits of Neutral melee Physical damage totaling Physical ATK*^{1}${4}%^{2}. If you are more than ${5}m from the target, you also dash in front of it.
10110300417	Can only be used while mounted on the Demonic Wolf. Commands the Demonic Wolf to bite the designated ST target within ${1}m, dealing Physical ATK*^{1}${2}%^{2} Neutral melee Physical damage and resetting the Cooldown of 【Warg Hunt】.
10110300418	Can only be used while mounted on the Demonic Wolf. Casting 【Warg Charge】 or 【Warg Hunt】 resets this skill's Cooldown. Commands the Demonic Wolf to dash ${1}m in the designated direction and increases your Movement Speed by ^{1}${2}%^{2} for ${3} sec. When this skill reaches Lv. @{1}, after casting 【Warg Charge】 or 【Warg Hunt】, your next movement instead casts this skill in the movement direction.
10110300419	Can only be used while mounted on the Demonic Wolf. Casting 【Warg Charge】 or 【Warg Hunt】 resets this skill's Cooldown. Commands the Demonic Wolf to dash ${1}m in the designated direction and increases your Movement Speed by ^{1}${2}%^{2} for ${3} sec. After casting 【Warg Charge】 or 【Warg Hunt】, your next movement instead casts this skill in the movement direction.
10110300420	Targets a fallen ally within ${1}m. After successfully casting, Revives the ally and restores @{1}% of their Life and MP.
10110300421	The Starshatter Dragon spreads its wings and soars toward a glorious future!
10110300422	Treasure Hunting
10110300423	Mining
10110300424	Logging
10110300425	Normal Attack @{1}
10110300426	Golden Thief Bug marks multiple players and Launches fireballs at them after @{1} sec, damaging the targets and nearby players.
10110300427	Golden Thief Bug harnesses the power of lava and Launches magma at multiple nearby players, damaging players hit.
10110300428	Earthquake
10110300429	Break Free from Maya's Bind
10110300430	Jump into the Cave to Rescue Bobo
10110300431	Check on Bobo
10110300432	Free the Shaking Ant Egg
10110300433	Help the fallen Professor to their feet.
10110300434	Open the Treasure in Maya's Nest
10110300435	Ride the Deniro
10110300436	Dismount the Deniro
10110300437	Feed the Deniro Fluorescent Supplies
10110300438	Collect the fluorescent substance
10110300439	Try to Ride the Deniro
10110300440	Use the Turret
10110300441	Poring blows a bubble, creating a ^{1}Bubble Shield^{2} for its master that lasts ${2} sec.
10110300442	Angeling summons three Self-Destruct Porings nearby. The Self-Destruct Porings explode after @{1} sec, damaging players in a large surrounding area.
10110300443	After a @{1}-sec warning, deals damage in a circular area with an @{2}m radius.
10110300444	Angeling marks multiple players. After @{1} sec, a light magic circle appears beneath each marked player, dealing damage every second to players inside for @{2} sec.
10110300445	Golden Thief Bug marks multiple players and Launches fireballs at them after @{1} sec, damaging the targets and nearby players.
10110300446	Golden Thief Bug harnesses the power of lava and Launches magma at multiple nearby players, damaging players hit.
10110300447	Golden Thief Bug summons @{1} Thief Bugs to assist it. Their Basic Attacks inflict 【Paralyze】, reducing the target's Attack Speed by @{2}% for @{3} sec.
10110300448	Golden Thief Bug increases its own and all summoned Thief Bugs' damage by @{1}% and Attack Speed by @{2}%, but also increases their damage taken by @{3}% for @{4} sec.
10110300449	Deviling summons three Bombrings nearby. The Bombrings explode after @{1} sec, damaging players in a large surrounding area.
10110300450	Deviling marks multiple players. After @{1} sec, a dark magic circle appears beneath each marked player, dealing damage every second to players inside for @{2} sec.
10110300451	Orc Hero lets out an enraged roar, damaging nearby players and reducing their Attack Speed by @{1}% for @{2} sec.
10110300452	Orc Hero surrounds himself with blades, continuously damaging nearby players.
10110300453	Orc Hero summons three greatswords that fall from the sky, dealing heavy damage to players hit. The greatswords remain on the ground for @{1} sec and continuously damage nearby players. When they disappear, they explode and deal heavy damage to nearby players.
10110300454	Detonates the greatswords on the ground, dealing heavy damage to players near them.
10110300455	Orc Hero slashes the ground, sending three fan-shaped shockwaves outward that damage players hit. This skill is cast repeatedly.
10110300456	Maya Launches a cross-shaped blade wave forward, damaging players hit.
10110300457	Maya sweeps her blade forward, dealing DMG to players in a large fan-shaped area ahead, then turns around and uses the skill again.
10110300458	Maya releases three clouds of Petrify mist nearby. Each cloud damages players inside every second.
10110300459	Maya summons a sandstorm, dealing minor damage to players throughout a large surrounding area.
10110300460	Pulls enemies inward toward yourself, damaging enemies hit and inflicting 【Gastric Acid Corrosion】.
10110300461	Deals Physical ATK*^{1}${2}%+${3}^{2} as Neutral melee Physical damage to the targeted ST enemy within ${1}m.
10110300462	Strike the enemy with full force, dealing Physical ATK*^{1}${2}%+${3}^{2} Neutral melee Physical damage to the specified ST enemy within ${1} meters.
10110300463	Use First Aid on yourself, restoring a fixed ^{1}${1}^{2} ^{3}Life^{4}.
10110300464	Deals Physical ATK * ^{1}${2}%^{2} Neutral melee Physical damage to the targeted ST enemy within ${1} meters.
10110300465	Deals PATK * ^{1}${2}%^{2} Neutral melee Physical DMG to the designated ST enemy within ${1} meters. If you are more than ${6} meters from the target, you also Charge directly in front of it. After casting this skill @{1} times, the next 【Warg Strike】 becomes ^{3}^{4}【Empowered Warg Strike】^{5}^{6}. This skill's cast speed is unaffected by ASPD, but every ${3}% ASPD grants an Extra ^{7}${4}%^{8} Skill Damage Multiplier, up to ${5}% ASPD.
10110300466	Deals PATK * ^{1}${2}%^{2} Neutral melee Physical DMG to the designated ST enemy within ${1} meters. If you are more than ${6} meters from the target, you also Charge directly in front of it. This skill's cast speed is unaffected by ASPD, but every ${3}% ASPD grants an Extra ^{3}${4}%^{4} Skill Damage Multiplier, up to ${5}% ASPD.
10110300467	A powerful strike unique to Swordsman classes that deals Physical ATK*^{1}${2}%+${3}^{2} Neutral melee Physical DMG to a designated ST enemy within ${1} meters.
10110300468	You can place certain buff skills on the Skill Bar. When you use the Skill Bar, all available skills in the Lineup will be cast.
10110300469	A Mage-exclusive heavy strike that deals Physical ATK * ^{1}${2}% + ${3}^{2} Neutral ranged Physical damage to the designated ST enemy within ${1} meters.
10110300470	Deals PATK * ^{1}${2}%^{2} Neutral Ranged Physical DMG to the designated ST enemy within ${1} meters.
10110300471	A powerful strike unique to Archer classes that deals Physical ATK*^{1}${2}%+${3}^{2} Neutral ranged Physical damage to a target enemy (ST) within ${1} meters.
10110300472	A signature heavy strike unique to Acolyte classes that deals Physical ATK *^{1}${2}%+${3}^{2} Neutral ranged Physical damage to a designated ST enemy within ${1} meters.
10110300473	A powerful strike unique to Thief classes that deals Physical ATK*^{1}${2}%+${3}^{2} Neutral melee Physical damage to the specified ST enemy within ${1} meters.
10110300474	A powerful strike unique to Merchants that deals Physical ATK*^{1}${2}%+${3}^{2} Neutral melee Physical damage to the selected ST enemy within ${1} meters.
10110300475	Can only be cast while riding the Madogear Pilot. Pilot the Madogear and swing its iron fist, dealing PATK * ^{1}${2}%^{2} Neutral Ranged Physical DMG to the designated ST enemy within ${1} meters.
10110300476	When cast, removes the master's ^{1}^{2}【Debuffs】^{3}^{4} and grants ^{5}^{6}【Crowd Control Immunity】^{7}^{8} for ${1} sec. The Death Witch then tears open a ${2}m-long void rift ahead, dealing @{1} hits of ^{9}Adaptive ATK^{10}*^{11}${4}%^{12} Neutral ranged ^{13}Adaptive Damage^{14} to up to ${3} enemies. Each enemy hit restores ^{15}Adaptive ATK^{16}*^{17}${5}%^{18} ^{19}Life^{20}.
10110300477	When a ^{1}Dispel-type^{2} Primary Battle Skill is cast, restores ^{3}${1}% of the owner's Max HP^{4}.
10110300478	The Death Witch summons a giant scythe to crash down, dealing her Magic ATK*^{1}${4}%^{2} Neutral ranged Magic damage to the designated ST enemy within ${1}m and up to ${3} enemies within ${2}m of the target. Enemies hit receive ^{3}${5}%^{4} less healing and have their Magic DEF reduced by ^{5}${6}%^{6} for ${7} sec.
10110300479	Death Witch deals Physical ATK*^{1}{2}%^{2} Neutral melee Physical damage to the designated ST enemy within ${1} meters.
10000200000	UI_Sys_Card_@{1}.prefab
10110300481	For ${1} seconds after casting a ^{1}Healing-type^{2} or ^{3}Dispel-type^{4} Primary Battle Skill, when the owner Deals DMG, restores ^{5}Adaptive Attack^{6} * ^{7}${4}%^{8} ^{9}HP^{10} to this unit and up to ${3} allies within a ${2}-meter radius. (This effect has a ${5}-second Cooldown.)
10110300482	Aliot ^{1}pulls in^{2} up to ${2} enemies within ${1} meters and continuously Deals DMG, dealing a total of Aliot's PATK * ^{3}${3}%^{4} Neutral melee Physical DMG and converting the damage coefficient * ^{5}${4}%^{6} into ^{7}Healing^{8} for Aliot.
10110300483	Elio deals Physical ATK*^{1}${2}%^{2} Neutral melee Physical damage to the designated ST enemy within ${1} meters.
10110300484	Is restores ^{1}Adaptive ATK^{2}*^{3}${3}%^{4} ^{5}Life^{6} to self and up to ${2} allies within ${1} meters, and applies ^{7}^{8}[Serpent's Protection]^{9}^{10} for ${4} seconds.
10110300485	For ${1} seconds after casting a ^{1}Buff-type^{2} Primary Battle Skill, increases the DMG Reduction of the owner and up to ${3} allies within a ${2}-meter radius by ^{3}${4}%^{4}.
10110300486	Is summons intertwining, agile serpent shadows, granting self and up to ${2} allies within ${1} meters a shield equal to each target's Max Life*^{1}${3}%^{2} for ${4} seconds. While the shield is active, Physical and Magic DEF increase by ^{3}${5}%^{4}.
10110300487	Is deals Physical ATK*^{1}${2}%^{2} Neutral ranged Physical damage to the designated ST enemy within ${1} meters.
10110300488	Eve slashes the designated ST enemy within ${1} meters with her giant scythe @{1} times, then throws it, dealing @{3} hits to up to @{2} targets in a ^{1}${2}^{2}*^{3}${3}^{4}-meter rectangular area ahead. Deals a total of ^{5}Adaptive ATK^{6}*^{7}${4}%^{8} Neutral melee ^{9}Adaptive Damage^{10} and reduces Physical and Magic DEF by ^{11}${5}%^{12} for ${6} seconds.
10110300489	Extends the Buff duration of ^{1}Debuff-type^{2} Primary Battle Skills by ${1} seconds.
10110300490	Eve spins her scythe, dealing a total of Physical ATK*^{1}${3}%^{2} Neutral melee damage to up to ${2} enemies within ${1} meters. Hit enemies' Physical and Magic DEF decrease by ^{3}${4}%^{4} for ${5} seconds.
10110300491	Eve deals Physical ATK*^{1}${2}%^{2} Neutral melee Physical damage to the designated ST enemy within ${1} meters.
10110300492	Angeling summons a radiant halo, restoring ^{1}Adaptive ATK^{2}*^{3}${3}%^{4} ^{5}Life^{6} to up to ${2} allies within ${1} meters and granting the master a ${4}-meter-radius ^{7}[Radiant Ring]^{8}. Allies within the area receive ^{9}${5}%^{10} more healing and periodically recover ^{11}Adaptive ATK^{12}*^{13}${6}%^{14} ^{15}Life^{16} for ${7} seconds.
10110300493	Reduces the Cooldown of ^{1}Healing-type^{2} Primary Battle Skills by ${1} seconds.
10110300494	Angeling restores ^{1}${3}%^{2} ^{3}Life^{4} to self and up to ${2} allies within ${1} meters.
10110300495	Angeling deals Physical ATK*^{1}${2}%^{2} Neutral melee Physical damage to the designated ST enemy within ${1} meters.
10110300496	Fox Immortal summons a refreshing breeze in a ${1}-meter-by-${2}-meter rectangular area ahead, dealing a total of ^{1}Adaptive ATK^{2}*^{3}${4}%^{4} Neutral ranged ^{5}Adaptive Damage^{6} to up to ${3} enemies. Hit enemies deal ^{7}${5}%^{8} less Wind damage, while the master's damage increases by ^{9}${6}%^{10} for ${7} seconds.
10110300497	Increases the Maximum Number of Targets for ^{1}Debuff-type^{2} or ^{3}Control-type^{4} Primary Battle Skills by ${1} (the number of designated targets for ST skills remains unchanged), but reduces the Skill Damage Multiplier by ^{5}${2}%^{6}.
10110300498	Fox Immortal summons a refreshing breeze in a ${1}-meter-by-${2}-meter rectangular area ahead, dealing Magic ATK*^{1}${4}%^{2} Neutral ranged Magic damage to up to ${3} enemies. Hit enemies deal ^{3}${5}%^{4} less Wind damage for ${6} seconds.
10110300499	Fox Immortal deals Magic ATK*^{1}${2}%^{2} Neutral melee Physical damage to the designated ST enemy within ${1} meters.
10110300500	Summons Baphomet Jr. to a designated location within ${1} meters, dealing ^{1}Adaptive ATK^{2}*^{3}${4}%^{4} Neutral ranged ^{5}Adaptive Damage^{6} to up to ${3} enemies within ${2} meters and applying a ^{7}${5}%^{8} ^{9}[Slow]^{10} for ${6} seconds. If a target is already ^{11}[Slowed]^{12}, there is a ^{13}${7}%^{14} Chance to apply the Extra ^{15}[Immobilize]^{16} effect for ${8} seconds.
10110300501	Extends the Debuff duration of ^{1}Debuff-type^{2} Primary Battle Skills by ${1} seconds.
10110300502	For the next ${1} seconds, increases own Attack Speed by ${2}% and grants Basic Attacks a ${3}% Chance to trigger ^{1}^{2}[Cursed Slash]^{3}^{4}.
10110300503	Deals Physical ATK*^{1}${3}%^{2} Neutral melee Physical damage to up to ${2} enemies within a ${1}-meter radius and applies ^{3}^{4}[Curse]^{5}^{6} to hit enemies for ${4} seconds.
10110300504	Baphomet Jr. deals Physical ATK*^{1}${2}%^{2} Neutral melee Physical damage to the designated ST enemy within ${1} meters.
10110300505	Bobo blows a bubble, granting the master a ^{5}Bubble Shield^{6} equal to ^{1}Adaptive ATK^{2}*^{3}${1}%^{4} for ${2} seconds.
10110300506	After casting a ^{1}Shield-type^{2} Primary Battle Skill, if the owner's ^{3}HP^{4} is below ^{5}${1}%^{6}, increases the owner's PDEF and MDEF by ^{7}${2}%^{8} for ${3} seconds.
10110300507	Bobo grants up to @{1} allies within ${1} meters a ^{3}Bubble Shield^{4} equal to Bobo's Max HP * ^{1}${2}%^{2} for ${3} seconds.
10110300508	Bobo deals Physical ATK*^{1} to the designated ST enemy within ${1} meters.
10110300509	Cat o' Nine-Tail swings its Bell down on the enemy, dealing ^{1}${1}%^{2} Neutral melee Physical damage.
10110300510	Cat o' Nine-Tail spins continuously, dealing @{1} hits for a total of Pet Physical ATK*^{1}${3}%^{2} Neutral melee Physical damage to up to ${2} enemies within ${1} meters. Dealing damage applies ^{3}^{4}[Curse]^{5}^{6} to the target for ${4} seconds.
10110300511	When casting a ^{1}Buff-type^{2} Primary Battle Skill, the next hit received by up to ${2} enemies within ${1} meters of the owner Deals ^{3}${3}%^{4} more DMG. Lasts ${4} seconds.
10110300512	After charging up, Cat o' Nine-Tail slams the designated ST enemy within ${1} meters, dealing a total of the master's ^{1}Adaptive ATK^{2}*^{3}${2}%^{4} Neutral melee ^{5}Adaptive Damage^{6}. For ${3} seconds, the master's next ${4} instances of damage deal ^{7}${5}%^{8} more damage.
10110300513	After charging up, Cat o' Nine-Tail slams the designated ST enemy within ${1} meters, dealing a total of ^{1}${2}%^{2} Neutral melee ^{3}Adaptive Damage^{4}. For ${3} seconds, the master's next ${4} instances of damage deal ^{5}${5}%^{6} more damage.
10110300514	Zherlthsh attacks, dealing a total of the master's ^{1}Adaptive ATK^{2}*^{3}${3}%^{4} Neutral melee ^{5}Adaptive Damage^{6} to up to ${2} enemies within ${1} meters of the target area, and grants the master ^{7}^{8}[Zherlthsh's Execution]^{9}^{10}, increasing damage dealt by ^{11}${4}%^{12} for ${5} seconds.
10110300515	Zherlthsh attacks, dealing a total of ^{1}${3}%^{2} Neutral melee ^{3}Adaptive Damage^{4} to up to ${2} enemies within ${1} meters of the target area, and grants the master ^{5}^{6}[Zherlthsh's Execution]^{7}^{8}, increasing damage dealt by ^{9}${4}%^{10} for ${5} seconds.
10110300516	Zherlthsh attacks with her Whip, dealing a total of PATK * ^{1}${5}%^{2} Neutral melee Physical DMG to ${2} designated enemies within ${1} meters of the target area and up to ${4} targets within a ${3}-meter radius of them. Grants her a ^{3}${6}%^{4} DMG Bonus for ${7} seconds, and the final hit inflicts ^{5}${8}^{6} meters of Knockback.
10110300517	When any ^{1}type of^{2} Primary Battle Skill is cast, the owner gains ^{3}^{4}【Esen's Execution】^{5}^{6}, granting a ${1}% DMG Bonus for ${2} seconds.
10110300518	When any ^{1}type of^{2} Primary Battle Skill is cast, the owner gains ^{3}^{4}【Esen's Slaughter】^{5}^{6}, granting a ${1}% DMG Bonus for ${2} seconds. Also Deals @{1} instances of Extra DMG to the target equal to the Primary Battle Skill's Total DMG * @{2}%.
10110300519	High Orc slashes the enemy, dealing ^{1}${1}%^{2} Neutral melee Physical damage.
10110300520	High Orc roars, dealing a total of Pet Physical ATK*^{1}${3}%^{2} Neutral melee Physical damage to up to ${2} enemies within ${1} meters and increasing the melee damage dealt by up to ${5} allies within ${4} meters by ^{3}${6}%^{4} for ${7} seconds.
10110300521	Increases the Skill Damage Multiplier of ^{1}Offensive-type^{2} Primary Battle Skills by ^{3}${1}%^{4}.
10110300522	High Orc stomps the ground, dealing the master's ^{1}Adaptive ATK^{2}*^{3}${3}%^{4} Neutral melee ^{5}Adaptive Damage^{6} to up to ${2} enemies within ${1} meters of the master and increasing the damage dealt by up to ${5} allies within ${4} meters of High Orc by ^{7}${6}%^{8} for ${7} seconds.
10110300523	High Orc stomps the ground, dealing ^{1}${3}%^{2} Neutral melee ^{3}Adaptive Damage^{4} to up to ${2} enemies within ${1} meters of the master and increasing the damage dealt by up to ${5} allies within ${4} meters of High Orc by ^{5}${6}%^{6} for ${7} seconds.
10110300524	Miguel Initiates an attack, dealing a total of the owner's ^{1}Adaptive Attack^{2} * ^{3}${3}%^{4} Neutral melee ^{5}Adaptive Damage^{6} to ${2} designated enemies within ${1} meters. Also grants the owner ^{7}^{8}【Raging Gale】^{9}^{10}, providing an ^{11}${4}%^{12} DMG Bonus for ${5} seconds.
10110300525	Miguel attacks, dealing a total of ^{1}${3}%^{2} Neutral melee ^{3}Adaptive Damage^{4} to ${2} designated enemies within ${1} meters and increasing the master's damage dealt by ^{5}${4}%^{6} for ${5} seconds.
10110300526	Miguel attacks, dealing Pet Physical ATK*^{1}${3}%^{2} Neutral melee Physical damage to ${2} designated enemies within ${1} meters and ^{3}^{4}[Stunning]^{5}^{6} them for ${4} seconds, while dispelling their [Shield] effects.
10110300527	When casting an ^{1}Offensive-type^{2} Primary Battle Skill, increases that skill's Crit Chance by ^{3}${1}%^{4}. If the target's HP is below ${2}%, the skill is guaranteed to CRIT.
10110300528	Goat grants the owner ^{1}【Savage Shield】^{2}^{3} equal to the owner's Max HP * ^{4}${2}%^{5}. While the Shield is Active, reduces Ranged Physical DMG taken by ^{6}${3}%^{7}. Lasts ${4} seconds.
10110300529	Goat grants the master ^{1}^{2}[Savage Shield]^{3}^{4} within a ${1}-meter radius. The shield equals the master's Max Life*^{5}${2}%^{6} and reduces ranged Physical damage taken by ^{7}${3}%^{8} while active. Lasts ${4} seconds.
10110300530	Goat grants ^{1}[Barbarian Protection]^{2} to up to ${2} allies within a ${1}-meter radius. The shield equals Goat's Max Life*^{3}${3}%^{4} and reduces ranged Physical damage taken by ^{5}${4}%^{6} while active. Lasts ${5} seconds.
10110300531	Extends the duration of Shields granted by ^{1}Shield-type^{2} Primary Battle Skills by ${1} seconds.
10110300532	Geographer spins rapidly, dealing ^{1}${1}%^{2} Neutral melee Magic damage to the enemy.
10110300533	Geographer calls upon the power of the earth, raising the surrounding ground and dealing a total of Pet Magic ATK*^{1}${3}%^{2} Neutral melee Magic damage to up to ${2} enemies within ${1} meters.
10110300534	When an ^{1}Offensive-type^{2} Primary Battle Skill Deals DMG, it has a ^{3}${1}%^{4} Chance to inflict ^{5}^{6}【Stun】^{7}^{8} on the enemy for ${2} seconds.
10110300535	Geographer spins rapidly, dealing the master's ^{1}Adaptive ATK^{2}*^{3}${3}%^{4} Neutral melee ^{5}Adaptive Damage^{6} to up to ${2} enemies within ${1} meters of the master and knocking them back ${4} meters.
10110300536	Geographer spins rapidly, dealing ^{1}${3}%^{2} Neutral melee ^{3}Adaptive Damage^{4} to up to ${2} enemies within ${1} meters of the master and knocking them back ${4} meters.
10110300537	After briefly charging, Bongun strikes forward, dealing ^{1}${1}%^{2} Neutral melee Physical damage to the enemy.
10110300538	Bongun claps both hands together to unleash demonic energy, dealing Pet Physical ATK*^{1}${3}%^{2} Neutral melee Physical damage to up to ${2} enemies within ${1} meters, plus a total of Pet Physical ATK*^{3}${4}%^{4} Poison melee Physical damage.
10110300539	When an ^{1}Offensive-type^{2} or ^{3}Control-type^{4} Primary Battle Skill scores a Kill, restores the owner's HP by ^{5}Adaptive Attack^{6} * ^{7}${1}%^{8}.
10110300540	Bongun claps its hands together to unleash demonic energy, dealing Neutral melee ^{5}adaptive damage^{6} equal to the master's ^{1}Adaptive ATK^{2}*^{3}${3}%^{4} to up to ${2} enemies within ${1} meters of the master, plus Poison melee ^{11}adaptive damage^{12} totaling the master's ^{7}Adaptive ATK^{8}*^{9}${4}%^{10}.
10110300541	Bongun claps its hands together to unleash demonic energy, dealing ^{1}${3}%^{2} Neutral melee ^{3}adaptive damage^{4} to up to ${2} enemies within ${1} meters of the master, plus ^{5}${4}%^{6} Poison melee ^{7}adaptive damage^{8} in total.
10110300542	Choco leaps up and scratches an enemy, dealing ^{1}${1}%^{2} Neutral Physical damage to an ST target.
10110300543	Choco lets out an encouraging cheer, increasing the Physical ATK and Magic ATK of up to ${2} allies within ${1} meters by ^{1}${3}%^{2} for ${4} seconds.
10110300544	Extends the Buff duration of ^{1}Buff-type^{2} Primary Battle Skills by ^{3}${1}^{4} sec.
10110300545	Choco lets out an encouraging cheer, increasing the master's Attack Speed by ^{1}${1}%^{2} for ${2} seconds.
10110300546	Unleashes blades from its body, dealing Neutral melee ^{5}adaptive damage^{6} equal to the master's ^{1}Adaptive ATK^{2}*^{3}${2}%^{4} to up to @{1} enemies within a ${1}-meter radius, and grants the master ^{7}^{8}Control Immunity^{9} ^{10} for ${3} seconds.
10110300547	When casting a ^{1}Buff-type^{2} or ^{3}Shield-type^{4} Primary Battle Skill, grants the owner ^{5}^{6}Immunity^{7} ^{8} for ${1} sec.
10110300548	The Mutant roars loudly, dealing Neutral melee Physical damage equal to Pet Physical ATK*^{1}${3}%^{2} to up to ${2} enemies within a ${1}-meter radius, then increasing its Life Steal by ${4}%. Its Normal Attacks also trigger Extra area damage, dealing the same damage as the Normal Attack to the target and up to @{2} enemies within @{1} meters of it for ${5} seconds.
10110300549	Mummy uses Cursed Attack, dealing Neutral ranged ^{5}adaptive damage^{6} equal to the master's ^{1}Adaptive ATK^{2}*^{3}${4}%^{4} to up to ${3} enemies in a targeted area with a ${2}-meter radius within ${1} meters, and granting the master 【Evil Curse】 for ${5} seconds. When the master Kills an enemy, casts ^{7}^{8}【Malicious Curse】^{9}^{10} at that enemy's location. Can trigger up to ${6} times.
10110300550	When an ^{1}Offensive-type^{2} Primary Battle Skill Deals DMG, casts ^{3}^{4}【Mummy's Curse】^{5}^{6} on the target. This effect can only trigger once per Primary Battle Skill.
10110300551	Summons cursed spirits all around, dealing @{1} hits of Neutral ranged magic damage totaling Pet Magic ATK*^{1}${3}%^{2} to up to ${2} enemies within a ${1}-meter radius and inflicting ${5}% ^{3}【Slow】^{4} for ${4} seconds. Increases the caster's Physical and Magic DEF by ^{5}${6}%^{6} for ${7} seconds.
10110300552	Deals Neutral ranged ^{5}adaptive damage^{6} equal to ^{1}Adaptive ATK^{2}*^{3}${3}%^{4} to up to ${2} enemies within a ${1}-meter radius of the target location.
10110300553	When casting a ^{1}Shield-type^{2} or ^{3}Dispel-type^{4} Primary Battle Skill, reduces the DMG the owner takes from players' Normal Attack-type skills by ^{5}${2}%^{6} for the next ${1} sec.
10110300554	Sohee unleashes spectral power, dealing Neutral ranged magic damage equal to Pet Magic ATK*^{1}${3}%^{2} every @{1} seconds to up to ${2} enemies within a ${1}-meter radius, and gains a shield equal to Pet Magic ATK*^{3}${4}%^{4} and ^{5}^{6}【Control Immunity】^{7} ^{8} for ${5} seconds.
10110300555	Sohee grants the master a shield equal to the master's Max HP*^{1}${1}%^{2}. While the shield persists, damage taken is reduced by ^{3}${2}%^{4}. Lasts ${3} seconds.
10110300556	Corrupted Wander Man slashes, dealing ranged Neutral ^{5}adaptive damage^{6} equal to the master's ^{1}Adaptive ATK^{2}*^{3}${4}%^{4} to up to ${3} enemies in a targeted area with a ${2}-meter radius within ${1} meters, and inflicts 【Turbid Soul Impact】: reduces Physical and Magic DEF by ^{7}${5}%^{8} for ${6} seconds.
10110300557	When casting ^{1}any type^{2} of Primary Battle Skill, triggers 【Slash】: Deals Neutral melee ^{7}Adaptive Damage^{8} equal to the owner's ^{3}Adaptive Attack^{4}*^{5}${3}%^{6} to up to ${2} enemies within a ${1}-meter radius, and inflicts 【Corrupted Soul Impact】: reduces Physical and Magic DEF by ${4}% for ${5} sec.
10110300558	Deals Neutral melee Physical damage equal to Pet Physical ATK*^{1}${4}%^{2} to up to ${3} enemies in a ${1}-meter-by-${2}-meter rectangular area ahead, and increases nearby allies' Crit Chance by ^{3}${5}%^{4} for ${6} seconds.
10110300559	Multiplies 【Turbid Soul Impact】's DEF reduction by ^{1}${1}^{2} and additionally inflicts ^{3}^{4}【Stun】^{5}^{6} for @{2} seconds on enemies above @{1}% HP. If the target's HP is no higher than @{3}% or the target was not Stunned, reduces its Physical and Magic ATK by ^{7}${2}%^{8} for ${3} seconds.
10110300560	Grants 【Shadow Hoofprint】 to up to ${2} allies within a ${1}-meter radius of the master, increasing Movement Speed by ^{1}${3}%^{2} and Physical and Magic ATK by ^{3}${4}%^{4} for ${5} seconds.
10110300561	When casting a ^{1}Recovery-type^{2} or ^{3}Buff-type^{4} Primary Battle Skill, reduces the Physical and Magic ATK of up to ${2} enemies within a ${1}-meter radius of the owner by ^{5}${3}%^{6} and inflicts ^{7}【Sluggish】^{8} ${4}% for ${5} sec.
10110300562	Deals Neutral melee Physical damage equal to Pet Physical ATK*^{1}${3}%^{2} to up to ${2} enemies within a ${1}-meter radius and reduces their Physical DEF by ^{3}${4}%^{4} for ${5} seconds.
10110300563	Bokba unleashes a barrage, dealing @{2} hits of Neutral ranged ^{5}adaptive damage^{6} totaling the master's ^{1}Adaptive ATK^{2}*^{3}${4}%^{4} every @{1} seconds to up to ${3} enemies in a targeted area with a ${2}-meter radius within ${1} meters. Each hit reduces the target's healing dealt and received by ^{7}${5}%^{8} for ${6} seconds.
10110300564	When casting a ^{1}Shield-type^{2} Primary Battle Skill, Deals Neutral Ranged ^{7}Adaptive Damage^{8} equal to the owner's ^{3}Adaptive Attack^{4}*^{5}${3}%^{6} to up to ${2} enemies within ${1} meters of the owner and reduces their Healing Done and Healing Taken by ^{9}${4}%^{10} for ${5} sec.
10110300565	Fires repeatedly, dealing Neutral ranged Physical damage totaling Pet Physical ATK*^{1}${4}%^{2} to up to ${3} enemies in a ${1}-meter-by-${2}-meter rectangular area ahead, reducing their healing dealt and received by ^{3}${5}%^{4} and Crit Resistance by ^{5}${6}^{6} for ${7} seconds.
10110300566	Nightmare appears, dealing Neutral ranged ^{5}adaptive damage^{6} equal to the master's ^{1}Adaptive ATK^{2}*^{3}${4}%^{4} to up to ${3} enemies in a targeted area with a ${2}-meter radius within ${1} meters, and inflicts ^{7}^{8}【Immobilize】^{9}^{10} and ^{11}^{12}【Blind】^{13}^{14} for ${5} seconds.
10110300567	When an ^{1}Offensive-type^{2} or ^{3}Control-type^{4} Primary Battle Skill Deals DMG, inflicts ^{5}^{6}【Immobilize】^{7}^{8} and ^{9}^{10}【Blind】^{11}^{12} on enemies hit for ${1} sec.
10110300568	Nightmare stomps the ground, dealing Neutral melee Physical damage equal to Pet Physical ATK*^{1}${3}%^{2} to up to ${2} enemies within a ${1}-meter radius ahead, and inflicts ^{3}^{4}【Immobilize】^{5}^{6} and ^{7}^{8}【Silence】^{9}^{10} for ${4} seconds.
10110300569	Sarah Irene unleashes a Multi-hit Flame Fist, dealing @{1} hits of Neutral Ranged ^{5}Adaptive Damage^{6} totaling the owner's ^{1}Adaptive Attack^{2}*^{3}${2}%^{4} to the selected ST enemy within ${1} meters and increasing the Fire Damage they take by ${4}% for ${3} sec. The owner gains 【Flame Fist】 for ${5} sec: when Deals DMG, deals @{2} hits of Fire Ranged ^{11}Adaptive Damage^{12} totaling the owner's ^{7}Adaptive Attack^{8}*^{9}${6}%^{10} to the enemy. Internal Cooldown: ${7} sec.
10110300570	When an ^{1}Offensive-type^{2} or ^{3}Debuff-type^{4} Primary Battle Skill Deals DMG to an enemy, it deals an Extra @{1} hits of Fire Ranged ^{9}Adaptive Damage^{10} totaling the owner's ^{5}Adaptive Attack^{6}*^{7}${1}%^{8} to the target.
10110300571	Deals Neutral ranged magic damage equal to Pet Magic ATK*^{1}${4}%^{2} to up to ${3} enemies in a ${1}-meter-by-${2}-meter rectangular area ahead, with a ${5}% Chance to additionally deal @{1} hits of Fire ranged magic damage totaling Pet Magic ATK*^{3}${6}%^{4}.
10110300572	Curses up to ${2} enemies within ${1} meters of the master, reducing their Cast Speed by ^{1}${3}^{2} for ${4} seconds.
10110300573	When an ^{1}Offensive-type^{2} or ^{3}Control-type^{4} Primary Battle Skill Deals DMG, reduces the Cast Speed of enemies hit by ^{5}${1}^{6} and increases their MP Cost by ^{7}${2}%^{8} for ${3} sec.
10110300574	Consumes ${1}% of current HP to Curse nearby enemies, reducing the Physical and Magic DEF of up to ${3} enemies within a ${2}-meter radius by ^{1}${4}%^{2} for ${5} seconds. For the next ${6} seconds, damage dealt increases by ^{3}${7}%^{4} for every @{1}% HP lost, up to ${8}%, for ${9} seconds.
10110300575	Ancient Tree Entanglement pulls up to ${2} enemies within a ${1}-meter radius toward the caster and deals Neutral melee ^{5}adaptive damage^{6} equal to the master's ^{1}Adaptive ATK^{2}*^{3}${3}%^{4}.
10060100000	Acolyte
10060100001	Priest
10060100002	Monk
10060100003	High Priest
10060100004	Archbishop
10060100005	Merchant
10060100006	Blacksmith
10060100007	Mastersmith
10060100008	Mechanic
10060100009	Crusader
10060100010	Paladin
10060100011	Royal Guard
10060100012	Archer
10060100013	Hunter
10060100014	Bard
10060100015	Dancer
10060100016	Sniper
10060100017	Ranger
10060100018	Novice
10060100019	Swordsman
10060100020	Knight
10060100021	Lord Knight
10060100022	Rune Knight
10060100023	Thief
10060100024	Assassin
10060100025	Rogue
10060100026	Assassin Cross
10060100027	Guillotine Cross
10060100028	Mage
10060100029	Wizard
10060100030	Sage
10060100031	High Wizard
10060100032	Warlock
10110300609	For ${1} sec after casting an ^{1}Offensive-type^{2} or ^{3}Recovery-type^{4} Primary Battle Skill, the owner gains ^{5}${2}^{6} Cast Speed.
10110300610	Restores ^{1}${3}%^{2} of Max ^{3}Life^{4} to you and up to ${2} allies within ${1}m, and increases all targets' ^{5}Movement Speed by ${4}%^{6} for ^{7}${5} sec.
10110300611	Milly deals Neutral ranged Physical damage equal to Physical ATK *^{1}${2}%^{2} to the designated ST enemy within ${1} meters.
10110300612	Clock turns the dial, dealing Neutral ranged magic damage equal to Magic ATK *^{1}${3}%^{2} to up to ${2} enemies within ${1} meters, with a ${4}% Chance to inflict the^{3} ^{4}【Silence】^{5} ^{6}status for ${5} seconds.
10110300613	When casting an ^{1}Immunity-type^{2} Primary Battle Skill, extends the duration of its Immunity Buff by ^{3}${1}^{4} sec.
10110300614	When the bell tolls, Clock removes all control effects from its master and grants ${1} sec. of ^{1}^{2}【Control Immunity】^{3}^{4}. It also has a ^{5}${2}%^{6} Chance to inflict ^{9}^{10}【Silence】^{11}^{12} for ^{7}${5}^{8} sec. on up to ${4} enemies within ${3} meters of its master.
10110300615	When the bell tolls, Clock removes all control effects from its master and, for ${1} seconds, becomes ^{1}immune to all control effects^{2}. It also has a ^{3}${2}%^{4} Chance to inflict ^{5}${5}^{6} seconds of ^{7}^{8}【Silence】^{9}^{10} on up to ${4} enemies within ${3} meters of its master.
10110300616	Fire Ninja Shinobi appears beside its master and uses a ninja art, removing control effects from its master and granting them ^{1}^{2}【Control Immunity】^{3}^{4} for ${1} seconds. It also moves its master ${2} meters in the designated direction, then increases their Movement Speed by ^{5}${4}%^{6} and grants Stealth for ${3} seconds (dealing damage or taking damage ${5} times during Stealth ends the effect).
10110300617	^{1}Offensive-type^{2} and ^{3}Recovery-type^{4} Primary Battle Skills can be cast while under Control. They Dispel Control from the owner and grant ^{5}^{6}【Immunity】^{7}^{8} for ${1} sec.
10110300618	Fire Ninja Shinobi hurls a series of Dynamite blasts around itself, sequentially dealing Neutral ranged Physical damage equal to Pet Physical ATK * ^{1}${2}%^{2} to up to ${3} enemies within ${1}, ${4}, and ${5} meters and ^{3}knocking them back^{4}. The final hit also reduces the targets' Physical and Magic ATK by ^{5}${6}%^{6} for ${7} seconds.
10110300619	Silver Moon Witch Summons Moonlight to strike the selected location, dealing Neutral Ranged ^{5}Adaptive Damage^{6} equal to the owner's ^{1}Adaptive Attack^{2}*^{3}${4}%^{4} to up to ${3} enemies within the designated ${2}-meter-radius area within ${1} meters of the owner. For the next ${5} sec, hitting an enemy has a ^{7}${6}%^{8} Chance to grant the owner ^{9}^{10}【Moonlight】^{11}^{12}, increasing damage by ^{13}${7}%^{14} for ${8} sec. This DMG Bonus is guaranteed if the target hit is more than ${9} meters away from You.
10110300620	When an ^{1}Offensive-type^{2} Primary Battle Skill hits, increases the Ranged Damage the target takes by ^{3}${2}%^{4} for ${1} sec.
10110300621	The Silver Moon Witch summons moonlight to strike enemies, increasing the ranged damage of up to ${3} allies within ${7} meters by ^{1}${5}%^{2} for ${6} seconds and dealing Neutral ranged magic damage equal to Pet Magic ATK * ^{3}${4}%^{4} to up to ${3} enemies within a ${1}-meter by ${2}-meter area in front of her.
10110300622	The Silver Moon Witch summons moonlight to strike enemies, increasing the ranged damage of up to ${3} allies within ${2} meters by ^{1}${5}%^{2} for ${6} seconds and dealing Neutral ranged magic damage equal to Pet Magic ATK * ^{3}${4}%^{4} to up to ${3} enemies in a ${1}-meter-by-${2}-meter area in front of her.
10110300623	Demon Maid appears beside the master, removing their control effects and granting them ^{1}^{2}[Control Immunity]^{3}^{4} for ${1} seconds. She deals Neutral melee ^{9}Adaptive Damage^{10} equal to the master's ^{5}Adaptive ATK^{6}*^{7}${4}%^{8} to up to ${3} enemies within a ${2}-meter radius and inflicts ^{11}^{12}[Silence]^{13}^{14} on enemies hit for ${6} seconds.
10110300624	When casting a ^{1}Dispel-type^{2} or ^{3}Immunity-type^{4} Primary Battle Skill, inflicts ^{5}^{6}【Silence】^{7}^{8} on up to ${2} enemies within ${1} meters of the owner for ${3} sec.
10110300625	The Demon Maid uses Launch to fire “Charming Sweetheart” at an ST enemy within ${2} meters and up to ${4} enemies within ${3} meters of the target, dealing Neutral ranged magic damage equal to Pet Magic ATK*^{1}${1}%^{2} and inflicting ${5} sec of ^{3}^{4}【Stun】^{5}^{6}.
10110300626	After the Wildcat Knight takes to the air, it dives at the target area, dealing the Master's^{1} Adaptive ATK^{2} * ^{3}${4}%^{4} Neutral melee ^{5}Adaptive DMG^{6} to up to ${3} enemies within a ${2}-meter radius inside a designated area within ${1} meters of the Master, and grants the Master a 【Vanguard Shield】 equal to the Master's Max Life * ^{7}${5}%^{8}. Each enemy HIT grants the Master an Extra 【Vanguard Shield】 equal to the Master's Max Life * ^{9}${5}%^{10} for ${6} sec., stacking up to ${7} times.
10110300627	When casting a ^{1}Shield-type^{2} or ^{3}Dispel-type^{4} Primary Battle Skill, gains one 【Vanguard Shield】 equal to Max HP*^{5}${1}%^{6} for each nearby member of the Enemy Team. Lasts ${2} sec and stacks up to ${3} times.
10110300628	Gain ${1} stacks of Shield, each equal to your Max HP*^{1}${2}%^{2}, then charge toward the target area and ram back and forth. Each hit Deals Neutral melee Physical damage equal to PATK*^{3}${6}%^{4} to up to ${5} enemies in a ${3}-meter-by-${4}-meter area in the designated direction. Each hit grants an Extra ${7} Shield stacks, up to ${8} stacks, lasting ${9} sec.
10110300629	The Demon Attendant appears beside its master and grants them 【Demonic Aura】 for ${2} seconds. 【Demonic Aura】: Reduces damage taken from all elements by ^{1}${5}%^{2}. Every ${7} seconds, deals Neutral melee ^{7}Adaptive Damage^{8} equal to the master's ^{3}Adaptive ATK^{4}*^{5}${3}%^{6} to up to ${6} enemies within ${1} meters.
10110300630	When casting a ^{1}Buff-type^{2} Primary Battle Skill, grants the owner 【Demonic Aura】 for ${1} sec: reduces all Elemental Damage taken by ^{3}${2}%^{4} and, every ${3} sec, Deals Neutral melee ^{9}Adaptive Damage^{10} equal to the owner's ^{5}Adaptive Attack^{6}^{7}${6}%^{8} to up to ${5} members of the Enemy Team within ${4} meters.
10110300631	Summons Demon Flame, dealing Neutral melee Magic damage equal to the enemy's Max HP*^{1}${3}%^{2} to up to ${2} enemies within a ${1}-meter radius, up to the Pet's MATK*^{3}${4}%^{4}, and inflicting 【Demonic Corrosion】: reduces all Elemental DMG Bonuses by ^{5}${5}%^{6} for ${6} sec.
10110300632	Chimera summons a Holy Light Field for its master. Every ${1} sec., it grants the master and up to ${3} allies within ${2} meters a shield equal to the master's Max Life * ^{1}${4}%^{2}. While active, the master can gain ^{3}^{4}[Control Immunity]^{5}^{6} ${5} times. The Holy Light Field lasts ${6} sec.
10110300633	When casting a ^{1}Shield-type^{2} or ^{3}Immunity-type^{4} Primary Battle Skill, reduces the damage dealt by up to ${2} enemies within ${1} meters of the owner by ^{5}${3}%^{6} for ${4} sec.
10110300634	Concentrate light to increase nearby allies' Magic ATK by ^{1}${2}%^{2} for ${1} seconds, then Launch a light wave that deals Neutral ranged magic damage equal to Magic ATK*^{3}${6}%^{4} to up to ${5} enemies within a ${3}m*${4}m area ahead. This damage ignores shields.
10110300635	When the Active Skill is cast, the master gains a 【Fairy Shield】 equal to Max Life * ^{1}${1}%^{2} for ${3} seconds. Exclusive Trigger: 【Fairy Shield】's shield value is increased to ^{3}${2}%^{4}. While 【Fairy Shield】 is active, the master gains ^{5}^{6}【Debuff Immunity】^{7}^{8}.
10110300636	The Fairy Enchantress performs the Dance of Immortal Grace, granting up to ${4} allies within ${1} meters a shield equal to ^{1}${2}%^{2} of her Max Life for ${3} seconds. While the shield is active, they gain ^{3}^{4}【Debuff Immunity】^{5}^{6}.
10110300637	The Evil Nymph performs a graceful dance, granting her master ^{1}^{2}【Debuff Immunity】^{3}^{4} for ${1} sec and 【Evil Nymph's Shield】 for ${2} sec. 【Evil Nymph's Shield】: A shield equal to the master's Max Life*^{5}${3}%^{6}.
10110300638	When casting ^{1}any type^{2} of Primary Battle Skill, grants the owner 【Fairy Shield】 equal to ^{3}${1}%^{4} of Max HP for ${3} sec.
10110300639	【Fairy Shield】's shield value is increased to ^{1}${2}%^{2}. While 【Fairy Shield】 is active, the owner^{3}^{4}【is immune to debuffs】^{5}^{6}.
10110300640	Piamette summons a Bunny Doll, increasing the master's Physical and Magic DEF by ^{1}${2}%^{2} for ${1} sec. During this time, if the master is attacked while their Life is below ${3}% of Max Life, restores Life equal to Max Life * ^{3}${4}%^{4}. Can only trigger once per duration.
10110300641	Increases the Maximum Number of Targets of ^{1}Recovery-type^{2} and ^{3}Offensive-type^{4} Primary Battle Skills by ${1} (the number of designated targets for ST skills remains unchanged), but reduces Healing and damage dealt to each target by ^{5}${2}%^{6}.
10110300642	Increases the Maximum Number of Targets of ^{1}Recovery-type^{2} and ^{3}Offensive-type^{4} Primary Battle Skills by ${1}. (The number of designated targets for ST skills remains unchanged.)
10110300643	Deals Neutral ranged magic damage equal to Magic ATK^{1}${3}%^{2} to up to ${7} enemies in a designated area with a ${2}-meter radius within ${1} meters of you, reducing their Physical and Magic DEF by ${4}% for ${6}s^{3}^{4} and giving them a ${5}% Chance to suffer one random effect for ${8}s^{5}:^{6}【Freeze】^{7}^{8} ^{9}^{10}【Petrify】^{11}^{12} ^{13}^{14}【Stun】^{15}^{16}.
10110300644	Summons Bloody Butterfly to continuously flap its wings, creating a storm at the target location that Deals Neutral Ranged ^{5}Adaptive Damage^{6} equal to the owner's ^{1}Adaptive Attack^{2}*^{3}${4}%^{4} to up to ${3} enemies within the designated ${2}-meter-radius area within ${1} meters of the owner. Each hit restores HP to the owner equal to the owner's ^{7}Adaptive Attack^{8}*^{9}${5}%^{10}. The final hit Deals Neutral Ranged ^{15}Adaptive Damage^{16} equal to the owner's ^{11}Adaptive Attack^{12}*^{13}${7}%^{14} and restores HP to the owner equal to the owner's ^{17}Adaptive Attack^{18}*^{19}${8}%^{20}.
10110300645	Increases the direct damage and direct Healing Done of ^{1}Offensive-type^{2} and ^{3}Recovery-type^{4} Primary Battle Skills by ^{5}${1}%^{6}.
10110300646	Bloody Butterfly dances, dealing @{1} hits of Neutral Ranged Magic damage equal to the Pet's MATK*^{1}${3}%^{2} to up to ${2} enemies within ${1} meters, then Deals Neutral Ranged Magic damage equal to the Pet's MATK*^{3}${7}%^{4} to up to ${6} enemies in a ${4}-meter-by-${5}-meter area ahead. Each hit restores Life equal to ${8}% of its Skill Damage Multiplier.
10110300647	Retribution summons the Executioner's Sword, dealing its master's ^{1}Adaptive ATK^{2}*^{3}${4}%^{4} as Neutral ranged ^{5}Adaptive Damage^{6} to up to ${3} enemies in a designated area with a ${2}-meter radius within ${1} meters of its master and ^{7}knocking them into the air^{8} for ${7} seconds. Its master also gains the ^{9}【Execution】^{10} effect for ${5} seconds. ^{11}【Execution】^{12}: On HIT, has a ${8}% Chance to inflict ${6}% ^{13}【Slow】^{14} for ${9} seconds.
10110300648	Extends the Control duration of ^{1}Control-type^{2} Primary Battle Skills against the Enemy Team by ^{3}${1}^{4} sec.
10110300649	Retribution summons a sword formation, dealing Neutral ranged Physical damage equal to Pet Physical ATK * ^{1}${4}%^{2} to up to ${3} enemies within a ${2}-meter-radius target area located within ${1} meters, reducing their Physical and Magic ATK by ^{3}${5}%^{4}, Physical and Magic DEF by ^{5}${5}%^{6}, and inflicting ^{7}【Slow】^{8} by ${6}% for ${7} seconds.
10110300650	Vocal begins singing, healing up to ${3} allies within ${2} meters of its master for a total of the master's ^{1}Adaptive ATK^{2}*^{3}${4}%^{4} Life.
10110300651	When casting a ^{1}Recovery-type^{2} Primary Battle Skill, additionally restores HP to the owner equal to Max HP*^{3}${1}%^{4}.
10110300652	Vocal begins singing, healing up to ${3} allies within a ${2}-meter radius for *^{1}${4}%^{2} of their maximum Life.
10110300653	Medusa opens her eyes, continuously dealing Neutral ranged ^{5}adaptive damage^{6} equal to her master's ^{1}Adaptive ATK^{2} * ^{3}${3}%^{4} to up to ${2} enemies within a ${1}-meter-radius cone in the specified direction and inflicting ^{7}^{8}【Petrify】^{9}^{10} for ${4} seconds. For the next ${5} seconds, whenever the master's Normal Attack-type skills HIT a target, they have a ${6}% Chance to inflict ^{11}^{12}【Petrify】^{13}^{14} for ${7} seconds. This effect has a ${8}-second Cooldown.
10110300654	When a ^{1}Control-type^{2} Primary Battle Skill Deals DMG, it has a ^{3}${1}%^{4} Chance to inflict ^{5}^{6}【Petrify】^{7}^{8} on the target for ${2} sec. For the next ${3} sec, the owner's DMG Bonus against enemies affected by ^{9}^{10}【Petrify】^{11}^{12} or ^{13}^{14}【Sluggish】^{15}^{16} increases by ^{17}${4}%^{18}.
10110300655	Medusa releases a silver snake that ricochets between enemies, dealing Magic ATK*^{1}${2}%^{2} Neutral ranged magic damage to the first enemy within ${1}m and Magic ATK*^{3}${3}%^{4} Neutral ranged magic damage to subsequent targets. Ricochets up to ${4} times. Each HIT has a ^{5}${5}%^{6} Chance to inflict ^{7}^{8}【Petrify】^{9}^{10} for ${6} seconds.
10110300656	Medusa deals Neutral ranged Physical damage equal to Physical ATK * ^{1}${2}%^{2} to a single target within ${1} meters.
10110300657	The Goddess of Hope swings her spear, dealing ^{1}${1}%^{2} Neutral melee Physical damage to the enemy.
10110300658	Goddess of Hope briefly gathers flames before charging forward, dealing Neutral melee Physical damage equal to PATK*^{1}${4}%^{2} to up to ${3} enemies in a ${1}-meter-by-${2}-meter area in the designated direction. Grants the owner ^{3}【Divine Hope】^{4} for ${5} sec: increases Physical DEF and MDEF by ^{5}${6}%^{6}. While Active, the owner's HP cannot fall below ^{7}${7}%^{8}.
10110300659	When casting ^{1}any type^{2} of Primary Battle Skill, grants the owner ^{3}【Divine Hope】^{4}, increasing Physical DEF and MDEF by ^{5}${1}%^{6} for ${2} sec.
10110300660	The Goddess of Hope slashes through the air with a dark blade, dealing Neutral melee ^{5}Adaptive Damage^{6} equal to the master's ^{1}Adaptive ATK^{2}*^{3}${3}%^{4} to up to ${2} enemies within a ${1}-meter radius of the target area, and grants the master ^{7}【Divine Hope】^{8}, increasing Physical and Magic DEF by ^{9}${4}%^{10} for ${5} seconds.
10110300661	^{1}【Divine Hope】^{2} has an area effect and applies to up to ${2} allies within a ${1}-meter radius of the owner. Only the owner additionally gains HP Lock while ^{3}【Divine Hope】^{4} is Active, preventing their HP from falling below ^{5}${3}%^{6}. Cooldown: ${4} sec.
10110300662	Miyabi Doll rapidly swings both arms, dealing Neutral melee Physical damage equal to Physical ATK*^{1}${1}%^{2} to the enemy.
10110300663	When casting a ^{1}Shield-type^{2} or ^{3}Immunity-type^{4} Primary Battle Skill, grants ^{5}^{6}【Endure】^{7}^{8} to up to ${2} allies within a ${1}-meter radius of the owner for ${3} sec.
10110300664	Miyabi Doll offers a prayer of the soul, granting ^{1}^{2}【Endure】^{3}^{4} for ${3} seconds and ^{5}^{6}【Crowd-Control Immunity】^{7}^{8} for ${4} seconds to up to ${2} allied players within a ${1}-meter radius of the master.
10110300665	Miyabi Doll recites an incantation, increasing the Physical and Magic ATK of up to ${2} nearby allies within a ${1}-meter radius by ^{1}${3}%^{2} for ${4} seconds and granting ^{3}^{4}【Endure】^{5}^{6} for ${5} seconds.
10110300666	The Watcher flaps its wings, dealing Neutral melee Physical damage equal to Physical ATK*^{1}${1}%^{2} to the enemy.
10110300667	Increases the Maximum Number of Targets of ^{1}Debuff-type^{2} and ^{3}Control-type^{4} Primary Battle Skills by ^{5}${1}^{6} (the number of designated targets for ST skills remains unchanged), but increases their Cooldown by ^{7}${2}^{8} sec.
10110300668	Increases the Maximum Number of Targets of ^{1}Debuff-type^{2} and ^{3}Control-type^{4} Primary Battle Skills by ^{5}${1}^{6}. (The number of designated targets for ST skills remains unchanged.)
10110300669	The Watcher summons a curtain of light, dealing total Neutral ranged Magic damage equal to Magic ATK*^{1}${3}%^{2} to up to ${2} enemies within a ${1}-meter radius, inflicting ^{3}^{4}【Immobilize】^{5}^{6} for ${4} seconds, and reducing Physical and Magic ATK by ^{7}${5}%^{8} for ${6} seconds.
10110300670	The Watcher observes the target area, dealing Neutral ranged ^{5}Adaptive Damage^{6} equal to the master's ^{1}Adaptive ATK^{2}*^{3}${3}%^{4} to up to ${2} enemies within a ${1}-meter radius of the target area and reducing their Physical and Magic ATK by ^{7}${4}%^{8} for ${5} seconds.
10110300671	The Headless Warrior slams the ground, dealing Neutral melee Physical damage equal to Physical ATK*^{1}${2}%^{2} to a designated ST enemy within ${1} meters.
10110300672	When casting a ^{1}Debuff-type^{2} or ^{3}Control-type^{4} Primary Battle Skill, the owner's Normal Attacks and skills deal Neutral melee ^{9}Adaptive Damage^{10} equal to the owner's ^{5}Adaptive Attack^{6}*^{7}${2}%^{8} to @{1} enemies for ${1} sec. Cooldown: ${3} sec.
10110300673	The Headless Knight summons a charging duplicate ahead, dealing Neutral melee Physical damage equal to Physical ATK*^{1}${1}%^{2} to up to ${6} enemies within a ${4}*${5} rectangular area. The master gains ^{3}${2}%^{4} damage reduction for ${3} seconds. Hitting a monster with this skill greatly increases its aggro toward the master.
10110300674	The Headless Warrior unleashes its fury, striking a designated area with a ${2}-meter radius within ${1} meters three times and dealing total Neutral melee ^{5}Adaptive Damage^{6} equal to the master's ^{1}Adaptive ATK^{2}*^{3}${4}%^{4} to up to ${3} enemies. For the next ${5} seconds, the master's Normal Attacks and skills deal Extra Neutral melee ^{11}Adaptive Damage^{12} equal to the master's ^{7}Adaptive ATK^{8}*^{9}${6}%^{10}. This effect has a ${7}-second Cooldown.
10110300675	The Rainbow Earth Dragon flicks the tip of its tail, dealing Neutral melee Physical damage equal to Physical ATK*^{1}${1}%^{2} to the enemy.
10110300676	Rainbow Ferus breathes flames, continuously dealing Neutral melee Physical damage equal to PATK*^{1}${4}%^{2} to up to ${3} enemies in a ${1}-meter-by-${2}-meter area in the designated direction.
10110300677	When an ^{1}Offensive-type^{2} or ^{3}Control-type^{4} Primary Battle Skill Deals DMG, it deals ${1} Extra hits of Fire melee ^{9}Adaptive Damage^{10} equal to the owner's ^{5}Adaptive Attack^{6}*^{7}${2}%^{8} to enemies damaged. Cooldown: ${3} sec.
10110300678	Rainbow Ferus breathes flames, continuously dealing Neutral melee ^{5}Adaptive Damage^{6} equal to the owner's ^{1}Adaptive Attack^{2}*^{3}${4}%^{4} to up to ${3} enemies in a ${1}-meter-by-${2}-meter area in the designated direction and reducing their damage dealt by ^{7}${5}%^{8} for ${6} sec.
10110300679	Baby Ktullanux rolls forward, dealing Neutral melee Physical damage equal to Physical ATK*^{1}${1}%^{2} to the enemy.
10110300680	Increases the Control duration of ^{1}Control-type^{2} Primary Battle Skills by ^{3}${1}^{4} sec.
10110300681	Garm Baby breathes wintry air, continuously dealing Neutral melee Physical damage equal to PATK*^{1}${4}%^{2} to up to ${3} enemies in a ${1}-meter-by-${2}-meter area in the designated direction, with a ^{3}${5}%^{4} Chance to inflict ^{5}^{6}【Frozen】^{7}^{8} for ${6} sec.
10110300682	Garm Baby breathes wintry air, continuously dealing Neutral melee ^{5}Adaptive Damage^{6} equal to the owner's ^{1}Adaptive Attack^{2}*^{3}${4}%^{4} to up to ${3} enemies in a ${1}-meter-by-${2}-meter area in the designated direction, with a ^{7}${5}%^{8} Chance to inflict ^{9}^{10}【Frozen】^{11}^{12} for ${6} sec.
10110300683	Squidgitte restores ^{5}Life^{6} equal to the master's ^{1}Adaptive ATK^{2}*^{3}${3}%^{4} to the master and up to ${2} allies within ${1} meters, and reduces the Water damage they take by ^{7}${4}%^{8} for ${5} seconds.
10110300684	After casting a ^{1}Recovery-type^{2} Primary Battle Skill, reduces the Water Damage the owner takes by ^{3}${1}%^{4} for ${2} sec.
10110300685	Squidgitte restores ^{3}Life^{4} equal to Magic ATK*^{1}${3}%^{2} to itself and up to ${2} allied targets within ${1} meters, reducing the Water damage they take by ^{5}${4}%^{6} for ${5} seconds.
10110300686	Squidgitte deals Neutral melee Physical damage equal to Physical ATK*^{1}${2}%^{2} to a designated ST enemy within ${1} meters.
10110300687	Alice restores ^{5}Life^{6} equal to the master's ^{1}Adaptive ATK^{2}*^{3}${3}%^{4} to herself and up to ${2} allies within ${1} meters, granting all targets ^{7}${4}%^{8} ^{9}damage reduction^{10} for ${5} seconds.
10110300688	Increases the direct Healing of ^{1}Recovery-type^{2} Primary Battle Skills by ^{3}${1}%^{4}.
10110300689	Alice restores ^{3}Life^{4} equal to the pet's Magic ATK*^{1}${3}%^{2} to herself and up to ${2} allies within ${1} meters, granting all targets ^{5}${4}%^{6} ^{7}damage reduction^{8} for ${5} seconds.
10110300690	Alice deals Neutral melee Physical damage equal to Physical ATK*^{1}${2}%^{2} to a designated ST enemy within ${1} meters.
10110300691	Monster Normal Attack
10110300692	Leaves a shadow in place. Cast in a selected direction to move ${1} meters in the opposite direction. Cast again within ${2} seconds to return to the shadow.
10110300693	Emerges from the other end of the Wormhole
10110300694	The BOSS throws @{1} phantom Kunai. If players are within @{2} meters of one another, the Kunai ricochet between them.
10110300695	Ricochets to an ally if one is within @{1} meters.
10110300696	BOSS cast animation; drop the blade mountain.
10110300697	Drop real blades.
10110300698	Drop fake blades.
10110300699	Blade Mountain.
10110300700	None
10110300701	Player casts a rectangular skill behind themselves.
10110300702	End Transform.
10110300703	Locate Orc Lord and use Auto Counter
10110300704	Drop blades around the BOSS.
10110300705	Drop blades directly in front of and behind the BOSS.
10110300706	Lock on to a player; lock on again after hitting, chaining up to three times. End if it misses.
10110300707	Pick up the giant blade dropped by Orc Lord and launch a counterattack
10110300708	Pick up the shield dropped by the Orc Lord to withstand the next attack.
10110300709	Flying Blade Check
10110300710	@{1}M warning circle.
10110300711	Drake Basic Attack
10110300712	Target three players and drop cannonballs on them.
10110300713	Summon puppet monsters.
10110300714	Gangplank barrel chain.
10110300715	Kunkka ultimate.
10110300716	Drake minion Basic Attack.
10110300717	Summon a circular water-pillar attack.
10110300718	Lu Bu's first skill.
61999	War of Emperium Entrance
62000	Profile
62001	Adventure History
62002	Card Display
62003	Book Display
62004	Card Collection Progress: ${1}/${2}
62005	Collection Level: Lv.${1}
62006	Guild:
62007	Server:
62008	No Books
62009	Like History
62010	Details
62011	Edit
62012	Basic Editing
62013	Portrait Frame
62014	Theme
62015	Portrait Frame
62016	Title
62017	Location
62018	Display Case
62019	Edit
62020	Share
62021	Save
62022	Show less
62023	Expand
