ID	English
13540000000	Level Increased
13540000001	Daily Login
13540000002	Card Objective - Insert Card
13540000003	Card Objective - Rank Up
66001	Invite ${1} to use the ${2} action?
66002	Interaction Invitation
66003	Player ${1} has invited you to use the ${2} action
66004	Reject
66005	Agree
66006	Waiting for Acceptance
66007	Waiting for player ${1} to accept the invitation
66008	${1} accepted your invitation
66009	${1} declined your invitation
66010	Failed to add to favorites
66011	Failed to set idle action
66012	Failed to play action
66013	Please select a player
66014	The Distance between you is too great to perform a Duo Action
66015	The other player is currently busy and cannot use Interaction
66016	Action ${1} Unlock Requirement: ${2}
66017	Collect
66018	Solo
66019	Duo
66020	Skills
66021	Idle Settings
66022	Edit
66023	Save
66024	You have no favorite actions. Tap Edit to enter Edit Mode and add actions to your favorites
66025	Select an action to set as your idle action
66026	Your favorite actions have not been saved. Close this screen?
66027	Cancel
66028	Close
66029	Actions cannot be played in your current state or location
66030	Confirm Save
66031	Idle actions cannot be added to favorites
66032	You are currently editing. Tap an action on another tab to save
66033	Your favorite actions have not been saved. Save and close this screen?
66034	Save and Exit
66035	Exit Without Saving
66036	Saved
66037	You're performing actions too frequently. Please try again later
66038	Resting in meditation
66039	Stopped meditating
66040	Cannot be used in combat
66041	Check an action to add it to your favorites. Press and hold to preview
66042	Actions cannot be performed in your current state
11720000000	Meditate
11720000001	Nine-Tone Mantra: Moon Dance
11720000002	Nine-Tone Mantra: Moon Chase
11720000003	Nine-Tone Mantra: Awaiting the Moon
11720000004	Placeholder
11720000005	Sit
11720000006	Hands on Hips
11720000007	Look Back
11720000008	Left Heart
11720000009	Right Heart
1000	${1}${2} X ${3}
1001	${1} X ${2}
1002	Confirm
1003	Cancel
1004	Currently unavailable. Coming soon.
1005	Friendly Reminder
1006	Delete
1007	Menu
1008	Backpack
1009	Function Menu
1010	Total Ratings
1011	_
1012	Tap to close
1013	"<sprite name=""common_arrow_07_02"">"
1014	Please wait. Processing…
1015	Rating ${1}
1016	Weapon
1017	Armor
1018	<color=#cc762a>${1}</color>
1019	<u>${1}</u>
1020	Exit
1021	Notice
1022	[${1}]
1023	Expand
1024	Show less
1025	Go
1026	How to Obtain
1027	"[<color=${1}><u><link=""${2}"">${3}</link></u></color>]"
1028	${1}d ${2}h ${3}m
1029	${1}h ${2}m
1030	Not Available
1031	Use
1032	、
1033	；
1034	<color=#b4a797>${1}</color>
1035	Edit Name
1036	Tap to enter a name
1037	Function Details
1038	Notice
1039	Rating
1040	Filter
1041	Already at the maximum value
1042	Already at the minimum value
1043	<color=#DD563F>%s</color>/%s
1044	<color=#DD563F>%s</color>
1045	Function locked
1046	Do not remind again
1047	Back
1048	${1}m ${2}s
1049	Obtained ${1} X ${2}
1050	Protocol mismatch. Please use the corresponding server version, or update both the client and server to the latest version!\nClient protocol:${1} \nServer protocol:${2}\n\n Click Go to continue playing
1051	Monday
1052	Tuesday
1053	Wednesday
1054	Thursday
1055	Friday
1056	Saturday
1057	Sunday
1058	In ${1}d ${2}h
1059	In ${1}d
1060	In ${1}h ${2}m
1061	In ${1}h
1062	In ${1}m
1063	In ${1}s
1064	${1}s
1065	：
1066	${1}m
1067	${1}h
1068	${1}d
1069	Failed to retrieve information.
1070	"<sprite name=""common_arrow_07_03"">"
1071	X${1}
1072	-
1073	Complete
11380000000	Wildlands
11380000001	Natural Land
11380000002	Dark Land
11380000003	Savage Hinterlands
11380000004	Forbidden Wilds
11380000005	Dark Domain
11380000006	Hidden Realm
11380000007	Normal
11380000008	Hard
11380000009	Final Trial
67000	Event
67001	Feature Preview
67002	Growth Support
16320001	Hunting Challenge
16320002	Skills refresh in ${1} seconds
16320003	Ranks 4-10
16320004	Ranks 11-20
16320005	Hunting Challenge - Preparation Phase
16320006	Closes automatically in ${1} seconds
16320007	Rewards
16320008	Group Rewards
16320009	Hunting Challenge
16320010	Speed Rankings
16320011	Deals DMG:
16320012	Battlefield Skill
16320013	Drag to select a target
16320014	Boss Appeared
16320015	Event Over
16320016	Event rewards have been sent to your mailbox.
16320017	Speedrun Report
16320018	Group Report
16320019	Entire Server Report
16320020	Last Battle Report
16320021	Rank
16320022	Guild
16320023	Deals DMG
16320024	Command Skill Kill
16320025	Commander Rating
16320026	Force Field Pull
16320027	Partywide Immobilize
16320028	Partywide Silence
16320029	Screen Obscuration
16320030	Baphomet PDEF Enhance
16320031	Baphomet Attack Enhance
16320032	Partywide Slow
16320033	Multiple Knockbacks
16320034	Partywide Endure
11210000000	Fruit Peel Hat
11210000001	Bread Bag Hat
11210000002	Egg Shell
11210000003	Army Cap
11210000004	Mage's Hat
11210000005	Student's Cap
11210000006	Afternoon Stroll · Warm Sunshine
11210000007	Sage's Stone Helm
11210000008	Black Cat Ears
11210000009	Urgent Treatment Needed
11210000010	Grand Peco Hair Accessory
11210000011	Bunny Hair Band
11210000012	Feather Bonnet
11210000013	Goggles
11210000014	Playful Lace Kitty Headband
11210000015	Drooping Cat
11210000016	Nurse Cap
11210000017	Deviruchi Hat
11210000018	Apple Headwear
11210000019	Theater Hat
11210000020	Banana Hat
11210000021	Sweetheart Tea Party · Soufflé
11210000022	Silverwing Covenant · Order
11210000023	Angel Wing
11210000024	Golden Headwear
11210000025	Evil Wing
11210000026	Helmet of Orc Hero
11210000027	Tiara
11210000028	Grand Circlet
11210000029	Pirate Captain's Hat
11210000030	Golden Coronet
11210000031	Crown
11210000032	Sphinx Hat
11210000033	Pointed Horn Headband
11210000034	Jewel Crown
11210000035	Majestic Goat
11210000036	Moonlight Flower Hat
11210000037	Vampire Hairpin
11210000038	Starfish Hairpin
11210000039	Night Thorn
11210000040	Rune Crown
11210000041	Sun God Helmet
11210000042	Poo Poo Hat
11210000043	Fox Mask
11210000044	World-Scorching Feather · Golden Crow
11210000045	Nine-Hued Sacred Melody · Apsara
11210000046	Sunglasses
11210000047	Blinker
11210000048	Night Judgment·Mask
11210000049	Banquet Invitation · Light
11210000050	Eye Patch
11210000051	Spinning Eyes
11210000052	Smiling Mask
11210000053	Blush
11210000054	Small Ribbons
11210000055	Lovely Sleep Mask
11210000056	Silverwing Covenant: Discipline
11210000057	Prank Mask
11210000058	Goblin Leader Mask
11210000059	Evil Wing Ears
11210000060	Angel Wing Earrings
11210000061	Worldscorch Feather·Brilliant Gold
11210000062	Nine-Tone Mantra · Elegance
11210000063	White Beard
11210000064	Chicken Beak
11210000065	Academy Journal: Recess
11210000066	Clown Nose
11210000067	Sweet Candy
11210000068	Romantic Leaf
11210000069	Lucky Clover
11210000070	Toast
11210000071	Baby Pacifier
11210000072	Flame Scarf
11210000073	Angry Snarl
11210000074	Pipe
11210000075	Fish In Mouth
11210000076	Master of the Game
11210000077	Kitty's Charge
11210000078	Night Judgment
11210000079	Dinner Date
11210000080	Afternoon Stroll
11210000081	Academy Journal
11210000082	Sweetheart Tea Party
11210000083	Silverwing Covenant
11210000084	Nine-Tone Mantra
11210000085	Worldscorch Feather
11210000086	Fluffy Tail
11210000087	Old Television
11210000088	Grand Voyage
11210000089	Student Backpack
11210000090	Bonnie's Afternoon
11210000091	Silverwing Covenant: Truth
11210000092	Blossom Sprite
11210000093	Wheel of Time
11210000094	Reaper's Scythe
11210000095	Crazy Baby Bunny
11210000096	Crazy Bunny Family Balloon
11210000097	Giant Bow Scarf
11210000098	Kitty Tail
11210000099	Worldscorch Feather: Burning Wings
11210000100	Big Poring
11210000101	Lion
11210000102	Alpaca
11210000103	Hyena
11210000104	Fox
11210000105	Ostrich
11210000106	Savage
11210000107	Fluffy Bunny
11210000108	Pompadour
11210000109	Goblin Balloon
11210000110	Crab You Very Much
11210000111	Kitty Cart
11210000112	Flying Goblin Balloon
11210000113	Baby Kun
11210000114	Wind-Up Rocking Chair
11210000115	Eggshell Chubby Chick
11210000116	Dream Steed
11210000117	Magic Carpet
11210000118	Solar Chariot
11210000119	Orchid Waterside Pavilion
11210000120	Fish of the Northern Deep
11210000121	Lord of the Starry Firmament
11210000122	Hairstyle@{1}
11210000123	Strawberry Macaron
11210000124	Worldscorch Feather: Ashen Embers
11210000125	Sweet Waltz
11210000126	Silverwing Covenant: Prayer
11210000127	Nine-Tone Mantra: Rainbow Raiment
11210000128	Worldscorch Feather · Featherstep
12860000001	Vocal
12860000002	Wild Rose
12860000003	Bobo
12860000004	Rainbow Ferus
12860000005	Bongun
12860000006	Lava Lizard
12860000007	Nepenthes
12860000008	Forest Fairy
12860000009	Squidgitte
12860000010	Alice the Maid
12860000011	Fox Immortal
12860000012	Baphomet Jr.
12860000013	Garm Baby
12860000014	Ancient Tree
12860000015	Marionette
12860000016	Goat
12860000017	Clock
12860000018	Scout Basilisk
12860000019	Fruit Tree Turtle
12860000020	Zherlthsh
12860000021	Cat o' Nine-Tail
12860000022	Silver Moon Witch
12860000023	Baron
12860000024	Ancient Mummy
12860000025	High Orc
12860000026	Miguel
12860000027	Sarah Irene
12860000028	Alicel
12860000029	Goddess of Hope
12860000030	Aliot
12860000031	Angeling
12860000032	Bloody Butterfly
12860000033	Incubus
12860000034	Daedre
12860000035	Nightmare
12860000036	Little Isis
12860000037	Piamette
12860000038	Corrupted Wander Man
12860000039	Watcher
12860000040	Darkheart Hunter Eve
12860000041	Female Warrior Lola
12860000042	Dullahan
12860000043	Bokba
12860000044	Medusa
12860000045	Hardened Rainbow Nightmare
12860000046	Retribution
12860000047	Fairy
12860000048	Raging Shinobi
12860000049	Succubus
12860000050	Hodremlin Sword
12860000051	Death Witch
12860000052	One-Horned Radiant Chimera
12860000053	Miyabi Doll
12860000054	Wildcat Knight
12860000055	Sohee
11040000000	Rarity
11040000001	Type
11040000002	Number of Affixes
11040000003	Stunt
2061	Stage reward does not exist
2062	Stage reward claimed
2063	Insufficient Power
2064	To-Do
2067	Current server time: ${1}
2068	Enter your account
2069	Enter password
2070	BASE
2071	JOB
2072	HP
2073	SP
2074	K
2075	M
2076	B
2077	Auto
2078	Lv.
2079	MVP
2080	s
2081	None
2082	S
2083	STR
2084	AGI
2085	VIT
2086	INT
2087	DEX
2088	LUK
2089	Base EXP Increase
2090	Job EXP Increase
2091	EXP
2092	New
2093	Network request timed out
2094	${1}!!
2095	UTC+${1}
2096	${1}FPS
2097	BASE:${1}%
2098	${1}%:JOB
2099	Tap to close (${1})
12400200000	Every @{1} seconds, Live Coals will appear in the territory. Gather them and add them to the Bonfire to earn rewards.
12400200001	Every @{1} seconds, Monsters will cause trouble. Defeat them to earn rewards. Draw Third Prize during the final @{2} minutes.
12400200002	Every @{1} seconds, Monsters will cause trouble. Defeat them to earn rewards. Draw Second Prize during the final @{2} minutes.
12400200003	Every @{1} seconds, Monsters will cause trouble. Defeat them to earn rewards. Draw First Prize during the final @{2} minutes.
12400200004	The Bonfire Party has come to a wonderful close. Thank You all for spending the evening with us!
68000	This event is Not Available yet. Stay tuned!
68001	Every day from 10:00-22:00, Rift Gates randomly appear on various maps every two hours. Watch for Eden Group System announcements
68002	Your Reward Count has been used up. You will not receive Additional rewards from this challenge
68003	Hidden Trove 68003
68004	Hidden Trove 68004
68005	Hidden Trove 68005
68006	Eden Group: Commendation Vault
68007	Additional rewards
68008	Statistics
68009	Reward Count Used Up
68010	Difficulty
68011	Clear Time
68012	Level Req
68013	Server Level
68014	Format
68015	Reward Count
68016	[Rift Crisis] Special Commendation
68017	[Rift Crisis] Commendation Gift Box
68018	Reward Preview for This Week
68019	Standard Compensation Chest
68020	Acquisition Progress This Week
68021	Event Time Remaining
68022	Wave Refresh Time
68023	Next Event Opening
68024	Unavailable
68025	${1} monsters remaining
68026	Space is stable. No rifts have appeared
68027	Rift successfully repaired
68028	Rift Stone
68029	Reward Count
68030	Hidden Trove 68030
68031	<size=24><color=#97E553>${1}</color></size>/${2}
68032	<size=24><color=#F3865E>${1}</color></size>/${2}
68033	<size=26>${1}</size><color=#C3BAA8>/${2}</color>
68034	[Rift Crisis] Special Commendation has reached This Week's Limit
68035	[Rift Crisis] Commendation Gift Box has reached This Week's Limit
68036	Space has stabilized, and this rift has been quelled.
68037	Seconds Until Berserk
68038	New Record
68039	Tap to close
68040	Show less
12520000000	Call all Guild Members to assemble!
12520000001	Head to the center of the territory, Collect Live Coals, and add them to the bonfire
12520000002	Enjoy the Bonfire EXP blessing while waiting for the raffle to begin
12520000003	Drive off the mysterious enemies disrupting the party!
12350000000	Defense Build
12350000001	Defense Boost
12350000002	Defense Fortification
3000	Identical buffs stack
3001	Lv.${1}
3002	K
3003	M
3004	G
3005	T
3006	HOT
3007	OK
3008	Simplified Chinese
3009	Traditional Chinese
3010	English
3011	Korean
3012	Thai
3013	Indonesian
3014	Unlock New Function
3015	Changing the language requires a restart. Continue?
3016	Notification
3017	Clear
3018	Go
3019	No more Notifications
3020	Vietnamese
3021	Failed to switch scenes. Please log in again!
3022	Attack
3023	Mobility
3024	Healing
3025	Support
3026	Control
3027	Survival
3028	Knight
3029	Crusader
3030	Hundred Million
3031	Ten Thousand
3032	Owned:
3033	BASE <color=#FFEF95>${1}</color>
3034	JOB <color=#FFEF95>${1}</color>
3035	Job Advance requirements not met. Base Lv. ${1} and Job Lv. ${2} required.
3036	Rare Items
3037	Redeem
3038	Redemption Rate
10470100000	@{1}
10470100001	Head Above the Sea of Clouds
10470100002	Head to the Chaos Ruins
10470100003	Dialogue Test
10470100004	Supply Escort
10470100005	Otherworldly Invasion
10530000000	Poring
10530000001	Lunatic
10530000002	Fabre
10530000003	Picky
10530000004	Chonchon
10530000005	Super Picky
10530000006	Willow
10530000007	Condor
10530000008	Savage Babe
10530000009	Rocker
10530000010	Roda Frog
10530000011	Worm Tail
10530000012	Ambernite
10530000013	Spore
10530000014	Thief Bug
10530000015	Creamy
10530000016	Drops
10530000017	Tarou
10530000018	Familiar
10530000019	Baby Desert Wolf
10530000020	Yoyo
10530000021	Scorpion
10530000022	Poporing
10530000023	Thief Bug Female
10530000024	Mandragora
10530000025	Thief Bug Male
10530000026	Smokie
10530000027	Boa
10530000028	Poison Spore
10530000029	Horn
10530000030	Bigfoot
10530000031	Coco
10530000032	Peco Peco Egg
10530000033	Thief Bug Egg
10530000034	Pupa
10530000035	Rotar Zairo
10530000036	Wraith
10530000037	Dustiness
10530000038	Eggyra
10530000039	Muka
10530000040	Savage Babe - Placeholder
10530000041	Soldier Skeleton
10530000042	Mummy
10530000043	Zombie
10530000044	Deniro
10530000045	Piere
10530000046	Andre
10530000047	Hydra
10530000048	Vitata
10530000049	Martin
10530000050	Giearth
10530000051	Skeleton Worker
10530000052	Drainliar
10530000053	Pirate Skeleton
10530000054	Choco
10530000055	Archer Skeleton
10530000056	Verit
10530000057	Obeaune
10530000058	Magnolia
10530000059	Greatest General
10530000060	Mimic
10530000061	Frilldora
10530000062	Baphomet Jr.
10530000063	Matyr
10530000064	Minorous
10530000065	Flora
10530000066	Savage
10530000067	Isis
10530000068	Bongun
10530000069	Sasquatch
10530000070	Ladybug
10530000071	Hedgehog Bug
10530000072	Peco Peco
10530000073	Skeleton
10530000074	Ant Egg
10530000075	Furious Poporing
10530000076	Elder Willow
10530000077	Marin
10530000078	Plankton
10530000079	Marina
10530000080	Kukre
10530000081	Goblin (Axe)
10530000082	Goblin (Flail)
10530000083	Vadon
10530000084	Wolf
10530000085	Thara Frog
10530000086	Orc Baby
10530000087	Orc Warrior
10530000088	Orc Lady
10530000089	Whisper
10530000090	Megalodon
10530000091	Marse
10530000092	Argos
10530000093	Steel Chonchon
10530000094	Goblin (Dagger)
10530000095	Myst
10530000096	Marine Sphere
10530000097	Phen
10530000098	Zenorc
10530000099	Beetle King
10530000100	Goblin Archer
10530000101	Metaller
10530000102	Marc
10530000103	Goblin (Mace)
10530000104	Sword Fish
10530000105	Orc Skeleton
10530000106	Goblin (Hammer)
10530000107	Orc Zombie
10530000108	Munak
10530000109	Merman
10530000110	Deviace
10530000111	Ghoul
10530000112	Sandman
10530000113	Golem
10530000114	Hunter Fly
10530000115	Hode
10530000116	Sohee
10530000117	Mantis
10530000118	Driller
10530000119	Goblin Steamrider
10530000120	Horong
10530000121	Dokebi
10530000122	Nightmare
10530000123	Side Winder
10530000124	Zerom
10530000125	Requiem
10530000126	Nine Tails
10530000127	Argiope
10530000128	Orc Archer
10530000129	Penomena
10530000130	Crab
10530000131	Raggler
10530000132	Shellfish
10530000133	Starfish
10530000134	Grove
10530000135	Alligator
10530000136	Strouf
10530000137	Jakk
10530000138	Wild Rose
10530000139	Marduk
10530000140	Sky Petite
10530000141	Pasana
10530000142	Wind Ghost
10530000143	Cramp
10530000144	Stem Worm
10530000145	Petite
10530000146	Marionette
10530000147	Deviruchi
10530000148	Mace Kobold
10530000149	Hammer Kobold
10530000150	Desert Wolf
10530000151	Anubis
10530000152	Axe Kobold
10530000153	Kobold Archer
10530000154	Squidgitte
10530000155	Sropho
10530000156	Ancient Mummy
10530000157	Pot Dofle
10530000158	King Dramoh
10530000159	Creamy Fear
10530000160	Leib Olmai
10530000161	Killer Mantis
200001	Starshard Dragon Unseal
200002	Ritual
200003	${1}% Complete
200004	Ritual Acceleration
200005	Ritual Time Remaining: ${1}
200006	Ritual Acceleration
200007	Current Unseal Progress: ${1}%
200008	Spend ${1} to complete the Unseal?
200009	Ritual Time Remaining: ${1}
200010	Dragon's Descent
200011	Head to the Scene
200012	Click an empty area to cheer.
200013	Unseal for Free
200014	Normal Unseal
200015	Advanced Unseal
200016	Ultimate Unseal
200017	Ritual Funding
200018	Assist
200019	Send
200020	Go
200021	I'm summoning a giant dragon! Come help me!${1}
200022	I helped with the boss's Dragon Summon Quests!
200023	You've got this, Boss!
200024	Longlong, hurry over here!
200025	I can't wait to see what a 1,000,000 dragon looks like!
200026	Thanks, Boss!
200027	Too many actions. Please try again later.
200028	${1} has begun the Starshatter Dragon summoning ritual. Adventurers, go lend a hand!${2}
200029	${1} has completed the Summon Ritual! The Starshatter Dragon will descend upon the main city in 30 seconds. Adventurers, come witness its arrival!${2}
200030	The Assist Quest has ended.
200031	Begin Unsealing
200032	The ritual has ended, and the link is no longer active.
200033	Fund the Unsealing Ritual
200034	The ritual can take up to 5 hours. Invite fellow Adventurers to participate and speed up the summoning process.
200035	Confirm Ritual
200036	Ritual Affiliation
200037	Help Present the Gift
200038	Press and Hold to Charge Support
200039	Ritual Acceleration
200040	Cheer
200041	Head to the Scene
200042	Celebrate the arrival of the Starshatter Dragon!
200043	Leaving the area or dismounting will immediately end ${1}. Are you sure you want to end the skill?
200044	${1}(${2},${3})
200045	${1} is about to forge a covenant with the Lord of the Starry Sky! Hurry and watch the performance!
200046	Watch
200047	Close
200048	Exit
200049	"Get <sprite name=""${3}"">${4} with help from other players"
200050	Assistance request sent to the <color=#F4F2E9>${1}</color> Channel
69000	Novice Challenge
69001	Discipline
69002	Happiness
69003	Renown
69004	Free Spirit
69005	Charm
69006	Not enough ${1}
69007	Event Period: ${1}-${2}
69008	Zeny Shop
69009	Purchase Period: ${1}-${2}
69010	End the Day
69011	You haven't finished today's journey. End the day early?
69012	Clear ${1} Misc (${2}/${3})
69013	Reversi
69014	Cargo Placement
69015	Go challenge
69016	Clear the Boss Challenge
69017	Claim
69018	Beautiful sights always lie ahead. On to the next stop!
69019	Go
69020	Welcome back! Let's continue the adventure.
69021	Continue Journey
69022	This chapter's journey is complete. Chapter ${1} unlocks at ${2}05:00.
69023	This chapter's journey is complete. Head to the next chapter to continue your adventure~
69024	You passed through a lush forest.|You passed through a lush forest.|You passed through a lush forest.|You passed through a lush forest.|You passed through a lush forest.|You passed through a lush forest.|You passed through a lush forest.
69025	Every journey has an end, but yours has only just begun.
69026	Review Journey
69027	Tap anywhere to leave.
69028	Are you sure you want to Leave the dungeon?
69029	Try Again
69030	My Journey
69031	Title Acquired
69032	Share to Guild Channel
69033	Share to World Channel
69034	You're sharing too frequently. Please try again later.
69035	Adventurers whose <color=#987f53>${1}</color> attribute exceeds <color=#63a22b>50%</color>
69036	Today
69037	Tomorrow
69038	Day ${1}
69039	Rewards
69040	Complete the current node to preview areas in other chapters.
69041	Complete the current node to preview rewards from other nodes.
69042	Deep in the forest lived a girl named Ella, who wove winter nests for small animals from fallen leaves each day. One snowy night, she rescued a frozen bluebird. When the bird awoke, it repaid her by spitting out a glowing seed. Ella buried the seed in the moss, and by the next day, it had grown into a Crystal tree. Silver fruit hung among its branches like dewdrops, each reflecting what people desired most in their hearts.
69043	When the greedy lord heard about it, he stormed into the forest with an axe. But as he struck the trunk, all the fruit suddenly shattered at once, reflecting thousands of disappointed eyes—the eyes of every impoverished person in his domain. The Crystal tree dissolved into mist, leaving only the plainest fruit to roll into Ella's hand. Within it was a vision of the entire forest flourishing.
69044	Ella finally understood. She gently buried the fruit beside the stream. In the morning light, glowing flowers bloomed all along the bank. They bore no fruit, but allowed everyone who passed to see their heart's true desire. From then on, no one in the forest fought over treasure, because everyone Discovered that the most precious magic had already quietly taken root within their hearts.
69045	Adventurers whose <color=#987f53>${1}</color> attribute is below 50%
69046	I completed the Beginner Challenge ${1}
69047	View My Journey
69048	Shared to World Channel and Guild Channel
69049	Shared to World Channel
69050	There are no matching points available, so placement is not possible.
69051	Clear all items from the board?
69052	Trophy Showcase
69053	Leave the dungeon in ${1} sec.
69054	Stage ${1}/${2}
69055	You haven't cleared this round yet. Are you sure you want to quit?
69057	Reset
69058	Placement Objective
69059	Challenge the Next Stage
69060	Challenge Success
69061	All stages cleared
10360000000	Guild Master
10360000001	Leader
10360000002	Vice Guild Master
10360000003	Commander
10360000004	Management
10360000005	Charisma Baby
10360000006	Elder
10360000007	Member
10360000008	Temporary Member
10010300000	STR
10010300001	AGI
10010300002	VIT
10010300003	INT
10010300004	DEX
10010300005	LUK
10010300006	Totem Life
10010300007	Totem Physical ATK
10010300008	Totem Magic ATK
10010300009	PATK/MATK
10010300010	PDEF/MDEF
10010300011	Other Elemental Damage Reduction%
10010300012	Crowd Control Resistance
10010300013	HP
10010300014	SP
10010300015	PATK
10010300016	MATK
10010300017	PDEF
10010300018	MDEF
10010300019	HP recover
10010300020	SP Recovery
10010300021	HIT
10010300022	FLEE
10010300023	CRIT
10010300024	Crit Resistance
10010300025	MSPD
10010300026	ASPD
10010300027	Cast Speed
10010300028	Out-of-Combat HP recover
10010300029	Out-of-Combat MP Recovery
10010300030	Job EXP
10010300031	Base EXP
10010300032	Crit Bonus
10010300033	Variable CT
10010300034	Variable CT
10010300035	Fixed CT
10010300036	Fixed CT
10010300037	Skill CD%
10010300038	Global CD%
10010300039	Healing Done
10010300040	Healing Taken
10010300041	Crit Damage%
10010300042	Crit Damage Reduction%
10010300043	Physical Damage Bonus%
10010300044	Physical Damage Reduction%
10010300045	Magic Damage Bonus%
10010300046	Magic Damage Reduction%
10010300047	Damage Increase%
10010300048	Damage Reduction%
10010300049	Physical Penetration
10010300050	Physical Penetration%
10010300051	Magic Penetration
10010300052	Magic Penetration%
10010300053	Bonus ATK
10010300054	Bonus MATK
10010300055	Bonus DEF
10010300056	Bonus MDEF
10010300057	Skill Damage Increase%
10010300058	Skill Damage Reduction%
10010300059	Melee Physical Damage Increase%
10010300060	Melee PDMG Reduction
10010300061	Ranged Physical Damage Increase%
10010300062	Ranged PDMG.R
10010300063	Hunting Mastery
10010300064	Hunting Protection
10010300065	DMG vs All Job
10010300066	DMG Reduction vs All Job
10010300067	Elemental Counter Ignore
10010300068	Elemental Counter Resistance
10010300069	Crit Chance%
10010300070	Crit Resistance%
10010300071	Item Healing Effect%
10010300072	Item Healing Received%
10010300073	Global Healing Effect%
10010300074	Global Healing Received%
10010300075	MP Recovery Effect%
10010300076	MP Recovery Received%
10010300077	Item MP Recovery Effect%
10010300078	Item MP Recovery Received%
10010300079	Global MP Recovery Effect%
10010300080	Global MP Recovery Received%
10010300081	Melee Magic Damage Increase%
10010300082	Melee Magic Damage Reduction%
10010300083	Ranged Magic Damage Increase%
10010300084	Ranged Magic Damage Reduction%
10010300085	Double Crit Chance
10010300086	Mount Move Speed
10010300087	Neutral Damage%
10010300088	Wind Damage%
10010300089	Earth Damage%
10010300090	Fire Damage%
10010300091	Water Damage%
10010300092	Poison Damage%
10010300093	Holy Damage%
10010300094	Shadow Damage%
10010300095	Ghost Damage%
10010300096	Undead Damage%
10010300097	Neutral Damage Reduction%
10010300098	Wind Damage Reduction%
10010300099	Earth Damage Reduction%
10010300100	Fire Damage Reduction%
10010300101	Water Damage Reduction%
10010300102	Poison Damage Reduction%
10010300103	Holy Damage Reduction%
10010300104	Shadow Damage Reduction%
10010300105	Ghost Damage Reduction%
10010300106	Undead Damage Reduction%
10010300107	Damage to Neutral Monsters%
10010300108	Damage to Wind Monsters%
10010300109	Damage to Earth Monsters%
10010300110	Damage to Fire Monsters%
10010300111	Damage to Water Monsters %
10010300112	Damage to Poison Monsters %
10010300113	Damage to Holy Monsters %
10010300114	Damage to Shadow Monsters %
10010300115	Damage to Ghost Monsters %
10010300116	Damage to Undead Monsters %
10010300117	Damage Reduction from Neutral Monsters %
10010300118	Damage Reduction from Wind Monsters %
10010300119	Damage Reduction from Earth Monsters %
10010300120	Damage Reduction from Fire Monsters %
10010300121	Damage Reduction from Water Monsters %
10010300122	Damage Reduction from Poison Monsters %
10010300123	Damage Reduction from Holy Monsters %
10010300124	Damage Reduction from Shadow Monsters %
10010300125	Damage Reduction from Ghost Monsters %
10010300126	Damage Reduction from Undead Monsters %
10010300127	Damage to Brute Race %
10010300128	Damage to Demi-Human Race %
10010300129	Damage to Demon Race %
10010300130	Damage to Plant Race %
10010300131	Damage to Undead Race %
10010300132	Damage to Formless Race %
10010300133	Damage to Fish Race %
10010300134	Damage to Angel Race %
10010300135	Damage to Insect Race %
10010300136	Damage to Dragon Race %
10010300137	Damage Reduction from Brute Race %
10010300138	Damage Reduction from Demi-Human Race %
10010300139	Damage Reduction from Demon Race %
10010300140	Damage Reduction from Plant Race %
10010300141	Damage Reduction from Undead Race %
10010300142	Damage Reduction from Formless Race %
10010300143	Damage Reduction from Fish Race %
10010300144	Damage Reduction from Angel Race %
10010300145	Damage Reduction from Insect Race %
10010300146	Damage Reduction from Dragon Race %
10010300147	DMG vs Small Enemies %
10010300148	Damage Reduction from Small Size Monsters %
10010300149	DMG vs Medium Enemies %
10010300150	Damage Reduction from Medium Size Monsters %
10010300151	DMG vs Large Enemies %
10010300152	Damage Reduction from Large Size Monsters %
10010300153	Damage to BOSS Monsters %
10010300154	Damage Reduction from BOSS Monsters %
10010300155	Damage to Non-BOSS Monsters %
10010300156	Damage Reduction from Non-BOSS Monsters %
10010300157	Silent Attack
10010300158	Silence Resistance
10010300159	Freeze Attack
10010300160	Freeze Resistance
10010300161	Petrify Attack
10010300162	Petrify Resistance
10010300163	Stun Enhance
10010300164	Stun Resistance
10010300165	Burn Enhance
10010300166	Burn Resistance
10010300167	Poisoned Enhance
10010300168	Poison Resistance
10010300169	Immobilize Attack
10010300170	Immobilize Resistance
10010300171	Fear Attack
10010300172	Fear Resistance
10010300173	Cursed Attack
10010300174	Curse Resistance
10010300175	Blind Attack
10010300176	Dark Resistance
10010300177	Bleed Enhance
10010300178	Bleed Resistance
10010300179	Paralyze Enhance
10010300180	Paralyze Resistance
10010300181	Sleep Enhance
10010300182	Sleep Resistance
10010300183	Slow Enhance
10010300184	Slow Resistance
10010300185	Life%
10010300186	MP%
10010300187	PATK%
10010300188	MATK%
10010300189	PDEF%
10010300190	MDEF%
10010300191	HP recover%
10010300192	MP Recovery%
10010300193	HIT%
10010300194	FLEE%
10010300195	CRIT%
10010300196	CRIT Resistance%
10010300197	MSPD
10010300198	ASPD
10010300199	Shield Bonus Effect%
10010300200	Shield Bonus Received%
10010300201	MP Cost
10010300202	Additional Physical ATK
10010300203	Additional Physical DEF
10010300204	Skill Energy
10010300205	Max Skill Energy
10010300206	Energy Recovery Time
10010300207	Energy Recovery Time%
10010300208	Life
10010300209	Magic
10010300210	Level
10010300211	Shield
10010300212	Fixed HP Lock
10010300213	HP Lock Percentage
10010300214	Physical Damage Shield
10010300215	Magic Damage Shield
10010300216	Universal Damage Shield
10010300217	Extended Category @{1} Shield Value
10010300218	Shield Effect%
10010300219	Shield Effect Received%
10010300220	Can Take Damage
10010300221	Status Bitmap
10010300222	Prohibited Action Bitmap
10010300223	Monster Battle Status
10010300224	Is in Darkness
10010300225	Darkness Radius
10010300226	Transform Flag
10010300227	BOSS Enrage Display
10010300228	Start Universal Overhead Countdown Display
10010300229	End Universal Overhead Countdown Display
10010300230	Selection Range
10010300231	Attack Range
10010300232	Rage
10010300233	Max Rage
10010300234	Material Parameter (%)
10010300235	BOSS Phase
10010300236	Modified Hit Effect ID
10010300237	Flame Projectile Count
10010300238	Frost Projectile Count
10010300239	Special Target Lock Flag
10010300240	Monster Selects Players Regardless of Line of Sight
10010300241	Stealth
10010300242	Detect Stealth @{1}
10010300243	Max Energy
10010300244	Current Energy
10010300245	Energy Recovery Rate
10010300246	Arrow ID
10010300247	HP Bar Display
10010300248	Monster EXP Bonus
10010300249	Game Mode EXP Bonus
10010300250	All EXP Bonus
10010300251	Camera ID
10010300252	Field Auto-Battle EXP Bonus
11780100000	Creates a Safe Zone at Your Position that grants immunity to the poison ring, protecting teammates from its damage. It is essential to the party's advance and Survival in the Grand Finals.
11780100001	Creates a launch zone at Your Position. Any Enemy Team member who enters is knocked away, effectively dividing the battlefield, helping Fortify teammates, or disrupting the Enemy Team's formation.
11780100002	Dive toward the target point, Deals DMG to Nearby enemies upon landing, and inflict Knock-Up. Combining Movement, area damage, and powerful control, it excels at Burst initiations.
11780100003	Dive toward the target point, Deals DMG to Nearby enemies upon landing, and inflict Freeze. This restricts Enemy Team Movement and creates opportunities for focused fire.
11780100004	Place a Trap Hunter at Your Position. When triggered by an Enemy Team member, it Deals DMG to Nearby enemies and inflicts Immobilize, making it ideal for ambushes and Base Defense.
11780100005	Have your Falcon scan the area, revealing every Enemy Team member's position to You and your teammates for an unparalleled Tactics advantage.
11780100006	Dive toward the target point, Deals DMG to Nearby enemies upon landing, and slow them, making it easier to pursue or escape.
11780100007	Dive toward the target point, Deals DMG to Nearby enemies upon landing, and obscure their vision, disrupting the Enemy Team's reactions.
11780100008	Summon an Auto vending cart Nearby. Items can be purchased from it to resupply the party, potentially reversing an equipment disadvantage at a critical moment.
11780100009	Summon a Rescue Wagon Nearby. It can Revive Teammate during its duration and is the party's only Other Skill capable of Revive, allowing it to turn the tide of battle.
11780100010	Dive toward the target point, Deals DMG to Nearby enemies upon landing, and inflict Sleep. This powerful control can Interrupt enemies and create an opening for teammates to attack.
11780100011	Dive toward the target point, Deals DMG to Nearby enemies upon landing, and inflict Silence, perfectly countering enemies who rely on skills.
11080700000	Find the Source of the Smell in the Culvert
11080700001	Continue Investigating Deeper…
11080700002	Help the Adventurers Defeat the Golden Thief Bug
11080700003	Complete the Instance Objectives
11080700004	View Duo Player Count
11080700005	^{1}Challenge Stage @{1}-@{2}^{2}
11080700006	^{1}Stand Ready^{2}
11080700007	^{1}Defend the Dragon Seal^{2}
11080700008	^{1}The Most Dangerous Place^{2}
11080700009	^{1}Fortress Under Siege^{2}
11080700010	^{1}United as One^{2}
11080700011	^{1}Final Showdown^{2}
11080700012	^{1}Tranquil Dragon Coffin Island^{2}
11080700013	Challenge the Protector
11080700014	Monster Challenge
11080700015	^{1}Preparation Phase^{2}
11080700016	^{1}Phase One^{2}
11080700017	^{1}Phase Two^{2}
11080700018	^{1}Phase Three^{2}
11080700019	^{1}Final Phase^{2}
11080700020	^{1}Stronghold Battle Preparation Phase^{2}
11080700021	^{1}Stronghold Battle Contest Phase^{2}
11080700022	Encounter Eddga
11080700023	Work Together
11080700024	Encounter Golden Thief Bug
11080700025	Investigate
11080700026	Encounter Baphomet
11080700027	Mysterious Space
11080700028	Explore the Ant Queen's Nest
11080700029	Rescue Bobo
11080700030	Find Bobo
11080700031	Try to Ride the Deniro
11080700032	Find a way to earn Deniro's Faith
11080700033	Feed the Deniro
11080700034	Reach the deepest part of the ant nest
11080700035	Encounter Maya
11080700036	Find the Professor
11080700037	Free the Ant Egg
11080700038	Help the Professor Up
11080700039	Maya's Secret Treasure
11080700040	Aboard the Airship
11080700041	Encounter the Evil Boss
11080700042	The Battle temporarily subsides
11080700043	Check the Captain's injuries
11080700044	Complete Moonlight Flower's game
11080700045	Complete Louie's game
11080700046	Complete the Opening Dance
11080700047	Peco Peco Ancient Nest
11080700048	Monsters Attack
11080700049	Retrieve Instrument
11080700050	^{1}Festival Invitation^{2}
11080700051	^{1}Rift Crisis Challenge^{2}
11080700052	^{1}Novice Challenge^{2}
11080700053	^{1}Mock Battle^{2}
11080700054	^{1}Battle of Dragon Coffin Island^{2}
70001	Season Overview
70002	Season
70003	Season
70004	Season Theme
70005	Current Season Rank
70006	Time Until Season Ends
70007	This Season has ended. Time until matchmaking begins for the new Season:
70008	Queuing for the new Season. Waiting for results.
70009	Match successful. Time until entering the new Season:
70010	Waiting for the new Season to begin.
70011	Yet to start
70012	Ended
70013	Waiting for the new Season to begin.
70014	Season Rank
70015	Season Rank Details Season Rank Details
70016	Feel free to participate in the following Misc activities. Your top 【three Misc activities】 during the Dragon Boat Festival will automatically be selected for rewards.
70017	Go
70018	${1} modes have reached this tier.
70019	Next Tier Rewards
70020	No rewards for this tier.
70021	Opens in <color=#97E553>${1}</color> days
70022	Opens in <color=#97E553>${1}</color> hours
70023	Opens in <color=#97E553>${1}</color> minutes
70024	Ends in <color=#97E553>${1}</color> days
70025	Ends in <color=#97E553>${1}</color> hours
70026	Ends in <color=#97E553>${1}</color> minutes
70027	Unlocks at Lv. <color=#97E553>${1}</color>
70028	This Function is not yet available
70029	This event has not opened yet.
70030	This event has ended.
70031	You have yet to Join a guild.
70032	<color=#ec543a>Ended</color>
70033	In progress
70034	Ended
70035	Locked
70036	Opens in ${1} days
70037	Opens in ${1} hours
70038	Not yet available
70039	The Season has not started yet.
70040	${1} remaining in this chapter
70041	Season Events
13260100000	"...The Nail of Order is by no means a natural creation. Ancient records from Juno state that the ancient civilization of Juperos possessed technology capable of converting Life Emotions (thought forms) into physical energy. I theorize that activating the Nail requires some Ultra form of ""conviction"" as the key."
13260100001	"The Legend of the Ant Hell... ""The Mimic Girl's Obsession."" If the Legend is true, high-purity thought particles born from an intense ""unwillingness to give up"" should remain here. This is the perfect sample for testing my theory."
13260100002	"Objective: Use the improved ""Particle Resonator"" to capture and analyze the free-floating thought particles here. If their energy spectrum resonates with the Nail of Order, it will prove that... human conviction and powerful Emotions can drive the Nail of Order."
13260100003	The resonator is reacting violently. The rumors were true... The sample's purity is beyond anything I imagined! I must... I must go deeper... to the source of the energy...
70101	Season Settlement
70102	Distance to Season End
70103	Territory War
70104	Season Trophies
70105	Shop closes in ${1}
70106	Preview only. Purchases will be available next Season.
70109	Can be purchased after activating the corresponding Kafra Support Perk.
70110	Sold out
70111	Cannot exchange items during preview.
70112	Conqueror
70113	Royal Capital
70114	No. ${1} Guild
70115	<color=#fdab5b>${1}</color> Conqueror slots
70116	Ultimately occupy the Royal City
70117	Ultimately occupy a Regional City
70118	Conqueror Settlement
70119	Royal City Settlement
70120	Battle Merit Settlement
70121	Conqueror Rewards
70122	Veteran Rewards
70123	<color=#fdab5b>Conqueror</color> Settlement takes place first, with slots allocated to each guild.
70124	The guild that ultimately occupies the Royal City and its Members will receive 1 <color=#fdab5b>Realm Starlight</color>.
70125	Individual rewards are distributed based on rankings on the <color=#fdab5b>Battle Merit Leaderboard</color>.
70126	${1}'s Spacetime Emblem
70127	Emblems: ${1}
70128	Equipped: ${1}/${2}
70129	【Equipped】
70130	Obtained from: ${1}  【${2}】
70131	Season Settlement
70132	Season Shop\n${1}
70133	Ranks ${1}-${2}
70134	Shop Preview
70135	Closes in ${1}
70136	<color=#fdab5b>Guild Emblem</color> Starlight
70137	<color=#fdab5b>Personal Portrait</color> Starlight
70138	Current Season
70139	Past Seasons
70140	Fight in the Territory War and earn bountiful rewards for victory.
70141	Complete Season Trophies to earn exclusive Season collectibles.
70142	Conqueror Slot Allocation Rules
70143	Conqueror slots within a guild are automatically allocated based on its Guild Merit Leaderboard rankings;\nOfficers from the top three guilds in the Territory War rankings automatically receive Conqueror Rewards without using a slot.
70144	Guild Merit Leaderboard
70145	Territory Points Leaderboard
70146	No Guild
70147	Battle Merit Leaderboard
70148	My Ranking:
70149	Rank ${1}
70150	Not Yet Ranked
70151	Non-Conquerors receive <color=#fdab5b>Veteran Rewards</color> based on their guild's ranking.
70152	Rewards for all completed Trophies can be claimed after Season Settlement.
70153	<color=#fdab5b> X${1}</color>
70154	<color=#fdab5b> X${1}</color>
70155	Conqueror's Proof
70156	Rewards
70157	Guild Rankings and Rewards
70158	Estimated Rewards
70159	Guild Banner Emblem
70160	Personal Portrait Emblem
70161	No Guild
70162	Guilds that excel in the Territory War receive a certain number of <color=#fdab5b>Conqueror</color> reward slots.
70163	Mid-Season Event Rewards
13150000000	The Party Leader selects a sapling and hangs the declaration
13150000001	All Members of the party water the sapling
13150000002	Talk to the younger sister and enter the Adventure Group declaration
13150000003	Waiting for the battle to start
13150000004	Get @{1} assists on the battlefield
13150000005	Earn @{1} points on the battlefield
13150000006	Earn a C rating on the battlefield
13150000007	Earn a B rating on the battlefield
13150000008	Earn an A rating on the battlefield
13150000009	^{1}Defeat Ilmata, God of Nature^{2}
13150000010	^{1}Attack Almakia with the Heavy Cannon until it becomes Weak^{2}
13150000011	^{1}Defeat Ilmata, Primordial Chaos^{2}
13150000012	^{1}Use the Grappling Hook to Restrain Almakia!^{2}
13150000013	^{1}Now's your chance! Reach Almakia's back and explore it^{2}
13150000014	^{1}Escape to the finish line as quickly as possible^{2}
13150000015	^{1}Use Lope to dodge attacks and slide all the way to the end!^{2}
13150000016	^{1}Defeat Ilmata, the Parasitized Divine Vessel^{2}
13150000017	Move Forward and catch up with Dracula
13150000018	Defeat the Marionette
13150000019	Continue pursuing Dracula. Watch out for Dynamite on the ground.
13150000020	Defeat Wraith.
13150000021	Continue chasing Dracula, and watch out for falling rocks
13150000022	Defeat Doppelganger
13150000023	Continue chasing Dracula
13150000024	Defeat Wind Ghost
13150000025	Defeat Dracula
13150000026	Find the key in the bushes and rescue your companions
13150000027	Reach @{1} Total Points
13150000028	Click Me to Start Now
13150000029	Allocate @{1} Free Stat Points
13150000030	Job Talents Points Assigned: @{1}
13150000031	Equip @{2} pieces of Lv. @{1} or higher gear
13150000032	Equip @{1} pieces of Purple Quality gear or higher
13150000033	Equip @{1} pieces of Orange Quality or higher gear
13150000034	Reach a total Refinement Lv. of @{1} across all equipment
13150000035	Reach Refinement Resonance Lv. @{1}
13150000036	Activate @{1} Season Refinement slots
13150000037	Complete @{1} Equipment Enchantments
13150000038	Equipped Blue Quality gear has @{1} Enchants
13150000039	Have @{1} Enchants on equipped Purple Quality gear
13150000040	Insert @{1} Blue Quality or higher cards
13150000041	Socket @{1} cards of Purple Quality or higher
13150000042	Socket @{2} Tier @{1} or higher cards
13150000043	Collect Purple Quality Cards @{1} times
13150000044	Collect Orange Quality cards @{1} times
13150000045	Activate @{1} Faction effects with deployed pets
13150000046	Deploy @{1} support pets
13150000047	Deploy @{1} pets of Purple Quality or higher
13150000048	Deploy @{1} pets of Orange Quality or higher
13150000049	Deploy @{1} pets at Lv. @{2} or higher
13150000050	Deploy @{1} pets at @{2} stars or higher
13150000051	Obtain @{1} activated attribute skills
13150000052	Deploy @{1} Echoes of Purple Quality or higher
13150000053	Deploy @{1} Echoes of Orange Quality or higher
13150000054	Deploy @{1} Echoes at Lv. @{2} or higher
13150000055	Activate @{1} Soul Resonances at Lv. @{2} or higher
13150000056	Deploy @{1} Totems of Blue Quality or higher
13150000057	Deploy @{1} Totems of Purple Quality or higher
13150000058	Deploy @{1} Totem Skills of Blue Quality or higher
13150000059	Deploy @{1} Totem Skills of Purple Quality or higher
13150000060	Deploy a Totem with @{1} maxed attributes
13150000061	Combine @{1} Purple Totems
13150000062	Combine @{1} Orange Totems
13150000063	Finish Downloading While Playing
11210200000	Appearance Gift
11210200001	Purchase from the Appearance Shop
11210200002	MVP-Angeling
11210200003	MVP-Golden Thief Bug
11210200004	MVP-Deviling
11210200005	MVP-Orc Hero
11210200006	MVP-Maya
11210200007	MVP-Orc Lord
11210200008	MVP-Drake
11210200009	MVP-Mistress
11210200010	MVP-Osiris
11210200011	MVP-Doppelganger
11210200012	MVP-Pharaoh
11210200013	MVP-Baphomet
11210200014	MVP-Moonlight Flower
11210200015	MVP-Dracula Baron
11210200016	MVP-Kraken
11210200017	Obtain from 7-Day Check-In
11210200018	MVP-Phreeoni
11210200019	MVP-Goblin Leader
11210200020	MVP-Eddga
13150000085	Say hello to the Foreign Merchant for Dumby.
13150000086	Say hello to Baisulist for Dumby.
13150000087	Say hello to Aorufeng for Dumby.
13150000088	Say hello to the Gift Merchant for Dumby.
13150000089	Say hello to Leiya Bulian for Dumby.
13150000090	Say hello to the Pet Merchant for Dumby.
13150000091	Say hello to the Butcher for Dumby.
13150000092	Say hello to the Monsterologist for Dumby.
13150000093	Say hello to the Young Man for Dumby.
13150000094	Login ROO
13150000095	Reach Base Lv. @{1}
13150000096	Complete the Main Quest: Fight Porings Every Day
13150000097	Reach the title Wind's Voyage I
13150000098	Complete @{1} Trades at the Exchange
13150000099	[Reserved] Participate in Guild Auction @{1} times
13150000100	Enhance the weapon slot to Lv. @{1}
13150000101	Refine @{1} times
13150000102	Craft @{1} pieces of equipment of Purple Quality or higher
13150000103	Equip @{1} cards of Purple Quality or higher
13150000104	Own @{1} pets of Grade A or higher
13150000105	Own @{1} pets at Lv. @{2} or higher
13150000106	Participate in @{1} MVP events
13150000107	[Reserved] Participate in @{1} MINI events
13150000108	[Reserved] Participate in the Guild Bonfire event @{1} times
13150000109	[Reserved] Participate in @{1} GVE events
13150000110	[Reserved] Participate in Guild League @{1} times
13150000111	[Reserved] Spend a total of @{1} minutes in field combat
13150000112	[Reserved] Claim offline idle rewards @{1} times
13150000113	[Reserved] Participate in Guild Blessing @{1} times
13150000114	Have @{1} friends
13150000115	Send @{1} messages in the Guild Channel
13150000116	Participate in the Cat Hand Caravan @{1} times
13150000117	Clear Floor @{1} of the Pet Tower
13150000118	Join a guild
13150000119	Reach @{1} Daily Activity
13150000120	Raise the weapon slot's Refine Level to Lv. @{1}
13150000121	Sprakki is welcoming Novices.
13150000122	Find the Trial Instructor.
13150000123	The Novice Instructor wants to test the new Adventurer.
13150000124	Defeat nearby Porings and collect Sticky Mucus.
13150000125	Having completed the initial trial, report to Rein.
13150000126	Try out your new weapon.
13150000127	Collect @{1} Sticky Mucus from Porings and deliver it to the Medicine Workshop as a basic ingredient.
13150000128	Obtain Sticky Mucus and report to Rhina.
13150000129	Defeat the nearby Fabre and collect Fluff.
13150000130	Obtain Soft Fur and report back to Rhine.
13150000131	You got some new gear. Try it on!
13150000132	Keep defeating Fabres to collect equipment.
13150000133	Complete the Novice Trial and obtain proof of completion.
13150000134	Activate the Growth Badge
13150000135	Head toward Prontera.
13150000136	Find the Academy's Head Job Advance Mentor.
13150000137	You meet Sprakki again and discover that she's the Academy receptionist.
13150000138	Follow Sprakki's directions to the Grand Lecture Hall.
13150000139	You hear a boy calling out. Go take a look.
13150000140	The boy offers to predict your future job. Give it a try.
13150000141	Listen to the boy's prediction.
13150000142	Find the Head Job Advance Mentor and begin your Job Advance.
13150000143	Follow the Head Job Advance Mentor's guidance and touch the Book of Job Advancement.
13150000144	Choose your desired job and complete your first Job Advance.
13150000145	Congratulations on completing your Job Advance! Here's a quick overview of the changes: you've gained new skills and can now allocate Stat Points and Skill Points.
13150000146	Keep leveling up and become a great Adventurer!
13150000147	Choose a path to begin your journey!
13150000148	Complete a Title Promotion once.
13150000149	Learn about the Eden Group from the Head Job Advance Mentor.
13150000150	Ask the Teleporter to take you to the Eden Group.
13150000151	Rescue the Novice Swordsman surrounded by Rockers.
13150000152	The Novice Swordsman invites you to travel to the Eden Group together.
13150000153	Register as an Adventurer with the Eden Group.
13150000154	Accept your first official request from the Eden Group.
13150000155	Travel to Payon and ask the client about the situation.
13150000156	[Flying Mount Reward—Use It from Your Backpack] Wild beasts have recently been prowling around the village. The Elder Lady wants you to help find the missing livestock.
13150000157	Automatically ride the Balloon Mount
13150000158	The Hunter Who Retrieves Mounts
13150000159	Obtain a Hard Shell from a beetle's molted exoskeleton.
13150000160	Obtain high-quality Sticky Mucus from the trees.
13150000161	A nearby Hunter greets you. Hear what she has to say.
13150000162	Teleport! Whoosh! Whoosh!
13150000163	Whoosh! Whoosh! Whoosh!
13150000164	You hear a strange noise. Move closer to investigate.
13150000165	【Before completing this, make sure you're using the free Flying Mount, or an error will occur.】Complete the Commission and report your findings.
13150000166	Return to the Eden Group Chief to board the airship.
13150000167	Go to the tavern
13150000168	Ask the tavern owner about the Black Market Merchant.
13150000169	Ask the Adventurer about the Black Market Merchant.
13150000170	The woman says some baffling things and gives you a necklace.
13150000171	A nearby Eden Group Member greets you.
13150000172	Head to Izlude and meet up with the Eden Group Chief.
13150000173	The Eden Group Chief entrusts you with an important mission.
13150000174	Prepare to board the airship and search for the professor.
13150000175	The airship starts up.
13150000176	You crash-land in the desert. Ask around for information.
13150000177	Equipment Forging
13150000178	There's an Adventurer camp nearby. Go there to gather information.
13150000179	You encounter some Chonchons along the way. Drive them off.
13150000180	Ask around the Adventurer Camp for the Professor's whereabouts.
13150000181	Go to Ant Hell and bring back the Professor, who is engrossed in his investigation.
13150000182	Discover a Research Notebook that appears to belong to the Professor.
13150000183	Continue onward and search for the Professor.
13150000184	The man turns out to be the Professor. Ask him what happened.
13150000185	The Professor mentions a strange young girl nearby. Go take a look.
13150000186	Defeat the Maya that looks like a Familiar.
13150000187	The Professor has been captured by Maya. Return to camp for Utility.
13150000188	Take the Pathfinder Ant and return to Ant Hell.
13150000189	Follow the Pathfinder Ant to search for traces of the Professor.
13150000190	Follow the Pathfinder Ant to a mysterious cave entrance.
13150000191	Enter Maya's Nest and rescue the Professor.
13150000192	After successfully rescuing the Professor, you earn the Captain's praise.
13150000193	After many twists and turns, you've finally found the Professor. Return to camp and rest.
13150000194	Talk to the Professor and learn that he is researching memory entity technology.
13150000195	Touch the memory entity prototype and fall into another dimension.
13150000196	You encounter the mysterious woman again, and she asks you to look around.
13150000197	Ki explains how the Garden of Chronology works.
13150000198	You awaken from the darkness and find yourself back in the real world.
13150000199	With matters in Sograt Desert settled for now, go to the Eden Group and see what new requests are available.
13150000200	The Eden Group has received a request from the Professor.
13150000201	The Professor is your client this time. Ask him what happened.
13150000202	The Professor's supplies were seized at Prontera's North Gate. Go there and recover the cargo.
13150000203	Search nearby for traces of the cargo.
13150000204	Encounter the caravan searching for the cargo.
13150000205	Continue to Search for the cargo.
13150000206	Kill Baphomet
13150000207	Discover the Professor's supplies in Baphomet's lair.
13150000208	Say goodbye to the caravan Members.
13150000209	Take the cargo to the Professor and report back.
13150000210	Place the magic component into the device.
13150000211	Take Out the magic component.
13150000212	The Holy Knights guarding the stone pillar block your path.
13150000213	Touch the stone pillar while carrying the device.
13150000214	The stone pillar activates, and Ki appears once again.
13150000215	Ki explains the background of the Nail of Discipline.
13150000216	After the tremor, a glowing Relic appeared in Goblin Forest. Go investigate.
13150000217	After the Relic appeared, the monsters in the area began growing restless.
13150000218	Go provide Utility to the stationed Soldiers.
13150000219	Kill the restless monsters along the way.
13150000220	Help the Soldiers escape.
13150000221	Ask the Soldiers about the Relic's whereabouts.
13150000222	Search for the Relic using the information provided by the Soldiers.
13150000223	The Professor has already reached the Relic.
13150000224	A Pharaoh suddenly leaps out of the Relic. Find a way to defeat him.
13150000225	At the moment of danger, the necklace around your neck suddenly begins to glow, drawing you into that mysterious space once again.
13150000226	Ki introduces himself as the Guide of Time and Space and tells you of the mission you bear.
13150000227	Head to the Space-Time Gate ahead.
13150000228	Ki explains that multiple parallel space-times exist within this universe.
13150000229	Return to the real world from the Garden of Chronology.
13150000230	Return to Prontera with the Professor's group.
13150000231	The innkeeper invites you inside to rest.
13150000232	Fall asleep at the inn.
13150000233	Successfully defeat MVPs a total of @{1} times
13150000234	Have at least @{1} friends
13150000235	Win Pet Tower a total of @{1} times
13150000236	Log in to the game
13150000237	Complete @{1} treasure hunts
13150000238	Reach @{1} Battle Merit
13150000239	Reach @{1} points in Guild Territory War
13150000240	Participate in the War of Emperium @{1} times
13150000241	Participate in and win the War of Emperium @{1} times
13150000242	Activate @{1} Lv. @{2} Echo Resonances
13150000243	Raise all equipped Echoes to Lv. @{1}
13150000244	Equip @{1} blue Echoes.
13150000245	Equip @{1} purple Echoes
13150000246	Equip @{1} orange Echoes
13150000247	Enhance Echoes by a total of @{1} levels
13150000248	Kill @{1} Roda Frogs
13150000249	Kill @{1} Rockers
13150000250	Head to Payon and search for signs of Mushroom monsters.
13150000251	The Elder Lady gives you a Flying mount so you won't get lost
13150000252	Kill @{1} Mushrooms
13150000253	Kill @{1} Boas
13150000254	Kill @{1} Thief Bugs
13150000255	Kill Muka
13150000256	Kill Peco Peco
13150000257	Kill Bigfoot
13150000258	Kill @{1} Soldier Skeletons
13150000259	Kill @{1} Skeletons
13150000260	Kill Deniro and Piere: @{1}
13150000261	Kill Andre and Vitata: @{1}
13150000262	Kill @{1} Orc Warriors
13150000263	Kill @{1} Orc Ladies
13150000264	Kill @{1} Orc Skeletons
13150000265	Kill @{1} Orc Zombies
13150000266	Kill Goblin (Dagger) and Goblin (Hammer)
13150000267	Kill Goblin (Flail) and Goblin Archer
13150000268	Kill @{1} monsters in the Munak Cave
13150000269	Claim @{1} map rewards
13150000270	Claim @{1} area rewards
13150000271	Claim the South Gate map reward
13150000272	You spot a dejected young man. Ask him what happened.
13150000273	Head to Izlude and ask Luna about Baya.
13150000274	Head to the ball and meet up with Luna.
13150000275	Perform the opening dance with Luna.
13150000276	Head to the Novice Academy and ask Mentor Alphonse about Baya.
13150000277	Share the information about Baya with Allen.
13150000278	After overhearing some passersby, Allen gets an idea for a gift.
13150000279	Purchase a Bunny Hair Band from the Headgear Merchant.
13150000280	The Headgear Merchant sets the terms for the exchange. Hear what Allen thinks.
13150000281	Collect the materials needed for the Bunny Hair Band.
13150000282	Allen has gathered the materials too. Meet him at the Headgear Merchant.
13150000283	Exchange them for a Bunny Hair Band with the Headgear Merchant.
13150000284	Deliver the Bunny Hair Band to Baya with Allen.
13150000285	Stumbled upon an argument in Payon Forest.
13150000286	Ask passersby what happened.
13150000287	Decide to take down the scalpers from within, starting with Granny Gwen.
13150000288	Collect Whispering Flowers favored by Rockers.
13150000289	Report your collection progress to Granny Gwen.
13150000290	Go to Granny Gwen's house together.
13150000291	Place Whispering Flowers along the way.
13150000292	Wait for the Rocker to appear in Southern Payon.
13150000293	The Rocker took the bait, much to Grandma Gwen's delight.
13150000294	Continue the divide-and-conquer plan by targeting Grandpa Bob.
13150000295	Head to Grandpa Bob's yard together.
13150000296	Carry out the rat-catching operation.
13150000297	With the rat problem solved, Grandpa Bob decided to join your side.
13150000298	Return to Payon Forest with the good news.
13150000299	Defeat Jack the Scalper.
13150000300	Defeated, Jack fled as fast as his legs could carry him.
13150000301	Stroll through Prontera and listen to the nearby vendors calling out.
13150000302	Check out the Weapon dealer's stall.
13150000303	One stall stands out in particular. Go check it out.
13150000304	Follow Jax to the banquet.
13150000305	The attackers on the road were the Guild Members' family members. Hear what they have to say.
13150000306	Enter the banquet hall and listen to Jax's speech.
13150000307	Talk with the Guild Members at the banquet.
13150000308	It's time to make the final choice.
13150000309	Receive an urgent letter from Professor Ryan.
13150000310	Buy a sandwich for the professor.
13150000311	Head to the professor's research site.
13150000312	Ask the professor about the results of the research.
13150000313	Use the pheromones on yourself.
13150000314	Let the giant ant catch your scent.
13150000315	Talk to the professor.
13150000316	Prepare for the race.
13150000317	Finish the race.
13150000318	Tell the professor the race results.
13150000319	Receive a letter from Wule.
13150000320	Tell the professor what the letter says.
13150000321	Go to the bulletin board in Prontera.
13150000322	Check the wanted poster.
13150000323	Ask the guard for details about the theft.
13150000324	Ask Hollgrehenn what he remembers about the theft.
13150000325	Ask Nita what she remembers about the theft.
13150000326	Ask Cliffer what he remembers about the theft.
13150000327	A letter suddenly arrives.
13150000328	Follow the letter's instructions and head to Eastern Payon.
13150000329	Z is taking a while. Pet the kitten while you wait.
13150000330	Play hide-and-seek.
13150000331	Find out why the stray cat is meowing.
13150000332	Check the note around the cat's neck.
13150000333	Follow the letter's instructions and head to South Morroc.
13150000334	Find out what's going on.
13150000335	Help the poor man.
13150000336	Play the shell game.
13150000337	Return the sword to Blacksmith Hollgrehenn.
13150000338	Return the Ring to Girl Nita.
13150000339	Return the spellbook to Mage Cliffer.
13150000340	Continue exploring Munak Cave
13150000341	Continue exploring Ant Hell
13150000342	Continue exploring Orc Village
13150000343	Continue exploring Orc Cave
13150000344	Continue exploring Goblin Forest
13150000345	Complete Season quest @{1}
13150000346	Use the Red Potion obtained from the Novice Chest.
13150000347	Tap the quest to learn about automatic potion resupply.
13150000348	Allocate Skill Points.
13150000349	Allocate Stat Points.
13150000350	Tower Trial
13150000351	Level-up Talents @{1} time(s)
13150000352	Obtain the Lion Mount
13150000353	Ride the Lion mount
13150000354	Obtain the Hyena mount
13150000355	Ride the Hyena mount
13150000356	Obtain the Wild Boar mount
13150000357	Ride the Wild Boar mount
13150000358	Obtain the Alpaca mount
13150000359	Ride the Alpaca mount
13150000360	Obtain the Ostrich mount
13150000361	Ride the Ostrich mount
13150000362	Obtain the Fox mount
13150000363	Ride the Fox mount
13150000364	Equip @{1} cards
13150000365	Enter the airship and defeat the evil forces.
13150000366	Enter Maya's Nest and defeat Maya.
13150000367	Learn about the Monster Conquest System
13150000368	Select the quest to learn about Auto-Battle
13150000369	Obtain @{1} pets
13150000370	Deploy @{1} Pets
13150000371	Complete Pet Tower once
13150000372	Use @{1} minutes of boosted auto-battle time
13150000373	Select the quest to learn about the Phantom Realm dungeon
13150000374	Equipment Refining
13150000375	Select the quest to learn about Battle Royale
13150000376	Fly Wing Tutorial
13150000377	MVP Activity Quest
13150000378	Tower Activity Quest
13150000379	10-Player Dungeon Activity Quest
13150000380	Guild League Preliminary Quest
13150000381	Guild League Semifinals Mission
13150000382	Guild League Finals Mission
13150000383	Expedition Activity Mission
12980000000	Drop Test-Chest-Entire Server Limit-Limit Replacement
12980000001	Drop Test-Chest-Entire Server Limit-Limit Deduction
12980000002	Drop Test @{1}-Personal Limit-Limit Replacement
12980000003	Drop Test @{1}-Personal Limit-Limit Deduction
12980000004	Drop Test @{1}-Entire Server Limit-Limit Replacement
12980000005	Drop Test @{1}-Entire Server Limit-Limit Deduction
12980000006	Ultra-Luxury Mount-Daily Limit: @{1}-Maximum: @{2}
12980000007	Hidden Treasure-Additional rewards-Basic Chest Limit
12980000008	Hidden Treasure-Additional rewards-Gift Chest Limit
12980000009	Hidden Treasure-Additional rewards-Supreme Chest Limit
12980000010	Monster Hunt-Area @{1}-Medal Limit
12980000011	Novice Poring Drop-@{1}-Time Reward
12980000012	Beginner Tutorial-Card: Poring-@{1}-Time Reward
12980000013	Rare Reward-Angeling-MVP Limit
12980000014	Rare Reward-Angeling-Illusion Limit
12980000015	Rare Reward-Golden Thief Bug-MVP Limit
12980000016	Rare Reward-Golden Thief Bug-Illusion Limit
12980000017	Rare Reward-Deviling-MVP Limit
12980000018	Rare Reward-Deviling-Illusion Limit
12980000019	Rare Reward-Orc Hero-MVP Limit
12980000020	Rare Reward-Orc Hero-Illusion Limit
12980000021	Rare Reward-Phreeoni-MVP Limit
12980000022	Rare Reward-Phreeoni-Illusion Limit
12980000023	Rare Reward-Maya-MVP Limit
12980000024	Rare Reward-Maya-Illusion Limit
12980000025	Rare Reward-Orc Lord-MVP Limit
12980000026	Rare Reward-Orc Lord-Illusion Limit
12980000027	Rare Reward-Drake-MVP Limit
12980000028	Rare Reward-Drake-Illusion Limit
12980000029	Rare Reward-Goblin Leader-MVP Limit
12980000030	Rare Reward-Goblin Leader-Illusion Limit
12980000031	Rare Reward-Eddga-MVP Limit
12980000032	Rare Reward-Eddga-Illusion Limit
12980000033	Rare Reward-Mistress-MVP Limit
12980000034	Rare Reward-Mistress-Illusion Limit
12980000035	Rare Reward-Osiris-MVP Limit
12980000036	Rare Reward-Osiris-Illusion Limit
12980000037	Rare Reward-Moonlight Flower-MVP Limit
12980000038	Rare Reward-Moonlight Flower-Illusion Limit
12980000039	Rare Reward-Dracula Baron-MVP Limit
12980000040	Rare Reward-Dracula Baron-Illusion Limit
12980000041	Rare Reward-Doppelganger-MVP Limit
12980000042	Rare Reward-Doppelganger-Illusion Limit
12980000043	Rare Reward-Pharaoh-MVP Limit
12980000044	Rare Reward-Pharaoh-Illusion Limit
12980000045	Rare Reward-Baphomet-MVP Limit
12980000046	Rare Reward-Baphomet-Illusion Limit
12980000047	Rare Reward-Kraken-MVP Limit
12980000048	Rare Reward-Kraken-Illusion Limit
12980000049	Novice Tutorial-Eddga-@{1}-Time Reward
12980000050	Novice Tutorial-Precious Chest-@{1}-Time Reward
12980000051	Vigor
12980000052	Hidden Treasure--Earthly Fiend
12980000053	Territory War-Weekly Blackhole Attempts
12980000054	Territory War-Weekly Trap Hunter Attempts
13150000439	Equip the Divine Totem.
13150000440	Equip the Soul Echo.
13150000441	Complete the following objectives to earn points
13150000442	Return to the NPC to claim your reward
13150000443	Collect Magic Crystals +@{1} Points
13150000444	Kill Monster A +@{1} Points
13150000445	Defeat players from other guilds: +@{1} points
13150000446	Remaining on the current channel
13150000447	Secret Trove Chest Claims
13150000448	This quest embodies the tireless efforts of countless predecessors and grants unlimited EXP.
13150000449	Choose your Job Advance path and gain incredible power.
13150000450	You receive a letter from the Job Advance Mentor.
13150000451	In the letter, the Job Advance Mentor asks you to meet in Prontera.
13150000452	The instructor explains the second Job Advance.
13150000453	With your Job Advance path decided, go touch the Book of Job Advancement.
13150000454	Clear a five-player dungeon with Guild Members: Complete the dungeon with at least @{1} Guild Members^{1} from the same guild in the party^{2}
13150000455	Clear a ten-player dungeon with Guild Members: Complete the dungeon with at least @{1} Guild Members^{1} from the same guild in the raid^{2}
13150000456	Participate in the guild bonfire event
13150000457	Participate in the Guild League
13150000458	Participate in the Guild Capital War
13150000459	Participate in the Guild Escort War
13150000460	Participate in the Guild Stronghold War
13150000461	Participate in the Guild State Capital War
13150000462	Participate in the Guild Gloom over Longguo Island event
13150000463	Participate in the Guild Nature God Ilmata event
13150000464	Complete the Battle of Dragon Coffin Island once with ^{1}@{1} Member(s)^{2} from your guild
13150000465	Participate in Wedding Crashers
13150000466	Participate in the Hunting Challenge
13150000467	Take your first step into exploring the continent of Midgard.
13150000468	Defeat MVP Angeling in a Party
13150000469	Form a party and defeat the MVP Golden Thief Bug
13150000470	Defeat the MVP Deviling in a party
13150000471	Defeat MVP Orc Hero in a party
13150000472	Defeat MVP Phreeoni in a party
71001	Adventure
71002	Please select ${1}/${2} Encounters
71003	Current Deck
71004	Refresh
71005	Selection Countdown: ${1}
71006	Confirm
71007	Current Encounter
71008	No Current Encounter
71009	Encounter Cards: ${1}
71010	All
71011	Effect Details
71012	Lv.${1}
13150000485	Defeat MVP Kraken in a party
13150000486	Defeat MVP Producer Yu in a party
13150000487	Auto-battle in a party for @{1} minutes
13150000488	Participate in a battle royale as a party
13150000489	Defeat Golden Thief Bug (Normal) in a party
13150000490	Defeat Normal Orc Hero in a party
13150000491	Form a party and defeat the Normal Pirate King
13150000492	Defeat Mistress on Normal in a party.
13150000493	Form a party and defeat Mistress (Normal)
13150000494	Team up to defeat Normal Osiris
13150000495	Form a party and defeat the normal Pharaoh
13150000496	Defeat Normal Moonlight Flower in a party
13150000497	Form a party and defeat Baphomet on Normal.
13150000498	Form a party and defeat Golden Thief Bug on Hard.
13150000499	Form a party and defeat Orc Hero on Hard.
13150000500	Form a party and defeat Drake on Hard.
13150000501	Form a party and defeat Mistress on Hard difficulty
13150000502	Defeat Hard Maya in a party
13150000503	Defeat Hard Osiris in a party
13150000504	Defeat Hard Pharaoh in a party
13150000505	Defeat Hard Moonlight Flower in a party
13150000506	Defeat Hard Baphomet in a party
13150000507	Defeat the Hidden Land Boss in a party
13150000508	Defeat Normal Ishti in a party
13150000509	Defeat Normal Nesha in a party
13150000510	Defeat Normal Ilmo in a party
13150000511	Defeat Normal Mirko in a party
13150000512	Defeat Hard Ishti in a party
13150000513	Defeat Hard Nesha in a party
13150000514	Defeat Hard Ilmo in a party
13150000515	Defeat Hard Mirko in a party
13150000516	Defeat Final Trial Ishti in a party
13150000517	Form a party and defeat Nessa in the Final Trial
13150000518	Team up to defeat Ilmo in the Final Trial
13150000519	Form a party and defeat Mirko in the Final Trial
13150000520	【Watering】 Water the Adventure Party's sapling once.
13150000521	【Challenge】 Defeat an MVP with any Member of your Adventure Party.
13150000522	【Challenge】 Clear any Phantom Realm with at least @{1} other Members of your Adventure Party.
13150000523	【Challenge】 Clear any Realm of the Gods with at least @{1} other Members of your Adventure Party.
13150000524	[Competition] Complete Kafra: Battle of the Survivors with at least @{1} Member from your Adventure Party
13150000525	Reach @{1}% completion for the First Movement
13150000526	Reach @{1}% completion for Movement II
13150000527	Reach @{1}% completion for Movement III
13150000528	Complete all Genesis Movements
13150000529	A crowd has gathered up ahead. Go take a look.
13150000530	Listen to what these people are saying
13150000531	Find the person in charge of the trial
13150000532	Learn about the Novice Trial from Rhine
13150000533	Defeat @{1} Porings to prove your combat prowess
13150000534	Tell Rhine how your trial went
13150000535	Talk to the Guide again
13150000536	Prepare for the next trial
13150000537	Defeat @{1} Fabres to prove your strength
13150000538	Tell the Trial Officer you have completed the trial
13150000539	To Prontera
13150000540	Go To Prontera and visit the Head Job Advance Mentor
13150000541	Go to the Grand Lecture Hall and find the Head Job Advance Mentor
13150000542	Touch the Book of Job Advancement.
13150000543	Job Advance successful. Talk to the Mentor.
13150000544	Use a certain number of Skill Points
13150000545	The Mentor has something to teach you about attributes.
13150000546	You've grown much stronger. Now go take on some Eden Group commissions.
13150000547	Talk to Eden Group Secretary Lime to accept a request
13150000548	Defeat any @{1} monsters outside the South Gate
13150000549	Ask Rhine how to use the equipment you just obtained
13150000550	Turn in the request to Rhine and receive your reward
13150000551	Talk to Rhine
13150000552	Talk to Rhine about mounts
13150000553	Talk to Rhine. She seems to have a new request for you.
13150000554	Find Poya and accept his commission.
13150000555	Head to Southern Payon and meet up with Baoya
13150000556	Kill @{1} Boa to obtain Snake Galls
13150000557	Give the collected Snake Gallbladders to Baoya
13150000558	Defeat @{1} Willows and collect their bark
13150000559	Give the collected bark to Boya
13150000560	Search for the snake egg at the location Boya described
13150000561	Pick up the snake egg quickly without being discovered
13150000562	Fend off the endless waves of monsters
13150000563	Give the egg to Boya and Complete the Commission
13150000564	Talk to Boya about what to do next
13150000565	Go to Payon Forest and meet up with Boya
13150000566	Talk to Boya to learn the mission objective
13150000567	Use a Fly Wing to search for signs of Eddga
13150000568	Clear out the nearby Horns
13150000569	A Hunter calls out to you
13150000570	Search for traces of Eddga along the road
13150000571	Something feels wrong. Look around
13150000572	Eddga is incredibly powerful and has defeated Boya and Wule
13150000573	Defeat Eddga
13150000574	Collect fur from the defeated Eddga
13150000575	Talk to Boya and Wule
13150000576	Boya and Wule are talking to someone. Go see what's happening
13150000577	Use a Butterfly Wing to return directly to Prontera
13150000578	Report everything that happened to the Party Leader
13150000579	Learn Equipment Forging from Hollgrehenn
13150000580	Show Hollgrehenn what you learned
13150000581	Tell the Party Leader what you learned from Hollgrehenn
13150000582	The Party Leader has recognized your strength and will invite you to join a top-secret new Commission
13150000583	Go to Izlude
13150000584	Meet up with Party Leader Eikuni
13150000585	Ask a Caravan Member what happened
13150000586	Retrieve @{1} crates of cargo from the Mukas
13150000587	Search for the Caravan Party Leader
13150000588	A Peco Peco captured the Party Leader! Is it planning to feed them to its chicks?
13150000589	Defeat the Peco Peco
13150000590	Rescue the Party Leader and the mysterious woman
13150000591	Talk to the Party Leader
13150000592	Gather up the caravan's cargo
13150000593	It's finally time to leave. Talk to the Party Leader
13150000594	Board the Airship and prepare to depart
13150000595	The compass you're carrying suddenly starts glowing. Very strange
13150000596	Touch the glowing compass to reveal a strange vision
13150000597	Talk to the attendant to officially board
13150000598	Talk to your companions
13150000599	Go to the Adventurer camp at the edge of the desert
13150000600	Ask Hawk, the camp manager, about the professor's whereabouts
13150000601	Search west of the camp for signs of the professor
13150000602	Help the Adventurers exterminate the Chonchons
13150000603	Ask passersby if they have seen the professor
13150000604	Search for the professor near Ant Hell
13150000605	Clear out the ants nearby
13150000606	Report your findings to Hawk
13150000607	Advance a Growth Emblem once
13150000608	Complete the Job Advance to unlock further Skill Learning
13150000609	Use @{1} Skill Points for the Second Job Change
13150000610	Start Learning new talents
13150000611	Ask Hawk about his new Clue and continue searching for the professor
13150000612	Go to Ant Hell to find the professor
13150000613	Clear out the excess monsters in Ant Hell
13150000614	Bobo discovered an important Clue
13150000615	Read the notes for a Clue to the professor's whereabouts
13150000616	Continue deeper into Ant Hell
13150000617	Venture deeper into Ant Hell to find the professor
13150000618	The bespectacled middle-aged man ahead may be the professor
13150000619	Cover the naked girl with some clothes
13150000620	Something unexpected suddenly happens
13150000621	Maya suddenly abducts the Professor, leaving you all frozen in shock
13150000622	It's the man from earlier. Ask if he knows how to find the professor
13150000623	Collect body parts from different ants
13150000624	Give the materials to the Adventurer so he can create a tracker ant
13150000625	Head to the crossroads and release the pathfinder ant
13150000626	Follow the pathfinder ant to the entrance of the queen ant's nest
13150000627	Crawl into the hole
13150000628	The commander seems worried about you. Talk to her
13150000629	Bobo has something to tell you
13150000630	The professor is overflowing with gratitude. Hear what he has to say
13150000631	Ask the Pet Merchant how to use the Egg Incubator
13150000632	Ask the Pet Merchant what to do next
13150000633	Ask the professor why he went to the desert
13150000634	Something completely unexpected happened...
13150000635	Talk to the woman nearby
13150000636	Talk to the woman
13150000637	Talk to the puzzled professor and commander nearby
13150000638	Open ^{1}Daily Must-Dos^{2} and complete ^{3}Daily Misc activities (Dumby's Request, AFK in the Field, etc.)^{4} to earn lots of EXP
13150000639	You've made a major leap in power and can now advance to Trans. 2nd.
13150000640	Complete Trans. 2nd
13150000641	The Job Advance Mentor gave you materials for forging equipment
13150000642	Complete Equipment Forging with Hollgrehenn
13150000643	Professor Ryan sent you a letter
13150000644	The professor's important instrument is missing, and they need your help
13150000645	Search the suspected location
13150000646	Meet up with the Chivalry investigator
13150000647	Ji'ang looks confident. Follow him
13150000648	Ji'ang found a suspicious object
13150000649	Ji'ang is trying to express something. Bobo seems able to communicate with him at an Easy level
13150000650	Ji'ang refuses to go any farther. Defeat the terrifying monsters for him
13150000651	The Clue points to Culvert Floor @{1}. Keep moving
13150000652	Ji'ang stopped someone. There seems to be more to this
13150000653	You've found enough Clues. Summarize your findings
13150000654	There must be more than one Thief. Chase after them
13150000655	Enter the depths of the Culvert
13150000656	Capture the Thief
13150000657	Bobo seems to have something to say
13150000658	Return to Prontera and report to the professor
13150000659	The professor asks for your help again
13150000660	The professor's cargo went missing at the North Gate. Go investigate
13150000661	The compass is reacting strangely
13150000662	Search for the missing cargo
13150000663	Inspect the scattered cargo
13150000664	Question the caravan Member nearby
13150000665	Defeat Morroc
13150000666	Inspect the cargo
13150000667	Say goodbye to the caravan Members
13150000668	Go to the location the professor mentioned
13150000669	Pick up the strange instrument
13150000670	Chivalry Members block your way
13150000671	Connect the instrument to the stone pillar
13150000672	The Stone Pillar has been activated, and Ji has appeared again
13150000673	Encounter the mysterious woman again
13150000674	Ask the mysterious woman about the situation
13150000675	Listen to the Soldier's Report
13150000676	Go to the Pyramid and investigate
13150000677	Ask around about the situation nearby
13150000678	Venture deep into the Pyramid
13150000679	Help the Soldier Deal with the Monsters
13150000680	Ask the Soldier about the situation
13150000681	Find the Relic and the Professor's group
13150000682	See what's happening up ahead
13150000683	Clear the Pharaoh Dungeon
13150000684	Talk to the Knight Leader
13150000685	Ask the Professor
13150000686	Touch the Realm Diorama
13150000687	Respond to a Crisis
13150000688	Awaken in the Court of Time
13150000689	Say hello to Bragis
13150000690	Go to the second platform in the Garden of Time
13150000691	Observe what happens
13150000692	Ask Bragis about the situation
13150000693	You Discover yourself lying on the ground...
13150000694	Listen to the professor explain everything
13150000695	Head to the Inn and Rest
13150000696	Relax.
13150000697	Witness the Prophecy in the Dream
13150000698	You've reached the end of the current main Quests. Check out the events and enjoy your adventures in this world!
13150000699	Complete the Phantom Realm Challenge
13150000700	Create or Join a guild (once you've joined, you can participate in evening events and earn Auction Dividends)
13150000701	Make friends. Let's Run Dungeons together—it'll be a breeze!
13150000702	Follow Bobo to start Learning the Professions (you can Produce Equipment Forging materials and various Consumables)
13150000703	Follow Bobo to learn about the Trade Exchange (where valuable items are Tradeable)
13150000704	Complete a Training Ground Dummy Challenge
13150000705	Follow Bobo to learn about the Build Handbook (where you can Learn about each Build's unique features)
13150000706	Follow Bobo to learn about Auto-Battle
13150000707	Follow Bobo to Rent a Cart Merchant
13150000708	Follow Bobo to Rent a Falcon
13150000709	Follow Bobo to Rent a Peco Peco
13150000710	Follow Bobo to Rent a Madogear Pilot
13150000711	Follow Bobo to Rent a Demonic Wolf
13150000712	Reach Lv. @{1} by Season Settlement
13150000713	Complete the third Job Change to gain immense power
10930100000	No buff effect
10930100001	Life +@{1}%, ATK +@{2}%
12520200000	Everyone is gathering around the Bonfire, chatting as they wait for the event to begin.
12520200001	Collect Live Coal in the territory and add it to the bonfire to trigger a Level-up and unlock bonfire abilities.
12520200002	Join the party activities, Transform, and enter the raffle\n^{1}The larger your transformed Size, the better the prize^{2}
12520200003	Work together to defeat the mysterious enemy and earn a participation reward!\n^{1}Land the final blow for a special reward!^{2}
71501	You have selected ${1} cards and cannot select any more.
71502	Please select ${1} Encounters first.
71503	Cannot refresh again.
71504	Refresh (${1}/${2})
71505	Current Encounter Group
10760100000	Trainee
10760100001	Regular
10760100002	Advanced
10760100003	Superior
10760100004	Elite
10760100005	Chief
10820000000	Guild Auction
10820000001	World Auction
10820000002	Event Auction
10820000003	Raid Auction
10820000004	Guild League
10820000005	God of Nature
10820000006	Stronghold War Auction
10820000007	North-South Brown King
10820000008	Space Rift
10820000009	Poring Chest
10820000010	Equip
10820000011	Card
10820000012	Pet
10820000013	Material
72001	Portrait
72002	Portrait Frame
72003	Chat
72004	Title
72005	Title
72006	Profile Card
72007	Outfit Not Yet Unlocked
72008	Permanently Owned
72009	Outfit Details
72010	Equip
72011	Appearance Settings
72012	Chat Settings Saved
72013	Titleless
72014	No Title
72015	Successfully activated ${1}: ${2}
72016	Popularity
72017	Star Points
72018	Profile Card
72019	Friends
12470000000	Basic Attack
12470000001	Basic Defense
12470000002	Intermediate Attack
12470000003	Intermediate Defense
12470000004	Advanced Attack
12470000005	Ultimate Defense
12300000000	Second Job Change
12300000001	Trans. 2nd
12300000002	Third Class Advancement
10010500000	Every @{1} STR grants @{2} PDEF. Swordsmen, Thieves, Merchants, Mages, and Acolytes gain an Extra @{3} PATK and @{4}% PATK.
10010500001	Every @{1} AGI grants @{2} FLEE and @{3} ASPD
10010500002	Every @{1} VIT grants @{2} Life, @{3}% Max Life, and a certain amount of HP recover
10010500003	Every @{1} INT grants @{2} Magic ATK, @{3} Magic DEF, @{4}% Magic ATK, @{5}% Max MP, and a certain amount of MP recovery
10010500004	Every @{1} DEX grants @{2} HIT and @{3} Cast Speed. Archers gain an Extra @{4} PATK and @{5}% PATK.
10010500005	Every @{1} LUK grants @{2} CRIT, @{3} FLEE, and @{4} HIT
10010500006	Converted to the character's Life
10010500007	Converted to the character's Physical ATK
10010500008	Converted to the character's Magic ATK
10010500009	Converted to Physical ATK and Magic ATK
10010500010	Converted to Physical DEF and Magic DEF
10010500011	Converted to other elemental damage
10010500012	Converted to other crowd-control debuff attributes
10010500013	Every @{1} STR grants @{2} melee-class Physical ATK, @{3} Physical DEF, and @{4}% melee-class Physical ATK
10010500014	Every @{1} DEX grants @{2} HIT, @{3} ranged-class Physical ATK, @{4}% ranged-class Physical ATK, and @{5} CT Speed
10010500015	The character's maximum Life. The character dies when current Life reaches @{1}
10010500016	Some skills consume MP when cast
10010500017	Increases your PDMG output.
10010500018	Increases your MDMG output.
10010500019	Reduces Physical damage taken
10010500020	Reduces magic damage taken
10010500021	Recovers ${1} Life every @{1} sec.
10010500022	Recovers ${1} MP every @{1} sec.
10010500023	Affects the chance for Normal Attacks and certain skills to HIT targets
10010500024	Affects the chance of being hit by Normal Attacks and certain skills
10010500025	Affects the CRIT chance of Damage Skills and healing skills
10010500026	Affects the chance of receiving critical hits from Damage Skills
10010500027	Distance moved per second
10010500028	Character ASPD: ${1}%.\nASPD reduces the animation time of the character's Basic Attacks and certain skills
10010500029	Character ASPD: ${1}% (Max: @{1}%)\nExcess ASPD: ${2}\nEvery @{2} excess ASPD is converted to @{3}% Physical ATK (Max: @{4}%)
10010500030	Variable CT Reduction: ${1}% (Max: @{1}%)\nExcess CT Speed: ${2}\nEvery @{2} excess CT Speed is converted to @{3}% Magic ATK (Max: @{4}%)
10010500031	Performs ${1} Basic Attacks every @{1} sec.
10010500032	Recovers ${1} Life every @{1} sec. while out of combat
10010500033	Recovers ${1} MP every @{1} sec. while out of combat
10010500034	Reduces the variable CT of the character's skills by ${1}S
10010500035	Reduces the variable CT of the character's skills by ${1}%
10010500036	Reduces the fixed CT of the character's skills by ${1}S
10010500037	Reduces the fixed CT of the character's skills by ${1}%
10010500038	Reduces the Cooldown of the character's ${1} skill.
10010500039	Reduces the global Cooldown of the character's skills by ${1}%
10010500040	Affects the healing of the character's healing skills
10010500041	Affects healing received from healing skills
10010500042	Affects the critical damage of the character's Damage Skills and healing skills
10010500043	Affects critical damage taken from Damage Skills
10010500044	Affects the damage of the character's Physical Damage Skills
10010500045	Affects damage taken from Physical Damage Skills
10010500046	Affects the damage of the character's magic Damage Skills
10010500047	Affects damage taken from magic Damage Skills
10010500048	Affects the damage of the character's Damage Skills
10010500049	Affects damage taken from Damage Skills
10010500050	Your Physical Damage Skills ignore the target's PDEF.
10010500051	Your Magic Damage Skills ignore the target's MDEF.
10010500052	Adds an Extra attack that ignores DEF when calculating damage
10010500053	Extra attacks triggered when dealing magic damage ignore damage reduction from Magic DEF
10010500054	Reduces damage from the target's Extra attacks and attacks when calculating damage
10010500055	Reduces damage dealt by magic Extra attacks
10010500056	Increases damage dealt by skills
10010500057	Reduces damage taken from skills
10010500058	Affects the damage of your melee Physical Damage Skills
10010500059	Affects damage taken from melee Physical Damage Skills
10010500060	Affects the damage of your ranged Physical Damage Skills
10010500061	Affects damage taken from ranged Physical Damage Skills
10010500062	Affects your damage against monsters
10010500063	Affects your damage taken from monsters
10010500064	Affects your damage against players
10010500065	Affects your damage taken from players
10010500066	Increases damage dealt when your attack element is at a disadvantage
10010500067	Reduces damage taken when your defensive element is at a disadvantage
10010500068	Increases the character's Critical Chance
10010500069	Reduces the Chance of the character receiving a critical hit
10010500070	Increases healing from your healing items by ${1}
10010500071	Increases healing received from healing items by ${1}
10010500072	Increases your healing by ${1}
10010500073	Increases healing received by ${1}
10010500074	Increases magic recovery from your skills by ${1}
10010500075	Increases magic recovery received from items by ${1}
10010500076	Increases magic recovery from your items by ${1}
10010500077	Increases your magic recovery by ${1}
10010500078	Increases magic recovery received by ${1}
10010500079	Affects the damage of your melee magic Damage Skills
10010500080	Affects damage taken from melee magic Damage Skills
10010500081	Affects the damage of your ranged magic Damage Skills
10010500082	Affects damage taken from ranged magic Damage Skills
10010500083	Chance to trigger an Extra critical hit after landing a critical hit
10010500084	While mounted, moves ${1} cm every @{1} seconds
10010500085	Affects your Neutral skill damage
10010500086	Affects your Wind skill damage
10010500087	Affects your Earth skill damage
10010500088	Affects your Fire skill damage
10010500089	Affects your Water skill damage
10010500090	Affects your Poison skill damage
10010500091	Affects your Holy skill damage
10010500092	Affects your Shadow skill damage
10010500093	Affects your Undead skill damage
10010500094	Affects Neutral skill damage taken
10010500095	Affects Wind skill damage taken
10010500096	Affects Earth skill damage taken
10010500097	Affects Fire skill damage taken
10010500098	Affects Water skill damage taken
10010500099	Affects Poison skill damage taken
10010500100	Affects Holy skill damage taken
10010500101	Affects Shadow skill damage taken
10010500102	Affects Undead skill damage taken
10010500103	Affects your damage against Neutral monsters
10010500104	Affects your damage against Wind monsters
10010500105	Affects your damage against Earth monsters
10010500106	Affects your damage against Fire monsters
10010500107	Affects your damage against Water monsters
10010500108	Affects your damage against Poison monsters
10010500109	Affects your damage against Holy monsters
10010500110	Affects your damage against Shadow monsters
10010500111	Affects your damage against Ghost monsters
10010500112	Affects your damage against Undead monsters
10010500113	Affects your damage taken from Neutral monsters
10010500114	Affects your damage taken from Wind monsters
10010500115	Affects your damage taken from Earth monsters
10010500116	Affects your damage taken from Fire monsters
10010500117	Affects your damage taken from Water monsters
10010500118	Affects your damage taken from Poison monsters
10010500119	Affects your damage taken from Holy monsters
10010500120	Affects your damage taken from Shadow monsters
10010500121	Affects your damage taken from Ghost monsters
10010500122	Affects your damage taken from Undead monsters
10010500123	Affects your damage against Brute Race enemies
10010500124	Affects your damage against Demi-Human Race enemies
10010500125	Affects your damage against Demon Race enemies
10010500126	Affects your damage against Plant Race enemies
10010500127	Affects your damage against Undead Race enemies
10010500128	Affects your damage against Formless Race enemies
10010500129	Affects your damage against Fish Race enemies
10010500130	Affects your damage against Angel Race enemies
10010500131	Affects your damage against Insect Race enemies
10010500132	Affects your damage against Dragon Race enemies
10010500133	Affects your damage taken from Brute Race enemies
10010500134	Affects your damage taken from Demi-Human Race enemies
10010500135	Affects your damage taken from Demon Race enemies
10010500136	Affects your damage taken from Plant Race enemies
10010500137	Affects your damage taken from Undead Race enemies
10010500138	Affects your damage taken from Formless Race enemies
10010500139	Affects your damage taken from Fish Race enemies
10010500140	Affects your damage taken from Angel Race enemies
10010500141	Affects your damage taken from Insect Race enemies
10010500142	Affects your damage taken from Dragon Race enemies
10010500143	Affects your damage against Small enemies
10010500144	Affects your damage taken from Small enemies
10010500145	Affects your damage against Medium enemies
10010500146	Affects your damage taken from Medium enemies
10010500147	Affects your Increase DMG vs Large Enemies stat
10010500148	Affects your damage taken from Large enemies
10010500149	Affects your damage against Boss monsters
10010500150	Affects your damage taken from Boss monsters
10010500151	Affects your damage against non-Boss monsters
10010500152	Affects your damage taken from non-Boss monsters
10010500153	Affects your Chance to inflict Silence
10010500154	Affects your Chance of being Silenced
10010500155	Affects your Chance to inflict Freeze
10010500156	Affects your Chance of being Frozen
10010500157	Affects your Chance to inflict Petrify
10010500158	Affects your Chance of being Petrified
10010500159	Affects the duration of Stun you inflict
10010500160	Affects the duration of Stun you receive
10010500161	Affects the duration of Burn you inflict
10010500162	Affects the duration of Burn you receive
10010500163	Affects the duration of Poisoned you inflict
10010500164	Affects the duration of Poisoned you receive
10010500165	Affects your Chance to inflict Immobilize
10010500166	Affects your Chance of being Immobilized
10010500167	Affects your Chance to inflict Fear
10010500168	Affects your Chance of being Feared
10010500169	Affects your Chance to inflict Curse
10010500170	Affects your Chance of being afflicted with Curse
10010500171	Affects your Chance to inflict Blind
10010500172	Affects your Chance of being afflicted with Blind
10010500173	Affects the duration of Bleed you inflict
10010500174	Affects the duration of Bleed inflicted on you
10010500175	Affects the duration of Paralyze you inflict
10010500176	Affects the duration of Paralyze inflicted on you
10010500177	Affects the duration of Sleep you inflict
10010500178	Affects the duration of Sleep inflicted on you
10010500179	Affects the duration of Slow you inflict
10010500180	Affects the duration of Slow inflicted on you
10010500181	Max HP
10010500182	Max SP
10010500183	% Physical ATK Increase
10010500184	% Magic ATK Increase
10010500185	% Physical DEF Increase
10010500186	% Magic DEF Increase
10010500187	Life % restored every @{1} sec.
10010500188	MP % restored every @{1} sec.
10010500189	% HIT Increase
10010500190	% FLEE Increase
10010500191	% CRIT Increase
10010500192	% CRIT Resistance Increase
10010500193	% Movement Speed Change
10010500194	Moves ${1} Distance every @{1} sec.
10010500195	% Attack Speed Increase
10010500196	Increases the effects of your Shield Skills by ${1}
10010500197	Increases the effects of Shield Skills applied to you by ${1}
10010500198	Increases the healing of your Healing Skills by ${1}
10010500199	Increases healing received from Healing Skills by ${1}
10010500200	Increases damage dealt by your Physical Skills or Basic Attacks by ${1}
10010500201	Reduces damage you take from the target's Physical Skills or Basic Attacks by ${1}
10010500202	Increases damage dealt by your Magic Skills by ${1}
10010500203	Reduces damage you take from the target's Magic Skills by ${1}
10010500204	Increases your damage dealt by ${1}
10010500205	Reduces damage you take from the target by ${1}
10010500206	Increases melee Physical damage
10010500207	Increases ranged Physical damage
10010500208	Reduces melee Physical damage taken
10010500209	Reduces ranged Physical damage taken
10010500210	Skill MP Cost
10010500211	% Skill MP Cost
10010500212	% Movement Speed Change
10010500213	Moves ${1} Distance every @{1} sec.
10010500214	Increases the healing of your Healing Skills by ${1}%
10010500215	Increases healing received from Healing Skills by ${1}%
10010500216	When a skill lands a critical hit, Damage Skills deal ${1}% damage and Healing Skills provide ${2}% healing
10010500217	When you receive a critical hit, reduces its critical damage multiplier by ${1}%
10010500218	Increases damage dealt by your Physical Skills or Basic Attacks by ${1}%
10010500219	Reduces damage you take from the target's Physical Skills or Basic Attacks by ${1}%
10010500220	Increases damage dealt by your Magic Skills by ${1}%
10010500221	Reduces damage you take from the target's Magic Skills by ${1}%
10010500222	Increases your damage dealt by ${1}%
10010500223	Reduces damage you take from the target by ${1}%
10010500224	Ignores some of the target's PDEF.
10010500225	Ignores a percentage of the target's Physical DEF
10010500226	Ignores some of the target's MDEF.
10010500227	Ignores a percentage of the target's Magic DEF
10010500228	Adds an attack when dealing Physical damage that ignores damage reduction from Physical DEF
10010500229	Reduces damage from additional Physical attacks
10010500230	Increases melee Magic damage
10010500231	Reduces melee Magic damage taken
10010500232	Increases ranged Magic damage
10010500233	Reduces ranged magic damage taken
10010500234	Increases damage ${1} deals to monsters
10010500235	Reduces damage taken from Monsters by ${1}
10010500236	Increases damage dealt to players
10010500237	Reduces damage taken from players
10010500238	Increases the Shield effect of Shield skills you cast by ${1}
10010500239	Increases the Shield effect by ${1} when affected by a Shield skill
13720100000	"Unlocked after using the item ""Netherworld - Shattered Tower"""
73000	Time
73001	Rank
73002	Points
73003	Reach 800 Total Points
10310000000	Simple and durable. A must-have for rookie merchants.
10310000001	Made from birch carefully selected and shaped by a master carpenter, this is the perfect choice for efficiency-minded Merchants. (Requires the Cart Remodeling skill to switch.)
10310000002	Adorned with fresh flowers and brimming with the spirit of spring. (Requires the Cart Remodeling skill to switch.)
10310000003	Covered in small bags collected throughout your travels and plush companions. (Requires the Cart Remodeling skill to switch.)
10310000004	Its iron body supports a canopy that shields it from the elements. Set up shop wherever you go with this true mobile storefront. (Requires the Cart Remodeling skill to switch.)
10310000005	This well-trained Falcon is the exclusive combat companion for hunters
10310000006	A specially trained Peco Peco, exclusively used as a combat mount by Knights.
10310000007	Another specially trained Peco Peco, exclusively used as a combat mount by Knights.
10310000008	A specially trained Peco Peco, exclusively used as a combat mount by Crusaders.
10310000009	Another specially trained Peco Peco, exclusively used as a combat mount by Crusaders.
10310000010	A Rune Knight's mount. Pretty cool, right?
10310000011	A Crusader's mount that combines a Lion and an eagle. Pretty cool, too!
10310000012	The Mechanic's exclusive Madogear Pilot. Climb aboard and unleash a fierce assault!
10310000013	A ferocious Demonic Wolf that will Fight Alongside the Ranger!
11080900000	Defeat Golden Thief Bug
11080900001	The chosen heroes sailed to Dragon Coffin Island. A terrifying roar from the heart of the island seems to herald an impending catastrophe...
11080900002	Fafnir's roars are drawing an endless stream of monsters. They intend to break the seal and free Fafnir. Stop them from reaching the seal and protect it from destruction.
11080900003	After successfully repelling the monsters' assault, the seal remains intact. The heroes must now enter Redrock Fortress within the seal and defeat Fafnir to quell the beast once and for all.
11080900004	The mighty Fafnir is imprisoned in the Inner Area of Redrock Fortress. Thorough preparations are essential to defeating it. The first priority is repairing the Dragon-Hunting Cannons on the raised platforms, which are crucial for suppressing the beast. Meanwhile, other heroes must enter the Inner Area and face Fafnir directly. (Warning: Confronting Fafnir is extremely dangerous. Only the strongest heroes should enter.)
11080900005	Only by working together can the heroes stand against Fafnir. Those on the high platform must operate the Dragon-Slaying Turrets to suppress the dragon, while those in the Inner Area face Fafnir in a battle to the death.
11080900006	The previous phase's barrage has greatly reduced Fafnir's Life and ATK. Now is the perfect time to finish it off. Warriors, assemble and enter the inner arena for the final showdown with Fafnir.
11080900007	Thanks to the heroes' valiant efforts, Fafnir, the Dragon of Greed, has finally been defeated. As the roars fade across Dragon Coffin Island, this land once shrouded in Fear will regain the peace and tranquility it knew long ago.
11080900008	Proceed to the designated location to begin the challenge.
11080900009	Defeat all monsters.
11080900010	Check that your siege equipment, potions, gear, and skills are properly prepared.
11080900011	Use battering rams, siege ladders, cannons, Madogear Pilots, and other siege equipment to breach the defenders' gate and charge into the Inner Area.
11080900012	Find a weak point in the enemy's defenses, Kill the Protector at the gate, and clear a path to the Glorious Metal.\nKilling Castle Guards and Protectors grants bonus time, extending the attack time limit.
11080900013	Capture the control point to remove the Glorious Metal's Invincible status and gain access to the nearest Revive point.
11080900014	Destroy the Glorious Metal and seize the castle!
11080900015	Use cannons, Madogear Pilots, and other siege equipment to defend the gate. If necessary, jump down from the walls to destroy the attackers' battering rams, siege ladders, cannons, and other equipment.
11080900016	Watch the attackers' routes carefully and help the Protector defend the path to prevent the enemy from scoring a Kill.\nEnter the circles around Protectors and Castle Guards to enhance their abilities.
11080900017	While the control point remains uncaptured, the Glorious Metal will be Invincible, and the enemy's Revive attack point will remain Away from the Glorious Crystal. Rally your Members and stop the enemy from capturing the control point!
11080900018	Protect the Glorious Metal from destruction until time runs out to claim victory!
11080900019	During this phase, players from opposing Factions cannot attack each other. Guild Members who do Not owned a stronghold may move through non-stronghold areas, while Guild Members who own a stronghold may move through any area. During this phase, you can gather intelligence before the battle, and battle commanders can use the command Function to deploy combat strategies.
11080900020	Each stronghold has a banner that attackers can damage. The guild of the player who deals the final blow temporarily takes control of the stronghold. If no other guild captures it within a certain period, the stronghold will be locked, giving that guild final control for the current battle.
11080900021	Cover Boya and Wule
11080900022	Join the Adventurers and defeat Eddga
11080900023	Encountered Golden Thief Bug on Culvert Floor @{1}
11080900024	Go to the fork and see what happened
11080900025	Encountered Baphomet at Prontera's North Gate
11080900026	Pulled into a mysterious space by a giant hand that suddenly appeared
11080900027	Explore ahead
11080900028	Popo was sucked into an unknown vortex. Go rescue him.
11080900029	A dangerous passage lies beneath the vortex. Make your way through as safely as possible.
11080900030	Bobo lies Weak on the ground
11080900031	Ride the Deniro
11080900032	The Deniro seems interested in the fluorescent substance. Gather some and feed it.
11080900033	Feed the Deniro
11080900034	Ride the Deniro to the depths of the Ant Hell
11080900035	Maya is at the deepest point of the Ant Hell, which must be where she is holding the Professor. Defeat her and rescue the Professor.
11080900036	Venture deeper into the cave to find the Professor
11080900037	Rescue the Professor from the ant egg
11080900038	Help the Weak Professor walk
11080900039	Open the treasured chest
11080900040	Have a Chitchat with them.
11080900041	Use the ship's cannons to attack the enemy vessels.
11080900042	Eliminate all enemies.
11080900043	Encountered an evil Boss aboard the airship
11080900044	Take a look around
11080900045	Check on the captain
11080900046	Defeat Baphomet
11080900047	Hide in the darkness. Don't let them Discover you.
11080900048	Find Louis, Martha, and Katie.
11080900049	Complete the opening dance with Luna.
11080900050	Talk to Luna to leave the ball.
11080900051	Talk to Luna to perform the opening dance again.
11080900052	Defeat the Peco Peco and rescue Bragis.
11080900053	Defeat three waves of attacking monsters.
11080900054	Retrieve the Professor's instrument.
11080900055	The Void Rift is unstable. Kill the boss within @{1} minutes to receive the reward.
13610000000	Energy Riot
13610000001	Prototype Trial
10080100000	Emi Continent Royal Capital
10080100001	Satellite City
270000	Your friends list is full.
270001	You are already on this player's friend request list.
270002	You are already friends.
270003	This player's friend request list is full.
270004	Your friends list is full.
270005	This player's friends list is full.
270006	This player is no longer on your friend request list.
270007	No information available.
270008	Group Name:
270009	Friend Recommendations
270010	Waiting for the recipient to Claim the gift
10140000000	Grand Prize
10140000001	Purchase Successful
10140000002	Listed successfully
10140000003	Listing Removed
10140000004	System Hint
10140000005	Successful Impeachment
10140000006	Failed Impeachment
10140000007	Impeachment initiated
10140000008	Impeachment to be responded
10140000009	Change Guild Name
10140000010	Take up the position as Guild Master
10140000011	Appoint as Leader
10140000012	Appoint Vice Guild Master
10140000013	Become Commander
10140000014	Appointed as Charisma Baby
10140000015	Become an Officer
10140000016	Welcome
10140000017	Low Guild Activity
10140000018	Guild disbanded
10140000019	Guild Creation Successful
10140000020	Guild creation failed. Items returned.
10140000021	Guild Group Mail
10140000022	MVP Reward Reissue
10140000023	Backpack is full
10140000024	Guild Building Leveled up
10140000025	Guild Caravan Compensation Rewards
10140000026	Spirit Tower Compensation Rewards
10140000027	Daily Activity Compensation
10140000028	Novice Handbook Rewards
10140000029	Delist Item
10140000030	Purchase Item
10140000031	Sell Items
10140000032	Close Stall Manually
10140000033	Passive Stall Closure (Time Expired)
10140000034	Passive Stall Closure (Items Sold Out)
10140000035	Ranking Rewards
10140000036	Dragon Coffin Island Gloom Participation Reward
10140000037	Dragon Coffin Island Gloom Clearance Reward
10140000038	League Rank Placement Notification
10140000039	Guild League Rewards
10140000040	Guild League Emblem
10140000041	Cancel Auto-Bid
10140000042	Bid Outbid
10140000043	Auction Settlement
10140000044	Auction Dividend Settlement Mail
10140000045	Bid Funds Refund
10140000046	10-Player Dungeon Ranking Test Mail
10140000047	Game Mode Auction Settlement
10140000048	Game Mode Auction Dividend
10140000049	Game Mode Bid Outbid
10140000050	Game Mode Auction Failed
10140000051	Fashion Rating Ranking
10140000052	Daily Quest Compensation Mail
10140000053	Rank Reward Mail
10140000054	Otherworldly Invasion Event Reissue Mail
10140000055	Otherworldly Invasion Event Guild Ranking Rewards
10140000056	Expired Resource Recovery
10140000057	Purchase Failed
10140000058	Item Manually Delisted
10140000059	Expired Item Delisted
10140000060	Delisted Due to Server Merge
10140000061	Trade Review
10140000062	Trade Review Approved
10140000063	Trade Penalty
10140000064	Trade Penalty Appeal Approved
10140000065	Trade Penalty Ended
10140000066	Trade Penalty Appeal Denied
10140000067	Trade Warning
10140000068	Top-Up Unfrozen Successfully
10140000069	Unusual Activity Alert
10140000070	Season Rank Reward Reissue
10140000071	Season Trophy Reward Reissue
10140000072	Stronghold War Auction Failed
10140000073	Stronghold War Auction Successful
10140000074	Stronghold War Individual Reward
10140000075	Gift of Time Event Reissue Mail
10140000076	Season Settlement: Conqueror Rewards
10140000077	Season Settlement: Veteran Rewards
10140000078	Season Settlement: Battle Merit Rewards
10140000079	Royal Capital Occupation Settlement Notification
10140000080	Gift of Time Crystal Gift Mail
10140000081	Lost Treasure Cumulative Rewards Reissue
10140000082	Guild Bonfire Raffle Reissue
10140000083	Dig Rewards
10140000084	Epic Campaign Participation Reward
10140000085	Ilmata, God of Nature
10140000086	Territory War Convoy Order Application Successful
10140000087	Territory War Convoy Order Application Failed
10140000088	Guild Auction Dividend
10140000089	Midterm Settlement Guild Rewards
10140000090	Territory War Convoy Buyer Reward
10140000091	Territory War Convoy Raider Reward
10140000092	Elf Tower: Race to the Top Ranking Rewards
10140000093	Ilmata, God of Nature · Desperate Speedrun Ranking Rewards
10140000094	Divine Realm · No-Damage Speedrun Ranking Rewards
10140000095	Spirit Tower Sweep Reissue Mail
10140000096	Midterm Settlement Mail Reissue
10140000097	Search Rebate
10140000098	Final-Phase Battle Prep Event Reward Reissue
10140000099	Unclaimed Guild Activity Dividend
10140000100	Season Settlement Rewards
10140000101	Dungeon Auction No-Sale Rewards
10140000102	Dragon Quest Return Mail
10140000103	Appearance Gift Expiration Return
10140000104	Dragon Red Packet Return Mail
10140000105	Beginner Challenge Event End Reminder
10140000106	Guild Gift Pack
10140000107	Merge Guild
10140000108	Low Guild Activity Warning
10140000109	AFK Bonus Time Reminder
10140000110	Guild League: No Auction Rewards Reminder
10140000111	Guild League Elite Settings Reminder
10140000112	Item Purchase Successful
10140000113	Purchase Item from Stall
10140000114	Delisted Due to Trade Market Closure
10140000115	Delisted Due to Character Restrictions
10140000116	Stall Closed
10140000117	Character Restricted from Opening a Stall
10140000118	Auction Closed
10140000119	Guild Auction Closed
10140000120	Character-Restricted Auction
10140000121	Character-Restricted Guild Auction
10140000122	Top 10 Guilds Ranking Event Rewards
10140000123	Hunting Challenge Group Rank @{1}
10140000124	Hunting Challenge: Entire Server Rank @{1}
10140000125	Top @{1} in the Entire Server Hunting Challenge
10140000126	Wedding Crashers Event Rewards
10140000127	Trade Listing Removed
10140000128	Reputation Score Alert
10140000129	Trade Exchange Ban
10140000130	Bail Payment Issued
10140000131	[Siege War] Victory Reward
10140000132	[War of Emperium] Participation Reward
10140000133	Lost Treasure Quest Reward Reissue
10140000134	Secret Trove—Rift Crisis Event Reward Reissue
10140000135	Pre-Season Warm-Up Event Wish Rewards
10140000136	Season Preview Event Entire Server Progress Reward Reissue
10140000137	Prontera Defense Battle Individual Ranking Rewards
10140000138	Prontera Defense Guild Ranking Rewards
10140000139	Prontera Defense Victory Reward
10140000140	Prontera Defense Effort Reward
10140000141	Festival Invitation Rewards
10140000142	Festival Invitation Place Bet Rewards
10140000143	Symphony of Creation Event Reward Reissue
10140000144	Tribute of Echoes Event Reward Reissue
10140000145	Gifted Pass Mail ID
10140000146	Pass Gift Success Confirmation Mail
10140000147	Pass Gift Failure Refund Mail
10140000148	South Gate Reunion Invitation Notes
13150200000	Sprakki is welcoming Novices.
13150200001	Find the Trial Instructor.
13150200002	The Novice Instructor wants to test the new Adventurer.
13150200003	Defeat nearby Porings and collect Sticky Mucus.
13150200004	Keep leveling up and become a great Adventurer!
13150200005	Try out your new weapon.
13150200006	Collect @{1} Sticky Mucus from Porings and deliver it to the Medicine Workshop as a basic ingredient.
13150200007	Obtain Sticky Mucus and report to Rhina.
13150200008	Defeat the nearby Fabre and collect Fluff.
13150200009	Obtain Soft Fur and report back to Rhine.
13150200010	You got some new gear. Try it on!
13150200011	Keep defeating Fabres to collect equipment.
13150200012	Complete the Novice Trial and obtain proof of completion.
13150200013	Activate the Growth Badge
13150200014	Head toward Prontera.
13150200015	Find the Academy's Head Job Advance Mentor.
13150200016	You meet Sprakki again and discover that she's the Academy receptionist.
13150200017	Follow Sprakki's directions to the Grand Lecture Hall.
13150200018	You hear a boy calling out. Go take a look.
13150200019	The boy offers to predict your future job. Give it a try.
13150200020	Listen to the boy's prediction.
13150200021	Find the Head Job Advance Mentor and begin your Job Advance.
13150200022	Follow the Head Job Advance Mentor's guidance and touch the Book of Job Advancement.
13150200023	Choose your desired job and complete your first Job Advance.
13150200024	Congratulations on completing your Job Advance! Here's a quick overview of the changes: you've gained new skills and can now allocate Stat Points and Skill Points.
13150200025	Choose a path to begin your journey!
13150200026	Complete a Title Promotion once.
13150200027	Learn about the Eden Group from the Head Job Advance Mentor.
13150200028	Ask the Teleporter to take you to the Eden Group.
13150200029	Rescue the Novice Swordsman surrounded by Rockers.
13150200030	The Novice Swordsman invites you to travel to the Eden Group together.
13150200031	Register as an Adventurer with the Eden Group.
13150200032	Accept your first official request from the Eden Group.
13150200033	Travel to Payon and ask the client about the situation.
13150200034	Wild beasts have recently been prowling around the village. Help the Elder Lady find her missing livestock.
13150200035	Automatically ride the Balloon Mount
13150200036	The Hunter Who Retrieves Mounts
13150200037	Obtain a Hard Shell from a beetle's molted exoskeleton.
13150200038	Obtain high-quality Sticky Mucus from the trees.
13150200039	A nearby Hunter greets you. Hear what she has to say.
13150200040	Teleport! Whoosh! Whoosh!
13150200041	Whoosh! Whoosh! Whoosh!
13150200042	You hear a strange noise. Move closer to investigate.
13150200043	Successfully Complete the Commission, then report your findings.
13150200044	Return to the Eden Group Chief to board the airship.
13150200045	Go to the tavern
13150200046	Ask the tavern owner about the Black Market Merchant.
13150200047	Ask the Adventurer about the Black Market Merchant.
13150200048	The woman says some baffling things and gives you a necklace.
13150200049	A nearby Eden Group Member greets you.
13150200050	Head to Izlude and meet up with the Eden Group Chief.
13150200051	The Eden Group Chief entrusts you with an important mission.
13150200052	Prepare to board the airship and search for the professor.
13150200053	The airship starts up.
13150200054	You crash-land in the desert. Ask around for information.
13150200055	Equipment Forging
13150200056	There's an Adventurer camp nearby. Go there to gather information.
13150200057	You encounter some Chonchons along the way. Drive them off.
13150200058	Ask around the Adventurer Camp for the Professor's whereabouts.
13150200059	Go to Ant Hell and bring back the Professor, who is engrossed in his investigation.
13150200060	Discover a Research Notebook that appears to belong to the Professor.
13150200061	Continue onward and search for the Professor.
13150200062	The man turns out to be the Professor. Ask him what happened.
13150200063	The Professor mentions a strange young girl nearby. Go take a look.
13150200064	Defeat the Maya that looks like a Familiar.
13150200065	The Professor has been captured by Maya. Return to camp for Utility.
13150200066	Take the Pathfinder Ant and return to Ant Hell.
13150200067	Follow the Pathfinder Ant to search for traces of the Professor.
13150200068	Follow the Pathfinder Ant to a mysterious cave entrance.
13150200069	Enter Maya's Nest and rescue the Professor.
13150200070	After successfully rescuing the Professor, you earn the Captain's praise.
13150200071	After many twists and turns, you've finally found the Professor. Return to camp and rest.
13150200072	Talk to the Professor and learn that he is researching memory entity technology.
13150200073	Touch the memory entity prototype and fall into another dimension.
13150200074	You encounter the mysterious woman again, and she asks you to look around.
13150200075	Ki explains how the Garden of Chronology works.
13150200076	You awaken from the darkness and find yourself back in the real world.
13150200077	With matters in Sograt Desert settled for now, go to the Eden Group and see what new requests are available.
13150200078	The Eden Group has received a request from the Professor.
13150200079	The Professor is your client this time. Ask him what happened.
13150200080	The professor's supplies were seized at the North Gate. Head there and recover them.
74001	Monster Hunt
74002	Go to Map
74003	Show Caves
74004	Shop
74005	Each Kill of <color=#c27b47>1 monster</color> on this map grants <color=#c27b47>1 point</color> and has a Chance to drop a <color=#c27b47>Hunt Medal</color>.
74006	Current Points: <color=#63A22B>${1}</color>
74007	Monster List
74008	Suggested
74009	Base ${1}
74010	Monster Shop
74011	Go
74012	Complete Collection Reward
74013	Kill Monsters to Earn Rewards
74014	Collection Progress: ${1}
74015	Kill Rewards
74016	Kill Monsters to Earn Rewards
74017	Claim
74018	${1} Rewards
74019	Collection Progress: <color=#63a22b>${1}</color>
74020	(Kills: ${1})
13150200101	The Professor has already reached the Relic.
13150200102	A Pharaoh suddenly leaps out of the Relic. Find a way to defeat him.
13150200103	At the moment of danger, the necklace around your neck suddenly begins to glow, drawing you into that mysterious space once again.
13150200104	Ki introduces himself as the Guide of Time and Space and tells you of the mission you bear.
13150200105	Head to the Space-Time Gate ahead.
13150200106	Ji explains that multiple parallel timelines exist in this world.
13150200107	Return to the real world from the Garden of Chronology.
13150200108	Return to Prontera with the Professor's group.
13150200109	The innkeeper invites you inside to rest.
13150200110	Fall asleep at the inn.
13150200111	Kill @{1} Roda Frogs
13150200112	Kill @{1} Rockers
13150200113	Head to Payon and search for signs of Mushroom monsters.
13150200114	The Elder Lady gives you a Flying mount so you won't get lost
13150200115	Kill @{1} Mushrooms
13150200116	Kill @{1} Boas
13150200117	Kill @{1} Thief Bugs
13150200118	Kill Muka
13150200119	Kill Peco Peco
13150200120	Kill Bigfoot
13150200121	Kill @{1} Soldier Skeletons
13150200122	Kill @{1} Skeletons
13150200123	Kill Deniro and Piere: @{1}
13150200124	Kill Andre and Vitata: @{1}
13150200125	Kill Orc Warrior@{1}
13150200126	Kill @{1} Orc Ladies
13150200127	Kill @{1} Orc Skeletons
13150200128	Kill @{1} Orc Zombies
13150200129	Kill Goblin (Dagger) and Goblin (Hammer)
13150200130	Kill Goblin (Flail) and Goblin Archer
13150200131	Kill @{1} monsters in the Munak Cave
13150200132	Claim @{1} map rewards
13150200133	Claim @{1} area rewards
13150200134	Claim the South Gate map reward
13150200135	You spot a dejected young man. Ask him what happened.
13150200136	Head to Izlude and ask Luna about Baya.
13150200137	Head to the ball and meet up with Luna.
13150200138	Perform the opening dance with Luna.
13150200139	Head to the Novice Academy and ask Mentor Alphonse about Baya.
13150200140	Share the information about Baya with Allen.
13150200141	After overhearing some passersby, Allen gets an idea for a gift.
13150200142	Purchase a Bunny Hair Band from the Headgear Merchant.
13150200143	The Headgear Merchant sets the terms for the exchange. Hear what Allen thinks.
13150200144	Collect the materials needed for the Bunny Hair Band.
13150200145	Allen has gathered the materials too. Meet him at the Headgear Merchant.
13150200146	Exchange them for a Bunny Hair Band with the Headgear Merchant.
13150200147	Deliver the Bunny Hair Band to Baya with Allen.
13150200148	Stumbled upon an argument in Payon Forest.
13150200149	Ask passersby what happened.
13150200150	Decide to take down the scalpers from within, starting with Granny Gwen.
13150200151	Collect Whispering Flowers favored by Rockers.
13150200152	Report your collection progress to Granny Gwen.
13150200153	Go to Granny Gwen's house together.
13150200154	Place Whispering Flowers along the way.
13150200155	Wait for the Rocker to appear in Southern Payon.
13150200156	The Rocker took the bait, much to Grandma Gwen's delight.
13150200157	Continue the divide-and-conquer plan by targeting Grandpa Bob.
13150200158	Head to Grandpa Bob's yard together.
13150200159	Carry out the rat-catching operation.
13150200160	With the rat problem solved, Grandpa Bob decided to join your side.
13150200161	Return to Payon Forest with the good news.
13150200162	Defeat Jack the Scalper.
13150200163	Defeated, Jack fled as fast as his legs could carry him.
13150200164	Stroll through Prontera and listen to the nearby vendors calling out.
13150200165	Check out the Weapon dealer's stall.
13150200166	One stall stands out in particular. Go check it out.
13150200167	Follow Jax to the banquet.
13150200168	The attackers on the road were the Guild Members' family members. Hear what they have to say.
13150200169	Enter the banquet hall and listen to Jax's speech.
13150200170	Talk with the Guild Members at the banquet.
13150200171	It's time to make the final choice.
13150200172	Receive an urgent letter from Professor Ryan.
13150200173	Buy a sandwich for the professor.
13150200174	Head to the professor's research site.
13150200175	Ask the professor about the results of the research.
13150200176	Use the pheromones on yourself.
13150200177	Let the giant ant catch your scent.
13150200178	Talk to the professor.
13150200179	Prepare for the race.
13150200180	Finish the race.
13150200181	Tell the professor the race results.
13150200182	Receive a letter from Wule.
13150200183	Tell the professor what the letter says.
13150200184	Go to the bulletin board in Prontera.
13150200185	Check the wanted poster.
13150200186	Ask the guard for details about the theft.
13150200187	Ask Hollgrehenn what he remembers about the theft.
13150200188	Ask Nita what she remembers about the theft.
13150200189	Ask Cliffer what he remembers about the theft.
13150200190	A letter suddenly arrives.
13150200191	Follow the letter's instructions and head to Eastern Payon.
13150200192	Z is taking a while. Pet the kitten while you wait.
13150200193	Play hide-and-seek.
13150200194	Find out why the stray cat is meowing.
13150200195	Check the note around the cat's neck.
13150200196	Follow the letter's instructions and head to South Morroc.
13150200197	Find out what's going on.
13150200198	Help the poor man.
13150200199	Play the shell game.
13150200200	Return the sword to Blacksmith Hollgrehenn.
13150200201	Return the Ring to Girl Nita.
13150200202	Return the spellbook to Mage Cliffer.
13150200203	Continue exploring Munak Cave
13150200204	Continue exploring Ant Hell
13150200205	Continue exploring Orc Village
13150200206	Continue exploring Orc Cave
13150200207	Continue exploring Goblin Forest
13150200208	Complete Season quest @{1}
13150200209	Open your Backpack and use a Red Potion
13150200210	Tap the quest to learn about automatic potion resupply.
13150200211	Allocate Skill Points.
13150200212	Allocate Stat Points.
13150200213	Tower Trial
13150200214	Level-up Talents @{1} time(s)
13150200215	Mount Riding
13150200216	Equip @{1} cards
13150200217	Enter the airship and defeat the evil forces.
13150200218	Enter Maya's Nest and defeat Maya.
13150200219	Learn about the Monster Conquest System
13150200220	Select the quest to learn about Auto-Battle
13150200221	Obtain @{1} pets
13150200222	Deploy @{1} Pets
13150200223	Complete Pet Tower once
13150200224	Tap the quest to learn about Auto-Battle
13150200225	Select the quest to learn about the Phantom Realm dungeon
13150200226	Equipment Refining
13150200227	Select the quest to learn about Battle Royale
13150200228	Fly Wing Tutorial
13150200229	Expedition Activity Mission
13150200230	@{1}-Player Dungeon Activity Quest
13150200231	Life Skill Activity Quest
13150200232	Guild Caravan Activity Quest
13150200233	Guild Bonfire Activity Quest
13150200234	Guild GvE Activity Quest
13150200235	Treasure Hunt Activity Quest
13150200236	Blackhole Activity Quest
13150200237	AFK Activity Quest
13150200238	Temporary AFK Activity Quest
13150200239	Battle Royale Activity Quest
13150200240	Temporary Battle Royale Activity Quest
13150200241	Daily Activity Quest
13150200242	Daily Activity Task
13150200243	Escort Activity Quest
13150200244	Temporary Caravan Escort Activity Quest
13150200245	Stronghold War Activity Quest
13150200246	Stronghold War Temporary Activity Quest
13150200247	State Capital War Activity Mission
13150200248	Temporary State Capital Battle Activity Quest
13150200249	War of Emperium Activity Quest
13150200250	Royal City War Temporary Activity Quest
13150200251	Like Activity Quest
13150200252	Like Temporary Activity Quests
13150200253	Plaza Dancing Activity Quest
13150200254	Temporary Plaza Dance Activity Task
13150200255	Secret Trove Activity Quest
13150200256	Daily Commission Activity Quest
13150200257	(No translation required)
13150200258	Equip the Divine Totem.
13150200259	Equip the Soul Echo.
13150200260	Obtain a wealth of resources and provide Guild Coins to the guild
13150200261	This quest embodies the tireless efforts of countless predecessors and grants unlimited EXP.
13150200262	Choose your Job Advance path and gain incredible power.
13150200263	You receive a letter from the Job Advance Mentor.
13150200264	In the letter, the Job Advance Mentor asks you to meet in Prontera.
13150200265	The instructor explains the second Job Advance.
13150200266	With your Job Advance path decided, go touch the Book of Job Advancement.
13150200267	Take your first step into exploring the continent of Midgard.
13150200268	A crowd has gathered up ahead. Go take a look.
13150200269	Listen to what these people are saying
13150200270	Find the person in charge of the trial
13150200271	Learn about the Novice Trial from Rhine
13150200272	Defeat @{1} Porings to prove your combat prowess
13150200273	Tell Rhine how your trial went
13150200274	Talk to the Guide again
13150200275	Prepare for the next trial
13150200276	Defeat @{1} Fabres to prove your strength
13150200277	Tell the Trial Officer you have completed the trial
13150200278	To Prontera
13150200279	Talk to the Mentor about Job Advance
13150200280	Go to the Grand Lecture Hall and find the Head Job Advance Mentor
13150200281	Touch the Book of Job Advancement.
13150200282	Job Advance successful. Talk to the Mentor.
13150200283	Use a certain number of Skill Points
13150200284	The Mentor has something to teach you about attributes.
13150200285	You've grown much stronger. Now go take on some Eden Group commissions.
13150200286	Talk to Eden Group Secretary Lime to accept a request
13150200287	Defeat any @{1} monsters outside the South Gate
13150200288	Ask Rhine how to use the equipment you just obtained
13150200289	Turn in the request to Rhine and receive your reward
13150200290	Talk to Rhine about mounts
13150200291	Talk to Rhine. She seems to have a new request for you.
13150200292	Find Poya and accept his commission.
13150200293	Head to Southern Payon and meet up with Baoya
13150200294	Kill @{1} Boa to obtain Snake Galls
13150200295	Give the collected Snake Gallbladders to Baoya
13150200296	Defeat @{1} Willows and collect their bark
13150200297	Give the collected bark to Boya
13150200298	Search for the snake egg at the location Boya described
13150200299	Pick up the snake egg quickly without being discovered
13150200300	Fend off the endless waves of monsters
13150200301	Give the egg to Boya and Complete the Commission
13150200302	Talk to Boya about what to do next
13150200303	Go to Payon Forest and meet up with Boya
13150200304	Talk to Boya to learn the mission objective
13150200305	Use a Fly Wing to search for signs of Eddga
13150200306	Clear out the Stainers nearby
13150200307	A Hunter calls out to you
13150200308	Search for traces of Eddga along the road
13150200309	Something feels wrong. Look around
13150200310	Eddga is incredibly powerful and has defeated Boya and Wule
13150200311	Defeat Eddga
13150200312	Collect fur from the defeated Eddga
13150200313	Talk to Boya and Wule
13150200314	Return to Payon and deliver all the spoils to the client
13150200315	Use a Butterfly Wing to return directly to Prontera
13150200316	Report everything that happened to the Party Leader
13150200317	Learn Equipment Forging from Hollgrehenn
13150200318	Show Hollgrehenn what you learned
13150200319	Tell the Party Leader what you learned from Hollgrehenn
13150200320	The Party Leader has recognized your strength and will invite you to join a top-secret new Commission
13150200321	Go to Izlude
13150200322	Meet up with Party Leader Eikuni
13150200323	Ask a Caravan Member what happened
13150200324	Retrieve @{1} crates of cargo from the Mukas
13150200325	Search for the Caravan Party Leader
13150200326	A Peco Peco captured the Party Leader! Is it planning to feed them to its chicks?
13150200327	Defeat the Peco Peco
13150200328	Rescue the Party Leader and the mysterious woman
13150200329	Talk to the Party Leader
13150200330	Gather up the caravan's cargo
13150200331	It's finally time to leave. Talk to the Party Leader
13150200332	Board the Airship and prepare to depart
13150200333	The compass you're carrying suddenly starts glowing. Very strange
13150200334	Bobo seems to have something to say
13150200335	Talk to the attendant to officially board
13150200336	Board the Ship with the Captain and the Others
13150200337	Talk to your companions
13150200338	Go to the Adventurer camp at the edge of the desert
13150200339	Ask Hawk, the camp manager, about the professor's whereabouts
13150200340	Search west of the camp for signs of the professor
13150200341	Help the Adventurers exterminate the Chonchons
13150200342	Ask passersby if they have seen the professor
13150200343	Search for the professor near Ant Hell
13150200344	Clear out the ants nearby
13150200345	Report your findings to Hawk
13150200346	Advance a Growth Emblem once
13150200347	Receive a Letter from the Job Advance Mentor
13150200348	Complete the Job Advance to unlock further Skill Learning
13150200349	Use @{1} Skill Points for the Second Job Change
13150200350	Start Learning new talents
13150200351	Ask Hawk about his new Clue and continue searching for the professor
13150200352	Go to Ant Hell to find the professor
13150200353	Clear out the excess monsters in Ant Hell
13150200354	Bobo discovered an important Clue
13150200355	Read the notes for a Clue to the professor's whereabouts
13150200356	The professor is probably at the location marked in the notes
13150200357	Venture deeper into Ant Hell to find the professor
13150200358	The bespectacled middle-aged man ahead may be the professor
13150200359	Cover the naked girl with some clothes
13150200360	Something unexpected suddenly happens
13150200361	Maya suddenly abducts the Professor, leaving you all frozen in shock
13150200362	It's the man from earlier. Ask if he knows how to find the professor
13150200363	Defeat any type of ant to obtain Alchemy Materials*
13150200364	Give the materials to the Adventurer so he can create a tracker ant
13150200365	Go to the intersection and Release the pathfinder ant.
13150200366	Follow the pathfinder ant to the entrance of the queen ant's nest
13150200367	Crawl into the hole
13150200368	The commander seems worried about you. Talk to her
13150200369	Bobo has something to tell you
13150200370	The professor is overflowing with gratitude. Hear what he has to say
13150200371	Ask the Pet Merchant how to use the Egg Incubator
13150200372	Ask the Pet Merchant what to do next
13150200373	Ask the professor why he went to the desert
13150200374	Something completely unexpected happened...
13150200375	Talk to the woman nearby
13150200376	Talk to the woman
13150200377	Talk to the puzzled professor and commander nearby
13150200378	Open ^{1}Daily Must-Dos^{2} and complete ^{3}Daily Misc activities (Dumby's Request, AFK in the Field, etc.)^{4} to earn lots of EXP
13150200379	You've grown much stronger. You're ready for your second job change.
13150200380	Complete your second job change
13150200381	The Job Advance Mentor gave you materials for forging equipment
13150200382	Complete Equipment Forging with Hollgrehenn
13150200383	Professor Ryan sent you a letter
13150200384	The professor's important instrument is missing, and they need your help
13150200385	Search the suspected location
13150200386	Meet up with the Chivalry investigator
13150200387	Ji'ang looks confident. Follow him
13150200388	Ji'ang found a suspicious object
13150200389	Ji'ang is trying to express something. Bobo seems able to communicate with him at an Easy level
13150200390	Ji'ang refuses to go any farther. Defeat the terrifying monsters for him
13150200391	The Clue points to Culvert Floor @{1}. Keep moving
13150200392	Ji'ang stopped someone. There seems to be more to this
13150200393	You've found enough Clues. Summarize your findings
13150200394	There must be more than one Thief. Chase after them
13150200395	Enter the depths of the Culvert
13150200396	Capture the Thief
13150200397	Return to Prontera and report to the professor
13150200398	The professor asks for your help again
13150200399	The professor's cargo went missing at the North Gate. Go investigate
13150200400	The compass is reacting strangely
13150200401	Search for the missing cargo
13150200402	Inspect the scattered cargo
13150200403	Question the caravan Member nearby
13150200404	Defeat Morroc
13150200405	Inspect the cargo
13150200406	Say goodbye to the caravan Members
13150200407	Go to the location the professor mentioned
13150200408	Pick up the strange instrument
13150200409	Chivalry Members block your way
13150200410	Connect the instrument to the stone pillar
13150200411	The Stone Pillar has been activated, and Ji has appeared again
13150200412	Encounter the mysterious woman again
13150200413	Ask the mysterious woman about the situation
13150200414	Listen to the Soldier's Report
13150200415	Go to the Pyramid and investigate
13150200416	Ask around about the situation nearby
13150200417	Venture deep into the Pyramid
13150200418	Help the Soldier Deal with the Monsters
13150200419	Ask the Soldier about the situation
13150200420	Find the Relic and the Professor's group
13150200421	See what's happening up ahead
13150200422	Clear the Pharaoh Dungeon
13150200423	Talk to the Knight Leader
13150200424	Ask the Professor
13150200425	Touch the Realm Diorama
13150200426	Respond to a Crisis
13150200427	Awaken in the Court of Time
13150200428	Say hello to Bragis
13150200429	Observe what happens
13150200430	Ask Bragis about the situation
13150200431	You Discover yourself lying on the ground...
13150200432	Listen to the professor explain everything
13150200433	Head to the Inn and Rest
13150200434	Relax.
13150200435	Witness the Prophecy in the Dream
13150200436	You've reached the end of the current main Quests. Check out the events and enjoy your adventures in this world!
11450000000	Portrait Frame Test
140001	You were removed from the event area for being AFK too long.
140002	Disbanding the party will immediately destroy the escort cart. Are you sure you want to disband the party?
140003	Leaving the party will abandon the escort cart. Are you sure you want to leave the party?
140004	Leaving the map will abandon the escort cart. Are you sure you want to leave the map?
140005	You have been flagged as AFK. If the timer expires, you will be forced to return to town!
140006	Return to Town
140007	Cancel AFK
140008	Queue Notice
140009	This event area is full. You must queue to enter.
140010	Leave Queue
140011	Estimated Wait Time: <color=#63A22B>${1}</color>
140012	Go to the Ally <color=#FDAB5B><u> Quartermaster</u></color> to Claim a Supply Transport cart and deliver Military Supplies.
140013	Countdown
140014	<color=#2fd3bb>[Supply Transport]</color> Escort Supplies
140015	Yet to start
140016	Escorting
140017	Escort Ended
140018	Escort begins in <color=#fdab5b>${1}</color>
140019	Supply Transport Phase
140020	Supply Transport Phase
140021	Supply Transport Phase
140022	Masked Figure
140023	This player is masked. You cannot view their personal information.
140024	"Tap to go to the <color=#FDAB5B><u> Supply Depot</u></color> and deliver the escort cart\nBasic Supply Cart <sprite name=""territorywars_icon_01""><color=#FDAB5B>${1}</color>\nElite Supply Cart <sprite name=""territorywars_icon_02""><color=#FDAB5B>${2}</color>"
140025	Your party has obtained a supply transport cart.
140026	Your party successfully delivered the supply transport cart.
140027	You are now leading the supply transport cart.
140028	Territory War Supply Transport has begun.
140029	Everyone, head to the map to join the event.
140030	Personal Points: ${1}/${2}
140031	Reach ${1}/${2} Supply Transport Points
140032	Destroyed ${1}
140033	[${1}]'s ${2}
140034	Your party has begun escorting supplies. ${1} is the current leader.
140035	Supply Transport has begun. All members must head to the Territory War map immediately and begin escorting supplies. [Tap to Go]
140036	Attack supply transport carts to seize Military Supplies for your guild.
140037	Escort the supply transport cart to the <color=#FDAB5B><u> Supply Depot</u></color> and repel raiders from other guilds.
140038	There are no supply transport carts to deliver!
140039	Leaving the battlefield will cause you to lose all undelivered Military Supplies. Do you still want to leave?
140040	"Remaining Supplies: <sprite name=""${1}"">${2}"
140041	Earn points through Kill/Assist/Destroying Escort Carts/Escorting Carts and other actions.
140042	Personal Points: ${1}
140043	Supply Transport
140044	Supplies Delivered
140045	Plunder Supplies
140046	Supplies Lost
140047	Remaining Supplies
140048	Normal Caravan
140049	Elite Treasure Cart
140050	Go
140051	Supplies Remaining:
140052	Players:
140053	Vehicles on the Field:
140054	Go to the guild transport starting point
140055	Locked
140056	Escorting
140057	Ended
140058	Me
140059	Can escort ${1} more
140060	Its location will not be shown on the map.
140061	The location will be shown on the map.
140062	Go to the Quartermaster to collect the Supply Cart
140063	Escort the supply cart to its destination
140064	Find a supply cart on the battlefield and attack it to seize its supplies!
140065	"<sprite name=""escortcar_img_ourside_advanced""><color=#C27B47> ${1} </color> <sprite name=""escortcar_img_ourside_ordinary""> ${2}"
140066	No guild is currently escorting.
140067	${1} (${2}s)
140068	Follow the Caravan Escort
140069	Head to the Escort Wagon
140070	The outpost has detected the supply cart your party is escorting. Quick, take cover!
140071	Please join a guild first
140072	There are no outposts on the current map.
140073	There are no teleport stations on the current map.
140074	You are not on a Territory War map.
140075	You are currently participating in a Caravan Escort. Leaving the guild will destroy your caravan. Confirm Exit from the guild?
140076	This member has a caravan in transit. Removing them from the guild will destroy it. Are you sure you want to remove them?
140077	Caravan Escort Route: ${1}
140078	Normal Caravan
140079	Load Limit: 12000\nMSPD: 6 meters/second\nEscort Permissions: All Guild Members\nCaravan Trait: Its Location is not always shown on the Mini Map\nSuggested Escort Party: 1-3 players
140080	Elite Treasure Cart
140081	Load Limit: 45000\nMSPD: 6 meters/second\nEscort Permissions: Guild officers only\nCaravan Trait: Its Location is always shown on the Mini Map\nSuggested Escort Party: 3-5 players
140082	Not enough Military Supplies
140083	Your Guild Position does not meet the requirements.
140084	Currently Following a player.
140085	Tap the caravan icon to Move to its Location.
140086	Tap to Follow a party member participating in the Caravan Escort.
140087	Tap to Move to the caravan's Location.
13100000056	Revive Point Protection Effect
13100000057	Main Battlefield Revive Point Area Effect
13100000058	Sub-Battlefield Revive Point Area Effect
13100000059	Cannot Be Attacked
13100000060	Maya Vine Link Effect
13100000061	Evil Boss Chain Effect
13100000062	Evil Boss Barrels Rolling Attack Buff
13100000063	Wind Blade Slash
13100000064	Cleave
13100000065	Napalm Vulcan
13100000066	Silence Test
13100000067	Movement and Turning Disabled
13100000068	Maya Petrify
13100000069	Safe Zone
13100000070	Forced Instant Interrupt
13100000071	Calm
13100000072	Turning Disabled
13100000073	Revive Disabled
13100000074	Bind
13100000075	Collect
13100000076	Campfire Interaction
13100000077	New Meditation
11280000000	A Book
11280000001	Chapter One
11280000002	Chapter 2
12930000000	Karazhan Harp
12930000001	Sylvanas Statue
12930000002	Dwarven Bone Flute
12930000003	Undead Rapid-Fire Cannon
12930000004	Alliance Ballista
12930000005	World's Best Lute
75001	Dumby's Request (${1}/${2})
75002	You still have daily commissions left to complete. Go accept one now?
75003	Dumby's Request Wheel
75004	Start ${1} Times
75005	Skip Animation
75006	<color=#97e533>${1}</color> Remaining
75007	You cannot accept any more requests today. Please come back Tomorrow.
75008	Not enough required items. Unable to activate the wheel.
11110000000	Novice Shop
11110000001	Fantasy Shop
11110000002	RO Shop
11110000003	Otherworld Arrival Shop
11110000004	Trial Shop
11110000005	Season Shop
11110000006	Preview Shop
11110000007	Recommended
11110000008	Mining Star Treasure
11110000009	Costume
11110000010	Kafra Shop
11110000011	Season Exploration Shop
11110000012	Gold Shop
11110000013	Equipment Merchant
11110000014	Connect Shop
11110000015	Special Offers
11110000016	Zeny Shop
11110000017	Crystal Shop
11110000018	Magic Fashion
11110000019	Supply Shop
11110000020	Pet Shop
11110000021	Card Shop
11110000022	Totem Shop
11110000023	Spirit Tower Shop
11110000024	Competition Shop
11110000025	Monster Hunt
11110000026	Guild Shop
141001	Your Account has been 【banned】. If you are Confused, please contact Customer Support.\nBan End Time: 【${1}】
141002	Your Character has been 【banned】. If you are Confused, please contact Customer Support.\nBan End Time: 【${1}】
141003	Dear Adventurer,\nYour character has been forcibly logged out. Please log back in.\nThank You for your cooperation and understanding.
141004	Your Character has been 【muted】. If you are Confused, please contact Customer Support.\nMute End Time: 【${1}】
141005	System Notification
10000	<color=#FA983A>${1} Function</color> is not unlocked
10001	Failed to unlock <color=#FA983A>${1} Function</color>
10002	<color=#FA983A>${1} Function</color> is not available yet. Stay tuned!
10003	<color=#FA983A>${1}</color> unlocks at Base Lv. ${2}
10004	New Feature Unlocked
10005	<color=#FA983A>${1} Function</color> is temporarily unavailable. Please check the official announcements.
12530100000	Tier @{1}
12530100001	Overlord
141101	Redemption Code
141102	Enter gift code
141103	Redemption failed. This code has expired.
141104	Bind Invitation Code
141105	Redeemed. Check your mailbox for the rewards.
141150	Session ID: ${1}
141151	openID：${1}
141152	The current gameplay experience does not represent final quality.
141200	Survey
141201	Survey Deadline
141202	Complete the survey to receive rewards.
141203	Participate Now
141204	Feedback
141205	Thank You for participating in this test. We're getting the next adventure Ready, and we'd love to hear your honest thoughts—what got your blood pumping, and what left you wanting more?
141206	Go Give Feedback
141207	"Survey Ends:<sprite name=""icon_questionnaire_time_03""><color=#63a22b>${1}</color>"
12300200000	Unlocks at Lv. @{1}
12300200001	Available on the first day after launch
12300200002	Unlocks on Day @{1} after launch
12360100000	Artisans who specialize in mining all types of ore and possess precise, efficient Mining techniques. This profession provides the Basic foundation for Metal forging. The Rarity of the ore is closely tied to the Miner's level.
12360100001	Professional artisans skilled in Cooking and one of the key professions for creating restorative dishes.
12360100002	A Life Skill specializing in felling all types of trees. Lumberjacks efficiently gather wood of different types and grades, supplying materials for Woodcarvers and other forms of woodcraft.
12360100003	Artisans skilled at shaping wood into finely crafted forms. They create various semi-finished wooden components for equipment, making this an essential Life Skill linking lumber resources to equipment crafting.
12360100004	Artisans specializing in growing and gathering Plant Materials. They obtain materials for silk thread, herbs, seeds, and special Plant by-products, providing essential Materials for weaving and advanced Combine processes.
12360100005	Artisans who turn gathered plant fibers and other supplementary materials into semi-finished cloth. Their products are widely used in equipment padding, structural components, and various advanced synthesis processes, making this a key Life Skill supporting equipment crafting.
12420000000	DMG Taken
12420000001	Healing
12420000002	Damage
10600000000	Spirit Tower
10600000001	Realm of the Gods
10600000002	Phantom Realm
10600000003	Expedition Challenge
10600000004	MVP
10600000005	AFK in the Field
10600000006	Kafra: Survivor Battle
10600000007	Valhalla Trials
10600000008	Mock Battle
10600000009	Battle of Dragon Coffin Island
10310200000	Simple and durable. A must-have for rookie merchants.
10310200001	Made from birch carefully selected and shaped by a master carpenter, this is the perfect choice for efficiency-minded Merchants. (Requires the Cart Remodeling skill to switch.)
10310200002	Adorned with fresh flowers and brimming with the spirit of spring. (Requires the Cart Remodeling skill to switch.)
10310200003	Covered in small bags collected throughout your travels and plush companions. (Requires the Cart Remodeling skill to switch.)
10310200004	Its iron body supports a canopy that shields it from the elements. Set up shop wherever you go with this true mobile storefront. (Requires the Cart Remodeling skill to switch.)
10310200005	This well-trained Falcon is the exclusive combat companion for hunters
10310200006	This well-trained Peco Peco is the exclusive combat mount for knights
10310200007	This heavily-armored, fully-equipped Peco Peco is the exclusive combat mount exclusive for Lord Knight.
10310200008	This well-trained Grand Peco is the exclusive combat mount for Crusader.
10310200009	A heavily-armored, fully-equipped Grand Peco. It is the battle mount exclusive for Paladin.
10310200010	A Rune Knight's mount. Pretty cool, right?
10310200011	A Crusader's mount that combines a Lion and an eagle. Pretty cool, too!
10310200012	Madogear Pilot
10310200013	Demonic Wolf
11081100000	Faction @{1} Players
11081100001	Next Event Auto-Start Countdown
11081100002	Monsters Remaining
11081100003	Some players must repair the Dragon-Hunting Turrets on the platform
11081100004	Use the Dragon-Hunting Cannon to attack Fafnir
11081100005	Time Until Start
11081100006	Quiz Time Remaining
11081100007	Break Time Remaining
11081100008	Time Left
11081100009	Try to Pick up scattered battlefield supplies to gain powerful skills
11081100010	Head to the outskirts of the arena and Pick up Dragonblood Crystals
11000	Are you sure you want to spend the following items to unlock 5 Backpack slots? Remaining unlocks: ${1}
11001	Maximum Backpack capacity reached. No more slots can be added.
11002	Backpack full. Please organize your Backpack first.
11003	Backpack full. Please organize your Backpack before opening the gift pack.
11004	Unlock Notice
11005	Not enough items to unlock Backpack slots.
11006	Sell
11007	Failed to sell
11008	Sort
11009	Organize (${1})
11010	Organize Function is on cooldown
11011	Dismantle
11012	Sort by Rating
11013	Sort by Tier
11014	Sort by Quality
11015	Sort by Tier
11016	Sell
11017	Tap to select items to sell. Press and hold to view item details.
11018	Proceeds
11019	Please select an item to sell from the left.
11020	Sell
11021	No items selected for sale.
11022	No items can be sold from this tab.
11023	This item will expire at the end of the current Season.
11024	This item has expired
11025	This item will be removed at the end of the current Season.
11026	This item has been removed.
11027	This item cannot be used until the next Season.
11028	Removed
11029	Expired items have been automatically removed.
11030	Equip
11031	Fashion
11032	Refinement Resonance
11033	Enhancement Resonance
11034	Items
11035	Equip
11036	Card
11037	Divine Totem
11038	Soul Echo
10430000000	Member Arrivals and Departures
10430000001	Position Changes
10430000002	Building Level-up
10430000003	Guild Technology
10430000004	Guild Store
13730000000	Adventurer Guild Created
13730000001	Member Joined Adventurer Guild
13730000002	Member Left Adventurer Guild
13730000003	Adventurer Guild Level-up
13730000004	Adventurer Guild Watering
13730000005	Adventurer Guild Renamed
13730000006	Adventurer Guild Nameplate Unlocked
13730000007	Member Removed from Adventurer Guild
13150400000	@{1}
13150400001	Chapter One
13150400002	Chapter 2
13150400003	Chapter 3
13150400004	Chapter 4
13150400005	Chapter 5
13150400006	Chapter 6
13150400007	Chapter 7
13150400008	Chapter 8
13150400009	Chapter 9
13150400010	Novice Trial
12000	Not enough items to appraise this equipment.
12001	Your Backpack is full. Unable to unequip equipment.
12002	Appraisal Confirmation
12003	Use the following items to appraise ${1} Equipment?
12004	Type
12005	Tier
12006	Level Req
12007	N/A
12008	Additional Affix
12009	Refine
12010	Enhance
12011	No Card Inserted
12012	Card Slot Not Unlocked
12013	Job Restriction
12014	Affixes are unknown until the equipment is appraised.
12015	Slot
12016	Smelting Attributes
12017	Stunt
12018	Crafter: <color=#cd772a><u>${1}</u></color>
12019	Equipment Details
12020	Base Stats
12021	Attribute Range
12022	Equipment Forging
12023	All
12025	Craft
12026	Crafting has a Chance to produce high-quality equipment.
12027	Crafting Successful
12028	Crafting Info
12029	Base Stats
12030	Affix
12031	Stunt
12032	Card Slot
12033	Randomly grants <color=#cc762a>${1}-${2}</color> Unseal Card Slots
12034	Randomly grants <color=#cc762a>${1}-${2}</color> affixes
12035	Randomly grants <color=#cc762a>${1}-${2}</color> Stunts
12036	Purple Quality
12037	Orange Quality
12038	Red Quality
12039	Reset
12040	Reset
12041	Attribute Range
12042	Smelting Cost:
12043	Vivify Cost: <#896B4D>Free</color>
12044	Vivify Cost: ${1}/${2}
12045	Smelted ${1} times today
12046	Smelting Successful
12047	No equipment available for smelting.
12048	Only Tier 2 or higher equipment of Purple Quality or higher can be smelted.
12049	Smelting Restoration
12050	Current
12051	Save
12052	You can save the current attributes.
12053	Each restoration has a ${1}-day cooldown.
12054	Restore Smelting Attributes
12055	Restore the saved attributes? This will overwrite the equipment's current smelting attributes.
12056	Before Restoration
12057	After Restoration
12058	Restoration Cost
12059	Reset
12060	Save Smelting Attributes
12061	Save the Current Equipment's smelting attributes? Each piece of equipment can have only one save. A new save will overwrite the old one.
12062	Old Save
12063	New Save
12064	Save
12065	This equipment has no saved attributes.
12066	Reset Smelting Attributes
12067	Resetting will remove all smelting attributes from the equipment.
12068	Reset
12069	<color=#cc762a>${1}</color> Unseal Card Slots
12070	Randomly grants <color=#cc762a>${1}</color> affixes
12071	Randomly grants <color=#cc762a>${1}</color> Stunts
12072	No Card Slots
12073	No Affix
12074	No Stunt
12075	[Current <color=#c27b47>+${1}</color>]
12076	Equipment has not been smelted
12077	Crafted <color=#EC8C2F>orange</color> and <color=#CA4A36>red</color> equipment is unidentified. Appraise it to gain random attributes.
12078	No suitable equipment available. You can obtain equipment by defeating monsters, completing quests, and more.
12079	Equipped
12080	Insufficient crafting materials
12081	Unidentified
12082	Identify
12083	Equipment requirements not met
12084	This equipment cannot be used by your current class. Appraise it anyway?
12085	Some equipment cannot be used by your current class. Appraise ${1} item(s) anyway?
12086	Blue Quality
12087	Rarity
12088	Type
12089	Filter by Slot
12090	Filter by Job
12091	Filter Equipment
12092	Current Job Only
13160100000	Suggested
13160100001	New Items
13160100002	Premium
13160100003	Discount
13220000000	Dreamweaver
13220000001	Night Watcher
13220000002	Blazing Dance
13220000003	Headless Giant
13220000004	Faceless Singer
13220000005	Dreamscape
13220000006	Poem of a Lost Homeland
13220000007	Bloodlike Wine
13220000008	Nomad
13220000009	Rusty Bell Clapper
11280200000	Not much useful information.
11280200001	Chapter 1 covers the essentials of working out.
11280200002	Chapter 2 covers the fundamentals of running.
11400000000	Default
11400000001	Advanced
12990100000	Test Gift Pack
12990100001	Standard Monthly Pass
12990100002	Premium Monthly Pass
12990100003	Standard Monthly Pass + Premium Monthly Pass
12990100004	Pass
12990100005	Pass Gift
13050000000	Black Iron Emblem
13050000001	Bronze Emblem
13050000002	Tempered Steel Emblem
13050000003	Silver Emblem
13050000004	Gold Emblem
13050000005	Diamond Emblem
13050000006	Starlight Crown
13050000007	Moonlight Crown
13050000008	Holy Light Crown
13050000009	Crown of Midgard
13000	Reset the center of the Auto Mode Range after movement ends
13001	New center of Auto Mode Range
13002	Manual Combat
13003	Auto-Battle
13004	All Monsters
13005	Radius
13006	Map-wide
13007	MAX
13008	Auto Mode Settings
13009	No target available
13010	Auto Combat is being revamped and is currently unavailable
13011	Battle
13012	Use Potions
13013	Map-wide
13014	Auto Combat cannot be enabled while Transformed
13015	Auto-Cast cannot be enabled for this skill
13016	Mode
13017	The selected target is outside the Auto Combat range. A new target has been selected.
13018	Job Advance can unlock more skill slots
13019	Auto Combat has stopped
13020	Press and hold to open Auto Combat settings
13021	Equip
13022	Potion Settings
13023	Right-click to open combat settings
13024	Skill Settings
13025	Press and hold to open potion settings
13026	Right-click to open potion settings
13027	Patrol Mode
13028	Not enough Coins to purchase a Fly Wing
13029	Fly Wing Auto-Purchase successful
13030	This item is not in your Backpack and cannot be added
13031	Enable Confirmation
13032	Enabling Auto-Purchase for Fly Wings will automatically spend Coins to purchase them from the Shop. Please proceed with caution!
13033	Auto Counter When Attacked
13034	Auto-Use Fly Wing When No Monsters Are Nearby
13035	Auto-Purchase Fly Wing
13036	Quick Use Potions
13037	Auto-Battle After Revive
13038	Return to Town and Disable Auto-Battle Before 5:00 AM
12880000000	^{1}Journey's Beginning^{2}
12880000001	^{1}Making a Name^{2}
12880000002	^{1}Rising Renown^{2}
12880000003	^{1}Local Hero^{2}
12880000004	^{1}Champion at the Summit^{2}
12880000005	^{1}Peerless Heights^{2}
12880000006	^{1}Top Ten Heroes^{2}
210001	The creation hymn of Ilmatar, Goddess of Nature, lies scattered across the world in the form of 【Melody Conches】.\nPluck the strings and resonate with her melody. Gather the lost notes and compose nature's song.
210002	Today's Drops: ${1}/${2}
210003	Note Drops
210004	Exploration Map
210005	Unlocks in ${1}d ${2}h
210006	Drag the notes to the matching positions to compose the melody.
210007	Performance Instructions
210008	Tap the buttons at the bottom to play the corresponding notes. Play the required song in the correct order to complete the stage.
210009	Explore the region associated with each movement to obtain <color=#ff6161>Melody Conches</color> and <color=#ff6161>Lost Notes</color>.\nDrag <color=#ff6161>Lost Notes</color> into the measure, and the corresponding story quest Can be unlocked.\nExchange <color=#ff6161>Melody Conches</color> for <color=#ff6161>Lost Notes</color> in the Exploration Shop.
210010	Not enough Notes. Go collect more.
210011	Incorrect selection! Please insert the correct notes.
210012	Misc timed out. Please try again.
210013	This note is already lit. No need to try again.
210014	Movement ${1} ${2}%
210015	Exploration Shop
210016	Misc
210017	This movement is not yet available.
210018	Genesis Movement
210019	Chapter Reward
210020	Chapter Objective
210021	Rewards
10890000000	Gloom Over Dragon Sarcophagus Isle
10890000001	Guild League
10890000002	Kafra · Battle of the Survivors
10890000003	Battle of Dragon Coffin Island
10890000004	Reward Vault - Rift Crisis
10890000005	Five-Player Challenge - Savage Land
10890000006	5-Player Challenge - Land of Nature
10890000007	5-Player Challenge - Dark Land
10890000008	5-Player Challenge - Savage Hinterlands
10890000009	5-Player Challenge - Forbidden Nature Zone
10890000010	5-Player Challenge - Dark Realm
10890000011	5-Player Challenge - Hidden Land
10890000012	Realm of the Gods - Normal
10890000013	Divine Realm - Hard
10890000014	Realm of the Gods - Final Trial
14000	Auto-navigation cannot reach the destination
14001	Entry requirements not met. Unable to reach the destination area.
14002	This area is inaccessible
14003	Auto-navigating…
14004	<color=#FF0000>Entering Combat</color>
14005	<color=#00FF2E>Leaving Combat</color>
14006	You are already on the map where the monster is located. Explore the area to find it.
12540000000	Trainee
12540000001	Rookie
12540000002	Warrior
12540000003	Elite
12540000004	Moonlit Challenger
12540000005	Overlord
10600200000	10-Player Dungeon
10600200001	5-Player Dungeon
10600200002	Battle Royale
10600200003	@{1}V@{2}
10720000000	Drive Back the Troublemakers
10720000001	Monster Boom Boom Boom
10720000002	Monster Split Show
12370000000	Novice
80001	The Arcane Crystal is fully charged. The unknown beyond will arrive after ${1}…
80002	Donate Arcane Crystals during the event. When the progress bar reaches ${1}, the gateway to an unknown realm will open…
80003	The Divine Realm is now open. Rewards can be exchanged at the Donor Shop for ${1}.
80004	You must Join a guild to participate in this event.\nWould you like to go Join a guild?
80005	Donate Crystals
80006	Please complete Activity Misc first to obtain Arcane Crystals.
80007	You've contributed <color=#CC762A>${1}</color> Crystal Energy to the Entire Server!
80009	Event Not Yet Available.
80010	Failed to load event data.
80011	Join a guild to participate in this event.
80012	You don't have any Mana Crystals yet. Go collect some more.
80013	The guild has reached today's donor limit. Further donations will not increase Guild Contribution.
80014	The donation period has ended.
80015	Guild rewards can only be claimed once Personal Activity reaches ${1}.
80016	Ranking Reward Settlement after the event ends
80017	You have yet to Join a guild
80018	"A crystal infused with magical energy. It powers magic equipment and is used to prepare for the New World.\n <color=#B45C4F>Can be recycled after expiration</color><sprite name=""item_2""> Copper Coins*100"
80019	Today's guild donor limit has been reached. Further donations will not grant Guild Contribution.\nWe recommend coming back Tomorrow. Continue donating?
80020	${1}0K
80021	Rank ${1}: ${2}, Final Score: ${3}\n
80022	Come Back Tomorrow
80023	${1} ${2}
80024	Ranking Reward Settlement after ${1} Ends
80025	Guild Points are the sum of all Members' personal Contribution Points. After ranking Settlement, only Members with 100,000 personal Activity Points can claim Guild Rewards.
80026	Your Contribution Points are proportional to the number of Crystals you contribute. Claim Activity Chests from the Event Calendar and participate in MVP, Mini, and Guild Caravan events to earn more Contribution Points.
80027	Donor Shop
80028	Obtain Crystals
80029	Guild Contribution Rankings
80030	Click to View
80031	Arrival Countdown: ${1} Days
80032	"<sprite name=""season_num_${1}"">"
80033	Cumulative Charge for Entire Server: <size=#32><color=#d385f5>${1}%</color></size>
80034	A New World Has Arrived
10550000000	Profile
10550000001	Message
10550000002	Add Friend
10550000003	Unfriend
10550000004	Gift
10550000005	Invite to Party
10550000006	Request to Join Party
10550000007	Apply for joining the team
10550000008	Remove from Party
10550000009	Invite to Raid
10550000010	Remove from Raid
10550000011	Add to Blocks
10550000012	Remove from Blocks
10550000013	Report Player
10550000014	Set as Close Friend
10550000015	Remove Close Friend
10550000016	Tavern Gifts
10550000017	Remove from Tavern
10550000018	Invite to Guild
10550000019	Banish from Guild
10550000020	Apply to Guild
10550000021	Manage Positions
10550000022	Remove from Recents
12200000000	Damage Reflection Build
12200000001	CRIT & CRIT DMG Build
12200000002	Movement Speed Build
12200000003	Recovery Build
12200000004	Buff Build
12200000005	Other
15000	Unable to connect to the server. Try reconnecting?
15001	Reconnect
15002	Return to Login
15003	Disconnected from the server. Please log in again.
15004	Log In Again
15005	Your account has been logged in on another device
15006	Network connection failed. Check your network settings and reconnect.
15007	Exit Game
15008	Reconnecting to server
15009	Your character has been banned. Please log in again.
15010	Your character has been deleted. Please log in again.
15011	The game is currently undergoing maintenance……
15012	Incorrect Username or Password
15013	Please select a server
15014	Failed to retrieve character list
15015	Failed to enter the game with the selected character
15016	The server is under maintenance. Please check the official announcements.
15017	An unknown server database storage error occurred
15018	An unknown queue error occurred
15019	Failed to connect to the Server. Please Log In Again.
15020	Failed to create character
15021	Failed to Select character
15022	Failed to switch characters
15023	Unknown error occurred during login
15024	Token verification failed
15025	Login failed. Please restart the game using the launcher.
15026	Failed to connect to the Server. Please try again.
15027	Network Diagnostics
15028	The following network diagnostics will be performed:
15029	DNS Resolution Check
15030	TCP Connection Check
15031	Web Access Check
15032	MTR Route Analysis
15033	Back
15034	Retry
15035	Network Delay Check
10380000000	Guild Hall
10380000001	Guild Store
10380000002	Institute
10380000003	Guild Store
10380000004	Tactical Warehouse
10380000005	Guild Black Market
11970100000	A common mineral vein rich in iron. Mine it to obtain basic ore. ^{1}Can be used to Craft T@{1} equipment^{2}
11970100001	A mineral vein containing large quantities of carbon-rich ore. Mine it to obtain Low-grade ore. ^{1}Can be used to Craft T@{1} equipment^{2}
11970100002	A Rare silver mineral vein that glimmers faintly. Mine it to obtain intermediate ore. ^{1}Can be used to Craft T@{1} equipment^{2}
11970100003	A hard mineral vein gleaming with golden light. Mine it to obtain high-grade ore. ^{1}Can be used to Craft T@{1} equipment^{2}
11970100004	A coarse vine commonly found in the Field. Gather it to obtain a basic Plant. ^{1}Used by the Chef Life Skill to make various restorative Potions and Cooking dishes^{2}
11970100005	Soft Plant fibers. Gather them to obtain a Low-grade Plant. ^{1}Used by the Chef Life Skill to make various restorative Potions and Cooking dishes^{2}
11970100006	Sedge that shows Growth in damp, shaded areas. Gather it to obtain an intermediate Plant. ^{1}Used by the Chef Life Skill to make various restorative Potions and Cooking dishes^{2}
11970100007	A strange Plant with petals that radiate an ethereal glow. Gather it to obtain a high-grade Plant. ^{1}Used by the Chef Life Skill to make various restorative Potions and Cooking dishes^{2}
13150600000	The Party Leader selects a sapling and hangs the declaration
13150600001	Prepare for battle
13150600002	Earn a C rating
13150600003	Earn a B Rating
13150600004	Earn an A Rating
13150600005	^{1}Use the Grappling Hook to Restrain Almakia!^{2}
13150600006	^{1}Now's your chance! Reach Almakia's back and explore it^{2}
13150600007	^{1}Defeat Ilmata, God of Nature^{2}
13150600008	^{1}Escape to the finish line as quickly as possible^{2}
13150600009	^{1}Use Lope to dodge attacks and slide all the way to the end!^{2}
13150600010	^{1}Defeat Ilmata, the Parasitized Divine Vessel^{2}
13150600011	Move Forward and catch up with Dracula
13150600012	Defeat the Marionette
13150600013	Continue pursuing Dracula. Watch out for Dynamite on the ground.
13150600014	Defeat Wraith.
13150600015	Continue chasing Dracula, and watch out for falling rocks
13150600016	Defeat Doppelganger
13150600017	Continue chasing Dracula
13150600018	Defeat Wind Ghost
13150600019	Defeat Dracula
13150600020	Find the key in the bushes and rescue your companions
13150600021	Reach @{1} Total Points*
13150600022	A cute girl is waving at you
13150600023	Find the Trial Instructor
13150600024	Equip the Dagger in your Backpack
13150600025	Give the collected herbs to Rhine.*
13150600026	Equip gear in any @{1} slots
13150600027	Head toward Prontera
13150600028	Speak with the Mentor about Job Advance
13150600029	Head to the Grand Lecture Hall
13150600030	Go to the Boy
13150600031	Place your hand on the boy's.
13150600032	Touch the Book of Job Advancement.
13150600033	Choose Your Preferred Class
13150600034	Reach Base Lv. @{1}\nRecommended: Challenge Valhalla
13150600035	Choose a path to begin your journey!
13150600036	Complete a Title Promotion once.
13150600037	Find the Client
13150600038	Automatically ride the Balloon Mount
13150600039	Gather Hard Shells.
13150600040	Gather high-quality Sticky Mucus.
13150600041	Use the Magic Fly Wing
13150600042	Collect the Rare Balance Bristles
13150600043	Go to the tavern
13150600044	Reach Izlude
13150600045	Board the Airship
13150600046	Complete the Airship Battle
13150600047	Complete Equipment Forging once
13150600048	Head to the Adventurer Camp
13150600049	Go to Ant Hell
13150600050	Pick up the Research Notebook.
13150600051	Keep moving forward
13150600052	Approach the Strange Girl
13150600053	Release the pathfinder ant.
13150600054	Enter the Mysterious Cave Entrance
13150600055	Rescue the Professor
13150600056	Return to the Adventurer Camp
13150600057	Look Around
13150600058	What is the Temporal Court?
13150600059	Reach Base Lv. @{1}\nRecommended: Monster Conquest
13150600060	Find the Guild Leader
13150600061	Go to the Scene
13150600062	Inspect the goods by the roadside.
13150600063	There seems to be some cargo up ahead. Go take a look.
12030000000	Attack No. @{1}
12030000001	Defense No. @{1}
12030000002	Life No. @{1}
12030000003	Attack Star Core @{1}
12030000004	Defense Star Core @{1}
12030000005	Star Core No. @{1}
13150600070	Head to the Relic
13150600071	Defeat Pharaoh
13150600072	Reenter the Court of Time
13150600073	Check the Space-Time Gate
13150600074	To Prontera
13150600075	Go to the inn and rest
13150600076	Rest in the upstairs room
13150600077	Go to Payon and search for traces of Mushroom monsters
13150600078	Complete the Opening Dance
13150600079	Go to the Scene of the Argument
13150600080	Gather Whispering Flowers.*
13150600081	Place the Whispering Flowers.
13150600082	Complete the mouse-catching game
13150600083	Go to the banquet venue
13150600084	Go to the Professor
13150600085	Spray the pheromones.
13150600086	Approach the giant ant.
13150600087	Complete the race
13150600088	Go to the bulletin board
13150600089	Check the wanted poster.
13150600090	Go to Eastern Payon
13150600091	Caress the Stray Cat
13150600092	Complete the hide-and-seek game
13150600093	Go to the Wildcat
13150600094	Go to South Morroc
13150600095	Help the Man
13150600096	Complete the shell game
13150600097	Open your Backpack and use a Red Potion
13150600098	Tap the quest to learn about automatic potion resupply.
13150600099	Allocate Skill Points.
13150600100	Allocate Stat Points.
13150600101	Clear the first floor of the tower
13150600102	Level-up Talents @{1} time(s)
13150600103	Obtain the Lion Mount
13150600104	Ride the Lion mount
13150600105	Obtain the Hyena mount
13150600106	Ride the Hyena mount
13150600107	Obtain the Wild Boar mount
13150600108	Ride the Wild Boar mount
13150600109	Obtain the Alpaca mount
13150600110	Ride the Alpaca mount
13150600111	Obtain the Ostrich mount
13150600112	Ride the Ostrich mount
13150600113	Obtain the Fox mount
13150600114	Ride the Fox mount
13150600115	Equip @{1} cards
13150600116	Defeat the Forces of Evil
13150600117	Clear the third floor of the tower
13150600118	Clear the fourth floor of the tower
13150600119	Defeat Maya
13150600120	Learn about the Monster Conquest System
13150600121	Conquer the monsters in Munak Cave
13150600122	Select the quest to learn about Auto-Battle
13150600123	Fuse @{1} Pets
13150600124	Deploy @{1} Pets
13150600125	Enter the Pet Tower
13150600126	Clear the Phantom Realm dungeon
13150600127	Refine a weapon once
13150600128	Select the quest to learn about Battle Royale
13150600129	Use a Fly Wing @{1} times
13150600130	Earn @{1} points
13150600131	Return to the NPC to claim your reward
13150600132	Collect Magic Crystals +@{1} Points
13150600133	Kill Monster A +@{1} Points
13150600134	Defeat players from other guilds: +@{1} points
13150600135	Rift Stone*
13150600136	Tap Instant Promotion@{1}
13150600137	Complete Your First Job Change
13150600138	Tap the Touch button to touch the Book of Job Advancement
13150600139	Complete 2nd job change.
13150600140	Complete Trans. 2nd
13150600141	Complete the Third Job Advancement
13150600142	Head toward Prontera.
13150600143	A crowd has gathered up ahead. Go take a look.
13150600144	Listen to What the Beginner Guide Has to Say
13150600145	Go Take Part in the Novice Trial
13150600146	Ask Rhine about the trial
13150600147	Defeat the Nearby Porings*
13150600148	Tell Rhine you completed the trial
13150600149	Tell Rhine about what you Learn from skills
13150600150	Defeat the Nearby Fabres*
13150600151	Go To Prontera and visit the Head Job Advance Mentor
13150600152	Go to the Grand Lecture Hall for your Job Advance
13150600153	Choose the class You want and Complete the Job Advance
13150600154	Job Advance successful. Talk to the Mentor.
13150600155	Use skill points*
13150600156	Talk to the Mentor
13150600157	Accept A New Request
13150600158	Ask Rhine about the request
13150600159	Defeat any monster outside the South Gate*
13150600160	Turn in the request to Rhine
13150600161	Talk to Rhine
13150600162	Rhine wants to talk to You
13150600163	Talk to Rhine about the Mount
13150600164	Go to Payon and find Boya, the Eden Group Instructor
13150600165	Head to Southern Payon and meet up with Baoya
13150600166	Defeat Boas and collect Snake Gallbladders*
13150600167	Give the Snake Gallbladders to Boya
13150600168	Defeat Willows and collect Tree Bark*
13150600169	Give the Tree Bark to Boya
13150600170	Press on into the Deep Forest and find the Snake Eggs
13150600171	Pick up the snake egg quickly without being discovered
13150600172	Fend off the endless waves of monsters
13150600173	Give the Snake Eggs to Boya
13150600174	Ask about the next move
13150600175	Meet Boya in Payon Forest
13150600176	Talk to Boya
13150600177	Use a Fly Wing to search for signs of Eddga
13150600178	Clear out the nearby Horns*
13150600179	Listen to what the Hunter has to say
13150600180	Search for traces of Eddga along the road
13150600181	Something feels off Nearby. Take a look!
13150600182	Discover Eddga
13150600183	Defeat the vicious Eddga
13150600184	Collect fur from the defeated Eddga*
13150600185	Talk to Boya and Wule
13150600186	Meet up with Boya and Wule
13150600187	Use a Butterfly Wing to return to Prontera
13150600188	Tell Captain Aikuni everything that happened
13150600189	Learn Equipment Forging from Hollgrehenn
13150600190	Show Hollgrehenn what you learned
13150600191	Talk to Captain Aikuni
13150600192	Tell Captain Aikuni what You think about using the handbook
13150600193	Go to Izlude
13150600194	Meet up with Party Leader Eikuni
13150600195	Ask the Nearby Caravan Members what happened
13150600196	Recover all the cargo from the Mukas*
13150600197	Find the Caravan Party Leader
13150600198	A cry for help is coming from the Peco Peco nest...
13150600199	Defeat the vicious Peco Peco
13150600200	Rescue the Party Leader and the mysterious woman
13150600201	The Caravan Party Leader wants to talk to You
13150600202	Go to the port and help the Caravan Members arrange the cargo
13150600203	Everything's ready. Talk to the Party Leader
13150600204	Your chest suddenly feels warm...
13150600205	Find the attendant and have your ticket checked
13150600206	Board the Ship with the Captain and the Others
13150600207	Take the airship to Morroc
13150600208	Ask your companions about the current situation
13150600209	Go to the Adventurer camp at the edge of the desert
13150600210	Ask Hawk, the camp manager, about the professor's whereabouts
13150600211	Search west of the camp for signs of the professor
13150600212	Help the Adventurers exterminate the Chonchons*
13150600213	Ask the Adventurer about Traces of the Professor
13150600214	Search for the professor near Ant Hell
13150600215	Clear out the Nearby Deniro and Piere*
13150600216	Return to Camp and talk to Hawke
13150600217	Advance a Growth Emblem once
13150600218	Talk to the Head Job Advance Mentor about your Job Advance
13150600219	Defeat monsters in Sograt Desert*
13150600220	Report the Outcome to the Head Job Advance Mentor
13150600221	Choose your Job Advance path
13150600222	Talk to the Head Job Advance Mentor about skills
13150600223	Talk to the Head Job Advance Mentor about talents
13150600224	Hawke has found a New Clue about the Professor. Talk to him
13150600225	Go to Ant Hell and find Professor Ryan
13150600226	Defeat any monster in the Ant Hell*
13150600227	Search the Ant Hell for Traces of the Professor
13150600228	Examine the note left on the ground
13150600229	Continue deeper into Ant Hell
13150600230	Follow the markings in the note to the indicated location
13150600231	Talk to the middle-aged man Nearby to confirm his identity
13150600232	Give the poor girl some Clothes to wear
13150600233	Face the crisis
13150600234	A Sudden Turn leaves you momentarily stunned
13150600235	You can hardly believe what just happened…
13150600236	Get Help from this Adventurer
13150600237	Defeat any type of ant to obtain Alchemy Materials*
13150600238	Give the materials to the Adventurer so he can create a tracker ant
13150600239	Go to the intersection and Release the pathfinder ant.
13150600240	Follow the pathfinder ant to the entrance of the queen ant's nest
13150600241	Crawl through the Mysterious Cave Entrance
13150600242	The captain is worried about You. Talk to her
13150600243	Step aside and hear what Bobo wants to tell You
13150600244	Talk to Captain Aikuni and Hawke
13150600245	Ask the Pet Merchant how to use the Egg Incubator
13150600246	Tell the Merchant about what You Hatched
13150600247	Ask the professor why he went to the desert
13150600248	Something completely unexpected happened...
13150600249	Talk to the familiar-looking Woman Nearby
13150600250	Ask the Woman what this is all about
13150600251	The Professor and the captain seem to have something to tell You
13150600252	Open ^{1}Daily Must-Dos^{2} and complete ^{3}Daily Misc activities (Dumby's Request, AFK in the Field, etc.)^{4} to earn lots of EXP
13150600253	Find the Head Job Mentor and learn about Trans. 2nd Job Advance
13150600254	The Head Job Mentor wants to talk to You
13150600255	Ask Hollgrehenn about Equipment Forging
13150600256	Read the letter
13150600257	The Professor has something important to tell You. Go talk to him
13150600258	Head to the entrance to Culvert Floor @{1} and meet the investigator
13150600259	The investigator is actually a…
13150600260	Catch up with Fervor
13150600261	Examine the suspicious Clothes Fervor found*
13150600262	Talk to Fervor
13150600263	Catch up with Jiyang
13150600264	Fervor found another suspicious cardboard box. Investigate it*
13150600265	Ask Fervor about the new Discover
13150600266	Don't lose sight of Fervor. Hurry and Catch up with Jiyang
13150600267	Defeat the Tarou ahead that are scaring Fervor*
13150600268	Continue exploring and follow Fervor into Culvert Floor @{1}
13150600269	Fervor seems to have stopped someone. Who could it be…?
13150600270	Fervor refuses to move. Defeat the poisonous Mushrooms it hates*
13150600271	Continue following Fervor
13150600272	Examine the suspicious Clothes left on the ground*
13150600273	Check the spot Fervor is sniffing
13150600274	Enter through this Covert entrance
13150600275	Recover the Professor's missing instrument
13150600276	Leave the depths of the Culvert
13150600277	Return to Prontera and report to the professor
13150600278	Professor Ryan seems to have something very important to tell You. Go talk to him
13150600279	Head outside Prontera's north gate
13150600280	Move forward and assess the situation
13150600281	There's a cargo crate in the road. Examine it*
13150600282	There seem to be several people ahead. Go take a look
13150600283	Ask the leader about the situation
13150600284	Continue searching for the scattered cargo
13150600285	Examine the cargo crate on the ground*
13150600286	Examine the abandoned cargo crate*
13150600287	Tell the Caravan Member that Baphomet is dead
13150600288	Give the recovered parts to the Professor
13150600289	Meet the Professor at the Nail of Order in the northwest part of the city
13150600290	Pick up the Professor's instrument
13150600291	Get permission from the Knight guarding the Nail of Order
13150600292	Place the instrument beside the Nail of Order and get Ready to operate it
13150600293	The Nail of Order is somehow resonating with You…
13150600294	Bragis has appeared again. Talk to her
13150600295	Learn more of the truth from Bragis
13150600296	Listen to the Soldier's Report
13150600297	Go to the Pyramid
13150600298	Ask the Nearby Soldier about the situation
13150600299	Scout ahead
13150600300	Help the Soldier defeat the frenzied Drainliars Nearby*
13150600301	Ask the Soldier about the situation
13150600302	Venture deep into the Pyramid
13150600303	Help the Soldier defeat the Nearby Archer Skeletons*
13150600304	Continue the Search for the Relic and the Professor's party
13150600305	The Professor and the others appear to be surrounded by monsters. Hurry over and see what's happening.
13150600306	Defeat the Pharaoh
13150600307	The Knight nearby wants to speak with you.
13150600308	Talk to the Professor
13150600309	Touch the Realm Diorama
13150600310	Respond to a Crisis
13150600311	You Enter the Garden of Time once again...
13150600312	Talk to the familiar Woman before you
13150600313	Go to the second platform in the Garden of Time
13150600314	Watch what is happening before you
13150600315	Bragis wants to speak with you.
13150600316	You Discover yourself lying on the ground...
13150600317	Listen to the professor explain everything
13150600318	Head to the Inn and Rest
13150600319	Go to your room at the Inn and Relax in bed
13150600320	Watch the prophecy in your dream
13150600321	Take part in events and enjoy your adventures in this world
13150600322	Complete the Golden Thief Bug Dungeon*|Complete the Orc Hero Dungeon*|Complete the Drake Dungeon*
13150600323	Create or Join a guild (once you've joined, you can participate in evening events and earn Auction Dividends)
13150600324	Follow Bobo to start Learning the Professions (you can Produce Equipment Forging materials and various Consumables)
13150600325	Follow Bobo to learn about the Trade Exchange (where valuable items are Tradeable)
13150600326	Complete a Training Ground Dummy Challenge
13150600327	Follow Bobo to learn about the Build Handbook (where you can Learn about each Build's unique features)
13150600328	Follow Bobo to learn about Auto-Battle
13150600329	Rent a Cart Merchant (available after you Learn Cart Use)
13150600330	Rent a Falcon (available after you Learn Falconry Mastery)
13150600331	Rent a Peco Peco (available after you Learn Riding)
13150600332	Rent a Madogear Pilot (available after you Learn the Madogear Pilot License skill)
13150600333	Rent a Demonic Wolf (available after you Learn Wolf Taming)
16000	Reset succeeded
16001	No points have been allocated. Unable to reset.
16002	You haven't joined a guild yet.
16003	Locked
16004	Current Base Level cap: ${1}
16005	Next Base Level cap: ${1}
16006	New Base Level cap unlocks on: ${1} (in ${2} days)
16007	Days since server launch: ${1}
16008	Current World Level: ${1} (affects some monster levels)
16009	Extra World Level EXP bonus: ${1}
16010	Complete quests and Kill monsters to earn EXP
16011	Character UID Copied
16012	Notice
16013	Switch stat builds. This version currently supports only one build.
16014	Reset stat points. All allocated points will be refunded.
16015	Save your stat allocation first?
16016	Job:
16017	UID：
16018	Title:
16019	Rank:
16020	None
16021	Title Function locked
16022	Rank Function locked
16023	Trophy:
16024	Guild:
16025	BASE
16026	JOB
16027	Base Stats
16028	Life Skills:
16029	General Stats
16030	Quasi-Stats
16031	Special
16032	Auto-Assign
16033	Stats
16034	Equipment & Other
16035	Req
16036	Points remaining: <color=#63a22b>${1}</color>
16037	Insufficient items
16038	Unlock
16039	Unlocking this build costs
16040	Use
16041	Party:
16042	None
16043	Raid:
16056	Unable to view. This player has hidden their information.
16057	Tap to close
16058	Costume System is not yet available
16059	Build ${1}
16062	Stat allocation unlocks after Job Advance
16063	No stat points have been allocated. Exit anyway?
16064	Edit Name
16065	Equipped
16066	After using a recommended build, stat points will be allocated automatically upon Level-up based on the selected recommendation
16067	Switch
16068	Selected build: ${1}
16080	Astral Level
16081	Astral Points
16082	Stat Overview
16083	Points
16084	Astral Level and Constellation data will reset between Seasons
16085	PATRON
16086	Pending activation
16087	Tap to activate
16088	Activation Effect
16089	Current Effect
16090	Level-up Effect
16091	Replacement Effect
16092	Power Bonus
16093	Effect granted after socketing a Star Core
16094	Activate
16095	Reset Points
16096	Level-up
16097	Confirm
16098	Remove
16099	Insert
16100	Replace
16101	MAX
16102	Tap to activate when the prerequisite Star reaches Max level
16103	Resetting points will reset this Star and all subsequent Stars and automatically unequip their Star Cores\nContinue? (<color=#cc762a>${1}</color> Astral Points will be refunded)
16104	Insufficient points in the prerequisite Constellation. This Constellation's attributes are inactive.
16105	Star Core List
16106	No attributes
16107	Not enough Star Points to Level-up
16108	Star Core Effect
16109	No Star Cores in your Backpack
16110	No Stars can be reverted
16111	Can be unlocked after activating all Stars in the prerequisite Constellation
16112	EXP
16113	No other Star Cores in your Backpack
16114	Resetting points will reset this Star and all subsequent Stars and automatically unequip their Star Cores\nContinue? (<color=#cc762a>${1}</color> Astral Points will be refunded)\n<color=#da3838>This will deactivate the attributes of subsequent Constellations</color>
16115	This will reset all Stars in every Constellation and automatically unequip their Star Cores\nContinue? (<color=#cc762a>${1}</color> Astral Points will be refunded)
16116	Current Paragon Level: ${1}
16117	Extra World Paragon Level bonus: ${1}%
16118	Complete quests and Kill monsters to earn EXP. Star Deity Level and constellation data will reset between Seasons.
16119	Press and hold to quickly assign points
16120	Suggested
13340000000	Test STR@{1}
13340000001	Test AGI@{1}
11460100000	This is a Default Theme.
11460100001	Bouquet
11460100002	Meow
11460100003	Set Sail
11460100004	This is a Default Background.
11460100005	Path of Adventure
11460100006	Land of Lilies of the Valley
11460100007	Unlock this Mood instantly.
11520000000	Praiser Priest
11520000001	Exorciser
11520000002	Cart Merchant
11520000003	Madogear Pilot
11520000004	Axe
11520000005	Holy Knight
11520000006	Protection
11520000007	Retribution
11520000008	Wind Walker
11520000009	Falcon Hunter
11520000010	Sharpshooting
11520000011	Speedy Hunter
11520000012	Warg Hunter
11520000013	AGI Swordsman
11520000014	Lance Knight
11520000015	Rune Sword
11520000016	Rune Spear
11520000017	Speed Assassin
11520000018	Sand Puff Assassin
11520000019	Burst Assassin
11520000020	Venom Assassin
11520000021	Soul Breaker Assassin
11520000022	Spinning Assassin
11520000023	Shadow Assassin
11520000024	Fire
11520000025	Ice and Thunder
11520000026	Earthfire Mage
11520000027	Soul Buster
11520000028	Element
13110100000	Increases DEF
13110100001	Increases Move Speed---/Attack Speed
13110100002	Increases Movement Speed---/HP recover
13110100003	Increase Attack
13110100004	Increases damage reflection
13110100005	Increases each stat by @{1} points
13110100006	When attacking, has a @{1}% Chance to restore @{2} HP with no cooldown
13110100007	Increases allies' MP recovery by @{1}
13110100008	Reduces the DEF of nearby enemies
13110100009	Reduces the Movement Speed of nearby enemies
13110100010	Currency
13110100011	CRIT
13110100012	Damage Reflection
13110100013	Equip
13110100014	Power
13110100015	Endure
13110100016	Healing
13110100017	DEX
13110100018	Undead
13110100019	Slow
13110100020	Damage
13110100021	Revive
17000	The current skill cannot be used without a locked target.
10890200000	@{1}~@{2}
12660000000	Congratulations! Hope some of that luck rubs off on me!
12660000001	So lucky! I'll be next!
12660000002	May fortune smile on you—now hand over the red envelope!
12660000003	Amazing! You're in a league of your own!
12660000004	Thanks for being here. I'll give it my all, too!
12660000005	No way! Is today my lucky day?!
12660000006	Seriously? I can't stop smiling!
12660000007	We're rich! We're rich!
12660000008	I'm so happy I could spin in circles!
280000	Mock Battle
280001	Opens in ${1}
280002	Finding a match...
280003	Rune Eagle
280004	Papal Wolf
280005	Battle Points
280006	Career Total Points
280007	Career Total Kills
280008	Career Total Assists
280009	Career Total DMG
280010	Career Total DMG Taken
280011	Career Total Healing
280012	Season Data
280013	Match History
280014	You already have a Battlefield Skill and cannot Pick up another.
280015	The Battle has already started. If you Exit, you cannot Join again.\nAre you sure you want to Exit?
280016	Reward Count refreshes every Monday at 5:00
280017	Battles Start at 16:00, 16:20, and 16:40 every Sunday
280018	Registration for ${1} is now open.
280019	Weekly Rewards Claim Count: ${1}/${2}
280020	Cannot Enter as a team
280021	Mock Battle
280022	Mock Battle
280023	Participation Rewards
280024	Show Party
280025	Start Matching
280026	Result
280027	Points
280028	Kill
280029	Assist
280030	Time
280031	Best Squad
280032	Points Are King
280033	Rank
280034	Name
280035	Name
280036	Battleground Info
10840000000	Beginner's Handbook
12430100000	Confirm
12430100001	Cancel
12430100002	Retry
12430100003	Exit
12430100004	Ignore
12430100005	Restart
12430100006	{0}
12430100007	Client update complete. The game will restart.
12430100008	Client update complete. Please restart the game.
12430100009	Repair Client
12430100010	Client Repair complete. The game will close. Please restart the game.
12430100011	Client Repair complete. The game will restart.
12430100012	Clear the client's local Data? The client will restart automatically.
12430100013	Clear the client's local Data? After the game closes, please restart it manually.
12430100014	Downloading files {@{1}:@{2}0}/{@{3}:@{4}0} MB
12430100015	Download speed: {@{1}:@{2}0}{1}
12430100016	Download speed: {@{1}:@{2}0}{1}. Estimated time: {2} min {3} sec
12430100017	Download speed: {@{1}:@{2}0}{1}. Estimated time: {2} sec
12430100018	You are not connected to Wi-Fi. The game has a {@{1}:@{2}0}MB update. Downloading it may incur Data charges. Continue?
12430100019	Loading...
12430100020	Your client version is too old to ensure a stable gameplay experience. Please Download the latest version. Select Confirm to open the corresponding store's Download page, or select Cancel to close the game.
12430100021	Your client version is too old to ensure a stable gameplay experience. Please Download the latest version.
12430100022	Loading remote configuration file...
12430100023	Mute
12430100024	Error verifying version differences.
12430100025	An error occurred while updating the client. Select Ignore to temporarily Start Game, but you may encounter issues.
12430100026	Failed to read the remote configuration file. This may be a Network issue. Check your connection and Retry....
12430100027	Failed to Download the resource package. This may be a Network issue. Check your connection and Retry....
12430100028	Sorry, the update cannot be downloaded because your device does not have enough storage space. Free up some space and Try Again.
12430100029	Failed to save the file. There may not be enough storage space. Free up some space and Retry....
12430100030	Network Error
12430100031	Incomplete client cache files were detected. Clear the cache and Download them again?
12430100032	Incomplete client cache files were detected. Please Download them again.
12430100033	A client configuration update was detected. You must Restart Now.
12430100034	Failed to refresh the update files. Some cache files may be in use, or there may be a Permissions issue.
12430100035	Analyzing file differences...
12430100036	File difference analysis complete.
12430100037	Failed to retrieve the remote configuration file. Network connection failed.
12430100038	Downloading:
12430100039	Please launch the game through the launcher.
18000	Automatically Revive after <color=#76c233>${1} sec.</color>
18001	Revive
18002	Instant respawn
18003	Instant respawn
18004	"Spend <sprite name=""${1}""> <color=#cc762a>x${2}</color> to Revive?"
18005	Waiting to Revive
18006	Return to checkpoint
18007	Revive in <color=#76c233>${1}</color> seconds
18008	${1} Revive
18009	Free Revives: <color=#76c233>${2}</color>/${1}
18010	Not Enough Revives
18011	Help!
18012	Help!
18013	Reviving
18014	Accept ${1}'s Revive invitation?
18015	You have been successfully Revived by ${1}!
18016	You have successfully Revived ${1}!
18017	Don't rush! Take a moment to calm down before asking your teammates for help again (*^_^*)
18018	You Declined ${1}'s Revive invitation! Tough stuff!
18019	${1} Declined your Revive invitation! (╯▔皿▔)╯
18020	<color=#FDAB5B>Revive Point activates in:</color><color=#76C233>${1}s</color>
18021	Accept ${1}'s Revive invitation? If you decline, you will automatically return to the Revive Point.
18022	Reject
18023	Accept
18024	Teleport Prompt
18025	Activate the <color=#fdab5b>${1}</color> effect to Respawn here?
18026	Active
18027	Abandon
10670000000	Bubble
10670000001	Deviling
10670000002	Muka
10500000000	Growth
10500000001	Misc
10500000002	Connect
10500000003	Fashion
10500000004	Basic
10500000005	Server
12150000000	Increases ^{1}Damage Increase by @{1}%^{2} and ^{3}DMG Reduction by @{2}%^{4}
12150000001	Increases ^{1}Damage Increase by @{1}%^{2} and ^{3}DMG Reduction by @{2}%^{4}, and increases the team's Revive count in the Dungeon by ^{5}@{3}^{6}
150001	Producer YU
150002	Producer Subjugation Battle
150003	Compete against other Adventurers. The team that ultimately defeats YU will receive the following rewards.
150004	Tap the map to start auto-navigation.
150005	Remaining Quantity
150006	Next Refresh Time
150007	Upper-Left Revive Point
150008	Lower-Left Revive Point
150009	Upper-Right Revive Point
150010	Lower-Right Revive Point
150011	${1} Refresh
150012	Switching can be initiated after ${1} seconds without attacking another player (Deprecated)
13800000000	Escort Mission Preparation
13800000001	Caravan Escort
13800000002	Escort Mission End Waiting Period
13800000003	Stronghold War Auction - Ready
13800000004	Stronghold War Auction - Open
13800000005	Stronghold War Auction - Final
13800000006	Stronghold War Preparation
13800000007	Stronghold War
13800000008	Regional Capital War Auction - Ready
13800000009	Regional Capital War Auction - Open
13800000010	Regional Capital War Auction - Final
13800000011	Regional Capital War Preparation
13800000012	Regional Capital War
13800000013	Royal City War Auction - Ready
13800000014	Royal City War Auction - Open
13800000015	Royal City War Auction - Final
13800000016	Royal Capital War Preparation
13800000017	Royal City War
19001	Left Accessory
19002	Right Accessory
19003	Main/Off-Hand
19004	Armor
19005	Cloak
19006	Shoes
19007	Current Level
19008	Next Level
19009	Achieved
19010	Locked
19011	${1} pieces of equipment reach Refine Level ${2}
19012	Refinement Resonance
19013	Refine Level
19014	After reaching Refinement +${1}, failure will not reduce it below +${2}
19015	Blessed Refinement will not decrease the refinement level
19016	Refinement Lv.${1}
19017	Off-hand equipment does not inherit refinement attributes
19018	1. Refinement applies to equipment slots only. Changing equipment does not affect refinement bonuses.\n2. Slots can still be refined when no equipment is worn, but refinement bonuses only take effect when equipment is equipped.\n3. The maximum Refine Level is equal to the character's Current Level.\n4. Refining all equipment slots to the specified level activates Resonance stats. The corresponding bonuses only take effect when equipment is equipped.
19019	1.Each Refine Level in Equipment Refining has a fixed success rate.\n2.Refining may fail. If it does, the Refine Level may decrease by 1.\n3.Failed refining attempts or level decreases grant Luck. Consecutive level decreases grant more bonus Luck.\n4.At a safe Refine Level, failed refining attempts will neither decrease the Refine Level nor grant Luck. Safe Refine Levels: 4/7/10/13/16/19/22/25.\n5.When using Blessed Ore, failed refining attempts will not decrease the Refine Level. Legend Ore increases the refining success rate and prevents the Refine Level from decreasing upon failure.
19020	Refinement Successful
19021	Refinement Failed
19022	Equipment Upgrade
19023	Equipment Enhancement Guide
19024	Refine
19025	Success Rate
19026	Material Cost:
19027	Success Rate Details
19028	Locked
19029	Not Equipped
19030	Refinement limit reached
19031	Blessing
19032	Please equip the item before enhancing it.
19033	Success
19034	Do not remind again during this login
19035	Don't Downgrade
19036	Refine Level<color=#ff6161>-${1}</color>   Success Rate <color=#76c233>+${2}%</color>
19037	Success Rate <color=#76c233>+${1}%</color>
19038	Maximum Refine Level reached
19100	${1} pieces of equipment reach Reinforcement level ${2}
19101	Enhancement Resonance
19102	Reinforcement level
19103	Current Enhance Level Cap: ${1}
19104	Enhance Lv.${1}
19105	Off-hand slots do not inherit Enhance attributes.
19106	1. Enhance applies only to equipment slots. Changing equipment does not affect its bonuses.\n2. You can still Enhance a slot when no equipment is equipped, but the bonuses only take effect once equipment is equipped in that slot.\n3. The maximum Reinforcement level is your character's Current Level.\n4. When you Enhance all equipment slots to the specified level, Resonance stats will be activated. You must have equipment equipped in those slots to receive the corresponding bonuses.
19107	Equipment Upgrade
19108	Enhancement Successful
19109	Left Accessory Slot
19110	Right Accessory Slot
19111	Main-Hand/Off-Hand Slot
19112	Armor Slot
19113	Cloak Slot
19114	Footwear Slot
19115	Equipment Refining Details
19116	Enhance
19117	Material Cost:
19118	Locked
19119	Enhance once
19120	Enhance Five Times
19121	The upgrade cap has been reached
19122	Equip the item before enhancing it.
19123	Select Item
19124	${1}(Max)
19125	(New levels unlock after Base${1})
19126	New levels unlock after Base${1}
19127	100% of attributes carry over when changing equipment.
19128	Enhancement attributes take effect once the equipment is equipped.
19129	Enhancement in progress. Please try again later.
19138	Refine attributes take effect once the equipment is equipped.
19200	Select <color=#cc762a>1</color> attribute to activate.
19201	Activate
19202	Reforge Cost
19203	Reforge
19204	Activating this attribute will <color=#FF1515>decrease Power</color>. Continue?
19205	Tap Reforge to reroll 3 attributes.
19206	Attribute bonuses reset between Seasons.
19207	Select <color=#cc762a>1</color> attribute to replace.
19208	Replace
19209	Abandon
19210	Unlocks at Refine Level ${1}
19211	A high-quality attribute is currently available. Discard it?
19212	Refine Ascension
19213	Activate Refine Ascension
19214	Refine Level ${1}
19215	Raise the Refine Level to enable Refine Ascension.
19216	Inactive
19217	Locked
13630000000	You set out from ^{1}Prontera^{2} and traveled through ^{3}@{1}^{4} regions, leaving your footprints all across Midgard.
13630000001	\nYou successfully completed ^{1}@{1}^{2} box-stacking challenges and ^{3}@{2}^{4} Othello matches, demonstrating true mastery.
13630000002	\nYou defeated ^{1}${1}^{2} monster Bosses. Even the mightiest beings bow at your feet.
13630000003	\nYou earned a total of ^{1}${1}^{2} Adventure Coins during your travels, making you quite the moneymaker.
13630000004	\nThroughout your travels, you never stopped training and improving yourself. Here's what you accomplished:
13630000005	\nYou completed Skill Training ${1} times.
13630000006	\nYou completed Secret Realm Exploration ${1} times.
13630000007	\nYou completed ${1} commissions.
13630000008	\nYou transported supplies ${1} times.
13630000009	\n${1} is your favorite way to train. Training makes you stronger and earns you greater respect.
13630000010	\nTraining isn't everything. Balancing work and rest will take you farther. Here's how you relaxed:
13630000011	\nYou enjoyed fine food ${1} times.
13630000012	\nYou bought new clothes ${1} times.
13630000013	\nYou relaxed at home ${1} times.
13630000014	\nYou traveled with friends ${1} times.
13630000015	\nYou dressed up for a date ${1} times.
13630000016	\nYou enjoyed ${1} artistic activities
13630000017	\n${1} was your most frequent activity, adding a splash of color to your life.
13630000018	\nIn between growing and having fun, you also ran your own small ventures, including:
13630000019	\nYou set up a Stall at the South Gate ${1} times
13630000020	\nYou managed a guild ${1} times
13630000021	\nYou published ${1} issues of a fashion magazine
13630000022	\n${1} was the work you loved most. You've carved out a place of your own on the continent of Midgard.
13630000023	\n^{1}Thank You for every moment along the way. We hope you enjoy the journey ahead!^{2}
10160000000	Trade
10160000001	Stall
10160000002	Auction
10160000003	Event
10160000004	Items
10160000005	Equipment
10160000006	Refine
10160000007	Enhance
10160000008	Skills
10160000009	Settings
10160000010	Party
10160000011	Guild
10160000012	Title
10160000013	Card
10160000014	Special Class Item
10160000015	MVP
10160000016	AFK in the Field
10160000017	Idle Grinding
10160000018	Player Card
10160000019	Trophy
10160000020	Status
10160000021	Dungeon
10160000022	Chat
10160000023	To-Do
10160000024	Backpack
10160000025	Mount
10160000026	Soul Echo
10160000027	Divine Totem
10160000028	Build
10160000029	Wardrobe
10160000030	Pet
10160000031	Academy
10160000032	Affection
10160000033	Life Skill
10160000034	Home
10160000035	Spectate
10160000036	Discord
10160000037	Ranking
10160000038	Feedback
10160000039	Unstuck
10160000040	Craft
10160000041	Job Advance
10160000042	Friends
10160000043	Ranking
10160000044	Mail
10160000045	Growth
10160000046	Notification Dot System
10160000047	Launch Fest
10160000048	MINI Activities
10160000049	Life Skills
10160000050	Main Screen Equipment Display
10160000051	Growth Emblem
10160000052	Auto-Battle
10160000053	Map
10160000054	Quests
10160000055	Master Toggle for In-Game Development Events
10160000056	Guild League
10160000057	Realm of the Gods
10160000058	Phantom Realm
10160000059	Profile
10160000060	Competition
10160000061	Kafra: Survivor Battle
10160000062	Emote/Action
10160000063	War of Emperium
10160000064	Otherworldly Invasion
10160000065	Season
10160000066	Shop
10160000067	Astral Level
10160000068	Territory War
10160000069	Season Refinement
10160000070	Gift of Time
10160000071	Lost Treasure
10160000072	Survey
10160000073	Support
10160000074	Guild Black Market
10160000075	Auto Skill Bar
10160000076	Auto-Potion
10160000077	Enchant
10160000078	Realm Campaign · Midterm Settlement
10160000079	Producer Subjugation Battle
10160000080	Pet Tower · Peak Showdown
10160000081	Guild GvE · Desperate Speedrun
10160000082	Realm of the Gods · Flawless Speedrun
10160000083	Challenge
10160000084	Novice Challenge
10160000085	Genesis Movement
10160000086	Monster Hunt
10160000087	Butterfly Wing
10160000088	Fly Wing
10160000089	Commendation Vault
10160000090	Valhalla Trials
10160000091	Menu
10160000092	Novice Seven-Day Gifts
10160000093	Beginner's Handbook
10160000094	Prelude of the Goddess
10160000095	Trade Exchange
10160000096	Standard Search
10160000097	Exact Search
10160000098	Pre-purchase
10160000099	Share Stall
10160000100	System Stall
10160000101	Instance Auction
10160000102	World Auction
10160000103	Novice Guide
10160000104	Skill Build Resonance
10160000105	Class Role
10160000106	Talent
10160000107	Switch Build
10160000108	Guild Caravan
10160000109	Bonfire Party
10160000110	Guild Branch
10160000111	Gloom over Dragoncoffin Island
10160000112	Ilmata, God of Nature
10160000113	Join a guild
10160000114	Create Guild
10160000115	Respond to Guild
10160000116	Dracula's Bride
10160000117	Hunting Challenge
10160000118	Guild Rally
10160000119	Guild Bonus
10160000120	Guild Auction
10160000121	Guild Activity Dividends
10160000122	Guild Auction Dividend
10160000123	Guild Funds Rankings
10160000124	Guild Group Mail
10160000125	Post Guild Recruitment
10160000126	Guild Member Search
10160000127	Guild Events
10160000128	Guild Technology - Technology
10160000129	Guild Technology - Strategy
10160000130	Guild Shop
10160000131	Guild Store
10160000132	Change Guild Name
10160000133	Guild Emblem and Declaration
10160000134	Invite Guild Member
10160000135	Banish Guild Member
10160000136	Assign Guild Position
10160000137	Manage Guild Permissions
10160000138	Manage Guild Elites
10160000139	Merge Guild
10160000140	Guild Facilities
10160000141	Impeach Guild Master
10160000142	Disband Inactive Guild
10160000143	Card List
10160000144	Bond
10160000145	Insert
10160000146	Collection
10160000147	Class-Specific Item - Falcon
10160000148	Class-Specific Item - Peco Peco
10160000149	Class-Specific Item - Cart
10160000150	Details
10160000151	Message
10160000152	Add Friend/Unfriend
10160000153	Gift
10160000154	Party/Raid Buttons
10160000155	Add to Blocks
10160000156	Report Player
10160000157	Set as Close Friend
10160000158	Tavern Gifts
10160000159	Remove from Tavern
10160000160	Invite to Guild/Banish from Guild/Apply to Guild
10160000161	Manage Positions
10160000162	Remove from Recents
10160000163	Character Info
10160000164	Stats
10160000165	Auto-Assign
10160000166	World
10160000167	Nearby
10160000168	Whisper
10160000169	Build
10160000170	Tree Hollow
10160000171	Recruit
10160000172	System
10160000173	Tavern
10160000174	Combine
10160000175	Dismantle
10160000176	Equip
10160000177	Universal Mount
10160000178	Combat Mount
10160000179	Mount Trait Entry
10160000180	Train
10160000181	Learn Skills
10160000182	Reset Stats
10160000183	Deploy
10160000184	My Build
10160000185	Official Recommendation
10160000186	Suggestions from Others
10160000187	Help Configure Build
10160000188	Stat Priorities
10160000189	Preset
10160000190	Suggested
10160000191	Fashion Rating
10160000192	Appearance Preset
10160000193	Headwear
10160000194	Facewear
10160000195	Mouthwear
10160000196	Costume
10160000197	Backwear
10160000198	Hairstyle
10160000199	Character Effects
10160000200	Footprints
10160000201	Starshatter Dragon Summon Ritual
10160000202	Gacha Master Toggle
10160000203	Pet Hatching
10160000204	Mining Star Treasure Hunt
10160000205	Class Title
10160000206	Class Overview
10160000207	Details
10160000208	Job Selection
10160000209	Life Skill - Miner
10160000210	Life Skill - Chef
10160000211	Life Skill - Gardener
10160000212	Season Cooking
10160000213	Friend Chat
10160000214	Add Friend
10160000215	Send Friend Gift
10160000216	Block Friend
10160000217	Friend Group Chat
10160000218	Hero Registry
10160000219	Pinnacle Top Ten
10160000220	Evenly Matched
10160000221	Pinnacle Top Ten - Swordsmen
10160000222	Pinnacle Top Ten - Acolytes
10160000223	Pinnacle Top Ten - Mages
10160000224	Pinnacle Top Ten - Archers
10160000225	Pinnacle Top Ten - Thieves
10160000226	Pinnacle Top Ten - Merchants
10160000227	Spirit Tower
10160000228	Others
10160000229	Guild Rankings
10160000230	Survivor Battle
10160000231	Territory War Guild Points Leaderboard
10160000232	Personal Merits Leaderboard
10160000233	Guild Merits Leaderboard
10160000234	Nature God · Ilmata
10160000235	Divine Realm Leaderboard
10160000236	System Mail
10160000237	Guild Mail
10160000238	Festival Invitation
10160000239	Dumby's Request
10160000240	Mock Battle
10160000241	Codex
10160000242	Monster
10160000243	Book Collection
10160000244	Profile Card Album Display
10160000245	Profile Book Display
10160000246	Edit Profile
10160000247	Share
10160000248	Profile Tab
10160000249	Attributes Tab
10160000250	Emblem Wall
10160000251	Battle of Dragon Coffin Island
10160000252	Sit
10160000253	System Shop
10160000254	Point Mall
10160000255	Top Up
10160000256	Appearance Shop
10160000257	Currency Redemption
10160000258	Realm War
10160000259	Territory War—Faction Quests
10160000260	Stronghold War
10160000261	Caravan Escort
10160000262	Battle Merit
10160000263	Feedback
10160000264	Rift Crisis
10160000265	MVP Party
10160000266	Blackhole
10160000267	Special Offer Shop
10160000268	Zeny Shop
10160000269	Coin Shop
10160000270	Crystal Shop
10160000271	NPC Shop@{1}
10160000272	Pet Shop
10160000273	Season Shop
10160000274	Preview Shop
10160000275	Tower Shop
10160000276	Kafra Shop
10160000277	Totem Shop
10160000278	Card Shop
10160000279	Magic Fashion
10160000280	Exploration Shop
10160000281	Monster Hunt Shop
10160000282	Appearance Shop - Featured
10160000283	Appearance Shop - Direct Purchase - Outfits
10160000284	Appearance Shop - Direct Purchase - Mounts
10160000285	Appearance Shop - Direct Purchase - Hairstyle
10160000286	Appearance Shop - Direct Purchase - Headwear
10160000287	Appearance Shop - Direct Purchase - Backwear
10160000288	Appearance Shop - Direct Purchase - Character Effects
10160000289	Appearance Shop - Mining Star Treasure
10160000290	Appearance Shop - Direct Purchase
10160000291	Gold Shop
10160000292	Friend Gifts - Benefits
10160000293	Basic Editing
10160000294	Portrait
10160000295	Theme
10160000296	Portrait Frame
10160000297	Title
10160000298	Mood
10160000299	Personal Signature
10160000300	Chat
10160000301	Profile Card
10160000302	Location
10160000303	Background
10160000304	Character
10160000305	Stickers
10160000306	Solo Actions
10160000307	Duo Action
10160000308	Display Case
10160000309	Card Display
10160000310	Book Display
10160000311	Adv. Guild
11520200000	A novice practitioner and new Member of the Church who can use Divine Light on themselves and allies.
11520200001	A core Member of the Church who has gained basic AoE Divine Light and the ability to Revive allies.
11520200002	A core Member of the Church with greater effectiveness against Undead monsters, making this build better suited for Priest auto-battle in the field.
11520200003	As a mid- to high-ranking cleric of the Church, they further enhance their Healing and team Buff abilities.
11520200004	An advanced cleric of the Church with further improved damage and auto-battle capabilities.
11520200005	A highest-ranking cleric with greatly improved survivability and AoE protection.
11520200006	A highest-ranking cleric with greatly improved field auto-battle capabilities, battlefield damage, and crowd control.
11520200007	Deals damage using Cart Revolution.
11520200008	Deals damage using Cart Revolution while providing buffs to themselves and the party.
11520200009	Deals damage using High Speed Cart Ram while providing buffs to themselves and the party.
11520200010	As a Madogear Pilot, bombard enemies from range with both ST and AoE firepower, leaving them nowhere to hide from your steady, sustained damage.
11520200011	As a Madogear Pilot wielding a kinetic battle axe, seize the initiative with devastating Burst, fierce crowd control, and crushing blows that defeat foes before they can react.
11520200012	Sustained high-speed damage with AoE suppression.
11520200013	AoE Protection with exceptional Survival.
11520200014	Shoot an arrow to deal damage.
11520200015	Summon a Falcon to Fight Alongside you.
11520200016	Enhance Normal Attack for sustained damage.
11520200017	Use Sharp Shooting for piercing damage.
11520200018	Use Aimed Bolt for piercing damage.
11520200019	Summon a Demonic Wolf to Fight Alongside you.
11520200020	AGI Swordsmen use their incredible ASPD to deal damage.
11520200021	Well suited for PvP and Killing enemies.
11520200022	Rune Sword can ride a dragon, initiate team fights, and charge into battle while offering both durability and damage.
11520200023	Rune Spear can ride a dragon and excels at Killing lone enemies while offering both durability and damage.
11520200024	High Attack Speed, dealing Physical damage with Normal Attacks.
11520200025	Strike opponents with consecutive Sand Puffs.
11520200026	High Crit, dealing Physical damage with Normal Attacks.
11520200027	Perform rapid combos with poison skills, with some AoE options.
11520200028	Flexible offense and defense with ST damage.
11520200029	Use High Burst to strike the backline, with two Stealth abilities ensuring the first move.
11520200030	Use Invincible to block key skills, Movement to evade attacks, and combos to finish off enemies.
11520200031	High magic damage.
11520200032	Combine Earth and Fire for AoE damage.
11520200033	Combine Ice and Thunder for AoE damage.
11520200034	Unleash psychic power to deal ST damage.
11520200035	Multiple Elements, multiple effects, and AoE damage.
11520200036	Self-enhancement specialized for ST combat.
20000	This mail has no attachments to claim.
20001	Mail claimed.
20002	Deletion failed. This mail has unclaimed attachments.
20003	Deletion failed. This mail has been deleted or has expired.
20004	You have new mail, but your mailbox is full and cannot receive it. Please delete mail you've already processed.
20005	You received new mail. Check it soon.
20006	Mail attachments claimed.
20007	No mail to claim.
20008	No mail to delete.
20009	Your Backpack is full. Make room before claiming.
20010	Cannot delete mail with unclaimed attachments.
20011	Your Backpack is full. Make room before claiming.
20012	Delete all processed mail?
20013	Friends
20014	Mail
20015	Blocks
20016	Connect
20017	No mail.
20018	No mail to view.
20019	System
20020	Guild
20021	Mail Storage Limit: ${1}/${2}
20022	Delete All
20023	Claim All
20024	No mail right now.
20025	No mail.
20026	Expires in ${1} days
20027	Claim
20028	Attachments:
20029	Mail Storage Limit: <color=#FA983A>${1}</color>/${2}
20030	Mail Info
20031	1. Mail is divided into System Mail and Guild Mail, which unlock at different levels.\n2. System Mail and Guild Mail have separate storage limits. Mail exceeding these limits cannot be received, so Adventurers should clear out mail regularly.\n3. Mail with attachments can only be deleted after the attachments have been claimed.\n4. Each mail has an expiration date. Expired mail is automatically deleted, so be sure to read it and claim its attachments in time.
20032	Your mailbox is almost full. Clear out some mail soon~
20033	Your mailbox is full and cannot receive new mail. Clear out some mail.
20034	[Mail ${1}]
20035	Permanent
20036	Expires in ${1} hr.
20037	Expires in ${1} min.
20038	Hey, Adventurer.\nI'm the programmer who stays up late fixing bugs every night. Your mail... was accidentally flung into a rift in space-time by a mysterious line of my code.\nKeep this quiet. Log In Again or contact Customer Support, and I'll secretly pull your mail back for you.\n\nA mysterious programmer who doesn't want to write an incident report
20039	A Letter Lost in Another Dimension
13290000000	Novice
13290000001	Star of Rekenber
13290000002	Composer
13290000003	Swordsman
13290000004	Knight
13290000005	Lord Knight
13290000006	Rune Knight
13290000007	Crusader
13290000008	Paladin
13290000009	Royal Guard
13290000010	Mage
13290000011	Wizard
13290000012	Sage
13290000013	High Wizard
13290000014	Warlock
13290000015	Archer
13290000016	Hunter
13290000017	Bard
13290000018	Dancer
13290000019	Sniper
13290000020	Ranger
13290000021	Acolyte
13290000022	Priest
13290000023	High Priest
13290000024	Archbishop
13290000025	Monk
13290000026	Thief
13290000027	Assassin
13290000028	Rogue
13290000029	Assassin Cross
13290000030	Guillotine Cross
13290000031	Merchant
13290000032	Blacksmith
13290000033	Mastersmith
13290000034	Mechanic
13290000035	Default Portrait Frame
13290000036	Genesis Canticle
13290000037	Victory of the Covenant
13290000038	Default Chat Bubble
13290000039	Rift in the Sky
13290000040	Titleless
13290000041	No Title
13290000042	Novice's Pride
13290000043	Spirit Conqueror
13290000044	Fashion Gala
13290000045	Default Profile Card
11410100000	A Good Book
11410100001	Covers the content of Chapter 1
11410100002	Covers the content of Chapter 2
11410100003	Untold Stories of Prontera
11470000000	idle
11470000001	walk
11240100000	@{1}-@{2}
21000	All Slots
21001	All Qualities
21002	Listed
21003	Refinement Material
21004	Enhancement Materials
21005	Life Skill Materials
21006	Other
21007	Equip
21008	Card
21009	Material
21010	The price has reached the limit and cannot be increased further.
21011	Recommended Price
21012	Pending Listing
21013	Locked
21014	Notice
21015	Use the following items to unlock an inventory slot?
21016	Listed successfully.
21017	To ensure fair play, improper Trade practices are prohibited (including offline transactions and transactions at abnormal prices intended to transfer Currency or items).\nImproper Trade practices may result in penalties including, but not limited to, suspension of the Trade Function or account bans.\nWe need your support to keep the game fair!
21018	Don't remind me again today
21019	Under Review
21020	Trade Successful. The item will be delivered by mail.
21021	My Watchlist
21022	Buy
21023	Sell
21024	Items Under Review
21025	Available Only
21026	Enter Shop Item Name
21027	Search History
21028	There are no items here.
21029	No search history
21030	Auction
21031	My Stand (${1}/${2})
21032	My Items
21033	Clear History
21034	Type
21035	Price (Descending Order)
21036	Price (Ascending Order)
21037	Purchase Item
21038	Unit Price
21039	Amount
21040	Total Price
21041	Rank
21042	Contact Seller
21043	Buy
21044	Reset
21045	Search History
21046	Type
21047	Rarity
21048	Use
21049	Withdraw
21050	List Item
21051	Trade History
21052	Do not remind again during this login
21053	Purchase History
21054	This item has reached its listing limit.
21055	Select your offer item from the list on the right
21056	Sales History
21057	Shop Item Name
21058	1. The Trade Exchange is the official platform for buying and selling items.\n2. Some rare items can be priced freely without restrictions.\n3. Rare items have a public listing period. They can only be traded once this period ends.\n4. After a successful purchase or sale, the item or proceeds will be sent by mail. Be sure to claim them promptly.\n5. You can follow items to check their sale status at any time.\n6. Listings remain active for a limited time. Unsold items will automatically be returned by mail when their listing expires.\n7. After an item is sold, Trade Tax will be deducted from the seller's proceeds. The applicable tax rate depends on the seller's total Trade amount This Week.
21059	Proceeds
21060	Time
21061	Cost
21062	Keep up to 20 Purchase History and Sales History entries. Updates may be delayed.
21063	Send Link
21064	Go to Trade Exchange
21065	Trade
21066	Purchase after the public listing period ends
21067	N/A
21068	Search Help Title
21069	Search Help Text
21070	My Stand
21071	Close Stall
21072	Trade Exchange
21073	No price
21074	Lowest Price
21075	For Sale: ${1}
21076	Public Listings: ${1}
21077	Stunt
21078	Base Stats
21079	Affix Stats
21080	All
21081	Weapon
21082	Armor
21083	≥
21084	Price
21085	Rating
21086	Free after ${1}
21087	Delete your search history? It cannot be recovered.
21088	Help Title
21089	Help Text
21090	You have joined the Lineup to purchase this item. In ${1} seconds,\na random player from the Lineup will be selected to 【Confirm Trade】. Please wait…\n\nThis page will close automatically after the result is announced.
21091	Reputation
21092	My Reputation
21093	Current Reputation
21094	Current minimum review time:
21095	The displayed review time varies based on the player's Reputation.
21096	Your daily Stall Trade activity is factored into your Reputation assessment.\nRaising your Reputation level shortens the item Trade review period.\nPlease follow the game's Trade rules and help maintain a fair, positive trading environment.
21097	Press and hold for details
21098	The System has detected unusual Trade activity on your account. You cannot list items.
21099	Trade Details
21100	Penalty Details
21101	"Because you were found to have violated the System Trade Rules, we have frozen your <sprite name=""item_3""><color=#cc762a> ${1}</color>  as bail."
21102	Consumable
21103	Filter Options
21104	Violation time: ${1}-${2}-${3} ${4}.\nFreeze end time: ${1}-${2}-${3} ${4}.
21105	Once the freeze ends, all frozen Diamonds will be returned to your mailbox.\nIf another violation occurs during the freeze period, the release date for all currently frozen Diamonds will be extended to the latest freeze end time.
21106	Early Release Rules:\nThe release date for all currently frozen Diamonds will be extended to the latest release time.\nRecharge an additional <color=#cc762a>${1}</color> to release the recharge immediately.
21107	Bookmarked
21108	Bookmark removed
21109	You've reached the follow limit and can't follow any more.
21110	Minimum value reached!
21111	Maximum value reached!
21112	You are already on the first page!
21113	You are already on the last page!
21114	It can't go any lower!
21115	It can't go any higher!
21116	Trade failed. All Currency has been refunded to your mailbox.
21117	Purchase Successful! Your item has been sent by mail. Be sure to claim it.
21118	Sorry, your purchase was unsuccessful. The Trade amount will be refunded by mail.
21119	Please stay here. The result will be announced shortly.
21120	You have reached today's item listing limit.
21121	Not enough stall slots. Listing failed.
21122	Not enough ${1}. Unable to unlock.
21123	Too many of this item are currently for sale. Unable to consign.
21124	Free
21125	Custom Price
21126	Update Price
21127	No matching items found.
21128	Your Reputation Score affects the review time.\nYour Reputation Score is updated daily at 5:00. Updates affect that day's review time.\nFollowing the rules helps maintain a good Reputation Score.
21129	Equipment (Identified)
21130	Equipment (Unidentified)
21131	${1}【Identified】
21132	${1}h
21133	Divine Totem
21134	All Classes
21135	All Grades
21136	All Qualities
21137	All Slots
21138	All Skills
21139	All Types
21140	Search
21141	Record ${1}
21142	Enter Shop Item Name
21143	Not available in this version
21144	Changing the price requires another Trade review, just like relisting the item. Continue?
21145	Go
21146	The price has not been changed.
21147	Empty
21148	Keep up to ${1} records
21149	Recent Transactions
21150	Today's data is updated daily at 5:00
21151	Highest:
21152	Lowest:
21153	Average:
21154	Today's Tax Rate:
21155	Unit Price
21156	Amount
21157	Total Price
21158	Credit Points
21159	My Credit Points
21160	Purchasing certain items also consumes an equal amount of Credit Points
21161	Frozen Proceeds
21162	This Trade violated the System's Trade rules. A penalty has been applied.
21163	Tap to Appeal
21164	Retrieval Overdue
21165	List Item
21166	The recommended price has been updated. Please note the price change.
21167	Item removed successfully. Check your Backpack.
21168	Your Backpack is full. The item has been sent by mail.
21169	Pre-purchase List
21170	Pre-purchase
21171	Pre-purchase Item List
21172	Spend ${1}${2}${3}${4} to Pre-purchase 【${5}】?\nPayment will be deducted in advance. Once the listing period ends,\none buyer will be randomly selected from all purchase Lineups to complete the Trade.
21173	Cancel
21174	Confirm
21175	Purchase Price:
21176	Listing period ends in ${1}
21177	No Pre-purchased items
21178	After canceling the Pre-purchase, your payment will be returned by mail. Continue?
21179	This Function is temporarily unavailable.
21180	Your Reputation Score is too low to use the Trade market.
21181	Pre-purchase successful
21182	Pre-purchase canceled
21183	Claim All
21184	Listing period ends in <color=#63a22b>${1}</color>
21185	You must be in a party to share.
21186	You've already made a reservation and cannot make another.
21187	I Discover a great item! Come check it out!
21188	I'd like to discuss the price of this item with you.
21189	The item is already gone!
21190	I Discover a great item! Come check it out!${1}
21191	Expired
21192	You have ${1} penalty records
21193	Everyone must help protect the game environment, reject rule violations, and maintain a fair Trade environment.
21194	Shared
21195	This Trade violated the Trade rules. The System has automatically taken action.
21196	Penalty:
21197	Trade canceled. The item has been removed automatically.
21198	Frozen Proceeds
21199	View Frozen Proceeds Rules
21200	Combined-Duration Penalty
21201	Trade has been reset, and all items have been automatically delisted.
21202	Deduct Illicit Earnings
21203	Restrict Selling on the Trade Market
21204	Restrict Purchasing on the Trade Market
21205	Disable the Trade Market and Stall Function
21206	Penalty Duration:
21207	You have already placed a Pre-purchase order and cannot purchase again.
21208	Pre-purchase has ended and can no longer be canceled.
21209	Pre-purchase Settlement in progress
21210	Cancel the Pre-purchase?
21211	All Pre-purchase funds claimed successfully.
21212	Pre-purchase Settlement in progress
21213	You were not selected. Tap below to reclaim your Pre-purchase funds.
21214	Standard Search
21215	Exact Search
21216	Already selected. Please do not Repeat your selection!
21217	No matching results found.
21218	This item has been delisted. Your Pre-purchase funds have been refunded.
21219	${1}【Collection】
21220	Equipment Blueprint
21221	Card
21222	Collection Card
21223	Totem (Unidentified)
21224	Totem (Identified)
21225	Totem Development
21226	Material
21227	Cooking Materials
21228	Other Materials
10960000000	@{1}.Consume Equipment Blueprints and other specified materials to perform Equipment Forging.\n@{2}.Forged equipment has random attributes.\n@{3}.Equipment Forging always produces equipment of Purple Quality or higher. Orange and red equipment will be unidentified.
10960000001	@{1}.Equipment Forging, defeating monsters, and other activities may yield unidentified equipment.\n@{2}.Identifying equipment does not consume any materials. Its attributes are randomized upon identification. Tap the ^{1}Equipment Forging Info^{2} button to view the possible attributes for the equipment.
10960000002	Players who obtain a Throne Token can purchase throne-exclusive items from the Season Shop during the new Season.
10960000003	Battery: ${1}%
10960000004	Network Latency: ${1} ms
10960000005	FPS: ${1}
10960000006	Base EXP: ${1} /${2}
10960000007	BASE EXP: ${1} /MAX
10960000008	JOB EXP: ${1} /${2}
10960000009	JOB EXP: Max level
10960000010	Can be unlocked by using the corresponding appearance item purchased or obtained from the Costume Shop. Once unlocked, the appearance will be added to the Wardrobe.
10960000011	Select an unlocked appearance in the Wardrobe to equip or switch to it.
10960000012	Each cosmetic has its own Fashion Points, which are automatically added to your total when the cosmetic is unlocked.
10960000013	Click the icon next to an appearance's name in the Wardrobe to mark it, making it easy to find your favorites in a large collection.
10960000014	Save your current outfit to an outfit preset so you can change looks more easily.
10960000015	Please confirm the item information and quantity before purchasing.
10960000016	@{1}.Only players who are mutual friends can gift each other Appearance items sold in the Shop.\n@{2}.You can Switch the recipient on the gifting screen.\n@{3}.After you confirm the gift, it will be Sent to the recipient's Friend Chat. Once the recipient accepts it, the Appearance will be unlocked in their Wardrobe.\n@{4}.The corresponding Currency will be deducted once the gift is confirmed. If the recipient does not accept it within the allotted time, the gift will expire and the deducted Currency will be Returned by mail.
10960000017	@{1}.Each character has @{2} stat allocation presets and can freely switch between them.\n@{3}.You can rename each preset.\n@{4}.Keep your selected recommended stat allocation preset when switching presets.
10960000018	Resetting is free. After a reset, all allocated points will be refunded.
10960000019	Guild Prestige Acquisition Rules:\n@{1}.^{1}Guild Prestige represents a guild's Battle strength^{2}. It is not Cleared between Seasons. Every Season, all guilds across the server group are ranked by Prestige, and the results are Permanently Recorded.\n@{2}.When Guild Members participate in guild battlefield modes—Guild Territory War (Stronghold War, Escort Battle, Regional Capital War/Royal City War)—their Defeats on the battlefield are converted into Guild Prestige.\n@{3}.Victory or defeat in guild battlefield modes also affects the amount of Prestige awarded during Settlement.
10960000020	How to Obtain Guild Funds:\n@{1}.Guild Funds are extremely important and will be ^{1}used to purchase essential Currency and items, such as Guild Supplies, in Guild Territory War^{2}.\n@{2}.During Guild Caravan, Guild Members can earn Guild Funds by submitting requested items.\n@{3}.Completing a full round of caravan item requests grants a large amount of Guild Funds.
10960000021	How to Earn Guild Contribution:\n@{1}. Guild Contribution can be used to ^{1}upgrade Guild Buildings. Higher-level Guild Buildings unlock more Guild Benefits^{2}.\n@{2}. Guild Members earn Weekly Guild Activity, Guild Contribution, and Personal Contribution by completing Guild Quests.\n@{3}. Personal Contribution can be exchanged for items in the Guild Shop and will not be cleared when leaving the guild.
10960000022	Guild Supplies Acquisition Rules:\n@{1}.Complete Territory War quests to obtain Guild Supplies.\n@{2}.Use Guild Funds to purchase Guild Supplies from other guilds.\nGuild Supplies Usage Rules:\n@{3}.Guild Supplies can be used to purchase siege weapons and vehicles from the Guild Store.\n@{4}.Guild War technology Level-ups and limited-time Guild Strategy activations consume Guild Supplies.\n@{5}.Guild Supplies are an important Currency in Territory War, so be sure to stock up~
10960000023	@{1}.Authorized Guild Management personnel can send Notification Mail to every Guild Member.\n@{2}.Group Mail can be sent ^{1}@{3} times per day^{2}. ^{3}The limit resets daily at @{4} a.m.^{4}.\n@{5}.The number of emails available is tied to the Guild, so Guild Management should plan the mailing schedule wisely~
10960000024	@{1}.Guild War Technology^{1} applies to Territory War^{2}. More effects gradually unlock with each Guild Institute Level Increased milestone.\n@{2}.War Technology resets every Season. At the start of a new Season, Guild Supplies must be spent on Level-up again.\n@{3}.During Stronghold Battles, Convoy Escort Battles, and Siege Battles, War Technology affects the stats of every Guild Member.
10960000025	@{1}.Guild Limited-Time Tactics provide powerful temporary effects in Territory War.\n@{2}.Authorized Guild management Members can spend Guild Supplies to activate and refresh Tactics.\n@{3}.Limited-Time Tactics automatically refresh once daily at five o'clock in the morning. The number of Tactics that can be drawn each day also resets at that time.\n@{4}.The Limited-Time Tactics pool unlocks over the course of the Season. Higher-quality, more powerful Tactics become available later in the Season.\n@{5}.The Tactics your Guild can activate are limited by available points. If you have reached the point limit, you must unequip a Tactic before you can activate another.\n@{6}.Unequipping a Tactic does not refund the Guild Supplies spent to activate it.\n@{7}.A Limited-Time Tactic's duration begins counting down as soon as it is activated. When its remaining duration reaches @{8}, it will be removed from Current Effect.
10960000026	@{1}.Guild Limited-Time Tactics provide ^{1}more powerful temporary effects in Territory War^{2}.\n@{2}.Authorized management Members can spend Guild Supplies to activate and refresh Tactics.\n@{3}.Limited-Time Tactics automatically refresh once each day at 5:00 a.m. The number of Tactics that can be drawn each day also resets at 5:00 a.m.\n@{4}.^{3}The Limited-Time Tactics pool unlocks as the Season progresses^{4}. Higher-quality, more powerful Tactics will become available later in the Season.\n@{5}.The Tactics your Guild can have active are limited by points. If you have reached the point limit, you must unequip a Tactic before activating another one.\n@{6}.Unequipping a Tactic will not refund the Guild Supplies spent to activate it.\n@{7}.^{5}A Limited-Time Tactic's timer starts as soon as it is activated^{6}. When its remaining duration reaches @{8}, it will be removed from Current Effect.
10960000027	@{1}.Adventurers without a guild can Create Guilds or respond to and Join any guild.\n@{2}.After initiating guild creation, 2 other players must respond before the guild can be created. If there are not enough Responses within ^{1}@{3} hours^{2}, guild creation will fail.\n@{4}.Once the required number of Responses is reached, Guild Creation Successful. After the guild is created, ^{3}the creator automatically becomes the Guild Master.^{4}\n@{5}.If guild creation fails, the items consumed to Create Guild will be Returned by mail.\n@{6}.You must Join a guild to participate in Guild Activities and earn generous rewards and Event Auction Dividends.\n@{7}.Each Adventurer may have membership Requests pending with up to ^{5}@{8} guilds at once^{6} and may withdraw them at any time.
10960000028	@{1}.The first time any Adventurer Leaves Guild, there is no penalty period, and they may Join another guild immediately.\n@{2}.If an Adventurer is below Lv. @{3}, the penalty period for subsequently Leaving Guild is @{4} minutes. If an Adventurer is above Lv. @{5}, the penalty period is @{6} hours.\n@{7}.Adventurers who are Banished from Guild have no penalty period and may Join another guild immediately.\n@{8}.If you Return to your former guild within @{9} weeks of leaving, your Guild Funds Donation amount and Total Contribution will be Kept.
10960000029	@{1}.All adventurers who Join a guild are initially Temporary Members and will automatically become Members ^{1}after @{2} hours^{2}. This change cannot be made manually.\n@{3}.Temporary Members cannot be assigned positions or participate in the Guild League.\n@{4}.A management Member with appointment permission can appoint or dismiss any Member in a lower position.\n@{5}.A Member with a management position cannot be directly Banished from Guild. The Member must first be removed from the position.\n@{6}.A Member with elite management permission can adjust elite Member assignments for the Guild League. A Member with equipment management permission can adjust Member assignments for equipment and vehicles in Territory War.
10960000030	@{1}.A Member with rally permissions can send a Guild Rally pop-up to every Guild Member.\n@{2}.After accepting the rally, Guild Members will immediately be teleported to the initiating Member's location.\n@{3}.The ^{1}Guild Rally Cooldown is @{4} minutes^{2} and is shared by the entire guild.
10960000031	@{1}.Once the Guild Auction begins, all Guild Members are eligible to participate.\n@{2}.After the auction ends, Members eligible for a dividend from the event will receive an Auction Dividend.\n@{3}.The Auction Dividend from each auction will be sent by mail, so be sure to check your inbox.\n@{4}.If you leave the guild before the Guild Auction ends, you will not receive an Auction Dividend from that auction.
10960000032	Activity Dividend:\n@{1}.^{1}The weekly Guild Activity Dividend Settlement takes place every Monday at 5 AM^{2}. After Settlement, you can manually claim your dividend from the interface.\n@{2}.If you select Leave Guild without claiming last week's dividend, it will be sent to you by mail. Please check your inbox.\n\nAuction Dividend:\n@{3}.Every Monday at 5 AM, the Auction Dividend Settlement for the previous week will be displayed.
10960000033	Receive an invite Rules:\n@{1}.Receiving a merge invite means ^{1}the other guild is inviting your guild to Merge into theirs^{2}.\n@{2}.After accepting the merge invite, you must adjust the number of guild members who can Merge into the other guild so that it does not exceed the number of members they can accept.\n@{3}.Once you have accepted the merge invite and adjusted the number of members who can merge, ^{3}the Merge Guild process will be completed at 5:00 a.m. the next day^{4}.\n@{4}.Before the merge takes place, you can select [Cancel Merge] on the screen. The Merge Guild process will end immediately after it is canceled.\n@{5}.If your guild's member count exceeds the number of members the other guild can accept when the merge takes place, the Merge Guild process will end immediately and the merge will fail.\n@{6}.If the merge fails, neither guild will be changed or otherwise affected.
10960000034	Send an Invite: Rules\n@{1}.Sending a merge invite means ^{1}your guild is inviting the other guild to Merge into your guild^{2}.\n@{2}.After you send a merge invite, the merge process will begin once the other guild agrees and adjusts the number of members who will Merge into your guild so that it does not exceed your guild's available capacity.\n@{3}.The merge will be officially completed ^{3}at 5:00 AM the following day^{4}. If the other guild has more members to merge than your guild can accept when the merge occurs, the merge will fail.\n@{4}.If the merge fails, neither guild will undergo any changes or be affected in any way.
10960000035	Guild Activity Rules:\n@{1}.Any Guild Member who participates in a Guild Event Quest can earn^{1} Guild Activity, Guild Contribution, and Personal Contribution rewards^{2}.\n@{2}.Guild Activity progress is shared by^{3} all Guild Members and resets every Monday at 5:00 AM^{4}. Any unclaimed Activity Chests will expire.\n@{3}.Guild Contribution is the Guild's Currency and can be used for building Level-ups. Personal Contribution is personal Currency that can be exchanged for items in the Guild Shop.
10960000036	Guild League Elite Rules:\n@{1}.On this screen, you can designate elite players who may participate in Guild League arena modes.\n@{2}.Quick Team Formation sends a team invitation to each Member. Members will not be added to the team in the order shown on the elite settings screen, so the team leader must adjust the lineup manually.
