ID	English
12300100013	Two guilds face off in fierce battles across the main and Sub-Battlefield to earn personal rewards, Auction Rewards, and Dividends.
12300100014	Rally Guild Members to defeat giant monsters, participate in auctions, and receive Dividends.
12300100015	A massive guild war where guilds conquer territory and vie for control of the Royal Capital to earn top Honor and rewards.
12300100016	A large 10-player Dungeon that puts your strength and teamwork to the test. Clear it to earn abundant upgrade resources.
12360000000	Miner
12360000001	Chef
12360000002	Lumberjack (Deprecated
12360000003	Woodcarver (Deprecated
12360000004	Gardener
12360000005	Weaver (Deprecated
10480100000	Equip Blue or higher Rarity gear in all slots
10480100001	Equip Purple or higher Rarity gear in all slots
10480100002	Equip Orange or higher Rarity gear in all slots
10480100003	Equip Red gear in all slots
10480100004	Craft Purple Quality equipment for the first time
10480100005	Craft Orange Quality equipment for the first time
10480100006	Craft Red Quality equipment for the first time
10480100007	Complete Equipment Forging @{1} times
10480100008	Appraise Rare Items equipment for the first time
10480100009	Appraise equipment with a Stunt for the first time
10480100010	Complete Equipment Appraisal @{1} times
10480100011	Refine any equipment to +@{1}
10480100012	Obtain Card for the first time
10480100013	Obtain a total of @{1} Cards
10480100014	Obtain a Purple Card for the first time
10480100015	Obtain Orange Cards for the first time
10480100016	Obtain a Red Card for the first time
10480100017	Equip @{1} Cards across all Card slots
10480100018	Upgrade a Card to @{1} stars for the first time
10480100019	Reach Talent Lv. @{1}
10480100020	Choose a Job Talent for the first time
10480100021	Deploy @{1} Soul Echoes
10480100022	Activate all Resonance effects for any @{1} Elements in Soul Echo
10480100023	Obtain a Pet for the first time
10480100024	Obtain @{1} pets
10480100025	Obtain @{1} S-rank Pets
10480100026	Hatch a total of @{1} Pet Eggs
10480100027	Defeat any MVP @{1} times
10480100028	Clear Floor @{1} of the Spirit Tower
10480100029	Clear the Wildlands
10480100030	Clear the Natural Land
10480100031	Clear the Dark Land
10480100032	Clear the Savage Hinterlands
10480100033	Clear the Forbidden Wilds
10480100034	Clear the Dark Domain
10480100035	Defeat Isti in the Realm of the Gods
10480100036	Defeat Nasha in the Realm of the Gods
10480100037	Defeat Ilmo in the Realm of the Gods
10480100038	Defeat Mirko in the Realm of the Gods
10480100039	Defeat Isti in the Realm of the Gods on Hard Mode
10480100040	Defeat Nasha in the Realm of the Gods on Hard Mode
10480100041	Defeat Ilmo in the Realm of the Gods on Hard Mode
10480100042	Defeat Mirko in the Realm of the Gods on Hard Mode
10480100043	Create a guild/Join a guild.
10480100044	Hold a Position in a guild
10480100045	Have @{1} friends
10480100046	Reach Favor Lv. @{1} with any friend
10480100047	Complete @{1} Tavern Daily Quests
10480100048	Earn @{1} Star Power in the Tavern
10480100049	Reach Wardrobe Fashion Rating Lv. @{1}
10480100050	Unlock the Worldscorch Feather Costume
10480100051	Unlock the Nine-Tone Mantra Costume
10480100052	Unlock the Silverwing Covenant Costume
10480100053	Unlock the Lord of the Starry Firmament Mount
10480100054	Unlock the Orchid Waterside Pavilion Mount
10480100055	Unlock the Solar Chariot Mount
10480100056	Obtain a Costume for the first time
10480100057	Obtain @{1} Costume sets in total
10480100058	Obtain a Mount for the first time
10480100059	Obtain @{1} Mounts in total
10480100060	Obtain any Headwear, Facewear, Mouthwear, or Backwear for the first time
10480100061	Obtain any @{1} pieces of Headwear, Facewear, Mouthwear, or Backwear
10480100062	Equip Headwear, Facewear, Mouthwear, a Costume, and Backwear at the same time
10480100063	Advance to your First Job
10480100064	Advance to your Second Job
10480100065	Advance to Trans. 2nd
10480100066	Advance to your Third Job
10480100067	Log in for a total of @{1} days
10540000000	You can't go wrong with this recommended build.
10540000001	Heh-heh! You can craft equipment now. Follow me!
10540000002	Can you keep up? Tap it one more time, pop!
10540000003	Don't hesitate—tap it, pop~
10540000004	Pet Function unlocked! Let's find the perfect pet for you!
10540000005	Tap to open the Pet screen
10540000006	Tap to open the Search screen
10540000007	Tap to find your perfect pet
10540000008	Congratulations on getting a pet! Deploy it now!
10540000009	Tap a slot to select it
10540000010	Tap the pet to deploy it
10540000011	Once a pet with an Active Skill is deployed in the Active Slot, you can manually use its skill in battle
10540000012	Go learn about MVP events
10540000013	Go open the Auto-Battle screen
10540000014	Tap the note buttons below in order to play the melody
10540000015	Saved! If you accidentally reset it, don't blame me, pop~
10540000016	Tap to learn how to equip skills
10540000017	After allocating skill points, drag a skill icon to the skill bar below to equip it.
10540000018	You can also drag skills onto the Auto-Battle Wheel to equip them. (Tap anywhere to finish.)
10540000019	Deploy more pets to increase your combat power!
10540000020	Use WASD or click the ground with your Mouse to Move... This Demon is falling asleep.
10540000021	Hey~ Accept quests here. A brand-new adventure awaits!
10540000022	Tap here to add to Favorites
10540000023	Tap the button to open the auto-battle settings and enjoy hands-free combat~
10540000024	During auto-battle, the System casts skills in the order shown by the arrows. Drag skills to change their casting order.
10540000025	Tap here to enable or disable Smart Cast for the corresponding skill. During auto-battle, the System will cast the skill according to this setting.
10540000026	Tap here to view auto-battle monsters
10540000027	Select the type of monster you want to target during auto-battle
10540000028	Now show me what you've got!
10540000029	There's something good in your Backpack. Open it and take a look, bo!
10540000030	Tap here~ I'll teach you how to equip it.
10540000031	Pick it! Pick it! It's an essential weapon for every Novice!
10540000032	It won't take effect unless you equip it, bo.
10540000033	Select the Lion.
10540000034	Hurry and use it to obtain the mount.
10540000035	Come on! I'll show you how to equip a mount, bo!
10540000036	Open the Wardrobe to see the mount you just obtained.
10540000037	Tap here!
10540000038	Tap it to equip the mount automatically, bo.
10540000039	I can't wait to ride it, bo!
10540000040	Tap the Mount button and hop onto your dashing new ride!
10540000041	You need to learn how to set up Auto-Potion. This Demon can't Fortify you. Tapping and holding have different effects!
10540000042	We're almost done. Tap here, tap here.
10540000043	Trust me—just add all your best potions!
10540000044	Set the percentage carefully. This is important.
10540000045	All done! As long as you have enough potions, you won't have to worry about dying, bo.
10540000046	Oh! The Pet Tower is unlocked. I'll show you around, bo!
10540000047	Here's the entrance. Don't dawdle.
10540000048	Pick this one. The rewards are better... Believe me or don't.
10540000049	The challenge begins. Don't come crying to me if you lose.
10540000050	Whoa, the Divine Totem is unlocked.
10540000051	Enter here, bo~
10540000052	Pick my favorite slot and equip the totem.
10540000053	Confirm deployment. This demon's tactics are never wrong. Bo~
10540000054	Go back and try again.
10540000055	【Soul Echo】 is unlocked. It's incredibly powerful, so follow me!
10540000056	Tap here, tap here!
10540000057	Pick whichever slot looks good. No need to overthink it, bo~
10540000058	Confirm deployment. Feel that power surging through you! Hee-hee~
10540000059	Switch to the Adventure tab
10540000060	Tap the Challenge button
10540000061	Come on! I'll show you how to equip a card, bo!
10540000062	Tap here again. Don't get annoyed with me, bo~
10540000063	This is my favorite card slot. Pick it.
10540000064	Give it a good tap! The card is almost inserted, bo!
10540000065	Tap here! Just between us, stat points are really important...
10540000066	Tap here again! You'll be able to allocate stat points in just a moment, bo.
10540000067	Hmm, if you're not sure what to do, just choose a build to allocate your points automatically, bo.
10540000068	Choose the build you like
10540000069	Save Preset
10540000070	You can equip new skills from the Skill panel
10540000071	Tap to open the Skill tab
10540000072	You can view potions in your Backpack
10540000073	Select the Red Potion
10540000074	Tap the Use button
10540000075	Come on! I'll teach you the ultimate way to make your equipment stronger, bo!
10540000076	"Hmph~ It's the ""Equipment Enhancement"" button. Don't tap the wrong one."
10540000077	Tap here with all your might! If it fails, don't blame this demon...
10540000078	Hey~ A new game mode is available. Dare to try it?
10540000079	Tap here. We're almost there.
10540000080	"This is it, bo! ""Battle of the Survivors""!"
10540000081	Jump into a match and show this demon what you've got!
10540000082	Wow! [Phantom Realm] is unlocked! Follow me~
10540000083	Tap here! Tap here!
10540000084	Quick, tap here! You can team up with your friends for a challenge. It's tons of fun, bo!
10540000085	Tap here to claim Activity rewards, bo~
10540000086	Go on, claim it! If you get something good, remember to give me a proper Thank You.
10540000087	Tap to unlock the pet
10540000088	Wow! What an exquisite treasure chest! Hurry and see what goodies are inside!
10540000089	Fly Wing No. @{1}, activate!
10540000090	Tap the Mount button to ride your adorable, charming mount!
10540000091	Select Hyena.
10540000092	Select Wild Boar.
10540000093	Select Alpaca.
10540000094	Select Ostrich.
10540000095	Select Fox.
10540000096	Quick, use the cannon to attack the enemy ship!!!
10540000097	Oh no!! Tap Struggle to break free from the Maya's grasp!!!
10540000098	Place your hand on the Crystal ball and see what you feel.
10540000099	Give it a try! This book holds incredible power.
10540000100	This skill can Revive teammates.
10540000101	Hey~ Try completing it first.
10540000102	Press the Interaction key to rescue Bobo.
10540000103	Press the Interaction key to try riding the Deniro.
10540000104	Press the Interaction key to gather some luminescent material.
10540000105	Try feeding the luminescent material to the Deniro.
10540000106	Try riding the Deniro again.
10540000107	Free the Professor from the ant egg.
10540000108	Help the fallen Professor to their feet.
10540000109	Open the treasure collected by Maya.
10540000110	Press the directional key corresponding to the direction of Luna's Dance Move.
10540000111	Quick, use my Pet Skill to block this attack!
10540000112	Tap here to enter the First Movement.
10540000113	Go see which build you'd like to use.
10540000114	Choose the build you like best.
10540000115	A skill has been unlocked! Come take a look.
10540000116	You can allocate points to your favorite skills here, bo!
10540000117	Drag skill icons onto the wheel on the right to equip them. (Tap anywhere to continue)
10540000118	Tap the skill slot lock to unlock it, then you can rearrange the skills in your slots~
10540000119	Wow, a golden Legend! Rare gold-quality equipment can undergo one Extra stat appraisal~
10540000120	You can use Power Strike now. It's your ultimate move~
10540000121	Baby pets hatch from eggs. Bobo will show you how to hatch one step by step~ Follow me!
10540000122	Tap here to open the Pet menu.
10540000123	Tap the Hatch tab.
10540000124	The higher your Hatchery's level, the better your chance of hatching a high-quality baby pet~
10540000125	Time to start hatching! Choose an egg you like!
10540000126	Tap to hatch the egg!
10540000127	Hatching takes time, but I can't wait any longer. Speed it up!
10540000128	It finally hatched! Let's see which adorable baby we got!
10540000129	Bobo can finally make a grand entrance! Be sure to follow my instructions carefully from now on.
10540000130	Tap here! I can't wait any longer!
10540000131	Hurry and unlock me, bo!
10540000132	Unlocked! Next, I'll show you how to deploy me. Tap here, bo!
10540000133	Tap here to deploy me automatically. I'm really strong!
10540000134	Look here! Deploying a pet in the main slot activates its main skill, which you can use manually in battle. Go try it out!
10540000135	Let's check out the mysterious Auto-Battle System!
10540000136	This is the recommended monster for AFK farming. Click it to travel to its location.
10540000137	Click to activate the AFK System. You'll earn tons of rewards while AFK!
10540000138	Now open AFK Rewards to see all the rewards you've earned today!
10540000139	Here~ This is where you accept quests. A brand-new adventure awaits!
10540000140	First, put on these green clothes.
10540000141	Open your Backpack and check the equipment you just put on. There's something good!
10540000142	Click here to view it.
10540000143	Wow, it's a VIT +@{1} affix! Equipment affixes provide additional stats.
10540000144	Want to take it easy? Just turn this on during battle~
10540000145	Tap the @{1} key to send them flying with a Normal Attack!
10540000146	You need to learn how to configure Auto-Potion. This Demon can't Fortify you.
10540000147	Next, let's Learn how to equip a Potion to a quick slot. Tap here.
10540000148	Select an empty slot. Let's use this one.
10540000149	Now, drag the Potion into the empty slot like this. Give it a try!
10540000150	Follow me and let's learn about the Spirit Tower! You can set your active pet here, and it'll Fight Alongside you inside the tower!
10540000151	Here you can view the rewards for clearing each floor. Rewards are sent automatically after you clear it!
10540000152	Look here! Reach certain Floors in the tower to earn fantastic rewards! The higher the Floors, the better the rewards, bo!
10540000153	Once you've set your active pet, click here to enter the tower and take on the challenge. I can't wait to see how you do!
10540000154	Let Bobo help you! First, choose my favorite slot and deploy the totem.
10540000155	Confirm deployment. This demon is never wrong. Bo~
10540000156	Now let's learn a totem skill. Click here.
10540000157	Learn it! Once you do, you'll gain a new skill!
10540000158	Soul Echo is unlocked! It's incredibly powerful. Follow me!
10540000159	Pick a spot with me, bo! Let's use the first slot!
10540000160	This one looks pretty good! Let's choose it!
10540000161	Confirm deployment. Feel the power surging through you!
10540000162	Soul Echo can also get a Level-up. Click here!
10540000163	You'll need it for your Level-up. Select it!
10540000164	Click Level-up to grow even stronger!
10540000165	Choose your armor!
10540000166	Now click here again!
10540000167	Here you can assign stat points to the stats that suit you, bo~
10540000168	Assigning points increases the corresponding base stats. Click a stat's name to view it. You can freely assign and reset your stats.
10540000169	Try Save Preset first. You can make further changes after saving.
10540000170	"Select the ""Refine"" tab!"
10540000171	Quick, click it! It's time to witness a miracle!
10540000172	Here's a little secret: your Refine Level transfers without any loss, so changing equipment won't affect it, bo!
10540000173	Hey~ A new game mode is available. Want to try it?
10540000174	"This is it, bo! ""Battle of Survivors""! Go check it out!"
10540000175	Recommend Daily activities unlocked! Tons of Misc content and rewards await!
10540000176	See the chest below? Participate in Daily activities to increase your Activity, then you can Claim it, bo!
10540000177	This activity looks fun! Give it a try, and don't forget to Claim the chest reward when you're done!
10540000178	Come on, let's meet our new pet companion!
10540000179	"Hmph~ It's the ""Pet"" button. Don't click the wrong one."
10540000180	You've obtained a new mount. Go try it out!
10540000181	You've obtained a Flying mount. Go check it out, bo!
10540000182	Now let's take off~
10540000183	Go experience Flying for yourself!
10540000184	Talents can quickly make you stronger. Come take a look with Bobo!
10540000185	Click it to become stronger, bo.
10540000186	Click to open the menu.
10540000187	Open the Challenge screen.
10540000188	Click the Hall of Heroes.
10540000189	Click the Challenge button.
10540000190	Go check out the tower-climbing quest.
10540000191	Bobo's class is now in session! Let's learn about Monster Hunts. Click here!
10540000192	Click Monster Hunt.
10540000193	Let's start by selecting our familiar Prontera.
10540000194	Here, you can choose the area you want to hunt in.
10540000195	After selecting an area, you'll see its monsters here. Click to go hunt them, bo!
10540000196	Here you can view and claim your hunt Progress Reward.
10540000197	Use a Fly Wing to teleport instantly!
10540000198	Fly Wing (Click Quest)
10540000199	Wow, a Butterfly Wing! Bobo will show you how to use it. First, click here!
10540000200	Click here to open the World Map!
10540000201	Select Prontera to begin fast travel!
10540000202	Tap to claim the title quest reward.
10540000203	Complete the quest to claim the title quest reward.
10540000204	Complete all quests to advance your title and earn a grand advancement reward.
10540000205	You got some equipment! Go put it on!
10540000206	Come check out this new feature, bo! You're going to love it!
10540000207	Tap here to open the Reward Vault.
10540000208	Here's a tip, bo! Every @{1} hours, Rift Gates randomly appear in different areas, filled with treasure for you to claim. Keep an eye out for System announcements~
10540000209	After your Job Advance, you can choose job talent skills. Come learn about them with me, bo~
10540000210	Tap here to open Talents.
10540000211	Select the talent page unlocked after your second Job Advance.
10540000212	Tap a talent skill from the available choices.
10540000213	Here, you can view your job's talent branches. Max out the prerequisite talent to unlock and select one!
10540000214	Having trouble? Don't worry—Bobo will show you how to play!
10540000215	First, look here to see this round's placement goal. Place the required number of goods on the board to clear it!
10540000216	Only @{1} steps to go. For step @{2}, tap this item to place it on the board.
10540000217	For step @{1}, tap this item to place it on the board. Give it a try!
10540000218	Come Learn about Life Skills, bobo~
10540000219	It's right here.
10540000220	You can Learn @{1} Life Skills at once. Let's start by choosing a Primary Profession. Give it a try~
10540000221	You can choose one of the following three professions to Learn.
10540000222	The Trade Exchange is unlocked! It's a treasure trove that's sure to have something you want.
10540000223	Look here! You can use the Trade Exchange to buy or sell equipment, Cards, and other Rare items. Take a look around~
10540000224	It's time to put your true strength to the test. Follow me~
10540000225	The Dummy is in the Training Ground. Enter from here, bobo~
10540000226	Select Extreme Challenge mode. You can unleash your full potential in this mode!
10540000227	Ready to Enter!
10540000228	Tap here to start the Challenge! I can't wait! I'll take on ten at once!!
10540000229	Want to create a better Preset for your class Build? Bobo will show you how. Follow me~
10540000230	Select the Build Handbook.
10540000231	First, check out the Suggested Preset I made for You, bobo. You can't go wrong with my advice~
10540000232	Looking to take it easy? Just turn on Auto during Battle. Left Tap to activate it, or Right Tap to open the Settings panel.
10540000233	How can a Merchant go without their own Cart Merchant? Follow me!
10540000234	Tap to Rent one for free. It's an exclusive Benefit, bobo~ The Cart Merchant has storage space where you can keep items!
10540000235	Want a Falcon companion of your own? Follow me!
10540000236	Tap to Rent one for free. It's an exclusive Benefit, bobo~
10540000237	Want a Peco Peco Mount of your own? Follow me!
10540000238	Tap to Rent one for free. It's an exclusive Benefit, bobo~ Once you've rented it, remember to Tap Ride!
10540000239	Want a Madogear Pilot Mount of your own? Follow me!
10540000240	What kind of Ranger doesn't have a Demonic Wolf Mount? I'll get you one. Follow me!
10540000241	Hurry and Rent it! Once you've rented it, remember to Tap Ride!
10540000242	Don't just stand there—get back to your adventure!
10540000243	The Growth Badge will guide your progress. Open it up and take a look, bo!
10540000244	You've already completed this quest, so claim the reward first.
10540000245	Complete all quests to advance your badge title and earn a grand advancement reward!
10540000246	Tap here to close!
10540000247	You can tap here whenever you want to open the Growth Badge again, bo~
10540000248	Once unlocked, you can rent it for free. It's an exclusive Benefit, bo~
10540000249	You got something good! Open it up and take a look, bo!
10540000250	Tap the Fly Wing.
10540000251	Use it to travel quickly.
10540000252	Bobo knows how this works! First, tap here or press and hold to drag and place it.
10540000253	Great! Now tap Confirm to place it.
10540000254	Based on the Placement Objective, select item @{1} to place. Note that the Design on the bottom of the selected item must match the one on top of the item on the board for successful placement.
10540000255	Wow, now you can craft even stronger equipment! Come learn how with me!
10540000256	Tap here, bo!
10540000257	Let's take a look at the crafting instructions.
10540000258	Select the Stunt tab, bo!
10540000259	Look! Crafting Orange or Red Quality equipment may grant a Stunt, bobo! Give it a try!
10540000260	Now that we're out in the field, let's mount the Flying mount you just got!
10540000261	Now we can take off~
10540000262	Hey~ Hurry and Tap to view the quest.
10540000263	Each movement consists of multiple measures.
10540000264	There are @{1} types of notes, which you can obtain by exploring field maps.
10540000265	Drag each note onto the matching pattern in the measure to fill it in.
10540000266	Fill them all in to unlock a story quest. Don't forget to complete it, bo!
10540000267	Tap here to view the detailed rules.
42001	Confirm Class
42002	Completing the Job Advance unlocks brand-new Job Advance skills. Advance to ${1}${2}?
42003	Think again
42004	Confirm
42005	Job Advance Preview
42006	Choosing a Job
42007	Available Advanced Classes
42008	Class Role
42009	Job Preview
42010	Choosing a Job
42011	Class Unavailable
42012	Coming soon!
42013	Basic Info
42014	Priority Skills
42015	Skill Preview
42016	Loading Video…
42017	Build Details
42018	Job Advance
10310100003	Traveler's Plush Cart
10310100004	Canopied Merchant Cart
10310100005	Falcon
10310100006	Peco Peco
10310100007	Heavily-armored Peco Peco
10310100008	Grand Peco
10310100009	Heavily-armored Grand Peco
10310100010	Demonic Dragon
10310100011	Gryphon
10310100012	Madogear Pilot
10310100013	Demonic Wolf
11081000000	Clear out the nearby Chonchons.
11081000001	Eliminate the source of the strange odor in the Culvert: Golden Thief Bug.
11081000002	Eliminate the monsters emerging from the portal.
11081000003	Eliminate the elite Savage.
11081000004	Eliminate the elite Scorpion.
11081000005	Eliminate the elite Squirrel.
11081000006	Eliminate the elite Mandragora.
11081000007	Faction @{1} Players
11081000008	Defeat the monster.
11081000009	^{1}Waiting for the next event to begin^{2}
11081000010	Monster Wave
11081000011	Use the warp portal to reach the fortress.
11081000012	Some players must enter the Inner Area and prepare for battle.
11081000013	Battle Fafnir.
11081000014	Defeat Fafnir before he unleashes Wrath of Greed.
11081000015	Leave the Epic Battle.
11081000016	^{1}Defeat Orc Hero^{2}
11081000017	^{1}Defeat Drake^{2}
11081000018	^{1}Defeat Mistress^{2}
11081000019	^{1}Defeat Golden Thief Bug^{2}
11081000020	^{1}Defeat Maya^{2}
11081000021	^{1}Defeat Osiris^{2}
11081000022	^{1}Defeat Pharaoh^{2}
11081000023	^{1}Defeat Moonlight Flower^{2}
11081000024	^{1}Defeat Baphomet^{2}
11081000025	Proceed to the marked location.
11081000026	Waiting for the battle to start
11081000027	Breach the gate within the time limit.
11081000028	Kill the Protector to gain more attack time.
11081000029	Outnumber the enemy inside the circle to capture the control point.
11081000030	Destroy the Glorious Metal to claim final victory.
11081000031	Defend the gate until time runs out.
11081000032	Protect all Protectors within the time limit
11081000033	Stop opposing Members from entering the contested point
11081000034	Protect the Glorious Metal until time runs out
11081000035	During this phase, players from opposing Factions cannot attack each other. Guild Members who do Not owned a stronghold may move through non-stronghold areas, while Guild Members who own a stronghold may move through any area. During this phase, you can gather intelligence before the battle, and battle commanders can use the command Function to deploy combat strategies.
11081000036	Each stronghold has a banner that attackers can damage. The guild of the player who deals the final blow temporarily takes control of the stronghold. If no other guild captures it within a certain period, the stronghold will be locked, giving that guild final control for the current battle.
11081000037	Cover Boya and Wule
11081000038	Join the Adventurers and defeat Eddga
11081000039	Defeat Golden Thief Bug
11081000040	Head to the fork in the road
11081000041	Defeat Baphomet
11081000042	Defeat Pharaoh
11081000043	Head deeper into Maya's lair
11081000044	Jump into the vortex
11081000045	Avoid the ant eggs and reach the end of the passage
11081000046	Help Bobo up
11081000047	Ride the Deniro
11081000048	Collect the fluorescent substance
11081000049	Feed the Deniro
11081000050	Ride the Deniro to the depths of the Ant Hell
11081000051	Defeat Maya
11081000052	Venture deeper into the cave to find the Professor
11081000053	Rescue the Professor from the ant egg
11081000054	Help the Weak Professor walk
11081000055	Open the treasured chest
11081000056	Have a Chitchat with them.
11081000057	Use the ship's cannons to attack the enemy vessels.
11081000058	Eliminate all enemies.
11081000059	Defeat the Evil Boss
11081000060	Take a look around
11081000061	Talk to the captain
11081000062	Hide in the darkness. Don't let them Discover you.
11081000063	Find Kitty-Katie
10370000000	Thank you for using our services!
10370000001	Welcome to Kafra Services!
10370000002	Transition Dialogue
10370000003	Opening Dialogue@{1}
10370000004	Branch Dialogue@{1}
10370000005	Transition Dialogue@{1}
10370000006	Dialogue with Button
10370000007	Option A^{1}(Insufficient Self-Discipline)^{2}
10370000008	Option B
10370000009	Option C^{1}(Insufficient Self-Discipline)^{2}
10370000010	Option D^{1}(Insufficient Self-Discipline)^{2}
10370000011	Option A Result Dialogue
10370000012	Option B Result Dialogue
10370000013	Option C Result Dialogue
10370000014	Option D Result Dialogue
10370000015	I'm just a little kitty. Why do I have to work, meow?
10370000016	Nothing
10370000017	Open Mining Star Treasure Hunt
10370000018	Meowcici Mining Company at your service~ Oh, you're still a new adventurer! Come play with me once you reach Lv. @{1}~
10370000019	All right
10370000020	Don't go pining after me. I'm out of your league, meow.
10370000021	The weather's lovely today, meow~ What can I do for you?
10370000022	This little kitty has been working for so long. Can I go out and play for a while, meow?
10370000023	Once I make some money, I'm gonna freaking eat, eat, eat, meow~
10370000024	Why is it raining? Because thinking of you has me sweating buckets, meow!
10370000025	Where the stars converge, the Starshatter Dragon shall descend once more.
10370000026	I Want to Summon the Dragon
10370000027	Help Summon the Dragon
10370000028	View Summoning Progress
10370000029	The time has come. Begin the ritual.
10370000030	This is in speech-bubble format@{1}
10370000031	This is also in speech-bubble format@{1}
10370000032	Why did you call us?
10370000033	Hello, Novice! Welcome to Prontera!
10370000034	Hmph... Why did you stop us? What are you after?
10370000035	Oh, please don't be so nervous. I'm Spratzi, and I welcome Novices arriving at the South Gate.
10370000036	In that case, could you show us your staff ID?
10370000037	Well, uh... We haven't been issued staff IDs yet.
10370000038	Bobo, that's enough.
10370000039	I'm also a freshman receptionist at Criatura Academy. Rest assured, I'm not anyone suspicious.
10370000040	Before entering Prontera, you'll need to pass the Novice Trial at the South Gate.
10370000041	Once you pass the trial, you can head To Prontera for your Job Advance...
10370000042	Sorry for the lengthy explanation. The Eden Group staff should be waiting for you, so please hurry along.
10370000043	Hello, I'm Rhine. I'm responsible for recording and evaluating the Novice Trial.
10370000044	The Novice Trial is easy. Complete two basic quests to prove you have the potential to take on a regular job. Then you'll receive proof that allows you to go to Prontera for your Job Advance.
10370000045	For your first task, collect @{1} pieces of ^{3}【Sticky Mucus】^{4} from the nearby ^{1}Porings^{2}. Porings don't hit very hard, but as a beginner, you should still be careful.
10370000046	Good work. Your combat record shows that you handled yourself consistently well.
10370000047	Now for the next step. The Medicine workshop needs 【Sticky Mucus】 dropped by Porings as a stabilizer for basic medicinal ingredients.
10370000048	Collect ^{1}@{1} pieces of 【Sticky Mucus】^{2} from the Porings you defeat. Make sure the texture is uniform, as impurities will affect the Medicine's effectiveness.
10370000049	Oh, that's right. This is adventuring gear issued to beginners by the Eden Group. It should help with your task.
10370000050	Well? Have you completed the task?
10370000051	Yes
10370000052	Excellent. Very efficient.
10370000053	For your next task, defeat ^{1}Fabres^{2} and collect ^{3}@{1} pieces of 【Fluff】^{4} from them.
10370000054	Fabres are usually found near Prontera South Gate. Their soft yet durable fur can be used to craft all kinds of equipment. Stay safe.
10370000055	Well done. You've completed the Novice Trial.
10370000056	Keeping your equipment up to date will be a great help in future battles.
10370000057	Here, this certificate proves that you passed the Novice Trial. Take it to the Chief Job Advance Mentor in the city, and he'll conduct your Job Advance ceremony.
10370000058	Best of luck on your journey.
10370000059	Hey, I'm really curious. Do you give these same tasks to every Novice?
10370000060	Doesn't that mean you have to Repeat the same lines hundreds of times? Don't you ever get tired of it?
10370000061	...Of course not. It's my duty.
10370000062	I've got it! You're actually a robot! Or a magical doll!
10370000063	Hehe... Of course not. Since you're in no hurry, how about letting me study you? Samples of highly intelligent Demon Porings are quite Rare.
10370000064	^{1}PlayerName^{2}! Your Job Advance is imminent. We must act at once.
10370000065	Hello, Adventurer. If you wish to undergo your Job Advance, you must first submit your trial certificate.
10370000066	Submit Trial Certificate
10370000067	Hmm, everything is in order. It seems you've built a solid foundation. I'm Alphonse, the Chief Job Advance Mentor. I guide qualified Novices to ^{1}Criatura Academy^{2} for their Job Advance. Are you ready?
10370000068	I'm ready
10370000069	Excellent. Clear goals and decisive action are the first qualities of a powerful Adventurer. The teleportation spell is ready. Don't resist its power—it will deliver you safely to your destination.
10370000070	Head to the main lecture hall. The Mentor is already waiting for you there.
10370000071	(Lowers voice) Ahem! O lost lamb, meeting this great prophet is the blessing of eight lifetimes!
10370000072	Come, extend your hand and let this great prophet guide you to your true path!
10370000073	(Shakes head with feigned solemnity) The worst thing a Novice can do is have no idea what their goal is.
10370000074	Tell you what—give me @{1} Crystal, and I'll reveal which job suits you!
10370000075	Darn it! I fell for it!
10370000076	(Looks down in thought) Hmm, fascinating. I've never heard of a crystal ball shining so brilliantly before.
10370000077	Just keep moving forward. Alphonse will help you complete your Job Advance.
10370000078	All right, goodbye!
10370000079	Thousands of years ago, the continent of Midgard suffered an unprecedented catastrophe.
10370000080	The Demon King Morroc invaded these lands, while Jormungand, the colossal World Serpent, sought to devour the world.
10370000081	In that dark hour, the ancestors of the Rune Kingdom's seven royal families rose to the challenge.
10370000082	They were joined by six exceptional heroes, each representing a different job. Together, they defeated the demons and protected the continent.
10370000083	I hope you will follow their example and press onward along the path to mastering your job.
10370000084	The Book of Job Advance ahead records the traits and potential of every job. Young sprout of Midgard, go forth and choose the path that suits you.
10370000085	Such dazzling light... (Strokes beard) It seems we're about to witness the birth of a new legend. Congratulations on completing your Job Advance, new Adventurer.
10370000086	After your Job Advance, try ^{1}allocating stat and skill points^{2} to unlock your newfound power.
10370000087	Perhaps you could test how much you've grown in the ^{1}Tower of Trials^{2}.
10370000088	For a new Adventurer, the ^{1}【Eden Group】^{2} is an excellent place to go.
10370000089	You can grow quickly by taking on requests from the Eden Group.
10370000090	Go take a look. The receptionist will send you there.
10370000091	Please wait. Casting teleportation magic.
10370000092	Oh, you must be the newcomer Rhine mentioned. You've certainly got courage, but otherwise you look pretty average...
10370000093	Tell you what—I'll give you a request with a generous reward. Go to ^{1}【Payon】^{2} and help the Elder Lady solve the case of the missing livestock.
10370000094	Hey, newbie! I'm Tilpy, the best Adventurer advisor around. Every rookie I've coached has become a hero~ Answer three questions with your gut, and I'll reveal your destined job!
10370000095	Question one. Imagine you're leaving your village to seek adventure. Dawn has just broken, and your pack is on your back. The village is still asleep, except for a few early-rising little Porings chirping away. You stand at the village entrance, where the road leads out into the wider world. What do you do?
10370000096	Leave quietly
10370000097	Hold a farewell party
10370000098	Say a heartfelt goodbye
10370000099	Hmm, whether it's the tranquil morning light, joyous laughter, or a heartfelt embrace, each is a beautiful way to say goodbye before setting out.
10370000100	Question two. After a long journey, you finally reach a forest, where the fog is as thick as Milk. You're completely lost! Then you come upon three paths, each of which looks... well, interesting. Which one will you follow?
10370000101	The path prowled by beasts
10370000102	The desolate trail
10370000103	The road to the ancient castle
10370000104	Whether your future takes you through forest paths echoing with Orc roars, along desolate trails, or into the depths of an ancient castle, never forget the burning courage within your heart.
10370000105	Question three. After facing countless dangers and battling terrifying monsters, you finally emerge victorious! Now a dust-covered treasure chest lies before you, with light shining through its keyhole! You rub your hands together, your heart pounding. What treasure do you hope to find inside?
10370000106	An ancient divine weapon
10370000107	A forbidden spellbook
10370000108	Water from the Spring of Renewal
10370000109	At the end of every story, heroes grasp the blades of divine weapons, open the covers of spellbooks, and scoop up the shimmering waters of sacred springs. But never forget what first set you on your journey.
10370000110	All right, you've completed every test. Please wait while I determine your results...
10370000111	………………
10370000112	Ta-da! The Crystal of Fate has revealed your result! Let's see... Oh? Not bad!
10370000113	The soul of a Swordsman burns within you! A Lion lives in your heart, courage is your blade, and protection is your shield. Go forth—the Prontera Chivalry awaits!
10370000114	So, how accurate was Erpi's reading? Don't dawdle—go complete your Job Advance! The legend of Midgard is yours to write.
10370000115	What a warm light... It's the calling of an Acolyte! Your heart is as soft as a Poring, yet your strength surpasses that of an angel. Remember, your hands, which can heal anything, are more precious than any weapon.
10370000116	Wow! What a mysterious magical glow... Your head must be filled with stars and arcane runes. Those old scholars in Geffen Tower will be fighting over you!
10370000117	Shh! The shadow of the Thief has chosen you. Your footsteps are lighter than the wind, and your eyes are sharper than a hawk's. The black market of Morroc... Ahem, I mean the whole wide world awaits your talents!
10370000118	I hear the sound of Zeny... You have the makings of a Merchant! There's an abacus clacking away in your head, isn't there? Remember to give me a discount when you open your shop!
10370000119	Whoosh! Right on target—the eagle eye of an Archer! You like to keep your Distance, wait for the perfect moment, then strike true. Hey, you might just become the greatest Archer in Payon!
10370000120	Mm-hmm, just leave it there... Wait, aren't you here to deliver food?
10370000121	Tell him your intent
10370000122	Oh! You're the new recruit from the Eden Group! My eyesight's just like my Lain's—I can't tell people from animals at five meters, and at ten meters, the whole world's one big happy blur. Hahaha!
10370000123	The gyroscope... Let me think. Its core needs sturdy spacers, and Stag Beetle shells have just the right density. Bring me some ^{1}【Hard Shells】^{2} from Stag Beetles.
10370000124	I'll also need a barrel of ^{1}【High-Quality Sticky Mucus】^{2} from Willows to use as damping fluid. The last time I went looking for some, I mistook a regular tree for a Willow and spent half an hour talking to it...
10370000125	Finally, I'll need ^{1}【Eddga's Mane】^{2} for the balancing bristles. That big cat has been prowling around the bamboo forest lately, terrifying the villagers... and making so much noise I can't focus on my experiments! Go bring me some of its mane—and quiet it down while you're at it.
10370000126	That big cat isn't easy to find. Ask the old Hunter in the forest if he knows its exact location.
10370000127	I'm here to collect the mount.
10370000128	Here you go.
10370000129	You're a new face. This forest's been dangerous lately, so don't wander around without good reason.
10370000130	Ms. Emma sent me.
10370000131	I'm looking for Eddga.
10370000132	Oh? That old lady with the poor eyesight? This is about the airship, isn't it? Eddga's mane... Yes, that certainly sounds like something she'd need.
10370000133	That beast is clever and always on the move. It won't just sit in one place waiting for you to find it.
10370000134	Here, take this. It's called a ^{1}【Fly Wing】^{2}. Crush one, and it'll teleport you a random Distance through this bamboo forest.
10370000135	It's a common trick among Adventurers. You rely on luck to cross paths with it. Whether you find it is up to chance.
10370000136	Is this... really going to work?
10370000137	Thanks. I'll give it a try.
10370000138	It beats wandering aimlessly through the forest like a headless fly. Back in our day, this was how we tracked down elusive monsters like that.
10370000139	Good luck. Remember, if you encounter Eddga, approach it carefully. That beast is ferocious.
10370000140	You're back. How did it go?
10370000141	I found all the materials.
10370000142	Oh? That was fast. Hmm... The materials all meet my standards. Excellent! You're far more capable than that silly boy of mine who does nothing but read.
10370000143	Speaking of Lain... That boy's a hopeless bookworm. He can't think about anything but his research. If the royal family hadn't personally commissioned the Eden Group to find him, I'd be afraid he'd get himself lost in the desert...
10370000144	Haha, don't worry! Our leader is handling this personally, and with such a capable new recruit helping us, we'll bring Professor Lain back safe and sound. He's essential to the research on the 【Nail of World Law】. We'll protect him with our lives!
10370000145	All right, rookie. Excellent work on the mission. The airship is ready, so it's time to meet up with the others. Your true adventure is about to begin!
10370000146	Boya, wait here for a moment. I'll give you the repaired gyroscope. ^{1}PlayerName^{2}, this Card is for you. It should be very helpful on your adventures ahead.
10370000147	^{1}PlayerName^{2}, go learn all about Cards first. They're essential for every Adventurer. I'll meet you at the village entrance later.
10370000148	Go find the black market merchant at the tavern.
10370000149	All right, I'm on my way.
10370000150	I'm the proprietor NPC. I don't know where the black market merchant is, either.
10370000151	All right, I'll ask someone else.
10370000152	I'm the veteran Adventurer NPC. I don't know where the black market merchant is, either.
10370000153	I'll take a look inside.
10370000154	The threads of your fate... are entwined with some very intriguing possibilities. There is a certain... “special” energy emanating from you.
10370000155	Who are you?
10370000156	What do you mean by “special”?
10370000157	(Takes a wary step back)
10370000158	Time... is a one-way road for your kind. But every so often, ripples appear.
10370000159	This old compass is yours. It will warn you before disaster strikes.
10370000160	When a great crisis approaches, it will guide you. Use it wisely...
10370000161	Who were you just talking to? There's no one here.
10370000162	Could you be under some kind of illusion? Maybe there's a fox spirit or something lurking near Payon...
10370000163	Whoa! Could it be a ghost?! So scary, so scary~
10370000164	Master~ Have you been secretly dating an invisible girl?
10370000165	Knock it off, Bobo...
10370000166	Anyway, we need to get moving. The Eden Group Captain is still waiting at the ^{1}Airship Port in Izlude^{2}. If we take any longer, she's going to be furious.
10370000167	Black Market Merchant, I'll come by later to buy a ticket.
10370000168	All right, I'll be there soon.
10370000169	Would you like to buy a ticket?
10370000170	^{1}One ticket, please^{2}
10370000171	You already have a ticket? Then I'll teleport you there.
10370000172	Please teleport me.
10370000173	Captain! We got the gyroscope, and ^{1}PlayerName^{2} did a great job!
10370000174	Excellent work. Rookie, welcome to the operation. This is Instructor Wulf. Relax—from now on, we'll Fight Alongside each other.
10370000175	Hello, rookie. The supplies have been inventoried. We can board whenever you're ready.
10370000176	Time is short, so I'll be brief. Our mission is to travel to the ^{1}Sograt Desert^{2} and find the missing Professor Ryan.
10370000177	This is a covert mission. The professor's research is crucial to the kingdom's future, so the fewer people who know about it, the better.
10370000178	Rhyne and Boya have both reported on your previous performance. You've proven that you're capable and dependable. Welcome to the team.
10370000179	We'll take the 【White Dove】 cargo airship to Morroc, at the entrance to the desert. If there's anything else you'd like to know, ask me now.
10370000180	I don't have any questions.
10370000181	Who is Professor Ryan?
10370000182	Who commissioned the mission?
10370000183	What is the 【White Dove】?
10370000184	Good eye! The 【White Dove】 belongs to Valkyrie Air, and it symbolizes the cooperation between the Papal State and the Republic. It's officially a cargo ship, but it still has a passenger cabin, making it perfect for a team that needs to keep a low profile.
10370000185	Its structure has been Enhanced, giving it greater speed and stealth than an ordinary passenger ship. It's also equipped with basic defensive cannons.
10370000186	Wulf knows this ship inside and out. Don't worry—he's a dependable old friend.
10370000187	Understood.
10370000188	He's one of the kingdom's foremost scholars and studied abroad in Juno. He specializes in ancient magic technology and is... a somewhat absentminded genius. He's the key to unraveling the mystery of the 【Nail of World Law】.
10370000189	His safety is our highest priority.
10370000190	Exactly. That's why we have to find him.
10370000191	This commission comes directly from the royal family. That means it's a high-level mission, and it also means... the potential danger may be beyond anything we can imagine.
10370000192	So don't worry. Just follow my lead. I'll bring every one of you back safely. I always Keep my word.
10370000193	All right, no more questions, then. Keep your ticket handy, rookie. Prepare to board—next stop, Morroc!
10370000194	Good afternoon. Please present your boarding pass and confirm that your carry-on luggage is not overweight.
10370000195	Pass confirmed. The White Dove has been cleared for departure, and its engines are warmed up. We expect to depart in three minutes.
10370000196	Are you ready to board now?
10370000197	^{1}Confirm Boarding^{2}
10370000198	Wait a little longer.
10370000199	Have a pleasant journey. May the winds grant you clear passage.
10370000200	We're off, we're off! Up into the clouds!
10370000201	All right. Please board before the departure horn sounds. We will not wait for late passengers.
10370000202	Huh? Is something still not ready? Bobo can't wait any longer, bo!
10370000203	Well, rookie? This is your first time seeing the view from an airship, isn't it?
10370000204	Ready to go? Just don't throw up on the ship.
10370000205	^{1}I'm ready^{2}
10370000206	I'm not ready.
10370000207	You have another @{1} minutes. Don't dawdle.
10370000208	Then... let's be off. White Dove, launch!
10370000209	Finally awake, huh? You were really out cold.
10370000210	Hahaha! Welcome back to the land of the living! After that crash, I thought you'd be getting up close and personal with the sand for three days and three nights!
10370000211	Wah... Stupid Master! You scared Bobo half to death! Bobo thought the crash had broken your head!
10370000212	All right, everyone's here. Looks like the White Dove is a total loss, and there's no point going to Morroc now.
10370000213	According to Wulf, our landing site is actually closer to our destination, the ^{1}【Adventurer Camp】^{2}. Let's rest briefly, then move out.
10370000214	To help you survive the battles ahead, I have some spare materials you can use to repair your weapon.
10370000215	Go ahead, Master! Bobo thinks it'll become super—powerful, bo~
10370000216	Oh? Eikuni, long time no see! Are you here in the desert to Complete the Commission?
10370000217	Hahaha, of course I'm here for work. It's been a while, Hawke. How have you been?
10370000218	Same as always. Ant breeding season is almost here, and there have been frequent Adventurer disappearances lately. It's a real headache... But enough about that. You must have something more important to discuss, right?
10370000219	Yes. I'm looking for someone. Have you seen a scholar named Levin recently? He wears glasses, has very poor eyesight, and is quite refined.
10370000220	Levin, glasses, poor eyesight... Is he from Payon? And didn't he study in Juno?
10370000221	Yes, that's him! Do you know where he went?
10370000222	He's been staying at the camp for the past week, leaving early and returning late every day. Oh! I even said hello to him before he left this morning. He took his equipment to ^{1}【Ant Hell】^{2} again at the crack of dawn, saying he was going to collect some kind of 【Memory Particles】. He's incredibly stubborn. I tried to convince him to take someone with him, but he wouldn't listen.
10370000223	That's a relief. At least he's safe. But Ant Hell is dangerous. We need to find him and make sure nothing happens.
10370000224	I'll leave finding the professor to you for now. I need to report the White Dove disaster to headquarters first. As soon as that's taken care of, I'll meet up with you.
10370000225	Master, looks like it's up to the two of us this time!
10370000226	……
10370000227	Pick Up the Notes
10370000228	Hey! Professor, are you okay?!
10370000229	Huh? Where did this... giant talking Chonchon come from? Or is it a living ball of soot?
10370000230	You're the Chonchon! Your whole family's made of soot! Bobo is a noble Demon Poring! Get a good look, bo!
10370000231	Uh... Adventurer? Thank You for helping me, but may I ask who you are...?
10370000232	Introduce Yourself
10370000233	Go back? But my research is at a critical stage, and the energy readings here are unprecedented! If I stop now, all my work could be for nothing.
10370000234	Insist on Taking the Professor Back
10370000235	...Fine, fine. Since you insist, I'll go back with you. But give me a little more time to finish one last sample.
10370000236	Actually, before that, could you do me a favor? Look over there, in the corner...
10370000237	That ^{1}【poor girl】^{2} hasn't moved at all. Could she be injured? Oh, it's chilly in this cave. Do you have any spare clothes? Please help her.
10370000238	Master, that lady looks a little strange... But maybe the professor got it right this time? There really is someone over there!
10370000239	Are you alright?
10370000240	Why is it just the two of you? Where are the captain and the others? ...You didn't find Professor Levin?
10370000241	Explain What Happened
10370000242	I knew it! The Adventurers who've disappeared in the desert over the past few months weren't lost or taken by bandits... They've probably all become the queen ant's emergency food supply!
10370000243	There may be one enormous ant colony beneath this entire desert. What we discovered before was only the tip of the iceberg.
10370000244	Wh-Whoa... M-M-Master! Doesn't that mean we're standing on the lid of one giant cooking pot?!
10370000245	Aquinnie and the others haven't returned yet, and there's no one at the camp to spare for a rescue mission.
10370000246	This ^{1}【Pathfinder Ant】^{2} is a Piere we captured. It's instinctively drawn to the queen ant's pheromones. Release it inside Ant Hell, and it'll lead you to the entrance of the queen's nest.
10370000247	But I recommend waiting for the captain to return before taking action. The situation down there is far worse than we imagined. Going in alone would be suicide.
10370000248	Professor Meat Is Sour, So Ants Won't Eat It
10370000249	Wait for Reinforcements
10370000250	It's Extremely Risky, but There's No Other Choice
10370000251	Silly Master... Are ants vegetarians? And how do you know the professor tastes too sour to eat?! What kind of reason is that?!
10370000252	This rescue mission will be exceptionally difficult. If you're determined to go, consider bringing a pet into battle. It could be a great help.
10370000253	Master, do you have another little pet when I'm not around? Boo-hoo... Bobo's being abandoned...
10370000254	Ahem. Bobo, was it? There's a big difference between combat pets and companion pets. Don't worry. A companion pet with as much personality as you could never be replaced.
10370000255	I'll Never Abandon Bobo
10370000256	That Depends on How You Do
10370000257	Hmph! By the time reinforcements arrive, the professor will already have become... become you-know-what! You're not usually this scared, Master.
10370000258	Don't worry! When the time comes, you can hide behind Bobo, Master!
10370000259	Sniff... You're right, Master. The professor can't wait that long! Bobo... Bobo will protect you, bo!
10370000260	I knew you were the best, Master!
10370000261	Master, you've gotten mean!
10370000262	Teleport into the Instance
10370000263	There you are! Are you both okay?
10370000264	Oh, you know. We only nearly got eaten by the queen ant.
10370000265	Next time something like this happens, don't go off on your own. You must wait for us to return. Come on, let's head back to camp.
10370000266	Oh, you're here... Thank You for rescuing me. You were a tremendous help.
10370000267	I actually came here to extract this—^{1}【Memory Form】^{2} . You can think of it as energy formed from intense human emotions and memories.
10370000268	I've spent several months investigating the area around the desert. I managed to Discover that the queen ant's mimicry actually came from a girl she devoured, so I came here to search for a Clue...
10370000269	I finally managed to find some samples, but then... uh, I nearly got eaten.
10370000270	But I got it in the end! Look—(Raises bottle)
10370000271	Take the Memory Form
10370000272	You're awake. It brought you back here after all... somewhat sooner than I expected.
10370000273	Welcome to the ^{1}【Garden of Time】^{2}—the crossroads of countless possibilities and the final resting place of every unfinished story.
10370000274	The compass in your hand can do far more than foresee danger.
10370000275	And what you just experienced was but one insignificant note in a grand symphony.
10370000276	Curious about this place? Feel free to look around. I'll be waiting up ahead.
10370000277	You've arrived. Are you... satisfied with the view?
10370000278	Those drifting visions are worlds that once truly existed—some have already withered away, while others continue to Struggle.
10370000279	And you will be among those who decide their fate.
10370000280	Wow! It's so beautiful here! Much comfier than Master's Backpack~
10370000281	But... why does this place feel kind of familiar?
10370000282	...You little troublemaker.
10370000283	What happened just now? You suddenly froze up and even broke the thoughtform storage vial!
10370000284	Did the desert heat give you heatstroke? You look awful.
10370000285	It's okay! Master just got scared by some ants earlier, that's all~ Right?
10370000286	Never mind. Good thing I have a backup. Let's head back to Prontera for now.
10370000287	Let's go. The airship wreckage recovery team should have arrived by now.
10140100000	A massive Grand Prize with rich-text support ended everyone's ^{1}50^{2}-kill streak!
10140100001	Purchase successful! The item has been delivered. Please check your inventory!
10140100002	Congratulations! Your item has been sold, and the proceeds have been delivered. Please check that you've received them!
10140100003	You successfully delisted the item. Please claim it promptly!
10140100004	We're very sorry, but your purchase failed. The following items have been returned to you. Please claim them promptly!
10140100005	You've just received the following items. Please claim them promptly!
10140100006	Guild Member ${1} successfully impeached Guild Master ${2} and became the new Guild Master!
10140100007	Guild Member ${1} canceled the impeachment of Guild Leader ${2}. Failed Impeachment
10140100008	Guild Member ${1} left the Guild, automatically canceling the impeachment of Guild Leader ${2}. Failed Impeachment.
10140100009	Guild Member${1} did not receive responses from enough Guild Members before the response period ended. Failed Impeachment
10140100010	You have successfully used Impeach. Rally ${2} Guild Members to Respond to Impeachment within ${1} hours to secure a Successful Impeachment. Afterward, you will become the Guild Leader, and the former Guild Leader will become a regular Member.
10140100011	Guild Member ${1} has initiated impeachment proceedings against Guild Leader ${2}. Rally ${4} Guild Members to Respond to Impeachment within ${3} hours to achieve a Successful Impeachment. After a Successful Impeachment, ${5} will become this guild's Guild Leader. Go to the Guild Member screen and select 【Respond to Impeachment】 to open the Respond to Impeachment screen and respond.
10140100012	Guild name changed from ${1} to ${2}
10140100013	Congratulations! You've been appointed Guild Leader. We hope you'll lead everyone in building a warm, supportive community!
10140100014	Congratulations! You've been appointed Leader of the guild. We hope you'll lead everyone in building a warm, supportive guild community!
10140100015	Congratulations! You've been appointed Vice Guild Master. We hope you'll lead everyone in building a warm, supportive guild community!
10140100016	Congratulations! You've been appointed Commander of the guild. We hope you'll lead everyone in building a warm, supportive guild community!
10140100017	Congratulations! You've been appointed the guild's Charisma Baby! While serving as Charisma Baby, you'll enjoy the following Benefits:\nAn exclusive Portrait, Portrait Frame, Chat Bubble, and chat tag (all activated automatically)\nA Charisma Baby statue featuring your appearance and nickname will be erected in the guild area. We hope you'll lead everyone in building a warm, supportive guild community!
10140100018	Congratulations! You've been appointed an Officer of the guild. We hope you'll lead everyone in building a warm, supportive guild community!
10140100019	Welcome to the ${1} guild family! Go say hello to everyone!
10140100020	Last week's guild activity was ${1}, with an Active rating of [Very Inactive]. Guilds that maintain an Active rating of [Very Inactive] (weekly activity < @{2}) for @{1} consecutive weeks will be automatically disbanded. Guild Members can earn activity by participating in daily activities, so please encourage everyone to join in!
10140100021	Your guild maintained an Active rating of [Very Inactive] for ${1} consecutive weeks and has been disbanded according to System rules. Open the guild list to apply to a new guild. [Apply Now]
10140100022	Congratulations on successfully creating the ${1} guild! Under your leadership, we're sure it will continue to prosper and become a close-knit, welcoming community.
10140100023	Unfortunately, you canceled the guild creation process, or the guild could not be created because fewer than ${2} players responded within ${1} hours. The items consumed when creating the guild have been returned to you. Please check the attachments.
10140100024	${1}
10140100025	For some reason, your MVP reward got lost along the way. We've reissued it, so please check the attachments.
10140100026	Because your Backpack is full, unclaimed items have been sent by mail. Please check the attachments.
10140100027	Congratulations! Guild building ${1} has completed a Level-up from Lv. ${2} to Lv. ${3}. Go see what's new! [View Now]
10140100028	You had unclaimed Departure Rewards from the previous Guild Caravan event. We've reissued them to You. Please check your mail!
10140100029	Your tower-climbing reward couldn't be added because your Backpack was full. We've sent it by mail, so please check the attachments!
10140100030	You didn't claim Yesterday's activity reward, so we've reissued it. Please check the attachments.
10140100031	You had unclaimed rewards from the Novice Handbook event. We've sent them by mail, so please check the attachments!
10140100032	Items removed from your Stall have been sent by mail. Please check the attachments!
10140100033	Congratulations! Purchase successful. The item you bought from the Stall has been sent to you by mail. Please check your inbox~
10140100034	Congratulations! The ${1}*${2} you listed at your Stall was purchased by Buyer ${3} at ${4}. After deducting ${5} in Trade Tax, you earned ${6}.
10140100035	You closed your Stall. The items from it have been sent by mail, so please check the attachments!
10140100036	Your Stall time has run out, so your Stall was automatically closed. You earned ${1} Zeny and ${2} Minted Coin from items sold during this Stall session. Check Trade History for a detailed Record. Keep it up!
10140100037	All items in your Stall sold out in ${1} min ${2} sec, earning you ${3} Zeny and ${4} Minted Coin!
10140100038	Congratulations! You ranked No. ${1} in this season's Pinnacle Top Ten Ranking. Please claim your well-earned rewards!
10140100039	You successfully participated in the Gloom over Dragoncasket Island event and earned a participation reward.
10140100040	Congratulations on clearing the Gloom over Dragoncasket Island event on ${1} difficulty! You've earned a clear reward.
10140100041	During Guild League placement This Week, your guild did not meet the placement requirements. Please increase your guild's membership and Active rating to qualify. Guilds that fail to meet the placement requirements for @{1} consecutive placements will be unable to participate in the Guild League competition. Please take note!
10140100042	During This Week's Guild League placement, your guild did not meet the requirements and cannot participate in this season. Increase your Guild Member count and Active rating to qualify for the next season's placement. (Guilds that fail to meet the requirements for @{1} consecutive placements will be unable to participate in the Guild League season.)
10140100043	Thank You for participating in the Guild League event! Here are your rewards. Please claim them!
10140100044	Congratulations! Your guild ranked ${2} in the ${1} tier of the Guild League. The Guild League Honor Emblem has been unlocked for @{1} weeks. You can equip it from the Guild Emblem screen.
10140100045	Auto-Bid for ${1} has been canceled, and your funds have been returned. Please check the attachments.
10140100046	Your bid on ${1} was surpassed, and your funds have been returned. Please check the attachments.\n^{1}^{2}^{3}[Go to My Auctions]^{4}^{5}^{6}
10140100047	Congratulations! You won item ${4} in ${3} with a bid of ${1}${2}. Please check the attachments.
10140100048	You had unclaimed Guild Auction Dividends from last week. They have been reissued as attachments. Please claim them, and enjoy your adventure!
10140100049	You enabled both Bid and Auto-Bid in the auction for ${1}. Your bidding funds have been returned. Please check the attachment.
10140100050	Congratulations! You won item ${4} in ${3} with a bid of ${1}${2}. Your remaining Auto-Bid funds have been returned as an attachment. Please claim them, and have a wonderful journey!
10140100051	Congratulations! You placed ${1} on the Combat Power Ranking—Swordsmen. Here are your Ranking Rewards. Please claim them!
10140100052	Congratulations on ranking ${1} on the Combat Power Rankings—Acolytes! Here's your ranking reward. Please check the attachments!
10140100053	Congratulations on ranking ${1} on the Combat Power Ranking—Mages! Here are your Ranking Rewards. Please claim them!
10140100054	Congratulations on ranking ${1} on the Combat Power Rankings—Archers! Here's your ranking reward. Please check the attachments!
10140100055	Congratulations on ranking ${1} on the Combat Power Rankings—Thief! Here's your ranking reward. Please check the attachments!
10140100056	Congratulations on ranking ${1} on the Combat Power Rankings—Merchants! Here's your ranking reward. Please check the attachments!
10140100057	Congratulations on ranking ${3} for the ${1} class on the ${1} Speed Rankings! Here's your ranking reward. Please check the attachments!
10140100058	Congratulations! You won the auction for ${2} in ${1}. Please check the attachments, and have a wonderful journey!
10140100059	You earned Auction Dividends from the ${1} Misc auction. They have been reissued as attachments. Please claim them, and enjoy your adventure!
10140100060	Your bid on ${2} in the ${1} auction was surpassed, and your funds have been returned. Please check the attachments.
10140100061	You received an unsold item from the auction for ${1}. Please check the attachment.
10140100062	Congratulations! You placed No. ${1} in the Fashion Rating Ranking. Please claim your Ranking Rewards!
10140100063	You didn't Claim the rewards from your Daily Quests Yesterday, so we've reissued them by mail. Please check your inbox!
10140100064	Congratulations on reaching the ${2} tier in ${1}! Please claim your tier reward from the mail!
10140100065	Congratulations! Your server has earned every Progress Reward in the Otherworldly Arrival event. Here's your prize. Please check the attachments!
10140100066	Thanks to the combined efforts of all Adventurers, the Magic Crystal support campaign was a complete success! You contributed ${1}, your guild contributed ${2}, and you placed ${3} across the Entire Server. The following guilds were the top five contributors on the Current Server. Their contributions and information are listed below:\n${4}Their leadership helped ensure the mission to the New World was completed successfully. Here are your rewards. Please check the attachments!
10140100067	We have reclaimed the following expired items:\n${1}\nYou will receive the following refunded resources:\n${2}\nThank You for your support, and enjoy the game!
10140100068	Dear Player,\nYour Trade on the Exchange at ${8} [Item: ${1}, Trade Amount: ${5}, Order No.: ${7}] has been completed.\nPlease collect your final proceeds from the attachments.
10140100069	Dear Player,\nYour purchase on the Exchange at ${8} [Item: ${1}, Trade Amount: ${5} ] has been completed.\nPlease collect your purchased item from the attachments.
10140100070	Your purchase of [${1}] from the Trade Exchange failed. All costs have been returned as attachments. Please claim them.
10140100071	You removed [${1}] from the Exchange. Please collect it from the attachments.
10140100072	Your listing for [${1}] on the Exchange expired and was removed automatically. Please collect it from the attachments.
10140100073	Due to the server merge, your listing of [${2}] [${1}] on the Exchange was removed automatically. Please collect the items from the attachments.
10140100074	Dear Player,\nYour Trade on the Exchange at ${8} [Item: ${1}, Trade Amount: ${5}, Order No.: ${7}] has entered the review period. The review is expected to be completed after ${9}. If approved, you will receive the Trade proceeds. Please watch for further mail.
10140100075	Dear Player,\nYour Trade Market transaction at ${8} 【Trade Item:${1}, Trade Amount:${5}, Order No.:${7} 】 has passed review.\nPlease collect your final proceeds from the attachment.
10140100076	Dear Player,\nThe System detected an irregularity in your Trade Market transaction at ${8} 【Trade Item:${1}, Trade Amount:${5}, Order No.:${7}】. We have decided to freeze the Zeny from this Trade. Frozen Zeny:${5}. Please check the in-game exclamation mark notification for the unfreeze time. Any further Trade violations detected during this period will result in more severe penalties. If you have any questions about this penalty, or any concerns, dissatisfaction, suggestions, or other requests regarding our game services, please contact Customer Support in-game to submit your feedback.${10}
10140100077	Dear Player, the review result for your appeal regarding Order No.:${7} has been confirmed.\nReview Result:Approved.\nPlease collect your final proceeds from the attachment.
10140100078	Dear Player,\nThe penalty period for your Trade Market transaction at ${8} 【Trade Item:${1}, Trade Amount:${5}, Order No.:${7}】 has ended.\nPlease collect your final proceeds from the attachment.
10140100079	Dear Player, the review result for your appeal regarding Order No.:【${7}】 has been confirmed.\nReview Result:Denied.
10140100080	Dear Player:\nThe System detected an irregularity in your Trade Market transaction at ${8} 【Trade Item:${1}, Trade Amount:${5}, Order No.:${7}】.\nAs you are a veteran player, the System will not penalize you for this Trade. However, to maintain a fair Trade environment, please refrain from violating the Trade rules.
10140100081	Dear Player, your frozen funds have been unfrozen. Please collect them from the attachment.
10140100082	Dear Player:\nTo maintain a fair and healthy gaming environment and protect the rights of all players, we detected unusual activity on your account. Please stop this activity immediately, check your device for third-party assistance software, and uninstall any such software. If you do not promptly correct your current gameplay behavior, the System may place further restrictions on your account. Please comply with the game rules as soon as possible.\nThank You for your understanding and cooperation in maintaining a healthy gaming environment.
10140100083	Please claim your unclaimed Rank Reward from the previous Season.
10140100084	Please claim your unclaimed Season Settlement Trophy rewards.
10140100085	You have been outbid in the Stronghold War. Please take action!
10140100086	You successfully won the bid to participate in the Stronghold War. Prepare for battle!
10140100087	Thank You for fighting bravely at the stronghold. Please accept this reward!
10140100088	Your guild occupied the stronghold and earned an Extra reward. Please accept it!
10140100089	This is the reward from your Event Period gift. Please collect it from the attachment.
10140100090	You earned ^{1}Conqueror Status^{2} in this Season's Territory War Settlement. Please claim your reward! You are also eligible to purchase ^{3}“Conqueror-Exclusive Items”^{4} from the Season Shop next Season. Congratulations!
10140100091	Your guild finished ^{1}${1}^{2} in this Season's Territory Points Rankings. You have earned the corresponding Veteran reward. Please claim it!
10140100092	You finished ^{3}${1}^{4} on this Season's Territory War ^{1}Merit Rankings^{2}. Congratulations! Please claim your reward!
10140100093	Your guild was the final guild to occupy the Royal City this Season. The guild and every Member will each receive @{1} ^{1}“Realm Starlight”^{2}. Congratulations!
10140100094	Your friend ${1} sent you ${2}. Please accept it!
10140100095	These are your unclaimed Cumulative Rewards from the Lost Treasure event. Please collect them from the attachment.
10140100096	This is the reward you won from the guild campfire raffle. Please collect it from the attachment.
10140100097	These are your rewards for defeating an Elite Monster while Treasure Hunting. Please claim them from the attachment.
10140100098	Your guild participated in this Epic Campaign and earned the following rewards. Please collect them.
10140100099	Your guild 【${1}】 cleared the 【${3}】 stage on 【${2}】 difficulty during this event. However, because your Backpack was full, the rewards were sent by mail. Please collect them from the attachment.
10140100100	Congratulations! Guild 【${1}】 approved your purchase request.
10140100101	Unfortunately, Guild 【${1}】 declined your purchase request.
10140100102	The ${1} Misc Auction has Ended. Please claim the Dividends earned from this auction from the attachment.
10140100103	The event has ended. Your guild placed ${1} and earned the following rewards. Please collect them!
10140100104	Here are the rewards you earned.
10140100105	Congratulations! You finished ${1} in this event. Here are your rewards. Please collect them!
10140100106	Thanks to the combined efforts of every Guild Member, your guild finished ${1} in this event. Here are your rewards. Please collect them!
10140100107	Congratulations! You finished ${2} in the ${1} challenge. Here are your rewards. Please collect them!
10140100108	You did not claim your sweep rewards from the Spirit Tower Yesterday. They have now been reissued through this mail. Please collect them from the attachment.
10140100109	This is the reward you earned from the midterm Settlement. Please collect it from the attachment.
10140100110	You had unclaimed Search Rebate rewards this Season. They have now been reissued to you. Please collect them.
10140100111	This is the reward you earned from the Event Period gift. Please collect it from the attachment.
10140100112	You did not claim last week's activity dividend before you chose to Leave Guild. It has now been reissued through this mail. Please collect it from the attachment.
10140100113	Congratulations on placing ${1} in last Season's Hero Registry! This is the reward you earned. Please collect it!
10140100114	You received an item that went unsold at auction. Please collect it from the attachment.
10140100115	Unfortunately, you did not complete the Dragon Summoning within the time limit. All summoning materials have been returned to you. Please collect them! You may begin the Dragon Summoning ritual again in @{1} hours!
10140100116	The recipient did not claim the cosmetic gift you sent within @{1} hours, so the Currency spent has been refunded to you. Please collect it!
10140100117	Thank You for handing out Red Packets during the Dragon Quest. Here are the unclaimed portions. Please collect them!
10140100118	The Novice Challenge event will end on ${1}. Once the event ends, items can no longer be purchased from the Zeny Shop. Adventurer, please keep an eye on the available purchase time and Event Period.
10140100119	Your guild has Purchased a Guild Gift Pack. Please collect it!
10140100120	Guild 【${1}】 has successfully completed a Merge Guild with this guild. Welcome to all our new friends! Let's unite, support one another, and get along~
10140100121	Please remain active to support the guild's continued growth. If you fail to meet the activity requirements for @{1} consecutive weeks, any Guild Member may Impeach you and replace the guild leader.
10140100122	${1} minutes of bonus auto-battle time have been added today. You currently have ${2} minutes remaining. (You can store up to ${3} minutes of bonus auto-battle time. Any time exceeding this limit will not be stored.)\n^{1}^{2}^{3}Tap here to view a summary of your auto-battle earnings^{4}^{5}^{6}
10140100123	Your guild did not meet the requirements for Auction Rewards in this match. Be sure to participate more often~\nAuction Rewards Requirements: At the end of the match, your guild must have at least ${1} win/loss points, and at least ${2} Guild Members must have participated in the match.
10140100124	Your guild's First Match in the Guild League will begin soon. Only Elite Members may Enter the Main Battlefield. Since you have Elite Settings Permissions, please open the league screen and Tap the [Eligibility] Button to configure the Elite Members for the Main Battlefield. (If there are fewer than @{1} Elite Members before the match begins, the System will Auto fill the guild's Elite roster.)
10140100125	Dear Player,\nPlease collect your Purchased items from the attachment.\nIf you have any payment issues or other questions, please contact Customer Support.\nWe will respond as soon as possible after receiving your inquiry.\n\n*Once the items have been claimed, the associated payment order cannot be refunded.
10140100126	At ${1}, you spent ${2}${3} at another player's Stall to purchase ${4}x${5}. However, because your Backpack was full, the items were sent by mail. Please collect them from the attachment.
10140100127	Because the Trade Market has closed, your listed items were automatically delisted. Please collect them from the attachment.
10140100128	Because your character has been restricted from using the Trade Market, your listed items were automatically delisted. Please collect them from the attachment.
10140100129	Because the Stall Function has been disabled, your Stall was automatically closed and its items were sent to you by mail. Please collect them~
10140100130	Because your character has been restricted from using the Stall Function, your Stall was automatically closed and its items were sent to you by mail. Please collect them~
10140100131	Because the auction Function has been disabled, your bid funds have been refunded. Please collect them~
10140100132	Because the Guild Auction Function has been disabled, your bid funds have been refunded. Please collect them~
10140100133	Because your character has been restricted from using the auction Function, your bid funds have been refunded. Please collect them~
10140100134	Because your character has been restricted from using the Guild Auction Function, your bid funds have been refunded. Please collect them~
10140100135	Your guild placed ${1} in this event. Here are the prizes. Please collect them!
10140100136	Your guild ranked No. @{1} in its group in the Hunting Challenge. Please claim the prizes below!
10140100137	Your guild ranked No. @{1} on the Entire Server in the Hunting Challenge. Please claim the prizes below!
10140100138	Your guild placed in the top @{1} on the Entire Server in the Hunting Challenge. Please claim the prizes below!
10140100139	These are the Personal Rewards you earned during the Wedding Crashers event. Please claim them from the attachments.
10140100140	This is the MVP reward you earned during the Wedding Crashers event. Please claim it from the attachments.
10140100141	An item you removed from the Trade Marketplace could not be returned because your Backpack was full. It has been sent by mail, so please claim it from the attachment.
10140100142	Your Reputation Score has fallen below ${1}. Please follow proper Trade practices to avoid unnecessary losses.
10140100143	Your Reputation Score is too low to use the Trade Marketplace. All listed items have been returned. Please claim them from the attachment.
10140100144	Dear Adventurer,\nWe have finished calculating and issuing your security deposit.\nThe security deposit issued to you this time is 【${11}】, while 【${12}】 remains frozen.\nThe security deposit has automatically been sent to your in-game mailbox. Please claim it promptly. If there is a delay (generally no more than @{1}-@{2} business days) or it does not arrive, please submit a report through in-game Customer Support. We will investigate and assist you as soon as possible.
10140100145	Dear Adventurer,\nThe System detected an irregular Trade on the Trade Marketplace at ${8}【Item Traded:${1},Trade Amount:${5},Order Number:${7}. We have decided to freeze the Zeny from this Trade. Frozen Zeny:${5}. Please check the in-game exclamation mark notification for the unfreeze time. If further Trade violations are detected during this period, more severe penalties will be imposed.\nUnfreezing Rules:\nPurchase Sacred Relic Crystal: Immediately unfreezes a portion of the security deposit equal to (Sacred Relic Crystal purchased*:${13}).\nIf you have any questions about this penalty, or any concerns, dissatisfaction, suggestions, or other requests regarding the game services, please contact Customer Support in-game to submit your feedback.${7}
10140100146	Congrats on Obtaining a War of Emperium victory! Here is your well-earned reward. Please claim it!
10140100147	Thank You for participating in War of Emperium! Here is your well-earned reward. Please claim it!
10140100148	Here is the quest reward you left behind in Lost Treasure. Please claim it from the attachment.
10140100149	Here is the reward you earned in the Rift Crisis event. Please claim it from the attachment.
10140100150	Here is the reward from your Wish in the Goddess's Prelude event. Please claim it from the attachment.
10140100151	Here is the reissued reward for the Entire Server progress in the Goddess's Prelude event. Please claim it from the attachment.
10140100152	You ranked No. ${1} in this event. Please claim the prizes below!
10140100153	Thanks to everyone's efforts, ${1} did not fall during this event. Please claim the prizes below!
10140100154	Although ${1} fell during this event, your efforts deserve recognition. Please claim the prizes below!
10140100155	You're incredible! Congratulations on becoming RO's greatest genius Lucky Koi! Please claim your reward from the mail attachments!
10140100156	What a shame! Our super-lucky Lucky Koi accidentally got the answer wrong, but No worries. Let's keep trying next time! Please claim your reward from the mail attachment!
10140100157	You're amazing—the God of Predictions! You bet on Lucky Koi and nailed it in one try! Please claim your reward from the mail attachment!
10140100158	Here is the reward you left behind in the Symphony of Creation event. Please claim it from the attachment.
10140100159	Here is the reward you left behind in the Tribute of Echoes event. Please claim it from the attachment.
10140100160	The treasure-guarding Monster you disturbed has been defeated. These are your Kill Rewards. Please claim them from the attachments.
10140100161	Thank You for helping Defeat the treasure-guarding Monster. Please claim your assistance rewards from the attachments.
10140100162	A gift from ${1}. Here is what ${1} would like to say to you: ${2}
10140100163	${1} has received your gift!
10140100164	${1} already owns the Chronicle of Fate, so the gift could not be sent. You can use the Chronicle Transfer Scroll from your Backpack to send it to another player.
10140100165	Congratulations! You received a South Gate Reunion Invitation from the Novice Seven-Day Gifts during the Ignition Test. Players who receive this invitation will automatically gain Eligibility for the next test and may also log in to the official website before the next test begins to invite one Extra player to participate.\n^{1}^{2}^{3}Tap to view the detailed Rules^{4}^{5}^{6}
10370000454	Jack says he knows a pest-control expert who can drive away the Rockers. What can you do?
10370000455	Jack's the one who hired you, isn't he? Don't worry, I already have a plan! Rockers love Whispering Flowers. We can use them to lure the Rockers out into the wild!
10370000456	You're a quick thinker, young man. All right, I'll trust you this once.
10370000457	Don't worry, we've got this! We'll go pick the flowers right now!
10370000458	Finished already? Young folks sure are quick on their feet. Come on, I'll take you to my house.
10370000459	This is my house. See if you can lure them into the woods to the south.
10370000460	^{1}PlayerName^{2}, You place the Whispering Flower. I'll build them a little stage at the destination. Once we lure them out, they'll need somewhere to settle down.
10370000461	Everything's just about ready. Now let's see if the Rockers take the bait.
10370000462	Well, I'll be... Those little rascals really came! Look how happily they're bouncing around!
10370000463	Now these old bones can finally get a good night's sleep! You're good kids. You're a hundred times more capable than that braggart Jack!
10370000464	I'll talk to my old friends too and tell them to stop helping Jack bully decent folks!
10370000465	As soon as you and Lemon approach, old Bob straightens his back and pretends to be diligently holding the spot.
10370000466	(Helplessly) Grandpa, why put yourself through this?
10370000467	(Stares at the ground, guilty but defiant) Enough! This old man... I just like standing here and breathing the fresh air! What, do you own this place?
10370000468	(Suddenly notices something) Grandpa, why are your pant legs all torn up? It looks like something's been biting them.
10370000469	You bet! It's a pack of those blasted white rats! Snow-white fur, bright red eyes—they look downright fancy, but act like a bunch of bandits!
10370000470	I don't know why, but they've made themselves at home in my yard and wreak havoc every day. Forget the pants—they've even gnawed a hole through the base of the wall!
10370000471	That kid—oh, Jack—said he could get the best mousetraps in town... as long as I keep sitting here for him for a few more days...
10370000472	Mousetraps? Those are so old-fashioned! Take us to the fields, and we'll take care of it right away!
10370000473	If you... if you really have a plan, old Bob here will get up and go right now! Sitting in this dump is killing my back!
10370000474	You got it, you got it! Let's go!
10370000475	This is the place. Look, they're still poking their heads out! They've got some nerve!
10370000476	Start Catching Rats
10370000477	(Tears streaming down his face) Incredible! Simply incredible! That Jack is all talk—he's been pulling the wool over my eyes! You two are the ones who actually get things done!
10370000478	Don't worry. I won't let Jack rope me into any more of his nonsense. I'll tell my old friends not to go, either.
10370000479	Hahaha! I may be getting on in years, but I'm an elder here. My word still carries some weight.
10370000480	Great! ^{1}PlayerName^{2}, it looks like our plan to Win them over one by one is Active. Let's go tell everyone the good news!
10370000481	J-Just you wait! You have no idea who you're messing with! I've got powerful friends!
10370000482	"Oh? You mean Elder Bob? We've already ""bought him off""!"
10370000483	What?! You got me! But this isn't over! You can have this turf—I'll find somewhere else!
10370000484	(Shouting) Everyone heard that, right? Step up patrols for the time being. Don't give this guy a chance to cause trouble!
10370000485	Understood. I'll send out patrols to drive off any troublemakers who threaten the village's peace.
10370000486	Your timing is perfect. Jack just got a sound thrashing from ^{1}PlayerName^{2}!
10370000487	(His face turns purple) Y-you... Remember this!
10370000488	You came at just the right time! I've got a fresh batch of treasures, still hot off the forge!
10370000489	Take a gander at this 【Iron-Slicing Sword】! Look at that grain! Hear that ring!
10370000490	(Flicks the blade with a finger, making it ring with a crisp hum) Forged from fine southern steel and personally quenched by the apprentice of a distant cousin of a dwarven Moonlit Challenger! One swing turns a Poring into sashimi and a Dummy into a toothpick!
10370000491	I like you, so I'll give you an honest price! I'd charge anyone else @{1} Copper Coins for this sword, but if you're serious, it's yours for @{2}!
10370000492	What do you say, Adventurer? This is a rare opportunity—how about buying one?
10370000493	A distant cousin's apprentice?
10370000494	How about @{1} copper coins?
10370000495	I'm not interested.
10370000496	Ahem... well... great teachers produce great students! This craftsmanship was passed down by a true master! Just look at the workmanship, the attention to detail—it's absolutely Moonlit Challenger caliber!
10370000497	(Clutches chest) You drive a harder bargain than this sword's edge! That wouldn't even cover the cost!
10370000498	Ah, brave adventurer! A moment, please! I couldn't help but notice your keen eye as you surveyed the market—and the tremendous potential within you! Those are not the eyes of someone destined for mediocrity!
10370000499	Look at these plodding masses! They're content with an ordinary steel sword and a cheap potion! But not you! I can tell by your stride that you yearn to rise above the ordinary!
10370000500	Tell me, have you ever gazed up at the stars and wondered how you could finally live up to your gifts and truly... live?
10370000501	(Leans in slightly and lowers their voice) The Adventurers' Guild is looking for exceptional people just like you! We're not offering you a mere job, but the ultimate opportunity to rewrite your destiny and rise to the top!
10370000502	Don't just take my word for it—please accept this invitation. We're hosting an exclusive welcome gala at the most luxurious venue in town, the 【Oak Tavern】! There'll be endless gourmet food and fine wine, not to mention countless elite Members who've already achieved the life of their dreams!
10370000503	Give me one evening, and I'll prove that everything you've worked for has merely been preparing you to join us! What do you say? Will you give yourself a chance to reach out and touch the future?
10370000504	Turn and Leave
10370000505	Accept the Invitation
10370000506	Now that's character! I admire your candor! But believe me, a promise from Jax carries more weight than adamantine! Come see for yourself, and you'll know I speak the truth!
10370000507	(Overjoyed) Wise! Incomparably wise! Come with me—our future begins with this dinner!
10370000508	(Wiping away tears) Ever since my husband joined his guild, he hardly ever comes home. The last time I saw him was three months ago...
10370000509	The last time my son came home to get some clothes, his eyes were bloodshot, and he could barely stay awake on his feet! He called it “voluntary extra training,” but I say he’s been brainwashed!
10370000510	Dear families! Please understand! This is all for a happier future! They're all willingly striving for their dreams! This brief separation will lead to a joyous reunion!
10370000511	Come with me, everyone! Once you see them hard at work, you'll understand just how happy they are!
10370000512	John, the last time you came home was three months ago. You ate, said you'd wash the dishes later, then rushed off for an “emergency assembly.” I've been waiting for you to wash them ever since.
10370000513	Ah! Now I remember! Don't worry, honey. Once we defeat the Giant Kun, we can use His Majesty's reward to buy a set of solid-gold dinnerware!
10370000514	Oh? Should I learn a “turn stone into gold” spell first, so the two of us don't starve into statues before those solid-gold plates ever show up?
10370000515	(Staring blankly) Last night, I dreamed I was fighting monsters... I was even more efficient than during the day... If only it were real.
10370000516	Come on, child. Let's go home. You need a good night's sleep.
10370000517	I thought I saw my mother. She should be in the Mjolnir Mountains. I must be dreaming again...
10370000518	New here? I've got a 【Hardcore Grinder's Secret Elixir】 that'll keep you sharp and alert, even if it burns through your Life. It works like a charm—I use it myself! You look like a good sort, so I'll charge you just 8 tenths of the regular price!
10370000519	(Hands on hips) Burning through your Life? I keep you well-fed and comfortable, and you're here burning through your Life?
10370000520	H-Honey, it's just a figure of speech! It's all to make money, to make money...
10370000521	Well? Aren't our Members fired up? Now make your choice! Will you join us and build the future together? Or... settle for mediocrity among those who cannot comprehend our lofty ideals?
10370000522	Reject
10370000523	Join
10370000524	Heh, to each their own. What a shame. Please accept this small gift as a Thank You for your help earlier. May life always be so... “easy” for you.
10370000525	Excellent—a wise choice! Welcome to the Fighters' Guild. Here's your signing bonus!
10370000526	Hello! What can I get for you?
10370000527	One sandwich, please.
10370000528	All set—I've packed it up for you. Thanks for your business!
10370000529	Ah, a sandwich! Thank you so much! I can't get delivery out here, and I'm practically starving.
10370000530	I called you all the way out here to show you this! My masterpiece—the 【Pseudogyne Pheromone】! One spritz, and the Giant Ants will treat you like their queen!
10370000531	Well, well. Looks like someone's already forgotten the time the ants carried you off like a takeout order??
10370000532	C-Captain! That was valuable field data, and this time, I have a flawless product of science. Emotions lead to mistakes, but science never does.
10370000533	All right, great scientist. Should I send a team of Adventurers with you so you don't get carried off again?
10370000534	N-No need to trouble yourself. This reliable warrior here is all I need to assist with the test...
10370000535	Fine. You two stay safe. But Professor, if anything goes wrong again, the Order may have to... temporarily take charge of your personal freedom.
10370000536	It a-absolutely won't! I'm confident there won't be any problems this time.
10370000537	That's good. Hey, ^{1}PlayerName^{2}, I'm leaving this remarkable Professor in your care. Don't let him get too carried away.
10370000538	^{1}PlayerName^{2}, here—take my precious [Pseudo-Queen Pheromone]. Don't drop it! Just sprinkle it on You.
10370000539	It's a resounding success! It's so docile around you—far beyond my expectations. This proves the bond created by the pheromone is stable and emotionally grounded. I imagine riding it will go smoothly too...
10370000540	Captain Aikuni, do you see this? Such a gentle temperament! Such a powerful physique! This will be a revolutionary innovation! Giant ants could become stronger, more Excellent mounts than Peco Pecos. And according to my research, their adaptability to difficult terrain is also Excellent.
10370000541	Professor, the most important quality in a proper mount is reliability. My Peco Peco won't suddenly throw its rider off or... ahem, develop any unnecessary [Romantic Feelings]. Safety first, right?
10370000542	...That's prejudice! A conservative attitude toward unknown technology! My giant ant's pheromones have been calibrated, and its stability has been calculated. Your Peco Peco is the one that's... a featherbrain!
10370000543	"Oh? A featherbrain, maybe, but at least it won't turn your research into another rescue mission. So you think your ""calculations"" can beat the reliability Peco Pecos have proven over thousands of years?"
10370000544	O-Of course! Science is about constantly challenging and surpassing tradition.
10370000545	Talk is cheap. As it happens, I know an abandoned Peco Peco racetrack. How about a race between your giant ant and my Peco Peco? Let the results speak for themselves. Unless... you're afraid?
10370000546	You're on! My research will never lose to some bird! PlayerName, let's head to the racetrack.
10370000547	Hahaha! All right. Let me know when you're ready.
10370000548	Well? Ready to face my Peco Peco?
10370000549	Not Yet
10370000550	Sigh... The specimen is gone, and I didn't even finish recording the valuable field data. But! This incident proves there's one crucial area where my theory can be improved—
10370000551	Pheromone stability is positively correlated with the host's physiological state. The adrenaline or some other metabolic byproduct produced during the race must have interfered with normal pheromone receptor binding. This wasn't a failure—it eliminated one major false lead!
10370000552	Professor, are you saying you plan to continue your research? That thing nearly ate all three of us!
10370000553	Every great innovation comes with risks. Juno's first airship didn't get far on its maiden flight either. I need to adjust the formula's concentration and application method—not abandon the entire field of research.
10370000554	"All right, I get it. Stopping you from doing research is harder than making an ant obey. But Professor, we're setting some ground rules. Before your next experiment, you must submit an ""Extremely Detailed Safety Plan"" to me."
10370000555	The caravan was attacked again? By Baphomet? Peace has been hard to come by in that area lately. Professor, did you have more important equipment shipped here?
10370000556	Wh-What?! W-Where did you say? The Black Forest?! Baphomet?! No, no, no! This is a disaster!
10370000557	Is it that important? If necessary, we can find a way to get you another one. I have some connections in Juno—
10370000558	It's not equipment! It's alive! There's something alive in that crate!
10370000559	What? Alive?
10370000560	"Professor, be clear. What do you mean by ""alive""? What kind of creature did you ship? Don't tell me you've violated the kingdom's safety regulations again!"
10370000561	It's [Little Bean]! An old classmate of mine in Juno could no longer care for the kitten, so they entrusted [Little Bean] to me. I-If Glenn finds out I lost Little Bean, he'll never speak to me again...
10370000562	So it's a pet cat. Professor, what were you thinking? Why didn't you transport it by airship?
10370000563	I heard animals sometimes suffocate in airship cargo holds, so I specifically hired a company that transports animals overland... What do I do? What am I going to do?!
10370000564	Enough! This is no time to panic. We need to head to the scene immediately and find that cat before Baphomet—or anything else—can hurt it.
10370000565	^{1}PlayerName^{2}, the situation has changed. This is no longer a simple search for cargo. We have to act. Let's leave immediately.
10370000566	Hello! Are you the reliable Adventurer Captain Aikuni mentioned? It's a pleasure to meet you. You're here about the bounty notice, correct?
10370000567	To be honest, this case has us stumped. There have been three thefts in the city recently, but the victims and stolen items are completely different. We can barely find anything they have in common.
10370000568	The first victim was Blacksmith Hollgrehenn. He lost a fine sword. The second was Nita, a young woman who lives on the west side of the city. She lost a piece of jewelry. The third was a Mage from Geffen who reportedly had a very important spellbook stolen.
10370000569	We didn't uncover much in the way of a Clue during our interviews... You should visit them yourself. You may Discover some detail in their accounts that we overlooked.
10370000570	Hey! A new face! Are you an Adventurer looking to refine your gear? Then Hollgrehenn's your man! Bring me good materials, and I'll hammer your gear as high as you dare!
10370000571	About the Bounty Notice
10370000572	Oh, that. Yeah, I lost a fine weapon. A longtime customer left it with me to Enchant. Sigh... I really let them down after they placed their trust in me.
10370000573	Describe What Happened
10370000574	Honestly, I don't remember how it vanished. The shop was packed that day, and I was running all over the place. I left the weapon on that rack, turned away for a moment, and it was gone. Who did it? What did they look like? I don't remember a thing.
10370000575	Recall Anything Unusual
10370000576	Something unusual? Now that you mention it... Heh, there was one thing. Just before closing, a particularly... uh... passionate lady came into the shop. And the way she was dressed... Whew! She was like a blazing flame!
10370000577	What Did the Lady Do?
10370000578	She didn't really do anything. She just watched me smithing for quite a while. Then she came over, leaned in real close, and said I looked so strong and manly while working the forge...
10370000579	I'd never heard anything like that before! My heart was pounding, and my head got all fuzzy. She complimented me a few times, then left with a smile without buying anything. It still makes me happy just thinking about it! Haha!
10370000580	But happy as it made me, the weapon is still missing. Sigh... I wish I could be more help. You don't think that beautiful lady took it, do you? She didn't look like a bad person.
10370000581	Welcome! Would you like a bouquet for someone special? The birds of paradise look especially vibrant today!
10370000582	Oh, you mean my gold ring... It was the most precious thing my mother left me. I always took such good care of it. I truly don't understand how it could have disappeared.
10370000583	That day... I was tending the flowers and helping customers, just like always. I kept the ring on my finger, but I never noticed when it disappeared. It was as if it just... vanished without me realizing.
10370000584	Something unusual? Now that you ask... Yes, there was! I think I had... a fateful encounter!
10370000585	An Encounter?
10370000586	That evening, just as I was about to close the shop, a gentleman passed by. His clothes were a little worn, and he looked exhausted, but... he was so handsome! He had this melancholy air, like a noble knight fallen on hard times in a story!
10370000587	He shyly asked if I had anything to eat because he was so hungry he could barely walk. Oh my, can you imagine? It was exactly like something out of a novel!
10370000588	What do I do after that?
10370000589	I happened to have a ham sandwich for my dinner, so I gave it to him. He ate it so elegantly, then gave me a solemn Thank You and said my kindness had brightened his dreary day. Just thinking about it makes me so happy!
10370000590	But... my ring disappeared after that. Maybe I dropped it somewhere by accident? That prince-like gentleman couldn't possibly have taken it, could he? No, of course not!
10370000591	...It makes no sense! Absolutely none! The protective barrier wasn't triggered, and the seal on the chest is completely intact. How could the book simply vanish? This violates the third, fifth, and seventh of the Twelve Fundamental Laws of Protective Magic!
10370000592	Are you the investigator? Thank goodness! Please, you must help me recover the missing book. It's no ordinary spellbook—the knowledge it contains is extremely dangerous. If misused, the consequences could be catastrophic! I must take it back to Geffen Tower and seal it away.
10370000593	How did the book go missing?
10370000594	I... I don't know. I checked countless times. It was in my lockbox, and I even confirmed it was there after arriving in Prontera. But before I was ready to leave for Geffen, it vanished. There were no signs of forced entry whatsoever.
10370000595	Anything unusual? Everything went according to protocol. If I had to name something that disrupted my carefully planned itinerary... Hmm... there was one insignificant little incident.
10370000596	What was it?
10370000597	On my way to the Guild, I spotted a creature in an alley. It was a... uh... Siamese cat. Strictly speaking, these cats are only found in the faraway East. They're extremely rare! Its figure was quite... Ahem! Anyway, it was sunning itself and looked very docile.
10370000598	And then?
10370000599	I... I looked around and made sure I wasn't violating the Geffen Code of Public Conduct... Then, out of basic concern for a living creature, I crouched down... and patted it on the head.
10370000600	Its purring... According to current research, it has a soothing effect on the nerves... But that has absolutely nothing to do with the theft! It was merely a brief, perfectly reasonable Interaction.
10370000601	Right, there couldn't possibly be a connection! Are you accusing an innocent little kitten purring in the sun of being a thief? Absurd! This must be the work of some sophisticated spatial magic yet unknown to us!
10370000602	Help... Help me... Water... Just one sip... The desert... shows no mercy to the careless...
10370000603	Hey, my friend! You're back! Judging by the look on your face, do you have good news for me?
10370000604	Return the Sword
10370000605	Wonderful, that's really it! Thank You so much—you've done both me and one of my longtime customers a huge favor!
10370000606	Come on, tell me—who was it? How did they pull off something so skillful? I still can't figure out how they did it.
10370000607	Sultry Beauty
10370000608	Unknown Thief
10370000609	Wh... what? It was... her? But how...? She sounded so sincere when she praised my smithing... Could it be... was all that just so she could steal from me? Ugh, this hurts worse than failing a +@{1} refinement...
10370000610	"Oh! I get it now! It's one of those ""can't say too much"" situations, right? Like with certain high-level commissions."
10370000611	Anyway, getting the weapon back is wonderful news! I, Hollgrehenn, won't forget what you've done. Next time you need equipment refined, I'll give you a discount!
10370000612	Oh, it's you! What kind of flowers do you need today? ...Hmm? Judging by your expression, is something important going on?
10370000613	Return the Ring
10370000614	Oh my gosh! It's my ring! The ring my mother left me! Thank goodness! I really, truly can't thank you enough!
10370000615	Um... if you don't mind, could you tell me who took it? I'm really curious.
10370000616	Down-on-His-Luck Hunk
10370000617	…Huh? That… prince-like gentleman? Th-That can't be…
10370000618	So... when he said he was starving... and all those words of gratitude... was it all just... just so he could steal Mom's ring? So... there was never any fateful encounter at all...
10370000619	I understand! You must be trying to protect someone, right? Just like in the knightly tales~
10370000620	"It's okay. Getting the ring back is the best ending I could have hoped for. Thank you for helping me complete this ""mission."" From now on, whenever you buy flowers from me, I'll always give you twenty percent off~"
10370000621	Investigator! You're back! That look on your face... Could it be...?
10370000622	Return the Spellbook
10370000623	Odin be praised, the seal is completely intact... Thank You! You prevented what could have been an academic catastrophe!
10370000624	Protocol requires me to ask: Have you identified the thief? This is crucial to improving our security measures going forward.
10370000625	That little cat.
10370000626	Wh... what? You're accusing that... that Siamese cat with pupils as clear as amber?!
10370000627	No, that's impossible! It completely contradicts the fundamental principles of Non-Sapient Creature Behavior! It was so docile, and spectral analysis of its purring showed that it was completely relaxed! Could... could all of this have been some kind of higher-dimensional mimicry disguise?!
10370000628	I see. When dealing with a thief of this caliber, their very identity is classified information that must remain sealed. I understand why you need to keep it confidential.
10370000629	In any case, you've recovered the forbidden tome and made an invaluable contribution to the stability of the academic community. Please accept my gratitude. From now on, I'll give your research into magical items priority support.
10370000630	Hey, wait! Prontera is holding a festival soon, and coordinating all the supplies is driving me crazy. I've got a list of errands here. Could you take care of them for me?
10370000631	First, find Antonio for me. He promised to bring the festival banner back from Morroc, but there's still no sign of him. And while you're at it—
10370000632	Monsters are overrunning Sograt Desert. Help me take some of them out first.
10370000633	The banner? According to regulations, I handed it over to the Merchants' Guild for delivery 3 days ago. But the caravan leader said they ran into monsters and got stranded along the way. I was just about to head there Myself.
10370000634	Since you're here, how about taking care of them for me?
10370000635	Oh...that. The Fireworks are finished. But Yesterday, I suddenly decided the Normal gold was too boring, so I stayed up all night changing them to a 7-color gradient with sparkling trails.
10370000636	The Effect will be spectacular! There's just one tiny problem—
10370000637	The fuse is a little short, so you have to run the moment it's lit. Remind whoever lights the Fireworks to be quick on their feet. Or maybe You could first help me find a way to lengthen the fuse?
10370000638	The signal tower? Oh! That! Theoretically, I finished calibrating it last week.
10370000639	I also added a Ranged communication Function while I was at it. The signal can reach all the way to Izlude Island! There's just one little bug—the messages it sends get translated into cat language.
10370000640	Don't worry. I'm fixing it.
10370000641	According to the records, the 7th revised edition of the Festival Procedure Manual...does need an update. An accident forced a last-minute change to the schedule last year, but no one told me. So I wrote a correct version Myself, only to be told it was too long.
10370000642	I've prepared a [Complete Version] archive and a [Condensed Version] for the host. Remember, don't lose them again.
10370000643	According to the records, monster populations rise abnormally before and after the festival. I suspect the festive atmosphere excites them. Take out 10 before You leave, and I'll add that to next year's manual.
10370000644	It's settled! The Swordsman team's month of Lineup practice won't go to waste. The Mage team will use Ice Fog for special Effects, and the Acolyte team will offer Blessings along the route—the Archer team wanted to shoot apples with their Bows, but I put a stop to that.
10370000645	There are 48 people in all. Here's the list. Could the Kids walk at the front of the procession? They're so excited that if they walk in the back, they'll step on everyone else's Cloaks.
10370000646	Honestly, every festival in Prontera is chaotic, but seeing everyone—including an Adventurer like You—pitch in makes me realize what a wonderful city this is.
10370000647	Here's your reward. Don't forget to come to the festival. Seth's Fireworks may have short fuses, but they'll definitely be beautiful!
10370000648	Huh? You felt it too? The flow of Elements in Geffen has definitely seemed strange Recent.
10370000649	Ask the Item Merchant what's going on. He works with gathered Materials year-round, so he should know more about the monsters' movements than I do.
10370000650	You're just in time! The concentration of Poison Mushroom spores has more than doubled, and over half the medicinal herbs I've collected are ruined.
10370000651	Miss Smile was also complaining a few days ago. She said monsters keep intercepting the Jellopy she uses to make masks. Could You ask her about it while you're there?
10370000652	Oh my, Adventurer, your expression looks even more tense than usual. I'm not short on Materials, but the Foreign Merchant across the street said a while back that he had an ancient Stone that could calm monsters.
10370000653	But he already returned to the Morroc Ruins. Head there. The sandstorms are fierce, but the Clue should still be there.
10370000654	Oh, that Stone? I did acquire it, but I already passed it on to Baisulist. He said it was connected to an ancient seal in Geffen Tower.
10370000655	But You need to hurry. I've seen more aggressive monsters over the past few months than I did in the previous 3 years combined. That's No good sign.
10370000656	So You're the Adventurer Miss Smile mentioned. This ancient Stone is indeed a fragment of the seal. The weakening seal is what caused the monsters to become agitated.
10370000657	Aorufeng is guarding the formation at the top of the tower. Take the fragment to him. He knows how to fit it back into the base.
10370000658	You're finally here. Once this fragment is back in place, the magical field beneath the tower will become stable again.
10370000659	You've worked hard traveling from Geffen to Morroc and all the way back. Geffen owes You one, Adventurer.
10370000660	Are You here to help that Young Man from Geffen? He spent ages browsing my shop a few days ago, but eventually said he couldn't afford anything and left looking dejected.
10370000661	Tell You what—I'll prepare a gift for You first. But monsters have been appearing along the delivery route Recent, so clear them out before they trample the gift box.
10370000662	Well, this is a surprise. That gift box You're holding needs a proper decorative case, right? I can make one, but I'll need the fragrant wood that only grows around the roots of ancient trees.
10370000663	Ask the Pet Merchant. His little Porings run around the forest all day, so he should know which trees have good wood beneath them.
10370000664	I'll take care of the lumber! But first, you'll have to drive away those wolves Nearby. Me Porings have been too scared to leave their cages for two days.
10370000665	These little ones are timid enough already. If you don't help, I'll never get them to tell me where the spicewood is.
10370000666	I hear you're helping someone prepare a gift. Here, take this dry-cured ham too. When you're out adventuring, nothing's more reassuring than having some meat in your pocket.
10370000667	Come to think of it, haven't the monsters seemed unusually restless lately? The Monsterologist has been collecting samples. Go have a word with him—he's in the little cabin by the tower.
10370000668	I can tell from your Battle scars. Recent monster attacks have increased in both frequency and range, perfectly in sync with the tower's magical fluctuations.
10370000669	But enough about that. The Young Man asked me to tell you that if everything's Ready, he'll be waiting by the fountain. Don't keep him waiting too long.
10370000670	Not a single thing is missing. From Prontera to Geffen, from the gift to the spicewood and ham... You really helped me gather every last thing.
10370000671	She'll love it. If you ever need anything, just come find me here by the fountain. My name is Reia. Remember it.
10370000672	The appearance of the Sky Rift heralds the arrival of a new world. That unknown land holds immense energy, and the magical power of Arcane Crystals may be the key to defending ourselves against the unknown. If we all work together to gather Arcane Crystals, we may be able to withstand the power that is about to descend upon us.
10370000673	Open Shop
10370000674	Donate Crystals
10370000675	Exit
10370000676	Donate all ^{1}${1}^{2} Magic Crystals? You will receive ^{3}${2}^{4} Donor Badges.
10370000677	Confirm
10370000678	Oh, Crystal donations require the support of a guild... Go find some like-minded adventurers!
10370000679	Leave
10370000680	You don't have any Magic Crystals yet. Come back when you've collected some.
10370000681	This is a test dialogue for a Season quest. This is the first line of the first quest. Ahahahaha!
10370000682	This is a test dialogue for a Season quest. This is the second line of the first quest. Ahahahaha!
10370000683	This is a test dialogue for a Season quest. This is the first line of the second quest. Ahahahaha!
10370000684	This is test dialogue for a Season quest. This is the second line of the second quest. Ahahahaha!
10370000685	This is test dialogue for a Season quest. This is the first line of the third quest. Ahahahaha!
10370000686	This is test dialogue for a Season quest. This is the second line of the third quest. Ahahahaha!
10370000687	This is a test dialogue for a Season quest. This is the first line of the fourth quest. Ahahahaha!
10370000688	This is test dialogue for a Season quest. This is the second line of the fourth quest. Ahahahaha!
10370000689	Dracula's escape portal...
10370000690	Enter the Lair
10370000691	Welcome! The Kafra Corporation is always here to provide you with the finest service.\nHow may we assist you?
10370000692	Teleport Service
10370000693	Enter Realm Map
10370000694	Are you sure you want to teleport to ${1}? It will cost ${2}!
10370000695	Take me there.
10370000696	Do you want to leave the Realm Law Sandbox?
10370000697	I want to leave.
10370000698	Turn in supplies to earn guild rewards!
10370000699	I want to turn in supplies.
10370000700	Did you finish today's task? You can claim your reward!
10370000701	Congratulations on completing the task! Here's your reward!
10370000702	Welcome! I'm a voting campaign representative sent to Prontera by Kafra Headquarters. How may I help you?
10370000703	This is Prontera, capital of the Rune-Midgarts Kingdom. Welcome! Would you like an introduction?
10370000704	Enter Festival Invitation
10370000705	Hello! I'm a voting campaign representative sent here by the Zonda Planning Agency. How may I help you?
10370000706	We have the finest flowers in Prontera! Adventurer, why not buy a bouquet?
10370000707	Bring a gift to someone you love!
10370000708	What item are you looking for? I've got everything!
10370000709	Somewhere in this land, a tremendous power is beginning to reveal itself in subtle ways...
10370000710	Can you feel it? Something incredible and unpredictable is happening...
10370000711	Oh, come on! Where could they all be hiding?
10370000712	Our valiant knights will sweep away every villain who threatens the kingdom's peace!
10370000713	I heard there's a bard near the city gate who can't sing. Have you seen him?
10370000714	They say you can make lots of friends in a guild. Could such a wonderful place really exist?
10370000715	Dumby's Request ${1}/${2}
10370000716	It's so cool beneath the fountain, don't you think?
10370000717	I'm so bored. Hmm... Times like these call for a song. Hmm...
10370000718	The weather was lovely during my vacation, so my family and I went on a picnic in the forest. Then we ran into an enormous swarm of bees.
10370000719	Did you know? Creamy larvae are called Fabres, and when a Fabre forms a cocoon, it becomes a Pupa. Although their forms differ, they're actually the same species of Insect. They can even survive in the desert, or so I've heard.
10370000720	The Prontera Chivalry regularly hunts monsters. It keeps their skills sharp and the city safe—two birds with one stone.
10370000721	Keep at it! The future of Prontera rests on our shoulders!
10370000722	Every day feels so rewarding... Joining the Chivalry was definitely the right choice! Hahaha!
10370000723	Aster of the Wind sings for no one.
10370000724	A bard who sings only for himself.
10370000725	I won't sing for you. Go away.
10370000726	Odin is the god we serve. He is known as both the God of War and the God of Children. He would even sacrifice one of his own eyes for his children.
10370000727	I hear the bronze statue in that fountain was sculpted in his likeness.
10370000728	Welcome to the Oak Inn. How may I help you?
10370000729	Oh... Are you out for a walk too? This is a rather strange place for a stroll...
10370000730	Hee-hee~ More and more people are showing up!
10370000731	Our library carefully classifies monsters from every corner of the Rune-Midgarts Kingdom. We house essential reading for every Adventurer, so please feel free to browse.
10370000732	Would you like to trade headbands with me?
10370000733	There are so many Adventurers here! I guess that's to be expected in a kingdom's capital!
10370000734	Hello! Are you here to trade for a Smiling Mask?
10370000735	Every weapon here is certified by the assessment board for its respective class. Shop with confidence!
10370000736	Our meat is fresh and affordable. You can't go wrong!
10370000737	This fruit comes straight from our orchard. If it isn't delicious, it's free! Come try some!
10370000738	We're looking for curious and courageous Adventurers. Brave souls, come take on the challenge!
10370000739	I'm looking for warriors who will stand with me through life and death! If you have both brains and brawn, hesitate no longer—join me!
10370000740	As long as we possess the brilliant Metal that guides our destiny, the gods will never abandon us!
10370000741	No talking during training!
10370000742	Hah! Hah! Hyah!\nWhew... I'm feeling a little more confident now. Long live the Prontera Chivalry!
10370000743	This is Geffen, the City of Magic. Welcome! Would you like an introduction?
10370000744	You can mix and match different outfits in the Wardrobe~
10370000745	Hello! I'm Nia, the fifth disciple of the Demon Lord, who creates fun games and brings joy to everyone.
10370000746	Hey~! Hello, human! I'm Meow-Mew! Wahaha~
10370000747	I hear that if you travel south from Geffen, you'll reach a vast forest inhabited by monsters called Orcs.
10370000748	Some say they have their own language and culture, just like humans.
10370000749	When's a good time for a drink~?\nOn the days of earth, sun, and moon~?
10370000750	Which day is best for drinking?\nWhy do I only get to drink one day?
10370000751	Tell me which day you drink~\nAnd I'll tell you which day I drink~.
10370000752	I've heard of a Magic Staff that converts its wielder's mental energy into physical force, increasing its destructive power.
10370000753	With a Magic Staff, even someone who isn't naturally strong can convert mental energy into tremendous physical power.
10370000754	On a beautiful day like this, I'd love to pack my bag and head deep into the mountains to gather rare and interesting items.
10370000755	Do you believe in the miracles of Hacha? If you do, repeat this spell after me! Hachabra, Hachabra, Hachabra~~!!
10370000756	What beautiful weather! It's a perfect day for refining!
10370000757	The road of adventure is long, so fill your belly before you set out!
10370000758	Past events will never return. Even the greatest magic cannot change that—as we speak, time continues to flow.
10370000759	In Al De Baran, there is a skilled weaponsmith who lives with his four sons.
10370000760	But while developing a new weapon, all four of his sons tragically lost their lives. He alone survived.
10370000761	You can use an incubator to hatch an adorable pet. Want to try?
10370000762	Hmm... I need to put the song...
10370000763	An ancient tome on magic once mentioned that Legend says the Yggdrasil Leaf, seeds, and fruit that shaped this world are closely connected to all Life in creation...
10370000764	Why am I not the most Excellent Sage you've ever seen?
10370000765	If you have no business with me, please get out of my sight!
10370000766	Because I need to think, and I don't want to be disturbed by someone with nothing better to do.
10370000767	Greetings. I'm a scholar who travels the world studying monster ecology. Would you help me collect some items essential to my research?
10370000768	My name is Zenji, and I like origami.
10370000769	"Yesterday, I folded a huge boat for Mom. She said, ""Thank You,"" and patted me on the head!"
10370000770	I hear the Hornets living on the plains spend their entire lives gathering Honey under the Mistress's orders.
10370000771	They say that Honey isn't just sweet and delicious—it's also highly nutritious and sells for a hefty price.
10370000772	Honestly, Alberta is so far away. It's such a pain that I can't pick up the items I ordered...
10370000773	When will my 【Feel-Good Arc Wand】 finally arrive...?
10370000774	Heh heh heh! At last, I Discover the truth! Magic that makes mushrooms grow on your head is truly terrifying!
10370000775	Having mushrooms growing on your head makes everyday life terribly inconvenient, so you have to pull them out and turn them into hair ties!
10370000776	Did you need something? If not, I'll be on my way...
10370000777	Swordsmen don't need any other skills—just one punch! Bash! Bash! Bash! That's all it takes!
10370000778	If you're a Swordsman, make good use of Magnum Break! Bash is merely a stepping stone on the path to mastering Magnum Break!
10370000779	Let's run away~ Just the two of us, leaving everything behind~ Beneath Java's blue skies and starry nights~
10370000780	To celebrate our @{1}th wedding anniversary, we've decided to return to Java, where we spent our honeymoon!
10370000781	When you miss your beloved, you have to shout like this!
10370000782	I miss you!!
10370000783	Then my darling will drop everything and come running straight to me, right?
10370000784	When I call him, of course he has to come~ Darling, I love you!
10370000785	Darling, I love you!
10370000786	Hello! I'm an Alchemist, a class that Merchants can reach through Job Advance.
10370000787	I'm making potions. A quiet place really does feel like it improves the chances of success.
10370000788	Now that I'm in Izlude, I've got a good feeling about this. Heh... Appear!
10370000789	We couldn't have a child for many years, but ten years ago, we were unexpectedly blessed with a son in our old age.
10370000790	I want to cherish my precious son, but my wife says we need to discipline him strictly.
10370000791	I'm worried that if this continues, my only son will go astray.
10370000792	I suppose every parent worries about this, don't they?
10370000793	Dear~
10370000794	What's wrong?
10370000795	Have you seen our little Jugem bouncing around and playing?
10370000796	No, I haven't.
10370000797	Where has that boy run off to now? He can't even stay home for a single hour!
10370000798	Huh? What's going on? Where am I?
10370000799	Are you in love with someone?
10370000800	Safe travels, and return victorious!
10370000801	Drink plenty of Milk if you want to grow tall!
10370000802	Meow, these shrimp are delicious! What are you staring at? The fact that I can eat so many just proves how fresh they are!
10370000803	That young man sitting over there... He's been staring at the refining machine for hours. It looks like he's lost all his weapons and only has a small knife left?
10370000804	Shh! Keep it down! I'm concentrating on refining an item.
10370000805	What's refining?
10370000806	Good luck!
10370000807	Refining can Enhance items. Weapons in particular gain ATK, so a successful refinement can be a tremendous help.
10370000808	Appear! Please, hurry up and appear!
10370000809	Welcome to Izlude Island, a satellite city. Would you like an introduction?
10370000810	I gave it everything I had.
10370000811	Shilude will return safely, won't they?
10370000812	Uh... Hello, adventurer. I'm so exhausted I can't even move...
10370000813	I'm exhausted after working for a while...
10370000814	But it's all worth it for Shilude...
10370000815	I like it here. Now leave—this is no place for you.
10370000816	Thank You for flying with Valkyrie Air. Would you like to board an airship?
10370000817	At the entrance to Southeast Payon, there's a bridge connecting the desert and the forest. You can see every kind of Poring there—it's an absolutely adorable place.
10370000818	Welcome to Izlude Island! Izlude is a satellite city of the capital, Prontera. We not only train Swordsmen, but also patrol the seas, making this a very important city.
10370000819	Long ago, serious criminals were sentenced to death. The enchanted sword used for their executions was called the Executioner.
10370000820	This arena gives young people from across the kingdom a chance to test their skills. It summons different monsters to duel you based on your level. So, would you like to take on the challenge?
10370000821	Heh heh heh~ Hm? Want to know why I'm so happy?
10370000822	Ahh... It's hard to find work these days. I'm sure you know that, right?
10370000823	You can make a tidy profit by hunting monsters and selling their loot to merchants!
10370000824	Humans look so strange. Are they... giant hairless cats?
10370000825	Ahem! Izlude Island is responsible for protecting not only the land, but the vast seas as well! Our large telescope lets us watch the distant waters so we can be Ready for any crisis.
10370000826	You've always got to be prepared!
10370000827	The Royal Criatura Academy was founded to help the many young people taking their first steps\ninto this world.
10370000828	I'm just a low-ranking employee who does odd jobs, but seeing our graduates stride confidently into the world always makes me happy.
10370000829	Rrrr... Hrrrnnn...
10370000830	Welcome to Morroc, the Desert City! Would you like me to tell you about it?
10370000831	What are you looking at? I'm furious, so leave me alone!
10370000832	Hee hee... Hic! You're from out of town, aren't you? Since fate brought us together, I'll let you in on something I happened to overhear while having a drink at the tavern~
10370000833	Demon King Morroc has apparently returned through a Revive, emerging from a rift in time and space... Hic...
10370000834	It looks like a jumbled pile of junk.
10370000835	What are you looking at? Huh? Is my name funny?
10370000836	Ha! You don't know anything! It's a stage name—a stage name! It means a Thief who leaves no tracks in the sand. What a cool stage name!
10370000837	Pfft. Life, money... What a filthy world!
10370000838	Sheesh... Ptooey... What are you looking at?!
10370000839	Have you heard the Story of the Curse on the @{1} types of gems?
10370000840	I heard that the Diamond of Ruin, one of those four gems, suddenly appeared recently...
10370000841	Phew~ It's so hot again today. Why does it have to be this hot?
10370000842	...When are the items I ordered finally going to arrive? I'm starting to get angry!
10370000843	The village is half destroyed, yet people are still coming here... That shouldn't affect the secret base much, right?
10370000844	Um... I was sent here... to work on... the reconstruction of Morroc.
10370000845	Meeting someone who has died is essentially impossible. Even if it were possible, their soul would probably have none of the memories they had while alive.
10370000846	If they experienced things that were familiar to them in life, could that possibly restore their memories?
10370000847	I've heard of an enchanted sword called Mysteltainn, made from an Orc's canine tooth harder than steel. Only a certain Blacksmith living\nin Prontera knows how to make it.
10370000848	Unfortunately, that Blacksmith has left Prontera, and no one knows where they went.
10370000849	Hello. Lovely weather, isn't it? Um... If you don't mind, may I tell you a little about myself?
10370000850	Morroc, the Desert City, has a charm all its own. The blazing sun and hot winds by day, the hills dyed red at sunset, and the freezing hours before dawn... These are all sources of pride for Morroc.
10370000851	But human greed knows no bounds.\nSo, besides these treasures of the desert, I also want to surround myself with things from elsewhere.
10370000852	I'm a traveler who loves journeying from country to country. It certainly is hot here.
10370000853	Welcome! You've come to the Stile family shop, renowned for making the 【Stop Sign Headgear】.
10370000854	Our family began making traffic signs long before horse-drawn carriages became the main form of transportation. We have been in business for two hundred and fifty years.
10370000855	Lately, we've received many custom orders for the 【Stop Sign Headgear】. Wearing one as an accessory is quite fashionable now.
10370000856	Oh... Oh... Waaaaah!
10370000857	That man is scary! Mommy! Help me find my mommy! Waaaaah!
10370000858	Even with sand and dust swirling through the air, I'd recognize you like the one shining star in the night sky.
10370000859	So don't worry. Not even the blazing sun or the terrifying desert sandstorms could stop me~
10370000860	I'd definitely recognize you... Go... Get out of here! Can't you see I'm busy?
10370000861	I'm searching for treasure. I heard someone with inside information lives north of Morroc Village.
10370000862	If it's already been dug up, there's nothing we can do. Still, we could ask around. Maybe we can dig up some other information.
10370000863	Just as every sunset brings a sunrise, Morroc's tireless nomads labor in the shadows to maintain the inexhaustible water supply that sustains Morroc.
10370000864	Heh. So many adventurers and travelers have been coming and going lately that I can't tell the villagers from the visitors anymore.
10370000865	Buy a ring for your sweetheart.
10370000866	You don't have a sweetheart? Then you can buy one for me!
10370000867	(Whispering) I sell some secret equipment here. Want to take a look?
10370000868	Magic mirror, tell me true: Who's the fairest of them all?
10370000869	Did you know? The Witherless Rose only grows in the desert.
10370000870	Bananas... Heh heh... Bananas for sale... Heh heh...
10370000871	Come one, come all! You'll need these items!
10370000872	A diamond is forever.
10370000873	Buying monster drops at top prices!
10370000874	I'm a professional gem appraiser, and I only sell the finest gems!
10370000875	Welcome to Payon, the Mountain City! Would you like me to tell you about it?
10370000876	There are so many trees and flowers here. They seem to fill me with strength.
10370000877	I'm Leavren, the technician in charge of Enhance services for weapons and armor. It's hard work, but also a lot of fun.
10370000878	Getting completely drunk every night is making my head hurt~ I could really use a bottle of pale yellow Potion~ Hic~
10370000879	Hello! Traveling through the forest to get here must've been rough. Monsters have been running rampant around Payon lately, so we don't get nearly as many visitors. It's such a shame.
10370000880	And now my friends and I have so much less to talk about. Honestly~
10370000881	Oh my, what a chatterbox! She'll talk a stranger's ear off without a second thought.
10370000882	Don't get the wrong idea. Not everyone in Payon is as talkative as she is.
10370000883	But I don't think we've met before, have we?
10370000884	There was once a time when people here struggled just to eat and survive.
10370000885	People couldn't even afford burials for the dead, so some bodies were secretly left in the caves.
10370000886	They say the bodies in the nearby caves couldn't pass on to the afterlife, so they still wander this world. Ahh, how terrifying...
10370000887	Ciphers are works of art! Do you know the thrill of unraveling every layer until the secret is finally revealed?
43000	My Power
43001	Recommended Power:
43002	Rewards
43003	Obtain Resources
43004	Go to Upgrade
43005	Too Weak
43006	Getting Better
43007	Achieved perfectly
43008	Peak Power
43009	Power Up
43010	Unlocks at Lv. ${1}
43011	Daily: ${1}/${2}
43012	Weekly: ${1}/${2}
43013	I Need Resources
43014	Locked
43015	Power Up
43016	Growth
43017	Growth Curriculum
43018	Growth Rewards
43019	Title Overview
43020	Overall Completion: ${1}
43021	Complete ${1} more tasks to advance
43022	Objectives Completed: ${1}/${2}
43023	Growth Curriculum
43024	Achieved
43025	Achieved
43026	Current Title
43027	Locked
43028	You have not yet reached ${1}. Advance further to view this.
43029	Currently Owned: ${1}
43030	Resource List
43031	All titles obtained
43032	Growth Class Title
43033	Advanced to ${1}!
43034	Advanced to the highest title
43035	Complete all objectives in the ${1} stage first
43036	Objectives Completed: ${1}
10370000925	Please be safe.
10370000926	Hm? You mean the cave in the mountain behind us? What's happening there has everyone worried.
10370000927	Welcome to the Producer's Lair! The Kafra Corporation is here to provide you with the finest service.
10370000928	If you have any questions about the shop, just ask me~
10370000929	So this is the Midgard Continent? It looks a little like my homeland.
10370000930	I'll definitely pass the Novice exam!
10370000931	D-don't come any closer... I'm a little seasick. Ugh...
10370000932	I really enjoy volunteering. Helping others gives my Life meaning.
10370000933	I've seen countless sights, but I still haven't found a place where I want to stay.
10370000934	People often suffer from heatstroke in the desert, so make sure you stay hydrated!
10370000935	Woof, woof woof!
10370000936	I will always pray to Lady Freyja.
10370000937	Meow, canned food is delicious~
10370000938	Hey, Adventurer! Good to see you again! How have you been?
10370000939	Come on, let's Dance together!
10370000940	Welcome! We just brewed a fresh pot of coffee today. You could smell it from the door, couldn't you?
10370000941	Ah, that's how it is with old houses. Fix one spot, and another crack appears right next to it.
10370000942	Meow~~
10370000943	We'll have to walk this street again this afternoon. We went too fast earlier, so I didn't get a good look.
10370000944	After walking all morning, she's finally willing to Sit down and take a break.
10370000945	I've wanted to rest for ages, but she said there was still one more street to explore...
10370000946	The old king has been missing for years. Isn't it time to choose a new successor?
10370000947	Whoa there, old friend. You can't go saying things like that in the street.
10370000948	(whispering) My money's on the prince of House Bart. That Young Man is quite ambitious.
10370000949	House Kavo Barlög still has the best chance, doesn't it? After all, the current ruler is...
10370000950	Young people run Outside the City every day now. No idea what they're after.
10370000951	Excitement, of course. They're young.
10370000952	When I was their age—
10370000953	You ran even faster than they do.
10370000954	...How did you know?
10370000955	Just a guess.
10370000956	Awooo~~
10370000957	Hey, don't touch me!
10370000958	Let's go, let's go! We'll set out at dawn~
10370000959	There's some travel food and an old map in the Backpack~
10370000960	The map was left behind by the last traveler~
10370000961	Some of the roads don't exist anymore~
10370000962	That's all right. You make your own path~
10370000963	Worn-out soles can be replaced, and a wrong turn can be corrected~
10370000964	And that water flask—remember to fill it before you leave~
10370000965	He's in amazing form today. Just listen to that high note—
10370000966	One more song. Just one, and then I'm really leaving.
10370000967	(yawning) We agreed to meet here. Why isn't she here yet?
10370000968	That's enough for today. We're low on Material, so be sensible.
10370000969	...Just one last time.
10370000970	That part really moved me.
10370000971	I'm not easily moved, but art is...
10370000972	Those who get it, get it.
10370000973	I failed the second time... but I know what went wrong.
10370000974	I can submit another evaluation Request in a month. A month is plenty of time to practice.
10370000975	I really have No idea what kind of people the Eden Group is looking for...
10370000976	I've been trying so hard!
10370000977	Come one, come all! See the finest show in Prontera! No admission fee—just a fateful encounter!
10370000978	If you feel a connection, toss me a coin. If not, you're welcome to stand and watch.
10370000979	Um... is that a nail?
10370000980	That's a huge nail. Who hammered it in there?
10370000981	Can you feel it? The energy field here is quite unusual...
10370000982	...Wait. This contradicts what was written in the previous volume.
10370000983	(flipping back) It does contradict it... Did the author not even notice?
10370000984	You know... the kind that gives you an upset stomach. It won't cause any real harm, right?
10370000985	Don't worry. I've sold dozens of orders, and everyone was fine once they'd emptied their bowels.
10370000986	Dozens...
10370000987	It's exam season. Business is good.
10370000988	This price includes two packets. One is usually enough, but the second is insurance.
10370000989	But what if he drinks it and nothing happens?
10370000990	There's no chance it won't work. I run an honest business.
10370000991	Set yourself a goal, work hard, and come Learn here someday.
10370000992	Stop staring at the floor. Look up and remember this place.
10370000993	Someday, I hope they'll hang a portrait of Me here too...
10370000994	How long did this one live... 87 years.
10370000995	No worries. It's just a make-up exam. It's perfectly normal—lots of people take them.
10370000996	I never had the chance to study when I was young, but now I have the time.
10370000997	I made a chart listing the pros and cons of each class.
10370000998	But after looking it over, I have even less of an idea which one to choose.
10370000999	I've decided to Job Advance into a Magic Mage!
10370001000	I'm counting to @{1}. If he still hasn't apologized by then, we're breaking up!
10370001001	@{1}，@{2}，@{3}，@{4}……
10370001002	All I did was ask, “How much longer are we going to shop?” and she got Angry...
10370001003	I didn't Sound impatient, did I?
10370001004	Fresh fruits and vegetables! Come take a look and buy some!
10370001005	The Sound of the waves makes me feel Calm.
10370001006	Are you here on vacation? Is this your first time in Izlude?
10370001007	No
10370001008	All right, all right. Izlude is great.
10370001009	Someone posted a wanted notice here—a white four-legged creature carried off a fish in its mouth and is very agile...
10370001010	Why does that seem familiar...
10370001011	I saw a commission flyer a few days ago. The reward was pretty good.
10370001012	...It's gone. Did someone take it down?
10370001013	I'll just sit for one minute. Just one minute. I really can't keep fighting...
10370001014	My master says fighting Ant Eggs is the best way to train at this stage.
10370001015	I'll work hard and defeat all 9,999 of them. I won't let my master down.
10370001016	Ugh, why did I choose a partner like this? I'd be better off doing it myself.
10370001017	It's so dark in there. I-I don't want to go inside...
10370001018	Think positive. Think positive...
10370001019	What's the upside?
10370001020	The upside is that there's less stock left, so there'll be less pressure to sell it all.
10370001021	Last time, I didn't have enough Potions, and Maya took me down at the last moment. This time, I'm well prepared. I can do it!
10370001022	What's so scary about Maya? Just charge in!
10370001023	The price of Payon cloth went up this season. Prontera probably hasn't caught up yet, so I should get a good price there.
10370001024	There's a bird's nest in that tree. Could you walk a little more quietly?
10370001025	It was foggy this morning. This place was beautiful when the fog lifted. Too bad you didn't get here in time to see it.
10370001026	Don't let the quiet fool you. Calm doesn't mean everything's fine. Sometimes, Calm is the most dangerous sign of all.
10370001027	Before I joined the army, I thought being stationed in a forest would be nice—cool shade and fresh air.
10370001028	I never expected Goblins to be this noisy. They chatter from morning till night. It's louder than the city!
10370001029	Who built this well? What a wonderful person.
10370001030	When I was young, every monster in this Field would take a detour when it saw me.
10370001031	I'm not bragging. It's true! Go ask one of the veteran Adventurers.
10370001032	Patrol or rest today—(Flips coin) Rest.
10370001033	(Checks coin) One more flip.
10370001034	(Flips coin) Rest.
10370001035	All right, rest it is.
10370001036	When we were young, this gate wasn't nearly this big. They expanded it later.
10370001037	You already said that.
10370001038	It's still worth saying. They did a great job expanding it. It's much easier to come and go now.
10370001039	Yeah.
10370001040	That little girl's bag looks just like our granddaughter's.
10370001041	Which one?
10370001042	She's too far away now. I can't see her.
10370001043	Oh.
10370001044	No idea how she's been doing Recent.
10370001045	Her last letter said she was doing well.
10370001046	As long as she's doing well.
10370001047	This costs @{1} Zeny in our village, but it's @{2} here?
10370001048	Before I left home, my neighbor said Prontera has everything, everything's expensive, and everything's fun.
10370001049	He was right about all three.
10370001050	One at a time! No need to rush. There's plenty for everyone.
10370001051	Sir! Don't squeeze that. If you damage it, you'll have to buy it!
10370001052	Hey, money's been tight Recent, hasn't it? I can see the worry on your face.
10370001053	If you're ever in trouble, come see me. I know a lot of people.
10370001054	No need to thank me. We're neighbors, after all.
10370001055	I've had this cart for 7 years. I've replaced the wheels twice and the handle once. This frame is the only original part left.
10370001056	Mmm, Delicious! Absolutely Delicious!
10370001057	When the weather's nice, it's more comfortable to stay out in the Field than in the city.
10370001058	Porings are so Cute! Why would anyone attack them?
10370001059	Phew... Phew...
10370001060	Bread, grilled meat, fruit, soup dumplings—hot or cold, we've got it all. Just tell me what you'd like.
10370001061	You need a full stomach to have the energy for adventure!
10370001062	You're a new Adventurer, aren't you? Come here, I'll show you. You're right here. Go this way to Prontera or that way to Izlude.
10370001063	Well? Got it memorized? If you're worried about getting lost, buy a map.
10370001064	I line up here at 6 every morning, rain or shine. You youngsters sleep in, so you end up behind me.
10370001065	This bakery only makes a limited number each day. It's too late to line up now, so buy one from me later for just an extra @{1}!
10370001066	No idea how long this place will stay popular. I should start looking for Other opportunities...
10370001067	I've collected Varmundt's complete set of notes!
10370001068	Really? That's incredible!
10370001069	Hehe, I made a special trip to Juno University and spent ages searching the Library.
10370001070	Do you think someone like Varmundt will ever appear again?
10370001071	That won't be easy. He was a genius among geniuses.
10370001072	Sold out or not, I'll Close Stall when it's time. No need to overdo it.
10370001073	Yesterday, I devised a new way to arrange my wares. They're easier for customers to pick up, and my sales rate rose by 20%.
10370001074	Almost there. I'll sell a little longer, then Close Stall for the day.
10370001075	I still have to cook later. I hope that drunk at home hasn't made a complete mess of the place.
10370001076	Every Adventurer will find the path that's right for them.
10370001077	Hey, rookie! Here to take a request?
10370001078	This is temporary text!
10370001079	Adventurer, you're here! Come with me—To the Academy!
10370001080	To the Academy
10370001081	Your second Job Advance is a crucial stage in Choosing a Job path. Ask the veterans at the Academy about the unique features of each job branch.
10370001082	Once you've made your decision, touch the Book of Job Advance.
10370001083	Hello! Would you like to join us?
10370001084	I'm a Blacksmith who refines armor and weapons. I can refine the equipment you're wearing—which piece would you like to refine?
10370001085	Come, come! Hurry and take up a Life Skill! They say skills can change your destiny. You might even become as popular as me! Ohohoho!
10370001086	Marriage is about looking forward to a happy future. Is there someone you'd like to marry?
10370001087	If you meet like-minded Adventurers, form an Adventurer Guild together!
10370001088	I want to create an Adventurer Guild
10370001089	Adventurer Guild Details
10370001090	Would you like to leave the Academy?
10370001091	No, thanks
10370001092	Yes, I want to leave
10370001093	Teleport To the Academy
10370001094	Danger ahead. Unauthorized personnel, keep away.
10370001095	I want to enter the Culvert
10370001096	Kafra Corporation reminds you: There are many roads, but safety comes first. Reckless driving brings tears to your loved ones. Mind your speed while escorting the wagon—the speed limit is @{1} meters per second.
10370001097	Accept Supply Wagon
10370001098	Cancel
10370001099	Every Adventurer is part of the reason the continent of Midgard endures.
10370001100	View the Roster of Heroes
10370001101	Thank You for delivering the Military Supplies!
10370001102	Deliver Vehicle
10370001103	Vehicles can be repaired here.
10370001104	Please observe proper etiquette when entering the palace.
10370001105	I want to enter the palace
10370001106	Would you like to leave the palace?
10370001107	Yes, I want to leave.
10370001108	Would you like to leave the Court of Time?
10370001109	You are carrying ${1} supplies, which will add ${2} Military Supplies to the Guild. Submit them all?
10370001110	Submit Supplies
10370001111	Here's Katie the kitty!
10370001112	Choose this one!
10370001113	Let me think about it
10370001114	Enter Adventurer Guild Declaration
10370001115	Hello there, new Adventurer.
10370001116	The Eden Group welcomes you.
10370001117	Only the brave can become Adventurers.
10370001118	*Sigh* The child's all grown up and still such a handful!
10370001119	Hello! Would you like to board the airship?
10370001120	Are you the Adventurer who came to help?
10370001121	We field researchers go anywhere we can reach.
10370001122	Eek!
10370001123	It's our duty to help residents in need.
10370001124	When will I finally become a proper Swordsman?
10370001125	No good
10370001126	Kafra Shop
10370001127	Daily Requests
10370001128	Daily Requests ${1}/${2}
10370001129	Restricted government area. Keep away.
10370001130	Destiny will guide you where you need to go.
10370001131	Those monsters are despicable...
10370001132	(All you hear is the clash of blades.)
10370001133	Would you like me to test which job suits you best?
10370001134	Getting enough rest is very important.
10370001135	It looks like an ordinary chest.
10370001136	Hehe! Bobo is the cutest Poring in the whole world!
10370001137	No Translation Required
10370001138	We make our living buying and selling goods.
10370001139	I still need to earn a fortune to make my wish come true.
10370001140	I hope the caravan has a safe and smooth journey.
10370001141	These woods are perfect for hunting.
10370001142	This mission is sure to go smoothly!
10370001143	Whoa, finally, a new mission! I can't wait!
10370001144	Does she—the Instructor—still remember me?
10370001145	Why is the Knight Guild holding a ball? Fighting would be way more fun.
10370001146	Animal headwear still sells best. Guess there are a lot of furry fans out there.
10370001147	Thank you for asking me to dance. The truth is, I've liked you for a long time.
10370001148	I like you too!
10370001149	Hoho! It's been ages since the Knights joined an event like this. What a lively celebration!
10370001150	This is my first ball. I'm a little nervous...
10370001151	Haha, buddy! Couldn't find a dance partner either?
10370001152	Ahem. It's the taking part that counts. The taking part.
10370001153	I want to get stronger faster.
10370001154	I can't stand unreasonable people!
10370001155	Ugh, when will I finally get a good night's sleep...?
10370001156	At my age, I never thought I'd be made a fool of by a White Mouse. Sigh.
10370001157	Nothing matters more than making money. What, a conscience? Hah! Can I sell it?
10370001158	Step right up! Get your freshly forged weapons here!
10370001159	Ask not what your guild can do for you. Ask what you can contribute to the guild storage.
10370001160	The Guild Leader led another team to defeat an incredibly powerful monster today! Amazing!
10370001161	I'm exhausted. I want to sleep...
10370001162	Shh... I'm calculating this week's profits. Let's see, we sold @{1} potions...
10370001163	What could possibly matter more than family? I just don't understand Hawk.
10370001164	My poor child, please come home.
10370001165	It's time he tried out my new washboard!
10370001166	Yo, yo...
10370001167	Oh, my spellbook! Where in the world have you gone?
10370001168	Cough, cough...
10370001169	Quit dawdling! We're going to pull off a big score this time!
10370001170	Hmph. Today's plan is flawless!... Probably.
10370001171	Those two idiots always make Easy things complicated. If we want to pull off something big, it's up to me.
10370001172	Welcome! Would you like to buy a bouquet?
10370001173	Lady Irmata is the most exalted of all.
10370001174	(Claps softly) That dance wasn't bad~ As for what Boya likes... When she was little, I think she especially loved fluffy things, particularly... ones with long ears? Ah! The church bells are ringing. It's my turn to patrol. (Smirks slyly) ^{1}PlayerName^{2}, good luck!
10370001175	Goodbye
10370001176	Those dance moves... Did you learn them from a drunken Orc? (Smooths her skirt and offers her hand again) Still... since you're trying so hard. (Winks) How about one more chance? This time, focus and follow my rhythm, okay?
10370001177	Take her hand (Click to dance again)
10370001178	Are you ready to begin the competition?
10370001179	You'll have to meet my requirements before you can Trade with me.
10370001180	I hope this journey goes smoothly.
10370001181	Alchemy truly is fascinating.
10370001182	Whimper... Woof, woof!
10370001183	What are you staring at me for? Hurry up and get this dog away from me!
10370001184	There sure have been a lot of petty thieves around lately. What is the world coming to?
10370001185	My luck has been terrible lately...
10370001186	If this keeps up, is our caravan going to go bankrupt?
10370001187	Once I catch that thief, they'll be sorry!
10370001188	Honestly, I think I should've come sooner. I'm the most talented of my generation!
10370001189	I earned First Place in my local assessment. I have no reason to be nervous.
10370001190	"When my family saw me off, my dad said, ""Work hard out there, and don't embarrass our village."""
10370001191	Ever since I was chosen, I've been wondering which class to choose. For 3 months, I've changed my answer every day. Today, the moment of truth is finally here.
10370001192	An aura of ^{1}${1}^{2} is emanating from the rift. The Rift Stone may warp us to an entirely new location. Please be prepared.
10370001193	I need a little more time to prepare.
10370001194	Challenge (^{1}${1}^{2})
10370001195	Hello. I'm the Teleport Station Attendant.
10370001196	Use Group Warp
10370001197	You finally found it. We're one step closer to that day...
10370001198	Hello. I'm the outpost guard.
10370001199	Use Area Detection
10370001200	Hmm... There are still mysteries left unsolved. Talk to other Adventurers, and you may find the answers you seek.
10370001201	^{1}View Clue^{2}
10370001202	Go Back and Try Again
10370001203	You finally found it.
10370001204	The incomplete movement is too difficult to decipher. Irmata's divine revelation came to you in a dream. Search every corner of ^{1}${1}^{2} City, and you may discover something. If your search proves fruitless, try asking other Adventurers for advice.
10370001205	Can you feel it? The echoes hidden throughout the world still resonate with the soul... You have solved one of the riddles. Once you have all the answers, you will be able to play the forgotten movement.
10370001206	Adventurer, there are still more notes to decipher. If your search leads nowhere, try asking your companions. They may be able to offer some insight.
10370001207	Hello. The escort mission isn't available yet.
10370001208	A new note! By Irmata, I seek not truth, but that which lies within the mist... Never mind. Please continue your search, Adventurer.
10370001209	What a beautiful note! Let the melody ring out, from one moment to the next.
10370001210	Congratulations on clearing this stage! When you're ready, head forward to the next stage.
10370001211	Enter the Next Stage
10370001212	Whoa... We're Flying s-so high! The houses below look like tiny dots...
10370001213	Is this wreck going to fall out of the sky? The wind's so strong, it's going to blow away Bobo's precious feathers!
10370001214	Hey, Master! Hold on to me tight! If Bobo falls, there'll be no one left to wake you up!
10370001215	...But the clouds here really do look like cotton candy. I wish I could take a bite...
10370001216	The skies are calm. It's perfect weather for Flying. Thank You for your protection, Goddess Freyja.
10370001217	The White Dove has been my trusty companion for years. She may fly steady now, but she once saved my life in a storm.
10370001218	This route used to be the Life line of merchant caravans. Now... those damn air pirates have made it anything but peaceful.
10370001219	They've defiled the freedom of flight. Someday, they'll pay for it.
10370001220	Check the securing ropes three times, and keep your weapon within reach. Those are the rules.
10370001221	First time on an airship?
10370001222	Remember, never let your guard down. The sky is every bit as dangerous as the land.
10370001223	Hey, rookie! How's it feel? This view is amazing, isn't it?
10370001224	Hahaha! Judging by your face, you must be nervous about your first airship ride. Relax—I've got your back!
10370001225	Once we reach the desert, I'll show you a real sunrise over the sea of sand. Now that's a magnificent sight!
10370001226	When night falls, we'll camp atop the dunes, and I'll treat you to the strongest desert ale around!
10370001227	Ow, that hurts...
10370001228	It's finally over. Without your help, I probably would've gone down with this swarm of Chonchons today.
10370001229	Are you badly hurt?
10370001230	My injury isn't serious, but it's making the helm difficult to operate. If anything unexpected happens during the rest of the journey, I'll need you to take over.
10370001231	Can I really do it?
10370001232	Don't worry. The airship has an automatic cruise Function. Human intervention is only needed in special circumstances, so just follow my instructions.
10370001233	Whoa!! What's happening?!
10370001234	！！！.
10370001235	W-What's going on?
10370001236	Are we under attack?
10370001237	Whoa, I'm going to fall!
10370001238	Welcome to the Bonfire Party! The event consists of @{1} stages. Stage @{2} is the preparation stage, during which Adventurers can collect Live Coals scattered throughout the territory and add them to the Bonfire to earn rewards. Stages @{3}-@{4} are the main party stages, during which Adventurers can defeat mischievous monsters to earn rewards and enter the prize drawing.
10370001239	A perfect performance!
10370001240	Let's see some special effects!!
10370001241	They are just so exciting!
10370001242	Let's hear some applause!
10370001243	You must be the Job Advance candidates recommended by the villages and towns. Welcome, everyone! Keep going and complete the Novice Trial, then you'll be able to enter Prontera for your Job Advance. Good luck!
10370001244	The Novice Trial is Easy. Complete ^{1}two Basic Quests^{2} to prove you have the potential for a Regular job. Then you'll receive certification and can head to Prontera for your Job Advance.
10370001245	Your First Quests is to Defeat ^{1}@{1} Nearby Porings^{2}. They don't have much ATK, but Beginners should still approach them with caution.
10370001246	Of course we finished it! But ^{1}PlayerName^{2} is hurt! What do we do? Please help us!
10370001247	Don't worry. Take this Red Potion. Remember to restore your HP promptly in the Field, and don't let You become Weak.
10370001248	Exactly! You need to take care of yourself, or who'll protect me...
10370001249	Not bad. You've recovered nicely. It looks like you've mastered how to use Healing on You.
10370001250	Next, I'll teach you how to Learn New Skills so you'll be prepared for more advanced Challenges.
10370001251	Mmm, you're a quick learner. More skills will become available after you successfully Job Advance, so remember to Learn new skills often and keep improving.
10370001252	All right, your second Trial Quests is to Defeat ^{1}@{1} Fabres^{2}. These monsters are more dangerous, so stay safe.
10370001253	You mean those Green, hairy bugs? Gross... ^{1}PlayerName^{2}, don't hit them too hard. If you splatter bug juice on me, I'll never forgive you.
10370001254	Hehe~ Let's go complete your Job Advance! I can't believe you're this strong. I sure know how to spot talent~
10370001255	Thousands of years ago, the continent of Midgard suffered an unprecedented catastrophe. The Demon King Morroc invaded, while the colossal World Serpent Jormungand sought to devour the world.
10370001256	At that moment, the ancestors of the Rune Kingdom's seven royal families rose to the challenge. Aiding them were 6 exceptional Warriors from various jobs. Together, they Defeated the Demon and protected the continent.
10370001257	Touch the Book of Job Advance ahead and choose the path that's right for You.
10370001258	Excellent. From this day forward, you officially walk your own path. Remember, this is only the beginning.
10370001259	Great! ^{1}PlayerName^{2}, now we can finally start adventuring to our hearts' content!
10370001260	Not so fast. Your Job Advance granted you Newfound Power, but you must learn to understand and master it.
10370001261	Take some time to familiarize You with your new skills. They'll be the most reliable Weapon on your future adventures.
10370001262	Well done. You've grasped your new skills faster than I expected.
10370001263	However, the power of your skills comes from within. Only a stronger physique or deeper magical power will let you use these techniques to their fullest potential.
10370001264	Yeah, yeah, I know! Fancy tricks aren't enough. You're only strong if you put your STR to good use!
10370001265	Every ^{1}Level-up^{2} grants new ^{3}Stat Points^{4}. How you distribute them will directly determine your future growth.
10370001266	Now, complete your first Stat Distribution based on your job's strengths.
10370001267	Excellent. It seems you've learned to control your own STR. That's the foundation of becoming a Qualified Adventurer.
10370001268	My instruction in Prontera ends here. True growth requires You to hone your skills out in the wider world.
10370001269	Find the Eden Group Trial Officer ^{1}outside the South Gate^{2}. They'll have Quests suitable for Beginners.
10370001270	Hehe, now that we're this strong, the next set of Quests will be a piece of cake!
10370001271	Hello, we meet again. You seem much more composed than before. It appears you've successfully completed your Job Advance.
10370001272	Here's a Basic commission for you: clear out @{1} monsters Nearby the South Gate. Also, take this Weapon Box provided by the Eden Group for Beginner Adventurers.
10370001273	Wow, new equipment! The Eden Group is pretty generous. Hurry and choose something that feels right~
10370001274	Equip your new Weapon, and you can begin your commission. Stay safe.
10370001275	Oh? You've obtained new equipment. That was faster than expected. When adventuring in the Field, knowing when to Change Equipment based on the situation is key to becoming stronger.
10370001276	Each piece of equipment has different Affixes. You'll need to figure out how to combine them into the best Preset to get the most out of your gear. Open the equipment screen and take a closer look.
10370001277	Affixes? That sounds so technical... Come on! Let's check them out!
10370001278	Looks like you've gotten the hang of changing equipment. Every Adventurer on this continent grows stronger by acquiring equipment through adventures and Battle. Make sure you carefully consider which equipment suits you best.
10370001279	This advanced equipment was prepared for you by the Eden Group. It includes a Weapon and Armor, so be sure to Receive it. You'll need this gear for your upcoming assignments.
10370001280	Wow, this set looks way better than the last one! Put it on and let me see~
240001	Cannot claim outside the Event Period.
240002	Total Quests Completed: <color=#FF993F>${1}</color>
240003	Beginner's Handbook
240004	Complete all quests to choose 1 of 4 S-Rank Pets!
240005	Complete
240006	Locked
240007	Wildcat Knight
240008	Female Warrior Lola
240009	Little Isis
240010	Sarah Irene
240011	（${1}/${2}）
240012	Unlocks on Day ${1} of the event
10370001293	Oh? So you're the rookie she Suggested? You certainly look eager.
10370001294	But let me warn you first: this Quest won't be Easy. We need to gather some Rare Materials. Seriously, some people will exploit any crisis—
10370001295	Complaining won't solve anything, Boya. We have no Other choice.
10370001296	I'll prepare for the final Quest. You two head to Southern Payon and gather the Other Materials. We don't have much time.
10370001297	Fine, fine, we'll do it your way. Rookie, I'll meet you in Southern Payon!
10370001298	Perfect timing. Let's tackle the first Quest—getting a few fresh Snake Gallbladders from the Boas.
10370001299	There's a pack of Boas in the Nearby forest, and each one has a nasty Venom Sting. They may be small, but one bite will leave you in agony. Be careful not to get bitten.
10370001300	What? They're that venomous? What if we get bitten?! It's way too dangerous to send a rookie like ^{1}PlayerName^{2}!
10370001301	If you want to become an experienced Adventurer, you need EXP handling unexpected situations in the Field. Go on. Once you've gathered everything, meet us up ahead.
10370001302	That was fast. Looks like you did well on the Battle assessment. You didn't let me down.
10370001303	Now that we have the Snake Gallbladders, let's not waste any time. Next, we need to collect some Tree Bark from the Willows in the forest ahead. Those old things are tough, so put some muscle into your swings.
10370001304	I'll wait up ahead. Once you have the Tree Bark, hurry over. Don't drag your feet, or certain people might change their minds again...
10370001305	Haha! I knew something this Easy wouldn't stop you. You stripped that Tree Bark off nice and clean. Looks like you're pretty handy with that Two-Handed Axe!
10370001306	That's two Materials down. The last one will be the hardest—go steal the Snake King's egg for me. The Boas around here are extremely aggressive. The Snake King's nest should be hidden in the grass just up ahead.
10370001307	Wait a minute~ Why are we always charging in while you stand back here playing Commander?
10370001308	Uh... What would a Shorty like you know? I have to stay here and guard these two Materials. What if someone steals them? Besides, don't worry. If those snakes surround you, I'll charge in and rescue you immediately!
10370001309	Enough Chitchat. Get going. Bring the egg back as soon as you have it. We need to deliver everything to that crooked merchant before dark, because I'm not spending the night in this miserable forest.
10370001310	Hey! Where were you when those snakes surrounded us? You said you'd charge in and rescue us immediately, but I bet you just wanted to stand there and watch!
10370001311	Ahem, well... You two were working together so well that rushing in might've thrown off your rhythm... Yes, exactly!
10370001312	Oh, stop complaining. Look, you picked up a Card: Poring! Wow, that's a great find! It can grant your equipment unexpected STR.
10370001313	Hurry and equip it. Let's see if it can toughen you up, so you don't hit the ground before I can act next time. Go on, and don't dawdle.
10370001314	Yes, yes! The moment you slot in that Card, you look completely different! It's like giving a tiger wings! You won't even need to worry about little dangers like that anymore! Hahahaha!
10370001315	Hmph. Don't think this will make me forget how you stood by and did nothing...
10370001316	Ahem! That was... tactical observation! All right, all right. We have all the Materials, so let's get down to business.
10370001317	The final step is also the hardest. We need to find Eddga in the Deep Forest of Payon Forest! He's the ruler of this region, so stay sharp. Let's Move out and regroup in Payon Forest.
10370001318	Perfect timing. Listen up: Eddga isn't some Savage wandering by the roadside. He's the fiercest beast in this region. Tracking him won't be Easy, so we'll need to split up and search.
10370001319	Take this. It's a Fly Wing, and it'll make finding Eddga much easier. It'll save you from running yourself ragged, so use it a few times and search every patch of grass!
10370001320	You haven't used one before, have you? A Fly Wing can randomly Teleport You to another location within this area.
10370001321	Eddga is extremely dangerous. If you find him, don't Approach. Wait for us to meet up with You.
10370001322	Hey, with how scary you're making him sound, you're not planning to have the two of us take on that big cat alone once we find him, are you?
10370001323	Hahaha! What are you afraid of? I'm here! Even if it costs me my life, I won't let you die before me. All right, Move out. Signal us the moment you find him.
10370001324	Where did you come from? I've claimed this whole territory! If you want to hunt, go somewhere else!
10370001325	Take that!
10370001326	Nicely done! You went head-to-head with that monster, and you've clearly got some real skill. I knew Rhine was right about You. You've definitely got what it takes to become Elite!
10370001327	Your Battle skills are solid, and you remain calm under pressure. Since you obtained the Tiger Pelt, you've proven your Eligibility to undertake higher-Difficulty Quests.
10370001328	Hey, we could use a strong, reliable partner like You. So, are you interested in Joining us?
10370001329	Would you two stop conducting an interview over there? I'm still here! Did you forget that idiot almost got swatted away by Eddga?
10370001330	Haha, you really know how to hold a grudge, Shorty. But this is no time for Chitchat. We need to hurry back to Payon and deliver these items to that crooked merchant.
10370001331	Agreed. We should leave as soon as possible to prevent any further complications.
10370001332	All done! Here are the @{1} snake eggs, @{2} portions of Tree Bark, @{3} Snake King eggs, and @{4} Tiger Pelts you asked for. Hand over the tickets—we're in a hurry.
10370001333	Tsk... This Tree Bark is badly damaged, isn't it? And these Snake Gallbladders are too small. I think the price we agreed on was a little too high. As for these tickets... I'm afraid you'll have to pay extra.
10370001334	Hey, ^{1}PlayerName^{2} worked really hard to get all this!
10370001335	You're deliberately finding fault with everything! We risked our lives to get these, and now you're telling us this?
10370001336	Boya, calm down. Sir, a contract is a contract. What you're doing is dishonorable.
10370001337	Hurry up! My patience is wearing thin! Short us even one more ticket, and I'll break your legs!
10370001338	Don't... Don't kill me! I'll give them to you! Right now!
10370001339	Hmph! Serves you right! Weren't you acting all clever just now? Why are you cowering like a turtle now? Hand over the tickets, or I'll claw your face to ribbons!
10370001340	Here... This is everything! They're tickets for the White Dove, and they're absolutely real! Please, Warriors, have mercy and let me go...
10370001341	Smart choice! Try anything like that again, and I'll chop your stall into firewood.
10370001342	Ptooey! What a crooked merchant, bullying the weak and cowering before the strong...
10370001343	He hasn't learned a thing! If Boya's sword had veered off course just now, I'd like to see if he could still act so smug!
10370001344	Don't be so reckless next time. He may have been in the wrong, but if anything had happened to him, it would've cost us even more time.
10370001345	There's no reasoning with a crooked merchant like that. All right, we have the tickets. We can set out now.
10370001346	Oh, right. This Butterfly Wing is for you. You must be tired after getting back, so use it to Teleport directly to Prontera. Then Return to Town and report to Captain Aikuni. After that, we'll be ready to depart.
10370001347	Wow, will this let me fly? Boya, give me one too!
10370001348	Hehe, that was the last one. Next time. Next time.
10370001349	Hello, Adventurer. Is there something you need?
10370001350	Boya sent me to see you.
10370001351	I see. You must be the new recruit who helped them get the tickets, right?
10370001352	Oh? So you're the one. Boya has mentioned you several times in her letters.
10370001353	What did she say?
10370001354	Curious, are you? She asked me to help you grow stronger, since we have an important commission for you later.
10370001355	I hear you've acquired the Equipment Forging manual. Excellent. Go see Blacksmith Hollgrehenn immediately and Enhance your Weapon and Armor until they glow.
10370001356	Wow, that's strict! We just defeated Eddga and haven't even caught our breath, and now we already have new Quests?
10370001357	Hahaha! Tough love is good for you, young one. Being too lenient only does harm, understand? Hollgrehenn is the finest craftsman in the Rune Kingdom. Off you go. I hope to see you return Fully Armed.
10370001358	Hey! You must be the new recruit Captain Aikuni mentioned. I hear you accomplished something impressive in Payon. Welcome!
10370001359	The Captain already told me you obtained the latest Crafting Blueprint. But if you want to turn it into real gear worthy of accompanying you on your adventures, you'll need to use Equipment Forging.
10370001360	Don't worry. The Craft process is Easy. Once you have all the required Material, I guarantee I'll make you the sturdiest equipment in all Prontera!
10370001361	Beautiful! That sheen, that feel—this is top-quality work. With my craftsmanship and your Material, you can't go wrong.
10370001362	Wow, it definitely looks way more impressive now~
10370001363	If you obtain a higher-grade blueprint later, be sure to Craft new equipment right away. For an Adventurer, a good set of equipment can mean the difference between life and death.
10370001364	That gear looks good. Seems Hollgrehenn didn't slack off this time. Now that your equipment is ready, there's only one thing left that might help you—
10370001365	Take these Adventurer Guides. They Record the wisdom gained by the Rune Kingdom's greatest heroes throughout the ages. Whenever you have No idea. where to go or lack the resources to grow stronger, open them up. They'll point you in the right direction.
10370001366	Go. Follow the Guides to improve your skills. Once you've mastered these Basic fundamentals, I'll have a top-secret commission of the utmost importance for you.
10370001367	Excellent work. It seems you've made the most of those Guides. Even among all the members I've trained, such rapid progress is rare.
10370001368	I'll explain the details of that top-secret commission later. For now, we need to head to Izlude and board the airship.
10370001369	An airship? You mean one of those huge ships that races through the clouds, where you can feel the breeze and enjoy the view from the deck? We're taking one on our adventure?
10370001370	That's right, little one. But this isn't a Normal outing. We're going to Complete the Commission, and we may face all kinds of danger along the way.
10370001371	Boya and Wule are already in Izlude making preparations to board. Pack your things, bring your new equipment, and meet us in Izlude.
10370001372	You're here. Perfect timing. Let me introduce you. This is Alton, Captain of the White Dove. We'll be relying on his enormous vessel to take us to the desert.
10370001373	"Don't call it an ""enormous vessel."" This is a precision machine. We were supposed to take off in half an hour, but now... 30% of the cargo hold is still empty."
10370001374	Huh? 30%? Has someone not arrived yet?
10370001375	That space belongs to the Ash Caravan. Their people aren't all here, and their cargo hasn't been loaded. I can't take off early just for the few of you. It would violate shipping Rules.
10370001376	Tch. Of all the times for this to happen. Alton, are any members of the Ash Caravan Nearby? Let's ask around and find out what's going on. We don't have time to waste at this port.
10370001377	I believe there's one near the fountain. Go ask them yourselves. I'll inspect the engine. Send me a Notification as soon as you learn anything.
10370001378	It's over... It's all over... What am I going to do...?
10370001379	What happened?
10370001380	A-Are you with the Eden Group? Help Me! The airship is about to depart, but our Party Leader and all our cargo ran into trouble over by the Desert Crossroads!
10370001381	Trouble? Don't tell me those Peco Pecos carried them off?
10370001382	Exactly! The Peco Pecos abducted our Party Leader, while the remaining cargo was scattered everywhere and made a complete mess by the Mukas. There's nobody to guard it, and we don't have enough people to handle everything...
10370001383	Please, can you help us? We really don't have any time left...
10370001384	Thank You! Thank you so much!
10370001385	All right, All right! Another errand, just as expected. Let's go!
10370001386	Finally! I thought that fat bird was going to carry me off as a snack. Thank You, Adventurer.
10370001387	Huh? Who are you? Did the Peco Pecos capture you too?
10370001388	This is for you. Consider it a token of my gratitude and... something to help you recognize Me the next time we meet.
10370001389	Whoa, whoa, whoa! You're a strange Woman! Giving us a gift the first time we meet? This isn't some kind of trick, is it?
10370001390	Oh? An Adventurer encounters a beautiful Woman in distress, and she rewards her rescuer with a treasure—isn't that a common enough tale? There's no need to make such a fuss.
10370001391	The Woman thrusts the item into your hand before you have a chance to Reject it.
10370001392	All right, All right, go ahead and Receive it~ I'm no villain, merely a wandering Bard.
10370001393	Who are you, really?
10370001394	Oh my, this poor man is still waiting for you to wake him. Why are you so curious about Me? I must be going, but we'll meet again very soon.
10370001395	Strange... Why does she feel so familiar...?
10370001396	^{1}PlayerName^{2}, she may have been acting all mysterious... but I can't shake the feeling that she's known you for a very long time. Oh well. Let's check on that Party Leader first. As for this compass... You should hold on to it for now.
10370001397	Oh my... I thought I was about to become lunch for those baby Peco Pecos! Those big-beaked little brats kept squawking in my ears and pecking me all over! It was terrifying!
10370001398	Ahem... Anyway, I really can't Thank You enough. If you hadn't arrived when you did, I'd probably be a skeleton picked clean in that nest by now.
10370001399	Now that you're all right, let's hurry back. The airship has been waiting for you for ages!
10370001400	You're right. It was all my fault... Once we get back and organize the cargo, we'll be ready to take off. Let's return to Izlude first. I promise I'll reward you handsomely when we get there!
10370001401	Need any help?
10370001402	Of course! How thoughtful of you to ask. I'll be waiting at the harbor, Adventurer. See you there.
10370001403	We had a little mishap in the desert... Ahem, but our caravan has an excellent Reputation. As soon as we stack this cargo neatly, we can board and depart!
10370001404	Come, kindhearted Adventurer—^{1}PlayerName^{2}, are you Ready? Let's arrange the cargo together.
10370001405	Arrange the Cargo
10370001406	Excellent work, rookie. Thanks to your help, we can take off immediately.
10370001407	Time is short, so I'll get straight to the point. Our mission is to travel to Sograt Desert and Find the missing Professor Ryan.
10370001408	We'll take the White Dove cargo airship to Morroc, at the entrance to the desert. If there's anything else you'd like to know, ask me now.
10370001409	What's so special about the White Dove?
10370001410	Who exactly is Professor Ryan?
10370001411	Who commissioned this mission?
10370001412	Good eye! The White Dove belongs to Valkyrie Airlines and symbolizes the partnership between the Church State and the Republic. It's officially a cargo ship, but it still has a passenger cabin, making it perfect for teams like ours that need to keep a low profile.
10370001413	His safety is the Quests' highest priority.
10370001414	That's why we must find him and ensure his safety.
10370001415	So don't worry so much. Just follow Me, and I'll bring all of you back safely.
10370001416	All right, no more questions, right? Take your ticket, rookie. Get ready to board.
10370001417	Oh, right! I almost forgot to give you a Talent Stone! If we run into trouble up there, you'll need some way to defend yourself. This thing will be a huge help, so take it.
10370001418	All right. Please gather your belongings and board immediately.
10370001419	Wah... You big dummy! You scared Bobo half to death! Bobo thought you'd hurt your head!
10370001420	Yes. I'm trying to Find someone. Have you seen a scholar named Ryan Recent? He wears glasses, has terrible eyesight, and is very refined.
10370001421	Ryan... Glasses, poor eyesight... Is he from Payon? Did he also study abroad in Juno?
10370001422	He's been staying at the camp for the past week, leaving early and returning late every day. Oh! I even said hello to him before he left this morning. He headed west^{2} of the camp at dawn with his equipment^{1}, saying he was looking for something called [Memory Particles]. He's so stubborn—he wouldn't listen when I told him to find someone to help.
10370001423	I'll leave the Find the Professor Quests to you for now. I need to report the White Dove's major accident to headquarters. Once that's taken care of, I'll rejoin you.
10370001424	Come on, ^{1}PlayerName^{2}. It's time for the two of us to shine again.
10370001425	Phew... Finally, some peace and quiet. Thank You, my friend. These desert Chonchons are even more annoying than monsters. I've never seen you Nearby before. Are you new here?
10370001426	We're looking for someone.
10370001427	Yes. We're looking for a middle-aged man with glasses and Yellow hair. Have you seen him?
10370001428	Was he wearing a suit, too? Someone like that really stands out around here. About two hours ago, I saw him heading west—toward Ant Hell.
10370001429	Ant Hell? Just hearing that gives me the creeps. What's that old guy doing in a horrible place like that?
10370001430	Wait, did that Pet of yours just talk? My goodness! Is it a Poring mutant, or perhaps a highly intelligent Demon? It's an invaluable specimen for live dissection... No, for academic research!
10370001431	What are you staring at, you weirdo?! Don't Approach Me! And... I'm not his Pet!
10370001432	Hold still! Let Me measure your head circumference and the frequency of those wingbeats! I've never seen such an intelligent Deviling...
10370001433	Let's go! This guy's crazy. The Professor went that way, so let's get out of here!
10370001434	You didn't Find him? That old man is as slippery as a desert snake. I also sent a seasoned Adventurer to search Nearby Ant Hell. It's no place for rookies to wander around.
10370001435	I'll send you a Notification if I Discover a Clue. For now, stay by the campfire and don't wander off.
10370001436	You know, the true core of your Second Job combat power lies in the new skills you've acquired.
10370001437	Whoa! There are more new moves to learn? Like Summon a giant storm with one wave of your hand, or stomp so hard that Ant Hell collapses?
10370001438	Mastering your job takes steady effort. If you want to become a renowned Adventurer, you must start by mastering your new Second Job skills.
10370001439	Excellent. It seems you've fully grasped the essence of your new power. Knowing how to review and Allocate Skill Points. shows that you're beginning to think like a true Adventurer.
10370001440	But mastering skills isn't enough. After your Second Job, the new ^{1}[Talent]^{2} System has been unlocked. Go—this is the key to determining the limits of your abilities.
10370001441	You're back? The scout I sent just returned. They found Professor Ryan's Footprints on the first floor of Ant Hell. He should be inside, but we still don't know his exact location.
10370001442	Ugh, that place sounds terrifying. Let's wait for Boya and Wuhler to return, then go together.
10370001443	Those two are probably fighting Phreeoni Nearby, so I doubt they can get away.
10370001444	I shouldn't send a rookie like you, but you've just completed your Job Advance and seem capable. The Professor can't defend himself, so every second counts.
10370001445	Do you want to go? It's your call. But if any ants bite Me, I'm setting the whole cave on fire...
10370001446	Of course we're going.
10370001447	Brave of you. That's an Eden Group member for you. If you're in danger inside Ant Hell, ask Fiennes for help. You've met before.
10370001448	Look! I think there's something on the ground!
10370001449	Could it belong to the Professor? Hurry, let's take a look.
10370001450	Hey! You're Professor Ryan, right? Are you okay?
10370001451	Hey there! Good to see you again.
10370001452	What are you doing here?
10370001453	I'm the poor sap Hawke sent to Find the Professor and collect samples along the way. Allow Me to introduce myself. My name is Fiennes, and I'm an alchemy scholar.
10370001454	My goodness... You saw that, didn't you? Magnificent! Was that Maya's mimicry transformation? She actually assumed the form of a human woman! This is a miracle of monster biology!
10370001455	Hey, you have time to study this?! That giant ant freak carried off the Professor as emergency rations! We have to save him!
10370001456	Easy, easy—hear Me out. Ant Hell is really just the outer edge of the ant nest. Maya lives in its deepest reaches, where her brood chamber is also located.
10370001457	The passages there form a complicated maze, so you'll never Find the entrance on your own. But... a [Pathfinder Ant] can smell Maya's unique pheromones. Follow it, and it'll lead you straight to her lair.
10370001458	Here's the plan: take out a few Nearby ants and bring Me fragments of their bodies. Any Material will do! I'll catalyze it with alchemy and make you an obedient Pathfinder Ant.
10370001459	We're gathering Material again? Will this really work? Can the Professor hold out that long...?
10370001460	Trust in science, you little devil of a Poring. Hurry back—I guarantee results!
10370001461	Excellent! This Material is incredibly fresh! Watch closely—this is advanced alchemy!
10370001462	After a blinding flash and a cloud of acrid smoke, a strange, red-bodied ant with twitching antennae appeared in Phines's hand.
10370001463	It worked! This is the Pathfinder Ant. When you reach a fork in the road, Release it, and it'll automatically track Maya's pheromones. All you have to do is follow it. Notes: If it crawls into a hole, you'll have to follow it inside.
10370001464	What? We have to crawl into a hole?! Oh my gosh, it's not going to be full of ants, is it?
10370001465	It'll definitely be dangerous in there. It is Maya's lair, after all. But... it'd be such a shame if those ants hurt you, little one. By the way, is your Pet for sale? Name your price! I'll even trade you a newly refined, high-grade Pet!
10370001466	Bobo is my friend.
10370001467	You lunatic! Are you even listening? I already told you I'm not his Pet!
10370001468	What a terrible waste... Fine, until we meet again. And we will meet again, little Poring. I know we will.
10370001469	Nicely done. After rescuing someone right from under Maya's nose, you've proven that you have the Eligibility to take on classified Quests of this caliber.
10370001470	Ahem. Thank You for your help. I made a Record of the Magic fluctuation Data along the way. It'll be very useful for my current research.
10370001471	All right, as long as everyone's safe. I don't want to spend another second in this wretched place. Pack up—we're returning to camp immediately.
10370001472	You all go on ahead. ^{1}PlayerName^{2} and I still have something to take care of. We'll return later.
10370001473	All right. This area is dangerous, so be careful.
10370001474	Heh-heh, dummy! After seeing how you handled that crisis, I fully acknowledge your strength.
10370001475	Let's form a pact. Then, whenever danger strikes, we can fight together.
10370001476	You're back? I heard you pulled the Professor right out of Maya's jaws. Not bad—you've certainly got some serious skills.
10370001477	Quests complete. Hawke, Thank You for the intelligence and backup.
10370001478	"That's what old friends are for. Oh, right, ^{1}PlayerName^{2}. Phines asked me to give you this thing. He called it a ""Pet Incubator,"" but didn't explain how to use it. He just said to return to Prontera and ask a Pet Merchant about it."
10370001479	That crazy alchemist? He actually gave you a gift? He's not after Me again, is he?
10370001480	Enough talk. Take it. Now, both of you, Return to Town. Stop standing around in this desert wind.
10370001481	Let's set out and return to Prontera.
10370001482	Ha! Didn't expect to see Me again, did you?
10370001483	Come on, hand me the incubator. This is the latest achievement in monster ecology. Just put an egg inside, adjust the temperature, and you'll soon Hatch a little creature that'll obey your every command.
10370001484	What kind of dangerous experiment are you running this time? If you Hatch some weird tentacle monster, I'll be the first to burn your shop down!
10370001485	No, no, no! This alchemical hatching method is all the rage across the entire Midgard continent. Go try it!
10370001486	Congratulations! You've learned the secret of Pet Hatching.
10370001487	This isn't just a Normal sidekick. It can help you in Battle, boost your stats, and even accompany you into high-Difficulty towers later on. It's incredibly useful!
10370001488	But... now that you have a new Pet, why not give Bobo to Me? I promise I'll take good care of Bobo~
10370001489	Hey, quit bragging! These guys look like a bunch of dimwits. There's no way they're stronger than Me!
10370001490	^{1}PlayerName^{2}, you're here. Captain Aikuni just sent word that she's swamped with work. From now on, if we need someone to run errands, lend a hand, or venture Into Peril, we're free to send you.
10370001491	"What does she mean by ""run errands""? She's gone a little too far."
10370001492	Quiet! You there—the black... soot sprite. Stay away from my experimental equipment.
10370001493	"I've actually been studying the ""Nails of World Law"" appearing throughout Prontera. I believe they're connected to Juperos's long-lost ""Thought Form"" technology. Take a look at this. It's a sample I collected in the Ant Cavern."
10370001494	Handle it carefully. This is extremely valuable research Material... even if it does look like nothing more than a glowing mass of Magic.
10370001495	You've already seen the vision the compass showed you, haven't you?
10370001496	What is that?
10370001497	It was a glimpse of the future. But that isn't its only purpose. Keep it safe—it will play an even more important role in the future.
10370001498	As for everything else... I can't tell you much right now. All I can say is that everything you've experienced so far is merely the first measure of a grand symphony.
10370001499	And You will be the only one capable of deciding their fate.
10370001500	This place is beautiful! It's much more comfortable than ^{1}PlayerName^{2}'s Backpack~ But... why does it feel so familiar?
10370001501	It's almost time. You should go back.
10370001502	The next time we meet... I hope you'll bring Me a more interesting Story.
10370001503	Remember—falling is not the end. It is simply another beginning.
10370001504	"What happened to you just now? You suddenly froze like a statue, and you even knocked over and shattered the ""Thought Form"" storage vial! I thought you'd caught some kind of desert fever..."
10370001505	Sigh... It took me so much effort to extract that sample. Never mind. As long as you're all right. You've had a long day, so go get some rest. I need to reorganize the Data anyway.
10370001506	It's finally over! Today was even more exhausting than being chased by a Peco Peco! Time to get some rest~
10370001507	Adventurer, it has been far too long. Your mind and body have undergone a complete transformation since you were an inexperienced novice. At last, the time for your Advance has come.
10370001508	Since you're Ready, I shall perform the Tier Two Job Advance Ritual and let the power of the gods fully merge with your blood.
10370001509	Come. With your new job, You will face even greater Challenges.
10370001510	Congratulations, Adventurer. As of today, you have officially advanced to Trans. 2nd. Greater power brings greater responsibility, and it's time to improve your equipment.
10370001511	Go see Hollgrehenn. He has a gift from Tritura Academy for every Beginner.
10370001512	Ha-ha! I knew it was you! Long time no see, Adventurer! I heard you reached Trans. 2nd? Your growth has been nothing short of remarkable!
10370001513	That's right. Tritura Academy does work with me, so every Adventurer can come here to receive a gift.
10370001514	It's time for you to Craft your own advanced equipment. Here—this high-grade Material is a gift from the Academy. Use it for practice. Go on, give it a try! I bet you'll Craft a golden Legend!
10370001515	Unforgivable... The Church clearly promised to protect the research equipment, and look what happened! I spent three years calibrating that precision instrument!
10370001516	Come now, Professor, please calm down. It's just an instrument. We'll certainly compensate you for it...
10370001517	"Compensate me? How? That was the only prototype on the entire Midgard continent! Without it, my research into the ""Nails of World Law"" will be set back by at least three years!"
10370001518	Er... this was indeed our oversight. But our investigators have already taken a team to pursue the Clue. Please try to calm down. We'll take responsibility and recover it.
10370001519	Calm down? I don't believe a word of this irresponsible investigation! If you fail to recover it, which of you can replace years of my Research Results? The only person I trust now is my assistant.
10370001520	Sigh... Why put yourself through this? Fine, if you insist. We found this at the scene. The thief must have dropped it.
10370001521	You're the Professor's new assistant, right? Here, take this. This bow tie was left behind at the crime scene as evidence.
10370001522	Take this to the first floor of the Culvert and meet Fervor, an investigator with the Knight Order. He's a glutton, but he'll definitely be able to track the scent. Now hurry. All this scolding is giving me a headache.
10370001523	This bow tie... Why does it smell so bad? Don't tell me some Vagrant stole the device. This is going to be a lot of work.
10370001524	Huh? There's no one Nearby. Where's the investigator?
10370001525	Why don't we call out his name? Maybe he'll come out when he hears us. What do you think?
10370001526	Good idea.
10370001527	Okay, here goes!
10370001528	I can't believe it... The investigator is a dog! Can that Knight really be trusted?
10370001529	Woof! Woof, woof!
10370001530	Okay, okay~ It says it really is an investigator with the Knight Order and that we shouldn't look down on it.
10370001531	How can you understand a dog's Language?
10370001532	Good question. No idea. Maybe I'm just exceptionally gifted. After all, I'm the smartest Deviling on the entire continent of Midgard.
10370001533	Woof! Woof woof woof!
10370001534	It says you have some evidence on you, and it wants to sniff it. It probably means that bow tie, right?
10370001535	Tsk, tsk. Who left these Clothes here? Look at this fabric—there's barely more than a bandage, and it's covered in cat hair... Just how filthy is the owner? Could the device have been stolen by some sexy cat Demon wearing this?
10370001536	(Frantically paws at the ground, tail spinning like a propeller, and barks wildly at the vest) Woof, woof, woof! Woof! Woof, woof, woof, woof!
10370001537	Hmph. It says there's no mistaking the scent. The thief who stole the device left this behind. I hate to admit it, but this border collie really does have a sharp nose.
10370001538	Since it's so excited, I suppose we can follow our dear investigator. If we follow this scent, we should be able to catch that perverted little thief.
10370001539	(Presses its nose close to the cardboard box, sniffing frantically and barking urgently) Woof! Woof, woof, woof! Woof, woof!
10370001540	Oh my gosh! What the heck is this now?! A cardboard box full of sand? What are those little logs inside? Ugh, they stink!
10370001541	It looks like a litter box.
10370001542	What??? You mean that's cat poop?!
10370001543	"(Sticks out his tongue, about to lick the ""Treasure"" in the cardboard box) Woof, woof, woof!"
10370001544	Stop! Fervor, don't you dare! You can't eat that! It's poop! Poop, understand?! Aaaah, I'm going blind!
10370001545	Is this really a Clue? I bet this dumb dog only tricked us into coming here because he wanted a snack!
10370001546	Fine... For the sake of that precious device, I'll trust this glutton one last time. Let's go, before I throw up...
10370001547	(Looks eagerly toward the Teleport portal Nearby) Woof, woof! Woof, woof, woof, woof!
10370001548	We have to go down another floor? What the heck is at the end of this Culvert...?
10370001549	"Ugh, No idea. Can this dumb dog really be trusted? Let's go... But if there are any more ""poop Clues"" on this floor, I'm going on strike!"
10370001550	Huh? What's wrong, Fervor? Isn't that just some passerby? Why are you stopping him?
10370001551	D-Don't bite me! I'm an academic! I'm studying... the population distribution of urban cockroaches! Yes, cockroaches! I'm a cockroach researcher!
10370001552	A cockroach researcher?
10370001553	What are you doing here?
10370001554	It's true! I'm not lying! Oh... I remember now! I put two meat sandwiches in my pockets this morning as bait for giant cockroaches. The smell must have attracted this dog!
10370001555	Here... give them to it! Just don't let it bite me!
10370001556	Hey, Fervor! Have you no shame?! You forgot all about the job for two lousy sandwiches? That guy is a criminal!
10370001557	"At least it's Regular food this time. I still haven't forgotten how you snuck a bite of that ""chocolate bar"" from the litter box. That was so embarrassing."
10370001558	Woof! Woof, woof, woof, woof!
10370001559	Em...
10370001560	What did it say?
10370001561	"That's disgusting. It says it isn't full, and... that the sandwiches aren't as Delicious as the ""chocolate bar."""
10370001562	Woof! Woof, woof, woof, woof! Woof, woof, woof!
10370001563	Enough about food! You've been eating nonstop this entire time. Are you here to work or hit the buffet? Doesn't the Knight Order feed you?
10370001564	Fervor, could you please focus on the job? If food distracts you from your work again, I'll... I'll shave off all your fur!
10370001565	Woof, woof, woof, woof!
10370001566	Hey, Fervor, why did you stop again? Did you smell something Delicious this time?
10370001567	A set of Clothes and a pair of Shoes are lying on the ground. They look kind of familiar...
10370001568	Huh? The guy vanished and left his Clothes here? What's going on?
10370001569	These Clothes look familiar.
10370001570	Wait... Aren't these the Clothes that guy was wearing? What respectable researcher would come down to this stinking drain, strip off all his Clothes and Shoes, and leave them here? He obviously felt guilty and ran away!
10370001571	(Spins through the air in fury) I knew that guy was acting suspicious! Forget those stupid sandwiches—he must've stolen something and deliberately used them as bait to throw Fervor off his trail! Fervor, sniff around! Which way did he go?
10370001572	Meow, meow, meow, meow... Meow, meow!
10370001573	Huh? No wonder they found us. Louie, Katie says these people have its bow tie! How despicable!
10370001574	You're the ones who stole the Professor's things! Who's really despicable here?
10370001575	Everyone, please, calm down~ Why all the hostility? Since we each have something the other party wants, why don't we resolve this in a more Peaceful manner?
10370001576	Do we have to? Why not just beat them until they lose their memories...?
10370001577	Allow me to give you a Regular introduction. I am Louie von Schillerkens, a poor soul failed by the current system and... well, the strategic advisor of this little group.
10370001578	We're willing to give you what you want in exchange. But now that you've Discovered our secret, we can't simply let you leave. How about this...?
10370001579	Let's play a game. The Rules are Easy. The three of us will hide inside these three Bells, and you'll have to guess where each of us is. Guess correctly, and we'll give you the item. Guess wrong... and you'll have to Join us, starting as our lowest-ranking lackey!
10370001580	Then let the game begin!
10370001581	So, in accordance with our Alternate plan, we've decided to move out immediately. Until we meet again~
10370001582	We've got the bow tie! You can keep that useless piece of junk!
10370001583	It's back? Oh my gosh... You really brought it back in one piece!
10370001584	That kind of efficiency would put those idiots in the Knight Order to shame. I knew giving the job to someone reliable would work better than making them fill out a hundred Request forms.
10370001585	Fortunately, the core parts are intact, but the Control components are slightly misaligned. Go take care of whatever You need to do. I have to start the Repair and calibration immediately, and it'll take at least three days and nights.
10370001586	That's it? You're just dismissing us? We crawled through filthy sewers and saw things we were never meant to see...
10370001587	Oh, good work. Um... take your payment. That'll be all.
10370001588	You're here! I desperately need your help.
10370001589	The evening before last, a caravan from Juno was attacked by Baphomet Nearby the Hidden Forest. That damned Monster is still occupying the area and blocking the road.
10370001590	Worse yet, the core part I ordered was on that wagon. Without that component, this instrument is nothing but scrap metal. There's no way to start it.
10370001591	How absurd! Those church officials guard the Nail of Discipline all day and refuse to let us Approach it, yet they allow Monsters to plunder cargo right under their noses? This is a complete dereliction of duty...
10370001592	I have no choice but to rely on you, ^{1}PlayerName^{2}. Of all your Quests, this one is very dangerous, but I can submit a Request to the Rune-Midgarts royal family for a special stipend as your reward. Please bring the part back!
10370001593	You're here on behalf of Professor Ryan, aren't you? How humiliating... We accepted such a large commission from the Professor, yet couldn't even protect half a wagonload of parts.
10370001594	That damned Baphomet descended from the sky, and even fighting for our lives did no good. He scattered the cargo everywhere, and now no one dares to retrieve it.
10370001595	Curse you, Baphomet! If I were only stronger, I'd skin that beast alive!
10370001596	This is it... the flow Control valve, completely intact! You actually took it back from Baphomet... No, I mean, retrieved it.
10370001597	Excellent. With this, I can finish the Repair of my device. Meet Me at the Knight Order outpost northeast of the city. I need to perform the final test at the Nail of Discipline.
10370001598	Hey! That's it? Aren't you going to praise us? We just fought a bull-headed Monster!
10370001599	"Efficiency is a fundamental quality for any scholar. Arriving late could skew the Data... And stop calling it a ""bull-headed Monster."" That's Baphomet. Its scientific name is ""Minotaur."" Your terminology is terribly imprecise."
10370001600	You're here. Perfect timing—the instrument has just finished starting up, so we can begin the field test.
10370001601	Help Me move this instrument beside the base of the Stone Pillar. Handle it with extreme care.
10370001602	Once it's in position, we can perform the most critical step. Connect the mechanical flexible arm on top of the machine to the surface of the Stone Pillar. Then it can extract the energy flowing inside the Nail of Discipline.
10370001603	What exactly is this huge black Stone? Won't making Contact with it harm us?
10370001604	Enough nonsense! This is a serious experiment! Hurry—the energy window will only last a few minutes. If we miss it, we'll have to wait until tomorrow.
10370001605	Stop. This is the sealed area surrounding the Nail of Discipline. Unauthorized personnel are strictly forbidden to Approach.
10370001606	I'm the Professor's assistant.
10370001607	So you're with that deranged scholar... Hmph. I can't believe they're allowing an outsider from Juno to tamper with something vital to the kingdom's security.
10370001608	Someone from Juno? Isn't the Professor a scholar of the Rune Kingdom?
10370001609	He spent more than a decade in Juno studying the principles of Magic, filling his head with dangerous, heretical theories. How does that make him any different from a foreigner? Still, I have my orders, so I won't stop you.
10370001610	Go on, but be quick and exercise caution when making Contact. If you Destroy this miracle, the consequences will be far beyond anything you can bear.
10370001611	Hmph. You talk as if you're so responsible, but weren't you the ones who lost the instrument last time?
10370001612	That was indeed the Knight Order's responsibility. But I'm standing guard now, and I won't allow such a blunder to happen again. Go on and complete your mission as quickly as possible.
10370001613	My name is Bragis Skjald, a bard... and the chronicler of this timeline's epic.
10370001614	This timeline is on the verge of destruction, and you're the only one who can resolve this crisis.
10370001615	It may sound cliché, but the way the Nail of Natural Law responds to you is all the proof we need.
10370001616	Your compass... It should begin collecting Soul Echoes soon, shouldn't it? They're more important than you realize.
10370001617	Farewell, my friend. When you're ready, we'll meet again, and I'll tell you more.
10370001618	Calm down and tell me what happened.
10370001619	Sir, a strange Stone platform suddenly appeared in the Pyramid area this morning! The Monsters there have also become unusually agitated and extremely aggressive!
10370001620	"Oh? What do you mean by ""suddenly appeared""?"
10370001621	Well... it simply materialized out of nowhere, almost as if a divine miracle had descended...
10370001622	What's causing the Monsters' unusual agitation?
10370001623	Ever since the stone platform appeared this morning, the Monsters in the Pyramid area have become extremely agitated for some unknown reason. Several Adventurers have already been injured! Our squad was sent to clear them out, but we can't handle them at all!
10370001624	Understood. Take Me there immediately so I can provide Utility support.
10370001625	Wait! I'm coming too!
10370001626	Professor Ryan, we're carrying out official duties. This has nothing to do with you.
10370001627	I don't care. That thing appeared in exactly the same way as the Nail of Discipline, and at nearly the same time. There must be a connection. I have to investigate immediately.
10370001628	Why are you looking at Me? Didn't the queen order you to give Me your full cooperation? Is that a problem?
10370001629	...Of course not. Fine, you can come with us.
10370001630	^{1}PlayerName^{2}, I'm heading there now. Come over as soon as you have time. I'm sure we'll have plenty of work for you.
10370001631	Stop! The first floor of the Pyramid has been declared a restricted area. Normal Adventurers are forbidden from entering. It's far too dangerous right now.
10370001632	The Relic... Are you with the Professor and Knight Isis? That object is deep inside the Pyramid. Ever since it appeared, the Monsters here have been agitated beyond Control.
10370001633	No worries. We're here specifically to deal with that Relic! I'm not afraid of the Monsters here. ^{1}PlayerName^{2} can definitely drive them away, right?
10370001634	All right. You're wearing Fine equipment, so you must be capable. In that case, could you do Me a favor? My comrades should be fighting the Monsters Nearby...
10370001635	What is it?
10370001636	If you encounter them inside, Please help them. The Monsters' ATK is absurdly high right now, and I'm afraid they won't last much longer!
10370001637	Thank You so much, Adventurer. I've marked the Relic's approximate location for you. Be careful.
10370001638	Thank You for your help! No idea what has gotten into these Drainliars, but they've become terrifyingly aggressive... It's too dangerous here. You should turn back immediately.
10370001639	Go back? You've got to be kidding! We're old man Ryan's assistants, and we're here specifically to protect him. Monsters at this level are no problem at all~
10370001640	Oh... You're with the scholar who came with the Knight? No wonder you're so confident. If you're determined to move Forward, then Please be careful. Ever since that glowing object appeared, every Monster in the Pyramid has gone Berserk, as if they'd been guzzling strong liquor.
10370001641	Which direction is the Relic? Could you mark it on our map? Thank You!
10370001642	Understood. I've marked the direction of the Relic on your map. Good luck, Adventurer... May Odin be with you.
10370001643	Th-Thank You! Why would you venture into a place like this? The entire Pyramid is under lockdown. It's extremely dangerous here!
10370001644	We're here to protect Professor Ryan. Once we accept a request, we see it through to the end. We also rescued several of your colleagues just now. They're safe.
10370001645	So you're with the Professor... Please be extremely careful. It seems Pharaoh, the most vicious Monster of Legend within the Pyramid, has awakened. If you encounter it, your chances of survival will be slim.
10370001646	Uh... Pharaoh? What is that? Is it strong? If it gets in our way, we'll chop it up and burn it for firewood, right, ^{1}PlayerName^{2}?
10370001647	Understood. The Relic should be in this direction. I've marked it on your map.
10370001648	It's terrifying. The closer we get to the Relic, the further the Monsters spiral out of Control. That Pharaoh we just saw looked as though it had crawled straight out of hell...
10370001649	After the sarcophagus dragged you away, Pharaoh disappeared as well. If you hadn't stepped Forward and lured it away, all of us would probably be nothing but bleached bones in the desert by now.
10370001650	I'm sorry. My attitude at the City Gate was No good. I take back what I said—you truly are an admirable Adventurer. Thank you for everything. You didn't suffer any internal injuries, did you? That suction looked impossible to survive.
10370001651	Hehe, not bad for a big dummy. ^{1}PlayerName^{2} is incredibly lucky, especially since they still have to take me out for dessert.
10370001652	Thank goodness you're all right. That Spatial Distortion caused quite a commotion. I was afraid you'd been pulled into Pharaoh's dimension and wouldn't make it back.
10370001653	Want to hear about my new Discover?
10370001654	All right
10370001655	No
10370001656	The runic structure and residual energy on this Relic are identical to the Nail of Discipline Outside the City of Prontera. That can't be a coincidence. There must be some deeper connection between them.
10370001657	You're the only one who managed to Activate the Stone Pillar in the city. I spent months tinkering with it and got no response. So... would you like to try touching this? Don't worry, I have Isis standing by over there. If it throws you back, his sturdy frame should probably—maybe—be able to catch you.
10370001658	"You stinky old man! What do you mean, ""should probably—maybe""? If he doesn't catch my Adventurer, they'll be squashed flat! No good!"
10370001659	Stay out of my research, you black sootball freak! I'm asking ^{1}PlayerName^{2}!
10370001660	Hahaha! That's my enlightened, motivated, and courageous Chief assistant!
10370001661	Hmph. I think you've really lost your mind...
10370001662	We meet again. It seems you've found the second piece of the puzzle.
10370001663	Breathing is normal, but there's no consciousness... Most likely... a protective coma caused by a concussion? If we wait a little longer, they'll wake up... right?
10370001664	This is all your fault! You insisted they touch that stupid Stone! Now ^{1}PlayerName^{2} has brain damage! What are we going to do?!
10370001665	Oof... Theoretically, an impact of this intensity shouldn't cause anything more serious... right?
10370001666	If the head trauma poses a risk of Suffocation, would you like me to perform rescue breathing? I am prepared to do so, even at the cost of my dignity.
10370001667	Uh... right! According to the Gold four-minute rule, we must intervene. Knight, you're up!
10370001668	All right. For honor and duty...
10370001669	Y-you're okay?
10370001670	^{1}PlayerName^{2}, you're finally awake! I was worried sick!
10370001671	Phew... Thank goodness you woke up in time. We almost...
10370001672	Almost what?
10370001673	Nothing, nothing. We were just discussing having this esteemed Knight carry you back to Prontera if you didn't wake up.
10370001674	Hahaha! Yes, exactly. Since you're okay, I'll be going. I still have a mission to carry out.
10370001675	Phew, you're finally awake! You really scared me... I never expected the recoil to be so powerful that it would knock you unconscious.
10370001676	Still, your unconsciousness proved quite valuable. It confirmed my theory once again—you may be the only person in the world capable of activating these things. The Church has already taken the Relic away and placed it in temporary storage at the palace.
10370001677	All right, you've been through one danger after another, so you must be exhausted. I'm a VIP member at the Oak Inn in southern Prontera. Go rest there and give them my name. They'll arrange their best room for you.
10370001678	Hey! You stingy old man! ^{1}PlayerName^{2} got hurt because of you, and all you're offering is a room for the night?
10370001679	Of course! That's already the finest treatment available. Now get going. I'll return to the laboratory and organize the Data, and you should catch up on sleep. Get plenty of rest—who knows what strange things will happen tomorrow?
10370001680	Welcome to the Oak Inn! Are you here for a meal or a room? Or perhaps a little drink~?
10370001681	A room! Put it on that stinky old Professor Rhein's tab! He sent us.
10370001682	Ah, the professor is one of our premium VIP members. He mentioned the two of you and specifically asked us to prepare a quiet room by the window on the second floor. He said you needed a good rest.
10370001683	You think back on everything you've experienced over the Recent few days. None of it feels real.
10370001684	As your thoughts wander, drowsiness overtakes you, and at last you close your eyes...
10370001685	I've been waiting for you, Adventurer. I'm a Monsterologist dedicated to creating a Record of every creature's ecology.
10370001686	I'm compiling an unprecedented Encyclopedia of Monsters. But I don't need a few scraps of fur—I need comprehensive Data. Listen: travel far and wide, hunt monsters, Kill as many as you can, and bring their information back to me.
10370001687	Only sufficient numbers will let me take my research deeper, and the deeper my research goes, the more amazing your rewards will be. We both win.
10370001688	All right, go give it a try.
10370001689	Good to see you again, Adventurer. You've managed to Level-up your equipment incredibly quickly. You must have been fighting for your life out there. Excellent work!
10370001690	"Now that you've advanced, there's something I have to teach you—Refine! It's Midgard's greatest form of ""legal gambling."" Come on, hand over your equipment and let's see if we can smash it to pieces... Er, I mean, send it soaring to new heights!"
10370001691	Uh-oh. Teaching someone to gamble is asking to get struck by lightning~
10370001692	"Ahem... Don't talk nonsense. Remember, this is 30% LUK and 70% Fortify. Don't blame me if it breaks. After all, I'm just a humble Blacksmith who ""delivers"" the Goddess of Fortune's blessings."
10370001693	But don't worry too much. There's a beginner protection period, so the Success Rate is extremely high for your first few attempts!
10370001694	Today, I also want to tell you about a special event called the Commendation Vault.
10370001695	This isn't Battle training. It's a way to Obtain Resources. By participating, you'll have a Chance to earn plenty of money and EXP.
10370001696	Money and EXP? What a sweet deal! Bobo wants to join too!
10370001697	Come. Now I'll teach you how to unlock the Commendation Vault event.
10370001698	Hello, Adventurer! Our company is hosting a televised competition called Kafra Survivor Showdown. Come give it a try—the last contestant standing will win a fantastic grand prize!
10370001699	Let me show you how to register for the event~
10370001700	We meet again, my dear Adventurer, ^{1}PlayerName^{2}. Do you remember the compass I gave you? You've carried it with you all this time, but it has yet to reveal its true power.
10370001701	To Activate its deeper power, you must collect something called Soul Echo. These are the memories and powerful Emotions that living beings leave behind in the world. Each holds a unique frequency, making them exceptionally rare.
10370001702	Let me show you how to Insert these echoes into the compass. Awaken its true potential.
10370001703	Hello, we meet again. Don't ask why I've come to this scorching desert. To witness the growth of an Excellent prospect, these old bones of mine must travel far and wide.
10370001704	Wow, it's you again! We've gotten lots of new equipment Recent. What do you think? Do we look stronger?
10370001705	Equipment alone proves nothing. I can sense power surging within you, still not fully under control. It's time for your Second Job Change.
10370001706	Come, Kill some Nearby monsters and show me your current strength.
10370001707	Excellent. Your control over your STR is much steadier than when we first met. Your trials in this desert have truly transformed you.
10370001708	Remember, the Second Job isn't the end. It's your ticket to even harsher adventures. From this day forward, you'll shoulder greater responsibilities. Don't disappoint me or those who support you.
10370001709	That's amazing! After your Job Advance, will you be able to carry little Me to victory too? I don't want to hide in the back and cheer every time.
10370001710	All right, let's begin. Place your hand on the Book of Job Advance, and I'll guide you through your Second Job.
10370001711	What astonishing growth! You're ready for your third job change. Continue onward along your chosen career path!
10370001712	The road ahead is under construction and temporarily closed. Please come back later.
10370001713	Something in the abyss seems to be watching you... (Only the Party Leader can select a target)
10370001714	Challenge Next Boss
10370001715	Reset Challenge
10370001716	Leave the dungeon
12990000000	Test Gift Pack
12990000001	Standard Monthly Pass
12990000002	Premium Monthly Pass
12990000003	Purchase Standard + Premium Together
12990000004	Pass
12990000005	Pass Gift
44001	●Many ferocious monsters have appeared on Dragon Sarcophagus Isle, intent on breaking the dragon's seal. Before challenging the dragon, you must first stop the endless onslaught. Monsters will continuously pour from the purple portals. Only by deploying Adventurers wisely can you repel their assault.
44002	●The dragon is sealed at the center of Dragon Sarcophagus Isle. Monsters will continuously surge toward the center in an attempt to break the seal. Any monster that reaches the seal will damage it, so be sure to defeat them before they get close.
44003	Easy
44004	Hard
44005	Desperate
44006	Outer Area
44007	Inner Area
44008	Gloom Over Dragon Sarcophagus Isle
44009	Gloom Over Dragon Sarcophagus Isle
44010	In the waters surrounding the continent of Midgard lies a little-known island. It appears on no sea chart, and only ships that have lost their way occasionally stumble upon it. Yet no crew dares linger there, for terrifying, thunderous roars have echoed from the island's depths for as long as anyone can remember.\n \nLegend holds that the dragon Fafnir is sealed deep within the island. Once a descendant of the giants, he was slain by a descendant of Odin for his insatiable greed for treasure. After Ragnarök, he returned from the underworld to Midgard, transformed into a decaying dragon driven by nothing but greed. To stop Fafnir's plunder and slaughter, people built fortresses, Turrets, and magic formations across the nameless island. Using gold as bait, they ultimately sealed him away through tremendous Devotion. Thus, the island came to be known as Dragon Sarcophagus Isle.\n\nCenturies have since passed, and the seal's power has begun to wane. The roars from the island grow more deafening by the day, while monsters drawn by the dragon's call gather nearby and relentlessly attack the seal.\n\nFafnir, the dragon once thought safely sealed away, has lost none of his greed. His power stirs deep within Dragon Sarcophagus Isle, threatening the Peace of the continent.\n\nFaced with this threat, the Guild has issued a call to arms. To protect the continent of Midgard and prevent Fafnir from unleashing another catastrophe, brave Adventurers must be assembled. These heroes will form a dragon-slaying force, travel to Dragon Sarcophagus Isle, and challenge Fafnir once more for the sake of the continent's future.\nTo restore the seal, keep the greedy dragon contained, and protect the Peace of the continent of Midgard, the Guild must gather the bravest Adventurers into a dragon-slaying force and send them to Dragon Sarcophagus Isle to challenge the dragon once more.
44011	Personal Rewards
44012	Auction Rewards
44013	Report
44014	Ranking
44015	Rewards
44016	Tips
44017	Next Event Begins
44018	${1} ${2}-${3}
44019	Waiting for Event to Begin
44020	Time Until Event Ends: ${1}
44021	${1}
44022	Open Dungeon
44023	Enter Battlefield
44024	Current Battle Report
44025	This GvE challenge has ended
44026	Report
44027	Outer Area
44028	Inner Area
44029	Challenge difficulty
44030	Rank
44031	Player name
44032	Damage
44033	Healing
44034	DMG Taken
44035	Points
44036	Inner Area
44037	High Platform
44038	Fire/Reload/Repair
44039	Kill Young Dragons
44040	Unlock Difficulty
44041	${1}
44042	Higher difficulty unlocked! A higher difficulty brings greater challenges, but also richer rewards.
44043	Suggested
44044	Once an administrator starts the challenge, each Guild Member can Enter Dungeon.
44045	Start Challenge
44046	Start Event
44047	The selected difficulty is not the highest difficulty unlocked. Start the challenge at the current difficulty?
44048	Rally
44049	Gloom Over Dragon Sarcophagus Isle - ${1} Challenge is now open! Come join the fight against the dragon!
44050	Reject
44051	Go
44052	Gloom Over Dragon Sarcophagus Isle - ${1} Challenge is now open! Come join the fight against the dragon!
44053	Opens in ${1}
44054	Players
44055	Management
44056	${1}
44057	Event Management
44058	During the event preparation phase, a Guild administrator can manually skip preparation and start the challenge immediately.
44059	Start Now
44060	Rally All Members
44061	Abandon Event
44062	Abandon Challenge
44063	After abandoning the stage, you can return to the event screen, select a new difficulty, and start another challenge. This challenge will count as a failure. Abandon it?
44064	Cancel
44065	Confirm Abandon
44066	Skip Preparation
44067	Skip the preparation phase and start the challenge?
44068	Confirm Skip
44069	Wave ${1}/${2}
44070	Difficulty Warning
44071	If the current event difficulty is too high...
44072	Go to Guild Management
44073	<color=#FF6161>Time Until Exit</color>
44074	${1}/${2}
44075	${1}
44076	If the Challenge difficulty is too high, you can abandon the stage from within the Dungeon and select a new difficulty.
44077	If the stage difficulty is too high, you can abandon the stage, return to the event screen, and select a new difficulty.
44078	Rally sends a quick invitation to Online Guild Members
44079	Easy
44080	Mode
44081	No Difficulty Selected
44082	Resets in ${1}
44083	<color=#F8B453>Go to the teleportation portal to enter the Inner Area</color>
44084	The Dungeon is not open yet. Contact Guild Management to open it.
44085	The event has not begun yet
44086	Event Ended
44087	Previous difficulty not yet cleared
44089	<color=#F8B453>Distance Until Event Opens</color>
44090	Next Wave
44091	Final Wave
44092	Confirm Exit
44093	You can reenter from the event screen after exiting. Exit the area?
44094	Confirm Revive
44095	After you Revive, you can only travel to the ramparts and cannot reenter the Inner Area. Revive now?
44096	Tap an area on the map to add a marker
44097	Go
44098	Remove
44099	Tap a marker to auto-navigate
44100	Remove All
44101	This area is inaccessible and cannot be marked
44102	Marker limit reached
44103	Manage Markers
44104	Players in Instance
44105	Players in Inner Area
44106	Players on High Platform
44107	Event Management
44108	No data from the previous event
44109	Berserk
44110	Enraged
44111	●If monsters reduce the seal's durability to 0, the dragon's seal will break, bringing catastrophe to the continent of Midgard and causing the event to fail.
44112	●After successfully defending the dragon's seal, you can venture into the heart of Dragon Casket Isle to hunt the dragon. Some Adventurers must enter the Inner Area and face the dragon directly. Not all Adventurers can fight the dragon, so the guild must assign members appropriately.
44113	●Other Adventurers can use siege weapons atop the high walls to attack the dragon. Cooperation between Adventurers and effective use of these weapons are the keys to victory.
44114	Dragon Casket Isle Gloom Guide
44115	Dragon seal successfully defended. Enter the Inner Area and challenge the dragon.
44116	Dragon hunt successful. The event has ended.
44117	Can Mark:
44118	Hide Markers
44119	Show Markers
44120	Clear Markers
44121	Random event starting soon
44122	Almagia
44123	[Weak Value]
44124	Suggested
44125	Opening
44126	Reset Stage
44127	Confirm Stage Reset
44128	Resetting the stage will return it to its Initial state, fully restore the monsters' HP, and restart the challenge.\nReset the stage?
44129	Cancel
44130	Confirm
44131	Preparation Phase
44132	Launch
44133	Activating <color=#F99940>${1}</color> Mode
44134	You cannot join a battle already in progress. Please wait until it ends.
44135	Please join a guild first
44136	Start Battle
44137	Dracula's Bride
44138	Exit (${1}s)
44139	Rescue the Bride
44140	Search for the Key
44141	Gang Members are mounting an active rescue
44142	Tap the Spectate Button on the right to Enter a teammate's view
44143	Exit Spectate
44144	Opens in ${1}
44145	Wedding Crashers
44146	No players are currently available to Spectate
44147	Blood Pact
110001	Lv.${1}
110002	Life Skill Overview
110003	Primary Profession
110004	Second Class
110005	Max
110006	Lv. ${1}
110007	Coming Soon
110008	Not Learned
110009	Go Learn
110010	Change Job
110011	Use the following item to unlock this class?
110012	Learn
110013	Replace
110014	Vigor
110015	Next Recovery
110016	Use
110017	Title Skill Bonus
110018	Recipe Type and Description
110019	Unlock Requirement
110020	Unlock
110021	Required Materials
110022	Amount
110023	Total Cost
110024	Job Level ≥
110025	Title Level ≥
110026	Output
110027	Map Tracking
110028	Use the following item to unlock this product?
110029	Gathering Area
110030	Collect
110031	Mining
110032	Gardening
110033	Unlocked
110034	Unlocked
110035	Locked
110036	During the event, complete Activity Quests to earn Treasure Maps. Digging for treasure may unlock a Treasure Stage or summon monsters. Defeat them to earn generous rewards. Collect Treasure Map Fragments to craft a High-Grade Treasure Map and receive a guaranteed rare reward!
44501	Epic Battle
44502	Normal Mode
44503	Hard Mode
44504	Nightmare Mode
44505	Story
44506	Temple of Cadence
44507	Above the Sea of Clouds
44508	Chaos Court
44509	Recommended Players:
44510	Rewards
44511	Unlock Requirement
44512	Not yet available
44513	Open Dungeon
44514	Waiting for the Guild Leader to Open
44515	Enter Dungeon
44516	View Auction
44517	Instance opens in ${1}
44518	Opens in ${1}
44519	Instance closes in ${1}
44520	This instance has ended
44521	Auction
44522	You have already claimed the Stage ${1} reward. Skip the stages with no rewards?
44523	Start Now
44524	Skip Stage
44525	Rewards
44526	Unlock Difficulty
44527	New Stage - ${1}
44528	Stage Name
44529	Challenge difficulty: ${1}
44530	Stage Settlement
44531	Rewards
44532	Bid List
44533	The auction will open after Settlement
44534	Continue
44535	The auction will open in ${1}
44536	Normal
44537	Hard
44538	Desperate
44539	Clear Time: ${1}
44540	New Record
44541	Rewards for cleared stages have been issued
44542	Guild Challenge: Eternal Land - ${1} difficulty is now open
44543	Guild Challenge: Eternal Land - ${1} difficulty is now open. Join your fellow Guild Members in battle! Click to join >>
44544	Reject
44545	Go
44546	Auction List
44547	The auction will open when the event ends
44548	You can continue participating in the auction after switching dungeons, leaving the dungeon, or leaving the party
44549	Event Management
44550	Skipping can be enabled manually during the preparation phase.\nIf the stage is too difficult, you can abandon it and select a different difficulty after enabling this option.\nThe rally Function lets you post a stage rally in the Guild Channel and invite Guild Members to participate.
44551	Abandon Event
44552	Rally All Members
44553	Start Now
44554	Abandon Challenge
44555	If you abandon the stage, you can return to the event screen, select a different difficulty, and start the challenge again. This challenge will be considered a failure. Confirm?
44556	Confirm Abandon
44557	Cancel
44558	Skip Preparation
44559	Skip the preparation phase and enter battle immediately?
44560	Confirm Skip
44561	Time Until Event Starts
44562	Event Ended
44563	Dungeon Closing Time
44564	Log In
44565	Clear ${1}
44566	Guild Challenge: Epic Battle is now open. Head to the Guild Event panel to provide Utility support to your allies!
44567	The battle has already begun. If you leave the dungeon, you cannot rejoin the battle.\nAre you sure you want to leave?
44568	You have no Reward Count remaining, so you will not receive Additional rewards from this challenge
44569	Reset This Stage
110106	Refresh
110107	Title Advance
110108	Recipe Unlock
110109	Learned successfully
110110	Job Advance successful.
110111	Job Advance from ${1} Lv${2} to ${3} Lv${4}?
110112	Life Skill titles and their corresponding skill data will be reset when the Season changes
110113	<color=#AF9E8E>Lv${1}→</color><size=40>Lv${2}</size>
110114	${1} EXP +${2}
110115	Vigor is about to overflow. Unable to use!
110116	Vivify is full. Unable to use!
110117	Filter
110118	Keep
110119	Activate
110120	${1} Level Reached
110121	Minigame triggered!
110122	<color=#ee7d19>[${1}]</color>
110123	Unfortunately, there are no players with that transformation type on the field, so there is no winner
110124	A game is still in progress. Exit the game?
110125	Bonfire Ability
110126	Successfully transformed into ${1} Lv. ${2}! The winner's reward has increased
110127	The enemies have been successfully knocked back, and all the party performances are now complete
110128	Relax and enjoy the rest of the party
110129	Unlock  ${1}
110130	Party About to start
110131	Continuously gain large amounts of EXP during Blessing Time
110132	Ultra
110133	Qualified
110134	Failed
110135	Game Start
110136	Better Luck Next Time
110137	Countdown: ${1} seconds
110138	Round ${1}
110139	Success
110140	Failed
110141	Third-Prize Winners
110142	Second-Prize Winners
110143	First Prize Winners
110144	One-Tap Congratulations (${1}s)
110145	Size Level: ${1}
110146	Rewards grant <color=#63a22b>${1}%</color> Extra
110147	Time it right! Click as the pointer crosses the green area. The closer to the center, the higher your Rating!
110148	Tap the button rapidly to fill the gauge. The more energy you have when time runs out, the higher your score!
110149	Draw First Prize
110150	Draw Second Prize
110151	Draw Third Prize
110152	Time's up
110153	The party is over
110154	Bonfire ${1}
110155	Select the class you want to replace
110156	Stat bonuses will <color=#C26B47>reset when the Season changes</color>
110157	After switching Life Skills, you will Keep the level and EXP of your previous Life Skill
110158	Level Increased
110159	Success Rate: <color=#C26B47>${1}%</color>
110160	Tap to close
110161	Cooking...
110162	Cooking Rewards
110163	Total Dishes Cooked: <color=#FF993F>${1}</color>
110164	Eat <color=#C27B47>Special Dishes</color> to increase base stats. These bonuses are cleared when the Season changes
110165	Time Until Season Change: <color=#C27B47>${1}</color>
110166	Consume to gain <color=#63a22b>${1}</color> points of <color=#C27B47>${2}</color>
110167	Uses Remaining: ${1}/${2}
110168	Learn Life Skill
110169	Job Advance
110170	${1} Lv.${2}
110171	The Bonfire's blessing has faded. Please exit in an orderly fashion
110172	Successfully transformed into ${1} Lv. ${2} and earned eligibility for the prize draw
110173	Reach <color=#ff993f>${1}</color> to unlock
110174	The party has officially begun
110179	<color=#9ae35a>[Party Blessing]</color>
110180	Reward Count: ${1}/${2}
110181	<color=#9ae35a>Reward Count limit reached</color>
110182	<color=#FDAB5B>Vigor</color> -${1} (${2}/${3})
110183	Add
110184	Earn plenty of EXP continuously in the guild territory.
110185	Follow me~
110186	Core Rewards
110187	<color=#FA983A>${1} Class</color> Not Learned
44701	Guild Challenge: Eternal Land is now open. Guilds can enter the challenge from the Guild screen.
44702	Guild Challenge: Eternal Land is now open. The Guild Master or Vice Guild Master must start the challenge.
44703	The Eternal Land event has ended.
44704	Our Guild successfully cleared ${1} mode of the Eternal Land event. After the event ends, go to the auction to view the Auctioned items.
44705	This difficulty has not been unlocked yet. Unlock it to view it.
44706	The event has not started yet. Please wait.
44707	Please wait for the Guild Master or Vice Guild Master to start the event.
44708	Notice
44709	You can re-enter the dungeon after leaving. Leave now?
44710	Return to Game
44711	Exit
44712	Start Next Stage
44713	Goodbye
44714	Someone else is already controlling it!
44715	Armakia is about to leap
44716	Armakia is nearly exhausted
44717	The strings are beginning to vibrate
44718	Armakia is about to leap
44719	Ilmata has summoned her minions
44720	Difficulty Warning
44721	If the current difficulty is too high, you can abandon the challenge from the in-stage Event Management screen and select a different difficulty
44722	Cancel
44723	Go to Guild Management
44724	The selected difficulty is not the highest difficulty you have unlocked. Start the challenge at the current difficulty?
44725	If the Challenge difficulty is too high, Guild Management can abandon the challenge from the in-stage Event Management screen and select a different difficulty.
44726	Go challenge
44727	Decline
44801	Karazhan Harp
44802	Content Description Content Description Content Description Content Description Content Description
44803	Sylvanas Statue
44804	Content Description Content Description Content Description Content Description Content Description
44805	Dwarven Bone Flute
44806	Content Description Content Description Content Description Content Description Content Description
44807	Undead Rapid-Fire Cannon
44808	Content Description Content Description Content Description Content Description Content Description
44809	Alliance Ballista
44810	Content Description Content Description Content Description Content Description Content Description
44811	World's Best Lute
44812	Content Description Content Description Content Description Content Description Content Description
10830000000	Personal Rewards
10830000001	Auction Rewards
12420100000	Serve as the party's frontline\nPlayers who select this role have exceptional damage-taking capabilities and must stand ahead of their teammates to hold off enemy attacks.
12420100001	Serve as the party's healer\nPlayers who select this role have powerful Life recovery abilities and must keep their teammates healthy and provide Revive when needed.
12420100002	Serve as the party's damage dealer\nPlayers who select this role have exceptional damage-dealing capabilities and must focus on damaging enemies.
45000	Complete Seven-Day Missions to Get
45001	Complete
45002	Claim
45003	Tap to Enter Information
12480000000	Collection
10600100000	Reach Floor @{1} with a pet
10600100001	Melody of the God of Nature
10600100002	The Disturbance Deep in the Forest
10600100003	Gain the Offline Auto-Battle Bonus
10600100004	This Week's Competition Medals: ^{1}${1}/${2}^{2}
10600100005	Increase Einherjar Faith to gain Rare attributes
10600100006	@{1}v@{2}
10660000000	Angry
10660000001	Dismayed
10660000002	Cute
10660000003	Delicious
10660000004	Starry-Eyed
10660000005	Startled
10660000006	CHARGE
10660000007	Shy
10660000008	Sweating
10660000009	Happy
10660000010	Help Me
10660000011	Confused
10660000012	Smirk
10660000013	Lick
10660000014	Kiss Left
10660000015	Kiss Right
10660000016	Scratch Head
10660000017	Ugh
10660000018	Sigh
10660000019	Sorry
10660000020	Tears
10660000021	Thank You
10660000022	Send
10660000023	Head Pat
10660000024	Expressionless
10660000025	Yawn
10660000026	Smile
10660000027	Smug
10660000028	Surprised
10660000029	Troubled
10660000030	Stunned
10660000031	Speechless
10660000032	Crying
10660000033	Dizzy
10660000034	Large Emote@{1}
10660000035	Faint
10660000036	Stunned
10660000037	Wailing
10660000038	Ha!
10660000039	Evil
10660000040	Frown
10660000041	Nothing, really
10660000042	Happy
10660000043	Bonk
10660000044	Shush
10660000045	Give Flowers
10660000046	Kiss
10660000047	All right
10660000048	No
10660000049	Heart
10660000050	Peek
10660000051	Tease
10660000052	Giggle
10660000053	Please
10660000054	Play It Cool
10660000055	Wronged
10660000056	Shattered
10660000057	Salute
10660000058	Wave White Flag
10660000059	Weep
10660000060	Beg for Mercy
10660000061	So Weak
10660000062	Doge
10660000063	Blow Trumpet
10660000064	No
10490000000	Fresh-Faced Adventurer
10490000001	Novice
10490000002	Novice@{1}
46001	Combine
46002	Dismantle
46003	Synthesis Materials
46004	Synthesis Result
46005	Dismantle Items
46006	Materials Obtained
46007	Bulk Dismantle
46008	Obtainable by dismantling
46009	Select an item to dismantle on the left
46010	No items can be dismantled under the current tab
46011	High-quality items are selected for dismantling. Confirm?
46012	This action will consume ${1} to supply the missing synthesis materials, ${2}. Perform Quick Synthesis?
46013	This combine will consume ${1}. Continue?
46014	${1} is short by ${2}. Combine this item? You can currently combine ${3} items.
46015	Some items selected for dismantling are included in a preset. Continue dismantling?
46016	Successfully dismantled ${1} and obtained ${2}.
46017	Automatically dismantled ${1} and obtained ${2}.
46018	Batch dismantling successful. Dismantled ${1} items.
46019	Setting successful
46020	Enable Auto-Dismantle
46021	Disable Auto-Dismantle
46022	Combine is successful. Obtained ${1}.
46023	Quick Combine
46024	Confirm Cost
46025	Not enough items to combine.
46026	Already at the maximum value
46027	Already at the minimum value
46028	Select items to dismantle.
46029	No filter conditions selected.
46030	Auto-Dismantle
46031	Automatically dismantle equipment that meets all the following conditions.
46032	White
46033	Green
46034	Blue
46035	Purple
46036	Orange
46037	Red
46038	Items that meet all the above conditions will be selected for dismantling.
46039	Available Amount:
46040	Not enough combine materials.
46041	Combine Materials Across Levels
46042	Selected: ${1}
46043	Combine & Dismantle
46044	Cross-Level
46045	Auto-Dismantle Equipment
46046	Items Available to Dismantle
46047	Amount
46048	No Items Available to Combine
46049	Combine Using Cross-Level Materials
46050	Amount
46051	Rarity:
10320000000	Ah! Doushale, Doushale!
10320000001	Yikes! I can't handle this!
10320000002	Waiting for the administrator to begin or for the countdown to end
10320000003	Monsters begin to appear
10320000004	Stop the monsters from breaking the Dragon Seal
10320000005	Monster Movement Speed increases in @{1} sec.
10320000006	More monsters appear
10320000007	Monster DEF increases after @{1} sec.
10320000008	All objects turn into Porings for @{1} seconds
10320000009	Players must pass the Dynamite after @{1} seconds
10320000010	Lightning will strike beneath players after @{1} seconds
10320000011	Blessing Priests appear on the map after @{1} seconds
10320000012	The Monster Boss will appear in @{1} seconds.
10320000013	Dragon Seal successfully defended. Challenge complete!
10320000014	The Seal Defense is complete. You may proceed to the next stage.
10320000015	The monsters destroyed the seal. The battle has failed.
10320000016	The Guild Manager chose to abandon the campaign.
10320000017	Automatically leaving the battle in @{1} seconds
10320000018	Ability Acquired: Madogear Piloting
10320000019	Ability Gained: Arcane Acceleration
10320000020	Ability Acquired: Frost Ring
10320000021	Ability Gained: Lightning Domain
10320000022	Epic Campaign (Easy), Begin Challenge
10320000023	Epic Campaign (Normal), Begin Challenge
10320000024	Epic Battle (Hard Difficulty), Begin Challenge
10320000025	Fafnir has entered Battle Status. The portal will close in @{1} seconds.
10320000026	Fafnir has left Battle Status. The encounter will reset in @{1} seconds.
10320000027	Blazing Dragon Breath covers a huge area. Watch out!
10320000028	Quick! Load the ice shells and shoot Fafnir out of the sky!
10320000029	Fafnir has summoned a wave of flames! Watch out!
10320000030	Kill the dragonlings summoned by Fafnir quickly, or their ATK will increase!
10320000031	Fafnir's Molten Gold Breath deals massive damage! Use the scales to build a Shield Wall immediately!
10320000032	Fafnir is about to go berserk! It will destroy everything in @{1} seconds!
10320000033	Fafnir, the Greedy Dragon, has been defeated
10320000034	Isti invites you to perform an Ocean Concerto! Quickly touch the bubble matching your note to gain a buff.
10320000035	Trophy Obtained: I Know You're in a Hurry, but Don't Rush
10320000036	Watch the bubbles' paths and keep bubbles of different colors from colliding.
10320000037	【Gather】
10320000038	^{1}^{2}【WARNING】^{3}^{4}[City Gate] HP is below @{1}%
10320000039	^{1}【Warning】^{2}[City Gate] HP below @{1}%
10320000040	^{1}【Warning】^{2}[Left City Guard] HP below @{1}%
10320000041	^{1}【Warning】^{2}[Mid-Lane Guard] HP below @{1}%
10320000042	^{1}【URGENT】^{2}[Right Lane City Guard] HP is below @{1}%
10320000043	^{1}【URGENT】^{2}[Left Lane Protector] HP is below @{1}%
10320000044	^{1}【Emergency】^{2}[Mid-Lane Protector] HP below @{1}%
10320000045	^{1}【Warning】^{2}[Right Lane Protector] HP below @{1}%
10320000046	^{1}【Emergency】^{2}[Gorgeous Metal] HP below @{1}%
10320000047	^{1}^{2}【Warning】^{3}^{4}The enemy's [Left Ladder] is in place.
10320000048	^{1}【Warning】^{2}The enemy has finished setting up the [Right Ladder].
10320000049	^{1}【ALERT】^{2}Enemy [Battering Ram] is in position
10320000050	^{1}The enemy^{2} has recaptured the central Revive Point!
10320000051	^{1}Our team^{2} captured the central Revive Point!
10320000052	^{1}^{2}【ALERT】^{3}^{4} [Ornate Metal] is under attack
10320000053	^{1}【Notice】^{2}Our [Left Ladder] is now in place.
10320000054	^{1}【Notice】^{2}Our [Right Ladder] is in place
10320000055	^{1}【Notice】^{2}Our [Battering Ram] has appeared
10320000056	^{1}【Notice】^{2}The enemy [Battering Ram] has appeared
10320000057	^{1}【Notice】^{2}Our [Left Ladder] has appeared
10320000058	^{1}【Notice】^{2}The enemy [Left Ladder] has appeared
10320000059	^{1}【Notice】^{2}Our [Right Ladder] has appeared
10320000060	^{1}【Notice】^{2}The enemy [Right Ladder] has appeared
10320000061	Our ^{1}${1}^{2} dealt the final blow to the ^{3}Wall^{4}!
10320000062	Enemy ^{1}${1}^{2} destroyed the ^{3}Wall^{4}!
10320000063	^{1}【Notice】^{2}[Frontline Revive Point] activated
10320000064	^{1}【Notice】^{2}Our [Left-Lane Guard] is under attack
10320000065	^{1}【Warning】^{2}Our [Left Protector] is under attack
10320000066	^{1}【Notice】^{2}[Rear Revive Point] activated
10320000067	^{1}【Victory】^{2}[Central Revive Point] captured
10320000068	^{1}【Notice】^{2}[Central Revive Point] has been captured
10320000069	^{1}【Alert】^{2} [Glorious Metal] is under attack
10320000070	^{1}【Notice】^{2}The enemy [Left Ladder] is in place
10320000071	Enemy ^{1}${1}^{2} destroyed our ^{3}Battering Ram^{4}!
10320000072	Our ^{1}${1}^{2} destroyed the enemy ^{3}Battering Ram^{4}!
10320000073	^{1}【Warning】^{2}Our [Mid-Lane Guard] is under attack
10320000074	^{1}【Warning】^{2}Our [Right-Lane City Guard] is under attack
10320000075	^{1}【Warning】^{2}Our [Mid-Lane Protector] is under attack
10320000076	^{1}【Notice】^{2}Our [Right-Lane Protector] is under attack
10320000077	Enemy ^{1}${1}^{2} has defeated the ^{3}City Guard^{4} in the left lane!
10320000078	Enemy ^{1}${1}^{2} defeated the ^{3}Central Guard^{4}!
10320000079	Enemy ^{1}${1}^{2} defeated the right-lane ^{3}Guard^{4}!
10320000080	Enemy ^{1}${1}^{2} defeated the left-lane ^{3}Protector^{4}!
10320000081	Enemy ^{1}${1}^{2} defeated the center-lane ^{3}Protector^{4}!
10320000082	Enemy ^{1}${1}^{2} defeated the right-lane ^{3}Protector^{4}!
10320000083	Our ^{1}${1}^{2} dealt the final blow to the left-lane ^{3}Guard^{4}!
10320000084	Our ^{1}${1}^{2} dealt the final blow to the center-lane ^{3}Guard^{4}!
10320000085	Our ^{1}${1}^{2} dealt the final blow to the right-lane ^{3}Guard^{4}!
10320000086	Our ^{1}${1}^{2} dealt the final blow to the left-lane ^{3}Protector^{4}!
10320000087	Our ^{1}${1}^{2} dealt the final blow to the center-lane ^{3}Protector^{4}!
10320000088	Our ^{1}${1}^{2} dealt the final blow to the right-lane ^{3}Protector^{4}!
10320000089	Melkor is about to perform the Final Movement and destroy everything in @{1} seconds!
10320000090	New marker!
10320000091	^{1}【Notice】^{2}Our forces are assaulting the control point
10320000092	^{1}【Alert】^{2}The enemy is invading the control point
10320000093	Our ^{1}${1}^{2} dealt the final blow to the enemy ^{3}Madogear Pilot^{4}!
10320000094	Enemy ^{1}${1}^{2} destroyed our ^{3}Madogear Pilot^{4}!
10320000095	${1} achieved a ^{1}@{1} Kill streak^{2}!
10320000096	${1} Terminated ${2}'s Killstreak!
10320000097	${1} is the first to reach @{1} Kills!
10320000098	${1} is the first to reach @{1} assists!
10320000099	${1} is the first to Revive @{1} allies!
10320000100	Phase I\nDestroy the Outer Gate
10320000101	Phase I\nDefend the Gate
10320000102	Phase II\nDefeat the Protector
10320000103	Phase II\nDefend the Protector
10320000104	Phase III\nDestroy the Ornate Metal
10320000105	Phase III\nDefend the Ornate Metal
10320000106	${1} is the first to deal @{1} × 10,000 cannon damage!
10320000107	${1} is the first to destroy @{1} cannons!
10320000108	Our Madogear Pilot has entered the battlefield
10320000109	^{1}${2}^{2} Guild successfully captured ^{3}${4}^{4}
10320000110	^{1}${2}^{2} Guild activated ^{3}${4}^{4}
10320000111	^{1}${2}^{2}'s banner HP is below ^{3}${4}^{4}. Seize the opportunity
10320000112	^{1}${2}^{2}'s banner HP is below ^{3}${4}^{4}. Defend it
10320000113	^{1}${2}^{2} Guild's ^{3}${4}^{4} has been destroyed
10320000114	Our ^{1}${2}^{2} was destroyed
10320000115	Stronghold barrier activated. The stronghold will be locked in @{1} minutes.
10320000116	The stronghold barrier has been destroyed!
10320000117	Stronghold Battle ends in ^{1}${2}^{2} minutes. Make the most of your last chance!
10320000118	Territory War: Preparation
10320000119	Battle Starts!
10320000120	Statue Ready!
10320000121	Southern Vehicle Point Ready!
10320000122	Eastern Vehicle Point ready!
10320000123	Base vehicle point is ready!
10320000124	Behemoth Altar is ready!
10320000125	Someone has activated the divine statue. Watch out!!!
10320000126	The southern vehicle has been activated!!!
10320000127	The eastern vehicle has been activated!!!
10320000128	The Base Vehicle has been activated!!!
10320000129	The Behemoth Altar has been activated, and a Behemoth is advancing toward the stronghold!!!
10320000130	The East Gate has been breached!
10320000131	The west gate has been breached!
10320000132	A Revive Point has changed hands!
10320000133	A stone monument has been activated!
10320000134	A defensive stone monument has been destroyed!
10320000135	The behemoth has fallen!
10320000136	${1} seconds until the dream collapses
10320000137	Use Lope to avoid damage from the ripples on the ground.
10320000138	Ilmatar's Shadow will appear at the edge. Defeat it quickly!
10320000139	Quickly head to the red note with your allies and destroy it!!!
10320000140	Hurry to the blue note with your teammates and dispel it!!!
10320000141	Watch out for the spirits' attacks.
10320000142	Tap the Commander Button and Start Battle once all Guild Members are Ready.
10320000143	Wait for Guild Management to Start Battle.
10320000144	Tap the Start Battle Button and Start Battle once all Members are Ready.
10320000145	Wait for the party leader to Start Battle.
10320000146	Hey, not bad!
10320000147	You're asking for trouble! Roar, roar, roar~~~!
10320000148	Pick up the giant blade!!!
10320000149	Use the skill granted by the giant blade while facing Orc Hero!
10320000150	Orc Hero dropped his shield! Hurry and pick it up!
10320000151	Use the shield to block the giant blade launched by Orc Hero!
10320000152	Stay away from each other!!!
10320000153	Pharaoh is about to unleash powerful Damage Skills. Get behind an obstacle!
10320000154	A swarm of Bee Infantry is approaching. Watch your positioning
10320000155	Bee Cavalry will target players and charge. Watch your positioning
10320000156	Mistress is Angry! Infantry and cavalry will appear together. Watch out!
10320000157	Baphomet is about to unleash a Full-screen attack! Quick, get behind a stone pillar!
10320000158	Baphomet will Charge toward a player! Quickly, hide behind a Stone Pillar!
10320000159	Stop the illusions from approaching Baphomet!
10320000160	The stone pillar is about to explode! Move Away!
10320000161	Baphomet will continuously unleash scythes. Keep moving to dodge them!
10320000162	Your teammate ${1} is trapped in a coffin! Break it open and rescue them!
10320000163	Pharaoh is unleashing Cleansing Light! Quickly, hide behind the Pyramid!
10320000164	Help! Hurry and break this coffin open!
10320000165	Kill the Pharaoh's Coffin as soon as possible!
10320000166	Move Away from the marked player!
10320000167	“Whoa... W-we’re so high up! The houses below look like tiny dots...”
10320000168	“Is this rickety ship going to fall out of the sky? The wind's so strong, Bobo's precious feathers are going to blow away!”
10320000169	“Hey, Master! Hold on tight to me! If Bobo falls, no one will be around to wake you up!”
10320000170	“…But the clouds here really do look like cotton candy. I wish I could take a bite…”
10320000171	“The winds are calm—perfect weather for Flying. Thank You for your protection, Goddess Freyja.”
10320000172	The White Dove's an old friend of mine. She may sail steady now, but she once saved my life in a storm.
10320000173	“This route used to be the lifeline of merchant caravans. Now... those damned sky pirates have thrown it into chaos.”
10320000174	“They’ve defiled the freedom of the skies. Someday, they’ll pay the price.”
10320000175	“Check the safety rope three times, and keep your weapon within reach. Those are the rules.
10320000176	“First time on an airship?”
10320000177	“Remember, you can never let your guard down. The skies are every bit as dangerous as the land.”
10320000178	“Hey, newbie! What do you think? This view—the scenery—is amazing, right?”
10320000179	“Hahaha! Judging by the look on your face, is this your first time on an airship? Nervous? Relax—I’ve got your back!”
10320000180	“Once we reach the desert, I'll show you a real sunrise over the sea of sand. Now that's a magnificent sight.”
10320000181	“Once night falls, we'll camp atop the dunes, and I'll treat you to the strongest desert ale around!”
10320000182	If you insist on staying on deck instead of going into the cabin, you'd better hold tight to the railing.
10320000183	Waaah! I can't keep my balance... What's happening?
10320000184	Could it be the Desert Eagle? Just our “luck.”.
10320000185	It's those damn sky pirates! They just won't leave us alone!
10320000186	The ship will fall apart at this rate! Hurry to starboard and operate the Turret to Auto Counter! Show them what we're made of!
10320000187	They must be planning to board the ship and take us and the cargo in one fell swoop.
10320000188	Men! Charge! Take this ship, and everything aboard is ours!
10320000189	Don't... celebrate just yet.
10320000190	Not bad, rookie. You took down quite a few enemies.
10320000191	Oh no, the captain looks injured! Let's go check on him!
10320000192	Oh no... Don't tell me they have... reinforcements.
10320000193	I'll help you!
10320000194	Fear, sacrifice chosen by blood!
10320000195	Fire the cannon at Almagia to make it Weak!
10320000196	Almagia is about to become Weak. Keep it up!
10320000197	Almagia is now Weak! Use the grappling hook to board!
10320000198	The area is swarming with jellyfish! Use the rapid-fire cannon to shoot them down!
10320000199	Grappling line secured! Use Interaction on the rope to reach the other side!
10320000200	Clouds are gathering and will explode in ${1} seconds!
10320000201	Almachia's minions are coming for you!
10320000202	Ilmata has begun composing a movement. Watch the order of the ground warnings! @{1} more to go!
10320000203	The movement is complete! Dodge in the order shown by the warnings!
10320000204	Ilmata has summoned Nebula Jellyfish! Hurry into the Safe Zone!
10320000205	Almachia is attacking! Watch out for the Blackhole in the center of the area!
10320000206	Almachia is attacking! Don't get pushed to the edge of the area!
10320000207	Nebula Impact will strike in ${1} seconds!
10320000208	^{1}Dracula has appeared
10320000209	You search through the bushes, but find nothing.
10320000210	You rummage through the bushes, only to be dazed.
10320000211	You rummage through the bushes and Discover a stick of Dynamite left by Dracula.
10320000212	You rummage through the bushes and finally find the key.
10320000213	Forward! Let's rescue our bride!
10320000214	Hurry and search the nearby bushes for the key!
10320000215	${1} found the key! Hurry and save the bride!
10320000216	Wedding Crashers will begin in @{1} minutes.
10320000217	I've been discovered? The Treasure of the Void is mine!
10320000218	You've briefly been transformed into a tiny Poring!
10320000219	Demonic Dragon Soul obtained.
10320000220	The BOSS will spawn in ${1} seconds!
10320000221	${1} Killed ${2} and achieved an @{1} Killstreak.
10320000222	${1} Killed ${2} and became Peerless.
10320000223	${1} Terminated ${2}'s Peerless streak.
10320000224	BOSS First Strike achieved.
10320000225	BOSS Final Blow achieved.
10320000226	The Demonic Dragon will appear in ${1} seconds!
10320000227	The Dragonblood Crystal will appear in ${1} seconds!
10320000228	The Demonic Dragon and Dragonblood Crystal will appear in ${1} seconds!
10320000229	The Demonic Dragon Soul is about to appear! Pick it up to gain a powerful Buff. Kill its holder to Score Extra points.
10320000230	The Demonic Dragon Soul has appeared!
10320000231	The Dragonblood Crystal has appeared!
10320000232	The Demonic Dragon and Dragonblood Crystal have appeared!
10320000233	The Dragonblood Crystal has appeared in the center of the arena! Pick it up to Score points and gain a Buff.
10320000234	${1} seconds remain in the Battle!
10320000235	${2} from Guild ${1} activated Experimental Puppet Σ! Adventurers, watch out!
10320000236	${2} from Guild ${1} Defeated Experimental Puppet Σ! Let the cheers ring out!
10320000237	Shadow of Agony\nThe taste of freedom…...
10320000238	Shadow of Agony\nNo one can Judex me!
10320000239	^{1}^{2}${1}:^{3}${2}
10320000240	Bottom-bar message test
10320000241	Floating message display test
10320000242	Mechanic alert above message bar test
10320000243	Assistant\nAssistant message test
10320000244	Main-screen Notification interface test
10320000245	^{1}^{2}${1}^{3}${2}
10320000246	Chat channel message test
10320000247	The test event has begun. Participate Now?
10320000248	Extra-long bottom-bar message test, extra-long bottom-bar message test, extra-long bottom-bar message test, extra-long bottom-bar message test, extra-long bottom-bar message test, extra-long bottom-bar message test, extra-long bottom-bar message test, extra-long bottom-bar message test, extra-long bottom-bar message test, extra-long bottom-bar message test, extra-long bottom-bar message test, extra-long bottom-bar message test, extra-long bottom-bar message test, extra-long bottom-bar message test, extra-long bottom-bar message test, extra-long bottom-bar message test, extra-long bottom-bar message test, extra-long bottom-bar message test, extra-long bottom-bar message test, extra-long bottom-bar message test
10320000249	Extra-long floating message display test, extra-long floating message display test, extra-long floating message display test, extra-long floating message display test, extra-long floating message display test, extra-long floating message display test, extra-long floating message display test, extra-long floating message display test, extra-long floating message display test, extra-long floating message display test, extra-long floating message display test, extra-long floating message display test, extra-long floating message display test, extra-long floating message display test, extra-long floating message display test, extra-long floating message display test, extra-long floating message display test
10320000250	Extra-long mechanic alert above message bar test, extra-long mechanic alert above message bar test, extra-long mechanic alert above message bar test, extra-long mechanic alert above message bar test, extra-long mechanic alert above message bar test, extra-long mechanic alert above message bar test, extra-long mechanic alert above message bar test, extra-long mechanic alert above message bar test, extra-long mechanic alert above message bar test, extra-long mechanic alert above message bar test, extra-long mechanic alert above message bar test, extra-long mechanic alert above message bar test, extra-long mechanic alert above message bar test, extra-long mechanic alert above message bar test, extra-long mechanic alert above message bar test, extra-long mechanic alert above message bar test, extra-long mechanic alert above message bar test
10320000251	Assistant\nExtra-long Assistant message test, extra-long Assistant message test, extra-long Assistant message test, extra-long Assistant message test, extra-long Assistant message test, extra-long Assistant message test, extra-long Assistant message test, extra-long Assistant message test, extra-long Assistant message test, extra-long Assistant message test, extra-long Assistant message test, extra-long Assistant message test, extra-long Assistant message test, extra-long Assistant message test, extra-long Assistant message test, extra-long Assistant message test, extra-long Assistant message test, extra-long Assistant message test, extra-long Assistant message test, extra-long Assistant message test, extra-long Assistant message test
10320000252	Extra-long main-screen Notification interface test, extra-long main-screen Notification interface test, extra-long main-screen Notification interface test, extra-long main-screen Notification interface test, extra-long main-screen Notification interface test, extra-long main-screen Notification interface test, extra-long main-screen Notification interface test, extra-long main-screen Notification interface test, extra-long main-screen Notification interface test, extra-long main-screen Notification interface test, extra-long main-screen Notification interface test, extra-long main-screen Notification interface test, extra-long main-screen Notification interface test, extra-long main-screen Notification interface test, extra-long main-screen Notification interface test, extra-long main-screen Notification interface test, extra-long main-screen Notification interface test, extra-long main-screen Notification interface test
10320000253	Ticker message test
10320000254	The air reeks of the Culvert.
10320000255	The items you listed on the Trade Exchange have expired and been returned.
10320000256	Guild League begins in @{1} minutes
10320000257	Guild League has begun. Participate Now?
10320000258	Guild League has ended. View the battle report?
10320000259	^{1}^{2}${2}^{3} has achieved a ${3}-Kill streak!
10320000260	^{1}^{2}${2}^{3} terminated ^{4}${4}^{5}'s ${5}-Killstreak!
10320000261	^{1}${2}^{2} has captured Point ${3}!
10320000262	^{1}The flag-bearing Boss has appeared!
10320000263	Rally!
10320000264	Focus fire!
10320000265	^{1}Focus fire!
10320000266	^{1}${2}^{2}'s ^{3}${3}^{4}\nscored the Kill on the Boss!
10320000267	^{1}The Guard has appeared!
10320000268	^{1}The Commander has appeared!
10320000269	^{1}Guild League closes in @{1} seconds
10320000270	^{1}The Guard will appear in @{1} seconds!
10320000271	^{1}The Boss will appear in @{1} seconds!
10320000272	Capture the Flag!
10320000273	Defend the Flag!
10320000274	^{1}Capture the Flag!
10320000275	^{1}Defend the Flag!
10320000276	^{1}The flag-bearing Boss has appeared! Defeat it to claim the flag!
10320000277	^{1}${2}^{2}'s ^{3}${3}^{4} claimed the flag!
10320000278	^{1}${3}^{2}'s ^{3}${2}^{4} delivered the flag!
10320000279	The guards have appeared!
10320000280	The guards and commander have appeared!
10320000281	Entered the Safe Zone
10320000282	Left the Safe Zone
10320000283	^{1}${2}^{2} has reached ^{3}${3}^{4} points! Victory is within reach!
10320000284	^{1}${2}^{2}'s ^{3}${3}^{4} scored a Kill on the Boss!
10320000285	The Guild League has begun. Participate Now?
10320000286	I completed my Return Journey[View My Journey]
10320000287	^{1}^{2}${1}^{3} spared no expense at the Auction House to obtain ${2}. Congratulations!
10320000288	Congratulations to ${1}'s team on the First Clear of ${2}!! First Clear Members: ${3}
10320000289	Congratulations to ${1} for being the first to clear Floor ${2} of the Spirit Tower! All Adventurers can claim the Entire Server reward at the Spirit Tower.
10320000290	The Royal City Battle will begin in @{1} minutes.
10320000291	The Royal City Battle has begun. Participate Now?
10320000292	The Royal City Battle has ended. View the battle report?
10320000293	The battle for @{1} State Capital will begin in @{2} minutes.
10320000294	The battle for @{1} State Capital has begun. Participate Now?
10320000295	The battle for @{1} State Capital has ended. View the battle report?
10320000296	Magic Crystal donations have reached ${1} Energy.
10320000297	^{1}${1}^{2} disturbed a terrifying BOSS while treasure hunting in ^{3}${2}^{4}! Help Defeat it to receive a ^{5}Support Chest^{6}!
10320000298	Territory War escort Trade has begun. Please proceed to the corresponding Trade screen.
10320000299	Territory War escort Trade has ended.
10320000300	The Escort event has begun. Participate Now.
10320000301	The Battle of the Producers event has begun. Players are welcome to Participate Now.
10320000302	The Battle of the Producers event has ended. See you next time.
10320000303	${1} has spawned on the ${2} map.
10320000304	${1} was defeated by ${2}.
10320000305	Congratulations to player 【${2}】 for defeating 【${1}】 and earning a Rare reward!
10320000306	${1} has been appointed to the ${2} position in this guild.
10320000307	${1} appointed you as ${2}.
10320000308	${1} has been removed from the ${2} position in this guild.
10320000309	${1} removed you from the ${2} position.
10320000310	Player ${1} gave ${2} ${3} ${4} and said: ${5}
10320000311	Successfully gave player ${1} ${2} ${3}.
10320000312	Rumi\nAssistant Message Test
10320000313	Search the area for the source of the strange odor
10320000314	Work together to defeat the Golden Thief Bug
10320000315	The strange odor has faded from the air
10320000316	The source of the strange odor is getting closer
10320000317	Eliminate the monsters nearby
10320000318	Eliminate the monsters in the area
10320000319	The northern portal is becoming unstable
10320000320	The western portal is becoming unstable
10320000321	The western and eastern portals are becoming unstable
10320000322	An elite monster has appeared at the northern portal
10320000323	Orc Hero will unleash its ultimate skill in ${1} seconds. Pick up the Giant Blade and interrupt Orc Hero's charging!
10320000324	Note collection is on cooldown
10320000325	You collected this note
10320000326	You have reached the collection limit for this note
10320000327	The drumbeat will explode in ${1} seconds
10320000328	The notes will disappear in @{1} seconds. Memorize their positions quickly!
10320000329	Heroes, collect the notes on the ground
10320000330	Enter the circles in order to compose the melody. ${1} seconds remaining
10320000331	Players with the corresponding notes must Kill the matching Musical Instrument
10320000332	The Boss will use the recorded skills
10320000333	Block the bubbles strategically to prevent bubbles of different colors from colliding
10320000334	Reach your performance position within ${1} seconds
10320000335	Dance to the beat!
10320000336	Heretical dancers who remain in the darkness will face Judex
10320000337	Too slow! Go practice and come back later...
10320000338	Wonderful... Finally, someone who can keep up with my steps...
10320000339	Step onto the staff of rhythm. One wrong move means eternal silence
10320000340	Ta-da! It's time for your test!
10320000341	Mirko is about to unleash the final movement, destroying everything in ${1} seconds!
10320000342	Activate three Safe Zones simultaneously. ${1} seconds until the beat explodes
10320000343	Activate four Safe Zones simultaneously. ${1} seconds until the beat explodes
10320000344	Activate two Safe Zones simultaneously. ${1} seconds until the beat explodes
10320000345	^{1}${2}^{2} eliminated ^{3}${4}^{4}
10320000346	The Safe Zone will shrink in ${1} seconds!
10320000347	[Drake], carrying a ^{1}[Surprise Chest]^{2}, will appear in the Location in ${1} seconds.
10320000348	Entering\nFinal Stage!
10320000349	Kafra Battlefield Administrator\n[Evil Eye Messenger] has airdropped a ^{1}[Surprise Chest]^{2} onto the battlefield!
10320000350	[Evil Eye Messenger] has left the battlefield
10320000351	Grants full-map vision, allowing you to view every warrior's location on the Mini Map
10320000352	Deviling\nThe Pirate's Hidden Treasure is now open! Warriors can use the portal to enter the treasure area and fight for it!
10320000353	Deviling\nThe entrance to the Pirate's Hidden Treasure has closed
10320000354	Kafra Battlefield Manager\nReceive the Blessing of Odin, King of the Gods, reducing skill Cooldown by @{1}% for @{2} minutes.
10320000355	Kafra Battlefield Administrator\nYou have received the blessing of Valkyrie. The quality of all players' currently equipped gear has increased
10320000356	Kafra Battlefield Manager\nReceive the Blessing of Baldur, God of Light, increasing MSPD by @{1}% for @{2} minutes.
10320000357	Kafra Battlefield Manager\nReceive the Blessing of Thor, God of Thunder, granting @{1} Extra exclusive skills for @{2} minutes.
10320000358	Kafra Battlefield Manager\nReceive the Blessing of Tyr, God of War, increasing Crit Chance by @{1}% for @{2} minutes.
10320000359	[Pirate King] will Enter Battlefield in ${1} seconds!
10320000360	[Pirate King] will spawn a ^{1}[Surprise Chest]^{2} nearby in ${1} seconds
10320000361	Deviling\nThe Treasure Island is about to sink! Warriors, escape immediately!!
10320000362	Deviling\n[Pirate King] dropped a ^{1}[Surprise Chest]^{2} on the battlefield!
10320000363	Deviling\nThe fate-changing [Mystery Cube] has appeared on the battlefield
10320000364	${1} eliminated ${2}
10320000365	[Evil Eye Messenger] will spawn a ^{1}[Surprise Chest]^{2} nearby in ${1} seconds
10320000366	Deviling\n[Pirate Captain] has entered the battlefield
10320000367	The portal to the Pirate's Hidden Treasure will close in ${1} seconds
10320000368	${1} died outside the Safe Zone
10320000369	${1} voluntarily left the battlefield. Their ID Tag is now invalid
10320000370	You successfully rescued your teammate ${1}
10320000371	Your teammate ${1} rescued you
10320000372	You successfully rescued ${1} using the ambulance
10320000373	Your teammate ${1} rescued you using the ambulance
10320000374	Kafra Battlefield Administrator\nThe Equipment Merchant has appeared on the battlefield! Today's equipment is discounted, so hurry over before it's gone.
10320000375	Kafra Battlefield Manager\nAn Evil Eye Messenger carrying a [Small Surprise Chest] has appeared in the Location. Warriors, go seize it!
10320000376	Kafra Battlefield Administrator\nThe Equipment Merchant has left the battlefield.
10320000377	Kafra Battlefield Manager\nAn Evil Eye Emissary carrying a [Large Surprise Chest] has appeared in the Location. Warriors, go seize it!
10320000378	Tap above a wormhole to enter it and emerge from another wormhole
10320000379	A sandstorm is coming! Use the wormholes to avoid it!
10320000380	Guide Golden Thief Bug toward a wormhole! Sandstorms will soon strike randomly from all sides of the map!
10320000381	Golden Thief Bug will burrow again in ${1} seconds!
10320000382	Bombard the puppets with cannon fire
10320000383	Ghost ships will arrive in ${1} seconds! Destroy them with explosive barrels!
10150000000	Beginner
10150000001	Wind's Departure I
10150000002	Wind's Departure II
10150000003	Wind's Departure III
10150000004	Wind's Departure IV
10150000005	Wind's Departure V
10150000006	Cloud's Splendor I
10150000007	Cloud's Splendor II
10150000008	Cloud's Splendor III
10150000009	Cloud's Splendor IV
10150000010	Cloud's Splendor V
10150000011	Star Traveler I
10150000012	Star Traveler II
10150000013	Star Traveler III
10150000014	Star Traveler IV
10150000015	Star Traveler V
10150000016	Soaring Sky I
10150000017	Soaring Sky II
10150000018	Soaring Sky III
10150000019	Soaring Sky IV
10150000020	Soaring Sky V
10320000405	Congratulations! You're a lucky star! Enter before @{1}:@{2}!
10320000406	Great news! Our Guild Member “${1}” is today's Festival Invitation lucky star! Let's go cheer them on! Go Support
10320000407	We've got a seriously lucky player in our group! ${1} is the Festival Invitation lucky star! Let's go check it out! Go Support
10320000408	Your friend ${1} has become today's Festival Invitation LUK Star! Go check them out!
10320000409	Bobo\nThe answer will be revealed in ${1} seconds.
10320000410	Bobo\nThe Gala Invitation quiz begins in @{1} seconds!
10320000411	Bobo\nCongratulations! That's correct!
10320000412	Bobo\nSorry, that's the wrong answer~
10320000413	Bobo\nI'm about to ask a question, so get ready!
10320000414	Congratulations to ${1} for winning First Place in the Festival Invitation! What an impressive wealth of knowledge!
10320000415	Unfortunately, no one took first place in this Gala Invitation. Better luck next time, everyone~
10320000416	I'm amazing! I snagged First Place in the Festival Invitation! To all my darlings who picked me—you've got a great eye!
10320000417	The lucky-star drawing is complete. All selected lucky stars, please enter as soon as possible!
10320000418	The Gala Invitation has begun! In ${1} minutes, the System will select ${2} lucky stars from among Online players across the Entire Server. Get ready!
10320000419	The Festival Invitation will select @{2} LUK Stars in @{1} minutes. Everyone, get Ready!
10320000420	Advancing to the Finals!
10320000421	[g@{1}]
10320000422	${1} approved ${2}'s application to Join a guild. Welcome, ${2}!
10320000423	Unfortunately, ${1} has left the guild.
10320000424	${1} removed ${2} from the guild.
10320000425	${1} changed ${2}'s position from ${3} to ${4}.
10320000426	${1} transferred guild leadership to ${2}.
10320000427	${1} successfully impeached Guild Leader ${2} and became the new Guild Leader.
10320000428	${1} joined the guild. Welcome, welcome!
10320000429	${1} spent ${2} Guild Contribution to Level-up the ${3} building to Lv. ${4}.
10320000430	${1} spent ${2} Guild Supplies to Level-up the ${3} effect.
10320000431	${1} spent ${2} Guild Supplies to activate the ${4} strategy for ${3}.
10320000432	${1} spent ${2} Guild Funds to purchase ${3} × ${4}.
10320000433	Guild Member ${1} has chosen to Impeach the Guild Leader. Please respond and help keep the guild thriving.
10320000434	Item used. ${1} unlocked.
10320000435	${1}, ${2}, and ${3} founded the guild together. This is where the dream begins!
10320000436	${1} has officially been founded. From now on, we're family!
10320000437	Welcome, ${1}, to the Adventure Party!
10320000438	Unfortunately, ${1} has left the Adventure Party.
10320000439	The Adventure Party has reached Lv. ${1}.
10320000440	${1} watered the Adventure Party's sapling.
10320000441	${1} renamed the Adventure Party to: ${2}
10320000442	${1} unlocked the Adventure Party calling card “${2}.”
10320000443	${1} removed ${2} from the Adventure Party.
10320000444	The leader of ^{1}${1} Adventure Party^{2} has been changed to ${2}.
10320000445	${1} has transferred leadership of ^{1}${2} Adventure Party^{2} to you.
10320000446	^{1}${1} Adventure Party^{2} has been disbanded.
10320000447	Member ${1} accepted your rally request.
10320000448	Member ${1} Declined your rally request.
10320000449	You have joined ^{1}${1} Adventure Party^{2}.
10320000450	You have left ^{1}${1} Adventure Party^{2}.
10320000451	On a killing spree
10320000452	The central Boss has respawned!
10320000453	${1} Adamantine Madogear Pilot has respawned.
10320000454	Outer supplies have Spawned!
10320000455	Central supplies have Spawned!
10320000456	Outer supplies will spawn in @{1} seconds!
10320000457	Central supplies will spawn in @{1} seconds!
10320000458	The central Boss will spawn in @{1} seconds!
10320000459	The deathmatch phase begins in @{1} seconds!
10320000460	The battlefield closes in ${1} seconds.
10320000461	Mock Battle begins in @{1} minutes.
10320000462	Mock Battle has begun. Go there now?
10320000463	Collect Live Coals and add them to the Bonfire\nPrepare for the party
10320000464	The Bonfire reached Lv. ${1} and unlocked a new ability.
10320000465	Thanks to everyone's tireless efforts, the Bonfire has reached the maximum level!
10320000466	^{1}[${1}]^{2} added an accelerant, replacing [${2}] with [${3}].
10320000467	^{1}[${1}]^{2} added a high-quality accelerant, replacing [${2}] with [${3}].
10320000468	Congratulations! ${1} won the ${2} Prize!
10320000469	Congratulations and best wishes for prosperity! ${1} won the ${2} Prize!
10320000470	Everyone successfully repelled the BOSS!
10320000471	The Bonfire Party has come to a successful close. See you next time!
10320000472	${1} added Fuel, changing the Bonfire's abilities!
10320000473	${1} added High-Quality Fuel!
10320000474	Everyone successfully repelled the BOSS!\n[${1}] landed the final blow!
10320000475	Now for an exciting moment! Who will be the lucky winner?\nThird Prize Drawing
10320000476	The stage is set for the grand finale. The ultimate showdown is about to begin!
10320000477	The fun and good fortune keep coming! It's time for the prize drawing!\nSecond Prize Drawing
10320000478	The long-awaited grand prize is about to be revealed! Who will be tonight's luckiest winner?\nFirst Prize Drawing
10320000479	The party's Third Prize will be drawn in @{1} seconds. Stay tuned!
10320000480	The party's Second Prize will be drawn in @{1} seconds. Stay tuned!
10320000481	The party's First Prize will be drawn in @{1} seconds. Stay tuned!
10320000482	A huge wave of treasure-laden Porings is being drawn to the Bonfire!
10320000483	The Bonfire Party will begin in @{1} minutes
10320000484	The Bonfire Party has begun. Head there now?
10320000485	The party has officially begun!
10320000486	It's time for the grand finale! Get ready for the ultimate showdown—\n【MVP Challenge】
10320000487	Attention, Audience! The show is about to begin, and the fun is about to start!
10320000488	Give a big round of applause for our opening act—\n【${1}】
10320000489	Watch out!\nThe mischievous little monsters are getting restless below the stage!
10320000490	The adorable monsters can't wait any longer! Enjoy this fun-filled game—\n【${1}】
10320000491	Attention!\nA group of little monsters carrying treasure is ready!
10320000492	A thrilling and fun challenge is about to begin—\n【${1}】
10320000493	Too few players joined the party, so the Troublemaker Poring took the rewards!
10320000494	Unfortunately, there are no players with the corresponding transformation type here.\nThe drawing has no winner.
10320000495	An exciting moment is approaching!\nPlayers in 【${1}】, get ready!
10320000496	Good fortune is still brewing!\nPlayers in 【${1}】, get ready!
10320000497	The most exciting grand prize is about to be revealed!\nPlayers in 【${1}】, rejoice!
10320000498	${1} made ${2}'s head huge.
10320000499	Gain the Big Head effect and choose You or an Other player to give a big head.
10320000500	^{1}${1}^{2} used Enlarge on ^{3}${2}^{4}, making them big and mighty!
10320000501	Gain the Enlarge effect and choose You or an Other player to Enlarge.
10320000502	^{1}${1}^{2} made ^{3}${2}^{4} Shrink—so tiny and Cute!
10320000503	Gain the Shrink effect and choose You or an Other player to Shrink.
10320000504	^{1}${1}^{2} and ^{3}${2}^{4} are bound by the red thread of fate, their hearts beating as one!
10320000505	Obtain a Red Thread and choose one player to connect with.
10320000506	A new Live Coal has appeared in the territory
10320000507	A group of troublemakers has arrived at the venue. Repel them!\nRepel the Troublemakers
10320000508	New troublemakers have appeared in the territory
10320000509	Choose yourself or another player to make them bigger
10320000510	Choose yourself or another player to make them smaller
10320000511	Choose another player to link with
10320000512	${1} Guild will begin transporting supplies in ${2}
10320000513	Supply Transport Begins\n${1} Guild has begun escorting supplies
10320000514	${1} Guild will finish transporting supplies in ${2}
10320000515	Supply Transport Ends\n${1} Guild has finished transporting supplies
10320000516	All Supply Transport for today has ended!
10320000517	${1} has claimed an Elite Treasure Cart!
10320000518	${1} has delivered an Elite Treasure Cart!
10320000519	@{1} of our ^{1}Elite Treasure Carts^{2} are under attack!^{3}^{4}^{5}Rescue Now^{6}^{7}^{8}
10320000520	Guild Supply Transport will begin in @{1}s
10320000521	Guild Supply Transport has begun!
10320000522	Your party successfully escorted the supplies
10320000523	${1} successfully escorted a Basic Supply Cart!
10320000524	${1} successfully escorted an Elite Treasure Cart!
10320000525	${1} successfully raided another Guild's Supply Cart and obtained ${2} supplies!
10320000526	Supply Transport has begun! A fierce battle is about to unfold on the Territory War map.
10320000527	Supply Transport will begin in @{1} minutes. Every Member, get ready!
10320000528	${1}'s party successfully escorted @{1} Basic Supply Cart(s), adding ${3} Military Supplies to the Guild.
10320000529	The Supply Transport event has ended. During this event, all Members transported a total of ^{1}${1}^{2}/${2} Military Supplies.\nThe key Member who transported the supplies was: \n${3}  ${4} points
10320000530	${1} turned in ${2} Military Supplies, further increasing the Guild's strategic reserves!
10320000531	${1}'s party successfully escorted @{1} Elite Treasure Cart(s), adding ${3} Military Supplies to the Guild.
10320000532	The Supply Transport event has ended. During this event, all Members transported a total of ^{1}${1}^{2}/${2} Military Supplies.\nThe Members who transported the supplies were: \n${3}  ${4} points\n${5}  ${6} points
10320000533	The Supply Transport event has ended. During this event, all Members transported a total of ^{1}${1}^{2}/${2} Military Supplies.\nThe top three Members by supplies transported were: \n${3}  ${4} points\n${5}  ${6} points\n${7}  ${8} points
10320000534	${1}'s party has accepted a Basic Supply Cart.
10320000535	${1}'s party has accepted an Elite Treasure Cart.
10320000536	The ${1} Guild's Elite Treasure Cart has been completely destroyed!
10320000537	The ${1} Guild has completed its supply escort!
10320000538	Guild Supply Transport has begun. Tap to go to the corresponding map.
10320000539	You have been muted until ${1}.
10320000540	${1} has started the Dragon Crafting quest and invites all Adventurers to help!
10320000541	${1} will begin the Dragon's Descent ritual in Prontera in ${2} seconds and invites all Adventurers to participate!
10320000542	${1} has begun the Starshatter Dragon summoning ritual. Adventurers, go lend a hand!${2}
10320000543	${1} has completed the summoning ritual. The Starshatter Dragon will descend upon the capital in @{1} seconds. Adventurers are invited to come watch!${2}
10320000544	${1} used the Dragon Sanctuary, causing numerous Red Envelopes to appear in ${2}. Adventurers are invited to claim them.
10320000545	A Rift Stone has appeared on Channel ^{3}${2}^{4} in ^{1}${1}^{2}. Adventurers, hurry over and challenge it~
10320000546	Congratulations to all Adventurers for successfully resolving this Rift Crisis.
10320000547	Unexpected Reward!
10320000548	Quick Tip\nTime it right! Tap when the pointer passes through the green area. The closer to the center, the higher your Rating!
10320000549	Quick Tip\nTap the button rapidly to increase your progress. The more energy you have when time runs out, the higher your score!
10320000550	Round ${1}
10320000551	Game Over
10320000552	Mysterious Voice\nSing! Sing for me...
10320000553	Mysterious Voice\n(Upbeat melody) La la la la...
10320000554	Mysterious Voice\n(Sorrowful melody) La... la la...
10320000555	Bewitched Passerby\n...Huh? What was I just doing?
10320000556	Bewitched Passerby\n...Ah, I offer this to you, to... what?
10320000557	Talking to Themselves\n...Phew, that's much better.
10320000558	Talking to Themselves\n...Is that streetlamp singing? Am I seeing things?
10320000559	Talking to Themselves\nThat melody again...
10320000560	The Goddess's army will invade ${2} in ${1}.
10320000561	The Goddess's army has begun its invasion! Head to Prontera immediately and fight back!
10320000562	The Goddess's invasion has ended. ${1} successfully repelled the invasion; unfortunately, ${2} fell during the invasion.
10320000563	${1}'s City Defense has fallen below ${2}! Bolster the defenses!
10320000564	Attention, everyone! The intensity of the Goddess's invasion has increased to ${1}!
10320000565	Prontera could not withstand the Goddess's massive invasion and has fallen!
10320000566	Warning! A high-level rift has appeared in ${1}. Destroy it immediately!
10320000567	The Guild has designated ${1} as its main garrison city.
10320000568	Enemy forces are gathering south of Prontera. All defenders, prepare for battle!
10320000569	The main enemy force is highly likely to attack from the south!
10320000570	Scattered enemies have also appeared to the east and west, but Prontera South Gate remains our primary defensive line.
10320000571	The Goddess's army has begun its invasion! Prontera South Gate is under direct assault. Head there and engage the enemy immediately!
10320000572	Numerous invading monsters have appeared at Prontera South Gate. Nearby Adventurers, provide support immediately!
10320000573	A small group of invading monsters has been discovered at Prontera East Gate. Nearby defenders should handle them first; there is no need for everyone to fall back and defend the gate.
10320000574	The battle at Prontera South Gate has intensified! The enemy is trying to break through the outer defenses. All combat-ready personnel, reinforce the South Gate first!
10320000575	Enemy forces are harassing Prontera West Gate. Nearby defenders, suppress them before the flank falls!
10320000576	Prontera South Gate's defenses are under pressure, and the enemy continues to gather. More defenders, reinforce the gate immediately!
10320000577	South Gate defenders, take heed! The enemy is advancing into the city, and the Inn area may become the next battlefield!
10320000578	The enemy has breached the South Gate perimeter and is advancing toward the Inn! Fall back and defend the Inn area immediately!
10320000579	The Inn's defenses are under heavy pressure! The enemy is trying to push into the southern district. Support the Inn immediately!
10320000580	Signs of enemy activity have been discovered near the Library. All defenders, stay alert!
10320000581	Invading monsters have appeared near the Library. Some defenders should assist there while the rest continue holding the Inn!
10320000582	The situation at the Inn is critical! If it falls, the enemy will directly threaten the central district!
10320000583	Numerous invading monsters have been discovered in the Inn area. Nearby Adventurers, eliminate them!
10320000584	Signs of a breakthrough are mounting! Enemy vanguards have appeared on the central district's main road. Prepare to fall back toward the center!
10320000585	Alert! The enemy is nearing Prontera's core, and the central defensive line is about to become the Main Battlefield!
10320000586	The enemy has pushed into the central district! Head to the central perimeter defenses and engage them immediately!
10320000587	Large numbers of invading monsters have appeared along the central perimeter. All mobile defenders, provide support immediately!
10320000588	Enemy stragglers are still harassing the South Gate, but our top priority is holding the central district's defensive line!
10320000589	The central district's defenses are under pressure! The enemy is closing in on Prontera's core. Prioritize the central defenses!
10320000590	All defenders, fall back to the center immediately! The enemy is closing in on the heart of Prontera! This is our last line of defense!
10320000591	Elite enemy forces have appeared in the central area! All combat-ready personnel, assemble there immediately!
10320000592	The central defenses are under heavy attack! If they fall, Prontera will quickly be overrun!
10320000593	A powerful enemy has arrived! A high-threat target has appeared in the central area! Focus your attacks and eliminate it immediately!
10320000594	The central area is under relentless assault! All defenders, fight with everything you have! Do not Move back!
10320000595	This is our last line of defense! All defenders, hold the center at all costs! The fate of Prontera will be decided here!
10320000596	Attention, all defenders! Final Settlement is imminent! Hold the central defenses!
10320000597	Good news! Prontera's central defenses have held, and the Goddess Legion's latest assault has been repelled!
10320000598	Guild Readiness has increased to 【Lv. ${1}】.
10320000599	Terrible news... Prontera's central defenses have been breached, and the capital has fallen!
10320000600	Quick, we can't hold out much longer...
10320000601	Help! Help! Can anyone save us?
10320000602	Bobo\nThey ran into Eddga! Let's go help them!
10320000603	Bobo\nThe great king has arrived! All you monsters and fiends, clear the way!
10320000604	Bobo\n(Gasps) W-w-why is it Eddga?!!! (Squeezes eyes shut) Never mind! Saving them comes first! Adventurer, let's go!
10320000605	Bobo\nWhoa! Watch out for its claws!
10320000606	Bobo\nEddga jumped into the air! Get Away from it!
10320000607	It's so hot...
10320000608	Bobo\nSomething's wrong with these flames! Don't stand too close!
10320000609	We actually defeated Eddga! I can't believe it!
10320000610	(Wipes away tears) We're saved... Thank you, our saviors...
10320000611	Bobo\nHehe, we did it! We really defeated Eddga!
10320000612	Bobo\n(Flies around in circles) Hehe! We got to help people and Complete the Commission! We're amazing!
10320000613	Bobo\nThe sound's getting louder! It's just ahead!
10320000614	Wule, this is an emergency! Use the signal flare, quickly! If Eddga reaches town, we're in serious trouble!
10320000615	Player, I need a little more time to launch the signal flare. Can you hold off Eddga for a while?
10320000616	(Panting) Rookie, you shouldn't have come... Cough, cough...
10320000617	Bobo\nAah! What a huge tiger! Bobo's going to be eaten!
10320000618	Wule\n^{1}PlayerName^{2}, quick! The red circle marks Eddga's attack range. Get out of there!
10320000619	We can't go on like this. If only someone nearby could help us...
10320000620	This is humiliating... We actually let a rookie protect us...
10320000621	There's only one option left. Let's hope there are other Adventurers nearby.
10320000622	You still have a signal flare? Let's take our chances!
10320000623	Bobo\nAah! What do we do? We really can't hold out much longer!
10320000624	Huh? What's Eddga doing here?!
10320000625	Call for backup! I'll heal him first~
10320000626	I have fire armor! Healer, cast Safety Wall on Me!
10320000627	Everyone, use Water skills if you can! They're effective against Eddga!
10320000628	Bobo\nWow! Fighting together makes such a difference! I think we're going to win~
10320000629	You found Eddga already? You're amazing, Party Leader~
10320000630	Bobo\nI Discover you, crate thief! You dared to steal our cargo, so today we're turning you into lamb skewers!
10320000631	Bobo\nMaster, watch out! Stay out of Baphomet's attack range!
10320000632	Bobo\nQuick, hide behind the pillar!
10320000633	Bobo\nHehe, Baphomet isn't so tough after all!
10320000634	Bobo\nThere are more crates ahead. Let's see if any of the Professor's supplies are inside!
10320000635	Bobo\nIs this the Shadow Clone Technique of Legend...?!
10320000636	Phew! Giving it a good beating made me feel much better!
10320000637	Thank you for your help!
10320000638	There are more crates ahead. Let's check them out together!
10320000639	Bobo\nWe almost beat it! Let's try again!
10320000640	Bobo\nUgh, I'm so dizzy... Where are we?
10320000641	Bobo\nPharaoh?! Did Pharaoh trap us inside a coffin?
10320000642	Bobo\nNo fair, ganging up on us! Be careful, Master!
10320000643	Bobo\nStay Away from those beams! They'll burn you!
10320000644	Bobo\nWe must have entered Pharaoh's illusion. He appeared and vanished so quickly. How strange...
10320000645	Bobo\nUgh, I don't understand any of this. Let's go ask the Professor.
10320000646	Bobo\nThis Pharaoh is stronger than any monster we've faced before. Is it because of the Relic?
10320000647	Bobo\nUgh, I don't understand any of this. Let's go ask the Professor!
10320000648	Bobo\nWe almost beat it! Let's try again
10320000649	Bobo\nI heard Maya's minions built an underground kingdom for her. Is this it?
10320000650	Bobo\nThe sand is moving... No good, I'm being sucked in! Quick, save Me!
10320000651	Bobo\n(Cries echo from nearby) Waaah! ^{1}PlayerName^{2}, are you there?!
10320000652	Bobo\n(A splat, as if something was hit) Aaaaah! What is this stuff? It's all sticky!
10320000653	Bobo\n(Weakly) Am I... still alive...?
10320000654	Use the movement wheel or the A and D keys to steer. Be careful to avoid the ant eggs.
10320000655	Bobo\n There's a big pit up ahead. I'll go check it out!
10320000656	There seems to be a huge pit up ahead...
10320000657	Ah! Why is the sand moving?! No good, I'm being sucked in!!!
10320000658	Bobo\n Aaaah... This hole is so deep! Help!
10320000659	Bobo\nYou're finally here! Any later and you would've lost the world's Cutest Bobo!
10320000660	Bobo\nUgh, I'm filthy! I can barely even spread my wings.
10320000661	Bobo\nWhere are we?
10320000662	Bobo\nIt's a dead end... Aaaah, look over there! Something's crawling toward us! It's all black... Huh? It looks like an ant!
10320000663	Bobo\nIt seems to like those glowing things—I've got it! Let's gather some to bribe it into carrying us across.
10320000664	Bobo\nIt's so big, but surprisingly Agile! Maybe I should recruit it as my minion!
10320000665	Bobo\nIt's too narrow here for the ant. Should we squeeze through?
10320000666	Bobo\nIt seems to know exactly where it's going. Is there something special over there?
10320000667	Bobo\nThis should be enough. Let's go find that giant ant!
10320000668	Bobo\nGreat! Our bribe worked!
10320000669	Bobo\nAh, it's Maya! (Covers mouth with wings) I don't see the professor. Did she hide him somewhere?
10320000670	Bobo\nWhatever! Let's defeat her first!
10320000671	Bobo\nHmph! Maya wasn't so tough! I heard monsters hide their treasures in their nests. Could the professor be here?
10320000672	Bobo\nWhere could the professor be?
10320000673	Bobo\nThere's a path up ahead! Let's check it out!
10320000674	Bobo\nDo you think the Professor is still alive...?
10320000675	Bobo\n(Shakes head) No, no, no! He has to be okay! We still need him to pay our commission!
10320000676	Bobo\nThere are so many ant eggs, and I can just make out pieces of armor... It looks like a lot of people died here...
10320000677	Help me... Help me...
10320000678	Bobo\nThat's the professor's voice! Let's hurry and get him down!
10320000679	(Clutches lower back) Owww... I feel like every bone in my body is falling apart...
10320000680	Whoa... We're Flying s-so high! The houses below look like tiny dots...
10320000681	Is this wreck going to fall out of the sky? The wind's so strong, it's going to blow away Bobo's precious feathers!
10320000682	Hey, you'd better hold on tight to me! If Bobo falls, there'll be no one to wake you up!
10320000683	...But the clouds up here really do look like Cotton candy. I wish I could take a bite...
10320000684	The skies are calm. It's perfect weather for Flying. Thank You for your protection, Goddess Freyja.
10320000685	The White Dove and I go way back. She may be steady now, but she once saved my Life in a storm.
10320000686	This route used to be the Life line of merchant caravans. Now... those damn air pirates have made it anything but peaceful.
10320000687	They've defiled the freedom of flight. Someday, they'll pay for it.
10320000688	Check the safety ropes three times, and keep your weapon within reach. Those are the rules.
10320000689	First time on an airship?
10320000690	Remember, never let your guard down. The sky is every bit as dangerous as the land.
10320000691	Hey, rookie! How's it feel? This view is amazing, isn't it?
10320000692	Hahaha! Judging by your face, you must be nervous about your first airship ride. Relax—I've got your back!
10320000693	Once we reach the desert, I'll show you a real sunrise over the sea of sand. Now that's a magnificent sight!
10320000694	When night falls, we'll camp atop the dunes, and I'll treat you to the strongest desert ale around!
10320000695	Captain\nIf you're set on staying on deck instead of going inside, you'd better hold on to the railing.
10320000696	Captain\nIf the wind blows you off the airship, don't blame me! Hahahaha!
10320000697	Bobo\nWaaaaah! I can't keep my balance... What's happening?
10320000698	Captain\nDamn! Could it be...?
10320000699	"Eden Group Leader\nCould it be the Desert Eagles? Aren't we just ""lucky""?"
10320000700	Captain\nIt's those damn air pirates! They just won't leave us alone!
10320000701	Eden Group Leader\nThe ship will fall apart at this rate! Wuller, take some people belowdecks and assess the damage! You're quick on your feet—get to the starboard Turret and launch an Auto Counter! Show them what we're made of!
10320000702	Captain\nAim before You fire! Conserve ammo and target their engines and sails!
10320000703	Eden Group Leader\nThis is bad. Their ship is getting closer. Wuller, Boya, prepare to defend!
10320000704	Captain\nThey're probably planning to board us and seize both the crew and cargo. I'll leave the fighting to you while I try to shake these bastards!
10320000705	Air Pirate Boss\nAll right, boys! Charge! Take this ship, and everything aboard is ours!
10320000706	Wuller\nHey, rookie! You handle the small fry over here! We'll stop their leader!
10320000707	Air Pirate Lackey\nTake out the one with the pet!
10320000708	Air Pirate Boss\nDon't... celebrate just yet... By the Desert Eagles, I swear... Blood... will be repaid in blood...
10320000709	Captain\nBah! If blood truly had to be repaid in blood, you'd have died eight hundred times over!
10320000710	Eden Group Leader\nThose air pirates were tougher than I expected. You did well, rookie. You took down quite a few enemies.
10320000711	Boya\nHa! When we work together, those air pirates don't stand a chance!
10320000712	Captain\nUh... Adventurer, could you come over here?
10320000713	Bobo\nOh no! The Captain looks hurt! Let's go check on him!
10320000714	Captain\nOw, that hurts...
10320000715	Captain\nDamn... Don't tell me they have... reinforcements?
10320000716	Bobo\nWe almost won. Let's Try Again!
10320000717	Professor Ryan\n(Checks inside his coat) Good, it's not damaged.
10320000718	Bobo\nLook! There's a treasure chest up ahead!
10320000719	Bobo\nWe're rich! What a haul! Hehe!
10320000720	Bobo\nWe almost won. Let's Try Again!
10320000721	Bobo\nWaaaah! It's a huge Sandstorm! We can't dodge it! I'll help You!
10320000722	Bobo\nIs that... a tornado?! Run!
10320000723	Bobo\nOoh, what does riding a giant ant feel like? Does it make You dizzy? Bobo wants to try too...
10320000724	Help! Help! Won't somebody save us?[g@{1}]
10320000725	Help! Help! Is nobody really going to save us?[g@{1}]
10320000726	Brave Adventurer, please save us~[g@{1}]
10320000727	Moonlight Flower\nTaunt them, then start the game again!
10320000728	Louis\nGuess which Bell my cat is hiding in!
10320000729	Louis\nCongratulations, you got it right! Let's go again—this time it'll be harder!
10320000730	Louis\nSorry, wrong guess! Let's try again.
10320000731	Moonlight Flower\nI'm about to catch you! Watch out!
10320000732	Moonlight Flower\nYou're pretty good at hide-and-seek! Play with me a little longer!
10320000733	Moonlight Flower\nI didn't know you were so good! I had a great time~
10320000734	Louis\nLet's start the game! Guess where my cat will move!
10320000735	Louis\nDarn, you got it right again! I give up.
10320000736	Hide in the darkness and don't let them Discover you!
10320000737	Meow, meow! Let the hide-and-seek begin!
10320000738	Hehe, I'm the Moonlit Challenger of hide-and-seek!
10320000739	Can your eyes see me?
10320000740	You're no good at hide-and-seek! Hahaha! Play with me again~
10320000741	I didn't know you were so good! I had a great time~
10320000742	Bobo\nThe device is over there. Let's hurry and bring it back to the Professor.
10320000743	Woof, woof, woof!
10320000744	Bobo\nGot it! Let's get out of here~
10320000745	Meow, meow! Meow!
10320000746	Tsk, tsk. You guessed it.
10320000747	You've got to be kidding...
10320000748	Meow, meow~ Meow!
10320000749	Looks like you're not taking this very seriously.
10320000750	Your eyesight is terrible! Hahahahaha!
10320000751	Meow, meow! Meow! Meow, meow!
10320000752	Tsk, tsk. It's only the first round.
10320000753	You actually lost that? You're not even smart enough to be a lackey...
10320000754	Meow, meow~ Meow, meow!
10320000755	Hahaha, Martha, calm down. Give him one more chance.
10320000756	You lost, lackey!
10320000757	Meow, meow, meow!
10320000758	This round really is a little tricky, but...
10320000759	Tch... No idea what you were acting so smug about at first.
10320000760	Bobo\nHuh? Someone over there is waving at us~ I guess we can go see what they want!
10320000761	Rhine\nHey, Adventurer! Are You here for the Novice Trial? Come over here.
10320000762	Bobo\nThe Elder Lady said we could use the Fly Wing once we reached the forest. This must be the place, right?
10320000763	Bobo\nDid you hear something? It sounded like it came from up ahead.
10320000764	Mysterious Voice\nAdventurer, please wait.
10320000765	Bobo\nWhoa! W-What's happening? This compass is glowing!
10320000766	Bobo\nUgh, why do these Chonchons keep following us? Shoo!
10320000767	Bobo\nThere's a man over there covered in dirt. Could he be the Professor?
10320000768	Bobo\nWhew, we're finally back! I'm going to get some beauty sleep!
10320000769	Bobo\nMaster, look at these claw marks... Baphomet might be nearby.
10320000770	Bobo\nHey, there's another chest over there. Waaah—!! M-Master, help! Is that Baphomet?!
10320000771	Bobo\nFound it! It's this shiny thing right here~
10320000772	Bobo\n(Shakes head) I feel awful as soon as I get near this place... Is the Relic causing it?
10320000773	Bobo\nDon't worry! We're here!
10320000774	Guard\nThis monster's tough... Ngh... Hah!
10320000775	Bobo\nThat must be the Relic up ahead! Whew, we finally found it!
10320000776	Bobo\nAdventurer! Adventurer! Wake up!
10320000777	Bobo\nThis famous port city lives up to its reputation! I can already feel the sea breeze!
10320000778	Mysterious Boy\nProfessional Job Advance tests! Step right up and don't miss out!
10320000779	Rhine\nAdventurers here for the Novice Trial, please come this way!
10320000780	Bobo\nMaster~ That hunk of junk is glowing again... This can't be good!
10320000781	Bobo\nLook! Prontera is just beyond that gate! Let's go!
10320000782	Young Male Voice\nCan we be reasonable here? You've been sitting here since five in the morning without fighting a single monster! You're hogging the spot and doing nothing!
10320000783	Elderly Male Voice\nYoung man, all that anger is bad for your liver... This is the best spot around for soaking up the sun.
10320000784	Gruff Voice\nSo you're the ones who ruined my plans, huh? Take this!
10320000785	Vendor's Cry\nStep right up! Freshly forged Novice Steel Swords! With one of these, your mom will never worry about you running into a Fabre again!
10320000786	Vendor's Cry\nOne bottle perks you up, two keep fatigue away! Limited-time special!
10320000787	Kitten\nMeow! Meow! Meow!
10320000788	Weak Voice\nHelp me... I need water...
10320000789	Nice moves!
10320000790	You got the move wrong!
10320000791	Focus!
10320000792	The ball is about to begin. Get ready!
10320000793	Quickly press the arrow key corresponding to the direction of Luna's Dance Move.
10320000794	Bobo\nHey, hey~ Master! That Elder Lady over there seems to be waving us over. Let's go see what she wants.
10320000795	Explosive barrels blast a cross-shaped area. Be sure to dodge!
10320000796	Graceful dance moves
10320000797	What a captivating dance
10320000798	How could you get that move wrong?
10320000799	Where are you going?
10320000800	Maya\nKids, come on out!
10320000801	Maya\nCome back!
10320000802	Ouch, that hurts!
10320000803	Professor\nI knew it! You really can activate it! Hahahahaha!
10320000804	Bobo\nA coffin? What do You mean?
10320000805	Ah! Professor! Professor, save us—
10320000806	The Professor was taken?! What do we do now?
10320000807	Was I seeing things just now? Maya actually carried someone off? My goodness, I can't believe I witnessed something like that...
10320000808	Follow Me. See that door over there?
10320000809	You've glimpsed the truth of this world. Be careful~
10320000810	Martha\nDarn it! We almost won. Louie, let's challenge them again!
10320000811	Louie\nA bet's a bet, Martha. This investigator is truly skilled. We admit defeat.
10320000812	Katie\nMeow, meow meow!
10320000813	Church Knight\nYou couldn't have come at a worse time. Watch out!
10320000814	Professor\nOh my gosh, help!
10320000815	Bobo\nAh! Save us—
10320000816	Merchant\nIn business, the goods have to match the order. You brought them back way too quickly. There's no way you did a thorough job, so I can't give you the original price for these airship tickets anymore~
10320000817	Boya\nSay that again! I'll kick your head around like a ball! I hate cheats more than anything!
10320000818	Merchant\nF-Fine... You win. You got the better of me today!
10320000819	W-What are you going to do?!
10320000820	Fervor! Fervor! Where are you?!
10320000821	Woof woof woof!
10320000822	Huh? The investigator is a dog?
10320000823	Woof, woof woof!
10320000824	Ah! Why did it suddenly run off? Could it be...
10320000825	Sprazzi\nBeginners, please gather over here!
10320000826	I'm definitely going to pass!
10320000827	The village chief never said there'd be a test...
10320000828	Bobo\nHuh? It looks like Fervor stopped someone up ahead!
10320000829	Cockroach Researcher\nUgh, stupid dog! Go away! Stay away from me!
10320000830	Cockroach Researcher\nT-That was terrifying... I've been afraid of dogs since I was little. I'm getting out of here!
10320000831	Bobo\nSeriously... I hope this Clue is actually useful. Let's hurry and follow Fervor.
10320000832	Bobo\nCould that little thief be inside the Culvert? Let's hurry over and see~
10320000833	Mysterious Woman\nIs anyone there? Help Me~ Help Me~
10320000834	Bobo\nCome on, hurry! Let's get on the airship already. I can't wait!
10320000835	Why are you walking so slowly—
10320000836	Bobo\nW-What's going on? Why is that compass on your chest glowing? That's scary! It's not going to explode, is it?!
10320000837	Bobo\nHurry and Take off the compass so we can check it!
10320000838	Bobo\nWhoa, why is this thing glowing again?
10320000839	Bobo\nI've got a bad feeling whenever this lousy compass lights up. Hurry and check it, bo!
10320000840	！！！！！.
10320000841	Bobo\nYou rotten thieves! You're the ones who stole the Professor's instruments, aren't you?!
10320000842	Louie\nWell, well. I'm surprised you managed to follow us all the way here.
10320000843	Fervor\nWoof, woof, woof! Woof, woof, woof!
10320000844	Bobo\nLook! That's a Peco Peco nest over there, right? And there are two people there!
10320000845	Soldier\nReporting, Commander! Something unusual is happening at the Pyramid!
10320000846	Bobo\nWhoa! There are so many people up ahead. What are they doing?
10320000847	Rhine\nHey, Adventurer! Are you here to take the Novice Trial? Please come over here.
10320000848	Bobo\nCould that be the egg we're looking for in those bushes?
10320000849	Bobo\nOh no! We flew right into a horde of monsters!
10320000850	Boya\nDamn, this Eddga is really tough!
10320000851	Bobo\nIzlude may be right next to Prontera, but the scenery is completely different.
10320000852	Bobo\nThe Party Leader who was carried off by a bird? Could it be that Peco Peco up ahead?
10320000853	Monster Research Adventurer\nDamn it, these blasted Chonchons! Please Help Me!
10320000854	Bobo\nWhere's the Professor? These ants didn't bury them in the sand, did they?! Hurry and drive these pesky ants away!
10320000855	Bobo\nThere's no one here. We may need to look farther inside. But these ants are so annoying! Why don't we clear them out while we're at it? We'd be doing everyone a favor!
10320000856	Bobo\nLet's keep going.
10320000857	Bobo\nThe place circled in red in the notes must be the Professor's destination. Looks like we need to keep going.
10320000858	Bobo\nLook! Could that old man be the Professor?
10320000859	Bobo\nWhoa, there's a hole here!
10320000860	Bobo\nFervor ran off! Hurry, follow him!
10320000861	Bobo\nHuh? It looks like he stopped up ahead.
10320000862	Bobo\nFervor stopped again.
10320000863	Bobo\nHuh? He stopped. Is he scared of that swarm of bats up ahead?
10320000864	Bobo\nLook! Fervor stopped someone. Could that guy be the thief?
10320000865	Bobo\nHuh? He stopped. Is there another Monster up ahead that he's afraid of? Are all dogs this timid?
10320000866	Bobo\nWhy did he stop again? I hope it's not because of food this time...
10320000867	Bobo\nWhy did he stop next to the Culvert inlet? The thief couldn't be inside, could they?!
10320000868	Bobo\nThose three little thieves have no taste at all. Why would they set up their headquarters in the Culvert? It stinks...
10320000869	Bobo\nHey, look at these claw marks... Baphomet may be Nearby.
10320000870	Bobo\nThere's someone over there! Could he be looking for the goods too?
10320000871	Bobo\nLook! There's a chest over there~
10320000872	Bobo\nSomething doesn't feel right around here...
10320000873	Bobo\nWe found them. It's this shiny thing right here~ Let's hurry back. That old man must be getting impatient!
10320000874	Bobo\nI feel irritated whenever we Enter the Pyramid. Is the Relic causing it?
10320000875	Struggling Soldier\nDamn Monster, get away!
10320000876	Struggling Soldier\nThank goodness... Thank you for your help!
10320000877	Injured Soldier\nThis Monster is tough... Ngh... Hah!
10320000878	Injured Soldier\nI almost couldn't hold out any longer. Good thing you came.
10320000879	Bobo\nHuh? Something's wrong up ahead! The Professor and the others are surrounded by Monsters!
10320000880	Bobo\nAdventurer! Adventurer! Wake up!
10320000881	Bobo\n(Flies up from the ground) We tried to help, but we got beaten up instead! Huh? Where's the Professor?
10320000882	Monsters are about to appear. Get ready!
10320000883	A huge wave of monsters is approaching!
10320000884	Final wave!
10320000885	Bobo\n(Sniff, sniff) Something's not right. I smell monsters!
10320000886	Bobo\nWhoa! What's going on?! There are monsters everywhere!
10320000887	Bobo\nC-could it be because of that egg?!
10320000888	Bobo\nAaargh! There are more?! Adventurer, you have to hang in there!
10320000889	Bobo\nThey just keep coming~ This egg-stealing request is both dangerous and unethical...
10320000890	Bobo\nWhew, it's finally over~ Thank goodness we're still alive!
10320000891	Guild ^{1}${1}^{2} used ^{3}${2}^{4} on Our Guild, causing a ^{5}${3}^{6} effect!
10320000892	Our Guild used ^{1}${2}^{2} on Guild ^{3}${1}^{4}, causing a ^{5}${3}^{6} effect!
10320000893	You will obtain a Personal Skill and a Command Skill in @{1}s!
10320000894	You will obtain a Personal Skill in @{1}s!
10320000895	Baphomet has become Weak! Focus your attacks!
10320000896	The Hunting Challenge will begin in @{1} minutes.
10320000897	The Hunting Challenge has begun. Go now?
47000	Job Advance successful.
47001	Unused Skill Points
47002	Downloading:
47003	Growth Emblem
47004	Begin Your Journey
47005	View
47006	Claim
47007	Quest not unlocked. Unable to claim.
47008	Quest incomplete. Unable to claim.
47009	Complete this chapter's quests first.
47010	Complete this chapter's quests first.
47011	Reward claimed
47012	Advance
47013	None
47014	Advancement Quest
47015	Next Stage
47016	seconds until skippable
47017	seconds until this story can no longer be skipped
47018	Try Again
47019	Skip
47020	Congratulations! You've completed your entire growth journey. Tap Finish to permanently close the Growth Emblem.
47021	Finish
47022	Title Preview
47023	Claim
47024	Go
47025	Claim All
47026	Growth Journey complete.
47027	Job Advance quests unlock after Level Increased. Complete the quest to Job Advance.
47028	Quest unlocks at Lv. ${1}.
47029	Complete Reward
47030	Emblem Reward Preview
47031	Emblem
47100	Give the collected herbs to Rhine.
47101	Place your hand on the boy's.
47102	Touch the Book of Job Advancement.
47103	Gather Hard Shells.
47104	Gather high-quality Sticky Mucus.
47105	Pick up the Research Notebook.
47106	Approach the strange girl.
47107	Release the pathfinder ant.
47108	Enter the mysterious cave entrance.
47109	Inspect the goods by the roadside.
47110	Inspect the goods by the roadside.
47111	Pick up the goods.
47112	Place the part in the machine.
47113	Take Out the part.
47114	Touch the stone pillar.
47115	Relax.
47116	Gather Whispering Flowers.
47117	Place the Whispering Flowers.
47118	Spray the pheromones.
47119	Approach the giant ant.
47120	Check the wanted poster.
47121	Caress the Stray Cat
47122	Help the Man
47123	, and learn Luna's dance moves
47124	Start
47125	Suggested: Challenge Hall of Valor (Misc)
47126	Suggested: Monster Conquest (Misc)
47127	Conquer the Munak Cave Area
47128	Reach Base Lv. ${1}
47129	Complete the Golden Thief Bug Dungeon
47130	Complete the Orc Hero Dungeon
47131	Complete the Drake Dungeon
47200	Choose How to Begin
47201	Only affects the story experience. <color=#ff993f>Does not affect progression rewards</color>
47202	Story Quest Path
47203	Experience the new version's smooth, seamless storytelling
47204	Monster-Grinding Path
47205	Relive the classic RO PC game's thrilling monster-grinding and Level-up experience
47206	Are you sure you want to begin this journey via  ${1}?\n<color=#cc762a>${2}</color>
47207	Enjoy spectacular, immersive story quests and a smooth, polished introduction for new adventurers
47208	Return to the classic monster-grinding experience of the original RO PC game and relive the thrill of growing stronger through battle
47209	All-New Story
47210	Spectacular Presentation
47211	Classic PC Experience
47212	Grind and Level-up
11460000000	Default Theme
11460000001	Bouquet
11460000002	Meow
11460000003	Set Sail
11460000004	Default Background
11460000005	Path of Adventure
11460000006	Land of Lilies of the Valley
11460000007	Mood @{1}
13110000000	Focus Orbit
13110000001	Endurance Orbit
13110000002	Evil Orbit
13110000003	Attack Orbit
13110000004	Reflect Damage
13110000005	Attribute Orbit
13110000006	Life Steal Orbit
13110000007	Radiance Orbit
13110000008	Desolation Orbit
13110000009	Frozen Orbit
13110000010	Golden Thief Bug
13110000011	Pirate
13110000012	Phreeoni
13110000013	Baphomet
13110000014	Doppelganger
13110000015	Eddga
13110000016	Angeling
13110000017	Moonlight Flower
13110000018	Pharaoh
13110000019	Goblin Leader
13110000020	Kraken
13110000021	Magnification
13110000022	Reset Skill Cooldowns
13110000023	Hide HP Bar
13110000024	Block One Attack
13110000025	HP Lock for @{1} Seconds
13110000026	Records Damage Dealt
13110000027	Increase Movement Speed and HP recover out of combat
13110000028	Lose HP to increase DMG by @{1}%
13110000029	Fully Restore HP
11290000000	Card
11290000001	Monster
11290000002	Coming Soon
12880100000	^{1}Every great legend begins in a time of quiet obscurity.^{2}
12880100001	^{1}The road behind you now winds like poetry, but the story ahead is longer still.^{2}
12880100002	^{1}Listen—the bard's newest song now has a verse about you.^{2}
12880100003	^{1}Your name has become the favorite spice in every tale told at a certain tavern.^{2}
12880100004	^{1}The summit isn't the end. It's where you first glimpse the next peak.^{2}
12880100005	^{1}A one-of-a-kind path often begins with ten million ordinary swings of the sword.^{2}
12880100006	^{1}Is it lonely at the top? No—the top has the best views and the strongest opponents.^{2}
48000	Go Join a guild!
48001	Auction: Yet to start!
48002	You Have the Highest Bid…
48003	Bidding…
48004	On Display…
48005	Bid
48006	Bid Placed
48007	Auto-Bid
48008	Preset Bid
48009	Fixed price
48010	Filter ${1}
48011	Auctioned item
48012	Time
48013	Current Price
48014	Bid Status
48015	Auction
48016	Log
48017	My Auctions
48018	About to start
48019	Distance to End
48020	Auto-Bidding
48021	Page: ${1}
48022	The auction is Yet to start. Participate in evening guild events to unlock the Guild Auction.\n\nAfter the auction ends, players who participated in the event can receive an Auction Dividend.\n\nThe higher the Guild Auction sales, the larger the Auction Dividend!
48023	Join a guild and attend evening guild events to unlock the Guild Auction.\n\nParticipants share an Auction Dividend - the higher the sales, the larger the payout.
48024	All auction items are gone. Thank You for participating!
48025	Bidding Requirements Not Met
48026	Bidding begins after the display period ends
48027	World Auction
48028	Guild Auction
48029	Event Auction
48030	Total Auction Dividend
48031	Expected Dividends
48032	Claim
48033	Current bid
48034	Log
48035	Bid Increment
48036	Bid Multiplier
48037	Bidding Cap
48038	Week ${1} ${2}-${3}
48039	Auction complete. The item has been sent by mail.
48040	Bid Successful
48041	Your bid on ${1} has been surpassed. Your Funds have been Refunded.
48042	The current bid price has changed. Please bid again.
48043	Another player has outbid you
48044	Your current bid did not exceed the other bidder's
48045	Reset Filters
48046	No Auction Information Available
48047	Fixed price
48048	Spend ${1} to purchase ${2}?
48049	Bid Confirmation
48050	Are you sure you want to spend ${1}?
48051	Cancel Auto-Bid
48052	Auto-Bid canceled. Your funds have been refunded by mail.
48053	Auto-Bid set
48054	Transaction Time
48055	Source Event
48056	Someone else purchased the item first
48057	Highest Bid
48058	Outbid
48059	Bid Confirmation
48060	To protect your funds while you were offline, the System automatically stopped your pre-auction/bulk purchases. Restart them?
48061	Auction Quantity: <color=#cc762a>${1}</color>
48062	(Pre-purchase: <color=#cc762a>${1}</color>)
48063	(Bidding/Pre-purchases: <color=#cc762a>${1}</color>/${2})
48064	Pre-purchased
48065	Bidding…
48066	Starts at ${1}
48067	Item Pre-purchase
48068	Lowest:
48069	Current:
48070	Starting Bid:
48071	Starting Bid:
48072	Pre-purchase Notice
48073	Pre-purchase ${3} ${2} for no more than ${1}?
48074	The final purchase amount and quantity may change.
48075	Maximum Unit Price
48076	Quantity
48077	Total Item Price
48078	Some of your Pre-purchase bids are currently the highest. You can only cancel those that are not the highest. Continue?
48079	Cancel
48080	No changes were made to the Pre-purchase plan.
48081	Pre-purchase Plan Changed
48082	Pre-purchase canceled
48083	There are no items of this type in the current auction.
48084	Increase Bid
48085	Stop Bidding
48086	The auction is underway. If you Leave Guild, you will not receive any dividends. Continue?
48087	（${1}s）
48088	Cancel Pre-purchase
48089	Modify Pre-purchase
48090	Your current bid is already the highest.
48091	Show Bidding Only
48092	${1} Ends
48093	Pre-purchase Item List
48094	Auto-Bidding
48095	You already have the highest bid. No need to outbid yourself!
48096	Show Pre-purchases Only
48097	You are no longer in the guild holding this auction and cannot bid.
48098	The auction has not officially started yet. Please try again later.
48099	Bid on ${1}?
48100	Buy ${1} at the Fixed price?
48101	There are currently no Event Auctions underway. Stay tuned!
48102	There are currently no World Auctions underway. Stay tuned!
48103	No matching items found.
48104	Obtained
48105	Ended
48106	Pre-purchase in Progress…
48107	Starting Bid:
48108	Fixed price purchases will become available after the listing period ends.
48109	Current Price:
48110	Tap an item slot to Pre-purchase the selected item.
48111	Use Fixed price to purchase the item immediately.
48112	Change bid
48113	Auction Status
48114	Final Price
10890100000	Limited-Time Guild Event Now Open
10890100001	Enjoy thrilling battles between guilds~
10890100002	Bring your friends and join a thrilling and fun free-for-all!
10890100003	@{1} VS @{2}—an electrifying showdown!
10890100004	A Space Rift has appeared on the Midgard Continent. Seal it to earn Rare rewards!
10890100005	A 5-player party dungeon you can challenge weekly to obtain Rare items.
10890100006	A five-player party dungeon with random challenges where you can obtain Rare items.
10890100007	Melody of the God of Nature. Complete the weekly challenge to obtain Rare items.
180000	System Stall Name
12370100001	Understands the basic techniques and processes and can complete low-level crafting tasks independently. Unlocks the first Craft Slot and allows beginner Life Skill abilities to be learned.
12370100002	Has a deeper understanding of the trade and can skillfully use its tools and materials. Unlocks the second Craft Slot and a wider selection of abilities, allowing a personal style to take shape.
12370100003	Has honed their craft and can flexibly apply various abilities to different situations. Unlocks the third Craft Slot and grants access to specialized abilities from the intermediate and advanced ability pools.
12370100004	Has reached the pinnacle of the craft and can create ingenious masterpieces. Unlocks the fourth Craft Slot and allows Rare abilities to be learned, further strengthening the trade's unique traits.
12370100005	Craftsmanship and inspiration become one, allowing all abilities to be freely combined and mastered. Unlocks the fifth Craft Slot and all Legend techniques in the top-tier ability pool.
49001	You already permanently own ${1}.
49002	Currently equipped appearance: <color=#cc762a><u>${1}</u></color>
49003	Reset
49004	Hide
49005	Style +${1}
49006	Stats
49007	Obtain
49008	Apply Attributes
49009	Applying Attributes
49010	Compare
49011	Show less
49012	Current
49013	Fashion Rating
49014	Claim All
49015	Lv. ${1}
49016	Current
49017	Build ${1}
49018	No Plans
49019	Applied
49020	Use This Plan
49021	Save to This Plan
49022	Your trial of <color=#cc762a>${1}</color> has expired.
49023	Mount
49024	Dismount
49025	Monster Drops
49026	Start Crafting
49027	Go to Unseal
49028	Not enough crafting materials.
49029	Synthesis Materials
49030	Gift from Costume ${1}
49031	Build ${1}
49032	Monday
49033	Tuesday
49034	Wednesday
49035	Initial Plan
49036	Apply Engraving
49037	This slot has an advanced attribute. Reroll it?
49038	Save the following engraving results to ${1}?
49039	No.${1}
49040	Engraving Plan
49041	Select Plan
49042	Plan
49043	Select an engraving slot.
49044	Engraving
49045	Save Preset
49046	Limited
49047	No.${1}
49048	Current Preset
49049	Appearance Engraving
49050	Confirm
49051	No ranking yet
49052	View Set
49053	Go Get
49054	Fashion Sense Rewards
49055	Current
13910000000	Apprentice V
13910000001	Apprentice IV
13910000002	Apprentice III
13910000003	Apprentice II
13910000004	Apprentice I
13910000005	Rookie V
13910000006	Rookie IV
13910000007	Rookie III
13910000008	Rookie II
13910000009	Rookie I
13910000010	Warrior V
13910000011	Warrior IV
13910000012	Warrior III
13910000013	Warrior II
13910000014	Warrior I
13910000015	Elite V
13910000016	Elite IV
13910000017	Elite III
13910000018	Elite II
13910000019	Elite I
13910000020	Moonlit Challenger V
13910000021	Moonlit Challenger IV
13910000022	Moonlit Challenger III
13910000023	Moonlit Challenger II
13910000024	Moonlit Challenger I
13910000025	Overlord
13910000026	Legendary Survivor
10380100000	The main guild building determines the Guild Member capacity. Level-up the main building to increase the Guild Member capacity.
10380100001	Purchase character progression and decorative items in the Guild Store. More items Can be unlocked for purchase at higher Guild Store levels.
10380100002	The Institute level determines which Guild Technologies are currently unlocked. As the Institute reaches higher levels, more Guild Technology effects Can be unlocked for Level-up.
10380100003	Reach higher Guild Store levels to unlock access to more advanced guild gift packs.
10380100004	Siege equipment reserves can be viewed even when the Siege War is not open.
10380100005	Guild Management can Trade Military Supplies here, using Guild Funds as the Currency
10440000000	Go to Guild Base
10440000001	Guild Management
10440000002	Rally
10440000003	Bonuses
10440000004	Fund Rankings
10440000005	Guild Auction
10440000006	Dividends
10440000007	Ranking
13680100000	Money isn't everything, but without it...
13680100001	One decisive blow prevents a hundred more
13680100002	Always remember: never keep a low profile
13740000000	【Watering】 Water the Adventure Party's sapling once.
13740000001	【Challenge】 Defeat an MVP with any Member of your Adventure Party.
13740000002	【Challenge】 Clear any Phantom Realm with at least @{1} other Members of your Adventure Party.
13740000003	【Challenge】 Clear any Realm of the Gods with at least @{1} other Members of your Adventure Party.
13740000004	[Competition] Complete Kafra: Battle of the Survivors with at least @{1} Member from your Adventure Party
181000	Welcome to RO3
181001	Welcome to RO3
181002	Welcome to RO3
181003	Welcome to RO3
181004	Welcome to RO3
181005	Welcome to RO3
181006	Welcome to RO3
181007	Welcome to RO3
50001	Ragnarok Online
50002	Diamond
50003	Jade
50004	Platinum Range
50005	Gold
50006	Silver
50007	Brass
50008	Black Iron
50009	Near the Water Point
50010	Spawn
50011	Near the Fire Point
50012	Local Server League Screen Help Text
50013	Guild Schedule Help Text
50014	No Guild
50015	No ranking yet
50016	Time Until Eliminations Begin:
50017	Time Until Semifinals Begin:
50018	Distance Until Finals Begin:
50019	You are a guild elite. We recommend heading to the Main Battlefield.
50020	This action is unavailable during the league.
50021	Guild League
50022	Local Server League
50023	Schedule
50024	Result
50025	Rewards
50026	Eligibility
50027	Enter Battlefield
50028	The Guild League has begun. Participate Now?
50029	Ends in ${1}
50030	The event is not currently active.
50031	Please join a guild first
50032	Temporary Members cannot participate in the league.
50033	The guild has been disbanded
50034	Your guild has not been assigned a division and cannot participate in the league.
50035	No battle history available.
50036	Main Field
50037	Sub Field
50038	Only elites may enter.
50039	The Main Battlefield is full.
50040	Ranking
50041	Battle Results
50042	Our Guild
50043	Opponent's Guild
50044	Battle Report Details
50045	Victory
50046	Failed
50047	Report
50048	Rewards
50049	Personal Rewards
50050	Auction Rewards
50051	Current Guild Division:
50052	Rank
50053	Player name
50054	Guide
50055	Once you Join a guild, you can participate in its scheduled matches.
50056	Your guild has not yet been assigned a division or matched for the schedule.
50057	Division Assignment Requirements:
50058	Guild membership reaches ${1}
50059	Your guild's Active rating reached ${1} last week.
50060	Division Assignment Time:
50061	Monday at 05:03 during the first week of the schedule
50062	Morale:
50063	Commander
50064	Battlefield Skill
50065	Battlefield Command
50066	Rally
50067	Notes
50068	You do not have permission.
50069	You are not on the Main Battlefield.
50070	Insufficient remaining attempts
50071	On cooldown. Please try again later.
50072	The league is underway. Are you sure you want to leave?
50073	Preparation Time:
50074	Battle Begins
50075	Guild Members:
50076	My Points:
50077	Defeat
50078	Assist
50079	Capture the Flag
50080	Point Rules Help Text
50081	Rank ${1}
50082	Morale:${1}/${2}
50083	You can reenter from the Guild Events screen after leaving. Are you sure you want to leave?
50084	Group Division:${1}
50085	Morale
50086	Random Upper Bracket Matchups
50087	Random Lower Bracket Matchups
50088	Empty
50089	Winners' Bracket
50090	Losers' Bracket
50091	In progress
50092	Ended
50093	Matchup
50094	Schedule
50095	Ranking
50096	Semifinal Matchups
50097	Final Matchups
50098	Upper Winners' Bracket
50099	Lower Winners' Bracket
50100	Upper Losers' Bracket
50101	Lower Losers' Bracket
50102	1-2
50103	3-4
50104	5-6
50105	7-8 Players
50106	Advance
50107	Demote
50108	Opens in ${1}
50109	Distance Until the Next Preliminaries Begin:
50110	My guild ranking
50111	[${1}] Rank ${2}
50112	Group ${1}
50113	Deliver the Flag:
50114	Capture the Flag!
50115	Defend the Flag!
50116	Transport the Flag
50117	Defeat the Boss
50118	My Battle Report
50119	Battlefield Honor
50120	Battleground Stats
50121	Transport the Flag
50122	Capture the Flag
50123	Kill Players
50124	Assist
50125	Damage
50126	DMG Taken
50127	Healing
50128	Best of the Best
50129	Top Three Overall
50130	Absolute Advantage
50131	Rank Among the Best
50132	Go to Guild Battle Report
50133	Previous
50134	Honor
50135	Data
50136	Victory
50137	Water
50138	Mountain
50139	Fire
50140	Codex Stat Overview
50141	Total Points
50142	Kill Boss
50143	Kill the Guard
50144	Capture the Flag
50145	Defend the Flag
50146	This match has ended.
50147	No Members have made the rankings yet. Keep trying!
50148	Divine Assist
50149	More Honor
50150	Killing Spree
50151	Divine Assist
50152	Protecting
50153	Eliminations
50154	Semifinals
50155	Grand Finals
50156	Preliminaries-Semifinals
50157	Placement Criteria:
50158	Initial placement is based on Guild Member strength.
50159	The next season's tier is determined by the previous season's results.
50160	Main Battlefield
50161	Sub-Battlefield
50162	Individual Victory Rewards
50163	Victory Auction Rewards
50164	Individual Loss Reward
50165	Failed Auction Rewards
50166	Flag Delivered Successfully
50167	Battleground Rating
50168	Total Score:
50169	Next
50170	No Members on the Rankings Yet
50171	Peerless
50172	Terminate
50173	Enter the League.
50174	Match has ended
50175	Battleground Info
50176	Group Rank
50177	Auto-Register for Next Round
50178	Registration Condition
50179	Sign Up
50180	Your guild hasn't registered, so you can't participate.
50181	Points Match
50182	Current Points
50183	Warzone Ranking
50184	Highest Win Streak
50185	Season Ranking Rewards will be sent via mail.
50186	Locate Match
50187	First Match
50188	Round 2
50189	Round 3
50190	TBD
50191	Season points and rankings can be viewed after the Locate Matches end.
50192	Time
50193	Points
50194	Boss Appeared
10100000000	Cumulative quest
10100000001	Daily Quest
10100000002	Challenge Quests
10100000003	Guild Quests
10100000004	Echo Growth Quest
10100000005	Items
10100000006	Equip
10100000007	Card
10100000008	Divine Totem
10100000009	Soul Echo
10100000010	White
10100000011	Green
10100000012	Blue
10100000013	Purple
10100000014	Orange
10100000015	Red
10100000016	N/A
10100000017	M
10100000018	F
10100000019	Type
10100000020	Rank
10100000021	Rarity
10100000022	Brute
10100000023	Demi-Human
10100000024	Demon
10100000025	Plant
10100000026	Undead
10100000027	Formless
10100000028	Fish
10100000029	Angel
10100000030	Insect
10100000031	Dragon
10100000032	Neutral
10100000033	Wind
10100000034	Earth
10100000035	Fire
10100000036	Water
10100000037	Poison
10100000038	Holy
10100000039	Shadow
10100000040	Ghost
10100000041	Undead
10100000042	Small
10100000043	Medium
10100000044	Large
10100000045	Dagger
10100000046	One-Handed Sword
10100000047	Two-Handed Sword
10100000048	One-Handed Spear
10100000049	Two-Handed Spear
10100000050	One-Handed Axe
10100000051	Two-Handed Axe
10100000052	Mace
10100000053	Wand
10100000054	Staff
10100000055	Bow
10100000056	Katar
10100000057	Shield
10100000058	Clothes
10100000059	Muffler
10100000060	Shoes
10100000061	Accessory
10100000062	Currency
10100000063	Activity Points
10100000064	EXP
10100000065	Collection Points
10100000066	Competition Misc Currency
10100000067	Net Victory Points
10100000068	Net Victory Protection Points
10100000069	Trial Coins
10100000070	Decorative Stickers
10100000071	Spacetime Emblem
10100000072	Vigor
10100000073	Guild Supplies in Territory War
10100000074	War Merit Points
10100000075	Guild Prestige
10100000076	Guild Activity
10100000077	Guild Contribution
10100000078	Monster Hunt Points
10100000079	Cooking
10100000080	Consumable
10100000081	Wing Items
10100000082	Yggdrasil Leaf
10100000083	Emote Pack Unlock Item
10100000084	Voice Message Item
10100000085	Arrow
10100000086	Friend Gift Item
10100000087	Limited-Time Appearance
10100000088	Appearance Gift Box
10100000089	Basic Totem Skill Book
10100000090	Book Page Item
10100000091	Tavern Gifts
10100000092	Vivify Potion
10100000093	Guild Emblem Unlock Item
10100000094	Guild Store Guildwide Gift Pack
10100000095	Mount Unlock Item
10100000096	Season Cooking
10100000097	Advanced Totem Skill Book
10100000098	Item Pack
10100000099	Random Item Pack
10100000100	Selectable Item Pack
10100000101	Common Hidden Treasure Chest
10100000102	Premium Secret Trove Chest
10100000103	Secret Cache Gift
10100000104	Material
10100000105	Enhancement Materials
10100000106	Refinement Material
10100000107	Appraisal Materials
10100000108	Pet Shard
10100000109	Title Materials
10100000110	Pet Materials
10100000111	Crafting Blueprint
10100000112	Quest Items
10100000113	Pet Selection Gift Box
10100000114	Star Core
10100000115	Accelerant
10100000116	Enchant Scroll
10100000117	Appearance Item
10100000118	Event Items
10100000119	Treasure Map
10100000120	Valhalla Items
10100000121	Gardening
10100000122	Minerals
10100000123	Fish
10100000124	Combat Mount
10100000125	Cart Merchant
10100000126	Falcon
10100000127	Demonic Wolf
10100000128	Class Mount
10100000129	Universal Mount
10100000130	Siege Weapon
10100000131	Mount
10100000132	Arcane Crystal
10100000133	Attack-type
10100000134	Defender
10100000135	Support
10100000136	Damage
10100000137	Tank
10100000138	Healing
10100000139	Buff
10100000140	Physical
10100000141	Magic
10100000142	Range
10100000143	ST
10100000144	Burst
10100000145	Ranged
10100000146	Function
10100000147	Monster
10100000148	Pack
10100000149	Rank
10100000150	Character name
10100000151	Combat Power
10100000152	Popularity
10100000153	Heart Points
10100000154	Guild Name
10100000155	Guild Leader Name
10100000156	Completion Time
10100000157	First Clear Time
10100000158	Clear Time
10100000159	This Week's Star Value
10100000160	Star Points
10100000161	Floors
10100000162	Clear Time
10100000163	Formation
10100000164	Rank
10100000165	Players Defeated
10100000166	Number of 1st-Place Finishes
10100000167	Times Named MVP
10100000168	Guild
10100000169	Guild Contribution
10100000170	Personal Contribution
10100000171	Guild Points
10100000172	Battle Merit
10100000173	Honor
10100000174	Guild Contribution
10100000175	Damage per Second
10100000176	Fashion Rating
10100000177	Equipment Rating
10100000178	Equipment Name
10100000179	Crafted by
10100000180	Owner
10100000181	Astral Sign Rating
10100000182	Astral Sign Name
10100000183	Guild Activity
10100000184	Guild GVE Clear Difficulty
10100000185	Guild GVE Difficulty Duration
10100000186	Normal
10100000187	Hard
10100000188	Final Trial
10100000189	Nightmare
10100000190	Random Dungeon
10100000191	Empty
10100000192	Main-Hand
10100000193	Off-Hand
10100000194	Armor
10100000195	Left Accessory
10100000196	Right Accessory
10100000197	Headwear
10100000198	Facewear
10100000199	Mouthwear
10100000200	All Slots
10100000201	Weapon
10100000202	Pet
10100000203	T@{1}
10100000204	Novice
10100000205	Swordsman
10100000206	Mage
10100000207	Acolyte
10100000208	Archer
10100000209	Thief
10100000210	Merchant
10100000211	Knight Class
10100000212	Mage Class
10100000213	Priest Class
10100000214	Hunter Class
10100000215	Assassin Line
10100000216	Blacksmith Class
10100000217	Crusader Branch
10100000218	Sage Branch
10100000219	Martial Artist Class
10100000220	Bard Branch
10100000221	Dancer Line
10100000222	Rogue Class
10100000223	Alchemist Class
10100000224	No Affix
10100000225	Single Affix
10100000226	Two Affixes
10100000227	No Stunt
10100000228	Has Stunt
10100000229	Set
10100000230	Costume
10100000231	Backwear
10100000232	Mount
10100000233	Hairstyle
10100000234	Character Effects
10100000235	Footprints
10100000236	First Job
10100000237	Second Job
10100000238	Advanced Second Job
10100000239	Third Job
10100000240	B
10100000241	A
10100000242	S
10100000243	Path of Destiny
10100000244	Growth
10100000245	Order
10100000246	Sense
10100000247	All
10100000248	Prontera Areas
10100000249	Geffen Areas
10100000250	Payon Areas
10100000251	Mt. Mjolnir Region
10100000252	Desert Region
10100000253	Lv.@{1}-@{2}
10100000254	Not owned
10100000255	Owned
10100000256	STR
10100000257	AGI
10100000258	VIT
10100000259	INT
10100000260	DEX
10100000261	LUK
10100000262	Max HP
10100000263	HP Recovery
10100000264	PATK
10100000265	MATK
10100000266	PDEF
10100000267	MDEF
10100000268	HIT
10100000269	FLEE
10100000270	CRIT
10100000271	ASPD
10100000272	MSPD
10100000273	Physical Damage Increase
10100000274	Physical Damage Reduction
10100000275	Magic Damage Increase
10100000276	Magic Damage Reduction
10100000277	CRIT DMG increased.
10100000278	Crit DMG Reduction
10100000279	Healing Enhancement
10100000280	Increased DMG to Monsters
10100000281	Elemental Damage Increase
10100000282	Elemental Damage Reduction
10100000283	DMG Bonus vs All Race
10100000284	DMG Reduction vs All Race
10100000285	DMG Bonus vs All Size
10100000286	DMG Reduction vs All Size
10100000287	Debuff Resistance
10100000288	Medicine Items
10100000289	In-Game Currency
10100000290	In-Match Build Item
10100000291	Identity Badge Items
10100000292	Job Talents
10100000293	Talent Skills
10100000294	Burst
10100000295	Control
10100000296	Utility
10100000297	Hat
10100000298	Ring
10100000299	Merchants
10100000300	Skills
10100000301	Medicine
10100000302	Contributor Badge
10100000303	Revive
10100000304	Instant respawn
10100000305	Return to checkpoint
10100000306	Solo Actions
10100000307	Duo Action
10100000308	Home Theme
10100000309	Home Background
10100000310	@{1}
10100000311	Wood
10100000312	Ore
10100000313	Plants
10100000314	Processed Materials
10100000315	Composite Materials
10100000316	Metal
10100000317	Wooden Goods
10100000318	Textiles
10100000319	Crafting Materials
10100000320	Life
10100000321	Increased Damage to Medium Monsters
10100000322	DMG Reduction vs Medium Size
10100000323	DMG vs Demi-Human
10100000324	DMG Reduction vs Demi-Human
10100000325	Helmet
10100000326	NPC
10100000327	Teleporter
10100000328	Mine
10100000329	Empty
10100000330	Artillery
10100000331	Standard Card
10100000332	Collector Card
10100000333	Party Recruitment
10100000334	Normal Message
10100000335	Voice Message
10100000336	Dungeon Cleared
10100000337	Item Share
10100000338	Location Share
10100000339	Mention
10100000340	Timestamp
10100000341	Friend Message System Hint (xxx is now a friend; xxx joined or left the Group Chat)
10100000342	System Message
10100000343	Tavern Message
10100000344	Large Chat Emotes
10100000345	Tavern Gift
10100000346	Simple Hyperlink (text-only hyperlink; hyperlink clicks must be handled separately)
10100000347	Designated Channel Announcement
10100000348	Request Items from Friends and Allies
10100000349	Kun Dungeon Challenge
10100000350	Special Class Item
10100000351	Flying Mount
10100000352	Produce
10100000353	Chance
10100000354	General
10100000355	Collect
10100000356	Craft
10100000357	Emote Skills
10100000358	Idle Actions
10100000359	Overall
10100000360	World
10100000361	Party
10100000362	Misc
10100000363	Recruit
10100000364	System
10100000365	Fine
10100000366	Rare
10100000367	Legend
10100000368	Myth
10100000369	Advanced
10100000370	Collector's
10100000371	Luxury
10100000372	Wings
10100000373	Body
10100000374	Tail
10100000375	Kafra's Tribute@{1}
10100000376	DMG Taken
10100000377	【Burst】
10100000378	【Control】
10100000379	【Healing】
10100000380	【Support】
10100000381	【Stealth】
10100000382	【Utility】
10100000383	Featured Event
10100000384	Effect
10100000385	Identified
10100000386	Unidentified
10100000387	Need DPS
10100000388	Need a Tank
10100000389	Need a Healer
10100000390	Need Support
10100000391	Need a Big Bro
10100000392	Need a Sweet Girl
10100000393	Looking for a Carry
10100000394	Looking for a Shot-Caller
10100000395	Looking for a Goofball
10100000396	Looking for a Drama Queen
10100000397	Weekends Only
10100000398	Looking for a Pet Parent
10100000399	Looking for a Lucky Charm
10100000400	Looking for a Social Butterfly
10100000401	Always Online
10100000402	Introvert-Friendly
10100000403	Let's Run Dungeons
10100000404	PvP Enthusiasts
10100000405	Chill and Casual
10100000406	Active Chatterboxes
10100000407	Photo Enthusiasts
10100000408	Newbies Welcome
10100000409	Night Owls
10100000410	Total Extroverts
10100000411	No Thin Skins
10100000412	Fewer than @{1} Openings
10100000413	At Least @{1} Openings
10100000414	Card View
10100000415	Item View
10100000416	2H
10100000417	1H
10100000418	Low-grade
10100000419	@{1}
10100000420	Armor
10100000421	Current Job
10100000422	All Classes
10100000423	Special Item
11520100008	Teamfight Initiation Damage
11520100009	Skill-Based
11520100010	High Crit
11520100011	Poison Attacks
11520100012	High Damage Output
11520100013	Agile
11520100014	High Crowd Control
11520100015	Wide-Area High Burst
11520100016	Strong Solo Capability
13110200000	Increases DEF
13110200001	Increases Move Speed---/Attack Speed
13110200002	Increases Movement Speed---/HP recover
13110200003	Increase Attack
13110200004	Increases damage reflection
13110200005	Increases each stat by @{1} points
13110200006	When attacking, has a @{1}% Chance to restore @{2} HP with no cooldown
13110200007	Increases allies' MP recovery by @{1}
13110200008	Reduces the DEF of nearby enemies
13110200009	Reduces the Movement Speed of nearby enemies
13110200010	Gain @{1} match Currency
13110200011	Increases Crit Chance by @{1}% for @{2} sec.
13110200012	Reflects @{1}% of damage taken for @{2} sec. Reflection cooldown: @{3} sec. (Each reflected hit cannot exceed @{4}W)
13110200013	Raises the quality of all equipped gear by one tier
13110200014	Become Super Giant for @{1} sec. During this time, damage dealt increases by @{2}%, damage taken increases by @{3}%, and you recover @{5}% Max Life every @{4} sec.
13110200015	Become immune to all debuffs and control effects for @{1} sec.
13110200016	Self-heal, recovering @{1}% Max Life per sec. for @{2} sec.
13110200017	Increases Movement Speed by @{1}% and grants immunity to slows for @{2} sec.
13110200018	Increases healing received by @{1}% for @{2} sec.
13110200019	Gain a slowing Orbit that reduces the Movement Speed of enemies within a @{1}-meter radius by @{2}% for @{3} sec.
13110200020	Increases damage by @{1}% for @{2} sec.
13110200021	Focus Orbit
13110200022	Magnification
13110200023	Reset Skill Cooldowns
13110200024	Hide HP Bar
13110200025	Block One Attack
13110200026	HP Lock for @{1} Seconds
13110200027	Records Damage Dealt
13110200028	Increase Movement Speed and HP recover out of combat
13110200029	Lose HP to increase DMG by @{1}%
13110200030	Fully Restore HP
182000	Official RO3 Van
182001	Official RO3 Van
182002	Official RO3 Van
182003	Official RO3 Van
182004	Official RO3 Van
182005	Official RO3 Van
182006	Official RO3 Van
182007	Official RO3 Van
182008	Official RO3 Van
182009	Official RO3 Van
182010	Official RO3 Van
13230000000	Harmony at Dawn
13230000001	Afternoon Variations
13230000002	Twilight Rhapsody
11410000000	A Book
11410000001	Secret History of Prontera@{1}
11410000002	Chapter 1
11410000003	Chapter 2
11410000004	Clash of the Seven Royals
11410000005	Handsome Prince
11410000006	Death of the Prince
11410000007	The Princess Ascends the Throne
13060000000	Open Shop
13060000001	Open Ambulance
13060000002	Dumby Commission
13060000003	Collect Coins
13060000004	Activate Trap Hunter
13060000005	Exit Vehicle
13060000006	Activate
13060000007	Search
13060000008	Unlock
13060000009	Collect
13060000010	Pick up
13060000011	Dispel
13060000012	Resonance
13060000013	Clue
13060000014	Watering
13060000015	View
13060000016	Hang
13060000017	Dig
13060000018	Pick up
13060000019	Approach
13060000020	Search
13060000021	Release
13060000022	Enter
13060000023	Take her hand.
13060000024	Touch
13060000025	Relax
13060000026	Pick up
13060000027	Take Out
13060000028	Contact
13060000029	Place
13060000030	Spray
13060000031	Touch
13060000032	Caress
13060000033	Give Water
13060000034	Look Around
13060000035	Transfigure
13060000036	Rift Crisis
13060000037	Continue
13060000038	Collect Supplies
13900000002	South Gate Reunion Invitation
13900000001	Nine-Tone Mantra
13900000000	Orchid Waterside Pavilion
10110200238	Cleaving Slash
10110200239	Phantom Thrust
10110200240	Rain of Spears
10110200241	Mage Normal Attack
10110200242	Tetra Vortex
10110200243	Comet
10110200244	Thunderclap
10110200245	Crimson Rock
10110200246	Destructive Flame (Deprecated)
10110200247	Petrify Curse (Deprecated)
10110200248	Jack Frost
10110200249	Ice Fog
10110200250	Earth Strain
10110200251	Gravitation Field
10110200252	Napalm Vulcan
10110200253	Priest Normal Attack
10110200254	Prayer of the Holy Spirit's Descent (Deprecated)
10110200255	Stigma (Deprecated)
10110200256	Divine Retribution (Deprecated)
10110200257	Holy Reckoning (Deprecated)
10110200258	Arrow Attack
10110200259	Charge Arrow
10110200260	Arrow Storm
10110200261	Detecting
10110200262	Myriad Stars Chase the Moon
10110200263	Anklesnare
13880000196	Chain Lightning
13880000195	Rapid Combo
13880000194	Enhanced Bow Attack
13880000193	Magic Infusion
13880000192	Magic Strike Calibration
10110200269	AoE Endure
10110200270	Lord of Vermilion
10110200271	Storm Gust
10110200272	Wind Walker
10110200273	Falcon's Eye
10110200274	Back Slide
11240000000	Field Auto-Battle Challenge @{1}-@{2}
10110200275	Hide-and-Seek
10110200276	Cross Bombardment
10110200277	Wind Style - Tornado
10110200278	Earth Style - Burrow
10110200279	Body Style - Expansion
10110200280	Fire Style - Flame Jet
10110200281	Lightning Style - Rolling Thunder
10110200282	Wind Style - Monsoon
10110200283	Talk Style - Monsoon
10110200284	Lightning Style - Rolling Thunder (Actual Damage)
10110200285	Expansion Jutsu Check
10110200286	Identity Card Revive
10110200287	Poring Magic
10110200288	Performance End
10110200289	Second Emotes
10110200290	Flying Magic
10110200291	Teleportation Magic
10110200292	Ping-Pong Poring
10110200293	Poring Counterattack
10110200294	Throw Vehicle
10110200295	Pick up
10110200296	High-Speed Driving
10110200297	Remove
10110200298	Vehicle Stealth
10110200299	Vehicle Shield
10110200300	Vehicle Explosive Device
10110200301	Area Detection
10110200302	Group Warp
10110200303	Charge
10110200304	Command
10110200305	Escort Cart Explosion
10110200306	Deliver Fireworks
10110200307	Soul Expansion
10110200308	White Imprison
10110200309	Intense Telekinesis
10110200310	Soul Expansion (Copy)
10110200311	Psychic Mastery
10110200312	Gravitational Impact
10110200313	Psychokinetic Astral Body
10110200314	Gravitational Impact (Copy)
10110200315	Set Blue Team
10110200316	Set Red Team
10110200317	Blessing of Light
10110200318	Dark Curse
10110200319	Blessed Wind
10110200320	Earthshaking Rift
10110200321	Flame Storm
10110200322	Raging Wave Cataclysm
10110200323	Crystal Prison
10110200324	Deadly Flame Blade
10110200325	Blessing of Water
10110200326	Blooming Flame
10110200327	Normal Attack
10110200328	Dragonkin Sacrifice
10110200329	Scorching Dragon Breath
10110200330	Flame Wave
10110200331	Molten Gold Dragon Breath
10110200332	Greed's Wrath
10110200333	Flame Combo
10110200334	Dive Bomb - AOE
10110200335	Fire Wall - AOE
10110200336	Shield - AOE
10110200337	Fafnir - Leaping Pounce
10110200338	Generic - Suicide
10110200339	Young Dragon Normal Attack@{1}
10110200340	Young Dragon Fireball
10110200341	Young Dragon Charge
10110200342	Shield Spawn HP Loss@{1}%
10110200343	Young Dragon Random Normal Attack Wrapper
10110200344	Fafnir - Fire Wall Mechanic Jump to Edge
10110200345	Fafnir - Summon Young Dragon Mechanic Jump to Center
10110200346	Fafnir - Full-screen Flame Mechanic Jump to Center
10110200347	Fafnir - Ultimate Mechanic Jump to Center
10110200348	Generic - Spawn HP Loss@{1}%
10110200349	Fafnir - Dragon Roar (Performance)
10110200350	Diving Fire Breath - Warning Zone
10110200351	Fafnir - Summon Shield
10110200352	Firewall - Spawn
10110200353	Shield - Spawn
10110200354	Fafnir - Summon Whelps
10110200355	Apply Skill DMG Buff to the Dragon
10110200356	Ring of Fire AOE
10110200357	Ring of Fire Warning Zone
10110200358	Rectangular Flame AOE@{1}
10110200359	Dragon Roar (Performance) Rectangular AOE
10110200360	Fire Dragon - Check for Surviving Whelps
10110200361	Split
10110200362	HP Recovery
10110200363	Kill
10110200364	Self-Destruct
10110200365	Struggle
10110200366	Full-screen Fire Setup - Take Off
10110200367	Full-screen Fire Setup - Charge
10110200371	Carry Cannonball
10110200372	Repair Turret
10890300000	@{1}:@{2}~@{3}:@{4}
10890300001	All Day
10110200373	Combat NPC Turret Cast Skill (Shell)
10110200374	Mount Turret
10110200375	Fire!
10110200376	Exit Turret
10110200377	Load Cannonball
10110200378	Combat NPC Turret Cast Skill (ST)
10110200379	Combat NPC Turret Cast Skill (AOE)
10110200380	Sync Buff Floors
10110200381	Combat NPC Ice Turret Cast Skill (ST)
10110200382	Combat NPC Ice Turret Cast Skill (AOE)
10110200383	Discard Cannonball
10110200384	Fire Turret Sync Status Effect
10110200385	Switch to Ice Turret
10110200386	Switch to Fire Turret
10110200387	Flame Jet
10110200388	Bone-Chilling Frost
10110200389	Chain Lightning
10110200390	Blessing Angel Interaction
10110200391	Lightning Strike
10110200392	Pass the Dynamite
10110200393	Dynamite Explosion
10110200394	Apply Pass Dynamite Effect
10110200395	Pyroblast
10110200396	Lava Heat Wave
10110200397	Terrifying Roar
10110200398	Blade Whirlwind
10110200399	Spinning Blade Strike
10110200400	Shatter Blade
10110200401	Rock-Shattering Strike
10110200402	Stone Glyph Slash
12890000000	Big Poring
12890000001	Lion
12890000002	Alpaca
12890000003	Hyena
12890000004	Fox
12890000005	Ostrich
12890000006	Savage
12890000007	Fluffy Bunny
12890000008	Pompadour
12890000009	Goblin Balloon
12890000010	Vadon
12890000011	Kitty Cart
12890000012	Flying Goblin Balloon
12890000013	Baby Kun
12890000014	Wind-Up Rocking Chair
12890000015	Eggshell Chubby Chick
12890000016	Dream Steed
12890000017	Magic Carpet
12890000018	Solar Chariot
12890000019	Orchid Waterside Pavilion
12890000020	Fish of the Northern Deep
12890000021	Lord of the Starry Firmament
10110200403	Petrify Cleave
10110200404	Petrify Mist
10110200405	Sandstorm
10110200576	Memory Game-Right Warning
10110200577	Memory Game-Circular Warning
10110200578	Memory Game-Ring Warning
10110200579	Memory Game-Bottom Damage
10110200580	Memory Game-Top Damage
10110200581	Memory Game-Left Damage
10110200582	Memory Game-Right Damage
10110200583	Memory Game-Circular Damage
10110200584	Memory Game-Ring Damage
10110200585	Shaking Bubble
10110200586	Send Stage Message: Bubble
10110200587	Send Stage Message: Memory Warning
10110200588	Send Stage Message: Memory Damage
10110200589	Make Statue Fire Laser
10110200590	Kun Dive
10110200591	Kun Spit Out Players
10110200592	Kun Suck In Players
10110200593	Kun Entrance
10110200594	Kun Water Vortex
10110200595	Make Statue Cast Rectangle
10110200596	Kun Movement
10110200597	Summon Notes
10110200598	Note A Explosion
10110200599	Note B Explosion
10110200600	Linear Laser
10110200601	Trigger Linear Laser
10110200602	Four Sequential Shockwaves
10110200603	Four Simultaneous Shockwaves
10110200604	One Random Shockwave
10110200605	Music Box
10110200606	Water Pillar
10110200607	Music Box Circular AoE
10110200608	Spotlight
10110201040	Doppelganger
10110201041	Eddga Normal Attack
10110201042	Scorched Earth Brand
10110201043	Blazing Tiger Roar
10110201044	Blazing Pursuit
10110201045	Tiger Leap Quake
10110201046	Eddga-Placeholder
10110201047	Gravestone Blast
10110201048	Abyssal Cross Impact
10110201049	Wavebreaker Strike
10110201050	Explosive Tide
10110201051	Cannonball Barrage
10110201052	Drake Normal Attack
10110201053	Horong Disappears
10110201054	Super Lightning Bolt
10110201055	@{1}% HP
10110201056	Smite
10110201057	First Aid
10110201058	Empowered Warg Strike
10110201059	Sword Smash
10110201060	Skill Bar
10110201061	Spell Smash
10110201062	Arrow Smash
10110201063	Staff Smash
10110201064	Blade Smash
13810000004	Ⅲ-@{1}
13810000003	Ⅲ
13810000002	Ⅱ+-@{1}
13810000001	Ⅱ
13810000000	Ⅰ
170074	[Guild Invitation]
170075	<color=#FDAB5B>${1}</color> has invited you to Join a guild: <color=#FDAB5B>${2}</color>
170076	Unlimited
170077	Elite Privileges
260109	Auto-Accept Adventure Group Applications
260110	Welcome to the Adventure Group!
12390001779	Blossom Sprite
12390001780	Wheel of Time
12390001781	Reaper's Scythe
12390001782	Crazy Baby Bunny
12390001783	Crazy Bunny Family Balloon
12390001784	Giant Bow Scarf
12390001785	World-Scorching Feather · Golden Crow
12390001786	Worldscorch Feather
12390001787	Worldscorch Feather: Burning Wings
12390001788	Worldscorch Feather: Ashen Embers
12390001789	Sweetheart Tea Party · Soufflé
12390001790	Sweetheart Tea Party
12390001791	Bonnie's Afternoon
12390001792	Kitty Tail
12390001793	Strawberry Macaron
12390001794	Sweet Waltz
12390001795	Night Judgment·Mask
12390001796	Night Judgment - Mask
12390001797	Night Judgment
12390001798	Silverwing Covenant - Order
12390001799	Silverwing Covenant - Discipline
12390001800	Nine-Tone Mantra · Elegance
12390001801	Silverwing Covenant
12390001802	Nine-Tone Mantra
12390001803	Silverwing Covenant - Truth
12390001804	Silverwing Covenant - Prayer
12390001805	Nine-Tone Mantra: Rainbow Raiment
12390001806	Nine-Hued Sacred Melody · Apsara
13680000002	Exalted Status
13680000001	Powerful Vivify
13680000000	Vast Wealth
13670000010	Boss
13670000009	Revive Point
13670000008	Dragonblood Crystal
13670000007	Demonic Dragon's Breath
13670000006	Bidder ID
13670000005	Air-Drop Point
13670000004	Adventure
13670000003	Last Death
13670000002	Rescue Wagon
13670000001	Shop
13670000000	MVP
13660200004	V
13660200003	IV
13660200002	III
13660200001	II
13660200000	I
13660100004	The Season has come to a successful close, and the time to reap your rewards is finally here! You can still enjoy all regular game content during this phase. Please wait patiently for the new Season.
13660100003	The gates of the Royal Capital are open! It is the ultimate symbol of glory, and only the strongest guild can claim the summit and reign supreme!
13660100002	The Regional Capital War is now open! Guilds that successfully occupy a regional capital will gain a significant advantage in subsequent Territory Wars, tipping the scales in their favor.
13660100001	The Territory War has begun! During this phase, major guilds will fiercely compete for strongholds in a showdown of strategy and strength.
13660100000	The new Season has officially begun, and everyone is starting from scratch! Hurry to level up and grow stronger, and prepare for the fierce battles ahead!
13660000004	Final Chapter
13660000003	Chapter 3
13660000002	Chapter 2
13660000001	Chapter One
13660000000	Prologue
13640100003	Fourth Movement · Desert Rhythm
13640100002	Third Movement · Arcane Resonance
13640100001	Second Movement · Voice of the Mountains
13640100000	First Movement · Majestic Hymn
13640000003	Fourth Movement · Desert Rhythm
13640000002	Third Movement · Arcane Resonance
13640000001	Second Movement · Voice of the Mountains
13640000000	First Movement · Majestic Hymn
13620000010	Prontera S@{1}
13620000009	Izlude
52001	Damage per Second
52002	Damage
52003	Damage Taken
52004	Healing
52005	Reset Data
52006	Elapsed Time
52007	${1}:${2}:${3}
52008	Total DMG
52009	Total Healing
52010	Total DMG Taken
52011	${1}/s
52012	 damage
52013	 Damage Taken
52014	Healing
52015	Crit Chance
52016	Name
52017	Damage per Second
52018	Damage
52019	Percentage
52020	Count
52021	Healing per Second
52022	Healing
