ID	English
62024	Hide
62025	Current
62026	Reset
62027	Applied: ${1}/${2}
62028	Displayed: ${1}/${2}
62029	Enter a book title
62030	Show Unread Only
62031	Background
62032	Character
62033	Pet
62034	Stickers
62035	The display case limit has been reached. Deselect another one first.
62036	No Guild
62037	Myself
62038	You're liking too frequently. Please try again later.
62039	Player Limit ${1}/${2}
62040	No likes yet
62041	Unfortunately, the Friend Function is broken.
62042	Can be borrowed when Affection reaches ${1}. Current Affection: ${2}
62043	Increase Affinity
62044	Borrow Books
62045	Already Read
62046	Show
62047	Show less
62048	Current Preset saved
62049	Reset Confirmation
62050	No actions to restore
62051	Your edits haven't been saved. Are you sure you want to revert and clear all changes?
62052	Not Enough Stickers
62053	Reading this chapter...
62054	You can't like your own post.
62055	Stats
62056	Peak Season
62057	Titleless
62058	This person is lazy and didn't leave anything behind.
62059	UID：${1}
62060	Base
62061	Job
62062	Base Stats
62063	General Stats
62064	Special
62065	Set Template
62066	Edit
62067	Default Template 1
62068	Default Template 2
62069	Default Template 3
62070	Select Mood
62071	Switch Template
62072	Friend request sent.
62073	Rename Template
62074	${1}/${2}
62075	Click to enter a template name
62076	Unsaved Settings
62077	Save the current settings to preset [${1}]?
62078	You can't add any more Stickers.
62079	Input cannot be empty.
62080	Edit Personal Signature
62081	Tap to enter a personal message
62082	Confirm
62083	Abandon
62084	<color=#887968>${1}</color>/${2}
62085	My Book Collection
62086	${1}'s Book Collection
62087	My Card Album
62088	${1}'s Card Album
62089	${1}'s Profile
62090	You've already liked this.
62091	Me - Profile
62092	Available to Borrow
62093	Template Editor - [${1}]
62094	The text contains sensitive language.
62095	Character limit exceeded
62096	Couldn't find the card, lu!
62097	Add Friend
62098	${1}
62099	Fashion
62100	Popularity
62101	Function locked
62102	This player has not unlocked the Profile Function yet.
62103	Cannot be placed outside the Safe Zone. Please reposition it.
62104	Select Theme
62105	Owned by Default
62106	Select Template
10110300827	After your ^{1}【Stigmata】^{2} ends, trigger ^{3}^{4}【Organum】^{5}^{6} once more in the reverse direction.
10110300828	Deals Holy ranged magic damage equal to Magic ATK *^{1}${2}%^{2} to up to ${1} enemies within range.
10110300829	After your ^{1}【Judex】^{2} is cast, it triggers ^{3}^{4}【Low Hum】^{5}^{6} once and grants you stacks of the ^{7}^{8}【Low Hum】^{9}^{10} effect. At ${1} stacks, all stacks are removed, triggering ^{13}^{14}【Organum】^{15} at the ^{11}【Judex】^{12} impact location.
10110300830	On HIT, deals an Extra instance of ranged Holy magic damage equal to Magic ATK *^{1}${1}%^{2}
10110300831	Gain the accessory ^{1}【Sacrament】^{2}. Each time you cast ^{3}【Judex】^{4}, ^{5}【Sacrament】^{6} will Launch @{1}~@{2} ^{7}^{8}【Phrases】^{9}^{10} in sequence. Each HIT grants you one stack of ^{11}^{12}【Voice Part】^{13}^{14} and one stack of ^{15}^{16}【Low Hum】^{17}^{18}.
10110300832	Extends the duration of your ^{1}【Holy Spirit Surge】^{2} to ${1} seconds. During this time, ^{3}【Part】^{4} will remain at its maximum Floors and cannot be removed.
10110300833	Launch a musical phrase from ^{1}【Sacrament】^{2} at a designated enemy (ST), dealing Holy ranged magic damage equal to Magic ATK *^{3}${1}%^{4}.
10110300834	Launch two musical phrases from ^{1}【Sacrament】^{2}, dealing Holy ranged magic damage equal to Magic ATK * ^{3}${1}%^{4} to the designated ST enemy.
10110300835	Launch three musical phrases from ^{1}【Sacrament】^{2}, dealing Holy ranged magic damage equal to Magic ATK * ^{3}${1}%^{4} to the target ST enemy.
10110300836	The Soul Burst skill is so cool!
10110300837	Only usable with an Axe or Mace. Rapidly spins the Axe, dealing total Neutral melee Physical damage equal to PATK * ^{1}${3}%^{2} (^{3}^{4}Vitality Resonance ${5}%^{5}^{6}) to up to ${2} enemies within a ${1}-meter radius and periodically pulling them toward the tornado's center. While Enhance is active, Axe Tornado lasts longer, increases MSPD by ${4}%, and grants 【Immunity】 for the duration.
10110300838	Exclusive to Axe and Mace weapons. Rapidly spins the Axe, dealing total Neutral melee Physical damage equal to PATK*^{1}${3}%^{2} (^{3}^{4}Vitality Resonance ${6}%^{5}^{6}) to up to ${2} enemies within ${1} meters. The final hit's radius increases to ${5} meters. While Enhance is active, Axe Tornado's duration is extended, periodically pulling enemies within the damage area toward the center of the tornado. MSPD increases by ${4}%, and Immunity is granted for the duration of the skill.
10110300839	Can only be used in Madogear Pilot mode. Use the Madogear ignition device to become Flying and gain a Shield equal to ${1}% of your Max HP for ${2} seconds. During this time, you can Move and gain 【Immunity】. Tap the skill again or wait until the Flying duration ends to attack Below, dealing Neutral melee Physical damage equal to PATK *^{1}${5}%^{2} to up to ${4} enemies within a ${3}-meter radius and inflicting Stun for ${6} seconds. Also inflicts 【Severe Wound】 for @{1} seconds. For every ${7} enemies HIT by this attack, gain @{2} stacks of Shield, each equal to ${8}% of your Max HP, up to ${9} stacks, for ${10} seconds. This also applies Enhance to the next Axe Tornado, triggering 【High-Energy Pulse】 a number of times based on the number of enemies HIT by this attack. This also applies Enhance to the next Axe Tornado, triggering 【High-Energy Pulse】 a number of times based on the number of enemies HIT by this attack. In addition, for every ${11} enemies HIT during the skill, your damage and MSPD increase by ${12}% and ${13}%, respectively, up to ${14} stacks, for ${15} seconds.\n【Severe Wound】: Reduces Healing Done received by @{3}%.\n【High-Energy Pulse】: Deals Neutral melee Physical damage equal to PATK *^{3}@{6}%^{4} to up to @{5} enemies within a @{4}-meter radius around you.
10110300840	Can only be used while piloting Madogear Pilot. Activates the Madogear Pilot's ignition system to rise into the air and gain a Shield equal to ${1}% of max HP for ${2} seconds. You can Move and have 【Immunity】 during this time. Tap the skill again or wait until the Flying duration ends to attack Below, dealing Neutral melee Physical damage equal to PATK *^{1}${5}%^{2} to up to ${4} enemies within a ${3}-meter radius, pulling them toward the center of the attack, inflicting Stun for ${6} seconds, and applying 【Severe Wound】 for @{1} seconds. For every ${7} enemies HIT by this attack, gain @{2} stacks of Shield, each equal to ${8}% of max HP. Stacks up to ${9} times and lasts ${10} seconds. Also applies Enhance to the next Axe Tornado, releasing 【High-Energy Pulse】 a number of times based on the number of enemies HIT by this attack. Also applies Enhance to the next Axe Tornado, releasing 【High-Energy Pulse】 a number of times based on the number of enemies HIT by this attack. During the skill, for every ${11} enemies HIT, damage and MSPD increase by ${12}% and ${13}%, respectively. Stacks up to ${14} times and lasts ${15} seconds.\n【Severe Wound】: Healing Done received is reduced by @{3}%.\n【High-Energy Pulse】: Deals Neutral melee Physical damage equal to PATK *^{3}@{6}%^{4} to up to @{5} enemies within a @{4}-meter radius around you.
10110300841	Can only be used while in Madogear Pilot Ride mode. The Madogear Pilot equips ${1} Arm Cannons on its shoulders and Launches ${6} Cannon shots at ${3} designated enemies within ${2} meters and up to ${5} Other enemies within ${4} meters of them, Deals DMG equal to a total of PATK*^{1}${7}%^{2} as Neutral Ranged Physical DMG and applies 【Melody Bubble】 for ${8} seconds. 【Melody Bubble】: Each time an enemy carrying 【Melody Bubble】 takes damage, the Bubble gradually expands. At ${9} stacks, the Bubble explodes, Deals DMG ${10} times, each equal to PATK*^{3}${11}%^{4} as Neutral Ranged Physical DMG. If 【Melody Bubble】 does not fully expand and explode, it will explode and Deals DMG when its duration ends.
10110300842	Can only be used while in Ride mode on the Madogear Pilot. With ${1} Arm Cannons mounted on its shoulders, Launch ${6} Cannon rounds at ${3} designated enemies within ${2} meters and up to ${5} Other enemies within ${4} meters around them, dealing total Neutral Ranged Physical damage equal to PATK*^{1}${7}%^{2}^{3}^{4}Luck Resonance ${8}%^{5}^{6}).
10110300843	Can only be used during Madogear Pilot Ride. In a Two-Handed setup, equips ${1} Vulcan Arm in each hand and Launches attacks at ${3} designated enemies within ${2} meters, dealing ${4} hits of Neutral Ranged Physical damage equal to PATK * ^{1}${5}%^{2}. Damage dealt to enemies carrying 【Melody Bubble】 is increased by an Extra ^{3}${6}%^{4}. Every ${7} Launches of 【Vulcan Arm】 triggers @{1} stack of 【Firepower Loaded】.\n【Firepower Loaded】: Each Launch from 【Melody Cannon】 fires ${8} Cannon rounds for ${9} activations.
10110300844	"Can only be used in Madogear Pilot Ride mode. With a Two-Handed setup, equip ${1} Vulcan Arm in each hand, then Launch at ${3} designated enemies within ${2} meters, dealing ${4} hits of Neutral Ranged Physical damage equal to PATK *^{1}${5}%^{2}. Damage dealt to enemies carrying 【Melody Bubble】 is increased by an Extra ^{3}${6}%^{4}. Every ${7} Launches of 【Vulcan Arm】 trigger 【Firepower Loaded】 @{1} time.\n【Firepower Loaded】: Each Launch of 【Melody Cannon】 increases the number of Cannons fired to ${8} for ${9} Launches and increases Crit Chance by ^{5}${10}%^{6}."""
10110300845	Release a pulse in a ${1}-meter radius around you, dealing ${2} hits of Neutral melee Physical damage equal to PATK *^{1}${3}%^{2}.
10110300846	Enhance 【Cannon】 into 【Melody Cannon】. After a successful HIT, applies 【Melody Bubble】 to the target for @{1} sec. 【Melody Bubble】: Each time an enemy carrying 【Melody Bubble】 takes damage, the bubble expands. Upon reaching ^{1}@{2}^{2} stacks, it explodes, dealing @{3} instances of Neutral Ranged Physical DMG equal to Physical ATK*^{3}@{4}%^{4}. If 【Melody Bubble】 does not fully expand and explode, it explodes and deals damage when its duration ends.
10110300847	【Arm Cannon - Enhance】becomes【Melody Cannon - Enhance】, increasing the Cannon Launch count against the target to ^{1}@{1}^{2} and increasing Total DMG by ^{3}@{2}%^{4}.
10110300848	[Melody Vulcan] Damage Increase ^{1}@{1}%^{2}. When attacking a target with [Melody Bubble], DMG Bonus ^{3}@{2}%^{4}.
10110300849	When 【Melody Vulcan】 triggers 【Firepower Reload】, 【Melody Cannon - Enhance】 Crit Chance increases by ^{1}@{1}%^{2}.
10110300850	After casting 【High-Energy Impact】, the next 【Axe Tornado-Enhance】 increases your ATK by ^{1}@{2}%^{2} and Movement Speed by ^{3}@{3}%^{4} for every @{1} enemies hit. Stacks up to @{4} times and lasts @{5} sec.
10110300851	The damage radius of 【Melodic High-Energy Impact】 increases to ^{1}@{1}^{2} meters. Damage Increase: ^{3}@{2}%^{4}. Before it Deals DMG, it pulls up to ^{7}@{4}^{8} members of the Enemy Team within a ^{5}@{3}^{6}-meter radius toward the center of the damage area.
10110300852	【Axe Tornado】 and 【Axe Tornado - Enhance】 gain ^{1}@{1}%^{2} DMG Bonus. While casting 【Axe Tornado - Enhance】, periodically pulls up to ^{5}@{3}^{6} Enemy Team targets within a ^{3}@{2}^{4}-meter radius toward the center of the tornado.
10110300853	【Melodic Axe Tornado - Enhance】spins more violently, increasing its Total DMG multiplier by ^{1}@{1}%^{2}. The final strike unleashes a massive sound wave with a radius of ^{3}@{2}^{4} meters, dealing heavy damage.
10110300854	A Two-Handed Spear-exclusive skill. Deals Neutral melee Physical damage equal to PATK*^{1}${3}%^{2} to up to ${2} Enemy Team targets within a ${1}-meter radius around You (every ${6}% ASPD grants this damage a ^{3}${4}%^{4} DMG Bonus, Active up to @{1}% ASPD). This skill counts as a Normal Attack and has an ASPD scaling ratio of ^{5}${5}%^{6}.
10110300855	Two-Handed Spear-exclusive skill. Leap high into the air and land in a designated area within ${2} meters, dealing a total of PATK *^{1}${3}%+${8}^{2} Neutral melee Physical DMG to up to ${7} targets on the Enemy Team within a ${1}-meter radius. (For every @{1}% ASPD, gain a ^{3}${9}%^{4} DMG Bonus, Active up to @{2}% ASPD.) Also inflicts ^{5}【Immobilize】^{6} for ${4} seconds. Gain ^{7}^{8}Immunity^{9}^{10} during the skill. For each Enemy Team target HIT, gain 1 stack of Shield equal to ^{11}${6}%^{12} of Max Life for ${10} seconds, stacking up to @{3} times.
10110300856	Shield-only skill. Deals Neutral melee Physical damage equal to PATK*^{3}${2}%^{4} and inflicts a ${1}-second^{1} Stun^{2} on up to ${5} enemies within a ${3}m*${4}m area in the target direction. This skill greatly increases the user's Monster aggro (more than Provoke) and increases its percentage-based damage multiplier against Monster targets by^{5}${6}%^{6}.
10110300857	Shield-exclusive skill. Deals Neutral melee Physical damage equal to PATK*^{1}${1}%+${12}^{2} to up to ${8} Enemy Team targets within a ${11}-meter radius around You and grants You a 【Casting Shield】 equal to ${3}%^{4} of your maximum Life for ${2} seconds^{3}. 【Casting Shield】: When You are hit, triggers an Extra Auto Counter from 【Reflect Damage】. If the target is a Boss, it also Activate 【Holy Light Suppression】. Learn this skill to gain ^{5}${7}%^{6} Monster DMG Reduction. 【Holy Light Suppression】: Performs Movement in the target direction and deals Holy melee Physical damage equal to PATK*^{7}${6}%^{8} to up to ${8} Enemy Team targets within a ${9}-meter-by-${10}-meter area in front of You.
10110300858	Shield-exclusive skill. The Crusader invokes the power of Protection, using Dispel on You and redirecting ^{1}${1}%^{2} of the damage taken by up to ${2} allies within a ${7}-meter radius to You for ${8} seconds. During this time, when You take damage, You recover HP equal to ^{3}${4}%^{4} of the damage taken, and You and the selected allies gain ^{5}Debuff Immunity^{6}. Up to ${8} targets on the Enemy Team within range gain a ${5}% ^{7}Slow^{8} stack every ${9} seconds, up to ${10} stacks. At ${10} stacks, Slow becomes a ${6}-second ^{9}Stun^{10}, and all ^{11}Slow^{12} stacks are removed. Damage Sharing is not Active for allied targets under [Devotion].
10110300859	Two-Handed Spear-exclusive skill. Continuously spins the spear, dealing a total of PATK * ^{5}${3}%^{6} Neutral melee Physical damage to up to ^{3}${2}^{4} targets on the Enemy Team within a ^{1}${1}^{2}-meter radius (for every ${8}% ASPD, gains ^{7}${10}%^{8} DMG Bonus, Active up to @{1}% ASPD) and slowing them by ^{9}${4}%^{10} for ${5} seconds, stacking up to ${9} times. The final HIT inflicts ^{11}Knockback^{12}. While the skill is Active, grants Immunity and reduces damage taken by ^{13}${7}%^{14}. (While mounted on a Gryphon, you can Move while casting this skill.)
10110300860	【Spear Formation - Crescent Moon】causes 1 Extra pull, increases each hit's percentage damage multiplier by ^{1}${2}%^{2}, and changes the duration of the applied 【Over Brand】 to ^{3}${1}^{4} sec.
10110300861	【Twilight Light】damage multiplier increases by ^{1}${1}%^{2} and applies 【Over Brand】 for an Extra ^{3}${2}^{4} sec.
10110300862	【Spear Formation - Blood Cross】's percentage damage multiplier increases by ^{1}${1}%^{2}. While 【Over Brand】 is active, 【Spear Formation - Blood Cross】 inflicts ^{5}Slow^{6} by ^{3}${3}% for ${2}^{4} seconds on targets hit. Cannot stack.
10110300863	After using 【Fearless Charge】, if you are under 【Over Brand】, Activate the second-stage skill^{1}^{2}【Earthshaker】^{3}^{4}.
10110300864	【Reflect Damage】range increases to ^{1}${1}^{2} meters, Damage Reflection's percentage damage coefficient increases by ^{3}${4}%^{4}, and HIT applies ^{5}Slow^{6} by ${2}% to the target, stacking up to ${3} times.
10110300865	[King's Grace] increases the percentage of damage shared with allies by ^{1}${1}%^{2} and grants you a Shield equal to Max HP * ^{3}${3}%^{4}. When [King's Grace] ends, restores HP equal to damage taken during its duration * ^{5}${2}%^{6}.
10110300866	【Shield Block】's DEF and MDEF bonuses increase by ^{1}${1}%^{2}
10110300867	When 【Powerful Shield Bash】's 【Shield Stance】 reaches ^{1}${1}^{2} stacks, 【Shield Press】 becomes ^{3}^{4}【Enhanced Shield Press】^{5} ^{6}.
10110300868	Bow-only skill. Launches a powerful attack against a designated ST enemy within ${1} meters, dealing ^{1}${3}%^{2} PATK as Neutral Physical damage to the target and up to ${2} enemies in a straight line within Attack Range.
10110300869	Can only be used while mounted on a Demonic Wolf. Command @{1} wolf companions to attack @{3} designated targets within @{2} meters, dealing @{4} hits of @{5}% Neutral Physical damage. If your Distance from the target exceeds @{6} meters, you will also charge toward the target. Every @{7} hits dealt by [Warg Strike] refreshes this skill's cooldown.
10110300870	^{1}【Focused Arrow Strike】^{2}'s damage multiplier increases by ^{3}${1}%^{4}.
10110300871	While ^{1}【Unlimited Shooting】^{2} is active, ^{3}【Aimed Shot】^{4} deals ${4} hits of ^{5}${5}%^{6} Neutral Physical damage to up to ${3} enemies within a ${1}*${2}-meter area.
10110300872	Casting ^{1}【Focused Arrow Strike】^{2} ${1} times will Enhance the next ^{3}【Focused Arrow Strike】^{4}, causing it to deal ^{5}${2}%^{6} Neutral Physical damage.
10110300873	^{1}【Myriad Stars Chase the Moon】^{2} skill duration increases by ${2} seconds. When the skill ends, it deals one instance of ^{3}${3}%^{4} Neutral Physical damage.
10110300874	When using ^{1}【Wolf Hunt】^{2} against an enemy more than @{1} meters away, summon an Extra @{2} wolf followers to charge the target, dealing Neutral melee Physical DMG equal to Physical ATK * ^{3}${1}%^{4}. Cooldown: @{3} sec. When used against Boss monsters, ^{5}【Wolf Hunt】^{6} ignores this Distance requirement.
10110300875	^{1}【King of the Pack】^{2} becomes ^{3}【Rhythmic King of the Pack】^{4}. While ^{5}【King of the Pack】^{6} is active, Physical damage dealt to non-player enemies increases by ^{7}${1}%^{8}. Killing a player resets the Cooldown of ^{9}【Warg Charge】【Warg Bite】^{10} and extends the duration of ^{11}【King of the Pack】^{12} by ${2} seconds. The duration of each ^{13}【King of the Pack】^{14} can be extended up to ${3} times.
10110300876	Wolf Minions become Rhythmic Wargs, and the Wolf Minion Summon count for the ^{1}【King of the Wargs】^{2} effect increases by @{1}, while the skill's percentage damage multiplier increases by ^{3}${1}%^{4}.
10110300877	After casting ^{1}【Warg Bite】^{2}, the next ^{3}【Warg Hunt】^{4} also casts 【Dance Move: Wolf Pack】 on the target, summoning @{1} Rhythmic Wargs to attack the target and deal @{2} hits of Neutral melee Physical damage totaling Physical ATK * ^{5}${1}%^{6}.
10110300878	Dive toward a designated location within ${1} meters. Upon landing, inflict a ^{1}${5}%【Slow】^{2} for ${4} seconds and deal Neutral melee Physical DMG equal to PATK * ^{3}${6}%^{4} to up to ${3} enemies within a ${2}-meter radius. For every @{1}% ASPD, DMG Bonus increases by ^{5}${11}%^{6}, Active for up to @{2}% ASPD. Also inflict ^{7}【Stun】^{8} for ${7} seconds. For each enemy hit, gain a ^{11}【Shield】^{12} equal to ^{9}${8}%^{10} of max HP for ${9} seconds, up to ^{13}${10}%^{14}.
10110300879	Swing your Weapon horizontally to unleash a blade of air, dealing ${3} hits of Neutral melee Physical DMG totaling PATK * ^{1}${4}%^{2} to up to ${2} enemies within a ${1}-meter radius. For every @{1}% ASPD, this attack gains ^{3}${8}%^{4} DMG Bonus, Active up to @{2}% ASPD. Increases your MSPD by ^{5}${5}%^{6} for ${6} seconds. This skill is treated as a Normal Attack, with ^{7}${7}%^{8} ASPD scaling.
10110300880	Harness wind pressure to Enhance yourself. For ${1} seconds after casting this skill, the percentage damage multipliers for skills and Basic Attack increase by ^{1}${2}%^{2}.
10110300881	Two-handed Spear skill. Charge up to generate spiraling energy, then hurl your Spear at the target, dealing Neutral ranged Physical damage equal to Physical ATK * ^{1}${2}%^{2} to the targeted enemy within ${1} meters. Pulls the enemy in front of you and inflicts ^{3}【Immobilize】^{4} for ${3} seconds.
10110300882	Two-handed Spear skill. Consumes @{1} charges of 【Hundred Spears】 to summon a barrage of spears toward the locked target, dealing ${4} hits of Neutral ranged Physical damage totaling Physical ATK*^{1}${5}%^{2} to up to ${3} enemies within a ${1}m*${2}m area in front of you. Restores @{2} charges of 【Hundred Spears】 every ${6} seconds.
10110300883	Two-Handed Spear skill. Consumes @{1} stack of 【Enhance Hundred Spear Pierce】 charge to summon a barrage of Spears toward the locked target, dealing ${4} hits of Neutral ranged Physical damage equal to Physical Attack*^{1}${5}%^{2} in total to up to ${3} enemies within a ${1}m*${2}m area in front of you.
10110300884	A skill exclusive to two-handed spears. Deals ^{1}${2}^{2} hits totaling Physical ATK*^{3}${3}%^{4} as Neutral ranged Physical damage to an ST target within ${1}m. Gain @{2} stack(s) of 【Hundred Spear Pierce】 charge for every @{1} HIT(s) on the target.
10110300885	Drive your Weapon forcefully into the ground, unleashing a massive shockwave toward the locked-on target that deals ${4} hits of Neutral Ranged Physical damage equal to PATK * ^{1}${5}%^{2} in total to up to ${3} enemies within a ${1}m × ${2}m area in front of you (^{3}^{4}Luck Resonance ${7}%^{5}^{6}), inflicting Knock-Up and ^{7}【Immobilize】^{8} for ${6} seconds. You gain ^{9}【Furious Storm】^{10}. ^{11}【Furious Storm】^{12}: Removes all current 【Rain of Spears】 charges and grants @{1} stacks of ^{13}^{14}【Hundred Spear - Enhance】^{15}^{16} charges.
10110300886	When casting 【Rift Impact】, Transfigure into an electronic dragon, increasing the percentage damage multiplier by ^{1}${1}%^{2} and inflicting ^{3}【Stun】^{4} on Enemy Team units HIT for ${2} seconds.
10110300887	【Wind-Pressure Blade】becomes 【Dragon Claw Slam】. The percentage damage multiplier bonus that Wind-Pressure Blade grants to skills and Normal Attacks gains an Extra ^{1}${1}%^{2}.
10110300888	For ${1} seconds after casting 【Wind-Pressure Blade】 or 【Dragon Claw Strike】, Enter the ^{1}【Dragon Transformation】^{2} state: 【Cleaving Slash】 transforms into 【Dragon Tail Sweep】, increasing its damage multiplier by ^{3}${2}%^{4}.
10110300889	While in the ^{1}【Dragon Form】^{2} state, each HIT on an enemy with 【Cleaving Slash】 has a Chance to reset 【Sky-Rending Impact】's cooldown. The Chance increases with each skill cast. This can only trigger once per ^{3}【Dragon Form】^{4}.
10110300890	【Phantom Thrust】's percentage damage multiplier increases by ^{1}${1}%^{2}. If Player is dead within ^{3}${2}^{4} seconds of being HIT, 【Phantom Thrust】's cooldown is immediately reset.
10110300891	After using 【Sonic Burst】, you gain Musical Note for ${1} seconds. When 【Hundred Spear - Enhance】 hits, it adds ^{1}${2}^{2} stacks of Musical Note and refreshes the duration. Upon reaching ^{3}${3}^{4} stacks, your next 【Hundred Spear - Enhance】 becomes 【Ultimate Hundred Spear】, striking from multiple directions, and its percentage damage multiplier increases by ^{5}${4}%^{6}.
10110300892	The percentage damage multiplier of all forms of 【Rain of Spears】 is increased by ^{1}${1}%^{2}. The number of 【Precision Thrust】 casts required to gain ^{3}${2}^{4} stacks of 【Rain of Spears】 Charge is reduced from ^{5}${3}^{6} to ^{7}${4}^{8}.
10110300893	After triggering ^{1}【Furious Storm】^{2}, the percentage damage multiplier of 【Hundred Spear - Enhance】 increases by ${1}%.
10110300894	Dagger-only skill. The user's shadow transforms into illusory blades that swiftly circle them once, dealing Neutral melee Physical damage equal to PATK*^{1}${3}%*(${4}+ASPD*${5}%)^{2} to up to ${2} enemies within a ${1}-meter radius. The user gains ^{3}^{4}[Endure]^{5}^{6} while casting this skill.
10110300895	Requires a Dagger. Your shadow transforms into illusory blades and rapidly circles you, dealing a total of Physical ATK*^{1}${3}%*(${4}+Attack Speed*${5}%)^{2} Neutral melee Physical damage to up to ${2} enemies within a ${1}-meter radius. You gain ^{3}^{4}【Endure】^{5}^{6} while casting this skill.
10110300896	Dagger-exclusive skill. Casting 【Shadow Guard】, 【Thousand Shadows】, or 【Circling Shadow】 will ^{1}reset this skill's cooldown^{2}. Choose a direction and dash in the Format of a phantom, gaining ${1} meters of Movement and dealing Neutral melee Physical damage equal to PATK*${4}% to up to @{1} enemies within a rectangular area ${2} meters wide and ${3} meters long in that direction. While casting this skill, you gain ^{3}^{4}【Endure】^{5}^{6}.
10110300897	Dagger-exclusive skill. Summon countless shadows to attack enemies, dealing a total of PATK*^{1}${3}%*(${4}+ASPD*${5}%)^{2} Neutral melee Physical damage to up to ${2} enemies within a ${1}-meter radius. Gain ^{3}^{4}【Endure】^{5}^{6} while casting this skill.
10110300898	Dagger-exclusive skill. Command a shadow to stomp down from above, dealing total Neutral melee Physical damage equal to PATK*^{1}${3}%*(${4}+ASPD*${5}%)^{2} to up to ${2} enemies within a ${1}-meter radius. Gain ^{3}^{4}[Endure]^{5}^{6} while casting this skill.
10110300899	Dagger-only skill. Initiate several shadow slashes around you, dealing a total of PATK*^{1}${3}%*(${4}+ASPD*${5}%)^{2} Neutral melee Physical damage to up to ${2} enemies within a ${1}-meter radius. You remain ^{3}^{4}[Invincible]^{5}^{6} during this time. Immediately ^{7}refreshes [Shadow Guard]^{8}.
10110300900	Stores ^{3}${2}^{4} stacks every ^{1}${1}^{2} sec, up to ^{5}${3}^{6} stacks. Dash to a position ${5}m in front of a targeted ST enemy within ${4}m, reducing their ^{7}Movement Speed by ${6}%^{8} for ${7} sec and dealing Physical ATK * ^{9}${8}%^{10} as Neutral melee Physical damage. Immediately gain ${9} Blade stacks. The number of blades in the next Cross Ripper Slasher is multiplied by ${10}, and each hit deals ^{11}${11}%^{12} more damage.
10110300901	Katar-exclusive skill. Throws a row of Rolling Cutter blades, dealing blade count (minimum @{1}) * PATK * ^{1}${2}% * (${3} + ASPD * ${4}%)^{2} as Neutral melee Physical damage to the targeted ST enemy within ${1} meters. At ${5} blades, ^{3}resets^{4} this skill's cooldown.
10110300902	Katar-exclusive skill. Quickly spin in place, dealing PATK*^{1}${3}%*(${4}+ASPD*${5}%）^{2} Neutral melee Physical damage to up to ${2} enemies within a ${1}-meter radius, and gain ${6} Cross Ripper Slasher blades, up to ${7}. ^{3}This skill is considered a Normal Attack^{4}.
10110300903	After casting 【Dark Illusion】, gain ^{1}${1}% Move Speed^{2} and ^{3}${2} Slow Resistance^{4} for ${3} sec. Also ^{5}Silences the target for ${4} sec^{6}.
10110300904	When casting 【Cross Ripper Slasher】, the blade transforms into a disc of light, and 【Cross Ripper Slasher】's percentage damage multiplier increases by ^{1}${1}%^{2}.
10110300905	After using [Rolling Cutter], MSPD increases by ^{1}${1}%^{2} for ${2} seconds. [Rolling Cutter]'s percentage damage multiplier increases by ^{3}${3}%^{4}, and its effect radius increases by ^{5}${4} m. ^{6}
10110300906	When the 【Enhance Camouflage】 status is removed by dealing or taking damage, unleash a ring of discs around yourself, dealing Neutral melee Physical damage equal to Physical ATK * ^{1}${3}%^{2} to up to ${2} enemies within a ${1}-meter radius and reducing their Movement Speed by ^{3}${4}%^{4} for ${5} seconds.
10110300907	Using 【Shadow Command】, 【Thousand Shadows】, or 【Circling Shadow】 grants 【Shadow Chain】 for @{1} sec, stacking up to @{2} times. While 【Shadow Chain】 is active, damage dealt increases by @{3}% per stack.
10110300908	The shadow left by 【Move back Shadow Echo】 mimics your 【Piercing Shadow】, dealing @{1}% of the original damage.
10110300909	【Shadow Pierce】 also grants you a stack of 【Delusion】 for @{1} sec. 【Delusion】: Kill an enemy while this effect is active to immediately reduce 【Shadow Pierce】's cooldown by @{2}%.
10110300910	Increases the effect radius of 【Shadow Guard】, 【Thousand Shadows】, and 【Circling Shadow】 by @{1} m and their percentage damage multipliers by @{2}%.
10110300911	Summons soul notes and Launches ${2} notes at a targeted ST enemy within ${1} meters, dealing @{1} hits of Ghost-property ranged magic damage equal to Magic ATK *^{1}${3}%^{2}. While in the ^{3}^{4}^{5}【Reading】^{6}^{7}^{8} state, consumes @{2} stacks of ^{9}【Pages】^{10} to cast this skill one Extra time. While in the ^{11}^{12}^{13}【Intensified Telekinesis】^{14}^{15}^{16} state, each note can ricochet up to @{4} times within @{3} meters of the target, with damage to subsequent targets reduced by @{5}%.
10110300912	Shocks and imprisons targets with music, enveloping ${1} enemies within ${2} meters and dealing Ghost Ranged Magic DMG equal to MATK * ^{1}${3}%^{2}. The targets become ^{3}^{4}【Immobilize】^{5}^{6} for ${4} seconds and gain ^{7}^{8}【Prison】^{9}^{10} for ${5} seconds, granting the caster a ${6}% DMG Bonus against them. When a target takes damage from 【Soul Expansion】 within ${7} seconds, it triggers @{1} instance of Ghost Ranged Magic DMG equal to MATK * ^{11}${9}%^{12} within a ${8}-meter radius. This can trigger up to @{2} times every ${10} seconds.
10110300913	Unleashes psychic power, granting you the ^{1}【Intense Telekinesis】^{2} state for ${1} sec. While active, your Ghost damage increases by ^{3}${2}%^{4}, Soul Burst Cooldown is reduced by ${3}%, and the acquisition rate of Telekinetic Orbs increases by ${4}%.
10110300914	Condense ice to unleash Ice Fog, dealing Water Ranged Magic damage equal to MATK * ^{1}${4}%^{2} to up to ${3} enemies within a designated ${2}-meter-radius area within ${1} meters.
10110300915	Unleashes a Burst of frost, dealing Water Ranged Magic damage equal to MATK * ^{1}${4}%^{2}^{3} to up to ${3} enemies within a ${2}-meter radius of the target within ${1} meters of You (^{4}^{5}Dexterity Resonance ${8}%^{6}^{7}), with a ${5}% Chance to inflict ^{8}^{9}【Frozen】^{10}^{11} for ${6} seconds. While in the ^{12}^{13}【Reading】^{14}^{15} state, consumes ${7} stacks of ^{16}【Book Page】^{17} to cast this skill 1 Extra time.
10110300916	Concentrates Earth Element energy, dealing Earth Ranged Magic damage equal to MATK * ^{1}${4}%^{2} to up to ${3} enemies within a ${2}-meter radius of the target within ${1} meters of You.
10110300917	Causes the earth to rise, dealing Earth Ranged Magic damage equal to MATK * ^{1}${4}%^{2} to up to ${3} enemies in a ${1}-meter by ${2}-meter area in front of You (^{3}^{4}Dexterity Resonance ${8}%^{5}^{6}), with a ${5}% Chance to inflict ^{7}^{8}【Petrify】^{9}^{10} for ${6} seconds. Also reveals targets in ^{11}【Hiding】^{12}. While in the ^{13}^{14}【Reading】^{15}^{16} state, consumes ${7} stacks of ^{17}【Book Page】^{18} to cast this skill 1 Extra time.
10110300918	Unleashes flames that burn enemies, dealing Fire Ranged Magic damage equal to MATK * ^{1}${4}%^{2} to up to ${3} enemies within a ${2}-meter radius of the target within ${1} meters of You.
10110300919	Summons a Meteor, dealing Fire Ranged Magic damage equal to MATK * ^{1}${4}%^{2} to up to ${3} enemies within a ${2}-meter radius of the target within ${1} meters of You (^{3}^{4}Dexterity Resonance ${7}%^{5}^{6}), with a ${5}% Chance to trigger ^{7}^{8}Meteorite^{9}^{10}. While in the ^{11}^{12}【Reading】^{13}^{14} state, consumes ${6} stacks of ^{15}【Book Page】^{16} to cast this skill 1 Extra time.
10110300920	Throws a bolt of chain lightning, dealing Wind Ranged Magic damage equal to MATK * ^{1}${4}%^{2} to the designated ST enemy within ${1} meters and up to ${3} Other enemies within ${2} meters of the target.
10110300921	Unleashes the power of thunder, dealing Wind Ranged Magic damage equal to MATK * ^{1}${4}%^{2} to up to ${3} enemies within a ${2}-meter radius of the target within ${1} meters of You (^{3}^{4}Dexterity Resonance ${8}%^{5}^{6}), with a ${5}% Chance to inflict ^{7}^{8}【Stun】^{9}^{10} for ${6} seconds. While in the ^{11}^{12}【Reading】^{13}^{14} state, consumes ${7} stacks of ^{15}【Book Page】^{16} to cast this skill 1 Extra time.
10110300922	Summons a massive Comet from space, dealing Neutral Ranged Magic damage equal to MATK * ^{1}${4}%^{2} to up to ${3} enemies within a ${2}-meter radius of the target within ${1} meters of You (^{3}^{4}Dexterity Resonance ${6}%^{5}^{6}). While in the ^{7}^{8}【Reading】^{9}^{10} state, consumes ${5} stacks of ^{11}【Book Page】^{12} to cast this skill 1 Extra time.
10110300923	Sequentially deals Water, Fire, Earth, and Wind Ranged Magic damage totaling MATK * ^{1}${4}%^{2} over @{1} hits to up to ${3} enemies within a ${2}-meter radius of the target within ${1} meters of You, while applying ^{3}【Pull】^{4}. Each attack has a ${5}% Chance to inflict ^{5}^{6}【Frozen】^{7}^{8}, ^{9}^{10}【Meteorite】^{11}^{12}, ^{13}^{14}【Petrify】^{15}^{16}, or ^{17} ^{18}【Stun】^{19} ^{20}. This skill is guaranteed to inflict at least 1 of these Status Effects. While in the ^{21}^{22}【Reading】^{23}^{24} state, consumes ${6} stacks of ^{25}【Book Page】^{26} to cast this skill 1 Extra time.
10110300924	Deals Neutral Magic damage equal to MATK * ^{1}${4}%^{2} to up to ${3} Enemy Team targets within a ${2}-meter radius of the target within ${1} meters of You.
10110300925	Uses Soul Buster to gather all Musical Notes, dealing Ghost Ranged Magic damage equal to MATK * ^{1}${4}%^{2} over @{1} hits to the designated ST enemy within a ${1}-meter radius of You and up to ${3} enemies within ${2} meters of the target (^{3}^{4}Dexterity Resonance ${8}%^{5}^{6}), while continuously applying ^{7}【Pull】^{8}. It then Terminate with an explosion, dealing Ghost Ranged Magic damage equal to MATK * ^{9}${5}%^{10} over @{2} hits (^{11}^{12}Dexterity Resonance ${8}%^{13}^{14}). While in the ^{15}^{16}【Reading】^{17}^{18} state, consumes ${6} stacks of ^{19}【Book Page】^{20} to cast this skill ${7} Extra times.
10110300926	The Warlock periodically gathers musical energy, automatically generating ${2} ^{1}^{2}【Psychokinetic Astral Body】^{3}^{4} every ${1} seconds, up to ${3}. If ${4} ^{5}^{6}【Psychokinetic Astral Body】^{7}^{8} are Owned when 【Soul Expansion】 hits, all ^{9}^{10}【Psychokinetic Astral Body】^{11}^{12} will Launch. Each deals Ghost Ranged Magic damage equal to MATK * ^{13}${5}%^{14} to the target enemy.
10110300927	Replaces 【Soul Expansion】 with 【Voice of the Soul】, increasing each Musical Note's skill multiplier by ^{1}${1}%^{2}. During 【Intense Telekinesis】, each Musical Note can ricochet up to ^{5}${3}^{6} times among targets within ^{3}${2}^{4} meters, with damage to subsequent targets reduced by ^{7}${4}%^{8}.
10110300928	Replaces 【White Imprison】 with 【Resonance Focus】, increasing the duration of 【Immobilize】 by ^{1}${1}%^{2}. When the target takes damage from 【Soul Expansion】 within ^{3}${2}^{4} seconds, triggers @{1} instance of Ghost Ranged Magic damage equal to MATK * ^{7}${4}%^{8} in a ^{5}${3}^{6}-meter radius, up to @{2} times every ^{9}${5}^{10} seconds.
10110300929	【Psychic Astral Body】 is replaced with 【Neon Spotlight】, acquisition efficiency increases by ^{1}${1}%^{2}, and ST damage becomes circular AoE damage within a ^{3}${2}^{4}-meter radius.
10110300930	Replaces 【Gravitational Impact】 with 【Finale Impact】, increasing the skill multiplier of the first @{1} hits by ^{1}${1}%^{2} and the Finishing Blow multiplier by ^{3}${2}%^{4}. Reduces MSPD. of damaged enemies by ^{7}${4}%^{8} for ^{5}${3}^{6} seconds.
10110300931	After casting 【Destructive Flame】, 【Ice Fog】, 【Chain Lightning】, or 【Petrify Curse】 ^{1}${1}^{2} times, You gain @{1} stack of ^{3}^{4}Elemental Attunement^{5}^{6}, up to ${2} stacks.
10110300932	^{1}^{2}Elemental Attunement^{3}^{4} will Enhance 【Comet】. After 【Comet】 is cast, it triggers 4 Extra small Meteors that respectively deal Fire, Water, Wind, and Earth Ranged Magic damage equal to MATK * ^{5}${1}%^{6}.
10110300933	Increases the skill multiplier of each hit of 【Tetra Vortex】 by ^{1}${1}%^{2}. After casting it, You gain ${2} stacks of ^{3}^{4}Elemental Attunement^{5}^{6}.
10110300934	Increases the skill multiplier of 【Comet】 by ^{1}${1}%^{2}.
10110300935	Invoke Divine Light, restoring ^{3}Life^{4} equal to your Magic ATK * ^{1}${2}%^{2} to yourself and a designated ST ally within ${1} meters.
10110300936	Instantly unleashes a sacred primal chorus, restoring Life equal to Magic ATK * ^{1}${3}%^{2} for you and up to ${2} allies within a ${1}-meter radius (prioritizing party Members), and granting a universal damage absorption shield equal to Magic ATK * ^{3}${4}%^{4} for ${5} sec. While active, increases the targets' damage reduction by ^{5}${6}%^{6}.
10110300937	New evil spirit possession—pretend there's a cross behind you.
10110300938	Draw a holy light magic circle with an Exorciser spell, dealing Holy ranged magic damage equal to Magic ATK*^{1}${4}%^{2} to up to ${3} enemies within a ${2}-meter radius within ${1} meters of you. This skill gains one ^{3}Uses:^{4} every ${5} seconds and can stack up to two times.
10110300939	Channels healing around the target
10110300940	Dual-Layer Stigma Skill
10110300941	When Highness Heal HITs an allied target, it triggers 【Equal Blessing】, chaining to @{2} targets within @{1} meters of the target. If a chained target is a party Member, they receive Extra healing.
10110300942	Every @{1} casts, Highness Heal will Level-up into 【Manifestation】. When cast, it manifests a shattered Orbit and chains once to up to @{3} allies within @{2} meters of the target. If a chained target is a party Member, they receive Extra healing.
10110300943	For @{1}s after casting [Radiant Holy Light], Manifestation shatters Orbit. During this time, the next @{2} casts of Highness Heal summon translucent petals, restoring Life to allies within @{3}m of you.
10110300944	【Brilliant Holy Light】can be Enhanced into 【Angel Incarnate】, reducing its Cooldown. Upon casting, transform into an Angel of Divine Light and convert Highness Heal into 【Manifestation】 for @{1}s. During this time, gain damage reduction and bonus Move SPD, float, and cast while moving.
10110300945	【Judex】transforms into 【Enlightenment】, gaining enhanced visuals and increased damage. When cast, it deals one instance of Extra ST damage to up to @{2} enemies within @{1} meters of the target.\n【Second Holy Light】transforms into 【Interwoven Light and Shadow】 and has a Chance to be triggered by the initial hit of 【Enlightenment】, dealing Physical or Magic damage. While in 【Divine Stance】, the trigger Chance becomes @{3}%.
10110300946	Every @{1} casts of 【Enlightenment】 causes all targets HIT to take damage again and increases your Move Speed.\nThe Extra damage sends a wisp of 【Will】 back to you, restoring a charge of 【Stigma】.
10110300947	@{1}. 【Stigma】transforms into 【Blackwing Burst】, gaining improved effects and increased damage.\n@{2}. When 【Blackwing Burst】 has two charges, it gains Enhance. Casting it consumes both charges at once, dealing skill damage twice, with a larger area on the second hit.\n@{3}. 【Divine Retribution】 transforms into 【Demonic Judgment】. After casting, automatically casts 【Blackwing Burst】 at the target location.
10110300948	【Holy Spirit Surge】 becomes 【Evil Spirit Possession】. When activated, you enter the 【Embrace of Sin】 state, raising a cross behind you that launches a coordinated attack whenever you deal damage. (Cooldown: @{1}s)\nWhen the coordinated attack scores a HIT, a wisp of 【Will】 flies back and restores charge to 【Stigmata】.
10110300949	You spin your battle axe to create a hurricane filled with axe trails. Targets hit are inflicted with ${1} stacks of ${2}% Slow (cannot stack) for ${3} seconds. The hurricane deals ${6} instances of ${7}% Physical damage to up to ${5} enemies within a ${4}-meter radius. Each instance that hits ${8} targets grants you ${9} stacks of 【Blade Mark】.
10110300950	Can only be used while riding a Madogear Pilot. Mount ${1} cannons on its shoulders and Launch ${6} shells at ${3} designated enemies within ${2} meters and up to ${5} other enemies within ${4} meters of them, dealing total Neutral ranged Physical damage equal to Physical ATK*^{1}${7}%^{2}.
10110300951	Bombards a ${1} m * ${2} m area in the designated direction, continuously dealing Physical ATK * ^{1}${4}%^{2} Neutral ranged Physical DMG to up to ${3} enemies along the path and increasing Movement Speed by ^{3}${5}%^{4} for the skill's duration.
10110300952	Can only be cast while riding a Madogear. Equips ${1} Vulcan Arm on each hand and fires at ${3} designated enemies within ${2} m, dealing Physical ATK * ^{1}${5}%^{2} Neutral ranged Physical DMG ${4} times. Every ${6} casts of 【Vulcan Arm】 triggers 【Firepower Loading】 ${7} times.\n【Firepower Loading】: Increases the number of shells fired by each 【Arm Cannon】 Launch to ${8} for ${9} Launches.
10110300953	"Can only be cast while riding a Madogear. Uses a flamethrower on ${2} designated enemies within ${1} m, dealing a total of Physical ATK * ^{1}${7}%^{2} Fire ranged Physical DMG over ${6} hits to up to ${5} targets in a ${3} * ${4} m rectangular area ahead. Immediately triggers 【Firepower Loading】 @{1} times after casting. 【Firepower Loading】: Increases the number of shells fired by each 【Arm Cannon】 Launch to ${8} for ""${9} Launches."
10110300954	Dive toward a target location within ${1} meters. Upon landing, deal ${4}% Physical damage to up to ${3} enemies within a ${2}-meter radius and inflict Stun for ${5} seconds.
10110300955	Quickly slash forward ${1} times, unleashing a massive blade of wind that deals ${3} hits of ${4}%, ${5}%, and ${6}% Physical damage to a single target within a ${2}-meter radius.\nThe third slash unleashes a blade of wind, dealing ${8}% Physical damage to up to ${7} targets in a rectangular area ahead. Each time damage hits ${9} targets, gain ${10} stacks of 【Blade Mark】.
10110300956	Drive your weapon into the ground, continuously pulling in enemy targets within a @{1}-meter radius and dealing damage. Damage over Time deals a total of @{2}% melee Fire Physical damage. Then unleash a Burst attack that deals @{3}% melee Fire Physical damage and knocks enemies airborne
10110300957	Deals Neutral melee Physical damage equal to Physical ATK *^{1}${3}%^{2} to up to ${2} enemy targets within a ${1}-meter radius around you (damage increases by ^{3}${4}%^{4} for every ${6}% Attack Speed you have). This skill is treated as a Normal Attack and has an Attack Speed scaling ratio of ^{5}${5}%^{6}.
10110300958	Deals Earth melee Physical damage equal to Physical ATK * ^{1}${1}%+${6}^{2} to up to ${5} enemies within ${4} meters and reduces their ^{3}Attack Speed and Move Speed by ${3}%^{4} for ${2} seconds. This skill reveals enemies in 【Hiding】 that it hits, greatly increases your threat toward monsters (more than Provoke), and increases damage dealt to monsters by ^{5}${7}%^{6}.
10110300959	The Crusader unleashes their protective power, removing all crowd control effects from themselves and redirecting ^{1}${1}%^{2} of the damage taken by up to ${2} allies within a ${7}-meter radius to themselves for ${8} seconds. During this time, whenever the Crusader takes damage, they recover HP equal to ^{3}${4}%^{4} of the damage taken, and both the Crusader and the selected allies are ^{5}immune to debuffs^{6}. Up to ${2} enemies within range gain a stack of ${5}% ^{7}Slow^{8} every ${9} seconds, up to ${10} stacks. At ${10} stacks, Slow is converted into a ${6}-second ^{9}Stun^{10}, and all ^{11}Slow^{12} stacks are removed. This effect does not apply to allies under the effects of 【Devotion】.
10110300960	Can only be cast while mounted on a Gryphon. Raise your shield for ${11} sec., protecting yourself and allies within a ${1}-meter radius and reducing damage taken by ^{1}${4}%^{2}. During this time, you are ^{3}【Slowed】^{4} by ${9}%. Every ${7} sec., knock back up to ${12} enemies within ${5} meters in front of you by ${5} meters ^{5}in the direction you are facing^{6}, dealing ^{7}${13}%^{8} of your Physical ATK as Neutral Melee Physical DMG. When an enemy in front of you damages you, trigger 【Spear Auto Counter】. 【Spear Auto Counter】: Deals Neutral Melee Physical DMG equal to ^{9}${6}%^{10} of your Physical ATK to up to ${12} enemies within ${14} meters in front of you and reduces 【Shield Defense】 Cooldown by ${7} sec. (Can only trigger once every ${8} sec.).
10110300961	Deals ^{1}knockback^{2} and Physical ATK * ^{3}${3}% + ${7}^{4} Neutral melee Physical DMG to up to ${6} enemy targets in a ${2}m × ${1}m area ahead, then moves ${12}m in that direction and deals ^{5}knock-up^{6} and Physical ATK * ^{7}${5}% + ${7}^{8} Neutral melee Physical DMG to the targets. Immune to crowd control while casting.
10110300962	Deals Neutral melee Physical damage equal to Physical ATK*^{1}${3}%^{2} to up to ${5} enemy targets within a ${1}-meter radius and ^{3}pulls them in^{4}, while granting you ^{5}【Over Brand】^{6} for ${4} seconds. You can move while using this skill.
10110300963	Raise your shield to block for ${1} sec. During this time, damage taken from monsters is reduced by an additional ^{1}${2}%^{2}, and damage taken from players is reduced by an additional ^{3}${3}%^{4}. Tap this skill again during its duration, or wait until the block ends, to cast ^{5}【Shield Auto Counter】^{6}. If you are hit while blocking, this will Enhance ^{7}【Shield Auto Counter】^{8} into ^{9}【Powerful Auto Counter】^{10}. ^{11}【Shield Auto Counter】^{12}: Deals Neutral melee Physical damage equal to Physical ATK * ^{13}${7}% + ${8}^{14} to up to ${6} enemies within a ${4}-degree, ${5}-meter area in front of you. During this time, damage taken from monsters is reduced by an additional ^{15}${2}%^{16}, and damage taken from players is reduced by an additional ^{17}${3}%^{18}. ^{19}【Powerful Auto Counter】^{20}: Deals Neutral melee Physical damage equal to Physical ATK * ^{21}${10}% + ${11}^{22} to up to ${6} enemies within a ${4}-degree, ${9}-meter area in front of you. During this time, damage taken from monsters is reduced by an additional ^{23}${2}%^{24}, and damage taken from players is reduced by an additional ^{25}${3}%^{26}.
10110300964	Launches a powerful attack against a targeted ST enemy within ${1} meters, dealing Physical ATK * ^{1}${3}%^{2} Neutral Physical DMG to the target and up to ${2} enemies in a straight line.
10110300965	Draw on the power of the god of hunting and archery to increase ranged Physical ATK by ^{1}${1}%^{2}, Crit Chance by ^{3}${2}%^{4}, and Movement Speed by ^{5}${3}%^{6} for ${4} seconds. During this time, Enhance ^{7}【Aimed Shot】^{8}, increasing its damage multiplier by ^{9}${5}%^{10}.
10110300966	Unleashes a rain of arrows at a target area with a ${2}-meter radius within ${1} meters, dealing Neutral ranged Physical damage equal to Physical ATK *^{1}${4}%^{2} to up to ${3} enemies. Damage dealt to monsters increases by ^{3}${5}%^{4}.
10110300967	Can only be used while riding a Demonic Wolf. Command the Demonic Wolf to bite @{2} designated targets within @{1} meters, dealing x% Neutral Physical damage and reducing their healing received by @{3}% for @{4} seconds. Damage dealt to controlled targets is increased by @{5}%.
10110300968	Bombards a ${1}m * ${2}m area in the specified direction, continuously dealing Physical ATK *^{1}${4}%^{2} as Neutral ranged Physical damage to up to ${3} enemies in its path.
10110300969	Dive toward a designated location within ${1} meters. Upon impact, deal Neutral Melee Physical DMG equal to ^{3}${6}%^{4} of Physical ATK to up to ${3} enemies within a ${2}-meter radius and inflict ^{1}${5}%【Slow】^{2} for ${4} seconds, plus ^{5}【Stun】^{6} for ${7} seconds. Each enemy hit grants a ^{9}【Shield】^{10} equal to ^{7}${7}%^{8} of your Max Life for ${8} seconds, up to ^{11}${9}%^{12}.
10110300970	Swing your weapon to unleash a blade of energy, dealing ${3} hits of Neutral melee Physical damage equal to Physical ATK * ^{1}${4}%^{2} to up to ${2} enemies within a ${1}-meter radius. Increases your Movement Speed by ^{3}${5}%^{4} for ${6} seconds. This skill is treated as a Normal Attack and is affected by ^{5}${7}%^{6} of your Attack Speed.
10110300971	Two-handed Spear skill. Charge up spiral energy and hurl your Spear at a target enemy within ${1} meters, dealing Neutral ranged Physical damage equal to Physical ATK * ^{1}${2}%^{2}, pulling the enemy in front of you, and inflicting ^{3}【Immobilize】^{4} for ${3} seconds.
10110300972	Two-Handed Spear skill. Summons a barrage of Spears toward the locked target, dealing ${4} hits of Neutral ranged Physical damage equal to Physical ATK * ^{1}${5}%^{2} to up to ${3} enemies within a ${1}m * ${2}m area in front of you.
10110300973	Drive your weapon into the ground with tremendous force, unleashing a massive shockwave that deals ${4} hits of Neutral ranged Physical damage totaling Physical ATK *^{1}${5}%^{2} to up to ${3} enemies within a ${1}m * ${2}m area in front of you, knocking them airborne and inflicting ^{3}【Immobilize】^{4} for ${6} seconds. You enter ^{5}【Fury】^{6}. ^{7}【Fury】^{8}: Immediately gain @{1} charge of 【Enhance Hundred Spear】.
10110300974	Stores ^{1}@{2}^{2} stacks every ^{3}@{1}^{4} sec, up to ^{5}@{3}^{6} stacks. Locks on to an enemy within @{4} meters and teleports to a position @{5} meters in front of the target, ^{7}slowing^{8} them by @{6}% for @{7} sec and dealing ^{9}@{8}%^{10} * Physical ATK as Neutral Physical damage. Immediately gains @{9} Blade stacks, and the next Cross Ripper Slasher's hit count is multiplied by @{10} and its damage increases by ^{11}@{11}%^{12}.
10110300975	Stores ^{3}@{2}^{4} stacks every ^{1}@{1}^{2} sec, up to ^{5}@{3}^{6} stacks. Locks onto an enemy within @{4} m and teleports to a position @{5} m in front of the target, ^{7}slowing^{8} them by @{6}% for @{7} sec and dealing ^{9}@{8}%^{10} * Physical ATK as Neutral Physical damage. Immediately gains @{9} Blade stacks, and increases the blade count * and damage of the next Cross Ripper Slasher by ^{11}@{10}%^{12}
10110300976	Katar-exclusive skill. Locks onto an enemy target within @{1} meters and launches a row of spinning blades, dealing Neutral Physical damage equal to the number of blades (minimum @{2}) * Physical ATK * ^{1}@{3}%^{2}. At @{4} blade stacks, this skill's cooldown is ^{3}reset^{4}.
10110300977	Katar-exclusive skill. Quickly spin in place, dealing ^{1}@{3}%^{2} Physical damage to up to @{2} enemies within @{1} meters and adding @{4} blades to Cross Ripper Slasher, up to a maximum of @{5}. ^{3}This skill is treated as a Normal Attack^{4}.
10110300978	After casting [Dark Illusion], gain @{2}% Movement Speed and @{3} Slow Resistance for @{4} sec. after @{1} sec, and silence the target for @{5} sec.
10110300979	When casting 【Cross Ripper Slasher】, the blades become discs of light, each dealing @{1}% of a blade's damage
10110300980	When using [Rolling Cutter], Movement Speed increases by @{1}%, [Rolling Cutter] damage increases by @{2}%, and its radius increases by @{3} meters.
10110300981	When 【Enhance Camouflage】 ends, unleash a ring of light discs, dealing a total of @{3}% Physical damage to up to @{2} enemies within @{1} meters (the more targets in range, the less damage each target takes) and reducing their Movement Speed by @{4}% for @{5} seconds.
10110300982	The shadows transform into mirage blades and rapidly circle you once, dealing a total of Physical ATK*^{1}${3}%*(@{1}+Attack Speed*@{2}）^{2} Neutral melee Physical damage to up to ${2} enemies within a ${1}-meter radius. You gain ^{3}Endure^{4} while casting this skill.
10110300983	Splits into three clones to attack a small area, then creates a circular field of moonlight and summons a ring of shadows to attack nearby targets.
10110300984	Using 【Shadowguard】, 【Thousand Shadows】, or 【Circling Shadow】 will ^{1}reset this skill's cooldown^{2}. Choose a direction to dash as a phantom. Movement: ${1} meters in the chosen direction. Gain ^{3}Endure^{4} while casting this skill.
10110300985	Summons countless shadows to attack enemies, dealing a total of Physical ATK*^{1}${3}%*(@{1}+Attack Speed*@{2})^{2} Neutral melee Physical damage to up to ${2} enemies within ${1}m. Grants the caster ^{3}Endure^{4} while casting this skill.
10110300986	Command shadows to stomp down from above, dealing a total of Physical ATK*^{1}${3}%*(@{1}+Attack Speed*@{2}）^{2} as Neutral melee Physical damage to up to ${2} enemies within a ${1}-meter radius. Gain ^{3}Endure^{4} while using this skill.
10110300987	Unleashes several shadow slashes, dealing Neutral melee Physical damage equal to Physical ATK*^{1}${3}%*(@{1}+Attack Speed*@{2})^{2} to up to ${2} enemies within a ${1}-meter radius. You are ^{3}Invincible^{4} during this time. Immediately ^{5}refreshes 【Shadow Command】^{6}.
10110300988	When 【Enhance Camouflage】 ends, unleash a ring of discs that deals a total of ^{1}@{3}%^{2} Physical damage to up to @{2} enemies within @{1} meters (the more targets within range, the less damage each target takes) and reduces their Movement Speed by ^{3}@{4}%^{4} for @{5} seconds
10110300989	Within ${1} meters of yourself, sequentially deal @{1}% Wind, Earth, Fire, Water, and Ghost magic damage ${4} times each to enemies within a circular ${2}-meter radius
10110300990	Strike the target with the power of the soul, dealing ranged Ghost magic damage equal to Magic ATK*^{1}${2}%^{2} to the designated ST enemy within ${1} meters. While in 【Reading】, consume @{1} stacks of 【Pages】 to cast this skill 1 Extra time.
10110300991	Use psychic power to summon White Imprison, trapping ${1} enemies within ${2} meters and dealing Ghost-property ranged magic damage equal to Magic ATK*^{1}${3}%^{2}. Inflicts ^{3}【Immobilize】^{4} for ${4} seconds and 【Prison】 for ${5} seconds. 【Prison】: Physical and magic damage taken increases by ${6}%. 【Immobilize】: Interrupts movement. Cannot move.
10110300992	Unleash psychic power, entering 【Intense Telekinesis】 for ${1} sec. While active, Ghost property damage increases by ^{1}${2}%^{2} and Movement Speed increases by ${3}%.
10110300993	Summons a meteor, dealing Magic ATK * ^{1}${3}%^{2} Fire-element ranged magic damage to up to ${8} enemies within a ${2}-meter radius around the target within ${1} meters of you, with a ${4}% Chance to trigger ^{3}【Falling Star】^{4}. While you are in the ^{5}【Reading】^{6} state, if the ^{7}【Pages】^{8} Floors reach ${9} or higher, this skill is cast one Extra time, then consumes ${9} Floors of ^{9}【Pages】^{10}. ^{11}【Falling Star】^{12}: Deals Fire-element ranged magic damage equal to the caster's Magic ATK * ^{13}${7}%^{14}.
10110300994	Focuses psychic power to distort space, dealing Magic ATK * ^{1}${4}%^{2} Ghost-property ranged magic damage to a designated ST enemy within ${1}m and up to ${3} other enemies within ${2}m of the target. While in ^{3}【Reading】^{4}, consumes ${5} stacks of ^{5}【Pages】^{6} to cast this skill ${6} Extra times.
10110300995	The Warlock periodically gathers energy, automatically generating ${2} ^{1}【Psychic Astral Body】^{2} every ${1} seconds, up to ${3}. If ${4} ^{3}【Psychic Astral Body】^{4} are Owned, the next ${5} times You deal Ghost Damage, all ^{5}【Psychic Astral Body】^{6} will Launch. Each deals Ghost Ranged Magic damage equal to MATK * ^{7}${8}%^{8} to the target enemy and up to ${7} Other enemies within ${6} meters, and applies a ${10}% Slow for ${9} seconds.
10110300996	Deals Physical ATK*^{1}${3}%+${4}^{2} Fire-property melee Physical damage to up to ${2} enemies within a ${1}-meter radius, increases your Fire-property damage by ^{3}${5}%^{4}, and changes ^{5}^{6}【Basic Attack】^{7}^{8} to Fire property for ${6} sec.
10110300997	Increases the percentage damage multiplier of ^{1}【Bash】^{2} by ^{3}${1}%^{4}.
10110300998	Deals ^{1}${3}%+${4}^{2} Neutral Physical melee damage to up to ${2} enemies within ${1} meters, and increases your Physical DEF by ^{3}${5}^{4} for ${6} seconds. When this skill hits a monster, it greatly increases the monster's hatred toward you.
10110300999	Increases Physical DEF and Magic DEF by ^{1}${1}^{2} for ${2} sec. and grants ^{3} ^{4}【Endure】^{5} ^{6} for ${3} sec.
10110301000	Permanently increases HP recover rate. Every ${1} sec., restores ^{1}Life^{2} equal to Max Life * ^{3}${2}%^{4} + ^{5}${3}^{6}.
10110301001	Master swordsmanship. When equipped with a sword, Physical ATK increases by ^{1}${1}^{2}.
10110301002	Mastery of Spear techniques. When equipped with a Spear, Physical damage increases by ^{1}${1}%^{2} and CRIT increases by ^{3}${2}%^{4}.
10110301003	Master the art of swordsmanship. When equipped with a sword, HIT increases by ^{1}${1}^{2} and Attack Speed increases by ^{3}${2}%^{4}.
10110301004	Deals three hits totaling Physical ATK*^{1}${3}%+${4}^{2} Neutral melee Physical damage to up to ${2} enemies in a designated area with a ${1}-meter radius within @{1} meters of you.
10110301005	After casting, enter a Parry state for ${1} sec. While active, ^{1}^{2}【Immune to Debuffs】^{3}^{4}. When Parry ends, perform an Auto Counter against up to ${5} enemies within a ${6}m * ${7}m area ahead, dealing Physical ATK * ^{5}${2}% + ${3}^{6} Neutral melee Physical damage. If you take melee Physical damage while parrying, Auto Counter damage increases by ${4}%.
10110301006	Taking melee Physical damage triggers Auto Counter, dealing Physical ATK*^{1}${1}%+${2}^{2} Neutral melee Physical damage to ${3} enemies in a ${4}m*${5}m area in front of you.
10110301007	Spear-exclusive skill. Attacks with a Spear, dealing Neutral Ranged Physical damage equal to PATK * ^{1}${3}%+${4}^{2} to the designated ST enemy within ${1} meters.
10110301008	Spear-exclusive skill. Attacks with a Spear, dealing Neutral Ranged Physical damage equal to PATK * ^{1}${3}%+${4}^{2} to the designated ST enemy within ${1} meters and ${5} Other enemies within ${2} meters of the target.
10110301009	Spear-exclusive skill. Drives the Spear deep into the target, dealing Neutral Ranged Physical damage equal to PATK * ^{1}${2}%+${3}^{2} to the designated ST enemy within ${1} meters and applying ^{3}【Knockback】^{4} for ${4} meters.
10110301010	Spear-exclusive skill. Uses Spear Throw on the target, dealing Neutral Ranged Physical damage totaling PATK * ^{1}${2}%+${3}^{2} over @{1} hits to the designated ST enemy within ${1} meters.
10110301011	Spear-exclusive skill. Throws an Explosive Spear at the target, dealing Neutral Ranged Physical damage equal to PATK * ^{1}${2}%+${3}^{2} to the designated ST enemy within ${1} meters and ${5} Other enemies within ${4} meters of the target.
10110301012	Charge at a designated ST enemy within ${1} meters, dealing Physical ATK*^{1}${2}%+${3}^{2} Neutral melee Physical damage and inflicting ${4} sec. of ^{3}^{4}【Stun】^{5} ^{6}.
10110301013	Spear-exclusive skill. Thrusts at the target, dealing Neutral Ranged Physical damage totaling PATK * ^{1}${2}%^{2}+^{3}${3}^{4} over @{1} hits to the designated ST enemy within ${1} meters.
10110301014	Infuses your weapon with energy, increasing the percentage damage multiplier of Normal Attack skills by ^{1}${1}%^{2} for ${2} sec.
10110301015	Harness the power of a Knight to strike an enemy, dealing ^{1}${2}%+${3}^{2} Neutral ranged Physical damage to a designated ST target within ${1} meters and inflicting ${5}%^{3}【Slow】^{4} for ${4} seconds.
10110301016	Rapidly restores Life, restoring ^{1}${2} Life^{2} per second for ${1} sec.
10110301017	Focus your energy and gain the ^{1}^{2}【Endure Lv.@{1}】^{3}^{4} effect for ${1} sec, increasing your HIT by ^{5}${2}^{6} and Physical ATK by ^{7}${3}^{8}, while reducing your Physical DEF by ^{9}${4}^{10} for ${5} sec.
10110301018	Two-Handed Sword-exclusive skill. Grants ^{1}【Parry】^{2} for ${1} seconds. While Active, increases your PDEF and MDEF by ^{3}${2}^{4}. When You take melee Physical damage, casts ^{5}^{6}【Auto Counter】^{7}^{8} in front of You. Internal cooldown: ${3} seconds.
10110301019	Spear-exclusive skill. Deals Neutral Ranged Physical damage totaling PATK * ^{3}${3}%+${4}^{4} over ^{1}${2}^{2} hits to the designated ST enemy within ${1} meters.
10110301020	Spear-exclusive skill. Deals Neutral Ranged Physical damage totaling PATK * ^{3}${3}%+${4}^{4} over ^{1}${2}^{2} hits to the designated ST enemy within ${1} meters and ${6} Other enemies within ${5} meters of the target.
10110301021	Gain ^{1}Slow Immunity^{2}, increasing the percentage damage multiplier of your ^{3}^{4}【Basic Attack】^{5}^{6} by ^{7}${1}%^{8} and that of ^{9}^{10}【Spiral Pierce】^{11}^{12} by ^{13}${2}%^{14} for ${3} sec.
10110301022	Spear-exclusive skill. Deals Neutral Ranged Physical damage equal to PATK * ^{1}${2}%+${8}^{2} to the designated ST enemy within ${1} meters. Each hit against the same enemy shatters the target's body parts in sequence, applying the following effects for ${3} seconds: 【Shattered Ankle】Reduces MSPD. by ^{3}${4}%^{4}; 【Shattered Wrist】reduces ASPD by ^{5}${5}%^{6}; 【Shattered Lumbar】reduces PDEF by ^{7}${6}%^{8}; 【Shattered Neck】reduces DMG Reduction by ^{9}${7}%^{10}.
10110301023	Spear-exclusive skill. Deals Neutral Ranged Physical damage equal to PATK * ^{1}${2}%+${8}^{2} to the designated ST enemy within ${1} meters and ${10} Other enemies within ${9} meters of the target. Each hit against the same enemy shatters the target's body parts in sequence, applying the following effects for ${3} seconds: 【Shattered Ankle】Reduces MSPD. by ^{3}${4}%^{4}; 【Shattered Wrist】reduces ASPD by ^{5}${5}%^{6}; 【Shattered Lumbar】reduces PDEF by ^{7}${6}%^{8}; 【Shattered Neck】reduces DMG Reduction by ^{9}${7}%^{10}.
10110301024	Dives toward a designated location within ${1} meters. Upon landing, deals Neutral melee Physical damage equal to PATK * ^{3}${6}%^{4} and applies a ^{1}${5}%【Slow】^{2} for ${4} seconds to up to ${3} enemies within a ${2}-meter radius. Every @{1}% ASPD increases this damage by ^{5}${10}%^{6}, up to @{2}% ASPD. For each enemy hit, You gain a ^{9}【Shield】^{10} equal to ^{7}${7}%^{8} of Max HP for ${8} seconds, up to ^{11}${9}%^{12}.
10110301025	Can only be cast while riding a dragon. The dragon Mount breathes fire, dealing Fire Ranged Physical damage totaling PATK * ^{1}${5}%^{2} over ${4} hits to up to ${3} enemies in a ${1}-meter x ${2}-meter area in the designated direction, with a ^{3}${6}%^{4} Chance to Burn damaged enemies, dealing Fire Ranged Physical damage totaling PATK * ^{5}${7}%^{6} over @{1} hits.
10110301026	Can only be cast while riding a dragon. The dragon mount breathes a wintry orb, dealing ${4} hits of Water ranged Physical damage totaling Physical ATK * ^{1}${5}%^{2} to up to ${3} enemies within a ${1}m x ${2}m area in the target direction, with a ^{3}${6}%^{4} Chance to inflict ^{5}^{6}【Frozen】^{7}^{8} for ${7} sec.
10110301027	Can only be cast while riding a dragon. The dragon mount lets out a roar, removing all status ailments, granting ^{1}^{2}【Debuff Immunity】^{3}^{4} for ${1} sec, and increasing DEF by ^{5}${2}%^{6}.
10110301028	While riding a dragon, increases Movement Speed by ^{1}${1}%^{2} and increases the damage of ^{3}^{4}【Dragon Breath (Fire)】^{5}^{6} and ^{7}^{8}【Dragon Breath (Water)】^{9}^{10} by ^{11}${2}%^{12}.
10110301029	A skill exclusive to two-handed Spears. Charge up to generate a spiral of energy, then hurl your Spear at the target, dealing Neutral ranged Physical damage equal to Physical ATK * ^{1}${2}%^{2} to the targeted enemy within ${1} meters, pulling them in front of you and inflicting ^{3}^{4}【Immobilize】^{5}^{6} for ${3} sec.
10110301030	Slash forward rapidly with your weapon, unleashing three massive shockwaves in succession that deal ${4} hits of Neutral ranged Physical damage equal to Physical ATK * ^{1}${5}%^{2} to up to ${3} enemies within a ${1}m × ${2}m area.
10110301031	For ${1} sec after activating the skill, taking melee damage from an enemy player reflects the damage to nearby enemies, dealing Neutral Physical melee damage equal to *^{1}${4}%^{2} of the damage taken to up to ${3} enemies within a ${2}-meter radius. Can trigger once every ${5} sec.
10110301032	Passive: Empowers your attacks, increasing your Crit Chance by ^{1}${1}%^{2} and PATK by ^{3}${2}%^{4}.
10110301033	Imbues your weapon with rune magic, increasing your ASPD by ^{1}${1}%^{2}. After dealing damage, increases your DEF by ^{3}${2}%^{4} for @{1} seconds.
10110301034	Draws power from a Rune, increasing your PATK by ^{1}${2}%^{2} and ASPD by ^{3}${3}%^{4} for ${1} seconds. At Skill Level ${4}, also increases HP recover efficiency by ^{5}${5}%^{6}.
10110301035	Drives the Weapon into the ground, unleashing a massive shockwave toward the locked-on target that deals Neutral Ranged Physical damage totaling PATK * ^{1}${5}%^{2} over ${4} hits to up to ${3} enemies in a ${1}-meter by ${2}-meter area in front of You (^{3}^{4}Luck Resonance ${7}%^{5}^{6}), inflicts Knock-Up and ^{7}^{8}【Immobilize】^{9}^{10} for ${6} seconds, and triggers ^{11}【Furious Storm】^{12} on You. ^{13}【Furious Storm】^{14}: Clears all current 【Rain of Spears】 charges and grants @{1} charges of ^{15}^{16}【Hundred Spear - Enhance】^{17}^{18}.
10110301036	Permanently increases Physical ATK by ${1} and DEX by ${2}.
10110301037	@{1} instances of circular damage
10110301038	Removes current control effects and grants immunity to control effects for the next @{1} seconds
10110301039	Immobilizes the target for @{1} sec.
10110301040	Can be used after leaving Battle Status to slowly restore Life.
10110301041	Deals ST Neutral melee Physical damage equal to Physical ATK * ^{1}${2}%^{2} to the target enemy within ${1} meters.
10110301042	Increases FLEE by ^{1}${1}^{2}, Movement Speed by ^{3}${2}%^{4}, and Physical ATK by ^{5}${3}^{6}.
10110301043	When a Dagger is equipped, each Basic Attack has a ^{1}${1}%^{2} Chance to deal ${2} Extra hits of Neutral melee Physical damage equal to PATK * ^{3}${3}%^{4} (this damage is not considered a Normal Attack).\nWhen a Katar is equipped, increases CRIT Stat by ^{5}${4}^{6}.
10110301044	After use, Movement Speed increases by ^{1}${1}%^{2} for ^{3}${2}^{4} seconds.\nThis speed boost is immediately removed after attacking or taking damage a total of ^{5}${3}^{6} times.
10110301045	Deals ${2}% Neutral melee Physical damage to the selected ST enemy within ${1} meters. Every ${3}% Attack Speed increases this damage by ${4}%. If cast while 【Hiding】, deals ${5}% Extra damage and ^{1}【Slows】^{2} the target by ${6}% for ${7} sec.
10110301046	Throw sand at the target, dealing Physical ATK *^{1}${2}%+${3}^{2} Earth-property melee Physical damage to the designated ST enemy within ${1}m.
10110301047	Grants the specified ST ally within ^{1}${1} meters^{2} ^{3}immunity to ^{4}^{5}^{6}【Poisoned】^{7}^{8} damage.
10110301048	Linked special logic script buff
10110301049	While equipped with a Katar-type weapon, increases Physical ATK by ^{1}${1}^{2} and increases the damage multiplier of [Assassin Normal Attack] by ^{3}${2}%^{4}.
10110301050	Katar-exclusive skill. Rapidly attacks the target, dealing Neutral melee Physical damage equal to PATK * ^{1}${2}%+${3}^{2} to the designated ST enemy within ${1} meters. If the target's HP is at or below ^{3}${4}%^{4}, increases the percentage damage multiplier of 【Sonic Blow】 by ^{5}${5}%^{6}.
10110301051	Allows 【Sonic Blow】 to trigger its damage increase effect when the target's Life is at or below ^{1}${1}%^{2}, and changes the percentage damage multiplier increase to ^{3}${2}%^{4}.
10110301052	Cast in a selected direction to perform Movement ${1} meters away from the target and enter the ^{1}^{2}【Hiding】^{3}^{4} state for ${2} seconds.\nDealing or taking damage a total of ^{5}${3}^{6} times immediately ends the ^{7}【Hiding】 state^{8}.
10110301053	Dagger-exclusive skill. Throws a poisoned blade, dealing Poison Ranged Physical damage equal to PATK * ^{1}${2}%+${3}^{2} to the designated ST enemy within ${1} meters. Then Launches a poisoned blade at a random enemy within ${4} meters of the target, dealing Poison Ranged Physical damage equal to PATK * ^{3}${5}%+${6}^{4}, up to ^{5}${7}^{6} times.
10110301054	Deals Physical ATK*^{1}${4}%+${5}^{2} ranged Poison Physical damage to up to ${3} enemies within a ${2}-meter radius around a target within ${1} meters of you, and inflicts ^{3}^{4}【Poisoned】^{5}^{6} damage on the target.
10110301055	When equipped with a dagger, increases Attack Speed by ^{1}${1}^{2} and AGI by ^{3}${2}^{4}.
10110301056	This is Left-Hand Mastery.
10110301057	Deals Physical ATK*^{1}${4}%+${5}^{2} Neutral melee Physical damage to the selected ST enemy within ${1} meters and up to ${3} other enemies within ${2} meters of it, and slows them by ^{3}【Slow】^{4}${6}% for ${7} seconds.
10110301058	Plants timed Dynamite on a designated ST enemy within ${1} meters. Each player can have up to @{1} timed Dynamite planted on them. After ${2} seconds, deals Physical ATK*^{1}${5}%+${6}^{2} Poison-element ranged Physical damage that ignores FLEE to the designated enemy and up to ${4} other enemies within a ${3}-meter radius, and inflicts ^{3}^{4}【Poisoned】^{5}^{6} damage on the targets.
10110301059	After casting, gain an effect that lasts ${1} sec. While active, ^{1}Basic Attack becomes Poison-property^{2}. When your Basic Attack deals damage, there is a ^{3}${2}%^{4} Chance to inflict ^{5}^{6}【Poisoned】^{7}^{8} damage on the target.
10110301060	Upon use, immediately enter the ^{1}^{2}【Camouflage】^{3} and ^{4}【Hiding】^{5}^{6} states, becoming invisible and untargetable and increasing Movement Speed by ^{7}${1}%^{8} for ${2} seconds.\nDealing or taking damage a total of ${3} times immediately ends 【Camouflage】 and 【Hiding】. Passive: Using Back Slide also grants 【Camouflage】 for ${4} seconds.
10110301061	Plant timed Dynamite on a designated ST enemy within ${1} meters. After ${2} seconds, deal Physical ATK * ^{1}${5}%^{2} Poison ranged Physical damage that ignores FLEE to the designated enemy and up to ${4} other enemies within a ${3}-meter radius, and inflict 【^{3}^{4}【Poisoned】^{5}^{6} damage on the target.
10110301062	Deals Poison-element melee Physical damage equal to Physical ATK*^{1}${1}%^{2} to the specified ST enemy.
10110301063	After Learning Skills, your coordination with both hands improves, allowing You to equip a Dagger in your Off-Hand and use Katar Weapons.
10110301064	Lock onto an enemy within ${1} meters, quickly dash ${2} meters toward the target, and slow up to ${4} enemies within a ${3}-meter radius of the target by ${5}% for ${6} seconds
10110301065	Lock onto an enemy within ${1} meters, quickly dash ${2} meters toward the target, and slow up to ${4} enemies within a ${3}-meter radius of the target by ${5}% for ${7} seconds
10110301066	Lock on to an enemy within ${1} meters, quickly dash ${2} meters toward the target, and slow up to ${4} enemies within a ${3}-meter radius of the target by ${5}% for ${8} seconds
10110301067	Locks onto an enemy unit within ${1} meters, quickly dashes ${2} meters toward the target, and slows up to ${4} enemies within a ${3}-meter radius of the target by ${5}% for ${9} seconds
10110301068	Locks onto an enemy within ${1} meters, quickly dashes ${2} meters toward the target, and slows up to ${4} enemies within a ${3}-meter radius of the target by ${5}% for ${10} seconds
10110301069	Lock on to an enemy unit within ${1} meters, quickly dash ${2} meters toward the target, and slow up to ${4} enemies within a ${3}-meter radius of the target by ${5}% for ${11} seconds
10110301070	Lock on to an enemy unit within ${1} meters, quickly dash ${2} meters toward the target, and slow up to ${4} enemies within a ${3}-meter radius of the target by ${5}% for ${12} seconds
10110301071	Lock onto an enemy within ${1} meters, quickly dash ${2} meters toward the target, and slow up to ${4} enemies within a ${3}-meter radius of the target by ${5}% for ${13} seconds
10110301072	Lock on to an enemy within ${1} meters, quickly dash ${2} meters toward the target, and slow up to ${4} enemies within a ${3}-meter radius of the target by ${5}% for ${14} seconds
10110301073	Lock onto an enemy unit within ${1} meters, quickly dash ${2} meters toward the target, and slow up to ${4} enemies within a ${3}-meter radius of the target by ${5}% for ${15} seconds
10110301074	Deals ${1}% Neutral Physical damage to the specified ST target
10110301075	Launch a shockwave, dealing Physical ATK*^{1}${2}%^{2}+Magic ATK*^{3}${3}%^{4}+^{5}${4}^{6} Neutral ranged Physical damage to the designated ST enemy within ${1} meters.
10110301076	After casting, grants yourself 【Deadly Poison】 for ${1} sec., increasing your ^{1}${2}^{2} Physical ATK. After you attack, there is a ^{3}${3}%^{4} Chance to deal ^{5}^{6}【Venom】^{7}^{8} damage to the target.
10110301077	Increases Poison damage dealt by ^{1}${1}%^{2}
10110301078	Increases Poison damage dealt by ^{1}${2}%^{2}
10110301079	Increases Poison damage dealt by ^{1}${3}%^{2}
10110301080	Increases Poison damage dealt by ^{1}${4}%^{2}
10110301081	Increases Poison damage dealt by ^{1}${5}%^{2}
10110301082	After using 【Soul Destroyer】 ${1} times, damage dealt increases by ${2}% for ${3} sec.
10110301083	When 【Basic Attack】 lands a critical hit, casts 【Cross Impact】 on the target, dealing melee Physical damage equal to 【${1}% Physical ATK】
10110301084	After a critical hit with 【Basic Attack】, casts 【Cross Impact】 on the target, dealing melee Physical DMG equal to 【${2}% Physical ATK】
10110301085	When 【Basic Attack】 lands a critical hit, casts 【Cross Impact】 on the target, dealing 【${3}% Physical ATK】 melee Physical damage
10110301086	When a 【Basic Attack】 lands a critical hit, casts 【Cross Impact】 on the target, dealing 【${4}% Physical ATK】 as melee Physical damage
10110301087	After a 【Basic Attack】 critically hits, casts 【Cross Impact】 on the target, dealing 【${5}% Physical ATK】 as melee Physical damage
10110301088	After 【Basic Attack】 lands a critical hit, cast 【Cross Impact】 on the target, dealing 【${6}% Physical ATK】 melee Physical damage
10110301089	After 【Basic Attack】 lands a critical hit, unleash 【Cross Impact】 on the target, dealing 【${7}% Physical ATK】 as melee Physical damage
10110301090	When 【Basic Attack】 lands a critical hit, casts 【Cross Impact】 on the target, dealing melee Physical damage equal to 【${8}% Physical ATK】
10110301091	When 【Basic Attack】 lands a critical hit, casts 【Cross Impact】 on the target, dealing 【${9}% Physical ATK】 melee Physical damage
10110301092	After 【Basic Attack】 lands a critical hit, cast 【Cross Impact】 on the target, dealing melee Physical damage equal to 【${10}% Physical ATK】
10110301093	When a Basic Attack crits (internal cooldown: ${1}s), your ^{1}${2}^{2} Crit increases for ${3}s, stacking up to ${4} times. Your 【Assassin Normal Attack】 Crit Chance increases by ^{3}${5}%^{4}, but its damage is reduced by ^{5}${6}%^{6}.
10110301094	Deals 【${1}%*Physical ATK】 Physical damage. Each time 【Shadow Strike】 triggers, you gain 1 stack of 【Shadow Strike】, granting ${2}% Attack Speed/${3} CRIT for @{1} sec, up to @{2} stacks
10110301095	Lock on to an enemy at a Distance of ${1} cells and deal ${2}% melee Physical damage
10110301096	Target an enemy within a Distance of ${1} cells and deal ${3}% melee Physical damage
10110301097	Target an enemy at a Distance of ${1} cells, dealing ${4}% melee Physical damage
10110301098	Lock on to an enemy at a Distance of ${1} cells and deal ${5}% melee Physical damage
10110301099	Lock onto an enemy at a Distance of ${1} cells and deal ${6}% melee Physical damage
10110301100	Target an enemy at a Distance of ${1} cells and deal ${7}% melee Physical damage
10110301101	Target an enemy at a Distance of ${1} cells and deal ${8}% melee Physical damage
10110301102	Target an enemy at a Distance of ${1} cells, dealing ${9}% melee Physical damage
10110301103	Lock on to an enemy at a Distance of ${1} cells and deal ${10}% melee Physical damage
10110301104	Lock onto an enemy at a Distance of ${1} cells and deal ${11}% melee Physical damage. No Translation
10110301105	After casting, deals Physical ATK*^{1}${3}%+${4}^{2} Neutral melee Physical damage to up to ${2} enemies within a ${1}-meter radius, with a ^{3}${5}%^{4} Chance to inflict ^{5}^{6}【Stun】^{7}^{8} for ${6} sec. or ^{9}^{10}【Blind】^{11}^{12} for ${7} sec.
10110301106	Chance for Normal Attack to trigger AOE damage (internal CD: @{1}s), hitting up to @{2} targets
10110301107	Normal Attacks have a Chance to trigger an Extra ST Normal Attack (internal cooldown: @{1} sec.)
10110301108	When using Sonic Blow, unleashes an Extra mini “Sonic Blow” on up to two targets within @{1} meters (internal cooldown: @{2} sec.)
10110301109	Increases Shadowless Fang's base damage. On HIT, deals Extra AoE damage to up to @{2} enemies within a @{1}-meter radius of the target.\n(Triggers an AoE; its radius and maximum number of targets should be lower than the third job version.)
10110301110	"While Camouflaged, your first attack deals Extra damage to the target called ""Sneak Attack"" (single target, high fixed damage Percentage; Description continues after the next Camouflage)."
10110301111	When Double Attack triggers, trigger an Extra 【Double Attack - AoE】 within @{1} meters of yourself (internal CD: @{2} sec.)\n(Changed to trigger due to performance issues)
10110301112	When Virus Spread is cast, it deals one Extra instance of high damage to one enemy HIT, prioritizing enemies closer to the center.
10110301113	When Virus Spread is cast, cast mini “Virus Spread” @{1} more times at the target location\n(No Chance required)
10110301114	Soul Destroyer casting Distance +@{1}. On HIT, Launch two small spherical waves at each of @{2} targets near the target (very, very, very low damage).
10110301115	Launch a shockwave at a designated ST enemy within ${1} meters, dealing Neutral ranged Physical damage equal to Physical ATK*^{1}${2}%^{2}+Magic ATK*^{3}${3}%^{4}.
10110301116	After casting Meteor Assault, cast a mini Meteor Assault at the same location.
10110301117	Stores ^{3}${2}^{4} stacks every ^{1}${1}^{2} sec, up to ^{5}${3}^{6} stacks. Charges to a point ${5} meters in front of the target ST enemy within ${4} meters, inflicting ^{7}【Slow】^{8} by ${6}% for ${7} sec and dealing Physical ATK * ^{9}${8}%^{10} as Neutral melee Physical damage. Immediately gains ${9} Blade stacks, multiplies the blade count of the next Cross Ripper Slasher by ${10}, and increases each hit's damage by ^{11}${11}%^{12}.
10110301118	Katar-exclusive skill. Quickly spins in place, dealing Neutral melee Physical damage equal to PATK * ^{1}${3}%*(${4}+ASPD*${5}%)^{2} to up to ${2} enemies within a ${1}-meter radius of You, and adds ${6} blades to Cross Ripper Slasher, up to ${7} blades. ^{3}This skill is considered a Basic Attack^{4}.
10110301119	The Level-up version of Cloaking. After casting, you enter the ^{1}^{2}【Enhance Cloaking】^{3}^{4} state for ${1} sec., increasing ^{5}Movement Speed by ${2}%^{6}. The state ends after taking damage ${3} times or dealing damage.
10110301120	Unleashes an evil spirit, dealing Neutral melee Physical damage equal to Physical ATK * ^{1}${3}%^{2} to up to ${2} enemies within a ${1}-meter radius.
10110301121	Removes the ^{1}【Poisoned】^{2} status from yourself.
10110301122	Damage dealt to enemies afflicted with ^{1}status effects^{2} is increased by ^{3}${1}%^{4}.
10110301123	Dagger-exclusive skill. Casting 【Shadow Guard】, 【Thousand Shadows】, or 【Looping Shadow】 ^{1}resets this skill's cooldown^{2}. Choose a direction to dash ${1} meters as a phantom, dealing Neutral melee Physical damage equal to PATK * ^{3}${4}%^{4} to up to @{1} enemies in a ${2}-meter-wide, ${3}-meter-long rectangular area in that direction. You gain ^{5}^{6}【Endure】^{7}^{8} while casting this skill.
10110301124	Dagger-exclusive skill. Deals Neutral melee Physical damage totaling PATK * ^{1}${4}%*(${5}+ASPD*${6}%)^{2} to up to ${3} enemies within a ${2}-meter radius centered ${1} meters in front of You.
10110301125	Pirate King Basic Attack
10110301126	Cross-shaped AoE, first vertical, then horizontal
10110301127	Lu Bu's First Skill
10110301128	Permanently increases your ^{3}SP Recovery^{4} by ^{1}${1}^{2}, ^{7}Max SP Recovery^{8} by ^{5}${2}%^{6}, and ^{11}MATK^{12} by ^{9}${3}^{10}.
10110301129	Summons Sight around you, revealing hidden enemies within a ${2}-meter radius for ${1} seconds.
10110301130	Focus your mental energy to protect yourself. When you take damage, gain ^{1}^{2}【Energy Coat】^{3}^{4} for ${1} sec., increasing your damage reduction by ^{5}${2}%^{6}. Cooldown: ${3} sec.
10110301131	Summons a flaming arrow from the sky, dealing a total of Magic ATK*^{1}${2}%+${3}^{2} Fire ranged magic damage to the targeted ST enemy within ${1}m.
10110301132	Calls down lightning from above, dealing a total of Magic ATK *^{1}${2}% + ${3}^{2} Wind ranged magic damage to a designated ST enemy within ${1} meters.
10110301133	Summons a Frost Arrow from the sky, dealing Water-property ranged magic damage equal to Magic ATK*^{1}${2}%+${3}^{2} to the targeted ST enemy within ${1} meters.
10110301134	Summons a holy spirit to attack the designated ST enemy within ${1}m, dealing a total of Magic ATK*^{1}${2}%+${3}^{2} ranged Ghost magic damage. Deals an Extra ^{3}${4}%^{4} ranged Ghost magic damage to Undead enemies.
10110301135	Creates ${9} rectangular Fire Walls, each ${3}*${2}, at a designated location within ${1} meters of you. Each time an enemy touches a Fire Wall, it deals Magic ATK *^{1}${4}%+${10}^{2} Fire-property ranged magic damage and ^{3}knocks the enemy back^{4} ${5} meters. Fire Walls last ${6} seconds and disappear early after being touched by enemies ${7} times. Up to ${8} Fire Walls can exist at once.
10110301136	Create a circular magic barrier with a ${2}-meter radius at a location within ${1} meters of yourself, protecting up to ${3} allies within the area from incoming melee Physical damage. The barrier lasts ^{1}${4}^{2} seconds and can block up to ^{3}${5}^{4} hits. Up to ${6} barriers can exist at once.
10110301137	Summon fireballs to bombard enemies. Launch fireballs at a designated ST enemy within ${1} meters and up to ${3} other enemies within ${2} meters of the target, dealing Magic ATK*^{1}${4}%+${5}^{2} Fire ranged magic damage to each.
10110301138	Summons a lightning strike, dealing Magic ATK *^{1}${4}% + ${5}^{2} Wind ranged magic damage to up to ${3} enemies within a ${2}-meter radius area within ${1} meters of you.
10110301139	Draw on the water element in the air to deal Magic ATK*^{1}${2}%+${3}^{2} Water ranged magic damage to a selected ST enemy within ${1} meters, with a ${4}% Chance to inflict ^{3}^{4}【Frozen】^{5}^{6} for ${5} seconds.
10110301140	Concentrates the breath of the earth, with a ^{1}${1}%^{2} Chance to inflict ^{3}^{4}【Petrify】^{5}^{6} on the designated ST enemy within ${2} meters for ${3} seconds.
10110301141	Manipulate psychic power to strike the designated ST enemy within ${1}m and up to ${3} enemies within ${2}m of it, dealing Ghost-property ranged magic damage equal to Magic ATK * ^{1}${4}%+${5}^{2}.
10110301142	Deals Earth-property ranged magic damage equal to a total of Magic ATK*^{1}${2}%^{2} to a target ST enemy within ${1}m.
10110301143	Launch fireballs in all directions, dealing Magic ATK*^{1}${3}%+${4}^{2} Fire ranged magic damage to up to ${2} enemies within a ${1}-meter radius, and ^{3}knocking them back^{4} ${5} meters.
10110301144	Deals Water ranged magic damage equal to Magic ATK * ^{1}${3}% + ${4}^{2} to up to ${2} enemies within a ${1}-meter radius, with a ^{3}${5}%^{4} Chance to inflict ^{5}^{6}【Frozen】^{7}^{8} for ${6} seconds.
1111001	Novice Monthly Pass
1111002	Purchase <color=#fe993f>30</color> days at once to receive:
1111003	Total Rewards over 30 Days
1111004	Immediately Obtain
1111005	Rebate
1111006	¥
1111007	$
1111008	Quick Buy
1111009	<color=#fe993f>${1}</color> days remaining
1111010	<color=#DD563F>${1}</color> days remaining
1111011	Claim Daily
1111012	Reapplying the Monthly Pass will extend it by 30 days. Reapply?
1111013	You've reached the stockpiling limit for the Standard Monthly Pass and cannot purchase more.
1111014	Standard Monthly Pass
1111015	Premium Monthly Pass
1111016	1200%
1111017	2500%
1111018	x1050
1111019	x3000
1111020	x4050
1111021	Reapply
1111022	You've reached the stockpiling limit for the Premium Monthly Pass and cannot purchase more.
1111023	You've reached the stockpiling limit for both the Standard and Premium Monthly Passes and cannot purchase more.
10110301168	Grants yourself the ^{1}【Reading】^{2} status. While active, the next time you cast 【Comet】, 【Tetra Vortex】, 【Frost Blast】, 【Earth Strain】, 【Crimson Rock】, 【Thunderbolt】, or 【White Imprison】, the corresponding skill effect triggers one Extra time.
10110301169	Activates the ^{1}^{2}【Reading】^{3}^{4} status. While active, casting 【Comet】, 【Tetra Vortex】, 【Frost Blast】, 【Earth Strain】, 【Crimson Rock】, 【Thunderbolt】, 【Soul Burst】, or 【Gravity Impact】 triggers the corresponding skill effect one Extra time and consumes the corresponding Floors of ^{5}【Book Pages】^{6}. The effect cannot be triggered without enough ^{7}【Book Pages】^{8}. Passive: Automatically gain 1 Floor of ^{9}【Book Pages】^{10} every @{1} seconds. ^{11}【Book Pages】^{12} can have up to @{2} Floors.
10110301170	Ends the current ^{1}^{2}【Reading】^{3}^{4} state.
10110301171	Increases your Neutral, Ghost, Fire, Water, Wind, and Earth damage by ^{1}${1}%^{2}
10110301172	Deals ranged Fire magic damage equal to ^{1}${1}%^{2} of your Magic ATK to the target.
10110301173	Deals Water ranged magic damage equal to Magic ATK * ^{1}${1}%^{2} to the target.
10110301174	Deals ranged Wind magic damage equal to your MATK * ^{1}${1}%^{2} to the target.
10110301175	Deals Earth ranged magic damage equal to Magic ATK * ^{1}${1}%^{2} to the target.
10630000518	Only one card that changes armor elemental properties can be socketed. Already socketed: ${1}
10630000517	Backpack is full. @{1}-star cards cannot be advanced
10630000516	Only one card with the same name can be socketed. Already socketed: ${1}
10630000515	Already unlocked
10630000514	Repeat insertion is not allowed
10630000513	Card slot has not been unsealed
10630000512	There is no card in this slot
10630000511	No Bond deployed
10630000510	Bond already deployed
10630000509	This card cannot be inserted into this Bond slot
10630000508	Slot index out of range
10630000507	This Bond does not exist
10630000506	Lv. @{1} cards cannot be returned
10630000505	The card must be ranked up before it can Level-up
10630000504	Card is already at max star rank
10630000503	Card is already at max level
10630000502	The Unseal quest can only be started once every @{1} hours
10630000501	Unable to find the Luxury Dragon configuration ID
10630000500	Crafting is complete. The ritual is underway
10630000499	Already liked
10630000498	Unable to like right now
10630000497	You cannot like or assist yourself
10630000496	You have already provided assistance
10630000495	Invalid Luxury Dragon location
10630000494	The Luxury Dragon quest is already in progress
10630000493	Invalid Activity Reward ID
10630000492	Cannot Replace the Formation during a Spirit Tower Battle.
10630000491	Tower reward Configuration Error
10630000490	Invalid number of pets for the tower
10630000489	No sweep attempts remaining today
10630000488	Invalid Floors
10630000487	Highest recorded Power is insufficient.
10630000486	Already at the maximum level
10630000485	Player details are hidden
10630000484	You are in a special Location and cannot Follow.
10630000483	The Party Leader is in a special Location and cannot invite or accept players into the party.
10630000482	The target is in a special Location and cannot be invited or accepted into the party.
10630000481	You are in a special Location and cannot Initiate a party, submit a Request, or Follow.
10630000480	Cannot Enter another Dungeon during Placement confirmation.
10630000418	Unsupported action.
10630000417	This action does not exist.
10630000416	Failed to perform the action.
10630000415	Interaction failed.
10630000414	BUFF not found.
10630000413	Level too low
10630000412	Server instability detected. Please try starting the conversation again later.
10630000411	NPC Interaction is not available on this date.
10630000410	NPC Interaction Parameter error.
10630000409	This NPC Interaction option does not exist.
10630000408	Too far away for NPC Interaction.
10630000407	Cannot use Interaction with a dead NPC.
10630000406	NPC configuration not found.
10630000405	NPC not found.
10630000404	Your character is temporarily unable to list items. Unseal time: ${1}.
10630000403	Items cannot currently be listed on this server.
10630000402	Your character is temporarily unable to purchase items. Unseal time: ${1}.
10630000401	Trade items cannot currently be purchased on this server.
10630000400	Failed to purchase the item. Please refresh and try again.
10630000399	You cannot purchase an item you listed.
10630000398	This item is in the public listing period and cannot be purchased.
10630000397	Purchase timed out. Please try again later.
10630000396	Item is being processed (queued).
10630000395	Appraised equipment cannot be listed.
10630000394	Bound items cannot be Traded.
10630000393	Failed to parse Trade data.
10630000392	Failed to retrieve item information before adding it to the watchlist.
10630000391	Not enough items to refresh.
10630000390	Watchlist limit reached.
10630000389	The listed item's name is invalid.
10630000388	No item selected for removal.
10630000387	Failed to retrieve Trade stall information
10630000386	Not enough items to unlock the slot
10630000385	Maximum number of slots already unlocked
10630000384	Service error. Please try again later.
10630000383	Failed to deduct the item when listing it
10630000382	Not enough currency to purchase this item
10630000381	Failed to download data. Please try again later.
10630000380	This product does not exist. Please refresh and try again.
10630000379	This Emblem has already had a Level-up or Star Upgrade
10630000378	This card has already had a Level-up or Star Upgrade
10630000377	The Trade stall is full
10630000376	Trade request error
10630000375	Trade data is empty
10630000374	This listing exceeds today's maximum listing quantity.
10630000373	Not enough Credit Points to make this purchase
10630000372	Item configuration not found
10630000371	Refresh is on cooldown
10630000370	The delisted item does not exist
10630000369	Class-specific items cannot be Traded
10630000368	Cannot purchase an item you have listed
10630000367	Not within the public listing purchase period
10630000366	Item not found
10630000365	Incorrect sale quantity
10630000364	Not enough listing space
10630000363	Incorrect Trade price
10630000362	The target you tried to follow does not exist
10630000361	You have reached the follow limit and cannot follow any more targets.
10630000360	A card in this Card Preset does not exist
10630000359	Card Preset error
10630000358	Equipment in this Equipment Preset does not exist
10630000357	Equipment Preset error
10630000356	This Card cannot be upgraded.
10630000355	Cannot find the locked Enchant attribute
10630000354	Not enough Equipment Enchantment materials
10630000353	Equipment Enchantment Parameter error
10630000352	Not enough Refinement Material
10630000351	Equipment Refining Parameter error
10630000350	Not enough Enhancement Materials
10630000349	Equipment Enhance Parameter error
10630000348	Not enough equipment repair materials
10630000347	Equipment repair Parameter error
10630000346	Broken equipment cannot be repaired normally
10630000345	Cannot repair equipment at maximum durability
10630000344	Cannot dismantle an equipped item
10630000343	Not enough item crafting materials
10630000342	Item crafting Parameter error
10630000341	The equipment is not in your Backpack
10630000340	This item is not equipment
10630000339	Failed to equip equipment
10630000338	Wrong Level
10630000337	Incorrect equipment gender
10630000336	Incorrect equipment class
10630000335	Incorrect equipment slot
10630000334	Equipment has not been appraised
10630000333	Not enough Equipment Appraisal Materials
10630000332	Equipment Appraisal
10630000331	This Function has been disabled by a GM
10630000330	This player is not awaiting Revive
10630000329	Revive requests are on cooldown. Please try again later~
10630000328	Not enough party Revive attempts remaining
10630000327	Not enough squad Revive attempts remaining
10630000326	Not enough personal Revive attempts remaining
10630000325	Item-based Revive is not allowed in this area.
10630000324	Skill-based Revive is not allowed in this area.
10630000323	Not enough item-based Revive attempts.
10630000322	Not enough skill-based Revive attempts.
13250000000	Research on Thought Particles
10630000320	The target has accepted another Revive invitation.
10630000319	Currently in Battle Status.
10630000318	Revive is currently prohibited.
10630000317	This unit is not a valid combat target.
10630000316	Revive is not allowed in this area.
10630000315	The custom Revive Point limit has been exceeded.
10630000314	No suitable Revive Point found.
10630000313	No Revive attempts are currently available.
10630000312	Manual Revive is not allowed in this area.
10630000311	The Revive penalty is still active.
10630000310	No map Revive information found.
10630000309	The target is currently alive.
10630000308	You are already at the guild base.
10630000307	Invalid guild name length.
10630000306	Guild Activity Reward claimed.
10630000305	Not enough Guild Activity.
10630000304	Not enough Skill Points for the limited-time guild Tactic.
10630000303	The limited-time guild Tactic does not exist.
10630000302	The limited-time guild Tactic is already active.
10630000301	The limited-time guild Tactic draw limit has been reached.
10630000300	Guild Technology does not meet the Requirement to level up:
10630000299	Guild Technology has reached Max level.
10630000298	You're refreshing too quickly. Please try again later.
10630000297	Data error. Please try again.
10630000296	Not enough refresh attempts.
10630000295	The guild cannot be disbanded during Guild Auction.
10630000294	Not enough guild supplies
10630000293	Cannot place this here.
10630000292	This action cannot be performed during Guild League.
10630000291	The Main Battlefield is full.
10630000290	The guild notice does not meet the requirements.
10630000289	The guild emblem does not meet the requirements.
1111201	Event ends in ${1}
1111202	Chronicle Level
1111203	Purchase Levels
1111204	Gift to a Friend
1111205	Premium Benefits
1111206	Claim All
1111207	Unlock Pass
1111208	Unlock to Receive Immediately:
1111209	Purchase Pass Levels
1111210	Reach Lv. ${1} to immediately receive <color=#ff993f>${2}</color> rewards
1111211	Unlock the [Premium Pass] to receive <color=#ff993f>${1}</color> more rewards
1111212	Buy
1111213	Unlock
1111214	Unlock the following rewards as you level up
1111215	Purchase Premium Pass
1111216	Immediately receive the following <color=#fbcd7e>powerful perks</color>
1111217	Unlock the following <color=#fbcd7e>premium rewards</color> as you level up
1111218	Return Rate <size=#36>${1}</size>  %
1111219	¥${1}
1111220	Congrats on Obtaining the following rewards
1111221	Unlock the Premium Pass to also receive immediately
1111222	Unlock Premium Pass
1111223	Gift a Pass
1111224	Gift
1111225	Gift to: <color=#ff993f>${1}</color>
1111226	This is for you. No need to thank me!
1111227	This is for you. No need to thank me 2!
1111228	This is for you. No need to thank me 3!
1111229	Gift
1111230	Switch Gift Message
1111231	Premium Pass Lv. ${1} Rewards
1111232	Purchased
1111233	The recipient already has the Pass.
1111234	Not enough ${1}. Please purchase more.
1111235	Gift
1111236	Gladly accepted!
1111237	Remaining <color=#DD563F>${1}</color>
10630000288	The guild declaration does not meet the requirements.
10630000287	The guild name does not meet the requirements.
10630000286	Only elite members can enter the Main Battlefield.
10630000285	Temporary Members cannot participate in the league.
10630000284	Guild League is not open yet.
10630000283	Change of member information
10630000282	The item has been refreshed. Refresh the screen and try again.
10630000281	You can't help yourself!
10630000280	You can only rename @{2} times within @{1} days.
10630000279	The Caravan ship has departed.
10630000278	Insufficient cargo loaded. Unable to dispatch the ship.
10630000277	The cargo has expired.
10630000276	Help limit reached
10630000275	Get Help is unavailable in the current state.
10630000274	The cargo is not currently Asking for Aid.
10630000273	Cargo has already been loaded or is Asking for Aid.
10630000272	Not currently Asking for Aid.
10630000271	The Caravan quest has expired.
10630000270	The item has expired. Please exit and re-enter.
10630000269	Cargo has been loaded.
10630000268	You can participate in this event the day after you Join a guild.
10630000267	The building has reached Max level.
10630000266	Hall Level too low. Unable to Level-up.
10630000265	Another building is currently being upgraded.
10630000264	Not enough Guild Funds
10630000263	You can only send once every @{1} hours. Please try again later.
10630000262	The application does not exist or has expired.
10630000261	The invitation is no longer valid.
10630000260	Player is already in a guild.
10630000259	Impeachment is not in progress.
10630000258	Cannot perform this action while impeachment is in progress.
10630000257	Repeat participation in impeachment.
10630000256	Cancel Impeachment status error.
10630000255	Guild Master cannot self-impeach
10630000254	You do not meet the impeachment requirements.
10630000253	No grounds for impeachment. The Guild Master cannot be impeached.
10630000252	Impeachment is on cooldown.
10630000251	This position is full
10630000250	Guild name is already in use.
10630000249	The guild application list is full
10630000248	You have reached the application limit
10630000247	The guild is not in the response period.
10630000246	Insufficient permissions
10630000245	The guild is in the response period.
10630000244	This guild no longer exists
10630000243	You have already joined a guild
10630000242	You have not joined a guild
10630000241	Real-time group coordinates are on cooldown.
10630000240	Invalid guild group coordinates.
10630000239	Guild group already exists.
10630000238	This member is not in the group.
10630000237	You are not the group leader.
10630000236	Guild group is full.
10630000235	Guild group not found.
10630000234	This player is not in the guild.
10630000233	Guild is full
10630000232	You have already joined this guild.
10630000231	Guild already exists.
10630000230	This player is already in a guild.
10630000229	Attempted to remove a player who is not in Blocks.
10630000228	The other player is already in Blocks.
10630000227	Attempted to remove a player who is not a friend.
10630000226	The other player has already received a friend request.
10630000225	You cannot add yourself as friend.
10630000224	You have blocked the other player.
10630000223	The other player has blocked you.
10630000222	You are already friends.
10630000221	Friend's character ID does not exist.
10630000220	No Depart attempts remaining.
10630000219	Mail body contains sensitive words.
10630000218	Mail body is empty.
10630000217	Mail title contains sensitive words.
10630000216	Mail title is empty.
10630000215	Mail has not been read.
10630000214	Backpack is full. Unable to claim.
10630000213	Content is too long.
10630000212	Title is too long.
10630000211	Mail configuration does not exist.
10630000210	Platform service returned an error.
10630000209	Mail attachments have already been claimed.
10630000208	This mail has no attachments to claim.
10630000207	Mail conflict.
10630000206	Failed to send mail.
10630000205	Mail error.
10630000204	Mail actions are being performed too frequently.
10630000203	Mail attachments have not been claimed.
10630000202	Mail has been deleted or has expired.
10630000201	Mail doesn't exist.
10630000200	Unable to retrieve the job progression configuration.
10480000133	One-Year Promise
10480000132	Six Months Together
10480000131	Four-Month Flourish
10480000130	One Season Together
10480000129	Two Months Together
10480000128	One-Month Milestone
10480000127	Two Weeks Together
10480000126	Seven-Day Promise
10480000125	New Arrival
10480000124	Third Class Advancement
10480000123	Trans. 2nd
10480000122	Second Job Change
10480000121	1st Job Advance
10480000120	Dressed to Impress
10480000119	Dazzling Accessory Collection
10480000118	Accessory Mastery
10480000117	Growing Accessory Collection
10480000116	Accessory Adept
10480000115	First Accessory
10480000114	Five Mounts
10480000113	Three Mounts
10480000112	First Mount
10480000111	Five Costumes
10480000110	Three Costumes
10480000109	First Costume
10480000108	Unlock · Solar Chariot
10480000107	Unlock · Orchid Waterside Pavilion
10480000106	Unlock · Lord of the Starry Firmament
10480000105	Unlock · Silverwing Covenant
10480000104	Unlock · Nine-Tone Mantra
10480000103	Unlock · Worldscorch Feather
10480000102	Fashion Legend
10480000101	Fashion Leader
10480000100	Fashion Vanguard
10480000099	Fashionista
10480000098	Fashion Rookie
10480000097	Fashion Beginner
10480000096	Tavern Legend
10480000095	Wine and Tales
10480000094	A Drink for a Story
10480000093	Wine Connoisseur
10480000092	Savor the Wine
10480000091	A Nose for Wine
10480000090	A Friendship Set in Stone
10480000089	Kindred Spirits
10480000088	Inseparable
10480000087	Kindred Spirits
10480000086	Laughing Together
10480000085	A New Friendship
10480000084	Friends Far and Wide
10480000083	A Gathering of Friends
10480000082	League of Ten Friends
10480000081	A Few Close Friends
10480000080	Old Friends
10480000079	First Major Responsibility
10480000078	United We Stand
10480000077	Defeat Mirko · Hard
10480000076	Defeat Ilmo · Hard
10480000075	Defeat Nasha · Hard
10480000074	Defeat Isti · Hard
10480000073	Defeat Mirko
10480000072	Defeat Ilmo
10480000071	Defeat Nasha
10480000070	Defeat Isti
10480000069	Clear the Dark Domain
10480000068	Clear the Forbidden Wilds
10480000067	Clear the Savage Hinterlands
10480000066	Clear the Dark Land
10480000065	Clear the Natural Land
10480000064	Clear the Wildlands
10480000063	Spirit Tower Pinnacle
10480000062	Spirit Tower Legend
10480000061	Spirit Tower Champion
10480000060	Spirit Tower Adept
10480000059	Spirit Tower Debut
10480000058	MVP Terminator
10480000057	MVP Nemesis
10480000056	MVP Regular
10480000055	MVP Hunter
10480000054	First MVP Defeat
10480000053	Hatch Egg Maniac
10480000052	100 Eggs Hatched
10480000051	50 Eggs Hatched
10480000050	First Hatch Egg
10480000049	Nine S-Rank Pets
10480000048	Four S-Rank Pets
10480000047	First S-Rank Pet
10480000046	Pet Expert
10480000045	A Pack of 20
10480000044	A Home for 10 Pets
10480000043	5 Pets at Your Side
10480000042	First Companion
10480000041	Two Spirits in Harmony
10480000040	One-Spirit Resonance
10480000039	Echoes Assembled
10480000038	First Talent Loadout
10480000037	Talent Mastery
10480000036	Talent Training
10480000035	Talent Awakened
10480000034	Max Stars Achieved
10480000033	Another Star Upgrade
10480000032	First Star Upgrade
10480000031	Card Synergy
10480000030	Card Chorus
10480000029	Try a Card
10480000028	First MVP
10480000027	Illusion Arrives
10480000026	First Purple Card
10480000025	1,000-Card Legend
10480000024	100-Card Collection
10480000023	50-Card Collection
10480000022	A Small Haul: 10 Cards
10480000021	First Card
10480000020	Refine: Legend
10480000019	Refine: Pinnacle
10480000018	Refine: Expert
10480000017	Refine: Advanced
10480000016	Refine: Apprentice
10480000015	Refine: First Steps
10480000014	Eye of Discernment
10480000013	A Keen Eye
10480000012	Appraisal Basics
10480000011	Eye of Wisdom: Skills
10480000010	First Rare Items
10480000009	Craft Grandmaster
10480000008	Practice Makes Perfect
10480000007	Crafting Basics
10480000006	Legendary Red Gear
10480000005	First Illusion
10480000004	First Touch of Purple
10480000003	Crimson Legend
10480000002	Illusion's Radiance
10480000001	Purple Radiance
10480000000	Blue Gear Collection
10470000855	Hollgrehenn
10470000854	Archer Mentor
10470000853	Mage Mentor
10470000852	Swordsman Mentor
10470000851	Acolyte Mentor
10470000850	Merchant Mentor
10470000849	Thief Mentor
10470000848	Masked Girl
10470000847	Tough-Looking Woman
10470000846	Kind Girl
10470000845	General
10470000844	Stylist
10470000843	Amatsu Guide
10470000842	Amatsu Boy
10470000841	Malaya Girl
10470000840	Kunlun Boy
10470000839	Kunlun Girl
10470000838	Dewata Man
10470000837	Malaya Woman
10470000836	Malaya Man
10470000835	Jati Man
10470000834	Kates
10470000833	Assassin Mentor
10470000832	Lord of Amatsu
10470000831	Muay Thai Man
10470000830	Dewata Woman
10470000829	Aikuni
10470000828	Alphonse
10470000827	Vendor
10470000826	Mei Mei
10470000825	Alien
10470000824	Customer
10470000789	Dancer
10470000788	Karu
10470000787	Mengmeng
10470000786	Arunafeltz's Follower
10470000785	Puppy
10470000784	Nun
10470000783	Zalab
10470000782	Novice
10470000781	Girl
10470000780	Shop Clerk
10470000779	Shanshan
10470000778	Ziqian
10470000777	Jade
10470000776	Biko
10470000775	Chungwolmang
10470000774	Guard
10470000773	Keni
10470000772	Singer
10470000771	Granny Broom
10470000770	Geho
10470000769	Eerie Man
10470000768	Strong Man
10460000001	Goodbye, imitators! Only the real RO can fight!
10460000000	Welcome to RO Ragnarok Online @{1}!
10420100003	Very Inactive
10420100002	Active
10420100001	Moderately Active
10420100000	Very Active
10400400006	Participate in one Guild League and earn more than ^{1}@{1}^{2} individual points.
10400400005	Participate in one Guild Bonfire Party.
10400400004	Complete the Battle of Dragon Coffin Island once with ^{1}@{1} Member(s)^{2} from your guild
10400400003	Complete one Kafra: Battle of the Survivors with ^{1}@{1} Guild Members^{2}.
10400400002	Clear any Realm of the Gods Dungeon with ^{1}@{1} Guild Members^{2} from your guild.
10400400001	Clear any Phantom Realm dungeon with ^{1}@{1} Guild Members^{2}.
10400400000	Dispatch the Royal Caravan once.
10370001292	Rhine sent me.
10370001291	Hey there, rookie. What is it?
10370001290	Hehe, I knew it wouldn't be that Easy! Since we've got a long trip ahead, this is the perfect chance to see how fast the new Mount can go!
10370001289	Eden Group Headquarters is recruiting Elite Adventurers to provide Utility support. Leave immediately and find Eden Group Instructor Boya in Payon. Tell her you're the candidate I Suggested.
10370001288	Unfortunately, Morroc's seal remains secure, and Jormungandr has long since vanished from this world. However, there is an urgent assignment in Payon that requires attention.
10370001287	Do you even have to ask? The hardest one, obviously~ Like taking on Morroc alone or raiding the lair of that Jormun-whatever!
10370001286	You handle that Mount well. It looks like you're Ready to take on more advanced assignments. So tell me, what Difficulty would you like to start your adventure with?
10370001285	Come on, try to Ride your Mount!
10370001284	A-A free Mount? Hurry and Receive it!
10370001283	You're just one step away from taking on higher-level assignments. Here, this Mount will greatly improve your Move speed, making long journeys much easier.
10370001282	Hehe, clothes really do make the Adventurer. You look much more reliable now!
10370001281	Good. Looks like you've changed your equipment.
10370000924	The future belongs to the young. There's no place left for us old-timers anymore.
10370000923	You can exchange different-colored magic ores with me.
10370000922	We're currently gathering talented people from across the continent to uncover the origins of monsters through research and exploration.
10370000921	With the support of His Majesty Tristan, the Monster Research Society was founded to resolve problems caused by monsters.
10370000920	Can anyone help me find a four-leaf Lucky Clover?!
10370000919	There's only one thing I need! A four-leaf Lucky Cloverrrrr!
10370000918	I am a man who yearns for luck! Bring me good luuuuuuck!
10370000917	Ugh... I am... I am...
10370000916	This is the Payon Palace Annex.
10370000915	I know why you tried talking to me. It's because the Black Cat Ears I'm wearing are so cute, right? Hehe.
10370000914	Ah! Aaaaaah~! Aah!! Cough, cough!
10370000913	Payon brooms are the best!
10370000912	What could possibly bring anyone to someone living such a lonely Life?
10370000911	After Gitan finds bracelet, Gitan will find that snake. Bad snake killed Gitan.
10370000910	Gitan... needs bracelet. Gitan's bracelet is precious.
10370000909	Gitan died long ago. Gitan has no regrets. Gitan isn't bad.
10370000908	Sadly, the young lady eventually passed away. I've spent years searching this area for that snake.
10370000907	One day, the medicinal herbs delivered every month failed to arrive. I heard the caravan had been attacked by a giant snake.
10370000906	The young lady I served was in poor health and always coughing, so she regularly took cough medicine.
10370000905	On our fortieth anniversary, he went out to buy me a ring and never returned.
10370000904	We eventually got married, but he always felt guilty for not giving me a wedding ring.
10370000903	It turned out we both felt the same way, and we started dating. Oh my! I'm getting a little Shy just talking about it!
10370000902	When I was about fourteen or fifteen, I had a crush on a boy. To get his attention, I picked on his Peco Peco, and we ended up having a huge fight.
10370000901	I thought I might find a Clue to my family's whereabouts here, but unfortunately, so much time has passed that there are no clues left.
10370000900	Now I have my own caravan and live comfortably, but the shadow of that day still haunts me.
10370000899	I vaguely remember traveling with my father and a caravan as a child. I think a giant snake attacked us as we passed through here, separating us from the caravan. I was separated from my family, and now I can't even remember what my father looked like.
10370000898	Broken watches and hair for sale~
10370000897	Hello, everyone! I'm Miss Smile. Is there anything I can help you with?
10370000896	...You know, it's rude to stare at someone like that for no reason.
10370000895	My name is Phoenix. In this world tainted by evil, I strive to purify myself and remain devoted to my training.
10370000894	I'm the technician responsible for Enhancing weapons and armor. Some people say it's trivial work, but that's merely the biased opinion of amateurs.
10370000893	If you're here, stop wasting time and show me the equipment you want refined!
10370000892	He and this old lady were childhood sweethearts, you know. Hehehe~ Perhaps I'll tempt him with my beauty?
10370000891	My goodness~~ Payon's most handsome man has returned! Who would've thought that mischievous little rascal would grow up to be so handsome...
10370000890	The ash tree that blankets the sky,\nWhite dew soaks the mighty tree,\nWhite dew falls and becomes a flood,\nThe evergreen tree that embraces Urd's Well.
10370000889	Sing~ Sing~\nThe song of Debuha Moni~\nO Tree of Life~\nThe World Tree, evergreen,
10370000888	I’m working hard studying ciphers today just to experience that feeling... I’m so proud...
63001	Competition
63002	Kafra - Battle of the Survivors
63003	This reality show is presented by the Rekenber Corporation, a conglomerate, and held in the Rune-Midgarts Kingdom in partnership with the Kafra Corporation. Adventurers battle one another, and the final victor will receive the show's Grand Prize.
63004	60-Player Fair Competition
63005	Quests
63006	Result
63007	Ranking
63008	Shop
63009	This Week's Limit
63010	Double
63011	Event Description
63012	Event Description
63013	Event Period
63014	Skill Book
63015	Rank Reward
63016	More
63017	Party Mode
63018	Solo Mode
63019	Finder
63020	Start Matching
63021	${1} failed to ready up and cannot start matchmaking for ${2}.
63022	Due to inactivity, you cannot start matchmaking for ${1}.
63023	Queuing: ${1}
63024	Point Protection
63025	Complete a match to earn Protection Points.\nPlayers who perform well earn Extra Protection Points.\nProtection Points offset Victory Points lost after a defeat.\nYou can accumulate up to 99 Protection Points.\nPoint Protection no longer activates after reaching Dominator rank.
63026	Protection Points
63027	Current Protected Victory Points: ${1}
63028	Quest already completed
63029	Please Select a Quest for This Week
63030	You can only select and complete one quest per week.
63031	Accept
63032	Complete
63033	This Week's Tasks Completed
63034	Result
63035	Season Data
63036	Match Data
63037	Total Matches
63038	First-Place Finishes
63039	First 5 Times
63040	Total Kills
63041	Likes Received
63042	Best Single-Match Stats
63043	Kill
63044	Assist
63045	Aid
63046	Damage
63047	Healing
63048	Survival Duration
63049	Party Queue
63050	Solo Queue
63051	All Matches
63052	First Five Matches Only
63053	First Match Only
63054	{1} Place
63055	Defeat
63056	Survival Duration
63057	Offline
63058	${1} hours ago
63059	${1} days ago
63060	Player
63061	Kill/Assist/Rescue
63062	Damage/Healing
63063	Survival Duration
63064	Survivor Battle
63065	Rankings
63066	Kill Ranking
63067	Victory Rankings
63068	Skill Book
63069	Job Talents
63070	Novice
63071	All
63072	Burst
63073	Control
63074	Utility
63075	Kafra: Survivor Battle
63076	Countdown: ${1}s
63077	Ready
63078	Abandon
63079	Show less
63080	Notice
63081	Select a Build
63082	Select the build you want to use
63083	High-Resource Area
63084	Enemy Drop Point
63085	Enemy Drop Zone
63086	Tap the map to select a Spawn: ${1}
63087	Follow
63088	Invite
63089	Stop Following
63090	Tap to Invite
63091	${1} invited you to follow
63092	Enter the Battlefield
63093	Remaining
63094	Kill
63095	Assist
63096	Backpack
63097	Equipped
63098	Safe zone shrinking
63099	Nearby
63100	Pick Up All
63101	Aid
63102	Revive Info
63103	If you are defeated for the first time within 180 seconds of the battle starting, you can rejoin once for free.
63104	Backpack
63105	Equip
63106	Skills
63107	Items
63108	Discard Multiple
63109	Discard Multiple
63110	Equipment Quality
63111	Green
63112	Blue
63113	Purple
63114	Orange
63115	Skill Type
63116	Damage
63117	Utility
63118	Control
63119	Discard
63120	Amount
63121	Confirm Discard
63122	MVP
63123	Shop
63124	NPC
63125	Revive Altar
63126	Next Zone Shrink
63127	{1}'s Shop
63128	Item Supplies
63129	Skill Supplies
63130	Equipment Supplies
63131	Buy
63132	Total Price
63133	Buy
63134	Going Well
63135	Better Luck Next Time
63136	Rank ${1}
63137	Group Rank: ${1}/${2}
63138	Match Stats
63139	Kill
63140	Damage
63141	Survival Duration
63142	Points
63143	Tap to close
63144	Victory Points ${1}
63145	Overview
63146	Data
63147	Return (${1})
63148	Like All
63149	Player
63150	Kill/Assist/Rescue
63151	Damage/Healing
63152	Survival Duration
63153	Victory Points
63154	Interact
63155	Select a build: ${1}
63156	Countdown: ${1}
63157	This location cannot be selected as your drop point. You have been automatically switched to a nearby area.
63158	Talent
63159	Job
63160	No Equipment
63161	No Skills
63162	No items.
63163	Discard
63164	Join Kafra: Survivor Battle solo
63165	You cannot match for Solo Mode while in a party. Leave the party and start matchmaking?
63166	Notice
63167	Matchmaking is already underway for another mode. You cannot initiate new matchmaking.
63168	Solo Mode matchmaking is underway. You cannot open the Party Finder.
63169	Onward and Upward
63170	Close Defeat
63171	Rank: ${1}/${2}
63172	Bot ${1}
63173	Battle Start
63174	Tap anywhere to close (${1}s)
63175	Waiting for the game to start: ${1}
63176	Select a mission
63177	You can only select one mission per week
63178	Rescue Wagon
63179	You can spend ID Tags here to Revive defeated party members.\nSpend all ID Tags in your Backpack to Revive party members?
63180	Revive
63181	No Solo Mode information found
63182	Send
63183	Send (${1})
63184	Still available This Week
63185	Rank Reward
63186	Adventure
63187	You are outside the barrier and taking continuous damage.
63188	Spectator Mode
63189	Overview
63190	My Records
63191	Item is on cooldown. Please try again later.
63192	Cannot equip duplicate skills
63193	【${1} Ten Thousand】
63194	【${1} Hundred Million】
63195	${1} quality is currently selected. You cannot select a lower quality.
63196	Cannot equip duplicate items
63197	${1}'s ID Tag
63198	Uses:
63199	First-Place Finishes
63200	Longest Survival Time
63201	Highest Damage in a Single Match
63202	Ends in ${1} days
63203	Season end time TBD
63204	Players Matched: <color=#cf6753>${1}</color>/${2}
63205	Kafra: Battle of Survivors Currency
63206	Currency Limit Details
63207	This Week's Limit:
63208	Total Limit:
63209	You can earn only a limited number of Competition Medals each week. Once you reach This Week's Limit, you cannot earn any more. You can earn up to 20,000 points per week; any excess will be discarded. This resets every Monday. You can carry up to 100,000 points; any points earned beyond this limit will be discarded.
63210	${1}/${2}<color=#7EA92B> (Limit)</color>
63211	<color=#BD9932>${1}</color>/${2}
63212	Enemy Drop Point
63213	Enemy Drop Zone
63214	Victory Points:
63215	Nearby
63216	Switch
63217	Pick Up All
63218	<#62af5e>${1}</color>
63219	<#6890d2>${1}</color> or lower
63220	<#9f74c4>${1}</color> or lower
63221	<#ec8c2f>${1}</color> or lower
63222	A Narrow Victory Is Within Reach
63223	Kafra: Battle of Survivors  ${1}
63224	No party matchmaking information found
63225	This Function is not yet available
63226	<color=#594E3D>Points:</color>${1}<color=#594E3D>/${2}</color>
63227	Claimed
63228	Skill Level
63229	First select the equipment you want to discard in bulk
63230	Drag outside the Backpack to discard
63231	Right-click to unequip
63232	Right-click to equip
63233	Skill bar is full. Cannot equip.
63234	Item bar is full. Cannot equip.
63235	Safe Zone has not refreshed
63236	Distance to Safe Zone: ${1} m
63237	Zones Closed/Total Zones: ${1}/${2}
63238	Already inside the Safe Zone
63239	Skill Details
63240	<color=#594E3D>${1}</color>/${2}
63241	${1}/${2}
63242	Last Death Location
63243	Place
63244	Points
63245	Defeat
63246	Survival Duration
63247	Time
63248	Spectate Mode
63249	This Week's Limit Reached
63250	Limit Reached
63251	Game is About to start
10370000453	That's easy enough. We'll take care of it!
10370000452	(Irritably) Don't bother! It's a bunch of Vocals! For some crazy reason, they've been holding concerts in my attic at midnight. All that clanging and banging is about to bring down the roof!
10370000451	Bandits?! We'll get the guards!
10370000450	Help? What could you possibly do? A gang of bandits moved into my attic, and they haven't let me sleep for days.
10370000449	We don't mean anything by it. You just look like you haven't been sleeping well. You have dark circles under your eyes, and your hands are shaking while you knit. Is something wrong? Maybe we can help.
10370000448	(Her expression softens slightly, and she instinctively strokes the sweater) ...Hmph. At least you've got a good eye. My grandson will wear this to school, so of course it has to look nice.
10370000447	Compliment her sweater
10370000446	(Scowls) There's nothing to discuss! There's plenty of room here. This old woman just likes sitting in the sun and knitting. That's not against the law, is it?
10370000445	(Steps forward and forces a smile) Grandma Gwen, we're back. We'd like to talk things over with you again...
10370000444	That could work. Let's split up. ^{1}PlayerName^{2} and I will deal with the hardest one to persuade, while Kiki talks to the others.
10370000443	Let's break them up from within instead! We'll ask why these old folks are willing to work for those scalpers, then get them on our side.
10370000442	Let's split up. ^{1}PlayerName^{2} and I will deal with the hardest one to persuade, while Kiki talks to the others.
10370000441	Breaking them up from within is a good idea! Let's ask why these old folks are willing to work for those scalpers, then get them on our side.
10370000440	No, we can't do that! If they get hurt, we'll never be able to afford their medical bills.
10370000439	That's way too unfair. No, we have to think of something. We can't let them keep pushing everyone around.
10370000438	Win them over one by one
10370000437	Drive them away
10370000436	Go to another farming spot
10370000435	We reported them to the guards, but they said this is a public area and they can't stop people from waiting in line.
10370000434	They've been sitting at the most efficient monster-farming spots since early this morning, and they only move aside for certain people. There must be some kind of Trade going on behind the scenes.
10370000433	Hey, friend! Settle this for us! These old folks were obviously hired to hold these spots!
10370000432	I'm fine. Hehe, I'm fine...
10370000431	Please, keep it. I-I'm already so happy! Thank You for helping me with so much. If you don't mind, consider it your reward!
10370000430	Are you alright?
10370000429	This hair band...
10370000428	(Grins foolishly) Instructor touched my head... and is going to teach me how to roast rabbit heads. Hehe...
10370000427	(Ruffles Allen's hair) Enough with this nonsense. Get back to training!
10370000426	Yeah, spicy rabbit head. It's pretty good. Once you've learned Magnum Break, I'll teach you how to roast one. (Hooks the hair band with the sword's scabbard and inspects it) This thing... (Suddenly shoves it into your hands) You take it!
10370000425	R-Rabbit head?
10370000424	Ant Hell? (Suddenly slaps thigh and bursts out laughing) Oh, that time! I was testing whether my new fire oil could roast a whole rabbit head in one go. Think I singed someone's hair too. Was that you?
10370000423	(Holds the Bunny Hair Band overhead with both hands and bows deeply) Instructor Boya! Thank You for helping me fight those ants in Ant Hell... Please accept this Bunny Hair Band!
10370000422	(Blushes) I'll do my best...
10370000421	You're done already? You must've worked hard. Here, the Bunny Hair Band is all wrapped up. Good luck confessing your feelings!
10370000420	Are you done gathering your materials too? Let's go trade them to the merchant.
10370000419	Let's split up and meet back here once we've gathered everything!
10370000418	No problem
10370000417	(Eyes sparkling) Could you gather the other materials? (Presses a coin pouch into the player's hands) These are all my savings. You can keep whatever's left!
10370000416	Gathering Fluffs seems easiest. No talking, no Connect, just keep my head down and swing my sword... (Counts on fingers) Defeating about @{1} Fabres should be enough.
10370000415	(Puts hands on hips) Young man! True love must be put to the test!
10370000414	Th-That many...?
10370000413	(Raises a finger) It's not for sale~ Just gather these materials for me: @{1} Fluffs, @{2} four-leaf Lucky Clovers, @{3} Pearls, and... (Lowers voice) the Cat Ear Hair Band my rival sells!
10370000412	(Quietly) She's not my girlfriend... I'll take the Bunny Hair Band. How much is it?
10370000411	Which one do you like? (Picks up the Bunny Hair Band) This one's really popular lately, especially with girls~
10370000410	The merchant brings out a Bunny Hair Band, a School Hat, and Antlers.
10370000409	Welcome~ Oh, a new face! Looking for a gift for your girlfriend?
10370000408	Let's go find the headgear merchant too!
10370000407	B-Bunny ears? A hair band you wear on your head?! (Frantically tugs on the player's sleeve) Did you hear that? It must be a revelation from Odin!
10370000406	(Looks down and wrings his hands) That would still be a little embarrassing. Let's decide what gift to give her first.
10370000405	You're right. Let's decide what gift to give her first.
10370000404	It's worth a try.
10370000403	Probably best not to...
10370000402	(Blushes to the tips of his ears) L-L-Long ears?! Instructor Boya likes little bunnies? That's so adorable... If I dressed as a bunny for patrol, would she notice me?
10370000401	Share the findings.
10370000400	You're back! So... did you find anything out?
10370000399	(Strokes chin) When she came to the academy to turn in a commission a few days ago, she mentioned that a monster had damaged her Helmet. A new Helmet should be a safe choice.
10370000398	Haha! She disliked every gift I gave her, and you still dare ask my opinion?
10370000397	Any recommendations?
10370000396	(Shakes his head with a laugh) That young lady has always been blunt. If she doesn't like your gift, she won't spare your feelings.
10370000395	I heard a young mage gave her a glowing quill last year. She casually traded it to a merchant with a Stall for a quiver.
10370000394	When she passed her knight exam, I gave her a set of refined-steel gauntlets. She complained that they slowed down her sword arm, then had Hollgrehenn Reforge one into a thumb ring.
10370000393	Boya? (Strokes beard) Haha! It seems that young lady is quite popular.
10370000392	Oh, it's you. Would you like to review the second-job class paths?
10370000391	Take her hand.
10370000390	Perfect timing! The music just started. (Extends a hand invitingly) Come on. You promised me the opening dance.
10370000389	If you dance poorly and step on my feet... (Wags a finger) then I won't say a word about what Marika likes or dislikes.
10370000388	I'll tell you, but on one condition—you'll be my partner for the opening dance at the royal banquet later.
10370000387	Oh~ You want to know about Boya? (Leans in for a closer look) Are you asking for yourself, or for someone else?
10370000386	Looking for me? What is it?
10370000385	I-It's only a thank-you gift! I'm definitely not trying to confess my feelings! Do you know what she likes best?
10370000384	Please help me! I'll reward you!
10370000383	I-I tried... But whenever I think about how close they are to the instructor and how they might mention me to her, I just can't bring myself to ask...
10370000382	Why didn't you go?
10370000381	I heard Luna from the Knight Order is a good friend of Instructor Boya's, and Mentor Alphonse knows her well too. Could you ask them for me?
10370000380	No idea.
10370000379	Um... I want to give her something she'll like. Do you know what would make a good gift?
10370000378	If you want the girl, court her yourself.
10370000377	How can I help?
10370000376	Could you... help me?
10370000375	I want to give Instructor Boya a gift to thank her for helping me train. But she's often away on assignments, so I hardly ever see her, much less get to know her...
10370000374	I joined the Eden Group afterward because I hoped I'd get to see her more often...
10370000373	(Suddenly blushes) E-Even though it singed off a lock of my hair...
10370000372	Actually... when she helped me fight ants last time, I thought she was incredible. She unleashed this huge Magnum Break in a flash!
10370000371	I-I'd like to learn more about her. Like what she likes and what she doesn't...
10370000370	I'm Allen. I'm new here... I heard you often go on quests with the Eden Group. You know Instructor Boya pretty well, right?
10370000369	Um... wait!
10370000368	Thank you, Grandma!
10370000367	All right, it's easy to get lost in the forest. Take this Flying mount—it'll help you cross the forest in no time!
10370000366	Kiddo, what brings you all alone to a remote place like Payon Village?
10370000365	(Bows) May you sleep well tonight.
10370000364	Here is your key. Dinner will be delivered to your room in one hour. If you'd like hot Milk or herbal tea, just ring the bell.
10370000363	Ah! You must be Professor Levin's honored guest! He asked us to prepare a quiet room by the window on the second floor. The professor said you needed a good rest.
10370000362	The professor sent me.
10370000361	Welcome to the Oak Inn! Do you have a reservation?
10370000360	Come on. Let's head back to Prontera.
10370000359	After everything you've been through, you need a good rest. I'm a member of the ^{1}【Oak Inn】^{2} in the capital. Give them my name, and they'll arrange their finest room for you.
10370000358	While you were unconscious, the Holy See took the Relic away. It's being kept at the Prontera Library for now. If you're interested, you can go see it later.
10370000357	You're finally awake! That was far too close. If you hadn't stepped in when you did, many more people could have been hurt.
10370000356	When the true crisis arrives... we will meet again.
10370000355	None of this is mere coincidence.
10370000354	Only your touch can awaken these dormant 【Keys】.
10370000353	But you are the most extraordinary of all—an 【Adventurer】 from a higher dimension.
10370000352	The Realm Sandbox selects heroes, while the Nail of Cosmic Law stabilizes spacetime... And your compass can gather echoes of souls to restore life to the World Tree.
10370000351	Then we found the three 【Keys】 left behind by the gods—the Realm Sandbox, the Nail of Cosmic Law, and your compass.
10370000350	After Ragnarök, its branches gradually began to decay... and countless timelines are withering away.
10370000349	The world you see is but one of countless leaves on the World Tree.
10370000348	I'll be waiting up ahead. Follow me when you're ready.
10370000347	Next, I'll show you the truth... Whether you can accept it is up to you.
10370000346	We meet again. Ah, I just couldn't resist stepping in.
10370000345	Religion really can turn people into stubborn fools. But now that you're here, how about you distract them while I sneak over and investigate?
10370000344	Those people from the Holy See are such a pain. They insist this thing is Odin's Relic and won't let me anywhere near it.
10370000343	You finally made it.
10370000342	He doesn't look fine at all... Oh well, let's go see what's up ahead.
10370000341	Go on ahead... to the glowing... place... and help out...
10370000340	Hey, don't push yourself!
10370000339	Ugh, hah, ha! I'm... fine. I can still... keep... going!
10370000338	Thank you, adventurer!
10370000337	Yes
10370000336	My colleagues are probably locked in a fierce battle with the monsters in the forest... If you encounter them, could you please help them?
10370000335	All right. You seem like a rather capable Adventurer. Could I ask you a favor?
10370000334	We're here to investigate the Relic! Don't worry about our safety.
10370000333	The Relic lies deep within the forest. Ever since it suddenly appeared, the monsters nearby have been restless. Are you sure you can handle it?
10370000332	I'm here to investigate the Relic.
10370000331	Hello. This area is very dangerous right now, so civilians aren't allowed inside.
10370000330	Farewell, my friend.
10370000329	Please take this necklace. Think of it as a protective charm. It will keep you safe on the journey ahead.
10370000328	My explanation may sound clichéd, but the Nail of Cosmic Law reacted to you just now. That is proof.
10370000327	What I must tell you is that this space-time is on the brink of catastrophe. You are the chosen one, and only you can resolve this crisis.
10370000326	My name is Bragis Skjald. I am a bard.
10370000325	Come see me again... tomorrow. Perhaps it's time you learned more.
10370000324	Rest assured, I am here to help you. I have been searching for you in this world for a very, very long time.
10370000323	I have traveled through many worlds, but this is the first time I've met someone like you who can awaken a 【Nail】.
10370000322	They should have remained asleep, yet your touch awakened them... What a fascinating twist of fate.
10370000321	We meet again, Adventurer from afar. It seems the 【Nail of Cosmic Law】 has taken quite a liking to you.
10370000320	Touch the stone pillar.
10370000319	Go on ahead. Be careful.
10370000318	He studied in Juno for over a decade. He might as well be a foreigner...
10370000317	From Juno? Isn't he from Payon?
10370000316	So it's him. I can't believe the Queen is letting someone from Juno handle this.
10370000315	I'm here on the Professor's behalf.
10370000314	No worries.
260000	Join Adventure Guild
260001	Support Adventure Guild
260002	Create Adventure Guild
260003	Enter an Adventure Guild name
260004	Member Limit: ${1}
260005	Current Preference: ${1}
260006	No Approval Required
260007	Approval Required
260008	Request to Join
260009	Max Adventure Guild applications: <color=${3}>${1}</color>/${2}
260010	LV.${1}
260011	View Declaration
260012	Cancel Application
260013	Support Time Remaining:
260014	Apply to Support
260015	Cancel Support Application
260016	Max support applications: <color=${3}>${1}</color>/${2}
260017	Withdraw Support
260018	Remind to Create
260019	Cancel Support Application
260020	Cancel Recruitment
260021	Establish Adventure Guild
260022	Preview
260023	Profile Card Style
260024	Enter an Adventure Guild name
260025	Enter the Adventure Guild recruitment declaration
260026	Select Adventure Guild tags (up to six)
260027	Complete Creation
260028	After requesting support, you need at least 3 supporting Members before you can create an Adventure Guild
260029	All team Members present when the Adventure Guild is created will become official Members. Anyone outside the team cannot join during creation.
260030	If the Adventure Guild creation process is not started within the support period, the support group will automatically disband
260031	Automatically Approve Support Requests
260032	Responding Members (${1}/${2})
260033	Request List
260034	Disband Adventure Group
260035	Profile
260036	Invite to Party
260037	Remove from Adventure Group
260038	Transfer Leadership
260039	Recruitment Time Remaining:
260040	Disband Adventure Group
260041	Establish Adventure Guild
260042	Cancel Changes
260043	Save edits
260044	Create Adventure Guild
260045	Enter an Adventure Guild name
260046	Enter Text
260047	Create Adventure Guild
260048	Cancel Creation
260049	Confirm Travel
260050	Adventure Group Oath
260051	Please choose an oath method
260052	Tap the left side to record your oath
260053	(Voice recordings can be up to 15 seconds long)
260054	(Tap the left side again to stop recording)
260055	Tap the right side to enter your oath
260056	Confirm Oath
260057	Tap to close
260058	Adventure Group Established
260059	Hang
260060	Watering
260061	View
260062	Adventure Group Evergreen
260063	Care List
260064	Sapling Status
260065	Achieved
260066	Achieved at ${1} Growth
260067	Show
260068	Hide
260069	This Week's Limit: ${1}/${2}
260070	Obtained This Week: ${1}  ${2}/${3}
260071	Adventure Group Sapling
260072	Waterings Today: ${1}/${2}
260073	Waterings: ${1}
260074	Group Chat
260075	Rally
260076	Connect Shop
260077	Adventure Group Level Rewards
260078	Adventure Group reaches Lv. ${1}/${2}
260079	Claim
260080	Claimed
260081	Locked
260082	Quests
260083	Member
260084	Notes
260085	Claim
260086	Go
260087	Complete
260088	Leave Adventure Group
260089	Are you sure you want to leave the Adventure Group?
260090	Profile
260091	Add Friend
260092	Invite to Party
260093	Remove from Adventure Group
260094	Are you sure you want to remove ${1} from the Adventure Group?
260095	Transfer Leadership
260096	Are you sure you want to transfer leadership of the Adventure Group to ${1}?
260097	Adventure Group Members (${1}/${2})
260098	Request List
260099	Created on ${2}/${3}/${1}
260100	View Declaration
260101	Share Recruitment
260102	Edit message
260103	Your current server, [${1}], differs from the Adventure Group's server, [${2}].
260104	Please decide whether to transfer to the Adventure Group's server before ${1}.
260105	Otherwise, you will automatically leave the Adventure Group when time runs out.
260106	Close
260107	Transfer Server
260108	This Member is not on the Adventure Group's server. If they do not transfer to the Adventure Group's server before <color=#EB543A>${1}</color>, <color=#EB543A>they will automatically leave the Adventure Group</color>.
63501	Arena Function unlocks at Lv. ${1}
63502	${2} unlocks when the server reaches Lv. ${1}
63503	{2} unlocks at Lv. ${1}
63504	${1} will unlock at ${2}. Please wait.
63505	This Week's Currency limit has been reached
63506	Matchmaking started
63507	Matchmaking canceled
63508	Due to your unsportsmanlike conduct in this mode, you must wait ${1} before you can start matchmaking
63509	Cannot start matchmaking while in Cross-server mode.
63510	Due to inactivity, you cannot start matchmaking for ${1}.
63511	Cannot start matchmaking while in an instance.
63512	Only the Party Leader can start matchmaking.
63513	Party member ${1}'s current status prevents matchmaking.
63514	Party member ${1} is not Online. Cannot start matchmaking.
63515	Due to ${1}'s unsportsmanlike conduct in this mode, they must wait ${2} before starting matchmaking
63516	Party status changed. Matchmaking ended automatically.
63517	Start Matching: Kafra - Battle of Survivors
63518	Cannot enter Battle of Survivors in raid mode
63519	Party status changed. Matchmaking ended automatically
63520	Battlefield matchmaking is in progress. Changing the Party Leader will stop matchmaking. Continue?
63521	You did not confirm your participation. This match has been canceled.
63522	Party member ${1} did not confirm participation. This match has been canceled.
63523	Quest accepted
63524	The quest has been completed.
63525	Not enough Backpack space. Rewards have been sent by mail.
63526	Level-up successful! Reached ${1}.
63527	Obtained ${1}
63528	That area cannot be reached. Please select another.
63529	Invited to follow
63530	Now following ${1}
63531	Stopped following {1}
63532	${1} declined your invitation to follow.
63533	The battle is still underway. You will be penalized if you leave now. Are you sure?
63534	Your teammates are still fighting and need your encouragement. Continue?
63535	The Safe Zone will shrink in ${1} seconds.
63536	Safe Zone contraction #${1} has begun.
63537	As the seal weakens, monsters emerge into the world.
63538	As the seal is restored, the monsters are drawn back.
63539	A group of uniquely talented individuals has appeared throughout the world. Find them to trigger mysterious events.
63540	${1} defeated ${2}
63541	${1} was eliminated in the raging sandstorm.
63542	${1} quietly left.
63543	You rescued teammate ${1}.
63544	Teammate ${1} rescued you.
63545	You successfully aided ${1}${2} using the Revive Altar.
63546	Teammate ${1} rescued you at the Revive Altar.
63547	You are outside the barrier and continuously taking damage.
63548	The competition has begun!
63549	The final showdown has begun!
63550	${1} just obtained 【${2}】: ${3}
63551	Your Backpack is overweight. You cannot carry any more supplies.
63552	This skill is being cast and cannot be replaced.
63553	Purchase Successful
63554	Not enough ${1} to purchase.
63555	Not enough items in stock to purchase.
63556	Your Backpack is overweight. Unable to purchase.
63557	This skill is already equipped.
63558	Incorrect equipment slot. Unable to equip.
63559	This item is already equipped.
63560	You can only pick up a teammate's ID Tag.
63561	Teammate ${1} left the battlefield. Their ID Tag is no longer valid.
63562	You cannot use skills or move during a rescue.
63563	You were attacked, interrupting the rescue.
63564	The rescue target has been defeated.
63565	The rescue target has been revived.
63566	Target out of range. Rescue failed.
63567	You can only spectate teammates who are still alive!
63568	You're switching too quickly! I can't keep up!
63569	${1} gave you a like.
63570	and above
63571	and below
63572	Hour
63573	Notice
63574	Confirm
63575	Cancel
63576	You cannot switch builds while in Battle Status.
63577	The Totem you picked up matches your current build.
63578	You cannot travel while in Battle Status.
63579	Teammate ${1} declined your rally request.
63580	Cannot be used while in Battle Status.
63581	The Dancer loved your tip and granted you 15 seconds of bonus time.
63582	Your pockets are empty. The Dancer looks down on you.
63583	Sharing Materials reduced the Blacksmith's Craft time for high-tier equipment by 10s.
63584	You cannot discard equipped items while in Battle Status.
63585	You cannot edit skills while in Battle Status.
63586	Normal Attack, Talent Skills, and Derived Skills cannot be edited.
63587	No eligible items found.
63588	I've taken first place ${2} times using 【${1}】, with a longest survival time of ${3}. I'll carry you!
63589	Tap a teammate's Portrait to spectate them. (Spectator Mode will begin automatically in ${1} seconds.)
63590	Equipped gear cannot be discarded during Battle Status
63591	Skill 【${1}】 can be upgraded
63592	Skill upgraded
63593	Using an ID Tag to Revive a teammate
63594	${1} is using an ID Tag to Revive you
63595	This skill cannot be moved or replaced
63596	This slot is reserved for Adventure skills. Skills cannot be inserted manually.
63597	Battlefield Info
63598	Players Remaining
63599	Kills
63600	Assists
63601	Skills cannot be upgraded during combat
63602	You've already reminded this teammate
63603	A participant did not confirm. Matchmaking has been Initiated again.
63604	Evil Eye Messenger
63605	Traveling Merchant
63606	Mysterious Cube
63607	Pirate Treasure
63608	Evil Eye Emissary
63609	Evil Eye Emissary & Blessing of the Gods
63610	Pirate Phantom
63611	${1} invited you to Follow
10370000313	Can I help you? Unauthorized personnel are not allowed near this area.
10370000312	Take the Device
10370000311	Place It in the Device
10370000310	Once that's done, take the device to the stone pillar and attach the wire to ^{1}【the stone pillar】^{2}.
11090000000	Poisoned
11090000001	Bleeding
11090000002	Burn
11090000003	Curse
11090000004	Blind
11090000005	Silence
11090000006	Fear
11090000007	Immobilize
11090000008	Frozen
11090000009	Petrify
11090000010	Paralyze
11090000011	Sleep
11090000012	Stun
11090000013	Slow
11090000014	Damage Sharing
10370000294	Damn it! The Church won't let us near the stone pillar, but they'll let monsters steal our cargo?
10370000293	The worst part is, that cargo contained parts I ordered from Juno... Without them, I can't even start this device.
10370000292	You're here! A caravan was attacked by ^{1}【Baphomet】^{2} the day before yesterday! That beast is now holed up in the nearby forest.
10370000291	Of course!
10370000290	So, will you take it?
10370000289	The Professor really trusts you now. The latest request specifically names you for the job!
10370000288	Not bad, youngster. Thanks to you, the mission to protect the Professor went perfectly.
10340100028	Order Restored to All Cities
10340100027	Primordial Chaos - Ilmata
10340100026	God of Nature - Ilmata
10340100025	Proof of the Hunt · Executioner
10340100024	Proof of the Hunt · Conqueror
10340100023	Proof of the Hunt · Pursuer
10340100022	Proof of the Hunt · Warden
10340100021	Fabre
10340100020	Sohee
10340100019	Roda Frog
10340100018	Lunatic
10340100017	Deviling
10340100016	Whisper
10340100015	Muka
10340100014	Poring
10340100013	Star Crown Orbit
10340100012	Dark Crystal Orbit
10340100011	Frosty Sky Orbit
10340100010	Hunting Emblem · Executioner
10340100009	Hunting Emblem · Conqueror
10340100008	Hunting Emblem · Pursuer
10340100007	Hunting Emblem · Warden
10340100006	Crimson-Black Orbit
10340100005	Crimson Flame Orbit
10340100004	Golden Orbit
10340100003	Blue Ocean Orbit
10340100002	Brown Sun Orbit
10340100001	Violet Moon Orbit
10340100000	Gray Star Orbit
10340000006	Default guild emblem design
10340000005	Unlocked when the guild occupies a provincial capital stronghold in Territory War.\n(The item will be sent to the Guild Leader's mail after occupation. Use it to unlock this.)
10340000004	Unlocked when the guild clears the Nature God Ilmata event on Hard difficulty.\n(The item will be sent to the Guild Leader's mail upon completion. Use it to unlock this.)
10340000003	Unlocked when the guild clears the Nature God Ilmata event on Medium difficulty.\n(The item will be sent to the Guild Leader's mail upon completion. Use it to unlock this.)
10340000002	Unlocked by ranking No. @{1} on the Entire Server in the Hunting Challenge.\n(After clearing the Challenge, the item will be sent to the Guild Master's mail. Use it to unlock this.)
10340000001	Unlocked by ranking between @{1} and @{2} on the Entire Server in the Hunting Challenge.\n(After clearing the Challenge, the item will be sent to the Guild Master's mail. Use it to unlock this.)
10340000000	Default guild emblem background frame
10320000404	Festival Invitation has begun! In @{1} minutes, the System will select ${1} lucky stars from all Online players across the Entire Server. Get Ready!
10320000403	The Gala Invitation will begin in @{1} minutes. Get ready!
10320000402	Epic Battle ${1} difficulty is now available!\nAnswer the summons?
10320000401	The Guild Auction has ended.
10320000400	The Guild Auction has officially begun. Visit the Auction House to place your bids.
10320000399	The Guild Auction will begin at ${1}. Please be prepared.
10320000398	You've been outbid on an item. Please check it now.
10320000397	Our guild successfully cleared ${1} mode of the Nature God Irmata Challenge. After the event ends, please visit the auction to view the Auctioned items.
10320000396	The Nature God Irmata Challenge has come to an end.
10320000395	The challenge against Ilmata, God of Nature, is now open. The Guild Master or Vice Guild Master must initiate the challenge.
10320000394	The challenge against Ilmata, God of Nature, is now open. Guilds can enter through the Guild interface.
10320000393	Quicksand will appear in ${1} seconds! Hide behind a stone pillar so you don't get pulled in!
10320000392	Sandstorm meteors will strike in ${1} seconds! Get behind a stone pillar to avoid taking damage!
10320000391	Maya is summoning quicksand again! Hide behind a stone pillar so you don't get pulled in!
10320000390	Quicksand will strike in ${1} seconds! Hide behind a stone pillar so you don't get pulled in!
10320000389	Prioritize avoiding the charged Bells! They'll explode sooner
10320000388	Focus on the charged Bell and smash it!
10320000387	Moonlight Flower is preparing to select a target. Stay out of the moonlight!
10320000386	A teammate is trapped inside a Bell! Hurry and smash the Bell!
10320000385	Star Shift will strike in ${1} seconds! Keep moving to dodge it!
10320000384	Dark Pulse will be unleashed in ${1} seconds! Use Dark Pulse to destroy the Horongs!
10310100002	Spring Blossom Cart
10310100001	Birchwood Cart
10310100000	Cart Merchant
10270000028	Tier Two
10270000027	Tier One
10270000026	Red
10270000025	Orange
10270000024	Purple
10270000023	Blue
10270000022	Green
10270000021	White
10270000020	Accessory
10270000019	Shoes
10270000018	Cloak
10270000017	Clothes
10270000016	Shield
10270000015	Whip
10270000014	Musical Instrument
10270000013	Book
10270000012	Knuckles
10270000011	Katar
10270000010	Bow
10270000009	Staff
10270000008	Wand
10270000007	Mace
10270000006	Two-Handed Axe
10270000005	One-Handed Axe
10270000004	Two-Handed Spear
10270000003	One-Handed Spear
10270000002	Two-Handed Sword
10270000001	One-Handed Sword
10270000000	Dagger
10220300970	CRIT DMG Reduction Stat
10220300969	CRIT RES Stat
10220300968	CRIT DMG Stat
10220300967	CRIT Stat
10220300966	Unique Effect: CRIT DMG Reduction +${1}%. Each stack grants an Extra ${2}%.
10220300965	Unique Effect: CRIT RES +${1}. Each stack grants an Extra ${2}.
10220300964	Unique Effect: CRIT DMG +${1}%. Each stack grants an Extra ${2}%.
10220300963	Unique Effect: CRIT +${1}. Each stack grants an Extra ${2}.
10220300962	Purple Chance Buff
10220300961	Orange Chance Buff
10220300960	When attacked, has an @{1}% Chance to gain a shield equal to @{2}% of Max Life for @{3} sec. When the shield breaks, generates another shield equal to @{4}% of Max Life for @{5} sec. (Cooldown: @{6} sec.)
10220300959	When taking damage while below @{1}% Life, Physical DEF and Magic DEF increase by Base Lv. * @{2}.
10220300958	Life recovery +@{1}%.
10220300957	When taking damage from a player, HP Recovery increases by @{1}% of Max HP for @{2} sec. Cooldown: @{3} sec.
10220300956	Upon entering combat, Physical DEF and Magic DEF increase by @{1}% for @{2} sec.
10220300955	After dealing Physical damage, has a @{1}% Chance to trigger an Extra hit that deals Physical damage equal to @{2}% Physical ATK. (Cooldown: @{3} sec.)
10220300954	When dealing damage while above @{1}% Life, Physical ATK is treated as being increased by Base Lv. * @{2}.
10220300953	Physical DEF and Magic DEF increased by @{1}%.
10220300952	Physical ATK increased by @{1}%.
10220300951	After a player Kill, Physical ATK increases by @{1}% for @{2} sec. (Cooldown: @{3} sec.)
10220300950	Healing has a @{1}% Chance to trigger an Extra heal equal to @{2}% Magic ATK. (Cooldown: @{3} sec.)
10220300949	Physical damage against targets below @{1}% Life increased by @{2}%.
10220300948	While above @{1}% Life, healing efficiency increased by @{2}%.
10220300947	For every @{1} skills on this Totem, gain @{2}% damage reduction.
10220300946	Maximum Floors of all your defensive buffs increased by @{1}.
10220300945	When healing a player with an ST skill, heals the target and allied units within @{1} meters for an amount equal to (@{2}%) Magic ATK. (Cooldown: @{3} sec.)
10220300944	Healing on targets below @{1}% Life increased by @{2}%.
10220300943	Damage reduction increased by @{1}%. Each Floor of a defensive buff grants an Extra @{2}% damage reduction.
10220300942	For every @{1} skills on this Totem, Physical ATK increases by @{2}.
10220300941	After dealing Magic damage, has a @{1}% Chance to trigger an Extra hit that deals Magic damage equal to @{2}% Magic ATK. (Cooldown: @{3} sec.)
10220300940	For every @{1} skills on this Totem, your Physical ATK increases by @{2}.
10220300939	When dealing damage while above @{1}% Life, Magic ATK is treated as being increased by Base Lv. * @{2}.
10220300938	Maximum Floors of all your Physical damage buffs increased by @{1}.
10220300937	After a player Kill, Magic ATK increased by @{1}%.
10220300936	After a player Kill, Magic ATK increases by @{1}% for @{2} sec. (Cooldown: @{3} sec.)
10220300935	Ranged Physical damage increased by @{1}%. Each Floor of a Physical damage buff grants an Extra @{2}% ranged Physical damage.
10220300934	Magic damage against targets below @{1}% Life increased by @{2}%.
10220300933	Each skill on this Totem increases your healing by @{1}%.
10220300932	Melee Physical damage increased by @{1}%. Each Floor of a Physical damage buff grants an Extra @{2}% melee Physical damage.
10220300931	Maximum Floors of all your healing buffs increased by @{1}.
10220300930	Damage taken reduced by @{1}%.
10220300929	Healing increased by @{1}%. Each Floor of a healing buff grants an Extra @{2}% healing.
10220300928	Unique Effect: When Life falls below @{1}%, gain 【Divine Fortress】, reducing damage taken by @{2}% for @{3} sec. (Cooldown: @{4} sec.)
10220300927	Each skill on this Totem increases your Magic ATK by @{1}.
10220300926	CRIT increases by @{1}, and CRIT DMG increased. @{2}%.
10220300925	Maximum Floors of all your magic buffs increased by @{1}.
10220300924	Unique Effect: Dealing damage has a @{1}% Chance to grant 【Sundering Might】. While 【Sundering Might】 is active, CRIT increases by @{2} and CRIT DMG increased. @{3}%. Duration: @{4} sec. (Cooldown: @{5} sec.)
10220300923	Magic damage increased by @{1}%. Each Floor of a magic damage buff grants an Extra @{2}% Magic damage.
10220300922	Healing buff: Each Floor grants @{1}% Magic ATK.
10220300921	Defensive buff: DEF +@{1}%.
10220300920	Unique Effect: Casting a healing skill grants maximum Floors of the 【Nature's Blessing】 healing buff. Initial limit: @{1} Floors. Duration: @{2} sec. Each Floor increases your Magic ATK by @{3}% for @{4} sec.
10220300919	Unique Effect: Casting a skill or using a Normal Attack grants maximum Floors of the 【Icebound Protection】 defensive buff. Initial limit: @{1} Floors. Duration: @{2} sec. Each Floor increases your DEF by @{3}% and has a @{4}% Chance to Slow enemies that hit you by @{5}% for @{6} sec. (Cooldown: @{7} sec.)
10220300918	Healing buff: Each Floor increases healing efficiency by @{1}%.
10220300917	Defensive buff: Damage reduction +@{1}%.
10220300916	Unique Effect: Casting a skill or using a Normal Attack grants maximum Floors of the 【Divine Message】 healing buff. Initial limit: @{1} Floors. Duration: @{2} sec. Each Floor increases healing by @{3}%.
10220300915	Unique Effect: Casting a skill or using a Normal Attack grants maximum Floors of the 【Divine Protection】 defensive buff. Initial limit: @{1} Floors. Duration: @{2} sec. Each Floor increases your damage reduction by @{3}%.
10220300914	Magic damage buff: Skills mark enemies when dealing damage. Each Floor of 【Magic Mark】 grants @{1}% Magic damage.
10220300913	Physical damage buff: Physical damage +@{1}%.
10220300912	Unique Effect: Casting a skill or using a Normal Attack grants maximum Floors of the 【Magic Mark】 magic damage buff. Initial limit: @{1} Floors. Duration: @{2} sec. While 【Magic Mark】 is active, each Floor increases your Magic damage by @{3}%.
10220300911	Unique Effect: Casting a skill or using a Normal Attack grants maximum Floors of the 【Resolve】 Physical damage buff. Initial limit: @{1} Floors. Duration: @{2} sec. Each Floor increases your Physical damage by @{3}%.
10220300910	Magic damage buff: Each Floor increases Magic ATK by @{1}%.
10220300909	Physical damage buff: Physical ATK +@{1}%.
10220300908	Unique Effect: Casting a skill or using a Normal Attack grants maximum Floors of the 【Arcane Blade】 magic damage buff. Initial limit: @{1} Floors. Duration: @{2} sec. Each Floor increases Magic ATK by @{3}%.
10220300907	Unique Effect: Casting a skill or using a Normal Attack grants maximum Floors of the 【Savage Blade】 Physical damage buff. Initial limit: @{1} Floors. Duration: @{2} sec. Each Floor increases your Physical ATK by @{3}%.
10220300906	Blades. Every @{1} blades increases the number of blades 【Cross Ripper Slasher】 can Launch by +@{2}.
10220300905	【Basic Attack】, 【Sonic Blow】, and 【Envenomed Blade】 percentage-based damage multipliers increased by ${1}%, and flat damage increased by ${2}.
10220300904	【Double Attack】 trigger Chance increased by ${1}%.
10220300903	Each CRIT with 【Advanced Katar Mastery】 now grants ${1} Floors.
10220300902	Learn 【Advanced Katar Mastery】 to gain an Extra ${1} Physical ATK.
10220300901	After casting 【Meteor Assault】, deals Neutral melee Physical damage equal to Physical ATK * ${3}% to up to ${2} enemies within a ${1}-meter radius.
10220300900	【Meteor Assault】's 【Stun】 and 【Darkness】 Chance increased by ${1}%.
10220300899	Increases 【Meteor Assault】 damage by ${1}%.
10220300898	Increases the casting Distance of 【Soul Destroyer】 by ${1} meters. After casting, deals Neutral melee Physical damage equal to Physical ATK × ${4}% to up to ${3} enemies within a ${2}-meter radius of the target.
10220300897	Every third cast of 【Soul Destroyer】 becomes 【Advanced Soul Destroyer】, increasing its damage by ${1}%.
10220300896	Increases 【Soul Destroyer】 damage by ${1}% and reduces variable CT by ${2}%.
10220300895	Increases the Chance of triggering 【Venom】 with 【Deadly Poison】 by ${1}%.
10220300894	Increases the 【Venom】 damage triggered by 【Deadly Poison】 by ${1}%.
10220300893	Increases the Physical ATK granted by 【Deadly Poison】 by ${1}.
10220300892	After using 【Virus Spread】, deals Poison melee Physical damage equal to Physical ATK × ${3}% to up to ${2} enemies within a ${1}-meter radius of the target.
10220300891	After using 【Virus Spread】, deals ${1} Extra hit(s) of Neutral melee Physical damage equal to Physical ATK × ${2}% to one enemy.
10220300890	Increases 【Virus Spread】 damage by ${1}%.
10220300889	When 【Double Attack】 triggers, it also deals Neutral melee Physical damage equal to Physical ATK × ${4}% to up to ${3} enemies within a ${2}-meter radius. Built-in Cooldown: ${1} seconds.
10220300888	For ${1} seconds after using 【Cloaking】, your next attack deals ${2} Extra hits of Neutral melee Physical damage equal to Physical ATK × ${3}% to the enemy.
10220300887	When a dagger or katar is equipped, Physical ATK +${1}.
10220300886	Learning 【Katar Mastery】 and 【Dual-Wield Mastery】 grants ${1} Extra AGI.
10220300885	Reduces the Cooldown of 【Hiding】, 【Back Slide】, and 【Cloaking】 by ${1} seconds.
10220300884	Physical ATK +${1}.
10220300883	For ${1} seconds after using 【Grimtooth】, 【Basic Attack】, 【Sonic Blow】, and 【Envenomed Blade】 damage increases by ${2}%.
10220300882	After using 【Grimtooth】, there is a ${1}% Chance to deal Neutral melee Physical damage equal to Physical ATK × ${4}% to up to ${3} enemies within a ${2}-meter radius of the target. Built-in Cooldown: ${5} seconds.
10220300881	Increases 【Grimtooth】 damage by ${1}%.
10220300880	Grants 【Envenomed Blade】 ${1} Extra ricochet(s).
10220300879	After casting 【Envenomed Blade】 ${1} times, triggers 【Venom】 damage ${2} times on the target.
10220300878	Increases 【Envenomed Blade】 damage by ${1}%.
10220300877	Increases 【Sonic Blow】 damage by ${1}%. Raises the target HP threshold for 【Sonic Blow】's damage increase by ${2}%.
10220300876	After using 【Sonic Blow】, there is a ${1}% Chance to deal Neutral melee Physical damage equal to Physical ATK × ${4}% to up to ${3} enemies within a ${2}-meter radius. Built-in Cooldown: ${5} seconds.
10220300875	Increases 【Sonic Blow】 damage by ${1}%.
10220300874	After using 【Basic Attack】, there is a ${1}% Chance to deal ${2} Extra hits of Neutral melee Physical damage equal to Physical ATK × ${3}% to the enemy. Built-in Cooldown: ${4} seconds.
10220300873	After using 【Basic Attack】, there is a ${1}% Chance to deal Neutral melee Physical damage equal to Physical ATK × ${4}% to up to ${3} enemies within a ${2}-meter radius. Built-in Cooldown: ${5} seconds.
10220300872	Increases 【Basic Attack】 skill damage by ${1}%.
10220300871	Increases your Crit by @{1} for @{2} seconds, up to @{3} stacks.
10220300870	Hidden from players; for designers only
10220300869	Increases your damage dealt by @{1}%
10220300868	After casting Soul Destroyer @{1} times, increases your damage dealt by @{2}% for @{3} seconds
10220300867	Increases your Poison damage by @{1}%
10220300866	Increases your Physical ATK by @{1}. After attacking, there is a @{2}% Chance to inflict 【Venom】 damage on the target, dealing Poison melee Physical damage equal to Physical ATK × @{3}%.
10220300865	After your Basic Attack deals damage, there is a ${1}% Chance to inflict 【Poisoned】 damage on the target, dealing Poison melee Physical damage equal to ${2}% of Physical ATK.
10220300864	When the effect ends, deals Poison melee Physical damage equal to @{3}% of Magic ATK that ignores FLEE to the target and up to @{2} enemies within a @{1}-meter radius, inflicting Poisoned.
10220300863	Increases 【Grimtooth】 damage by @{1}%.
10220300862	When a dagger is equipped, Attack Speed +@{1}% and AGI +@{2}.
10220300861	When a dagger is equipped, Attack Speed +@{1} and AGI +@{2}.
10220300860	Allows 【Sonic Blow】 to trigger its damage increase when the target has less than @{1}% HP, and changes the damage increase to @{2}%.
10220300859	When a katar-type weapon is equipped, Physical ATK +@{1}
10220300858	Immune to 【Poisoned】
10220300857	Movement Speed -@{1}%, AGI -@{2}
10220300856	While 【Cloaking】 is active, you cannot be seen or targeted. You are revealed after taking damage @{1} times or dealing damage.
10220300855	When dual-wielding daggers, Basic Attacks have a @{1}% Chance to deal damage twice (additional skill effect).\nWhen a katar is equipped, gain an Extra @{2}% Crit.
10220300854	Ten Kills in One Step (Indiscriminate Attack)
10220300853	Reduces Healing Volume by @{1}%
10220300852	Increases Healing Volume by @{1}%
10220300851	ATK +@{1}
10220300850	System Buff@{1}
10220300849	Immune to Knockback, Launch, Stun, Freeze, Petrify, Silence, Immobilize, and Blind effects
10220300848	Reduces field of vision
10220300847	Movement Speed -@{1}, up to @{2} stacks
10220300846	Movement Speed +@{1}, up to @{2} stacks
10220300845	Increases Movement Speed by @{1}% and 【Dragon Breath】 damage by @{2}%.
10220300844	After dealing damage, increases your DEF by @{1}%.
10220300843	Draw power from Rune Runes to increase PATK by @{1}% and ASPD by @{2}%, plus an Extra @{3}% HP recover efficiency based on Max HP.
10220300842	Draws power from Rune Runes, increasing Physical ATK by @{1}% and Attack Speed by @{2}%.
10220300841	When you take melee damage, reflects the damage to nearby enemies, dealing Neutral melee Physical damage equal to @{3}% of the damage taken to up to @{2} enemies within a @{1}-meter radius. Built-in Cooldown: @{4} seconds.
10220300840	Increases DEF by @{1}%.
10220300839	When 【Slashing Strike】 hits a target, gain @{1}% Haste.
10220300838	Slowed by @{1}% by 【Sky-Splitting Impact】.
10220300837	Add a sound effect at maximum stacks.
10220300836	Damage taken increased by @{1}%.
10220300835	Physical DEF reduced by @{1}.
10220300834	Attack Speed reduced by @{1}%.
10220300833	Movement Speed reduced by @{1}%.
10220300832	First floor: Movement Speed reduced by @{1}%;\nSecond floor: Attack Speed reduced by @{2}%;\nThird floor: Physical DEF reduced by @{3}%;\nFourth floor: Damage taken increased by @{4}%.
10220300831	Immune to Slow. Increases ST Normal Attack damage by @{1}% and Spiral Pierce damage by @{2}%.
10220300830	Parries enemy attacks, increasing Physical and Magic DEF by @{1}. Auto Counters when taking melee Physical damage.
10220300829	Endure. Increases HIT by @{1} and Physical ATK by @{2}, but reduces Physical DEF by @{3}.
10220300828	Restores a total of @{2} Life over @{1} seconds.
10220300827	Head Crush Slow.
10220300826	Increases Basic Attack damage by @{1}%.
10220300825	Sword familiarity increases HIT by @{1} and Attack Speed by @{2}% when using sword-type weapons.
10220300824	Spear specialization increases Physical damage by @{1}% and Crit Chance by @{2}% when using Spear-type weapons.
10220300823	Spear proficiency increases Physical ATK by @{1} when using Spear-type weapons.
10220300822	Attack Speed increased by ${1}%.
10220300821	Mastery of riding increases Movement Speed by @{1}%.
10220300820	When hit by a melee Physical Attack, unleash a spectacular Auto Counter!
10220300819	Sword proficiency increases Physical ATK by @{1} when using sword-type weapons.
10220300818	Physical DEF increased by ${1}.
10220300817	【Bash】 damage increased by @{1}%.
10220300816	Increases Physical and Magic DEF by ${1}.
10220300815	Ghost damage dealt increased by ^{1}@{1}%^{2}, 【Soul Burst】 Cooldown reduced by ^{3}@{2}%^{4}, and 【Psychokinetic Orb】 gains an Extra ^{5}@{3}^{6} floors per second.
10220300814	Void Rift
10220300813	Healing Reduction
10220300812	Magic Release
10220300811	Flowing Shadow Floors
10220300810	Movement Speed reduced by @{1}%.
10220300809	Movement Speed increased by @{1}%.
10220300808	Movement Speed increased by @{1}% and Slow Resistance increased by @{2}.
10220300807	Each floor grants a ^{1}【Shield】^{2} equal to @{1}% of Max Life.
10220300806	【Dark Night】 floors
10220300805	Damage taken from monsters reduced by @{1}% and damage taken from players reduced by @{2}%.
10220300804	【Holy Spirit Surge】 becomes 【Evil Spirit Possession】. When activated, you enter the 【Embrace of Sin】 state, raising a cross behind you that launches a coordinated attack whenever you deal damage. (Cooldown: @{1}s)\nWhen the coordinated attack scores a HIT, a wisp of 【Will】 flies back and restores charge to 【Stigmata】.
10220300803	【Stigma】 becomes 【Black Feather Burst】, with enhanced visuals and damage. When 【Black Feather Burst】 has two charges, it becomes Enhanced. Casting it consumes both charges at once and deals skill damage twice, with the second hit covering a larger area. 【Divine Retribution】 becomes 【Demonic Judgment】. After it is cast, 【Black Feather Burst】 is automatically cast at the target's location.
10220300802	After casting 【Enlightenment】, gain one floor. Upon reaching @{1} floors, the next 【Enlightenment】 causes all targets hit to take damage again and increases your Movement Speed.\nThe Extra damage sends a wisp of 【Will】 flying back, restoring one charge of 【Stigma】.
10220300801	【Judex】transforms into 【Enlightenment】, gaining enhanced visuals and increased damage. When cast, it deals one instance of Extra ST damage to up to @{2} enemies within @{1} meters of the target.\n【Second Holy Light】transforms into 【Interwoven Light and Shadow】 and has a Chance to be triggered by the initial hit of 【Enlightenment】, dealing Physical or Magic damage. While in 【Divine Stance】, the trigger Chance becomes @{3}%.
10220300800	【Brilliant Holy Light】can be Enhanced into 【Angel Incarnate】, reducing its Cooldown. Upon casting, transform into an Angel of Divine Light and convert Highness Heal into 【Manifestation】 for @{1}s. During this time, gain damage reduction and bonus Move SPD, float, and cast while moving.
10220300799	For @{1}s after casting [Radiant Holy Light], Manifestation shatters Orbit. During this time, the next @{2} casts of Highness Heal summon translucent petals, restoring Life to allies within @{3}m of you.
10220300798	Every @{1} casts, Highness Heal will Level-up into 【Manifestation】. When cast, it manifests a shattered Orbit and chains once to up to @{3} allies within @{2} meters of the target. If a chained target is a party Member, they receive Extra healing.
10220300797	When Highness Heal HITs an allied target, it triggers 【Equal Blessing】, chaining to @{2} targets within @{1} meters of the target. If a chained target is a party Member, they receive Extra healing.
10220300796	DMG taken from the caster +${1}%. When taking damage from 【Soul Expansion】 or 【Voice of the Soul】, triggers @{1} instances of Ghost Ranged Magic damage equal to MATK * ^{1}${3}%^{2} within a ${2}-meter radius. Can trigger up to @{2} times every ${4} seconds.
10220300795	Enhance the next 【Crimson Rock】, 【Jack Frost】, 【Thunderclap】, or 【Earth Strain】, adding Ranged Magic damage equal to MATK * ^{1}${1}%^{2} of the corresponding Element. The Chance to trigger ^{3}^{4}Meteor^{5}^{6}, ^{7}^{8}Frozen^{9}^{10}, ^{11}^{12}Petrify^{13}^{14}, or ^{15}^{16}Stun^{17}^{18} increases to ^{19}${2}%^{20}.
10220300794	Kill an enemy to refresh the Cooldown.
10220300793	Damage dealt increased by @{1}%.
10220300792	【Shadow Pierce】 also grants one floor of 【Delusion】 for @{1} seconds. 【Delusion】: Killing an enemy in this state immediately refreshes @{2}% of 【Shadow Pierce】's Cooldown.
10220300791	The shadow left behind by 【Move Back Afterimage】 mimics your 【Shadow Pierce】.
10220300790	Using 【Shadow Command】, 【Thousand Shadows】, or 【Circling Shadow】 grants 【Shadow Chain】 for @{1} sec, stacking up to @{2} times. While 【Shadow Chain】 is active, damage dealt increases by @{3}% per stack.
10220300789	Increases the effect radius of 【Shadow Ward】, 【Myriad Shadows】, and 【Circling Shadow】 by @{1} meters and their skill damage multiplier by @{2}%.
10220300788	Movement Speed increased by @{1}%.
10220300787	Checks the target's status before damage is dealt and increases the damage.
10220300786	For designers
10220300785	Movement Speed increased by @{1}% and Slow Resistance increased by @{2}.
10220300784	Checks the target's status before damage is dealt and increases the damage.
10220300783	While in 【Frenzy】, immediately gains @{1} floors of Enhance Hundred Spear charge.
10220300782	Using skills or Normal Attacks deals Extra damage to nearby enemies.
10220300781	While active, 【Warg Strike】, 【Warg Bite】, and 【Warg Hunt】 Summon Extra warg companions that deal ${1}% more Physical damage to non-player enemies.
10220300780	Physical ATK increased by @{1}%, and 【Aimed Shot】 skill damage multiplier increased by @{2}%.
10220300779	Number of skill casts
10220300778	Damage taken from monsters reduced by @{1}%, and Physical and Magic DEF increased by @{2}%.
10220300777	Movement Speed reduced by @{1}%.
10220300776	Grants a shield equal to @{1}% of damage taken during King's Grace.
10220300775	Shield equal to Max HP * @{1}%
10220300774	Each floor reduces Movement Speed by @{1}%.
10220300773	Each stack increases MSPD by ${1}%.
10220300772	Each stack increases ATK by ${2}%.
10220300771	A vocal part gained from the Song of Suffering. Lasts ${1} seconds and stacks up to ${2} floors. Each floor adds one phrase launched by a Sacrament.
10220300770	Increases Holy damage dealt by @{1}%.
10220300769	A faint hum produced by the Song of Suffering. Lasts @{1} seconds and stacks up to @{2} floors.
10220300768	Enveloped by Sacred Chorus Musical Notes, gaining a damage-absorbing Shield.
10220300767	Surrounded by Psalms, granting a universal damage absorption shield.
10220300766	Stacks up to ${1} times.
10220300765	Marked by Harmony. Triggers healing when the source casts Highness Heal.
10220300764	Green Marker
10220300763	Locks Life at @{1}%
10220300762	Immune to damage from Beat Cage.
10220300761	Cannot obtain notes right now
10220300760	Carry the aura of a green note to dissolve the matching note
10220300759	Carry the aura of a yellow note to dissolve the matching note
10220300758	Carry the aura of a blue note to dissolve the matching note
10220300757	Carry the aura of a red note to dissolve the matching note
10220300756	Tap for Interaction with the rhythm circle
10220300755	Gain a @{1}% Movement Speed and damage bonus
10220300754	Dance Move Left
10220300753	Dance Move Right
10220300752	Dance Move Backward
10220300751	Dance Move Forward
10220300750	When you are at least @{1} meters from the Link target, you are afflicted with a Curse that Deals DMG to allies within a @{2}-meter radius.
10220300749	Movement Speed +@{1}%. Touch a green bubble to gain a damage bonus.
10220300748	Movement Speed +@{1}%. Touch a blue bubble to gain a damage bonus.
10220300747	Movement Speed +@{1}%. Touch a yellow bubble to gain a damage bonus.
10220300746	Damage +@{1}%. Stacks.
10220300745	Movement Speed +@{1}%. Touch a red bubble to gain a damage bonus.
10220300744	Transform into a Mummy and reduce Movement Speed by @{1}%
10220300743	Pharaoh AoE marker
10220300742	Interrupt current skill and enter the enraged phase
10220300741	Coffin uses skill @{1}
10220300740	Detect ally—add derived skill
10220300739	Entangled in the Pharaoh's burial shroud and Cannot move
10220300738	Coffin uses skill
10220300737	Coffin Summoned marker
10220300736	Overconcentration increases damage taken by @{1}%.
10220300735	At @{1} stacks, inflicts Petrify
10220300734	Use a dungeon Revive attempt to cancel Transform
10220300733	(No Translation Required)
10220300732	Transform: Poring cannot be attacked
10220300731	Determine whether it is protected by a shield; hide later
10220300730	Looping VFX for the stone blade left on the ground
10220300729	AOE released when the shield ends
10220300728	The boss's shield, used to block the flying blades launched by the boss
10220300727	Blocks @{1}% of the damage from Giant Blade Slash.
10220300726	Greatsword effect on the ground
10220300725	You picked up the Orc's prized blade. Face the boss and use the skill.
10220300724	Full-screen Shield AoE
10220300723	Check for teammates within 5 meters, then Launch your Kunai at them to deal damage.
10220300722	Dungeon matchmaking decline penalty I: Cannot join dungeon matchmaking for @{1} sec.
10220300721	Movement Speed -@{1}%
10220300720	Enchant Carapace Shield, Damage Reduction
10220300719	Burrows underground, becoming immune to damage and Debuffs.
10220300718	Attack Speed +@{1}%.
10220300717	Damage Reduction +^{1}${6}%^{2}.
10220300716	Damage Reduction +^{1}${5}%^{2}.
10220300715	Damage Reduction +^{1}${4}%^{2}.
10220300714	Damage Reduction +^{1}${3}%^{2}.
10220300713	Damage Reduction +^{1}${2}%^{2}.
10220300712	Damage taken -^{1}${1}%^{2}.
10220300711	Water damage taken -^{1}${1}%^{2}.
10220300710	Duration of control Protector skills +^{1}${1}^{2} sec.
10220300709	Damage dealt by the Prismatic Earth Dragon -^{1}${1}%^{2}.
10220300708	When a damage/control Protector skill deals damage, adds ${2} hit(s) of ^{1}${3}%^{2} Fire melee Physical damage.
10220300707	When a damage/control Protector skill deals damage, adds ${1} hit(s) of ^{1}${2}%^{2} Fire melee Physical damage.
10220300706	Damage Reduction +^{1}${1}%^{2}.
10220300705	Physical/Magic ATK -^{1}${1}%^{2}.
10220300704	Increases the maximum number of targets for Debuff/control Protector skills by ^{1}${1}^{2} and increases their Cooldown by ^{3}${2}^{4} sec.
10220300703	Physical/Magic ATK +^{1}${1}%^{2}.
10220300702	When a shield or control-immunity Protector skill is used, grants [Endure] to up to ${2} allies within a ${1}-meter radius of the master for ${3} sec.
10220300701	HP Lock effect's internal Cooldown.
10220300700	Physical/Magic DEF +^{1}${1}%^{2}.
10220300699	When any Protector skill is used, grants the master [Divine Hope] (Physical/Magic DEF +^{1}${1}%^{2}) for ${2}% sec.
10220300698	Life cannot fall below ^{1}${1}%^{2}.
64000	Build ${1}
64001	You are switching Skill Builds too frequently. Please try again later.
64002	Presets cannot be switched during combat
64003	Plan [${1}] Activated
64004	New presets are blank and must be configured manually
64005	This item is used in a preset. Dismantle it anyway?
64006	This item is used in a preset. Sell it anyway?
64007	Rename Preset
64008	Enter up to 8 characters
64009	Nothing Selected
64010	Select a Skill Build in the upper-right corner
64011	Go
64012	Select a Stat Build in the upper-right corner
64013	Select an Equipment Preset in the upper-right corner
64014	Select a Card Preset in the upper-right corner
64015	Select a Divine Arts Totem Preset in the upper-right corner
64016	Select a Soul Echo Preset in the upper-right corner
64017	Select a Pet Preset in the upper-right corner
64018	Applying Preset
64019	Apply Preset
64020	Save Preset
64021	Current Preset saved
64022	Current Preset saved and applied
64023	Current Preset has not been saved. Continue?
64024	Training Ground
64025	Novice
64026	Upgrade
64027	Stat Priorities
64028	Recommended Affixes
64029	Recommended Stunts
64030	Recommended Skills
64031	Function not yet unlocked
64032	Advisor
64033	Preset Name
64034	Power
64035	Build Details
64036	Delete
64037	Configuring Preset
64038	Expired
64039	Expired
64040	Delete this build preset?
64041	This preset is being configured and cannot be viewed
64042	This preset is being configured. Delete it?
64043	This preset is invalid and cannot be viewed. We recommend deleting it
64044	This preset has expired and cannot be viewed. We recommend deleting it
64045	Get Help from Others
64046	Share to Get Help
64047	Get Help Outside the Game
64048	Generate Get Help Code
64049	Copy
64050	Suggestions from Others
64051	Quick Apply
64052	Select a Replacement Build Preset
64053	New Build Preset
64054	Confirm Replacement
64055	You no longer own some items in the recommended preset. Replace personal preset ${1} with the recommended preset:
10220300697	Physical/Magic ATK and DEF -^{1}${1}%^{2}, Attack Speed -^{3}${2}%^{4}, and Movement Speed -^{5}${3}%^{6}
10220300696	Movement Speed -^{1}${1}%^{2}
64058	Player Requesting Help
64059	My Build
64060	Enter Get Help Code
64061	Help Configure Build
64062	Tap to Preset Skills
64063	Tap to Preset Attributes
64064	Tap to select equipment
64065	Tap to select cards
64066	Tap to Select a Pet
64067	Tap to Select a Divine Totem
64068	Tap to Select a Soul Echo
64069	<color=#97E553> ${1} </color>Expired
64070	Submit Build
64071	Submit this build? It cannot be modified after submission.
64072	Skill Build
64073	Stat Build
64074	Select Equipment
64075	Select Cards
64076	Select Pets
64077	Select Divine Totems
64078	Select Soul Echoes
64079	Filter
64080	Filtering
64081	Enter the Training Grounds?
64082	Solo Training
64083	Party Training
64084	You must leave your party to enter Solo Training.
64085	Only the Party Leader can invite the party to Party Training.
64086	Faction Settings
64087	Enemy Team
64088	Ally
64089	Type Settings
64090	Monster
64091	Player
64092	Dummy Faction switched to Ally.
64093	Dummy Faction switched to Enemy.
64094	Dummy type switched to Monster.
64095	Dummy type switched to Player.
64096	Damage tracking Paused.
64097	Damage tracking resumed.
64098	Damage data cleared.
64099	Replace Personal Build ${1} with the recommended build?
64100	Your selected build has not been saved. Exit anyway?
64101	You no longer own some items in the recommended build. Replace the selected System build with the recommended build?
64102	Items you no longer own were automatically removed from the build.
64103	Stat Overview
64104	The preset name cannot be empty
64105	Not Configured
64106	${1} List
64107	Get Help code Copied.
64108	Personal build replaced.
64109	System build replaced.
64110	You must be in a party to enter Party Training.
64111	Some System builds have not been selected for Personal Build ${1}. Recommend only the selected System builds?
64112	Please select a linked System build first.
64113	Unable to submit. The submission countdown has ended.
64114	You must link a System build before replacing it.
64115	Select an original build on the left.
64116	Tap to enter a build name
64117	Tap to enter a build description
64118	Start
64119	Pause
64120	Refresh
64121	A new scenario has begun. Your Skill Build and Soul Echo build have been reset. Please configure them again.
64122	Playstyle Build
64123	Auto-Assign
64124	Recommended Stats
64125	No playstyle builds available. Use Get Help to obtain one from another player.
64126	No playstyle builds available. Create a build for another player to obtain one.
64127	No suitable equipment available.
64128	${1} is currently used in a build. Use it for synthesis anyway?
64129	The requester deleted their Get Help request. Unable to submit.
64130	${1}/<color=#e5dcc1>${2}</color>
64131	Current DPS Record <color=#c27b47>${1}</color>
64132	Reach <color=#63a22b>${1}</color> DPS
64133	Class Ranking: <color=#e5dcc1>${1}</color>
64134	Overall Ranking: <color=#e5dcc1>${1}</color>
64135	Challenge Complete
64136	Total DMG
64137	Current Battle Data
64138	DPS
64139	Rewards
64140	Ranking
64141	Dummy Settings
64142	Confirm
64143	All challenges completed.
64144	Clearing Rewards
64145	Tap to Begin the Challenge
64146	Reach the next DPS target in Challenge Mode to earn the following rewards:
64147	More
64148	Challenge DPS
64149	Challenge
64150	Ranking
64151	Build
64152	Claimed
64153	Not Reached
64154	Claim
64155	Reset
64156	Exit
64157	Claim All
64158	Dummy
64159	Challenge Mode
64160	Take part in the <color=#ff993f>Dummy Challenge</color> and push your limit to earn rewards.
64161	Participate Now
64162	Maximum DPS
64163	Ranking
64164	Confirm Exit
64165	Try different skill combinations and learn class synergies
64166	Party Training: Build team coordination
64167	Extreme Challenge: Strive to become the Best Attacker
64168	Dummy Challenge
64169	Challenge Again
64170	Extreme Challenge
64171	Select Mode
64172	Start Challenge
64173	Please select a Talent Plan in the upper-right corner
64174	Tap to Preset Talents
64175	This class has no class talents
64176	Suggested Resonance
64177	Suggested Talents
64178	Level Req: ${1}
10220300695	On HIT, ^{1}${1}%^{2} Chance to reduce the enemy target's Movement Speed by ^{3}${2}%^{4}
10220300694	Physical/Magic DEF -^{1}${1}%^{2}
10220300693	Physical/Magic DEF +^{1}${1}%^{2}
10220300692	Shield equal to ^{1}${1}%^{2} of Max Life
10220300691	Debuff Immunity
10220300690	Magic ATK +^{1}${1}%^{2}
10220300689	Damage Taken -^{1}${1}%^{2}
10220300688	Grants a shield to allies within the area every second
10220300687	All-attribute damage taken reduced by ^{1}${1}%^{2}
10220300686	Damage taken from all elements is reduced by ^{1}${1}%^{2}. When hit, deals ^{3}${2}%^{4} ATK damage to enemies within @{1} meters.
10220300685	Damage taken from all attributes is reduced by ^{1}${3}%^{2}. Every ${2} sec, deals ^{3}${1}%^{4} ATK damage to enemies within @{1} meters.
10220300684	Shield equal to ^{1}${1}%^{2} of Max Life
10220300683	Ranged Damage +^{1}${1}%^{2}
10220300682	Ranged Damage Taken +^{1}${1}%^{2}
10220300681	Damage increased by ^{1}${1}%^{2}
10220300680	P.ATK and M.ATK reduced by ^{1}${1}%^{2}
10220300679	Offensive/Recovery Master Protection skills can be used while under crowd control.
10220300678	Cannot be seen or targeted. Revealed after taking damage @{1} times or dealing damage.
10220300677	Movement Speed increases by ^{1}${1}%^{2}
10220300676	Reduces Attack Speed by XX%
10220300675	Reduces Move Speed by ${1}%.
10220300674	When a shield/buff-type protection skill is cast, the master recovers *value description* Life upon taking damage (internal cooldown: @{1} seconds) for x seconds.
10220300673	Restores ${1} Life per second.
10220300672	Detects nearby invisible enemies.
10220300671	Reveals hidden enemies within a ${1}-meter radius.
10220300670	Increases Physical DEF by ${1}% and Magic DEF by ${2}%.
10220300669	Each time you take damage, Physical DEF increases by ${1}% and Magic DEF by ${2}%. Stacks up to ${3} times and lasts ${4} seconds.
10220300668	Physical ATK increases by ${1}% for ${2} seconds.
10220300667	PATK increased
10220300666	When a Debuff/Control-type protection skill scores a HIT, the enemy takes Extra *specified* damage when hit for @{1} sec. (internal CD: @{2} sec.)
10220300665	When dealing damage, deals ${1}% of the higher of Physical ATK and Magic ATK as Extra Neutral melee damage, with a ${2}% Chance to inflict Stun for ${3} sec. (internal cooldown: ${4} sec.).
10220300664	Movement Speed decreases by ${1}%.
10220300663	The shield granted by the Ancient Tree absorbs damage equal to ${1}% of Max Life.
10220300662	For every @{1}% Life lost, damage dealt increases by ${1}%.
10220300661	Physical/Magic DEF decreases by @{1}%.
10220300660	Cast Time increased by @{1}, MP Cost increased by @{2}%.
10220300659	Cast Speed decreases by @{1}.
10220300658	Fire damage taken +@{1}%.
10220300657	Triggers Fire Damage when dealing damage.
10220300656	Healing and healing received decrease by @{1}%, and Crit Resistance decreases by @{2}%.
10220300655	Healing and healing received are reduced by @{1}%.
10220300654	Physical DEF decreases by ${1}%.
10220300653	Movement Speed decreases by ${1}%, and Physical and Magic ATK decrease by ${2}%.
10220300652	Movement Speed increases by ${1}%, and Physical and Magic ATK increase by ${2}%.
10220300651	Crit Chance increases by ${1}.
10220300650	Physical and Magic DEF decreased.
10220300649	Physical and Magic DEF reduced by ${1}%.
10220300648	Physical ATK and Magic ATK reduced by ${1}%.
10220300647	Reduces damage taken from players' Normal Attack skills by ${1}%.
10220300646	Shield: Absorbs total damage equal to ${1}% of your Magic ATK.
10220300645	A shield granted by Sohee absorbs damage equal to ${1}% of Max Life. While the shield is active, damage taken is reduced by ${2}%.
10220300644	Movement Speed is reduced by @{1}%.
10220300643	Physical and Magic DEF increase by @{1}%.
10220300642	When you Kill an enemy, cast [Curse of Malice] at the target's location.
10220300641	Gain ${1}% Lifesteal; Normal Attacks trigger Extra damage, dealing damage equal to a Normal Attack to up to @{2} enemies within @{1} meters of the target.
10220300640	Attack Speed +${1}%
10220300639	Buff duration extended by ${1} sec.
10220300638	Physical ATK and Magic ATK +${6}%
10220300637	Physical ATK and Magic ATK increase by ${5}%
10220300636	Physical ATK and Magic ATK +${4}%
10220300635	Physical ATK and Magic ATK +${3}%
10220300634	Physical ATK and Magic ATK increase by ${2}%
10220300633	Physical ATK and Magic ATK +${1}%
10220300632	Physical/Magic DEF decreases by @{1}%
10220300631	Shield duration is extended by ${1} sec.
10220300630	Reduces Ranged Physical damage taken by ${2}% for ${3} seconds.
10220300629	Grants a shield equal to ${1}% of the user's Life, reducing ranged Physical damage taken by ${2}% for ${3} seconds.
10220300628	Increases the CRIT of offensive pet active skills by ${1}%.
10220300627	Increases damage dealt by ${1}%.
10220300626	Increases damage taken by @{1}%
10220300625	Increases damage dealt by ^{1}${1}%^{2}.
10220300624	Increases melee damage dealt by ^{1}${1}%^{2}.
10220300623	Increases damage dealt by ${1}% for ${2} seconds.
10220300622	Triggers Call Thunder Lv. @{1}
10220300621	For @{1}s, hitting a marked enemy grants @{2} stacks of increased damage
10220300620	Grants Call Thunder buff Lv. @{1}
10220300619	Increases the next instance of damage taken by ${1}%.
10220300618	Increases the next instance of damage dealt by ${1}%.
10220300617	Popo's Bubble Shield.
10220300616	Granted by Popo. Increases this unit's DEF.
10220300615	Popo's Bubble Shield for its master.
10220300614	Increases Cast Speed by @{1}
10220300613	Increases Movement Speed by @{1}%.
10220300612	If Physical ATK is higher than Magic ATK, attacks deal Physical damage. If Magic ATK is higher, attacks deal Magic damage.
10220300611	Uses the higher of Physical ATK and Magic ATK when calculating ATK.
10220300610	Increases Attack Speed. Normal Attacks have a Chance to trigger Cursed Slash.
10220300609	Inflicted by Baphomet Jr. Reduces this unit's Movement Speed.
10220300608	Inflicted by the Fox Fairy. Reduces this unit's Wind damage dealt by ^{1}${1}%^{2}.
10220300607	Granted by the Fox Fairy. Increases damage dealt by ^{1}${1}%^{2}.
10220300606	Granted by Angel Popo. Increases this unit's healing received.
10220300605	Nearby allies recover continuously.
10220300604	Inflicted by Evilheart Hunter Eve. Reduces Physical DEF and Magic DEF by ^{1}${1}%^{2}.
10220300603	A shield granted by Little Isis. Increases DEF while the shield is active.
10220300602	Increases the target's Physical DEF and Magic DEF by ^{1}${1}%^{2}.
10220300601	Reduces Movement Speed by @{1}% and increases damage taken from all elements by @{2}%.
10220300600	Reduces Movement Speed by @{1}% and damage dealt by @{2}%.
10220300599	Increases damage taken from all elements by @{1}%.
10220300598	Increases damage dealt with all elements by @{1}%.
10220300597	Granted by Alio. This unit's attacks gain the Surgical Mark effect.
10220300596	Inflicted by the Death Witch. Reduces this unit's Magic DEF and healing received.
10220300595	Damages all allies within a @{2}-meter radius every @{1} seconds for @{3} seconds
10220300594	Enters Blind status
10220300593	Orc Lord's Basic Attack deals area damage
10220300592	Reduces Attack Speed by @{1}%
10220300591	Locks HP at the fixed value @{1}
10220300590	Movement Speed Increase When Out of Combat
10220300589	Hitstun
10220300588	Vines created by Mandragora attacks destroy themselves
10220300587	Resets all skills upon leaving combat
10220300586	Take damage once every @{1} seconds.
10220300585	Creates a Dark Field underfoot after @{1} seconds
10220300584	Takes damage every @{1} seconds. Each stack reduces Healing Volume received by @{2}%
10220300583	Cannot move or attack
10220300582	Applies Petrify at @{1} stacks
10220300581	Reduces Movement Speed by @{1}% and continuously damages nearby enemies
10220300580	ATK Speed reduced by @{1}%
10220300579	Enters Delusion, greatly increasing ATK and Attack Speed, but also increasing damage taken
10220300578	Hidden and cannot be seen or targeted\nRevealed after taking damage @{1} times
10220300577	Creates a Light Field underfoot after @{1} seconds
10220300576	Takes damage every @{1} seconds. Each stack reduces damage dealt by @{2}%
10220300575	Knockback Immunity
10220300574	Training Dummy Auto-Recovery
10220300573	Increases damage reduction from Demi-Human monsters by ${1}%~${2}%
10220300572	Increases damage to Demi-Human monsters by ${1}%~${2}%
10220300571	Increases damage reduction from Medium Monsters by ${1}%~${2}%
10220300570	Increases Increased Damage to Medium Monsters by ${1}%~${2}%
10220300569	Increases Magic DEF by ${1}~${2}
10220300568	Increases Physical DEF by ${1}~${2}
10220300567	Increases Life by ${1}~${2} when used
10220300566	Increases Magic ATK by ${1}~${2}
10220300565	Increases Physical ATK by ${1}~${2}
10220300564	Restores @{1} HP to self per second.
10220300563	Poring's bubble shield for its master.
10220300562	^{1}^{2}【Mystical Amplification】^{3}^{4} grants ^{5}${1}^{6} Extra MATK.
10220300561	Increases Magic ATK by ^{1}${1}^{2}.
10220300560	When ^{1}^{2}【Gravitation Field】^{3}^{4} ends, inflicts ^{7}^{8}【Immobilize】^{9}^{10} on enemies in the area for ^{5}${1}^{6} seconds.
10220300559	After using ^{1}^{2}【Gravitation Field】^{3}^{4}, trigger 【Spatial Distortion】 @{1} times, dealing Ghost Ranged Magic damage equal to MATK * ^{9}${3}% + ${4}^{10} to up to ^{7}${2}^{8} enemies within a ^{5}${1}^{6}-meter radius. Has a ^{11}${5}%^{12} Chance to inflict 【Slow】 for ^{13}${6}^{14} seconds, reducing the target's MSPD by ^{15}${7}%^{16}.
10220300558	^{1}^{2}【Gravitation Field】^{3}^{4} DMG multiplier +^{5}${1}%^{6} and fixed skill damage +^{7}${2}^{8}.
10220300557	Each stack grants ^{1}${1}^{2} MATK, up to ^{3}${2}^{4} stacks.
10220300556	Increases magic damage dealt by ^{1}${1}%^{2}.
10220300555	When ^{1}^{2}【Soul Drain】^{3}^{4} scores a Kill, gain ^{5}${1}^{6} MATK, up to ^{7}${2}^{8}. The amount gained is doubled when you Kill Players. Resets upon death, switching Locations, or going offline.
10220300554	Increases Wind/Earth/Water/Fire/Neutral/Ghost damage dealt by ^{1}${1}%^{2}.
10220300553	^{1}^{2}【Mystical Amplification】^{3}^{4} grants ^{5}${1}^{6} Extra Cast Speed.
10220300552	For each enemy hit by ^{1}^{2}【Napalm Vulcan】^{3}^{4}, its DMG Bonus increases by ^{5}${1}%^{6}, up to ^{7}${2}%^{8}, for every @{1} enemy hit.
10220300551	After casting ^{3}^{4}【Magic Crasher】^{5}^{6} ^{1}${1}^{2} times, the next @{1} casts of ^{7}^{8}【Magic Crasher】^{9}^{10} gain a ^{11}${2}%^{12} skill damage multiplier and ^{13}${3}^{14} fixed damage.
10220300550	^{1}^{2}【Magic Crasher】^{3}^{4} and ^{5}^{6}【Napalm Vulcan】^{7}^{8} gain a ^{9}${1}%^{10} skill damage multiplier and ^{11}${2}^{12} fixed damage.
10220300549	For each enemy hit by ^{1}^{2}【Lord of Vermilion】^{3}^{4}, its DMG Bonus increases by ^{5}${1}%^{6}, up to ^{7}${2}%^{8}, for every @{1} enemy hit.
10220300548	After using ^{1}^{2}【Storm Gust】^{3}^{4}, immediately triggers 【Frost Explosion】 @{1} times, dealing Water Ranged Magic damage equal to MATK*^{9}${3}%+${4}^{10} to up to ^{7}${2}^{8} enemies within a ^{5}${1}^{6}-meter radius, with a ^{11}${5}%^{12} Chance to inflict ^{13}^{14}【Frozen】^{15}^{16} for ^{17}${6}^{18} seconds.
10220300547	^{1}^{2}【Storm Gust】^{3}^{4} gains a ^{5}${1}%^{6} skill damage multiplier and ^{7}${2}^{8} fixed damage; ^{9}^{10}【Lord of Vermilion】^{11}^{12} gains a ^{13}${3}%^{14} skill damage multiplier and ^{15}${4}^{16} fixed damage.
10220300546	After using ^{1}^{2}【Heaven's Drive】^{3}^{4}, the next ^{5}^{6}【Meteor Storm】^{7}^{8} used within ${1} seconds creates an 【Ember Zone】 lasting ^{9}${2}^{10} seconds. Every ^{11}${3}^{12} seconds, it deals Fire Ranged Magic damage equal to MATK*^{15}${5}%+${6}^{16} to up to ^{13}${4}^{14} enemies within the area.
10220300545	After using ^{1}^{2}【Meteor Storm】^{3}^{4}, immediately triggers 【Fire Explosion】 @{1} times, dealing Fire Ranged Magic damage equal to MATK*^{9}${3}%+${4}^{10} to up to ^{7}${2}^{8} enemies within a ^{5}${1}^{6}-meter radius.
10220300544	^{1}^{2}【Meteor Storm】^{3}^{4} gains a ^{5}${1}%^{6} skill damage multiplier and ^{7}${2}^{8} fixed damage; ^{9}^{10}【Heaven's Drive】^{11}^{12} gains a ^{13}${3}%^{14} skill damage multiplier and ^{15}${4}^{16} fixed damage.
10220300543	When ^{1}^{2}【Jupitel Thunder】^{3}^{4} hits, it triggers 【Thunderbolt】, dealing Wind Ranged Magic damage equal to MATK*^{5}${1}%+${2}^{6} to the target.
10220300542	^{1}^{2}【Frost Nova】^{3}^{4}'s area increases to ^{5}${1}^{6} meters and triggers 【Ice Spike】 @{1} times on all targets hit, dealing Water Ranged Magic damage equal to MATK*^{7}${2}%+${3}^{8}. Hitting enemies affected by ^{9}^{10}【Frozen】^{11}^{12} does not remove Frozen.
10220300541	Reduces the maximum Cooldown of ^{1}^{2}【Frost Nova】^{3}^{4} and ^{5}^{6}【Jupitel Thunder】^{7}^{8} by ^{9}${1}^{10} seconds.
10220300540	After ^{1}^{2}【Fire Ball】^{3}^{4} hits the primary target, it deals Fire Ranged Magic damage equal to MATK*^{9}${3}%+${4}^{10} to up to ^{7}${2}^{8} enemies within a ^{5}${1}^{6}-meter radius.
10220300539	After ^{1}^{2}【Fire Ball】^{3}^{4} hits the primary target, it has a ^{5}${1}%^{6} Chance to trigger ^{7}^{8}【Fire Bolt】^{9}^{10} Lv. ^{11}${2}^{12} @{1} times.
10220300538	^{1}^{2}【Fire Ball】^{3}^{4} and ^{5}^{6}【Sightrasher】^{7}^{8} gain a ^{9}${1}%^{10} skill damage multiplier and ^{11}${2}^{12} fixed damage.
10220300537	Increases Crit Chance by ^{1}${1}%^{2}.
10220300536	Increases Cast Speed by ^{1}${1}^{2}.
10220300535	Increases Magic ATK by ^{1}${1}^{2}.
10220300534	After ^{1}^{2}【Fire Bolt】^{3}^{4}, ^{5}^{6}【Cold Bolt】^{7}^{8}, ^{9}^{10}【Lightning Bolt】^{11}^{12}, or ^{13}^{14}【Earth Spike】^{15}^{16} hits, it triggers 【Elemental Shock】 @{1} times, dealing Neutral Ranged Magic damage equal to MATK*^{21}${3}%+${4}^{22} to up to ^{19}${2}^{20} enemies within a ^{17}${1}^{18}-meter radius. Cooldown: ^{23}${5}^{24} seconds.
10220300533	After ^{1}^{2}【Fire Bolt】^{3}^{4}, ^{5}^{6}【Cold Bolt】^{7}^{8}, ^{9}^{10}【Lightning Bolt】^{11}^{12}, or ^{13}^{14}【Earth Spike】^{15}^{16} hits, it triggers 【Elemental Pursuit】 @{1} times, dealing Neutral Ranged Magic damage equal to MATK*^{17}${1}%+${2}^{18} to the target. Cooldown: ^{19}${3}^{20} seconds.
10220300532	^{1}^{2}【Fire Bolt】^{3}^{4}, ^{5}^{6}【Cold Bolt】^{7}^{8}, ^{9}^{10}【Lightning Bolt】^{11}^{12}, and ^{13}^{14}【Earth Spike】^{15}^{16} are no longer affected by Cast Speed, and their CT is fixed at ^{17}${1}^{18} seconds.
10220300531	^{1}^{2}【Fire Bolt】^{3}^{4}, ^{5}^{6}【Cold Bolt】^{7}^{8}, ^{9}^{10}【Lightning Bolt】^{11}^{12}, and ^{13}^{14}【Earth Spike】^{15}^{16} have their damage multipliers increased by ^{17}${1}%^{18} and their fixed skill damage increased by ^{19}${2}^{20} points.
10220300530	Increases Ghost damage dealt by ^{1}${1}%^{2}, reduces Soul Burst Cooldown by ${2}%, and increases the acquisition rate of Psychic Astral Bodies by ${3}%.
10220300529	After gaining @{1} Floors, the next 【Soul Burst】 triggers @{2} astral bodies to attack the target.
10220300528	When using certain Job Talents, consumes corresponding ^{1}【Pages】^{2} Floors to cast them an Extra @{1} time(s).
10220300527	Reduces MSPD.
10220300526	Deals damage and inflicts Paralyze
10220300525	Burn
10220300524	Reduces Physical DEF and Magic DEF
10220300523	Silence
10220300522	Increases Ghost damage dealt by @{1}% and Cast Speed by @{2}.
10220300521	Increases Ghost damage dealt by @{1}%
10220300520	Increases damage taken by @{1}%
10220300519	Damage taken from the caster increases by ${1}%.
10220300518	Reduces Movement Speed by @{1}% and increases Ghost magic damage taken by @{2}%
10220300517	SP restored
10220300516	Restores a certain amount of SP upon Killing an enemy unit
10220300515	Increases Magic ATK by ${1} and Cast Speed by ${2}
10220300514	Immobilize effect
10220300513	Inflicts Blind, reducing Physical/Magic DEF by @{1}%
10220300512	Reduces Attack Speed by ${1}% and Movement Speed by ${2}%
10220300511	Blind effect
10220300510	Stun effect
10220300509	Blocks melee Physical damage
10220300508	Reduces damage taken by ${1}%
10220300507	Reveals hidden targets within a @{1}-meter radius
10220300506	Changes armor property to Water. Active only for the caster
10220300505	Changes armor property to Earth. Active only for the caster
10220300504	Increases Wind damage taken by @{1}%
10220300503	Increases Fire damage taken by @{1}%
10220300502	Blind
10220300501	Slow
10220300500	Immobilize
10220300499	Frozen
10220300498	Physical DEF increased by ${1} and Magic DEF by ${2}
10220300497	Life increased by ${1}
10220300496	Magic ATK increased by ${1} and Physical ATK by ${2}
10220300495	Brief Revive and recovery from a Yggdrasil Leaf Revive
10220300494	Restores @{1} Life per sec. for @{2} sec.
10220300493	For every @{1} LUK, this skill's percentage damage multiplier gains an Extra increase equal to this Resonance's percentage. This effect is Active for up to @{2} LUK; LUK beyond @{3} grants no further Extra increase to the percentage damage multiplier.
10220300492	For every @{1} VIT, this skill's percentage damage multiplier gains an Extra increase equal to this Resonance's percentage. This effect is Active for up to @{2} VIT; VIT beyond @{3} grants no further Extra increase to the percentage damage multiplier.
10220300491	For every @{1} DEX, this skill's percentage damage multiplier gains an Extra increase equal to this Resonance's percentage. This effect is Active for up to @{2} DEX; DEX beyond @{3} grants no further Extra increase to the percentage damage multiplier.
10220300490	For every @{1} INT, this skill's percentage damage multiplier gains an Extra increase equal to this Resonance's percentage. This effect is Active for up to @{2} INT; INT beyond @{3} grants no further Extra increase to the percentage damage multiplier.
10220300489	For every @{1} AGI, this skill's percentage damage multiplier gains an Extra increase equal to this Resonance's percentage. This effect is Active for up to @{2} AGI; AGI beyond @{3} grants no further Extra increase to the percentage damage multiplier.
10220300488	For every @{1} STR, this skill's percentage damage multiplier gains an Extra increase equal to this Resonance's percentage. This effect is Active for up to @{2} STR; STR beyond @{3} grants no further Extra increase to the percentage damage multiplier.
10220300487	Healing received reduced by ${1}%.
10220300486	Physical Damage increased by ${1}%.
10220300485	Movement Speed increased by ${1}%.
10220300484	While active, [Warg Strike], [Warg Bite], and [Warg Hunt] summon Extra Warg companions.
10220300483	Increases Physical ATK by @{1}%
10220300482	Cannot move
10220300481	Increases Movement Speed by @{1}%
10220300480	Detects hidden enemies within @{1} meters of the Ranger.
10220201526	CRIT DMG Reduction
10220201525	CRIT RES
10220201524	CRIT DMG
10220201523	Continuous Shield
10220201522	Desperate Defense
10220201521	Fortitude Defense
10220200747	Energy Coat
10220200746	Sight Sprout
10220200745	Sight
10220200744	Wind Element Damage Boost Buff
10220200743	Fire Element Damage Boost Buff
10220200742	Drowning
10220200741	Heart Rend
10220200740	Generic Blind
10220200739	Generic Slow
10220200738	Generic Immobilize
10220200737	Generic Stun
10220200736	Generic Freeze
10220200735	Butterfly
10220200734	Chonchon
10220200733	Sacred Timber
12340100000	Lottery
12340100001	Disable Messages
12340100002	Enable Announcements
12340100003	Baphomet Jr. Reward Boost Lv@{1}
12340100004	Poring Reward Boost Lv@{1}
12340100005	Savage Babe Reward Boost Lv@{1}
12340100006	Lunatic Reward Boost Lv@{1}
12340100007	Baby Desert Wolf Reward Boost Lv@{1}
12340100008	Lucky Baphomet Jr. Lv@{1}
12340100009	Lucky Poring Lv@{1}
12340100010	Lucky Savage Babe Lv@{1}
12340100011	Lucky Lunatic Lv@{1}
12340100012	Lucky Baby Desert Wolf Lv@{1}
12340100013	Flame of Fortune
12340100014	Wishes Shared
12340100015	Blessing of Growth Lv.@{1}
12340100016	Radiance of Wealth Lv.@{1}
10220200715	Armor Plate
10220200714	Blessed Sacred Glyph
10220200713	Sacred Glyph
10220200712	Spirit Glyph
10220200711	Glyph
10220200710	Energized Honing Iron
10220200709	Honing Iron
10220200708	Sharpened Honing Stone
10220200707	Honing Stone
10220200706	Potion Healing
10220200705	Luck Resonance
10220200704	Vitality Resonance
10220200703	Dexterity Resonance
10220200702	Intelligence Resonance
10220200701	Agility Resonance
10220200700	Strength Resonance
10220200699	Swift Warg
10220200698	King of the Wargs
10220200697	Wolf's Fang
10220200696	Warg Accessory
10220200695	Warg Strike
10220200694	Warg Howl
10220200693	Warg Strike
10220200692	Warg Strike Trigger
10220200691	Warg Bite
10220200690	Mount Buff
10220200689	Keen Senses
10220200688	Unlimited Shooting
10220200687	Fear Breeze
10220200686	Arrow Shower【Timer】
10220200685	Sniper's Aim【Invalid Shell】
10220200684	Sniper's Aim【Stat Boost】
130001	Fight for the glory that awaits!
130002	You have not joined a guild.
130003	Ranking rewards will be issued during Settlement after the event ends.
130004	Empty
130005	Unranked
130006	Settlement in ${1}
130007	Total Treasure Hunts
130008	Settlement in ${1}d ${2}h
130009	Settlement in ${1}h
130010	Not yet achieved
130011	The event ends in less than one hour.
130012	Participate in the Tower of Spirits during the event. Rewards will be issued based on rankings during Settlement.
130013	Challenge Irmata, God of Nature during the event. Rankings are based on the shortest Clear Time for a single full run.
130014	Clear Realm of the Gods on Normal difficulty without using the Praiser Priest Revive skill. Rewards will be issued based on the shortest Clear Time during event Settlement.
130015	Go challenge
130016	View Rankings
130017	Not Challenged
130018	Unranked
130019	Realm of the Gods · Flawless Speedrun
130020	Guild GvE · Desperate Speedrun
130021	Pet Tower · Peak Showdown
130022	Challenge · Isti
130023	Challenge · Nessa
130024	Challenge · Irmo
130025	Challenge · Mirko
130026	Rewards
130027	Normal Chest Rewards
130028	Chest Level-up Rewards
130029	Event Quest
130030	Collect all the Crystals to craft a treasure chest.
130031	Settlement in ${1}d ${2}h
130032	Settlement in ${1}h
130033	The event ends in less than one hour.
130034	Crystal Request
130035	Clearing Rewards-${1}
130036	Challenge Not Yet Unlocked
130037	Rank ${1}
130038	Me
130039	View Rankings
130040	Go challenge
130041	Cumulative Rewards
130042	Pending
130043	There are currently no active Season events.
130044	Donate Crystals
130045	Log in for a total of 7 days during the event to unlock all check-in rewards!
130046	<size=75>${1}</size> days
130047	You do not meet the requirements to claim this reward.
130048	Please obtain the shard first.
130049	Complete <color=#c27b47>Echo Growth Quests</color> during the event to earn bountiful rewards!
130050	Go
130051	Complete
130052	Claim
130053	Please obtain a Soul Echo first.
130054	Ranks ${1}-${2}
130055	Settlement in ${1}
130056	The event ends in less than one hour.
130057	Participate Now
130058	My guild
130059	Rank ${1}
130060	Contribution: ${1}
130061	View Rankings
130062	Reach <color=#97e553>${1}/${2}</color> Personal Contribution to receive the following ranking rewards.
130063	Actively participate in <color=#ff993f>guild events</color>. Guilds with the highest total Member Contribution will receive rewards, including <color=#ff993f>Military Supplies that provide an advantage in Territory War.</color>
130064	Reach <color=#ec543a>${1}/${2}</color> Personal Contribution to receive the following ranking rewards.
130065	Unranked
130066	My guild Rank: ${1}
130067	Your guild is not yet ranked, so there are no rewards available!
130068	The Boss was defeated, and the treasure was taken by other players.
130069	South Gate Reunion Invitation
10220200683	Detection Skill【Buff Effect】
10220200682	Wind Walk【Buff Effect】
10220200681	General Effect【Buff Effect】
10220200680	Falcon Assault【Trigger Effect】
10220200679	Falcon Assault【Stat Boost】
10220200678	Sharp Shooting【Buff Effect】
10220200677	Sharp Shooting【Stat Boost】
10220200676	Trap Hunter Skill【Buff Effect】
10220200675	General Effect【Invalid Shell】
10220200674	Blitz Beat【Buff Effect】
10220200673	Blitz Beat【Invalid Shell】
10220200672	Arrow Shower【Mode/Trigger】
10220200671	Arrow Shower【Trigger Effect】
10220200670	Arrow Shower【Stat Boost】
10220200669	Blitz Beat【Skill Mode】
10220200668	Blitz Beat【Trigger Effect】
10220200667	Blitz Beat【Stat Boost】
10220200666	Double Strafe【Trigger Effect】
10220200665	Double Strafe【Stat Boost】
10220200664	Basic Attack【Trigger Effect】
10220200663	Basic Attack【Stat Boost】
10220200662	True Sight
10220200661	Steel Crow
10220200660	Blitz Beat
10220200659	Falconry
10220200658	Steady Focus
10220200657	Hunter Spawn Buff
10220200656	Guard Domain
10220200655	Guard Domain Orbit
10220200654	Sandman Slow
10220200653	Gryphon Skill Shield
10220200652	AoE Buff
10220200651	Goddess's Protection
10220200650	Morale Surge
10220200649	Full Steam Ahead
10220200648	Fatigue Immunity
10220200647	Safe Zone
10220200646	Fatigue
10220200645	Locked
10220200644	Repair
10220200643	Emergency Call
10220200642	Battle Command
10220200641	Solo Madogear Pilot Shield Recovery State
10220200640	Solo Madogear Pilot Shield
10220200639	Idle Speed
10220200638	Set Periodic Damage Cap
10220200637	Set Single-Hit Damage Cap
10220200636	HP Lock
10220200635	Trigger Self-Destruct
10220200634	Solo Madogear Pilot Monitoring
10220200633	Rapidness Shot
10220200632	Acceleration
10220200631	Invincible Tank
10220200630	Magnificent Burst
10220200629	Magnificent Damage Reduction
10220200628	Targeted
10220200627	Rising Resolve
10220200626	Morale Boost
10220200625	Battle Start Protection
10220200624	Ability Enhance
10220200623	DMG Reduction
10220200622	Repairable Mark
10220200621	Madogear Pilot Repair
10220200620	AoE Acceleration
10220200619	Respawn Buff
10220200618	Continual Burn
10220200617	Electrified
10220200616	HP Recovery
10220200615	Madogear Pilot Protection
10220200614	Demonic Dragon Soul Vulnerability
10220200613	Demonic Dragon Soul
10220200612	Death Immunity Buff
10220200611	Accelerate Buff
10220200610	HP Buff
10220200609	Shield Buff
10220200608	ATK Buff
10220200607	Focused Blade
10220200606	Protective Shield
10220200605	Soul Recall Ring
10220200604	Blazing Formation
10220200603	Tornado Incarnation
10220200602	Power of Tide
10220200601	Blackhole Pull
10220200600	Sonic Barrier Field
10220200599	Suffocation
10220200598	Count
10220200597	Cloud Connection
10220200596	Player Aggro Control
10220200595	Force-display targeted players
10220200594	White Circle Underfoot
10220200593	Player behavior after the opening movement ends
10220200592	An indicator circle appears under the clone monster's feet
10180000041	Breakthrough
10180000040	Advance
10180000039	Details
10180000038	Revive Teammate
10180000037	Enchant Scroll
10180000036	Take off
10180000035	Replace
10180000034	Mount Vehicle
10180000033	Build
10180000032	Demount
10180000031	Ride Mount
10180000030	Open
10180000029	Remove
10180000028	Reset Stats
10180000027	Learn Skills
10180000026	Deploy
10180000025	Wardrobe
10180000024	Craft
10110301167	Increases your Neutral, Ghost, Fire, Water, Wind, and Earth Element DMG Bonus by ^{1}${1}%^{2}. When a Boss target resists your ^{3}^{4}【Frozen】^{5}^{6}, ^{7}^{8}【Petrify】^{9}^{10}, or ^{11}^{12}【Stun】^{13}^{14}, respectively deals Water/Earth/Wind Ranged Magic damage equal to your MATK * ^{15}${2}%^{16} to the target.
10110301166	Deals ranged Ghost magic damage equal to Magic ATK * ^{1}${3}%^{2} to up to ${2} enemies within a ${1}-meter radius and inflicts ^{3}^{4}【Silence】^{5}^{6} for ${4} sec.
10110301165	Deals Ghost ranged magic damage equal to Magic ATK*^{5}${3}%+${4}^{6} to up to ^{3}${2}^{4} enemies within a ^{1}${1}^{2}-meter radius, with a ^{7}${5}%^{8} Chance to inflict ^{9}${6}^{10} sec. of 【Slow】, reducing the targets' Movement Speed by ^{11}${7}%^{12}.
10110301164	Deals Water ranged magic damage equal to Magic ATK * ^{5}${3}% + ${4}^{6} to up to ^{3}${2}^{4} enemies within a ^{1}${1}^{2}-meter radius, with a ^{7}${5}%^{8} Chance to inflict ^{9}^{10}【Freeze】^{11}^{12} for ^{13}${6}^{14} sec.
10110301163	Creates an ^{1}${1}^{2}-second 【Ember Zone】 that deals ranged Fire magic damage equal to Magic ATK * ^{7}${4}%+${5}^{8} to up to ^{5}${3}^{6} enemies within the area every ^{3}${2}^{4} seconds.
10110301162	Deals ranged Wind magic damage equal to Magic ATK * ^{1}${1}% + ${2}^{2} to the target.
10110301161	Deals Water-property ranged magic damage equal to Magic Attack*^{1}${1}%+${2}^{2}. Hitting an enemy affected by ^{3}^{4}【Frozen】^{5}^{6} does not remove the effect.
10110301160	Deals Fire-element ranged magic damage equal to Magic ATK *^{5}${3}%+${4}^{6} to up to ^{3}${2}^{4} enemies within a ^{1}${1}^{2}-meter radius.
10110301159	Triggers @{1} instances of 【Elemental Shock】, dealing Magic ATK*^{5}${3}%+${4}^{6} Neutral ranged magic damage to up to ^{3}${2}^{4} enemies within a ^{1}${1}^{2}-meter radius.
10110301158	Triggers @{1} instances of 【Elemental Pursuit】, dealing Magic ATK*^{1}${1}%+${2}^{2} Neutral ranged magic damage to the target.
10110301157	Removes up to ${3} ground effects from a designated area with a radius of ${2} meters within ${1} meters of you.
10110301156	Greatly increases gravity in a designated area with a ${2}-meter radius within ${1} meters, dealing Ghost-property ranged magic damage equal to Magic ATK*^{1}${4}%+${5}^{2} to up to ${3} enemies per wave. The gravity field lasts ${6} seconds and strikes a total of ${7} times.
10110301155	Unleashes psychic power to attack a target within ${1} meters and up to ${3} enemies within ${2} meters of it, dealing Ghost-property ranged magic damage equal to Magic ATK * ^{1}${4}% + ${5}^{2}.
10110301154	Permanently increases Max MP by ^{1}${1}%^{2} and Magic ATK by ^{3}${3}^{4}. Each Kill restores ^{5}${2}%^{6} of Max MP as ^{7}MP^{8}.
10110301153	Amplifies your magic power, increasing Magic ATK by ^{1}${1}^{2} and Cast Speed by ^{3}${2}^{4} for ${3} seconds.
10110301152	Deals Neutral Ranged Physical damage equal to MATK * ^{1}${2}%+${3}^{2} to the designated ST enemy within ${1} meters. This skill is affected by ASPD at ^{3}${4}%^{4} effectiveness.
10110301151	You Discover hidden enemy targets within a ${1}-meter radius.
10110301150	Causes the ground to erupt, dealing a total of Magic ATK*^{1}${4}%+${5}^{2} Earth-property ranged magic damage to up to ${3} enemies in a ${2}-meter-radius area within ${1} meters of you. Can hit hidden enemies and reveal them.
10110301149	Summons Storm Gust, dealing Water-property ranged magic damage equal to Magic ATK *^{1}${4}%+${5}^{2} per wave to up to ${3} enemies in a circular area with a radius of ${2} meters within ${1} meters of you. Enemies within Storm Gust are afflicted with ${6}% ^{3}^{4}【Slow】^{5}^{6}. Storm Gust lasts ${7} seconds and strikes ${8} times. Each strike has a ${9}% Chance to inflict ^{7}^{8}【Frozen】^{9}^{10} for ${10} seconds.
10110301148	Summon continuous lightning strikes that deal Magic ATK*^{1}${4}%+${5}^{2} Wind-property ranged magic damage per wave to up to ${3} enemy targets in a circular area with a ${2}-meter radius within ${1} meters of you. The lightning lasts ${6} seconds and strikes ${7} times, with a ${8}% Chance to inflict the ^{3}^{4}【Blind】^{5}^{6} status for ${9} seconds.
10110301147	Summons a meteor shower within ${1} meters of you, dealing Magic ATK*^{1}${4}%+${5}^{2} Fire ranged magic damage per wave to up to ${3} targets in a circular area with a ${2}-meter radius. The meteor shower strikes in ${6} waves, each with a ${7}% Chance to inflict ^{3}^{4}【Stun】^{5}^{6} on targets for ${8} seconds.
10110301146	Creates a pillar of fire with a ${2}-meter radius at a designated location within ${1} meters of you. Every second, it deals Magic ATK*^{1}${4}%+${5}^{2} Fire ranged magic damage to up to ${3} enemies within its area. The pillar lasts ${6} seconds. Up to ${7} pillars can exist at once.
10110301145	Summons a mud pit with a radius of ${2} meters at a designated area within ${1} meters of you, reducing the ASPD of up to ${3} enemies inside by ^{1}${4}%^{2} and their Movement Speed by ^{3}${5}%^{4}. Units entering the mud pit have their Movement Speed and ASPD buffs removed. The mud pit lasts ${6} seconds.
10110300826	^{1}【Radiant Holy Light】^{2}'s ATK coefficient for percentage-based HP recovery increases by ^{3}${1}%^{4}.
10110300825	^{1}【Highness Heal】^{2} restores HP to you and the targeted ST ally, while granting both you and the target a damage-absorbing Shield equal to your MATK*${3}% for ${1} seconds. The Shield-granting effect has a ${2}-second Cooldown.
10110300824	Restores Life equal to Magic ATK *^{1}${3}%^{2} to up to ${2} allies within a ${1}-meter radius.
10110300823	Each HIT with your ^{1}【Highness Heal】^{2} grants one ^{3}^{4}【Rhythm】^{5}^{6} effect lasting ${1} seconds. Upon reaching ${2} Floors, you cast ^{7}^{8}【Resonance】^{9}^{10} on yourself and clear all ^{11}^{12}【Rhythm】^{13}^{14} Floors.
10110300822	Restores Life equal to Magic ATK*^{1}${1}%^{2}. If the unit is a ^{3}party Member^{4}, restores Life equal to ^{5}${2}%^{6} of Magic ATK.
10110300821	When your ^{1}【Highness Heal】^{2} hits an ally, it casts ^{3}^{4}【Sound Stream】^{5}^{6} on up to ${2} allies within ${1}m of you.
10110300820	Increases Physical ATK based on DEX. Every ${1} DEX increases Physical ATK by ${2}.
10110300819	Increases Magic ATK based on DEX. Every ${1} DEX increases Magic ATK by ${2}.
10110300818	Increases Magic ATK based on INT. Every ${1} INT increases Magic ATK by ${2}.
10110300817	Increases Max Life based on VIT. Every ${1} VIT increases Max Life by ${2}.
10110300816	Increases Physical ATK based on LUK. Every ${1} LUK increases Physical ATK by ${2}.
10110300815	Increases Physical ATK based on AGI. Every ${1} AGI increases Physical ATK by ${2}.
10110300814	Increases Physical ATK based on STR. Every ${1} STR increases Physical ATK by ${2}.
10110300813	Coming Soon
10110300812	Perform to manifest the Holy Spirit's true form, increasing your ^{1}${1}%^{2} Holy damage for ${2} seconds. During this time, ^{3}^{4}【Twin Holy Light】^{5}^{6} has a ^{7}${3}%^{8} Chance to trigger, and ^{9}^{10}【Voice Part】^{11}^{12} always remains at the maximum number of Floors.
10110300811	Instantly unleashes a sacred chorus of primal notes, restoring HP equal to MATK*^{1}${3}%^{2} to yourself and ${2} allies within a ${1}-meter radius, with priority given to each party Member (^{3}^{4}Dexterity Resonance ${6}%^{5}^{6}), and granting a Shield equal to MATK*^{7}${4}%^{8} that absorbs all types of damage for ${5} seconds.
10110300810	Summon a hymn that flies toward an ally, restoring ^{3}HP^{4} equal to MATK*^{1}${2}%+${6}^{2} to yourself and a designated ST ally within a ${1}-meter radius, and granting yourself a ^{7}Shield^{8} equal to MATK*^{5}${3}%^{6} for ${4} seconds. (Cooldown: ${5} seconds)
10110300809	[No Translation Required]
10110300808	Frontal rectangular AoE
10110300807	Musical Instrument Death Animation
10110300806	Party-Wipe Skill
10110300805	Mechanic Starts
10110300804	Musical Instrument Full-Field AOE
10110300803	Reflect Damage
10110300802	Boss-Bound Projectile
10110300801	Compose Movement
10110300800	Knockback
10110300799	Party-Wipe Mechanic
10110300798	Skill@{1}-Field-wide Musical Instrument
10110300797	Skill@{1}-Random Circle
10110300796	Skill @{1}—Cone
10110300795	Skill @{1}—Circle
10110300794	Skill @{1}—Rectangle
10110300793	Normal Attack@{1}
10110300792	Repeat Action
10110300791	Turn Toward @{1}
10110300790	Turn Right @{1}
10110300789	Turn Left @{1}
10110300788	Outer Ring AOE
10110300787	Inner Circular AOE
10110300786	Right Rectangular AOE
10110300785	Left Rectangular AOE
10110300784	Rear Rectangular AOE
10110300783	Front Rectangular AOE
10110300782	Obtain Green Note
10110300781	Obtain Yellow Note
10110300780	Obtain Blue Note
10110300779	Obtain Red Note
10110300778	Spin with a Dance Move and stomp the music circles
10110300777	Filler Skill
10110300776	Launch a bubble of a random color
10110300775	Launch projectiles with an @{1}-hit combo
10110300774	Traps one player inside a Bell, then attacks the Bell with an AOE
10110300773	After a @{1}-second warning, Launch a Dark Pulse at one player
10110300772	Extends bandages from the Horong and lashes downward, creating @{1} rectangular AOEs around it
10110300771	Detached VFX Asset Library
10110300770	Determines whether the BOSS is at the center of the map
10110300769	Each existing Horong targets a random player's location with an AOE after a @{1}-second warning, then moves beneath that player
10110300768	Inflicts Damage over Time on all players and causes every Horong in the arena to move in a circle around the arena's center, damaging players on contact
10110300767	Extends bandages from its body and lashes downward, creating @{1} rectangular AOEs around it
10110300766	Summons many Mummies around the arena. Players can group up and defeat them with AOE attacks
10110300765	Causes all Horongs in the arena to Launch @{1} energy orbs around them, damaging players on contact
10110300764	After a @{1}-second warning, Launch a Dark Pulse at one player. After hitting the first player, the Dark Pulse launches toward other players until all players have been hit. Each launch damages players on HIT and destroys Horongs in its path
10110300763	Casts several large AOEs at random locations in the arena, leaving a Horong at each location
10110300762	Normal Attack@{1}
10110300761	(No Translation Required)
10110300760	Link Pull
10110300759	Link Reddening Check @{1}
10110300758	Silk Spit—@{1} Players
10110300757	Stone-Shaped Slash @{1}
10110300756	Stone-Shaped Slash Targeting—Easy
10110300755	Tracking Petrify Mist—Easy
10110300754	The BOSS randomly creates @{1}/@{2}/@{3} tornadoes in the arena (circular AOEs with a @{4}s warning and a radius of @{5}m), which Launch small tornado projectiles outward in random directions (radius: @{6}m; speed: @{7})
10110300753	Player Link @{1}
10110300752	Link Distance Check @{1}
10110300751	The BOSS creates @{1} Stone Pillars, then pulls players toward the center. It simultaneously creates @{2} arena-wide circular AOEs from the edge. Finally, after a @{3}-second warning, it unleashes a sandstorm lasting @{4} seconds that pulls players toward the center and inflicts Damage over Time
10110300750	Sandstorm Inner and Outer Rings
10110300749	Silk Spit @{1}
10110300748	New Ultimate
10110300747	The BOSS first casts a cone AOE in front with a @{1}s warning, a radius of @{2}m, and an angle of @{3}°, then casts a cone AOE behind with a @{4}s warning, a radius of @{5}m, and an angle of @{6}°. Finally, it targets all players and casts a rectangular AOE at each player's current location with a @{7}-second warning, a width of @{8}m, and a length of @{9}m
10110300746	The BOSS first casts a cone AOE in front with a @{1}s warning, a radius of @{2}m, and an angle of @{3}°, then casts one behind with a @{4}s warning, a radius of @{5}m, and an angle of @{6}°. It then casts one toward @{7}° with a @{8}s warning, a radius of @{9}m, and an angle of @{10}°, and finally casts one toward -@{11}° with a @{12}s warning, a radius of @{13}m, and an angle of @{14}°.
10110300745	The BOSS targets @{1} players and creates a sand tornado at each player's current location with a @{2}-second warning and a radius of @{3}m. It then locks onto the player farthest from the tornado and moves in that direction after @{4} seconds
10110300744	The BOSS slams the ground and creates @{2}/@{3}/@{4}/@{5}/@{6} circular AOEs at random locations every @{1} seconds, each with a @{7}-second warning and a radius of @{8}m
10110300743	The BOSS selects @{1} players and creates @{3} circular AOEs with a @{4}-second warning and a radius of @{5}m every @{2} seconds, for a total of @{6} times
10110300742	The BOSS targets all players and tracks them with rectangular AOEs after a @{1}-second warning (guaranteed HIT)
10110300741	The BOSS casts @{1} rectangular AOEs in front and @{2} behind, spaced @{3} meters apart, with a @{4}-second warning, then casts them again in the opposite direction
10110300740	Stone Pillar@{1} (Deprecated)
10110300739	The BOSS creates @{1} Stone Pillars, then pulls players toward the center. It creates arena-wide circular AOEs from the edge @{2} times at @{3}-second intervals. Finally, after a @{4}-second warning, it unleashes a sandstorm lasting @{5} seconds that pulls players toward the center and inflicts Damage over Time
10110300738	The BOSS first casts a cone AOE in front with a @{1}s warning, a radius of @{2}m, and an angle of @{3}°, then casts a circular AOE under itself with a @{4}s warning and a radius of @{5}m
10110300737	The BOSS deals rectangular AOE damage in the -@{1}°, @{2}°, and @{3}° directions after a @{5}-second warning (if there are @{4} directions, it casts again in the opposite directions)
10110300736	Link Distance Check
10110300735	Sandstorm (Deprecated)
10110300734	Player Link
10110300733	The BOSS targets @{1}/@{2}/@{3} players and fires silk projectiles. On HIT, they link @{4}/@{5} players (@{6} players are linked in pairs). Linked players are pulled back together when the Distance between them exceeds @{7}m. (When only @{8} players remain, the two players are linked. When only @{9} players remain, this mechanic is skipped.)
10110300732	Stone Pillar
10110300731	The BOSS casts a circular AOE with a @{1}-second warning and a radius of @{2} meters
10110300730	Petrify Mist
10110300729	The BOSS first casts a cone AOE in front with a @{1}s warning, a radius of @{2}m, and an angle of @{3}°, then casts a cone AOE behind with a @{4}s warning, a radius of @{5}m, and an angle of @{6}°
10110300728	Deprecated
10110300727	Mistress Basic Attack.
10110300726	Normal Attack@{1}
10110300725	Waterspouts appear at random locations.
10110300724	Target three players and drop cross-shaped cannon blasts on them.
10110300723	Teleport back to the center of the arena.
10110300722	Drake Minion Wave Attack
10110300721	Launch water blades in the direction of the giant waterspout.
10110300720	Waterspouts appear at random locations [
10110300719	Salted Fish Thrust.
10110300608	Restores ^{5}Life^{6} equal to the master's ^{1}Adaptive ATK^{2} * ^{3}${3}%^{4} for the master and up to ${2} allies within ${1} meters, and increases the Movement Speed of affected allies by ^{7}${4}%^{8} for ${5} seconds.
10110300607	Deals Neutral ranged magic damage equal to Magic ATK *^{1}${3}%^{2} to up to ${2} enemies within ${1} meters of the caster and inflicts ${4}%^{3}【Slow】^{4} for ${5} seconds.
10110300606	When casting a ^{1}Shield-type^{2} or ^{3}Buff-type^{4} Primary Battle Skill, restores ^{5}${1}^{6} HP to the owner every sec for ${3} sec. Internal Cooldown: ${2} sec.
10110300605	Fruit Tree Turtle lashes out with vines, restoring ^{1}${1}^{2} Life to its master every second for ${2} seconds. It also deals Neutral ranged ^{7}Adaptive Damage^{8} equal to the master's ^{3}Adaptive ATK^{4} *^{5}${5}%^{6} to up to ${4} enemies within a ${3}-meter radius. For every ${6} enemies hit, it restores ^{9}${7}^{10} Life to its master.
10110300604	All pets and their master gain ^{1}^{2}Anti-Stealth^{3}^{4} for ${1} sec., allowing them to detect hidden enemies within ^{5}${2} meters^{6}. They also gain ^{7}【Alert Recon】^{8} for ${3} sec. While active, each hit taken increases ^{9}Physical DEF by ${4}%^{10} and ^{11}Magic DEF by ${5}%^{12}, stacking up to ^{13}${6}^{14} times. Each stack lasts ^{15}${7}^{16} sec.
10110300603	When casting an ^{1}Offensive-type^{2} or ^{3}Buff-type^{4} Primary Battle Skill, the owner gains ^{5}^{6}Detect Stealth^{7}^{8} within a ${1}-meter radius for ${2} sec.
10110300602	The Scout Basilisk goes on alert, granting its master ^{1}[Vigilant Recon]^{2} for ${1} sec. Each time the master takes damage, Physical DEF increases by ^{3}${2}%^{4} and Magic DEF by ^{5}${3}%^{6}, stacking up to ^{7}${4}^{8} times and lasting ^{9}${5}^{10} sec.
10110300601	Alicel uses Launch to send blades outward from herself, dealing Neutral melee ^{5}Adaptive Damage^{6} equal to the master's ^{1}Adaptive ATK^{2}*^{3}${3}%^{4} to up to ${2} enemies within a ${1}-meter radius.
10110300600	Aliza launches blades, dealing Neutral ranged Physical damage equal to Physical ATK * ^{1}${4}%^{2} to up to ${3} enemies in a ${1} × ${2} m rectangular area ahead. She also increases the Physical ATK of up to ${3} allies within a ${5} m radius of herself by ^{3}${6}%^{4} for ${7} seconds.
10110300599	Alicel will Launch blades around herself, dealing melee Neutral adaptive damage equal to ^{1}${3}%^{2} of Physical ATK to up to ${2} enemies within a ${1}-meter radius.
10110300598	After casting an ^{1}Offensive-type^{2} or ^{3}Debuff-type^{4} Primary Battle Skill, increases the owner's ^{5}PATK by ${1}%^{6} for ${2} sec.
10110300597	Deals Neutral melee ^{3}adaptive damage^{4} equal to the master's ^{1}Adaptive ATK^{2}*${1}%, with a ${2} Chance to inflict Stun for ${3} seconds (internal Cooldown: ${4} seconds).
10110300596	Deals Neutral melee Physical damage equal to the master's ^{1}Adaptive ATK^{2}*^{3}${3}%^{4} to up to ${2} enemies within ${1} meters, with a ${4}% Chance to inflict ^{5}^{6}【Stun】^{7}^{8} for ${5} seconds.
10110300595	When a ^{1}Debuff-type^{2} or ^{3}Control-type^{4} Primary Battle Skill Deals DMG, the owner's attacks deal Extra Neutral melee damage equal to the owner's ^{5}Adaptive Attack^{6}*^{7}${2}%^{8} for the next ${1} sec, with a ${3}% Chance to inflict ^{9}^{10}【Stun】^{11}^{12} for ${4} sec. Internal Cooldown: ${5} sec.
10110300594	Drops an iron ball from above, dealing Neutral melee ^{5}adaptive damage^{6} equal to the master's ^{1}Adaptive ATK^{2}*^{3}${4}%^{4} to up to ${3} enemies in a targeted area with a ${2}-meter radius within ${1} meters, with a ${5}% Chance to inflict ^{7}^{8}【Stun】^{9}^{10} for ${6} seconds. When this skill deals damage, or when the master deals damage within ${7} seconds after it is cast, additionally deals Neutral melee ^{15}adaptive damage^{16} equal to the master's ^{11}Adaptive ATK^{12}*^{13}${8}%^{14}, with a ${9}% Chance to inflict ^{17}^{18}【Stun】^{19}^{20} for ${10} seconds (internal Cooldown: ${11} seconds).
10110300593	For ${1} sec after casting a ^{1}Buff-type^{2} Primary Battle Skill, inflicts 【Undead Convergence】 on up to ${3} members of the Enemy Team within a ${2}-meter radius of the owner for ${4} sec. While Active, increases all Elemental Damage they take by ^{3}${5}%^{4} and inflicts ^{5}【Sluggish】^{6} ${6}%. Cooldown: ${7} sec.
10110300592	Dydre deals Neutral melee Physical damage equal to Physical ATK*^{1}${2}%^{2} to a designated ST enemy within ${1} meters.
10110300591	Dydre deals Neutral ranged magic damage equal to Magic ATK*^{1}${3}%^{2} to up to ${2} enemies within a ${1}-meter radius, inflicting ^{3}【Slow】^{4} by ${4}% and reducing their damage dealt by ^{5}${5}%^{6} for ${6} seconds.
10110300590	When casting a ^{1}Buff-type^{2} Primary Battle Skill, inflicts 【Undead Convergence】 on up to ${3} enemies within a ${2}-meter radius of the owner for ${4} sec. While Active, increases all Elemental Damage they take by ^{3}${5}%^{4} and inflicts ^{5}【Sluggish】^{6} ${6}%^{7}. Cooldown: ${7} sec.
10110300589	Dydre summons the undead, increasing the master's ^{3}all-element damage^{4} by ^{1}${1}%^{2} for ${2} seconds, and deals Neutral ranged ^{9}adaptive damage^{10} equal to the master's ^{5}Adaptive ATK^{6}*^{7}${5}%^{8} to up to ${4} enemies in a ${3}-meter cone ahead. Enemies hit gain ^{11}${6}%^{12} increased ^{13}all elemental damage taken^{14} for ${7} seconds.
10110300588	Dydre summons the undead, increasing the master's ^{3}all-element damage^{4} by ^{1}${1}%^{2} for ${2} seconds, and deals Neutral ranged ^{9}adaptive damage^{10} equal to the master's ^{5}Adaptive ATK^{6}*^{7}${5}%^{8} to up to ${4} enemies in a ${3}-meter cone ahead, increasing all elemental damage they take by ^{11}${6}%^{12} for ${7} seconds.
10110300587	Owl Baron gathers storm clouds and locks onto a ST enemy within ${1} meters, Summoning ${3} Lightning Strikes every ${2} sec to attack random ST enemies within a ${4}-meter radius of the target. Summons ^{1}${5}^{2} Lightning Strikes in total. Each Lightning Strike Deals Neutral Ranged damage equal to the owner's ^{3}Adaptive Attack^{4}*^{5}${6}%^{6}.
10110300586	When casting an ^{1}Offensive-type^{2} or ^{3}Buff-type^{4} Primary Battle Skill, Summons ${2} Lightning Strikes every ${1} sec to attack random enemies within ${3} meters, Summoning ^{5}${4}^{6} Lightning Strikes in total. Each Lightning Strike Deals Neutral Ranged damage equal to the owner's ^{7}Adaptive Attack^{8}*^{9}${5}%^{10}.
10110300585	Owl Baron summons a massive lightning storm, dealing Neutral ranged magic damage equal to Magic ATK*^{1}${3}%^{2} per hit to up to ${2} enemies within ${1} meters for a total of ${4} hits, with a ^{3}${5}%^{4} Chance to inflict ^{5}^{6}【Stun】^{7}^{8} for ${6} seconds.
10110300584	Deals ${2}% Neutral melee Physical damage to an ST enemy within ${1} meters.
12170100000	When two Guild Members from the same guild are in a party, both gain an Extra bonus: Damage to Bosses +^{1}@{1}%^{2}; damage taken from Bosses -^{3}@{2}%^{4}
12170100001	When the party includes @{1} Members of different classes, each Member gains an Extra bonus: Damage to Bosses +^{1}@{2}%^{2}; damage taken from Bosses -^{3}@{3}%^{4}
10110300581	Deals Neutral melee ^{5}adaptive damage^{6} equal to the master's ^{1}Adaptive ATK^{2}*^{3}${3}%^{4} to up to ${2} enemies within a ${1}-meter radius.
10110300580	Lava Lizard roars, dealing Neutral melee Physical damage equal to Pet Physical ATK*^{1}${3}%^{2} to up to ${2} enemies within a ${1}-meter radius and reducing their Physical DEF by ^{3}${4}%^{4} for ${5} seconds.
10110300579	Increases the damage of ^{1}Offensive-type^{2} Primary Battle Skills by ${1}%.
10110300578	Lava Lizard roars, dealing Neutral melee ^{5}adaptive damage^{6} equal to the master's ^{1}Adaptive ATK^{2}*^{3}${3}%^{4} to up to ${2} enemies within a ${1}-meter radius.
10110300577	Ancient Tree Entanglement pulls up to ${2} enemies within a ${1}-meter radius toward the caster and deals Neutral melee Physical damage equal to Pet Physical ATK*^{1}${3}%^{2}.
10110300576	When casting a ^{1}Control-type^{2} Primary Battle Skill, grants the owner a Shield equal to Max HP*^{3}${1}%^{4} for ${2} sec.
10110300480	Elio performs a precise operation, dealing a total of ^{1}Adaptive ATK^{2}*^{3}${2}%^{4} Neutral melee ^{5}Adaptive Damage^{6} to the designated ST enemy within ${1} meters. Each attack drains the enemy's Life, restoring ^{7}Adaptive ATK^{8}*^{9}${5}%^{10} ^{11}Life^{12} to up to ${4} allies within a ${3}-meter radius.
10110300332	After a @{1}-second warning, deals damage in a @{2} by @{3} rectangular area toward the current target and applies 【Stomach Acid Corrosion】. Players with 【Stomach Acid Corrosion】 take x damage every second for @{4} seconds
10110300331	Deals minor damage to players within a circular @{1}-meter area and applies one stack of Petrify
10110300330	Creates several circular clouds of mist with a @{1}-meter radius at random locations. Players who enter gain 【Stonecoat】 and take A damage every second. This effect can stack.
10110300329	After charging for @{1} seconds, slashes forward, dealing cone-shaped AoE damage in a @{2}-degree, @{3}-meter-radius area. After a one-second delay, turns @{4}° and uses Repeat once, applying 【Stonecoat】 on HIT
10110300328	After a @{1}-second warning, launches cross-shaped blade energy in four directions, damaging targets in a rectangular area measuring @{2} by @{3} meters and applying 【Stonecoat】
10110300327	After charging for @{1} seconds, deals A damage to targets in @{5} cone-shaped areas measuring @{2}° by @{3} meters and spaced @{4}° apart. Then turns @{6}° and casts again, for a total of three casts
10110300326	After a brief cast, strikes players within the current grid area
10110300325	Quickly slashes the ground with a blade. After a warning, cleavers fall from the sky at several random locations, dealing A damage within a circular area with a @{1}-foot radius
10110300324	Surrounds itself with blades for @{1} seconds, dealing area damage within a @{3}-foot radius every @{2} seconds
10110300323	After a @{1}-second warning, damages players within @{2} meters and reduces their Attack Speed
10110300322	Targets several players, then after a one-second warning, deals damage in a rectangular area @{1} meters wide and @{2} meters long
10110300321	Targets several players and launches slow-Flying fireballs at them. Upon reaching their targets, the fireballs deal massive damage within a @{1}-meter radius of each target point
10110300320	Pass the Dynamite to the nearest player within @{1} meters
10110300234	Places an Anklesnare at the caster's location. When an enemy enters within @{1} m of the Trap Hunter, it explodes, dealing ATK * ^{1}@{4}%^{2} damage to up to @{3} enemies within a @{2} m radius and inflicting ^{3}【Immobilize】^{4} for @{5}^{5} sec. The Trap Hunter lasts @{6} sec.
10110300233	Fires a hurricane arrow through a @{1} m * @{2} m area in the designated direction, continuously dealing ATK * ^{1}@{4}%^{2} damage to up to @{3} enemies along its path. Movement Speed increases by ^{3}@{5}%^{4} while the skill is active.
10110300232	Uses a falcon to Locate enemies in the ^{1}【Hiding】^{2} state within a @{1} m radius for @{2} sec. Skill Cooldown: ^{3}@{3}^{4} sec.
10110300231	Launches a rain of arrows within @{1} m, dealing ^{1}@{4}%^{2} damage and inflicting @{5} m of ^{3}【Knockback】^{4} to up to @{3} enemies within a @{2} m radius.
10110300230	Launches Charge Arrow at a designated distant enemy within @{1} m, dealing ^{1}@{2}%^{2} damage and inflicting @{3} m of ^{3}【Knockback】^{4}.
10110300229	Launches @{1} arrows at the designated ST enemy within @{2} m, dealing ATK * ^{1}@{3}%^{2} damage.
10110300228	Deals ranged Magic Damage equal to Magic ATK * ^{1}@{2}%^{2} to the designated ST enemy within @{1} m.
10110300227	Chants a powerful purification spell, removing ^{1}【Movement Restriction】^{2} and ^{3}【Abnormal Status】^{4} effects from self and party Members within a @{1} m radius. For the next @{2} sec., grants immunity to up to ^{5}@{3}^{6} ^{7}【Movement Restriction】^{8} and ^{9}【Abnormal Status】^{10} effects. Skill Cooldown: ^{11}@{4}^{12} sec.
10110300226	Unleashes a powerful Holy Light, dealing own ATK * ^{1}@{4}%^{2} damage to up to @{3} enemies in a designated area with a @{2} m radius within @{1} m and inflicting ^{3}【Immobilize】^{4} and ^{5}【Blind】^{6} for @{5} sec.
10110300225	Summons a Holy Light talisman from the heavens, dealing ATK * ^{1}@{2}%^{2} damage to the designated ST enemy within @{1} m.
10110300224	Uses an Exorciser incantation to create a Holy Light field, dealing ATK * ^{1}@{4}%^{2} damage to up to @{3} enemies in a designated area with a @{2} m radius within @{1} m.
10110300223	Strengthens holy power through a prayer of devotion, granting ^{1}continuous recovery^{2} to self and party Members within a @{1} m radius. Restores ^{5}Life^{6} equal to own ATK * ^{3}@{2}%^{4} to each target every sec. for @{3} sec.
10110300222	Summons a golden Sacred Tree of Life at the caster's location, increasing damage reduction by ^{1}@{2}%^{2} for self and party Members within a @{1} m radius for @{3} sec. If self or a party Member takes ^{3}fatal damage^{4} while the effect is active, triggers ^{5}【Death Immunity】^{6} once and sets Life to ^{7}@{4}% of Max Life^{8}.
10110300221	Invokes Divine Light, restoring ^{3}Life^{4} equal to own ATK * ^{1}@{2}%^{2} for self and the designated ST ally within @{1} m.
10110300220	Summons a @{2} × @{3} m rectangular magic field within @{1} m, restoring ^{1}@{5}%^{2} Life per sec. to up to @{4} allies within the area for @{6} sec.
10110300170	Shield skill. Deals Neutral Melee Physical DMG equal to PATK * ^{1}${7}%^{2} to up to ${6} enemies within a ${4}-degree, ${5}-meter area in front of you. Against Monster targets, the percentage DMG multiplier increases by ^{3}${12}%^{4}. During this time, you have Debuff Immunity, Monster DMG Reduction increases by ^{5}${2}%^{6}, and you gain ^{7}${3}%^{8} DEF and MDEF Increase.
10110300169	Shield skill. Raise your Shield to block for ${1} seconds. During this time, you have Debuff Immunity, Monster DMG Reduction increases by ^{1}${2}%^{2}, and you gain ^{3}${3}%^{4} DEF and MDEF Increase. Tap this skill again while blocking or wait until the block ends to use ^{5}^{6}【Shield Auto Counter】^{7}^{8}. If you are attacked while blocking, ^{9}^{10}【Shield Auto Counter】^{11}^{12} is Enhanced into ^{13}^{14}【Powerful Auto Counter】^{15}^{16}.
10110300168	Shield skill. Deals Neutral Melee Physical DMG equal to PATK * ^{1}${2}%^{2} to the selected ST enemy within ${1} meters. Against Monster targets, the percentage DMG multiplier increases by ^{3}${3}%^{4}.
10110300167	Shield skill. Deals Neutral Melee Physical DMG equal to PATK * ^{1}${2}%^{2} to the selected ST enemy within ${1} meters and grants you 1 stack of 【Shield Stance】. Against Monster targets, the percentage DMG multiplier increases by ^{3}${3}%^{4}. 【Shield Stance】: When 【Powerful Shield Bash】 or 【Reflect Damage】 hits a target, there is a ${4}% or ${5}% Chance, respectively, to grant you 1 stack of 【Shield Stance】. At ${6} stacks, your next ${7} Powerful Shield Bashes become ^{5}^{6}【Ultra Shield Bash】^{7} ^{8}.
10110300166	Two-Handed Spear skill. Deals @{1} hits of Neutral Melee Physical DMG equal to PATK * ^{1}${3}%^{2} to up to ${5} enemies within a ${1}-meter radius. For every ${6}% ASPD, this DMG increases by ^{3}${7}%^{4}, up to @{2}% ASPD. Pulls the targets ^{5}closer^{6} and grants you ^{7}^{8}【Over Brand】^{9} ^{10} for ${4} seconds. You can Move while casting this skill.
10110300165	Deals ${1}% Earth Physical damage to nearby enemies and reduces their DEF, Attack Speed, and Movement Speed by ${3}% for ${2}s. Enemies in 【Stealth】 HIT by this skill are revealed
10110300164	Two-Handed Spear skill. Deals Neutral Melee Physical DMG equal to PATK * ^{3}${3}%^{4} and inflicts ^{1}Knockback^{2} on up to ${6} enemies in a ${2} * ${1}-meter area in front of you. For every ${8}% ASPD, this DMG increases by ^{5}${9}%^{6}, up to @{1}% ASPD. Move ${12} meters in that direction, then inflict ^{7}Knock-Up^{8} and deal Neutral Melee Physical DMG equal to PATK * ^{9}${5}%^{10} to the targets. For every ${10}% ASPD, this DMG increases by ^{11}${11}%^{12}. You have ^{13}^{14}Immunity^{15}^{16} while using the skill.
10110300163	When you HIT a target with Shield Bash or Reflect Damage, you have a @{1}% and @{2}% Chance, respectively, to gain 1 stack of [Shield Momentum] for @{3} seconds. At @{4} stacks, your next @{5} Shield Bashes become [Powerful Shield Bash], increasing their damage by @{6}%. After each cast, gain a shield equal to Life Limit × @{8}% for @{7} seconds. This shield cannot stack.
10110300162	Deals Neutral melee Physical damage equal to Physical ATK*^{1}${3}%^{2} to up to ${2} enemies within a ${1}-meter semicircle in front of you and reduces the Cooldown of 【Shield Defense】 by ${4} sec. (can only trigger once every ${5} sec.).
10110300161	No Translation Required
10110300160	Increases Max Life by ^{1}${1}%^{2} and Physical ATK by ^{3}${2}%^{4}. When wielding a two-handed spear, grants an Extra ^{5}${3}%^{6} Physical ATK, but reduces the Max Life increase by ${4}%. Lasts ${5} sec.
10110300159	Changes the armor element of yourself and up to ${3} allies within ${1} meters to Holy for ${2} seconds.
10110300158	Join forces with other Crusaders on your team. For each Crusader on the team, gain 1 stack of 【Union】: Physical ATK, Physical DEF, and Magic DEF increase by ^{1}${1}^{2}. Stacks up to ${2} times. After learning this skill, the Gryphon mount Can be unlocked.
10110300157	Shield skill. Can only be used in Gryphon State. Raise your Shield for ${11} seconds, protecting you and up to ${15} allies within a ${1}-meter radius and reducing DMG taken by ^{1}${4}%^{2}. During this time, your MSPD is ^{3}【reduced】^{4} by ${9}%, but you have ^{5}^{6}Immunity^{7}^{8}. Every ${7} seconds, inflict a ${5}-meter ^{9}Knockback^{10} in the direction you are Facing on up to ${12} members of the Enemy Team within ${5} meters in front of you and deal Neutral Melee Physical DMG equal to your PATK * ^{11}${13}%^{12}. When an enemy in front of you Deals DMG to you, trigger ^{13}^{14}【Spear Auto Counter】^{15}^{16}.
10110300156	Shield skill. The Crusader unleashes the power of Protection, removing all Control effects from you and redirecting ^{1}${1}%^{2} of the DMG taken by up to ${2} allies within a ${7}-meter radius to you for ${8} seconds. During this time, taking DMG restores HP equal to ^{3}${4}%^{4} of the DMG taken, and you and the selected allies gain ^{5}Debuff Immunity^{6}. Up to ${8} enemies within range gain ${5}% ^{7}【Slow】^{8} every ${9} seconds, stacking up to ${10} times. At ${10} stacks, Slow is converted into ^{9}^{10}【Stun】^{11}^{12} for ${6} seconds and ^{13}【Slow】^{14} is removed. Damage Sharing does not affect allied targets under 【Devotion】.
10110300155	Shield skill. Deals Earth Melee Physical DMG equal to PATK * ^{1}${1}%^{2} (^{3}^{4}Vitality Resonance ${6}%^{5}^{6}) to up to ${5} enemies within a ${4}-meter radius and reduces their ^{7}ASPD and MSPD^{8} by ${3}% for ${2} seconds. Enemies in 【Hiding】 hit by this skill are revealed. This skill greatly increases Monster aggro, with a greater increase than Provoke. Against Monster targets, the percentage DMG multiplier increases by ^{9}${7}%^{10}.
10110300154	Shield skill. Move toward the target and deal Holy Melee Physical DMG equal to PATK * ^{1}${1}%^{2} to up to ${4} enemies in a ${5} * ${6}-meter area in front of you.
10110300153	Shield skill. Deals Neutral Melee Physical DMG equal to PATK * ^{1}${1}%^{2} to up to ${5} enemies within a ${4}-meter radius and grants you 【Casting Shield】 equal to ^{3}${3}%^{4} of your Max HP for ${2} seconds. Against Monsters, the percentage DMG multiplier increases by ^{5}${6}%^{6}. 【Casting Shield】: When you are hit, triggers an Extra Auto Counter from 【Reflect Damage】. If the target is a Boss, also Activate ^{7}^{8}【Holy Light Suppression】^{9}^{10}.
10110300152	Shield skill. Grants you 【Reflect Damage】. 【Reflect Damage】: When you are hit, deals Neutral Melee Physical DMG equal to PATK * ^{1}${2}%^{2} to up to ${3} enemies within a ${7}-meter radius. This effect can trigger up to ${5} times every ${4} seconds. Lasts ${1} seconds.
10110300151	Shield skill. Deals Neutral Melee Physical DMG equal to PATK * ^{5}${2}%^{6} to the selected ST enemy within ${4} meters and inflicts ^{1}^{2}【Stun】^{3}^{4} for ${1} seconds. This skill greatly increases Monster aggro, with a greater increase than Provoke. Against Monsters, the percentage DMG multiplier increases by ^{7}${6}%^{8}.
10110300150	Two-Handed Spear skill. Leap to a selected area within ${2} meters, dealing Neutral Melee Physical DMG totaling PATK * ^{1}${3}%^{2} to up to ${7} enemies within ${1} meters of the target area. For every ${9}% ASPD, this DMG increases by ^{3}${10}%^{4}, up to @{1}% ASPD. Inflicts ^{5}【Immobilize】^{6} for ${4} seconds. You have ^{7}^{8}Immunity^{9}^{10} while using the skill. For each enemy hit, gain 1 stack of Shield equal to ^{11}${6}%^{12} of your Max HP for ${11} seconds, stacking up to @{2} times.
10110300149	Attack Speed is permanently increased by ${4}%. Gain 1 stack of 【Momentum】 every ${1} sec. 【Momentum】: Increases Movement Speed by ${2}%. The next attack skill deals Extra Neutral melee Physical damage equal to ${3}% of Physical ATK to the primary target. Removed after attacking.
10110300148	Deals @{2}% Physical ATK to enemies within @{1} m, inflicting Stun for @{3} sec. Also applies Over Brand to yourself for @{4} sec
10110300147	Two-Handed Spear skill. Deals Neutral Melee Physical DMG equal to PATK * ^{1}${3}%^{2} to up to ${2} enemies within a ${1}-meter radius. For every ${6}% ASPD, this DMG increases by ^{3}${4}%^{4}, up to @{1}% ASPD. This skill counts as a Basic Attack and has an ASPD effectiveness ratio of ^{5}${5}%^{6}.
10110300146	Two-Handed Spear skill. Deals Neutral Melee Physical DMG equal to PATK * ^{1}${3}%^{2} to up to ${7} enemies within a circular ${2}-meter area around you. For every ${8}% ASPD, this DMG increases by ^{3}${5}%^{4}, up to @{1}% ASPD. If 【Over Brand】 is Active, instead damages the same number of enemies within ${2} meters of you, increasing the DMG to ^{5}${4}%^{6} Neutral Melee PATK. This skill counts as a Basic Attack and has an ASPD effectiveness ratio of ${6}%.
10110300145	Deals damage equal to @{3}% of Physical ATK to enemies in a @{1}m-long, @{2}m-wide area ahead and moves @{4}m in that direction
10110201310	Stone Blades - Outer Ring
10110201309	Blade Mountain - False Fall
10110201308	Blade Mountain - True Fall
10110201307	Blade Mountain - Rise
10110201306	Blade Deflection - Repeat Until Death
10110201305	Blade Deflection
10110201304	Rock Shatter
10110201303	Shatter Blade
10110201302	Spinning Blade Strike
10110201301	Blade Whirlwind
10110201300	Terrifying Roar
10110201299	Orc Hero Normal Attack - Ground
10110201298	Enter Wormhole
10110201297	Summon Thief Bug@{1}
10110201296	Lava Heat Wave@{1}
10110201295	Pyroblast@{1}
10110201294	Normal Attack
10110201293	Haze Formation
10110201292	Easy Movement
10110201291	Move back Afterimage
10110201290	Haste
10110201289	Immobilize
10110201288	Clone
10110201287	Knock-Up
10110201286	Charge
10110201285	Acid Spray
10110201284	Slow
10110201283	Shield
10110201282	Burrow and Hide
10110201281	Knockback
10110201280	Great Leap
10110201279	Poring Transform
10110201278	Random Teleport
10110201277	Distribute Gifts
10110201276	Test Transform@{1}
10110201275	Spawn Effect - Elite
10110201274	Savage Charge - Earth
10110201273	Verit Charge - Undead
10110201272	Roda Frog Cone - Water
10110201271	Rotar Zairo Cone - Wind
10110201270	Golem AOE - Neutral
10110201269	Dokebi AOE - Shadow
10110201268	Nightmare AOE - Ghost
10110201267	Obeaune AOE - Water
10110201266	Greatest General Targeting - Fire
10110201265	Ranged Arrow Monster Normal Attack - Undead
10110201264	Ranged Arrow Monster Normal Attack - Ghost
10110201263	Ranged Arrow Monster Normal Attack - Shadow
10110201262	Ranged Arrow Monster Normal Attack - Holy
10110201261	Ranged Arrow Monster Normal Attack - Poison
10110201260	Ranged Arrow Monster Normal Attack - Water
10110201259	Ranged Arrow Monster Normal Attack - Fire
10110201258	Ranged Arrow Monster Normal Attack-Earth
10110201257	Ranged Arrow Monster Normal Attack-Wind
10110201256	Ranged Arrow Monster Normal Attack-Neutral
10110201255	Spawn VFX
10110201254	Matyr Charge-Shadow
10110201253	Elder Willow Cone-Fire
10110201252	Minorous AOE-Fire
10110201251	Poison Mushroom AOE-Poison
10110201250	Orc Archer ST-Earth
10110201249	Goblin Archer Rectangle-Poison
10110201248	Archer Skeleton Normal Attack-Undead
10110201247	Archer Skeleton Mark-Undead
10110201246	Monster Normal Attack-Eternal
10110201245	Monster Normal Attack-Ghost
10110201244	Monster Normal Attack-Shadow
10110201243	Monster Normal Attack-Holy
10110201242	Monster Normal Attack-Poison
10110201241	Monster Normal Attack-Water
10110201240	Monster Normal Attack-Fire
10110201239	Monster Normal Attack-Earth
10110201238	Monster Normal Attack-Wind
10110201237	Monster Normal Attack-Neutral
10110201236	A Maid's Etiquette
10110201235	Alice's Protection
10110201234	Cleaning Time
10110201233	Dance of the Sea Monster
10110201232	Tidal Hymn
10110201231	Frost Breath
10110201230	Spreading Frost
10110201229	Same Old Trick
10110201228	Flame Breath
10110201227	Samurai Charge
10110201226	Samurai's Fury
10110201225	Deliberate Laceration
10110201224	Eye of Scrutiny
10110201223	Light of Scrutiny
10110201222	Collective Surveillance
10110201221	Soul Siphon
10110201220	Soul Prayer
10110201219	Formless Entanglement
10110201218	Piercing Hope
10110201217	Divine Hope
10110201216	Flame of Hope
10110201215	Arcane Silver Serpent
10110201214	Serpent Sorcery
10110201213	Petrification Gaze
10110201212	Restorative Craving
10110201211	Rocker Rock
10110201210	Executioner's Blade
10110201209	Path of Execution
10110201208	Execution Time
10110201207	Blood Butterfly Dance
10110201206	Instinctive Thrill
10110201205	Crimson Storm
10110201204	Here Comes the Big Bunny!
10110201203	Bunny Brigade
10110201202	Bunny Arrival
10110201201	Fairy Ward
10110201200	Mavka's Dance
10110201199	Passive
10110201198	Holy Light Descending
10110201197	Holy Light Pierce
10110201196	Blazing Radiance
10110201195	Realm of Light
10110201194	Demonic Miasma
10110201193	Infernal Prayer
10110201192	Demonic Aura
10110201191	Passive Proximity Detection
10110201190	Flying Fish Impact
10110201189	Cat Knight's Guard
10110201188	Battle Charge
10110201187	Demon's Whisper
10110201186	Fatal Temptation
10110201185	Dead Silence
10110201184	Vile Drain
10110201096	Esen's Execution
10110201095	Whirling Whip
10110201094	Nightfall Finale
10110201093	Passive Trigger Skill
10110201092	Bell Miracle
10110201091	Moonlit Curse
10110201090	Bell Rampage
10110201089	Bobo's Protection
10110201088	Curse Slash
10110201087	Harvesting Scythe
10110201086	Taunting Tease
65001	Meter
65002	Target: <#ffffff>${1}</color>
10110201085	Raging Gale
10110201084	Fox Fury
10110201083	Clear Breeze
10110201082	Holy Divine Light
10110201081	Holy Spirit Divine Light
10110201080	Angel Halo
10110201079	Scythe Slash
10110201078	Sinister Chains
10110201077	Sinister Scythe
10110201076	Phantom Barrier
10110201075	Serpent Spirit's Embrace
10110201074	Serpent Spirit's Protection
10110201073	AoE Surgery
10110201072	Trauma Drain
10110201071	Precision Surgery
10110201070	Scythe Channeling
10110201069	Dark Sorcery
10110201068	Death Scythe
10110201067	Meditate
10110201066	Normal Punch
10110201065	Battle Axe Smash
13880000000	Fortitude
13880000001	Iron Wall
13880000002	Magic Ward
13880000003	Law of Offense
13880000004	Life Extension
13880000005	Battle Pledge
13880000006	Normal Attack Boost
13880000007	Blade Dance
13880000008	Opening
13880000009	Rapid Throw
13880000010	Chain Reaction
13880000011	Decapitation
13880000012	Deep Dagger Thrust
13880000013	Dagger Throw
13880000014	Secondary Damage
13880000015	Shadowless Boost
13880000016	Shadow Fang
13880000017	Premeditation
13880000018	Cold-Blooded
13880000019	Vanish Without a Trace
13880000020	Quick Hands
13880000021	Weapon Mastery
13880000022	Sneak Attack
13880000023	Triple Slash
13880000024	Virus Boost
13880000025	Poisoned to the Core
13880000026	Toxic Rampage
13880000027	Enhance Deadly Poison
13880000028	Venomous
13880000029	Efficient Deadly Poison
13880000030	Mind Boost
13880000031	Advanced Soul Destroyer
13880000032	Spreading Shockwave
13880000033	Shadow Moonlit Challenger
13880000034	Dark Stalker
13880000035	Hidden Blade
13880000036	Merciless
13880000037	Seize the Initiative
13880000038	Combo Moonlit Challenger
13880000039	Divine Resurrection
13880000040	Holy Light Resurrection
13880000041	Radiant Resurrection
13880000042	Swift Blessing
13880000043	Sacred Divine Light
13880000044	Mace Proficiency
13880000045	Holy Light Strike
13880000046	Staff Mastery
13880000047	Holy Cross Exorciser
13880000048	Holy Cross Judgment
13880000049	Rapid Recovery
13880000050	Sanctuary Redemption
13880000051	Purifying Light Orbit
13880000052	Swift Exorciser
13880000053	Fated Resurrection
13880000054	Mace Mastery
13880000055	Prayer of Holy Might
13880000056	Blessing of Sacred Wisdom
13880000057	Holy Light Prayer
13880000058	Normal Attack Mastery
13880000059	Momentum-Breaking Hammer
13880000060	Holy Light Bludgeon
13880000061	Arcane Mastery
13880000062	Grand Cross Exorciser
13880000063	Holy Light Baptism
13880000064	Radiant Sanctuary
13880000065	Holy Light Domain
13880000066	Grand Sanctuary
13880000067	Holy Protection
13880000068	Divine Judgment
13880000069	Shrined Judex
13880000070	Prayer of Mercy
13880000071	Holy Healing Light
13880000072	Radiant Sanctuary
13880000073	Pierce Enhance
13880000074	Rapid Pierce
13880000075	Piercing Blast
13880000076	Swift Sword
13880000077	Critical Attack
13880000078	Double Counter
13880000079	Spear Throw Enhance
13880000080	Rapid Throw
13880000081	Explosive Spear
13880000082	Sword Mastery
13880000083	Sword Attack Speed Increase
13880000084	Mighty Sword
13880000085	Sharp Spear
13880000086	Brandish Spear Enhance
13880000087	Cavalry's Might
13880000088	Flame Attack Enhance
13880000089	Power Slash
13880000090	Heavy Blow
13880000091	Spiral Pierce Enhance
13880000092	Spiral Pierce Mastery
13880000093	Spiral Blast
13880000094	Aura Blade Enhance
13880000095	Aura Insight - Swiftness
13880000096	Aura Insight - Technique
13880000097	Joint Beat Enhance
13880000098	Joint Destruction
13880000099	Joint Beat Blast
13880000100	Guard Enhance
13880000101	Triple Slash
13880000102	Greatsword Sweep Attack
13880000103	Cross Attack Enhance
13880000104	Cross Blast
13880000105	Swift Cross Strike
13880000106	Shield Bash Enhance
13880000107	Charged Shield Bash
13880000108	Concussive Shield Bash
13880000109	Spear Mastery
13880000110	Spear Expert
13880000111	Holy Spear
13880000112	Shield Boomerang Enhance
13880000113	Ricochet Shield
13880000114	Shield Boomerang Combo
13880000115	Cross Judex Enhance
13880000116	Cross Thrust
13880000117	Absolute Judex
13880000118	Auto Guard Enhance
13880000119	Resilient Spirit
13880000120	Strong Shield
13880000121	Gloria Domini Enhance
13880000122	Double Pressure
13880000123	Divine Punishment
13880000124	Battle Chant Enhance
13880000125	Battle Cry
13880000126	Fortifying Cry
13880000127	Survival Instinct
13880000128	Enhanced Endurance
13880000129	Martyr's Reckoning Enhance
13880000130	Rapid Smiting Enhance
13880000131	Shield Pursuit
13880000132	Shield Bash Echo
13880000133	Cart Reinforcement
13880000134	Mammonite
13880000135	Gunpowder Smash
13880000136	Anaerobic Training
13880000137	Booming Business
13880000138	Body Tempering
13880000139	Earth's Power
13880000140	Earth Spike
13880000141	Earthshatter
13880000142	Rousing Support
13880000143	Mind and Body Renewal
13880000144	Self-Motivation
13880000145	Cart Remodeling
13880000146	Weapon Mastery
13880000147	Cart Smash
13880000148	Speed Is Weight
13880000149	Second Wind
13880000150	Unlimited Acceleration
13880000151	Finishing Blow
13880000152	Stunning Smash
13880000153	Terminate Blast
13880000154	Limit Break
13880000155	Weapon Polishing
13880000156	Weapon Enhance
13880000157	Charging Momentum
13880000158	Accelerating Impact
13880000159	Sustained Acceleration
13880000160	AoE Power Thrust
13880000161	Enhanced Power Thrust
13880000162	Critical Strike
13880000163	Elemental Arrow Amplification
13880000164	Fixed Casting
13880000165	Elemental Pursuit
13880000166	Elemental Shock
13880000167	Basic Magic Rune
13880000168	Basic Spell Calibration
13880000169	Spell Lock
13880000170	Flame Enhance
13880000171	Flame Chain
13880000172	Fireball Burst
13880000173	Ice and Thunder Mastery
13880000174	Ice Spike
13880000175	Thunderbolt
13880000176	Earthfire Mark
13880000177	Flame Burst
13880000178	Ember Zone
13880000179	Ice and Thunder Mark
13880000180	Frost Burst
13880000181	Thunder Shockwave
13880000182	Arcane Training
13880000183	Magic Cannon
13880000184	Greater Psychic Shockwave
13880000185	Elemental Preparation
13880000186	Soul Reaper
13880000187	Arcane Study
13880000188	Gravity Enhance
13880000189	Spatial Distortion
13880000190	Gravity Trap
13880000191	Intermediate Magic Rune
13590200000	Add New Products
13590200001	Open More Stalls
13590200002	Recruit New Members
13590200003	Expand the Territory
13590200004	Publish a New Issue
13880000197	Enhanced Double Strafe
13880000198	Triple Strafe
13880000199	Explosive Arrow
13880000200	Lightning Strike Training
13880000201	Falcon Strike
13880000202	Rending Lightning Strike
13880000203	Enhanced Arrow Shower
13880000204	Meteor Arrow Shower
13880000205	Arrow Barrage
13880000206	Enhanced Lightning Strike
13880000207	Lightning Blitz
13880000208	Falcon's Might
13880000209	Enhanced Trap Hunter
13880000210	Entrapping Net
13880000211	Enhanced Sharp Shooting
13880000212	Perfect Shot
13880000213	Arrow Flash
13880000214	Enhanced Bow
13880000215	Sprint
13880000216	Scouting
13880000217	Enhanced Falcon Assault
13880000218	Double Assault
13880000219	Falcon Rush
13880000220	Enhanced Sniper's Aim
13880000221	Stroke of Luck
13880000222	Sixfold Blessing
10110200237	Rift Impact
10060300000	A Novice Adventurer Sets Out
10060300001	The One with the Sword
10060300002	The One Riding a Peco Peco
10060300003	The One Using Spiral Pierce
10060300004	The One Riding a Dragon
10110200236	Sonic Slash
10110200235	Evil Spirit Threat
10110200234	Dark Illusion
10110200233	Rolling Cutter
10110200232	Meteor Assault
10110200231	Enhance Cloaking
10110200230	Soul Destroyer
10110200229	Shadow Step
10110200228	Assassin Normal Attack
10110200227	Cloaking Dimension (Unreleased)
10110200226	Create Ambulance
10110200225	Create Vending Cart
10110200224	Falcon Patrol
10110200223	Slow Dimension
10110200222	Flame Dimension (Unreleased)
10110200221	Hunting Trap
10110200220	Darkness Dimension
10110200219	Immobilize Dimension
10110200218	Silence Dimension
10110200217	Sleep Dimension
10110200216	Petrify Dimension (Unreleased)
10110200215	Freezing Dimension
10110200214	Flame Surge
10110200213	Ricochet Dimension
10110200212	Spatial Dimension
10110200211	Test Skill@{1}*
10110200210	Test Skill@{1}
12060000000	[Hard-Golden Thief Bug]
12060000001	[Normal-Golden Thief Bug]
12060000002	Hidden Land Boss
12060000003	[Hard-Mistress]
12060000004	[Normal-Mistress]
12060000005	[Hard-Maya]
12060000006	[Normal-Maya]
12060000007	[Hard-Osiris]
12060000008	[Normal-Osiris]
12060000009	[Normal-Pharaoh]
12060000010	[Hard-Pharaoh]
12060000011	[Normal-Moonlight Flower]
12060000012	[Hard-Moonlight Flower]
12060000013	[Normal-Baphomet]
12060000014	[Hard-Baphomet]
12060000015	[Hard-Isti]
12060000016	[Normal-Isti]
12060000017	[Final Trial-Isti]
12060000018	[Hard-Nasha]
12060000019	[Normal-Nasha]
12060000020	[Final Trial-Nasha]
12060000021	[Hard-Ilmo]
12060000022	[Normal-Ilmo]
12060000023	[Final Trial-Ilmo]
12060000024	[Hard-Mirko]
12060000025	[Normal-Mirko]
12060000026	[Final Trial-Mirko]
12060000027	[Hard-Orc Hero]
12060000028	[Normal-Orc Hero]
12060000029	[Hard-Drake]
12060000030	[Normal-Drake]
10080000068	Glast Heim Chivalry Floor @{1}
10080000067	Glast Heim Culvert Floor @{1}
10080000066	Glast Heim Aboveground Floor @{1}
10080000065	Glast Heim Monastery
10080000064	Glast Heim the Ancient City
10080000063	Shipwreck Labyrinth Floor @{1}
10080000062	Sunken Ship
10080000061	Port Malaya
10080000060	Dewata Village
10080000059	Ayothaya
10080000058	Luoyang
10080000057	Gonryun
10080000056	Amatsu
10080000055	Alberta
10080000054	Sphinx Dungeon Floor @{1}
10080000053	Pyramid Floor @{1}
10080000052	Ant Hell
10080000051	Pharos Lighthouse
10080000050	Papuchicha Forest
10080000049	Western Morroc
10080000048	Southern Sograt
10080000047	South Morroc
10080000046	Sograt Desert
10080000045	Bridge of Desert
10080000044	Desert Crossroad
10080000043	Morroc
10080000042	Abandoned Mine
10080000041	Hidden Forest
10080000040	Larva Canyon
10080000039	Mt. Mjolnir
10080000038	Mjolnir Garden
10080000037	Geffen Tower Floor @{1}
10080000036	Orc Cave
10080000035	Geffen East Gate
10080000034	Goblin Forest
10080000033	Geffen Field
10080000032	Geffen West Gate
10080000031	Geffen Outskirts
10080000030	Geffen North Gate
10080000029	Kordt Forest
10080000028	Orc Village
10080000027	Geffen
10080000026	Abandoned Village
10080000025	Payon Cave
10080000024	Payon Forest
10080000023	Deep Forest
10080000022	Eastern Payon
10080000021	Southeast Payon
10080000020	Poring Island
10080000019	Southern Payon
10080000018	Archer Village
10080000017	Payon
10080000016	Culvert Floor @{1}
260154	Adventure Guild names must be 2-7 characters long
260153	Recruitment withdrawn successfully.
260152	Recruitment posted successfully.
260151	Refreshed successfully.
260150	N/A
260149	Select up to ${1} tags.
260148	Sapling Status
260147	Care List
260146	Unlocks when Growth reaches ${1}.
260145	Member
260144	Only the prospective Adventurer Group's creator can create it.
260143	You need at least three nearby party Members to create an Adventurer Group.
260142	A party Member is not nearby.
260141	You need at least three party Members to create an Adventurer Group.
260140	Only the Party Leader can perform this action.
260139	A party Member has already joined another Adventurer Group.
260138	Create an Adventurer Group named ${1}?
260137	Go to the Adventurer Group Tree?
260136	Invite this player to the Adventurer Group?
260135	Call the Adventurer Group Members?
260134	Cancel your application?
260133	Join the Adventurer Group?
260132	Start recruitment?
260131	Cancel application?
260130	Are you sure you want to Apply to Support this Adventure Guild?
260129	Are you sure you want to create the Adventure Group?
260128	Modify recruitment information?
260127	Are you sure you want to cancel recruitment?
260126	${1} has issued an Adventure Group call. Respond?
260125	Adventure Group Call
260124	Call Issued
260123	Invite all responding Members to a party and begin creating the Adventure Group?
260122	Notice
260121	You have been removed from the Adventure Group.
260120	Left
260119	Canceled
260118	Request sent
260117	Adventure Group response recruitment posted successfully
260116	Group Chat ${1} created
260115	No Saplings Being Cared For
260114	Leader
260113	Stranger
260112	No Adventure Groups
260111	No Member Applications
13710000000	Izlude Map Description
13710000001	Payon Map Description
13710000002	Alberta Map Description
13710000003	Geffen Map Description
13710000004	Morroc Map Description
13710000005	Prontera Map Description
170073	Guild Declaration
170072	Design
110105	Current
110104	No related content
110103	None
110102	Red
110101	Orange
110100	Purple
110099	Blue
110098	Green
110097	White
110096	Rarity
110095	Chance Rewards:
110094	Main Reward:
110093	Sort by Type
110092	Sort by Quality
110091	Sort
110090	Bonfire Blessing
110089	Congratulate the winners
110088	Cancel
110087	Add
110086	Advanced accelerants grant advanced effects
110085	Change Bonfire Effect
110084	P3
110083	P2
110082	P${1}
110081	Bonfire Lv. ${1} Unlock Effect
110080	Poring Party
110079	Bonfire
110078	Use the following items to unlock the recipe?
110077	No skill selected!
110076	Not enough items. Unable to refresh!
110075	${1}'s level has increased to Lv. ${2}
110074	Product ${1} unlocked
110073	Recipe ${1} unlocked
110072	Material Type
110071	Vivify Cost
110070	Monthly Uses:
110069	Weekly Uses:
110068	Daily Uses:
110067	Not enough items. Unable to unlock!
110066	Type
110065	Trade
110064	Unlocked
110063	Output
110062	Craft
110061	Weekly Uses: limit reached (${1}/${2})!
110060	Not enough items in your Backpack. Unable to use!
110059	Interrupt
110058	Crafting
110057	Continue Crafting
110056	Abandon
110055	Abandon this crafting attempt?
110054	Not enough Vivify. Unable to gather!
110053	Not enough required items. Unable to craft!
110052	Not enough Vivify. Unable to craft!
110051	Not enough required items. Unable to advance!
110050	Job Level too low. Unable to advance!
110049	You dug up nothing but air. Keep at it!
110048	Bonfire Affix
110047	Daily quests refresh at ${1} o'clock.
110046	Distance to the Treasure: <color=#FF993F>${1}</color> meters
110045	Treasure Hunting
110044	The treasure chest is nearby. Search the area!
110043	<color=#FF993F>Treasure Discovered! Dig here to see what you find.</color>
110042	Scanning…
110041	You've reached today's limit for sending request messages. Please try again tomorrow.
110040	You've reached today's limit for receiving gifted Crystals.
110039	Participate in MVP battles, Caravans, and Daily Activity for a chance to obtain Crystals, which can be used to craft reward chests. Craft enough, and the “Chest of the Future” can be unlocked and carried over to the Season!
110038	Tap to Congratulate
110037	Gain powerful effects after the Bonfire Level-up!
91051	You cannot participate again during this session. Please Wait for the next event.
91050	【Tap to Participate】
91049	Next question in ${1}s
91048	Answer:
91047	Players ranked ${1} or higher placed the correct bet
91046	Below Rank ${1}
91045	Rank ${1}
91044	Quiz Starts
91043	Questions ${1}/${2}
91042	Resting
91041	Preparing
91040	The koi you bet on took first place!
91039	Friends
91038	Guild Channel
91037	Share
91036	Event rewards have been sent to your mailbox.
91035	First Place
91034	RO Genius LUK Star
91033	Question Timer: ${1}/${2} sec.
91032	Watch for the question in the center, decide whether it's true or false, and stand in the corresponding circle.
91031	Celebration Invitation Quiz (Question ${1}/${2})
91030	[Event]
91029	${1}
91028	${1}
91027	${1}
91026	Grand Finals
91025	Eliminations
91024	Achieved
91023	Lucky Koi Enters
91022	Forfeited
91021	Captured
91020	Bet Placed
91019	Place Bet
91018	Betting closes in: ${1}
91017	Rewards
91016	Prediction List
91015	Festival Predictions
91014	Advancing to the Finals!
91013	Exit ${1}
91012	Event rewards have been Sent to your mailbox.
91011	Event Over
91010	"Read the question, then move to the <sprite name=""activityevening_icon_riddle_right""> or <sprite name=""activityevening_icon_riddle_wrong""> area"
91009	（${1}/${2}）
91008	Opens in ${1}
91007	Join Now
91006	Event starts in: ${1}
91005	Rewards
91004	Dear student, congratulations! You've been selected to participate in the Quiz Festival! Answer questions to earn fantastic rewards. Hurry to Prontera and enter the venue!
91003	Festival Invitation
91002	Entry Time: ${1}
91001	You've been selected!\nYou're a Lucky Star!
