ID	English
52023	DMG Taken
52024	No data
52025	Back
52026	Current Battle
52027	Total Data
52028	Battle Record ${1}
52029	Statistics
13620000008	Sunken Ship
13620000007	Byalan Island
13620000006	Mt. Mjolnir
13620000005	Pharos Lighthouse
13620000004	Morroc
13620000003	Payon
13620000002	Orc Village
13620000001	Geffen
13620000000	Prontera
13610100001	Trap Hunter Mode
13610100000	Blackhole Mode
13600000005	Western Desert
13600000004	Northern Mountains
13600000003	Field
13600000002	Stronghold @{1}
13600000001	Eastern Forest
13600000000	Royal Capital
10110200264	Flasher
10110200265	Focused Arrow Strike
10110200266	Arm Cannon Enhance
10110200267	Knuckle Boost (Deprecated)
10110200268	Tension Relax
13590000012	Rune Fashion
13590000011	Manage the Guild
13590000010	Set Up a Stall at South Gate
13590000009	Appreciate the Arts
13590000008	Dress Up for a Date
13590000007	Travel with Friends
13590000006	Relax at Home
13590000005	Buy New Clothes
13590000004	Enjoy Fine Food
13590000003	Deliver Supplies
13590000002	Complete the Commission
13590000001	Secret Realm Exploration
13590000000	Skill Training
13560000010	Event Text Event Text Event Text Event Text Event Text Event Text Event Text Three
13560000009	Event Text Event Text Event Text Event Text Event Text Event Text Event Text Two
13560000008	Option B Event Text Event Text Event Text Event Text Event Text Event Text Event Text
13560000007	Option A Event Text Event Text Event Text Event Text Event Text Event Text Event Text
13560000006	Option B
13560000005	Option A
13560000004	Event Text Event Text Event Text Event Text Event Text Event Text Event Text One
13560000003	Enjoy Life: Second Activity
13560000002	Enjoy Life: First Activity
13560000001	Growth Training: Second Training
13560000000	Growth Training: First Training
13540100002	Socket @{2} Tier @{1} or higher cards
13540100001	Socket @{1} cards of Purple Quality or higher
13540100000	Insert @{1} Blue Quality or higher cards
13530000001	Payon Region
13530000000	Prontera Region
12390001257	Shattered Metal
12390001258	Common Powder
12390001259	Black Sobbing Starlight Fragment
12390001260	Magic Powder
12390001261	Special Mane
12390001262	Wolf Claw
12390001263	Orc Fang
13340100003	Active in Siege Battles
13340100002	Active in Escort Battles
13340100001	Active in Stronghold Battles
13340100000	Applies to all Territory War modes
13330300001	Stay tuned for the new Season
13330300000	Enjoy the exciting Season story
13330200004	Event
13330200003	Challenge
13330200002	Progression
13330200001	Story
13330200000	Guild
13330100005	Prepare for the upcoming Season and get a head start.
13330100004	Higher-difficulty Boss challenges are now available!
13330100003	The Holy City, symbol of ultimate glory, is now open. Join forces to capture it and plant your banner at the pinnacle of victory!
13330100002	A unique Season dungeon—gather your companions and take on the challenge together!
13330100001	An essential Season progression System that greatly increases your Power.
13330100000	Serverwide Territory War Is Here! Guilds can carve out territory on a new continent and claim lands of their own through blood and glory!
13330000009	New Season Preview
13330000008	GVE Speedrun
13330000007	New Season Preparation
13330000006	Mid-Season Settlement
13330000005	10-Player Dungeon · Hard
13330000004	Mass Territory War: Royal City Siege
13330000003	10-Player Raid · Normal
13330000002	Soul Echo
13330000001	Season Story
13330000000	Serverwide Territory War
13320000013	Sound Settings
13320000012	Other
13320000011	Target
13320000010	Casting Settings
13320000009	Name Color Settings
13320000008	HP Bar Color Settings
13320000007	Skill Callouts
13320000006	Show Cursor
13320000005	General Display
13320000004	Graphics Settings
13320000003	Graphics Quality
13320000002	Redemption Code
13320000001	PC Mode
13320000000	System Settings
13300000041	Mute When Minimized
13300000040	Character Voice
13300000039	Effects
13300000038	Music
13300000037	Master
13300000036	Display Skill Range
13300000035	Use a Normal Attack after tapping a target
13300000034	Switch Selected Target by Key
13300000033	Target Priority
13300000032	Chase Distance
13300000031	Follow-Up Logic
13300000030	Default Drag Skill Position
13300000029	Chase with Drag Skills
13300000028	Stationary Skill Follow-Up
13300000027	Casting Method
13300000026	Enhance Display
13300000025	Enemy Team
13300000024	Same Faction
13300000023	Team
13300000022	Team
13300000021	You
13300000020	Skill Callout Display Density
13300000019	Skill Callout Display Range
13300000018	Cursor Style
13300000017	Cursor Scale
13300000016	Pet Guardian Live@{1}D
13300000015	Damage Numbers
13300000014	HP Bar
13300000013	Name Information
13300000012	Name Position
13300000011	Max Characters on Screen
13300000010	UI Scale
13300000009	Display Resolution
13300000008	Vertical Sync
13300000007	Shadow Claws
13300000006	Anti-Aliasing
13300000005	Frame Rate Cap
13300000004	Graphics Quality
13300000003	Redemption Code
13300000002	Custom Layout
13300000001	Main Screen and Control Mode Selection
13300000000	Language
12390001316	Strawberry
12390001317	Salt
12390001318	Solid Wood Core
12390001319	Solid Wood Pin Mold
12390001320	Ironwood Chunk
12390001321	Ironwood Blank
12390001322	Advanced Coating
12390001323	Ironwood Core
12390001324	Ironwood Ring Mold
12390001325	Ironwood Wrapping
12390001326	Sacred Wood Chunk
12390001327	Sacred Wood Blank
12390001328	Sacred Wood Core
12390001329	Sacred Ring Mold
12390001330	Sacred Wood Wrapping
12390001331	Glyph
12390001332	Spirit Glyph
12390001333	Sacred Glyph
12390001334	Blessed Sacred Glyph
12390001335	Flax Leaf
12390001336	Cotton Tuft
12390001337	Fluffy Fiber Tuft
12390001338	Spirit Scale Stalk
12390001339	Woolly Moss
12390001340	Spirit Silk
12390001341	Fine Fiber Tuft
12390001342	Sacred Sap
12390001343	Sacred Silk
12390001344	Linen Roll
12390001345	Coarse Cotton Roll
12390001346	Woolen Cloth Roll
12390001347	Standard Thread
12390001348	Woolen Padding
12390001349	Silk Roll
12390001350	Silk Padding
12390001351	Silk Garment Blank
12390001352	Silk Shoulderwear Blank
12390001353	Silk Footwear Blank
12390001354	Advanced Thread
12390001355	Sacred Cloth Roll
12390001356	Sacred Padding
12390001357	Sacred Garment Blank
12390001358	Sacred Shoulderwear Blank
12390001359	Sacred Footwear Blank
10630000321	The Revive invitation you sent has expired.
13240000006	si
13240000005	la
13240000004	so
13240000003	fa
13240000002	mi
13240000001	re
13240000000	do
13230100002	When the Fishmen chanted, every storm fell silent. God forged that silence into a blade and carved through the will of seven thousand worlds to resist.
13230100001	When the Klein Cube was swallowed by the Eternal Land, the first gears engaged—the void split into golden patterns, only to collapse into darkness in an instant. Yet the music played on, performing the eternal struggle between order and chaos.
13230100000	The faithful of Eden cheered for the dawn, their songs becoming strings and their faith the harp's pillar. When God played the harp, even He nearly believed—that hope truly existed.
13200000008	Purple @{1}
13200000007	Orange @{1}
13200000006	Water Star
13200000005	Gold Star
13200000004	Wolf Star
13200000003	Celestial Star
13200000002	Bright Star
13200000001	Radiant Star
13200000000	Initial
13160000003	Ultra Suggested Items
13160000002	This Issue's Suggested Items
13160000001	Newly Listed Items
13160000000	Exclusive Suggested Items
13150600069	Search for Traces of the Soldier
13150600068	Touch the stone pillar.
13150600067	Take Out the part.
13150600066	Place the part in the machine.
13150600065	Pick Up the Cargo
13150600064	Defeat Baphomet
13150500021	Soul Echo
13150500020	Vigor
13150500019	Plain Balloon
13150500018	Guild Contribution
13150500017	Refine
13150500016	Hatch
13150500015	Pet
13150500014	Talent
13150500013	Butterfly Wing
13150500012	Craft
13150500011	Equip
13150500010	Fly Wing
13150500009	Accessory
13150500008	Egg
13150500007	Tree Bark
13150500006	Snake Gallbladder
13150500005	Mount
13150500004	Set
13150500003	Clothes
13150500002	Weapon
13150500001	Potion
13150500000	Accessory
13150300015	Defeat players from other guilds: +@{1} points
13150300014	Kill Monster A +@{1} Points
13150300013	Collect Magic Crystals +@{1} Points
13150300012	^{1}[Faction]^{2}
13150300011	^{1}[Event]^{2}
13150300010	^{1}[Guide]^{2}
13150300009	^{1}[Hidden]^{2}
13150300008	^{1}[Side Quest]^{2}
13150300007	^{1}[Conquest]^{2}
13150300006	^{1}[Job Advance]^{2}
13150300005	^{1}[Main Quest]^{2}
13150300004	^{1}[Commission]^{2}
13150300003	^{1}[Horse Racing]^{2}
13150300002	^{1}[Instance]^{2}
13150300001	^{1}[War of Emperium]^{2}
13150300000	^{1}[Adventure Group]^{2}
13150200100	Search for the Relic using the information provided by the Soldiers.
13150200099	Ask the Soldiers about the Relic's whereabouts.
13150200098	Help the Soldiers escape.
13150200097	Kill the restless monsters along the way.
13150200096	Find the Source of the Disturbance
13150200095	After the Relic appeared, the monsters in the area began growing restless.
13150200094	After the tremor, a glowing Relic appeared in Goblin Forest. Go investigate.
13150200093	Ki explains the background of the Nail of Discipline.
13150200092	The stone pillar activates, and Ki appears once again.
13150200091	Touch the stone pillar while carrying the device.
13150200090	The Holy Knights guarding the stone pillar block your path.
13150200089	Take Out the magic component.
13150200088	Place the magic component into the device.
13150200087	Take the cargo to the Professor and report back.
13150200086	Say goodbye to the caravan Members.
13150200085	Discover the Professor's supplies in Baphomet's lair.
13150200084	Kill Baphomet
13150200083	Continue to Search for the cargo.
13150200082	Encounter the caravan searching for the cargo.
13150200081	Search nearby for traces of the cargo.
13150100665	@{1} Season Settlement Quest - @{2}
13150100664	Rent a Demonic Wolf
13150100663	Rent a Madogear Pilot
13150100662	Rent a Peco Peco
13150100661	Rent a Falcon
13150100660	Rent a Cart Merchant
13150100659	Learn About Auto-Battle
13150100658	Learn About the Build Handbook
13150100657	Dummy Challenge
13150100656	Learn About the Trade Exchange
13150100655	Learning the Professions
13150100654	Make Lots of Friends
13150100653	Join a guild
13150100652	Introducing Soul Echoes
13150100651	Learn About Kafra: Survivor Battle
13150100650	Learn About the Commendation Vault
13150100649	Learn Refining
13150100648	Monster Collection
13150100647	Clear a Five-Player Dungeon
13150100646	Time to Explore Freely
13150100645	Reach Lv. @{1} to Experience the Third Job
13150100644	All That Is Unknown
13150100643	Time to Rest
13150100642	Oak Inn
13150100641	Generous Yet Selfish
13150100640	The Unconscious Adventurer
13150100639	An Unsolved Mystery
13150100638	A Wondrous Sight
13150100637	Seek the Truth
13150100636	Meeting Again
13150100635	The Relic's Power
13150100634	Investigate the Realm Sandbox
13150100633	The Professor's Test Subject
13150100632	Crisis Averted
13150100631	Defeat the Pharaoh
13150100630	A Dire Situation
13150100629	Approaching the Core
13150100628	A Crisis Unfolds
13150100627	A Friend in Need
13150100626	Into Peril
13150100625	The Relic's Whereabouts
13150100624	Help in a Time of Need
13150100623	The Perilous Pyramid
13150100622	Anomaly in the Pyramid
13150100621	Anomalous Arrival
13150100620	Nagging Doubts
13150100619	Reunited with Her
13150100618	A Strange Phenomenon
13150100617	The Final Step
13150100616	The Knight Order's Obstruction
13150100615	An Assistant's Duties
13150100614	Nail of Order
13150100613	Return to Its Rightful Owner
13150100612	Happy to Help
13150100611	The Mysterious Cargo Crate
13150100610	Baphomet's Ambush
13150100609	Inspect the cargo
13150100608	Continue the Search
13150100607	An Unprovoked Attack
13150100606	A Possible Witness
13150100605	Scattered Cargo Crates
13150100604	The Silent Woods
13150100603	Unusual Tremors
13150100602	An Unusual Incident
13150100601	A New Request
13150100600	Reach Lv. @{1} to Begin a New Adventure
13150100599	Lost and Found
13150100598	Retrieve the Instrument
13150100597	The Mysterious Thief Gang
13150100596	The Covert Entrance
13150100595	A Major Discover
13150100594	Time to Deduce
13150100593	Suspicious Evidence (III)
13150100592	Press On and Search
13150100591	A Nasty Monster
13150100590	Continue the Investigation
13150100589	The Terrified Man
13150100588	Deep in the Culvert
13150100587	The Dog's New Discover
13150100586	The Monster That Frightened the Dog
13150100585	Venturing Deeper
13150100584	An Unusual Preference
13150100583	Suspicious Evidence (II)
13150100582	Continue Exploring the Culvert
13150100581	The Investigator's Discovery
13150100580	Suspicious Evidence (I)
13150100579	Explore the Culvert
13150100578	The Mysterious Investigator
13150100577	Head to the Culvert
13150100576	The Professor's Request
13150100575	A Letter from the Professor
13150100574	Mentor's Gift
13150100573	Reach Lv. @{1} to Unlock New Main Quests
13150100572	The Puzzled Professor
13150100571	Watch Cutscene
13150100570	An Unpredictable Visitor
13150100569	A Familiar Face
13150100568	Strange Occurences
13150100567	The Professor's Research
13150100566	The Incubator's Purpose
13150100565	Quests Accomplished
13150100564	Bonds of Friendship
13150100563	The Captain's Concern
13150100562	The Cave Adventure Begins
13150100561	Find the Entrance
13150100560	A Clever Use for Pathfinder Ants
13150100559	Begin Brewing
13150100558	Alchemy Materials
13150100557	The Solution
13150100556	The Onlookers
13150100555	Wait for the situation to play out
13150100554	A Sudden Turn
13150100553	The Strange Girl
13150100552	The Mysterious Middle-Aged Man
13150100551	Venture Deeper into the Ant Den
13150100550	Obtain a Clue
13150100549	The Secret in the Notes
13150100548	Discover a Clue
13150100547	Clear Out the Insects
13150100546	New Clue
13150100545	Learn Talents
13150100544	Skill Learning
13150100384	Guild Activities - Guild League (Eliminations)
13150100020	Card Objective - Insert Card
13150100019	Equipment - Equipment Enchantment
13150100018	Equipment - Equipment Refining
13150100017	Equipment - Equip Gear
13150100016	Character Basics - Skill Points
13150100015	Character Basics - Stat Points
13150100014	^{1}Horse Racing GM Window^{2}
13150100013	^{1}Horse Racing Phase^{2}
13150100012	^{1}Wedding Crashers^{2}
13150100011	^{1}Whale's Back Slide^{2}
13150100010	^{1}Boneyard^{2}
13150100009	^{1}Courtyard of Chaos^{2}
13150100008	^{1}Above the Sea of Clouds^{2}
13150100007	^{1}Temple of Melody^{2}
13150100006	^{1}Earn Praise^{2}
13150100005	^{1}Earn Points^{2}
13150100004	^{1}Complete Assists^{2}
13150100003	^{1}Preparation Phase^{2}
13150100002	【Create Adventure Group】Everyone Makes the Adventure Declaration
13150000484	Defeat MVP Baphomet in a party
13150000483	Defeat MVP Pharaoh in a party
13150000482	Defeat MVP Doppelganger in a party
13150000481	Defeat MVP Dracula in a party
13150000480	Defeat MVP Moonlight Flower in a party
13150000479	Defeat MVP Osiris in a party
13150000478	Defeat MVP Mistress in a party
13150000477	Defeat MVP Eddga in a party
13150000476	Defeat MVP Goblin Leader in a party
13150000475	Defeat MVP Drake in a party
13150000474	Defeat MVP Orc Lord in a party
13150000473	Defeat MVP Maya in a party
13150000438	(No translation required)
13150000437	Reach Pet Hatching Room Lv. @{1}
13150000436	Participate in the Guild Event: Ilmatar, God of Nature @{1} times
13150000435	Clear Dark Land dungeons @{1} times
13150000434	Participate in @{1} Guild League matches
13150000433	Reach @{1} progress toward collecting all Morroc Monster Hunt rewards
13150000432	Equip @{1} Soul Echoes
13150000431	Complete the Third Job Advancement
13150000430	Participate in the Battle of Dragon Coffin Island or Kafra: Survivor Battle @{1} times
13150000429	Reach a total of @{1} Stunts on equipped gear
13150000428	Reach @{1} progress toward collecting all Monster Hunt rewards in the Geffen region
13150000427	Use a Treasure Map @{1} times (use a Standard Treasure Map from the Backpack)
13150000426	Raise any @{1} pets to Lv. @{2}
13150000425	Reach Refine Level @{1} for all equipment slots
13150000424	Reach @{1} progress for collecting all Monster Hunt rewards in the Payon Region
13150000423	Clear Natural Land dungeons @{1} times
13150000422	Complete Trans. 2nd Class Advancement
13150000421	Craft @{1} pieces of Tier @{2} equipment
13150000420	Help defeat @{1} MVPs
13150000419	Reach @{1} progress toward the Prontera Monster Hunt full collection reward
13150000418	Clear Wildlands dungeons @{1} times
13150000417	Clear Floor @{1} of the Spirit Tower
13150000416	Reach Base Lv. @{1}
10900000000	Appearance Rankings
10900000001	Fashion Rating
10900000002	Weapon Rankings
10900000003	Equipment
10900000004	Survivor Battle
10900000005	Rankings
10900000006	Overall
10900000007	Kill Ranking
10900000008	Weekly Rankings
10900000009	Win Rankings
10900000010	Spirit Tower Rankings
10900000011	Guild Rankings
10900000012	Guild Prestige
10900000013	Guild Activity
10900000014	Guild GvE
10900000015	Hall of Fame
10900000016	Dragon Coffin Island
10900000017	Weekly
10900000018	Dummy Challenge
10900000019	Overall
10900000020	Swordsmen
10900000021	Archers
10900000022	Acolytes
10900000023	Thieves
10900000024	Merchants
10900000025	Mages
13150000415	Craft @{1} Tier @{2} Purple Quality Accessories
13150000414	Craft @{1} Tier @{2} Purple Quality tops
13150000413	Allocate @{1} Stat Points
13150000412	Reach Talent Lv. @{1} in total.
13150000411	Craft @{1} Tier @{2} Purple Quality Weapons
13150000410	Daily Commission Activity Quest
13150000409	Secret Trove Activity Quest
13150000408	Temporary Plaza Dance Activity Task
13150000407	Plaza Dancing Activity Quest
13150000406	Like Temporary Activity Quests
13150000405	Like Activity Quest
13150000404	Royal City War Temporary Activity Quest
13150000403	War of Emperium Activity Quest
13150000402	Temporary State Capital Battle Activity Quest
13150000401	State Capital War Activity Mission
13150000400	Stronghold War Temporary Activity Quest
13150000399	Stronghold War Activity Quest
13150000398	Temporary Caravan Escort Activity Quest
13150000397	Escort Activity Quest
13150000396	Daily Activity Task
13150000395	Daily Activity Quest
13150000394	Temporary Battle Royale Activity Quest
13150000393	Battle Royale Activity Quest
13150000392	Temporary AFK Activity Quest
13150000391	AFK Activity Quest
13150000390	Blackhole Activity Quest
13150000389	Treasure Hunt Activity Quest
13150000388	Guild GvE Activity Quest
13150000387	Guild Bonfire Activity Quest
13150000386	Guild Caravan Activity Quest
13150000385	Life Skill Activity Quest
13150000384	@{1}-Player Dungeon Activity Quest
13150000084	Say hello to Miss Smile for Dumby.
13150000083	Say hello to the Item Merchant for Dumby.
13150000082	Say hello to the Life Skill Mentor for Dumby.
13150000081	Say hello to the Adventure Guild Mentor for Dumby.
13150000080	Say hello to Sebu Yalian for Dumby.
13150000079	Say hello to Gutey for Dumby.
13150000078	Say hello to Shansi for Dumby.
13150000077	Say hello to Antonio for Dumby.
13150000076	Defeat the monsters hidden throughout the world.
13150000075	Say hello to the Soldier in Prontera for Dumby.
13150000074	Battle of Survivors Activity Task
13150000073	Have the team Kill a total of @{1} participants
13150000072	Have the team use Camouflage @{1} times in matches
13150000071	Have the team obtain Orange Quality equipment @{1} times
13150000070	Open a total of @{1} treasure chests
13150000069	Kill @{1} Monsters (any Monster) in matches
13150000068	Use Medicine (HP recovery Medicine) @{1} times in a match
13150000067	Place in the top @{1} a total of @{2} times This Week
13150000066	Spend @{1} minutes in any Tavern room
13150000065	Complete @{1} to accept this Quest. This Quest cannot currently be completed
13150000064	This Quest is obtained when the player first enters the game. Its completion requirements are the same as @{1}
13140000006	Normal Caravan
13140000005	Elite Treasure Cart
13140000004	Teleport Station
13140000003	Outpost
13140000002	Repair Station
13140000001	Cargo Delivery Point
13140000000	Cargo Pickup Point
13100000055	Transform into a Wave
13100000054	Battlefield Skill
13100000053	Revive Protection Effect
13100000052	Starting Invincible Effect
13100000051	Transform into Flame Tornado
13100000050	Invincible Out of Combat
13100000049	Invincible and Untargetable by Enemies
13100000048	Invincible and Untargetable by Enemies or Allies
13100000047	Suffocation
13100000046	Type:
13100000045	Settlement
13100000044	Item Healing Disabled
13100000043	Item Use Disabled
13100000042	Recreational Mount Riding
13100000041	Immobilize and Disable Skills
13100000040	Crystal Burst
13100000039	Flying
13100000038	Forced Stun
13100000037	Forced Petrify
13100000036	Forced Freeze
13100000035	Forced Knockback
13100000034	Forced Launch
13100000033	On Cannon
13100000032	Masked
13100000031	Facing
13100000030	Cast Interruption Immunity
13100000029	Meditate
13100000028	Spectating
13100000027	Vehicle State
13100000026	Interaction
13100000025	Untargetable by Allies
13100000024	Untargetable
13100000023	Invincible
13100000022	Debuff Immunity
13100000021	Immunity
13100000020	Endure
13100000019	Immobilize
13100000018	Silence
13100000017	Sleep
13100000016	Stun
13100000015	Prepare Emote/Action
13100000014	Battle Status
13100000013	Skill Casting
13100000012	Emote/Action
13100000011	Idle
13100000010	Petrify
13100000009	Frozen
13100000008	Skill Use Disabled
13100000007	Movement Disabled
13100000006	Knockback Immunity
13100000005	War Machine
13100000004	Skill Movement
13100000003	Knockback
13100000002	Knock-Up
13100000001	Stealth
13100000000	Stagger
12930100005	Description of the World's Greatest Lute
12930100004	Description of the Alliance Ballista
12930100003	Description of the Undead Rapid-Fire Cannon
12930100002	Description of the Dwarven Bone Flute
12930100001	Description of the Sylvanas Statue
12930100000	Description of the Karazhan Harp
12860000000	Choco
10630000828	Failed to remove Soul Echo.
10630000827	Failed to deploy Soul Echo
10630000826	Invalid deployment slot
12610000063	Magic-Breaking Power - Orange
12610000062	Siegebreaker's Power - Orange
12610000061	Arcane Power - Orange
12610000060	War God's Power - Orange
12610000059	Magic-Breaking Power - Purple
12610000058	Siegebreaker's Power - Purple
12610000057	Arcane Power - Purple
12610000056	War God's Power - Purple
12610000055	Magic-Breaking Power - Blue
12610000054	Siegebreaker's Power - Blue
12610000053	Arcane Power - Blue
12610000052	War God's Power - Blue
12610000051	Magic-Breaking Power - Green
12610000050	Siegebreaker's Power - Green
12610000049	Arcane Power - Green
12610000048	War God's Power - Green
12610000047	Magic-Warding Power - Orange
12610000046	Bulwark's Power - Orange
12610000045	Oak's Power - Orange
12610000044	Magic-Warding Power - Purple
12610000043	Bulwark's Power - Purple
12610000042	Oak's Power - Purple
12610000041	Magic-Warding Power - Blue
12610000040	Bulwark's Power - Blue
12610000039	Oak's Power - Blue
12610000038	Magic-Warding Power - Green
12610000037	Bulwark's Power - Green
12610000036	Oak's Power - Green
12610000035	Emerald · Realm-Warding Power
12610000034	Azure · Realm-Warding Power
12610000033	Golden · Realm-Warding Power
12610000032	Crimson · Realm-Warding Power
12610000031	Emerald · Realm-Breaking Power
12610000030	Azure · Realm-Breaking Power
12610000029	Golden · Realm-Breaking Power
12610000028	Crimson · Realm-Breaking Power
12610000027	Life Percentage - Orange
12610000026	Destiny's Power - Orange
12610000025	Hummingbird's Power - Orange
12610000024	Ymir's Power - Orange
12610000023	Mountain's Power - Orange
12610000022	Hawkeye's Power - Orange
12610000021	Giant's Power - Orange
12610000020	Life Percentage - Purple
12610000019	Destiny's Power - Purple
12610000018	Hummingbird's Power - Purple
12610000017	Ymir's Power - Purple
12610000016	Mountain's Power - Purple
12610000015	Hawkeye's Power - Purple
12610000014	Giant's Power - Purple
12610000013	Life Percentage - Blue
12610000012	Power of Fate - Blue
12610000011	Hummingbird's Power - Blue
12610000010	Power of Ymir - Blue
12610000009	Power of the Mountains-Blue
12610000008	Power of Eagle Eye - Blue
12610000007	Giant's Strength-Blue
12610000006	Life Percentage - Green
12610000005	Power of Fate - Green
12610000004	Power of the Hummingbird - Green
12610000003	Ymir's Power - Green
12610000002	Power of the Mountains - Green
12610000001	Eagle Eye Power-Green
12610000000	Giant's Strength - Green
12520100003	Mysterious Arrival
12520100002	Bonfire Party
12520100001	Party Preparations
12520100000	Party Assembly
12340000098	First Prize will always be drawn from Baby Desert Wolves
12340000099	Enhance the Bonfire Blessing, granting a @{2}% Chance for rewards received every @{1} seconds to be doubled
12340000100	Number of winners for all prize tiers +@{1}
12340000101	Enhance the Bonfire Blessing to gain an Extra @{2} EXP every @{1} seconds
12340000102	Enhance the Bonfire Blessing to gain an Extra @{2} Zeny every @{1} seconds
10220200732	Hard Ironwood
10220200731	Sturdy Timber
10220200730	Lightweight Timber
10220200729	Common Timber
10220200728	Divine Silk Vine
10220200727	Spirit Silk Flower
10220200726	Mossgrass
10220200725	Cotton
10220200724	Wild Hemp Vine
10220200723	Meteorite Ore
10220200722	Radiant Gold Ore
10220200721	Mithril Ore
10220200720	Coal
10220200719	Iron Ore
10220200718	High-Tenacity Sacred Armor Plate
10220200717	Sacred Armor Plate
10220200716	Reinforced Armor Plate
12370000001	Apprentice
12370000002	Journeyman
12370000003	Expert
12370000004	Moonlit Challenger
12370000005	Grandmaster
12370100000	A beginner who has just entered the trade and is still unfamiliar with its materials and tools. No Craft Slots are unlocked yet, so only basic techniques can be used for Easy crafting.
12380000008	Gathering Expert - Horticulture
12500000004	Cow Cow Cow Cow Cow
12500000003	Cow Cow Cow Cow
12500000002	Niu Niu Niu
12500000001	Niuniu
12500000000	Cow
12430500041	START_WITH_PC_LAUNCHER
12430500040	DOWNLOADING_TITLE
12430500039	PATCH_LOAD_REMOTE_CONFIG_ERROR_ENTER_OFFLINE_MODE
12430500038	PATCH_ANALYZING_COMPLETE
12430500037	PATCH_ANALYZING_FILES
12430500036	PATCH_REPLACE_FILE_ERROR
12430500035	PATCH_DISABLE_SO_FILES_TIPS
12430500034	PATCH_CLIENT_FILE_MISSING_TIPS_@{1}
12430500033	PATCH_CLIENT_FILE_MISSING_TIPS
12430500032	NETWORK_ERROR
12430500031	PATCH_WRITE_FILE_ERROR
12430500030	PATCH_INSUFFICIENT_DEVICE_STORAGE_SPACE_ERROR
12430500029	PATCH_DOWNLOAD_FILE_ERROR
12430500028	PATCH_LOAD_REMOTE_CONFIG_ERROR
12430500027	PATCH_ERROR_AND_SKIP_TIPS
12430500026	PATCH_BUILD_CHECK_SUM_REMOTE_ERROR
12430500025	PATCH_AUDIO_BUTTON
12430500024	LOAD_REMOTE_CONFIG_SUB_MSG
12430500023	LOAD_REMOTE_CONFIG_MAIN_MSG
12430500022	MINIENGINE_LESS_THAN_REMOTE_ERROR_WIN
12430500021	MINIENGINE_LESS_THAN_REMOTE_ERROR
12430500020	PATCH_CHECK_INFO
12430500019	PATCH_NOT_WIFI_TIPS
12430500018	PATCH_PROGRESS_FORMAT@{1}S
12430500017	PATCH_PROGRESS_FORMAT@{1}M
12430500016	PATCH_PROGRESS_FORMAT@{1}H
12430500015	PATCH_PROGRESS_FORMAT
12430500014	PATCH_REPAIR_CLIENT_TIPS_IOS
12430500013	PATCH_REPAIR_CLIENT_TIPS
12430500012	PATCH_REPAIR_CLIENT_FINISH_ANDROID_TIPS
12430500011	PATCH_REPAIR_CLIENT_FINISH_TIPS
12430500010	PATCH_REPAIR_CLIENT_BUTTON
12430500009	PATCH_RESTART_TIPS@{1}
12430500008	PATCH_RESTART_TIPS
12430500007	REMOTE_GAME_VERSION_FORMAT
12430500006	LOCAL_GAME_VERSION_FORMAT
12430500005	BTN_RESTART
12430500004	BTN_IGNORE
12430500003	BTN_QUIT
12430500002	BTN_RETRY
12430500001	BTN_CANCEL
12430500000	BTN_OK
12410000073	When Lex Aeterna (×@{1}) and Fatal Claw Marks (×@{2}) are active at the same time, their multipliers are added together for ×@{3} final damage.
12410000072	"Achieving a ""@{1}-second cast"" requires special equipment."
12410000071	Salamander has been a classic RO pet since the very beginning.
12410000070	Super Novice cannot equip any weapons or armor.
12410000069	Unlike the original War of Emperium, War of Emperium: Second Edition takes place on a single large map, and guilds must destroy the Guardian Stones and Barricades to advance.
12410000068	"The ""Geneticist"" is considered T@{1} for MVP battles because the class has the highest max HP."
12410000067	In RO, the classic War of Emperium (WoE) is usually held every Wednesday from @{1}:@{2} to @{3}:@{4}.
12410000066	"In the Taiwan, Hong Kong, and Macau version of RO, the ""Eden Group"" is an exclusive club for high-level players."
12410000065	"In War of Emperium (GvG), ""set"" refers to a complete equipment setup exclusive to the Knight class."
12410000064	Dual-Dagger Assassins can slot up to @{1} Weapon Cards at once, giving them the highest Burst damage of any second-job class.
12390200005	Complete Season Trophy E
12390200004	Complete Season Trophy D
12390200003	Complete Season Trophy C
12390200002	Complete Season Trophy B
12390200001	Complete Season Trophy A
12390200000	@{1}
12390100933	Permanently unlock the Kitty Set Costume appearance
12390100932	Permanently unlock the GM Set Costume appearance
12390100931	Permanently unlock the Academy Set Costume appearance
12390100930	Activate the Academy Diary matching Mouthwear Appearance (Permanent).
12390100929	Activate the Afternoon Stroll Costume Appearance (Permanent).
12390100928	Activate the Afternoon Stroll Costume Appearance (Permanent).
12390100927	Activate the Afternoon Stroll matching Headwear Appearance (Permanent).
12390100926	Activate the Dinner Date Costume Appearance (Permanent).
12390100925	Permanently unlock the Formal Set - Face Accessory appearance
12390100924	Activate the Dinner Date matching Facewear Appearance (Permanent).
12390100923	Activate the Nine-Tone Mantra matching Theme Headwear Appearance (Permanent).
12390100922	Activate the Nine-Tone Mantra matching Theme Character Effects Appearance (Permanent).
12390100921	Permanently unlock the Mechanical Set - Body Accessory appearance
12390100920	Activate the Silverwing Covenant matching Theme Backwear Appearance (Permanent).
12390100919	Activate the Dunhuang Theme Nine-Tone Mantra Appearance (Permanent).
12390100918	Activate the Silverwing Covenant Appearance (Permanent).
12390100917	Activate the Nine-Tone Mantra matching Theme Mouthwear Appearance (Permanent).
12390100916	Activate the Silverwing Covenant matching Facewear Appearance (Permanent).
12390100915	Activate the Silverwing Covenant matching Headwear Appearance (Permanent).
12390100914	Activate the Night Judgment Costume Appearance (Permanent).
12390100913	Activate the Night Judgment matching Facewear Appearance (Permanent).
12390100912	Activate the Sweet Waltz Character Effects (Permanent).
12390100911	Activate the Strawberry Macaron Hairstyle (Permanent).
12390100910	Activate the Kitty Tail Appearance (Permanent).
12390100909	Activate the Bonnie's Afternoon Appearance (Permanent).
12390100908	Activate the Sweetheart Tea Party Costume Appearance (Permanent).
12390100907	Activate the Sweetheart Tea Party matching Headwear Appearance (Permanent).
12390100906	Activate the Worldscorch Feather matching Hairstyle Appearance (Permanent).
12390100905	Activate the Worldscorch Feather matching Backwear Appearance (Permanent).
12390100904	Permanently unlocks the Costume - World-Scorching Feathers appearance
12390100903	Activate the Worldscorch Feather matching Headwear Appearance (Permanent).
12390100902	Permanently unlocks the Giant Bow Scarf appearance
12390100901	Permanently unlocks the Crazy Bunny Family Balloon appearance
12390100900	Permanently unlocks the Crazy Bunny appearance
12390100899	Permanently unlocks the Grim Reaper's Scythe appearance
12390100898	Permanently unlocks the Wheel of Space-Time appearance
12390100897	Permanently unlocks the Blossom Fairy appearance
12390100896	Permanently unlocks the Fish In Mouth appearance
12390100895	Permanently unlocks the Pipe appearance
12390100894	Permanently unlocks the Angry Snarl appearance
12390100893	Permanently unlocks the Angel Wing Earrings appearance
12390100892	Permanently unlocks the Evil Wing Ears appearance
12390100891	Permanently unlocks the Goblin Leader Mask appearance
12390100890	Permanently unlocks the Prankster Mask appearance
12390100889	Permanently unlocks the Rune Crown appearance
12390100888	Permanently unlocks the Midnight Thorn appearance
12390100887	Permanently unlocks the Fox Mask appearance
12390100886	Permanently unlocks the Poo Poo Hat appearance
12390100885	Permanently unlocks the Sun God Helmet appearance
12390100884	Permanently unlocks the Starfish Hairpin appearance
12390100883	Permanently unlocks the Vampire Hairpin appearance
12390100882	Permanently unlocks the Moonlight Flower Hat appearance
12390100881	Permanently unlocks the Majestic Goat appearance
12390100880	Permanently unlocks the Jewel Crown appearance
12390100879	Permanently unlocks the Horned Headband appearance
12390100878	Permanently unlocks the Sphinx Hat appearance
12390100877	Permanently unlocks the Crown appearance
12390100876	Permanently unlocks the Golden Coronet appearance
12390100875	Permanently unlocks the Pirate Captain's Hat appearance
12390100874	Permanently unlocks the Grand Circlet appearance
12390100873	Permanently unlocks the Tiara appearance
12390100872	Permanently unlocks the Helmet of Orc Hero appearance
12390100871	Permanently unlocks the Evil Wing appearance
12390100870	Permanently unlocks the Golden Headwear appearance
12390100869	Permanently unlocks the Angel Headband appearance
12390100868	Permanently unlocks the School Backpack appearance
12390100867	Permanently unlocks the Grand Voyage appearance
12390100866	Permanently unlocks the Old Television appearance
12390100865	Permanently unlocks the Furry Tail appearance
12390100864	Permanently unlocks the Flame Scarf appearance
12390100863	Permanently unlocks the Child Pacifier appearance
12390100862	Permanently unlocks the Toast appearance
12390100861	Permanently unlocks the Lucky Clover appearance
12390100860	Permanently unlocks the Romantic Leaf appearance
12390100859	Permanently unlocks the Sweet Candy appearance
12390100858	Permanently unlocks the Clown Nose appearance
12390100857	Permanently unlocks the Lovely Sleep Mask appearance
12390100856	Permanently unlocks the Small Ribbons appearance
12390100855	Permanently unlocks the Blush appearance
12390100854	Permanently unlocks the Smiling Mask appearance
12390100853	Permanently unlocks the Spinning Glasses appearance
12390100852	Permanently unlocks the One-Eyed Blinker appearance
12390100851	Permanently unlocks the Urgent Care appearance
12390100850	Permanently unlocks the Black Cat Ears appearance
12390100849	Permanently unlocks the Sage's Stone Helm appearance
12390100848	Permanently unlocks the Banana Hat appearance
12390100847	Permanently unlocks the Drama Hat appearance
12390100846	Permanently unlocks the Apple Headwear appearance
12390100845	Permanently unlocks the Deviruchi Hat appearance
12390100844	Permanently unlocks the Nurse Cap appearance
12390100843	Permanently unlocks the Drooping Cat appearance
12390100842	Permanently unlocks the Playful Lace Kitty Headband appearance
12390100841	Permanently unlocks the Goggles appearance
12390100840	Permanently unlocks the Feather Bonnet appearance.
12390100839	Permanently unlocks the Bunny Hair Band appearance
12390100838	Permanently unlocks the Grand Peco Hair Accessory appearance
12390100837	 permanently unlocks the Chicken Beak appearance
12390100836	Permanently unlocks the White Beard appearance
12390100835	Permanently unlocks the Blinker appearance
12390100834	Permanently unlocks the Sunglasses appearance
12390100833	Permanently unlocks the Student Hat appearance
12390100832	Permanently unlocks the Mage's Hat appearance
12390100831	Permanently unlocks the Army Cap appearance
12390100830	Permanently unlocks the Egg Shell appearance
12390100829	Permanently unlocks the Bread Bag Hat appearance
12390100828	Permanently unlocks the Fruit Peel Hat appearance
12390100827	Deploy a Divine Arts Totem to increase your Combat Power.
12390100826	Divine Totem Exclusive Skill Book
12390100825	Pet Shards can be used to unlock and star up the corresponding Pet.
12390100824	Deprecated. If you see this text, please report the issue to the pet system lead.
12390100823	Use to unlock Secret History of Prontera: @{1} of @{2}
12390100822	Use to unlock Chapter 2 of a book
12390100821	Use to unlock Chapter 1 of a book
12390100820	Mount · Magic Carpet can be unlocked upon use.
12390100819	Mount · Baby Kun can be unlocked upon use.
12390100818	Mount · Fish of the Northern Deep can be unlocked upon use.
12390100817	Mount · Crab You Very Much can be unlocked upon use.
12390100816	No Translation Required
12390100815	Mount · Savage can be unlocked upon use.
12390100814	Mount · Ostrich can be unlocked upon use.
12390100813	Mount · Fox can be unlocked upon use.
12390100812	Mount · Hyena can be unlocked upon use.
12390100811	Mount · Alpaca can be unlocked upon use.
12390100810	Mount · Lion can be unlocked upon use.
12390100809	Mount · Big Poring can be unlocked upon use.
12390100808	Mount · Dream Steed can be unlocked upon use.
12390100807	Mount · Eggshell Chubby Chick can be unlocked upon use.
12390100806	Mount · Wind-Up Rocking Chair can be unlocked upon use.
12390100805	Mount · Goblin Balloon can be unlocked upon use.
12390100804	Mount · Pompadour can be unlocked upon use.
12390100803	Mount · Fluffy Bunny can be unlocked upon use.
12390100802	Mount · Orchid Waterside Pavilion can be unlocked upon use.
12390100801	Mount · Solar Chariot can be unlocked upon use.
12390100800	Mount · Starshatter Dragon can be unlocked upon use.
12390100799	Use to Activate the Set Sail Name Card Theme.
12390100798	Use to Activate the Meow Name Card Theme.
12390100797	Use to Activate the Bouquet Name Card Theme.
12390100796	Use to Activate the Land of Lilies of the Valley Name Card Location.
12390100795	Use to Activate the Path of Adventure Name Card Location.
12390100794	A coin formed from the crystallized faith of Valhalla. Used to increase the level of Heroic Spirit statues.
12390100793	Test Name Card@{1}-Permanent
12390100792	Use to Activate the Fashion Gala title for @{1} hours.
12390100791	Use to Activate the Hero Registry title for @{1} hours.
12390100790	Use to Activate the Spirit Conqueror title for @{1} hours.
12390100789	Use to Activate the Star of Rekenber title (Permanent).
12390100788	Use to Activate the Novice's Pride title (Permanent).
12390100787	Use to Activate the Ten Great Heroes title for @{1} hours.
12390100786	Use to Activate the Victory of the Covenant Bubble (Permanent).
12390100785	Use to Activate the Rift in the Sky Bubble (Permanent).
12390100784	Use to Activate the Victory of the Covenant Portrait Frame (Permanent).
12390100783	Use to Activate the Genesis Canticle Portrait Frame (Permanent).
12390100782	Use to Activate Composer (Permanent).
12390100781	Use to Activate the Star of Rekenber Portrait (Permanent).
12390100780	A crystal imbued with magical energy. It powers Magic Equipment and is used to prepare for the New World.
12390100779	Participate in MVP hunts to receive large quantities of Minted Coins, Cards, and other resources. Rewards have already been sent directly to your Backpack.
12390100778	The Eden Group presents this reward to Adventurers who participated in Rift Crisis. Open it to receive a few small gifts from the Eden Group.
12390100777	The Eden Group presents this reward to Adventurers who made an outstanding Contribution during Rift Crisis. Open it to receive a mysterious gift specially prepared by the Eden Group.
12390100776	The Eden Group presents this reward to Adventurers who made a Contribution during unusual events. Open it to receive the Eden Group's thanks.
12390100775	Open the gift box to receive 1 random Purple-, Blue-, or Green-quality card.
12390100774	Open the Card album to receive @{1} random Green or Blue Quality Cards.
12390100773	Basic Card Pack containing a variety of Green Cards.
12390100772	A card album used to store cards. It's so old that it's hard to tell which cards are inside.
12390100771	Can be opened at Lv. @{1} to receive @{2} Crystals.
12390100770	Open to receive a generous Crystal reward.
12390100769	Open to receive Dig Boss Assist Rewards.
12390100768	Open to receive Dig Boss Kill Rewards.
12390100767	Open to receive Dig Elite Kill Rewards.
12390100766	Open to select and receive 1 piece of T@{1} Red upper-body equipment.
12390100765	Open to receive the Nine-Tone Mantra Costume set.
12390100764	Open to receive a random Soul Echo.
12390100763	Open to receive random Soul Echoes and Soul Echo EXP.
12390100762	Open to select and receive 1 Purple Card.
12390100761	Open to receive 1 random item from the following selection.
12390100760	Open to receive 1 random Orange Divine Art Totem.
12390100759	Open to receive 1 random Blue or Purple Card.
12390100758	Open to receive 10,000 × @{1} Minted Coins.
12390100757	Open to receive @{1} Zeny.
12390100756	Open to receive Soul Echo EXP.
12390100755	Open to receive @{1} Oridecon and @{2} Aluminum.
12390100754	Grants one random Refinement Blessing material.
12390100753	Grants a random Advanced Divine Art Totem Skill Book.
12390100752	Randomly obtain a low-tier Divine Totem Skill Book.
12390100751	Randomly obtain one piece of Blue, Purple, or Orange Headwear.
12390100750	Obtain Green and Blue Headgear Materials, plus one random Purple or Orange Headgear Material.
12390100749	Open to select and obtain one Blue Card.
12390100748	Open to select and receive one T@{1} Orange equipment item.
12390100747	Open to select one T@{1} orange weapon.
12390100746	Open the gift box to receive one random Refinement Material.
12390100745	Open to obtain a Card: Savage Babe.
12390100744	Open the gift box to receive a random Purple Quality card.
12390100743	A lavish gift awarded to active participants in the Territory War.
12390100742	The highest honor reserved for those who achieve outstanding merit in the Territory War.
12390100741	Open this chest to select one type of T@{1} Fragment.
12390100740	Open to receive a Tier @{1} Orange weapon for your class.
12390100739	Open this gift box to randomly obtain one Card of any Rarity.
12390100738	A test gift pack. Open it to receive a large number of potions.
12390100737	Commemorative Medal E Description
12390100736	Commemorative Medal D Description
12390100735	Commemorative Medal C Description
12390100734	Commemorative Medal B Description
12380000000	Energy-Efficient Gathering
12380000001	Focused Gathering
12380000002	Advanced Gathering - Mining
12380000003	Advanced Gathering - Logging
12380000004	Advanced Gathering - Horticulture
12380000005	Expert Forager
12380000006	Gathering Expert - Mining
12380000007	Gathering Expert - Logging
53000	Age-appropriate tips
53002	Confirm
53003	Real-Name Registration
53004	Dear player, in accordance with the National Press and Publication Administration’s “Notification on Preventing Minors from Becoming Addicted to Online Games” and “Notification on Further Strengthening Regulations to Effectively Prevent Minors from Becoming Addicted to Online Games,” accounts without verified real-name registration cannot access the game. Please complete real-name registration as soon as possible.
53005	Real-Name Registration
53006	Exit Game
53007	Underage players may only Login ROO <color=#cc762a>from 20:00 to 21:00 on Fridays, Saturdays, Sundays, and legal holidays</color>. You have been verified as an underage player and <color=#cc762a>cannot enter the game at this time</color>. For details, please see the official Anti-Addiction System announcement.
53008	For underage players, Login ROO is available <color=#cc762a>only from 20:00 to 21:00 on Fridays, Saturdays, Sundays, and public holidays</color>. You cannot play outside these hours. Please remember to take breaks.
53009	In accordance with the Notification on Preventing Online Gaming Addiction Among Minors issued by the National Press and Publication Administration, paid game services are unavailable to users under the age of 8.
53010	Your spending this month has reached <color=#cc762a>${1} RMB</color>. This transaction would exceed the monthly top-up limit. Please spend responsibly and top up in moderation.\n\nAccording to the Notification on Preventing Minors from Becoming Addicted to Online Games issued by the National Press and Publication Administration, users aged 8 to under 16 may top up no more than RMB 50 per transaction and RMB 200 per month.
53011	"Your spending this month has reached <color=#cc762a>${1} RMB</color>. This purchase would exceed the monthly top-up limit. Please spend responsibly and top up in moderation.\n\nUnder the National Press and Publication Administration's ""Notification on Preventing Minors from Becoming Addicted to Online Games,"" users ages 16 to under 18 may not top up more than RMB 100 per transaction or RMB 400 per month."
53012	"This purchase exceeds <color=#cc762a>RMB 50</color>, so the top-up failed. Please spend responsibly and top up in moderation.\n\nAccording to the ""Notification on Preventing Minors from Becoming Addicted to Online Games"" issued by the National Press and Publication Administration, players aged 8 to under 16 may top up no more than RMB 50 per transaction and RMB 200 per month."
53013	This transaction exceeds <color=#cc762a>RMB 100</color>, so the top-up failed. Please spend responsibly and top up in moderation.\n\nAccording to the Notification on Preventing Minors from Becoming Addicted to Online Games issued by the National Press and Publication Administration, players aged 16 to under 18 may not top up more than RMB 100 per transaction or RMB 400 per month.
53014	Anti-Addiction Information
53015	Less than ${1} minutes of playtime remain today.
53016	Request successful
53017	Parameter error
53018	Invalid request. Invalid signature.
53019	You cannot make purchases because your identity has not been verified.
53020	Failed to verify player identity information
53021	Guest accounts cannot make purchases.
53022	This game is suitable for users aged 12 and older. Minors should play under parental supervision. For your health, please limit your playtime appropriately. Our company actively abides by the Online Game Industry Self-Regulation Convention on Preventing Gaming Addiction. According to the National Press and Publication Administration's Notification on Preventing Minors from Becoming Addicted to Online Games, all online game users must complete real-name account registration using valid identification information. Minors are subject to anti-addiction Function restrictions.
12380000031	Enhanced Crafting - Tailoring
12380000032	Crafting Moonlit Challenger - Forging
12380000033	Crafting Moonlit Challenger - Carving
12380000034	Crafting Moonlit Challenger - Tailoring
12380000035	Material Recovery
12380000036	Rapid Crafting
12380000037	Growth Crafting
12380000038	Golden Touch
12380000039	Lossless Crafting
12380000040	Cost-Free Crafting
12380000041	Crafting Set
12380000042	Vivify Multiplier
12380000043	Harvest
12380000044	Life Skill Moonlit Challenger
12380000045	Life Skill Grandmaster
12380000046	Life Skill Expert
12380000047	Life Skill Adept
12380000048	Peak Productivity
12380000049	Skill Ascension
12380000050	Emergency Recovery
12380000051	Enhanced Potency
12380000052	One for Many
12390100733	Commemorative Medal A Description
12390100732	Open to receive all of the following Soul Echoes.
12390100731	Open to receive one common crafting material.
12390100730	Open to receive a certain number of Unclaimed Soul Crystals.
12390100729	Open this gift box to randomly obtain one of the following Soul Echoes.
12390100728	Contents vary depending on the Season in which it is opened.
12390100727	Ore from the dwarven realm of Vartalheim, blessed by a legendary armorsmith.\n^{1}Use: Used to refine armor. On failure, the Refine Level will not decrease^{2}
12390100726	Secret ore from the dwarven realm of Vartalheim, said in Legend to share the same origin as the world itself. It is every craftsperson's lifelong pursuit.\n^{1}Use: Used to refine weapons and accessories. Increases the refinement success rate; on failure, the Refine Level will not decrease and the equipment will not be damaged^{2}
12390100725	Ore from the dwarven realm of Vartalheim, blessed by a legendary weaponsmith.\n^{1}Use: Used to refine weapons and accessories. On failure, the Refine Level will not decrease^{2}
12390100724	A lightweight, nontoxic Metal that makes any armor refined with it stronger.\n^{1}Use: Can be used to refine armor and accessories from +@{1} to +@{2}^{2}
12390100723	High-density Oridecon formed over many years deep underground. It can refine weapons and accessories with a higher Refine Level.\n^{1}Use: Can be used to refine weapons and accessories from +@{1} to +@{2}^{2}
12390100722	A mysterious Metal known as Oridecon. Harder than anything else, it was discovered by the Enhance Association to be useful for refining weapons and accessories.\n^{1} Use: Can be used to refine weapons and accessories from +@{1} to +@{2} ^{2}
12390100721	Open to receive @{1} Card: Whisper, @{2} Blue Card Shards, and @{3} Diamonds.
12390100720	Open to select one piece of T@{1} Orange Equipment.
12390100719	Open to select one Weapon.
12390100718	Beginner's Chest--Can be opened upon reaching Base Lv. @{1}.
12390100717	Open this gift box to obtain a certain number of Candles of Contemplation.
12390100716	Open this gift box to randomly obtain one of the following Divine Art Totem Skill Books.
12390100715	Open this gift box to randomly obtain one of the following Soul Echoes.
12390100714	Open this gift box to obtain a large number of progression items.
12390100713	Open this Pack to obtain @{1} Star Diamond I and @{2} Starlight Silk I.
12390100712	Open to obtain a Tier @{1} Weapon Blueprint and the required Crafting Materials.
12390100711	Open to obtain @{1} Spirit Pact Stones, @{2} Pet Training Diary I, and @{3} Diamonds.
12390100710	Open to obtain @{1} Card: Eclipse, @{2} Blue Card Fragments, and @{3} Diamonds.
12390100709	Open to obtain Card: Golden Thief Bug, a large amount of Zeny, and some Blue Card Fragments.
12390100708	Open this gift box for a chance to obtain a large amount of Diamonds, Equipment Refining Materials, and Rare Cards.
12390100707	Open this Pack to obtain a Tier @{1} Weapon Crafting Blueprint, an Armor Crafting Blueprint, and the corresponding Crafting Materials.
12390100706	Normal Gift Box
12390100705	Deluxe Gift Box
12390100704	Advanced Treasure Chest
12390100703	Mysterious Treasure Chest
12390100702	Surprise Pack
12390100701	A large carnivorous fish that requires high-quality water. Its meat is delicious and said to be good for your health.
12390100700	A top-quality fish used in many dishes. Its high price makes it difficult to enjoy regularly.
12390100699	A transparent jellyfish with a moon-shaped marking on its head. It is said to glow at night.
12390100698	A blue-backed fish from Frozen waters that's very nutritious. Feed for the Pet [Leafy Cat]. Weight: @{1}
12390100697	A sea urchin covered in spiky armor. Handle it carefully, or it may prick your hand.
12390100696	An eight-legged mollusk. It will Launch ink when threatened, so be careful.
12390100695	A premium, colorful, and delicious sea bream used in many dishes.
12390100694	Also known as mandarin fish. An aggressive predator that feeds on other fish. It stops feeding in winter, making that a poor time to catch it.
12390100693	Also known as blackfish, snakehead, or fortune fish. Its wide distribution, high yield, and rapid reproduction make it valuable for aquaculture.
12390100692	A shimmering star fragment from the intertidal zone. Legend says its tentacles absorb moonlight.
12390100691	An amphibian with incredible jumping ability. Its slippery body makes it difficult to catch.
12390100690	An eel renowned for its strength. One of the best fish for restoring energy.
12390100689	A versatile carp raised for food, medicine, and decoration. In some regions, it is considered a sign of good fortune.
12390100688	A blue crab used in many dishes. Sometimes used as bait.
12390100687	DHA-rich mackerel that is sometimes used as bait.
12390100686	A small, common Basilac Clam that is easy to catch almost anywhere. Sometimes used as bait.
12390100685	A crustacean with five pairs of legs. It turns pink when cooked and is absolutely delicious.
12390100684	Enhanced sacred armor plating combining high durability with holy protection, providing top-tier defense.
12390100683	Armor plating made from an alloy blessed by holy light, providing advanced protection.
12390100682	Armor plating treated to Enhance its strength, providing intermediate protection.
12390100681	Armor plating forged from ordinary Metal, providing basic protection.
12390100680	A semi-finished sacred cloth material for footwear, offering both a blessing bonus and comfortable protection.
12390100679	A semi-finished sacred cloth material for shoulder armor. Its blessed Orbit provides Extra DEF.
12390100678	A semi-finished material processed from sacred cloth rolls. Used to craft advanced clothing or armor with blessing effects.
12390100677	Fabric used to line sacred equipment, providing a blessing bonus and greater protection.
12390100676	A roll of sacred cloth radiating intense holy light. Used to craft advanced equipment.
12390100675	High-quality silk thread made from fine silk fibers. Used to sew advanced clothing or equipment.
12390100674	A semi-finished silk material for footwear. Used to craft fine footwear or armor.
12390100673	A semi-finished silk material designed for shoulder armor. Used to craft fine shoulder equipment or armor.
12390100672	A semi-finished material made from initially processed raw silk. Used to craft fine clothing or armor.
12390100671	Silk material used to line clothing or armor, providing both comfort and Extra cushioning.
12390100670	A roll woven from high-quality silk. Its smooth yet durable texture makes it ideal for crafting fine equipment.
12390100669	Woolen material used to line clothing or armor, providing Extra warmth and cushioning.
12390100668	Common silk thread used to sew clothing or light cloth equipment.
12390100667	A roll of woolen cloth that provides good insulation, commonly used to Craft Fine equipment.
12390100666	A roll of coarse Cotton cloth used to make common cloth equipment and for basic sewing.
12390100665	A roll woven from hemp cloth, used to make simple equipment.
12390100664	Thread imbued with a sacred blessing, used to weave sacred cloth or blessed armor with a faint shimmering glow.
12390100663	Liquid extracted from a sacred plant. Its Divine Light and purification properties make it useful for crafting advanced equipment.
12390100662	A bundle of high-quality fibers refined through multiple processes for a smooth, durable finish. Used to make advanced fabric or light armor.
12390100661	Spirit-infused thread used to sew robes or craft Enchant equipment, enhancing the equipment's magical responsiveness.
12390100660	A special moss that grows in damp areas. It can be gathered and spun into warm fibers.
12390100659	A mysterious plant stem infused with nature's energy. It is said to give fabric an affinity for magic.
12390100658	Plant fluff that drifts on the wind. It can be gathered and used as stuffing.
12390100657	A soft bundle of Cotton that can be processed into Cotton cloth or used as stuffing. Commonly used in textiles.
12390100656	Rough hemp leaves found in the wilderness, used to weave coarse cloth or make basic yarn.
12390100655	A wooden rune imbued with the power of blessings that grants equipment Extra advanced magical effects.
12390100654	A wooden rune imbued with holy light that can add powerful magical effects to equipment.
12390100653	A wooden rune imbued with spiritual power that can add Extra magical properties to equipment.
12390100652	A wooden rune engraved with mysterious symbols. It can add basic magical properties to equipment.
12390100651	Wrapping material made from Sacred Wood, used to craft advanced equipment with blessed effects.
12390100650	A specialized mold for crafting advanced rings and accessories imbued with blessed properties.
12390100649	Core Wood taken from within a Sacred Wood Chunk. Its spiritual energy is pure, and it is used to craft advanced equipment.
12390100648	A partially finished piece processed from a Sacred Wood block, retaining the wood's resilience and sacred properties.
12390100647	A block of Sacred Wood that emits a faint glow, used to craft advanced equipment.
12390100646	An Ironwood outer layer used to wrap equipment, improving its durability and handling.
12390100645	A precision mold carved from Ironwood, used to make strong yet resilient rings.
12390100644	Core material extracted from an Ironwood block. Hard and resistant to breaking, it is ideal for crafting fine equipment.
12390100643	A high-strength coating applied in multiple layers, providing excellent protection and corrosion resistance.
12390100642	A partially finished piece made from an Ironwood block. It can be further polished into a fine equipment component.
12390100641	Processed from Ironwood. Its hardness and resilience make it ideal for crafting fine equipment.
12390100640	An accessory mold carefully carved from solid wood. Every detail has been meticulously refined to ensure a flawless finished product.
12390100639	Pure wood taken from the heart of solid timber, offering exceptional resilience and support.
12390100638	White crystals used as a basic seasoning to enhance the savory flavor of dishes.
12390100637	A juicy, bright Red Strawberry used to decorate desserts and flavor dishes.\nObtainable through ^{1}Life Skill - Gardener^{2}. Used by the Life Skill - Chef for Cooking.
12390100636	A clear, colorless liquid used in cooking to remove unwanted odors and enhance aroma.
12390100635	A Yellow, oval-shaped fruit used to season dishes and enhance their aroma.\nObtainable through ^{1}Life Skill - Gardener^{2}. Used by the Life Skill - Chef for Cooking.
12390100634	White granulated crystals used to sweeten dishes.
12390100633	Tender animal meat that can be grilled or stewed for a variety of meat dishes.
12390100632	An umbrella-shaped mushroom with thick, savory flesh, often used in stews and stir-fries.\nObtainable through ^{1}Life Skill - Gardener^{2}. Used by the Life Skill - Chef for Cooking.
12390100631	A juicy, bright Red fruit with a sweet-and-sour flavor, perfect for stews or soup bases.\nObtainable through ^{1}Life Skill - Gardener^{2}. Used by the Life Skill - Chef for Cooking.
12390100630	Dark brown beans that can be ground into Cacao powder for making desserts.\nObtainable through ^{1}Life Skill - Gardener^{2}. Used by the Life Skill - Chef for Cooking.
12390100629	A round Purple fruit that can be made into fine wine or desserts.\nObtainable through ^{1}Life Skill - Gardener^{2}. Used by the Life Skill - Chef for Cooking.
12390100628	Bright Red and spicy, it adds heat and aroma to Cooking.\nObtainable through ^{1}Life Skill - Gardener^{2}. Used by the Life Skill - Chef for Cooking.
12390100627	Golden Grains that can be ground into flour for noodles, pastries, and other dishes.\nObtainable through ^{1}Life Skill - Gardener^{2}. Used by the Life Skill - Chef for Cooking.
10500100000	Growth@{1}
10500100001	Gameplay@{1}
10500100002	Connect@{1}
10500100003	Appearance @{1}
10500100004	Basic @{1}
10500100005	Server@{1}
12390100626	Tender Green leaves from a Basic herb that adds aroma and flavor to Cooking.\nObtainable through ^{1}Life Skill - Gardener^{2}. Used by the Life Skill - Chef for Cooking.
12390100625	White Herb: Its pure White leaves add a subtle herbal aroma to Cooking.\nObtainable through ^{1}Life Skill - Gardener^{2}. Used by the Life Skill - Chef for Cooking.
12390100624	Yellow Herb: Golden in color, it enhances the aroma and flavor of Cooking.\nObtainable through ^{1}Life Skill - Gardener^{2}. Used by the Life Skill - Chef for Cooking.
12390100623	A bright Red Herb that adds a unique flavor and medicinal properties to Cooking.\nObtainable through ^{1}Life Skill - Gardener^{2}. Used by the Life Skill - Chef for Cooking.
12390100622	Legendary sharpening Material imbued with the power of a meteorite. It grants Weapons devastating power.\nObtainable through ^{1}Life Skill - Miner^{2}. Used to Craft T@{1} Equipment.
12390100621	Premium sharpening Material infused with the essence of luminous gold. It gives Weapons astonishing sharpness.\nObtainable through ^{1}Life Skill - Miner^{2}. Used to Craft T@{1} Equipment.
12390100620	A whetstone polished multiple times to greatly improve a weapon's cutting power and durability.
12390100619	A whetstone made using a special process. It improves a Weapon's sharpness.\nObtainable through ^{1}Life Skill - Miner^{2}. Used to Craft T@{1} Equipment.
12390100618	A hilt forged from Meteor Metal and imbued with the power of a falling star. It greatly improves weapon performance and handling.
12390100617	A dense Meteor Metal block compressed using a special process. Its energy purity and strength have reached their peak, making it ideal for crafting advanced weapons.
12390100616	A sharp blade forged from Meteor Metal. Its potential to pierce anything makes it a vital component of advanced weapons.
12390100615	A Metal block taken from the core of a meteorite. Its exceptional purity and energy make it a precious material for crafting advanced equipment.
12390100614	A high-grade grinding wheel made with precision techniques, capable of ultra-fine polishing when crafting advanced weapons.
12390100613	A hilt forged from a dense Radiant Gold block. Its smooth, sturdy finish makes it ideal for crafting fine weapons.
12390100612	A Radiant Gold block refined under extreme heat and pressure for optimal Metal purity and strength, ideal for crafting fine weapon parts.
12390100611	A blade forged from radiant gold with exceptional sharpness and durability. Suitable for crafting fine weapons.
12390100610	A Metal bar smelted from radiant gold. Lightweight yet hard, it is a core material for crafting fine equipment.
12390100609	A grip forged from mithril that improves a weapon's handling and durability. Suitable for crafting standard weapons.
12390100608	Made from rough stone, it grinds efficiently but provides only an average polish. Suitable for sharpening standard weapons.
12390100607	A Metal bar smelted from mithril. Both tough and lightweight, it can be used to forge standard equipment.
12390100606	Soaking iron several times in a special solution increases its strength, producing harder weapons and armor.
12390100605	High-quality compressed coal that burns at extremely high temperatures. Combining it with iron produces stronger steel.
12390100604	Not only is it sufficiently hard, but it is also easier to work with than other Metals.
12390100603	Ore containing meteorite that can be refined into a Meteorite Chunk.\nObtainable through ^{1}Life Skill - Miner^{2}. Used to Craft T@{1} Equipment.
12390100602	A precious gemstone that gleams like a cat's eye and radiates a beautiful light.\nObtainable through ^{1}Life Skill - Miner^{2}. Used to Craft T@{1} Equipment.
12390100601	An extremely sturdy stone with exceptional hardness, used to make Weapons.\nObtainable through ^{1}Life Skill - Miner^{2}. Used to Craft T@{1} Equipment.
12390100600	Ore containing luminous gold that can be refined into a Luminous Gold Ingot.\nObtainable through ^{1}Life Skill - Miner^{2}. Used to Craft T@{1} Equipment.
12390100599	Ore containing mithril that can be refined into a Mithril Ingot.\nObtainable through ^{1}Life Skill - Miner^{2}. Used to Craft T@{1} Equipment.
12390100598	As night falls, the stars resemble carefully Collected gemstones. Awed by their light rippling like water, people named this stone Sobbing Starlight.\nObtainable through ^{1}Life Skill - Miner^{2}. Used to Craft T@{1} Equipment.
12390100597	A Normal stone found almost anywhere. It may look unremarkable, but it still has its uses.\nObtainable through ^{1}Life Skill - Miner^{2}. Used to Craft T@{1} Equipment.
12390100596	Ore rich in carbon. The coal extracted from it can be refined with iron to produce Steel.\nObtainable through ^{1}Life Skill - Miner^{2}. Used to Craft T@{1} Equipment.
12390100595	Ore containing iron that can be refined into an Iron Ingot.\nObtainable through ^{1}Life Skill - Miner^{2}. Used to Craft T@{1} Equipment.
12390100594	Restores @{1} Life Skill Vigor upon use.
12390100593	An official certificate issued by the workshop, signifying that the holder has passed the Job Advance assessment and is qualified to independently pursue a Life Skill.
12390100592	Item used to Learn a skill.
12390100591	Item used to Level-up a title.
12390100590	Hide from a blue Pegasus said to exist only in Legend!\nIt's warm and soft to the touch.
12390100589	A hard shell from a monster. Available from the Collector.
12390100588	A shell from a turtle's back. Once dried, it becomes extremely hard and can be processed into many useful items. Available from the Collector.
12390100587	A geometrically shaped fragment of Sobbing Starlight. It might be restored if the pieces are carefully reassembled.
12390100586	A fragment of a star cluster suspended in the sky. It can increase a weapon's strength when used in crafting.
12390100585	A knife-sharp scale that can be processed into many useful items. Available from the Collector.
12390100584	A fingernail taken from the dead. Available from the Collector.
12390100583	A piece of a star that can be refined into Star Crumbs.
12390100582	A canine tooth obtained from a creature called an Orc. Available from the Collector.
12390100581	A toenail clipped from a wolf's paw. Available from the Collector.
12390100580	Rare mane taken from a monster. Tough and magical, it can be used to make high-grade fabric or in alchemical formulas.
12390100579	Mysterious powder infused with magical energy. An essential material for Enchant and alchemy.
12390100578	A shattered black Sobbing Starlight. Though it has lost its full power, it still has special uses.
12390100577	Crude mineral powder commonly used in basic alchemy or Easy Enchant, though its effects are limited.
12390100576	Damaged Metal fragments of low purity. They can be smelted down for Reforge or used in alchemical experiments.
12390100575	Supplies used in Territory War.
12390100574	Item used to Level-up a Soul Echo. Grants @{1} EXP.
12390100573	Obtained by Dismantling Divine Arts Totems. Used to exchange for items in the Divine Arts Totem Shop.
12390100572	Divine Arts Totem Reset Materials.
12390100571	Item used to Level-up a Divine Arts Totem. Grants @{1} EXP.
12390100570	Reset Materials for a Divine Arts Totem.
12390100569	Grants a chance to obtain Tier @{1} Equipment of varying Rarity.
12390100568	The finest Tier @{1} Red Equipment.
12390100567	The finest Red Equipment.
12390100566	Brilliant Tier @{1} Orange Equipment with impressive offensive and defensive capabilities.
12390100565	Brilliant Orange Equipment with impressive offensive and defensive capabilities.
12390100564	Magnificent Purple Equipment, clearly crafted by a Moonlit Challenger.
12390100563	Fine Blue Equipment with impressive offensive and defensive capabilities.
12390100562	Fine Tier @{1} Green Equipment with impressive ATK and DEF.
12390100561	Fine Green Equipment with impressive ATK and DEF.
12390100560	Obtain a full set of Tier @{1} Equipment Crafting Blueprints and Crafting Materials.
12390100559	Randomly obtain either Oridecon or Elunium.
12390100558	Chance to obtain Orange Quality Headwear.
12390100557	Chance to obtain Purple Quality Headwear.
12390100556	Chance to obtain Blue Quality Headwear.
12390100555	Obtain the specified Soul Echo.
12390100554	Grants one of the following mounts based on your class.
12390100553	Orange material used to craft headgear.
12390100552	Purple material used to craft headgear.
12390100551	Blue material used to craft headgear.
12390100550	Green material used to craft headgear.
12390100549	Grants forging blueprints for a Tier @{1} equipment set.
12390100548	Grants Equipment Forging materials.
12390100547	Grants a Tier @{1} blue weapon for your class.
12390100546	Grants various types of Equipment Forging blueprints.
12390100545	Grants a Job Advance Weapon.
12390100544	Randomly grants a card of varying quality.
12390100543	Grants a chance to obtain a green-quality Card.
12390100542	Grants a chance to obtain a Red Quality Card.
12390100541	Grants a chance to obtain an Orange Quality Card.
12390100540	Grants a chance to obtain a Purple Quality Card.
12390100539	Grants a chance to obtain a Blue Quality Card.
12390100538	A radiant Soul Echo.
12390100537	An ornate Soul Echo.
10560000000	${1} approved ${2}'s application to Join a guild. Welcome, ${2}!
10560000001	Unfortunately, ${1} has left the guild.
10560000002	${1} removed ${2} from the guild.
10560000003	${1} changed ${2}'s position from ${3} to ${4}.
10560000004	${1}'s position changed from ${2} to xxx (Deprecated)
10560000005	${1} transferred guild leadership to ${2}.
10560000006	${1} successfully impeached Guild Leader ${2} and became the new Guild Leader.
10560000007	${1} joined the guild. Welcome, welcome!
10560000008	The guild spent ${1} Guild Funds to Level-up building ${2} to Lv. ${3}.
10560000009	${1} spent ${2} Guild Contribution to Level-up the ${3} building to Lv. ${4}.
10560000010	${1} spent ${2} Guild Supplies to Level-up the ${3} effect.
10560000011	${1} spent ${2} Guild Supplies to activate the ${4} strategy for ${3}.
10560000012	${1} spent ${2} Guild Funds to purchase ${3} × ${4}.
10560000013	${1}, ${2}, and ${3} founded the guild together. This is where the dream begins!
12390100536	A fine Soul Echo.
12390100535	Grants a chance to obtain the following items.
12390100534	Ornate Tier @{1} Purple Equipment, clearly crafted by the Moonlit Challenger.
12390100533	Fine Tier @{1} Blue Equipment with impressive ATK and DEF.
12390100532	Common Tier @{1} Blue Equipment that can protect against ordinary enemies.
12390100531	A Normal Tier @{1} Green Weapon capable of handling Low-grade monsters.
12390100530	A detailed Equipment Crafting Blueprint used for Equipment Forging.
12390100529	A tiny bow that looks like it could only fit around a cat's or dog's neck. It smells a little funky...
12390100528	A device used to Hatch Eggs, but you have no idea how to use it yet.
12390100527	Whoa! A surprise drop—it looks like something incredible!
12390100526	A very revealing vest. No idea who Discarded it on the ground.
12390100525	A filthy uniform and pair of shoes. Who knows who left them lying here?
12390100524	This instrument is said to extract particles of longing, and it's the only one on the entire continent.
12390100523	A mysterious compass given to you by a mysterious woman. It clearly hides some secret!
12390100522	"An extremely intricate component stamped ""Made in Juno"" on the bottom."
12390100521	A colorful Tiger Pelt from Eddga.
12390100520	A makeshift litter box.
12390100519	A highly intelligent, purple-skinned Demon Poring who's very close to you!
12150100000	(Special Blessing) Activate to view its effects
12390100518	An Airship Ticket sold by a Black Market Merchant.
12390100517	Quest Items: Fabre slime.
12390100516	Quest Items: Poring's medicinal herbs.
12390100515	A shimmering liquid.
12390100514	Similar to a Big Scell, but with a brighter crystal.
12390100513	A crystal that emits a mysterious glow.
12390100512	A colorful Worm Peeling.
12390100511	Beautiful silver fur.
12390100510	Similar to a Large Jellopy, but with a brighter crystalline glow.
12390100509	Extremely tough Animal Skin.
12390100508	An item that inspires unwavering loyalty to the army.
12390100507	An item Assassins use to erase human emotion.
12390100506	Metal that shines as brilliantly as the sun.
12390100505	A four-leaf Lucky Clover.
12390100504	A gemstone that emits a pink glow.
12390100503	A gemstone that emits a purple glow.
12390100502	A viscous liquid with a glaring color. It really stands out at night.
12390100501	A large piece of Scell.
12390100500	Yellow quartz.
12390100499	A sturdy-looking Insect shell.
12390100498	Dried hides curled up into the shape of a circle.
12390100497	A feather imbued with alluring magic.
12390100496	Sweet Bananas made by preserving ripe bananas in syrup.
12390100495	A high-quality silver Pocket Watch.
12390100494	A large, beautiful, and extremely Rare Feather from a Peco Peco's wing.
12390100493	An item collected from a Beehive.
12390100492	A large piece of Jellopy.
12390100491	A tiny wing from a Deviruchi.
12390100490	An item made by exploiting the habits of Thief Bugs.
12390100489	A beautiful Crystal Fragment. Look closely, and you'll see an eye-shaped Astral Sign at its center.
12390100488	A clear, transparent gemstone.
12390100487	A mysterious, transparent cloth that glows.
12390100486	A sweet, highly nutritious liquid.
12390100485	An unidentified viscous liquid.
12390100484	Obtained by skinning an animal.
12390100483	Quite soft fur.
12390100482	A plant with three heart-shaped leaves.
12390100481	Juice pressed from apples.
12390100480	A crystal obtained from certain monsters.
12390100479	A tough piece of hide from a monster.
12390100478	A bone from an undead Skeleton Soldier.
12390100477	The hard shell of a monster.
12390100476	A crystal obtained from certain monsters.
12390100475	A Rare mineral that emits a blue glow.
12390100474	An empty bottle.
12390100473	Trunk.
12390100472	A special Magic item that can predict and reveal the distant future.
12390100471	A golden crystal that looks as though it contains the sun.
12390100470	A small bead made of glass.
12390100469	A Rare Ore that glows Red.
12390100468	A fragment of Yellow jade.
12390100467	A hard, crystal-clear gemstone.
12390100466	A Rare material used for Special Talent Level-up.\nOnce your understanding of a Talent reaches a stable stage,\nits power is formally engraved, becoming an unmistakable mark.
12390100465	A common material used for Talent Level-up.\nA faint trace left behind through the continued use and understanding of a Talent.
12390100464	Rare materials for title promotion.
12390100463	A Rare Material used to Advance titles.\nIt can also be Dismantled into a lower-Rarity ^{1}Crest of Freedom^{2}.
12390100462	A Rare Material used to Advance titles.\nIt can be Combined into a higher-Rarity ^{1}Crest of Moon^{2}, which is used to Advance higher-ranking titles.\nIt can also be Dismantled into a lower-Rarity ^{3}Crest of Conquer^{4}.
12390100461	A Rare Material used to Advance titles.\nIt can be Combined into a higher-Rarity ^{1}Crest of Freedom^{2}, which is used to Advance higher-ranking titles.\nIt can also be Dismantled into a lower-Rarity ^{3}Crest of Venture^{4}.
12390100460	A Rare Material used to Advance titles.\nIt can be Combined into a higher-Rarity ^{1}Crest of Conquer^{2}, which is used to Advance higher-ranking titles.\nIt can also be Dismantled into a lower-Rarity ^{3}Crest of Journey^{4}.
12390100459	A Rare Material used to Advance titles.\nIt can also be Combined into a higher-Rarity ^{1}Crest of Venture^{2}, which is used to Advance higher-ranking titles.
12390100458	Some say this dew occasionally forms on the leaves of Yggdrasil. It contains the primal, creative power of Life and can be used for a Pet's Breakthrough.
12390100457	A by-product of alchemical Pet Hatching. Dismantle to receive @{1} Proficiency.
12390100456	"A catalytic medium created from the theoretical ""fifth Element."" It can Accelerate the creation of a Pet Egg."
12390100455	An unusual salt with large grains. One of the Materials used to create a Pet Egg.
12390100454	A strangely shaped Green, root-like object. One of the Materials used to create a Pet Egg.
12390100453	A long Feather from a raven's tail that shimmers with colorful light. One of the Materials used to create a Pet Egg.
12390100452	Obtained from Mine Planet Treasure Hunt. Used to purchase appearances from the Appearance Shop.
12390100451	A feline favorite used to draw items in Mine Planet Treasure Hunt.
12390100450	A reward obtained by helping with Guild Caravan submissions.
12390100449	Select one S-Rank pet.
12390100448	An Emperium that shines brilliantly. According to ancient texts, it appears only before those destined to change the world. Required to create a guild.
12390100447	Obtained through Pet Hatching and Pet Shard Dismantling. Can be exchanged for items in the Pet Shop.
12390100446	An egg used for Pet Hatching.
12390100445	Use to Change Guild Name.
12390100444	A Pet Care Guide that Records how to form a close bond with a Pet. Use it to grant a Pet @{1} EXP.
12390100443	A pink gemstone from Daidai's Collector's collection. Can be used for prize wheel draws.
12390100442	A gemstone that glows Green. Can be exchanged for Headwear.
12390100441	A gemstone that glows Purple. Can be exchanged for Headwear.
12390100440	A gemstone that glows turquoise. Can be exchanged for Headwear.
12390100439	A gemstone that glows Yellow. Can be exchanged for Headwear.
12390100438	A gemstone that emits a White glow. Can be exchanged for Headwear.
12390100437	A gemstone that emits a Blue glow. Can be exchanged for Headwear.
12390100436	A gemstone that emits a deep Red glow. Can be exchanged for Headwear.
12390100435	A gemstone that emits a pink glow. Can be exchanged for Headwear.
12390100434	A fragment of a star. Can be exchanged for Headwear.
12390100433	An orb symbolizing the sun god. Its dazzling Gold radiance is almost blinding. Can be exchanged for Headwear.
12390100432	A small glass bead often used as a toy by children. Can be exchanged for Headwear.
12390100431	A four-leaf Lucky Clover. Legend says it brings good LUK. Can be exchanged for Headwear.
12390100430	A Hand of God imbued with profound religious significance. Can be exchanged for Headwear.
12390100429	A Trunk. Can be exchanged for Headwear.
12390100428	Beautiful silver fur. Can be exchanged for Headwear.
12390100427	The Red heart of an Obeaune. It always looks like it's still beating. Can be exchanged for Headwear.
12390100426	A dragon scale as hard as Steel. Legend says it provides exceptional resistance to both cold and heat. Can be exchanged for Headwear.
12390100425	A Metal that shines as brilliantly as the sun. Though difficult to work with, its rarity undoubtedly makes it extremely valuable among metals. Can be exchanged for Headwear.
12390100424	A crystal obtained from certain monsters. Can be exchanged for Headwear.
12390100423	A Plant that glows alone at midnight in a forest seldom visited by people. It is said that heaven can be seen in its light, but its glow fades if the flower is picked. Can be exchanged for Headwear.
12390100422	A fairy's whiskers. Can be exchanged for Headwear.
12390100421	A Single Cell. Can be exchanged for Headwear.
12390100420	A Deviruchi horn. Can be exchanged for Headwear.
12390100419	Iron strengthened by repeatedly soaking it in a special Potion. Can be exchanged for Headwear.
12390100418	Alice's Apron. Can be exchanged for Headwear.
12390100417	A Tiger's Footskin said to be very beneficial to one's health. Can be exchanged for Headwear.
12390100416	A Plant with three heart-shaped leaves that blooms with White flowers from month @{1} to month @{2}. Four-leaf specimens can sometimes be found. This Plant is called a Lucky Clover, and Legend says it brings good LUK. Can be exchanged for Headwear.
12390100415	A Fox tail. Can be exchanged for Headwear.
12390100414	A crystal obtained from certain monsters. Can be exchanged for Headwear.
12390100413	An empty bottle. Can be exchanged for Headwear.
12390100412	A Plant's long, slender stem. Can be exchanged for Headwear.
12390100411	Liquid oozing from damaged Tree Bark. Can be exchanged for Headwear.
12390100410	A tuft of hair dropped by Muffin. It still has a bit of a smell. Can be exchanged for Headwear.
12390100409	Soft mold powder. Can be exchanged for Headwear.
12390100408	A hard beak obtained from a Flying monster or Brute. Can be exchanged for Headwear.
12390100407	Cow's milk, considered the most nutritious food for a Child during the Growth Stage. Can be exchanged for Headwear.
250001	Level-up is only available after all prerequisite talent nodes reach Max level.
250002	Reach Lv. ${1} to Level-up
250003	Stat Overview
250004	Lv. ${1}
250005	Talent attributes will reset when the Season changes.
250006	Level-up
250007	Cost
12390100406	Fur skinned from a Brute. Can be exchanged for Headwear.
12390100405	Fur from a Flying monster or Brute. Can be exchanged for Headwear.
12390100404	A monster's hard shell. Can be exchanged for Headwear.
12390100403	A common Arrow that can be found anywhere. Can be exchanged for Headwear.
12390100402	Used to unlock Muka Emotes.
12390100401	Used to unlock Deviling Emotes.
250014	Max level
250015	Goddess's Movement
250016	Complete Music Energy objectives during the event. Fill the progress bar to make a Wish to the Goddess and earn tons of rewards.
250017	Performed
250018	Go Perform
250019	Claim
250020	Accumulated Rewards
250021	Wish Preview
250022	<color=#fffefc><size=32>Entire Server's Total Music Energy:</size></color>
250023	Entire Server Total Energy
250024	Once the energy is full, you can make a Wish to the Goddess.
250025	Energy is full! Tap the note to make a Wish!
250026	Prelude I: Song of the Deep Sea
250027	Prelude II: Solar Leap
250028	Prelude III · Vigil of the Eternal Night
250029	Prelude IV: Infinite Harmony
250030	Wish
250031	Wish change limit before the event ends: N/A
250032	Current Wish
250033	Confirm
250034	The time has not yet come for your wish to be granted.
250035	Please choose a wish
250036	Save Selection
250037	Obtained through a Clue event
250038	Tap a note button to change its note. Play the correct melody to increase collection progress.
250039	Goddess's Hint
250040	Play Music
250041	Tap to continue
250042	Performance Successful
250043	View
250044	Awaiting Performance
250045	Goddess's Overture II
250046	Cannot claim before check-in time
250047	Overture I rings out as ${1} successfully contributes music energy
250048	${1} completes Overture I, increasing music energy for the Entire Server
250049	A beautiful melody rings out as ${1} successfully performs Overture II
250050	Thanks to ${1}, Overture II rings out once more
250051	${1} performs Overture III, increasing music energy
250052	${1} successfully performs the beautiful movement of Overture III
250053	${1} completes Overture IV, performing an incomparable movement
250054	Music energy increases as ${1} completes Overture IV
250055	Distance until S1 Season officially begins: <color=#ede79d><size=72>${1}</size></color> days
250056	Distance until S1 Season officially begins: <color=#ede79d><size=72>${1}</size></color> hours
250057	Distance until S1 Season officially begins: <color=#ede79d><size=72>${1}</size></color> minutes
250058	<color=#ede79d>${1}</color>
250059	<color=#97e553>${1}</color>
250060	You can only faintly make out note ${1}
250061	Unlocks <color=#76c233>Tomorrow</color>
250062	Unlocks in <color=#76c233>${1}</color>
250063	This movement has not started yet
250064	Select all notes before you begin playing
250065	(Collected)
250066	Goddess's Overture I
250067	Goddess's Overture II
250068	Goddess's Overture III
250069	Goddess's Overture IV
12390100400	Used to unlock various Emotes.
12390100399	Use to receive Advanced Guild Benefits.
12390100398	Use to receive Intermediate Guild Benefits.
12390100397	Use to receive Beginner Guild Benefits.
12390100396	Use to send every guild Member except each Temporary Member an Advanced Pack by mail. The Pack contains advanced growth Material.
250075	Unlocks when total Talent Lv. reaches ${1}
12390100395	Use to send every guild Member except each Temporary Member an Intermediate Pack by mail. The Pack contains intermediate growth Material.
12390100394	Use to send every guild Member except each Temporary Member a Basic Pack by mail. The Pack contains basic growth Material.
12390100393	Use to unlock the guild Frame: Hunting Emblem · Executioner.
250079	The Clue is nearby. Search carefully!
250080	Stats
250081	Job Talents
250082	Tap to activate when all prerequisite Talents reach Max level
250083	Available Branches
250084	Select
250085	Replace
250086	In Effect
250087	Please select a Job Talent
250088	Confirm
250089	Current Max level reached
250090	<color=#c27b47>${1}</color>/${2}
250091	Suggested Build: ${1}
12390100392	Use to unlock the guild Frame: Hunting Emblem · Conqueror.
12390100391	Use to unlock the guild Frame: Hunting Emblem · Pursuer.
12390100390	Use to unlock the guild Frame: Hunting Emblem · Warden.
12390100389	Use to unlock the guild emblem frame: Starcrown Ring.
12390100388	Use to unlock the guild emblem frame: Dark Crystal Ring.
12390100387	Use to unlock the guild emblem frame: Frostsky Ring.
12390100386	Use to unlock the Guild Emblem: Proof of the Hunt · Executioner.
12390100385	Use to unlock the Guild Emblem: Proof of the Hunt · Conqueror.
12390100384	Use to unlock the Guild Emblem: Proof of the Hunt · Pursuer.
12390100383	Use to unlock the Guild Emblem: Proof of the Hunt · Warden.
12390100382	Use to unlock the guild emblem design: Little Flower.
12390100381	Use to unlock the guild emblem design: Castle.
12390100380	Use to unlock the guild emblem design: Shield.
12390100379	Use to unlock the guild emblem design: Order of Ten Thousand Cities.
12390100378	Use to unlock the guild emblem design: Primordial Chaos.
12390100377	Use to unlock the guild emblem design: God of Nature.
12390100376	In the glow of the Bonfire, the words in the manual seem to dance. After reading a few lines, your body begins to feel unfamiliar yet adorable again...\n^{1}Effect: Can only be used after you Transform at the Poring Party. Use it to randomly change your transformed appearance again.^{2}
12390100375	Place it in the Guild Bonfire to generate @{1} random Orange Quality stat, which will randomly replace @{2} of the Bonfire's current stats.
12390100374	Place it in the Guild Bonfire to generate @{1} random Purple Quality stat, which will randomly replace @{2} of the Bonfire's current stats.
12390100373	Place it in the Guild Bonfire to generate @{1} random Blue Quality stat, which will randomly replace @{2} of the Bonfire's current stats.
12390100372	Equip it to a Constellation in Astral Level to gain attribute bonuses.
12390100371	An Adventurer Guild profile card unlock item. Use it to unlock the ^{1}Netherworld - Shattered Tower^{2} Adventurer Guild profile card.
12390100370	A Tavern gift item purchased from the Shop.\nSelect a player in a Tavern room to send them this gift. The recipient gains ^{1}@{1} Star Power^{2}, while the room gains ^{3}@{2} Popularity^{4}.
12390100369	A Tavern gift item obtained by completing daily Tavern quests.\nSelect a player in a Tavern room to send them this gift. The recipient gains ^{1}@{1} Star Power^{2}, while the room gains ^{3}@{2} Popularity^{4}.
12390100368	Material used to Craft an Accessory.
12390100367	Material used to Craft Clothes, Pauldrons, or Shoes.
12390100366	Material used to Craft a Weapon or shield.
12390100365	A hard, lustrous crystal. Can be used for Equipment Forging.
12390100364	An Astral Sign imbued with mysterious power. Can be used for Equipment Forging.
12390100363	A sturdy yet beautiful stone used to add sockets to equipment.
12390100362	Used for card Level-up.
12390100361	Obtained by dismantling Purple Cards. Can be used for the Level-up of red and Orange Cards.
12390100360	Obtained by dismantling blue and green cards. Can be used to purchase cards.
12390100359	A ticket that increases the maximum number of storage slots.
12390100358	A ticket that increases the maximum number of Backpack slots.
12390100357	Pressing the button produces a blue flash. Anyone who sees the light seems to forget part of their memory, allowing their skill tree to be wiped clean.\n^{1}Use: Resets allocated skill points^{2}
12390100356	Rumor has it that anyone who understands this fragment can return their attributes to their Initial state.\n^{1}Use: Resets allocated stat points^{2}
12390100355	Fabric woven from threads that have bathed in starlight for years, gathering the mysterious power of the stars. It grants greater power to armor.\n^{1}Use: Can be used to Enhance armor from +@{1} to +@{2}^{2}
12390100354	A premium @{1}-carat diamond whose dazzling, laser-like brilliance grants greater power to weapons and accessories.\n^{1}Use: Can be used to Enhance weapons and accessories from +@{2} to +@{3}^{2}
12390100353	An extremely precious ore from the dwarven realm of Wat Alheim, coveted by every craftsman.\n^{1}Effect: Used to Refine an Accessory. Increases the Success Rate and prevents level loss or damage if Refinement Failed.^{2}
12390100352	An ore from the dwarven realm of Wat Alheim, said to have received the Blessing of a legendary dwarven craftsman.\n^{1}Effect: Used to Refine an Accessory. Prevents level loss if Refinement Failed.^{2}
10630000519	Not enough cards for Collection
10630000520	Collection failed
10630000521	Card exchange failed
10630000522	@{1}-star cards cannot be returned
10630000523	Invalid Collection card star rating
10630000524	Cards of this quality cannot be added to the Collection
10630000525	Cards of this quality yield no Collection rewards
10630000526	Hatchery level too low for Quick Hatch
10630000527	Pet unlocked
10630000528	Not enough materials to unlock.
10630000529	Pet not yet unlocked
10630000530	Unable to Level-up under the current conditions
10630000531	Pet Level-up cannot exceed the player's level
10630000532	Not enough materials to level up.
10630000533	Maximum rank reached for the current star rating
10630000534	Not enough materials to advance
10630000535	Pet has reached the maximum star rating
10630000536	Pet has not reached the maximum rank
10630000537	Not enough materials to breakthrough.
10630000538	Invalid deployment slot
10630000539	No pet is deployed in this slot
10630000540	Maximum number of deployed pets of this type reached
12390100329	At the ^{3}northeasternmost corner^{4} of the fields ^{1}outside Prontera West Gate^{2}, an abandoned ^{5}camp Bonfire^{6} sits on a grassy slope. The mix of fresh and old straw nearby warrants a closer look.
12390100328	The ^{1}northwestern corner of Prontera^{2} is a favorite gathering place for knights. The treasure is buried ^{3}beneath the large tree beside the shop directly behind them^{4}.
12390100327	At the very back of the ^{1}Prontera Library^{2}, find the ^{3}bookshelf^{4} that looks untouched. Its corners are sealed beneath thick dust, and the secret lies within.
12390100326	In the most peaceful corner of the courtyard behind the ^{1}Prontera Inn^{2}, look ^{3}between the bench and the flowers^{4} for the patch of ground most often brushed by birds' wings.
12390100325	Beneath the dappled shade of the ^{3}third tree^{4} in front of the ^{1}Prontera Church^{2}, seek the spot where the most devout monk once stood for hours. His personal gift is hidden there.
12390100324	The target lies ^{1}in front of the statue of Odin in Prontera Plaza^{2}. Follow the direction indicated by the tip of its hoof to Discover the hidden object ^{3}in the gap between the bench and the stone steps^{4}.
12390100323	Part of what appears to be a map. It radiates a magical aura.
12390100322	A map drawn by ancient emperors to mark their most precious treasures. To keep others from coveting them, they tore the map into fragments and hid them in different places.
12390100321	An old Treasure Map that may just be someone's idle scribbling.
12390100320	Contains valuable progression resources for the next Season. Can be opened and used next Season. Be sure to keep it safe.
12390100319	A translucent, emerald-green Crystal orb with a new sprout growing inside. Can be used to craft a Memory Coffer during the Gift of Time event.
12390100318	A translucent, dark-purple Crystal orb containing embers that have yet to burn out. Can be used to craft a Memory Coffer during the Gift of Time event.
12390100317	A translucent, silver-gray Crystal orb with mist swirling inside. Can be used to craft a Memory Coffer during the Gift of Time event.
12390100316	A translucent, golden Crystal orb filled with shimmering, dancing starlight. Can be used to craft a Memory Coffer during the Gift of Time event.
12390100315	A translucent, deep-blue Crystal orb with what appears to be waves rolling inside. Can be used to craft a Memory Coffer during the Gift of Time event.
12390100314	Used to purchase items from the shop during the Novice Challenge event.
12390100313	Tap to gift a pass to a friend.
12390100312	A scroll imbued with Magic that can be used for Equipment Enchantment.\n^{1}Effect: Can be used for Equipment Enchantment^{2}
12390100311	A mane dropped by the boss. Exceptionally tough.
12390100310	The snake that laid this egg must be huge.
12390100309	They say this is an extremely expensive medicinal ingredient in Payon.
12390100308	Willow bark really is tougher than ordinary Tree Bark!
12390100307	Professor Ryan's experimental results.
12390100306	Professor Ryan's notebook.
12390100305	Proof that you passed the Novice Trial! You'll need it for your Job Advance~
12390100304	A flatbread left sitting for a long time. It can stave off hunger and provide a beneficial effect.
12390100303	A precious flower that murmurs to itself even when no one is listening. It's the Rocker's favorite item.
12390100302	Eddga surely never imagined someone would do this to him for such a reason
12390100301	An extremely sticky liquid obtained from a Willow.
12390100300	Testimony obtained by investigating Clive.
12390100299	Testimony obtained by investigating Nita.
12390100298	Testimony obtained by investigating Hollgrehenn.
12390100297	Maya's loyal servant. It can smell its master even from thousands of miles away.
12390100296	Use on a map where Caravan Escort is active to Go to Map's nearest Teleport station
12390100295	Use on a map where Caravan Escort is active to Go to Map's nearest outpost
12390100294	Range: @{1}-@{2} m\nVertical Firing Arc: @{3}-@{4} degrees\nHorizontal Firing Arc: @{5} degrees\nAmmo Capacity: @{6} rounds\nRounds per Launch: @{7}\nAim Time: @{8} sec\nReload Time: @{9} sec\nDamage: High\nAdditional Effect: Blind\nCannot move after construction. Find a good spot to build it and unleash its full firepower.
12390100293	Range: @{1}-@{2} m\nVertical Firing Arc: @{3}-@{4} degrees\nHorizontal Firing Arc: @{5} degrees\nAmmo Capacity: @{6} rounds\nRounds per Launch: @{7}\nAim Time: @{8} sec\nReload Time: @{9} sec\nDamage: High\nAdditional Effect: Heals allied targets\nCannot move after construction. Find a good spot to build it and unleash its full firepower.
12390100292	Range: @{1}-@{2} m\nVertical Firing Arc: @{3}-@{4} degrees\nHorizontal Firing Arc: @{5} degrees\nAmmo Capacity: @{6} rounds\nRounds per Launch: @{7}\nAim Time: @{8} sec\nReload Time: @{9} sec\nDamage: High\nAdditional Effect: Chain Lightning\nCannot move after construction. Find a good spot to build it and unleash its full firepower.
12390100291	Range: @{1}-@{2} m\nVertical Firing Arc: @{3}-@{4} degrees\nHorizontal Firing Arc: @{5} degrees\nAmmo Capacity: @{6} rounds\nRounds per Launch: @{7}\nAim Time: @{8} sec\nReload Time: @{9} sec\nDamage: Low\nAdditional Effect: Heals allied targets\nCannot move after construction. Find a good spot to build it and unleash its full firepower.
12390100290	Range: @{1}-@{2} m\nVertical Firing Arc: @{3}-@{4} degrees\nHorizontal Firing Arc: @{5} degrees\nAmmo Capacity: @{6} rounds\nRounds per Launch: @{7}\nAim Time: @{8} sec\nReload Time: @{9} sec\nDamage: Medium\nAdditional Effect: Poring shells Split into more Poring shells upon landing\nCannot move after construction. Find a good spot to build it and unleash its full firepower.
12390100289	Use to create a Madogear Pilot repair zone for @{1} seconds. Madogear Pilots within the zone can be repaired.
12390100288	A Peco Peco equipped with a Vulcan cannon.
12390100287	A steel tank equipped with weapons such as a flamethrower and mortar. Operated by a crew of three.
12390100286	A Madogear Pilot made of adamantine, a material ten times heavier than steel. It represents the pinnacle of Physical DEF.
12390100285	A Madogear Pilot made of exceptionally Rare mithril with incredible hardness.
12390100284	A Madogear Pilot crafted from Steel refined and combined from Iron Ore. The Material is @{1}% stronger than pure iron.
12390100283	Range: @{1}-@{2} m\nVertical Firing Arc: @{3}-@{4} degrees\nHorizontal Firing Arc: @{5} degrees\nAmmo Capacity: @{6} rounds\nRounds per Launch: @{7}\nAim Time: @{8} sec\nReload Time: @{9} sec\nDamage: Low\nAdditional Effect: Burn\nCannot move after construction. Find a good spot to build it and unleash its full firepower.
12390100282	Range: @{1}-@{2} m\nVertical Firing Arc: @{3}-@{4} degrees\nHorizontal Firing Arc: @{5} degrees\nAmmo Capacity: @{6} rounds\nRounds per Launch: @{7}\nAim Time: @{8} sec\nReload Time: @{9} sec\nDamage: High\nAdditional Effect: Knockback\nCannot move after construction. Find a good spot to build it and unleash its full firepower.
12390100281	Range: @{1}-@{2} m\nVertical Firing Arc: @{3}-@{4} degrees\nHorizontal Firing Arc: @{5} degrees\nAmmo Capacity: @{6} rounds\nRounds per Launch: @{7}\nAim Time: @{8} sec\nReload Time: @{9} sec\nDamage: High\nAdditional Effect: Burn\nCannot move after construction. Find a good spot to build it and unleash its full firepower.
12390100280	Range: @{1}-@{2} m\nVertical Firing Arc: @{3}-@{4} degrees\nHorizontal Firing Arc: @{5} degrees\nAmmo Capacity: @{6} rounds\nRounds per Launch: @{7}\nAim Time: @{8} sec\nReload Time: @{9} sec\nDamage: Medium\nAdditional Effect: Knockback\nCannot move after construction. Find a good spot to build it and unleash its full firepower.
12390100279	Even a tiny balloon can express your feelings~\n^{1}Intimacy +@{1}, recipient's Popularity +@{2}, your Hearts +@{3}
12390100278	"Twinkling stars and blooming Fireworks are all saying, ""I love you""~\n^{1}Intimacy +@{1}, recipient's Popularity +@{2}, your Hearts +@{3}\nGiving this gift will trigger an Entire Server announcement!"
12390100277	Fireworks dance like dreams upon the breeze as the tender night keeps you company.\n^{1}Intimacy +@{1}, recipient's Popularity +@{2}, your Hearts +@{3}\nGiving this gift will trigger an Entire Server announcement!
12390100276	Fireworks and love both last forever in a single fleeting moment!\n^{1}Intimacy +@{1}, recipient's Popularity +@{2}, your Hearts +@{3}\nGiving this gift will trigger an Entire Server announcement!
12390100275	An extravagant, sparkly balloon that brings happiness to its recipient. Give it to someone special!\n^{1}Intimacy +@{1}, recipient's Popularity +@{2}, your Hearts +@{3}\nGiving this gift will trigger an Entire Server announcement!
12390100274	A cute, sparkly balloon. Give it to someone special!\n^{1}Intimacy +@{1}, recipient's Popularity +@{2}, your Hearts +@{3}\nGiving this gift will trigger an Entire Server announcement!
12390100273	A sparkly balloon that everyone is sure to love~\n^{1}Intimacy +@{1}, recipient's Popularity +@{2}, your Hearts +@{3}^{2}Dear\nGiving this gift will trigger an Entire Server announcement!
12390100272	Toot, toot, toot! Use this special Lunatic Horn to shout to everyone and trigger a special shout effect
12390100271	Toot, toot, toot! Use this special Deviruchi Horn to shout to everyone and trigger a special shout effect.
12390100270	Toot, toot, toot! Use a Small Horn to shout to everyone.
12390100269	An arrow made of solid rock and imbued with the power of earth.\n^{1}Equipping Stone Arrow with a bow changes your attack property to Earth.^{2}
12390100268	A Magic Arrow imbued with the power of a raging gale and the power of Wind.\n^{1}When Arrow of Wind is equipped on a Bow, attacks become Wind property.^{2}
12390100267	A silver arrow imbued with holy power.\n^{1}Equipping Silver Arrow with a bow changes your attack property to Holy.^{2}
12390100266	An arrow made of Crystal and imbued with the power of water.\n^{1}Equipping Crystal Arrow with a bow changes your attack property to Water.^{2}
12390100265	An arrow with a tip that can be set ablaze.\n^{1}Equipping Fire Arrow with a bow changes your attack property to Fire.^{2}
12390100264	An arrow made of steel with considerable attack power.
12390100263	A common Arrow that can be obtained anywhere.
12390100262	Legend says this leaf fell from Yggdrasil. It contains immense Life energy and can Revive a Character who can no longer Battle
12390100261	A branch steeped in countless years of suffering and bound by a blood pact. It can summon more powerful monsters. (This item can only be used on certain maps.)
12390100260	An ancient branch imbued with magic. Its mysterious power can summon any living creature. (This item can only be used on certain maps.)
12390100259	A Fly Wing imbued with spatial Magic. Use it to Move to a random location on the current map.
12390100258	A Butterfly Wing imbued with spatial Magic. Use it to Move to a selected town or Field on the Midgard continent.
12390100257	A sparkling, translucent green seed. Use to permanently increase Max Life by @{1}.
12390100256	A faintly glowing Crystal shield. Use to permanently increase Magic DEF by @{1}.
10630000541	Pet must reach the maximum star rating before it can be dismantled
10630000542	Pet level cannot exceed the player's level
10630000543	Pet configuration does not exist
10630000544	Pet Level too low. Requires Lv. @{1}
10630000545	Pet is already deployed
10630000546	Pet is already assigned as support
10630000547	Pet Not Deployed
10630000548	Pet is not assigned as support
10630000549	Pet is currently deployed or assigned as support
10630000550	Pet is not in the specified slot
10630000551	Invalid operation
10630000552	Invalid support slot
10630000553	Cannot perform this action while deployed or in Battle Status
10630000554	Invalid Pet Preset
10630000555	A pet in the Pet Preset does not exist
12390100240	Freshly squeezed Grape and Lemon juices blended into a bright, sweet-and-tart drink. Increases Magic DEF by @{1}~@{2} for @{3} hours.
12390100239	Grape powder dissolved in sparkling water, topped with persistent purple-red foam. Increases Physical DEF by @{1}~@{2} for @{3} hours.
12390100238	Lemon and herbs infused in Alcohol until as clear as Crystal. Increases Life by @{1}~@{2} for @{3} hours.
12390100237	A deep purple cocktail of Grape juice, Lemon juice, and Alcohol, shaken well. Increases Magic ATK by @{1}~@{2} for @{3} hours.
12390100236	Slow-fermented Grape wine with a deep purple hue and herbal finish. Increases Physical ATK by @{1}~@{2} for @{3} hours.
12390100235	Strawberry and cocoa melted into warm Milk, creating a rich pinkish-brown drink. Increases Magic DEF by @{1}~@{2} for @{3} hours.
12390100234	A thick pink milkshake blended from strawberries and Milk. Increases Physical DEF by @{1}~@{2} for @{3} hours.
12390100233	Thick hot cocoa flavored with vanilla and topped with fine Milk foam. Increases Life by @{1}~@{2} for @{3} hours.
12390100232	Round strawberry-and-cocoa-filled candies coated in a hard sugar shell. Increases Magic ATK by @{1}~@{2} for @{3} hours.
12390100231	Strawberry juice boiled into amber hard candy and broken into shards. Increases Physical ATK by @{1}~@{2} for @{3} hours.
12390100230	A coarse, thick flatbread baked from Grains flour mixed with monster meat and chili peppers. Increases Magic DEF by @{1}~@{2} for @{3} hours.
12390100229	Monster meat marinated in chili sauce and seared on a griddle until crisp outside and tender within. Increases Physical DEF by @{1}~@{2} for @{3} hours.
12390100228	Fresh mushrooms skewered and charcoal-grilled until browned outside and plump within. Increases Life by @{1}~@{2} for @{3} hours.
12390100227	Mushrooms and tomatoes simmered together into a fragrant amber broth. Increases Magic ATK by @{1}~@{2} for @{3} hours.
12390100226	Slow-simmered tomatoes reduced into a rich orange-red broth with a robust tangy aroma. Increases Physical ATK by @{1}~@{2} for @{3} hours.
12390100225	The result of a cooking failure. Eating it may bring misfortune.
12390100224	A mysterious potion that cures nearly every negative status effect.
12390100223	A mysterious liquid shimmering with every color of the rainbow. Instantly restores @{1}% HP. Cooldown: @{2} seconds.
12390100222	A superb Fountain of Life. Instantly restores @{1}+@{2}% HP. Cooldown: @{3} seconds.
12390100221	A superb Healing Potion imbued with the power of Blessing. Instantly restores @{1}+@{2}% HP. Cooldown: @{3} seconds.
12390100220	A superb Green Healing Potion. Instantly restores @{1}+@{2}% HP. Cooldown: @{3} seconds.
12390100219	A superb deep Red Healing Potion. Instantly restores @{1}+@{2}% HP. Cooldown: @{3} seconds.
12390100218	A superb golden Yellow Healing Potion. Instantly restores @{1}+@{2}% HP. Cooldown: @{3} seconds.
12390100217	A superb bright Red Healing Potion. Instantly restores @{1}+@{2}% HP. Cooldown: @{3} seconds.
12390100216	A superb Green Healing Potion. Instantly restores @{1}+@{2}% HP. Cooldown: @{3} seconds.
12390100215	A Fountain of Life surging with boundless vitality that instantly restores @{1} HP. Cooldown: @{2} sec.
12390100214	A Healing Potion imbued with the power of Blessing that instantly restores @{1} HP. Cooldown: @{2} sec.
12390100213	A vibrant Green Healing Potion brimming with Life that instantly restores @{1} HP. Cooldown: @{2} sec.
12390100212	A deep crimson Healing Potion that instantly restores @{1} HP. Cooldown: @{2} sec.
12390100211	A golden Yellow Healing Potion that instantly restores @{1} HP. Cooldown: @{2} sec.
12390100210	A bright Red Healing Potion that instantly restores @{1} HP. Cooldown: @{2} sec.
12390100209	A vibrant Green Healing Potion that instantly restores @{1} HP. Cooldown: @{2} sec.
12390100208	Restores the character's Life by @{1} HP per second for @{2} sec. Cooldown: @{3} sec.
12390100207	Restores the character's Life, instantly restoring @{1}% HP. Cooldown: @{2} sec.
12390100206	Restores Character HP. Instantly restores @{1} HP. Cooldown: @{2} seconds
12390100205	Magical Stickers that can be used to decorate your Profile once obtained
12390100204	A luxurious ring set with a diamond.
12390100203	A ring made of gold.
12390100202	An ornament used to decorate clothing and fabric.
12390100201	Gloves worn on the hands that make delicate work easier.
12390100200	A magical necklace that fills your entire body with Vivify when worn.
12390100199	Wearing this on your ear fills you with a mysterious power.
12390100198	A ring imbued with mysterious magic.
12390100197	Boots crafted by Goibne for a wager with his bitter rival, Dov.
12390100196	Boots blessed by the earth through Fey, son of Mjolnir.
12390100195	Lightweight yet sturdy boots reinforced with iron plates around the ankles to protect the feet from impacts.
12390100194	Long boots made of sturdy fabric.
12390100193	Steel boots designed with protection in mind, without regard for practicality or comfort.
12390100192	Long boots that protect the ankles.
12390100191	Shoes that are easy to put on but offer little protection.
12390100190	A cloak once worn by Vali, one of Odin's sons. Though blind, he slew the warrior Hodr. It bears the marks of Vali's struggle.
12390100189	Made from the shoulder section of a suit of armor, this protective shoulder covering offers considerable protection.
12390100188	A cloak that dramatically increases the wearer's chances of survival in any situation.
12390100187	A cloak that gives its wearer a menacing aura.
12390100186	Made of sturdy fabric, this cloak covers the neck, shoulders, and back for added protection.
12390100185	A scarf-like cloak.
12390100184	A hooded Muffler that protects the shoulders and head.
12390100183	Clothing made from high-quality fabric.
12390100182	Armor woven from sturdy Metal.
12390100181	Armor made from sturdy Metal.
12390100180	A coat made from soft animal fur. It has drawn heavy criticism from conservation groups, so please be kind to animals. Comes with a powerful defensive special effect.
12390100179	A coat made from soft animal fur. It has drawn heavy criticism from conservation groups, so please be kind to animals. Comes with a powerful damage-dealing special effect.
12390100178	A coat made from soft animal fur. It has drawn heavy criticism from conservation groups, so please be kind to animals.
12390100177	Clothing made especially for Adventurers.
12390100176	A knee-length coat that protects against the cold, though it gets very hot in summer.
12390100175	An inexpensive leather jacket that develops a distinctive patina with age.
12390100174	A pure cotton garment that is exceptionally comfortable to wear.
12390100173	A symbolic shield bearing the will of God, bestowed directly through a divine messenger.
12390100172	An extremely large and heavy shield.
12390100171	A shield used in battle by Gna, an attendant of Frigg, during her time as a Valkyrie. It radiates the fighting spirit of a Valkyrie, a divine warrior.
12390100170	A stone shield obtained by Thor after he slew Hrungnir, king of the giants.
12390100169	A somewhat rugged-looking shield with its entire front covered in spikes.
12390100168	A piece of defensive equipment made from sturdy Metal.
12390100167	An Easy-to-make, easy-to-use round shield that is widely used.
12390100166	A shield that can block enemy attacks.
12390100165	A katar said to have been created by a Lich who gathered the resentment of the dead.
12390100164	A katar with a double-layered blade. Its cuts leave wounds that cannot be stitched closed, slowly leading its victims to death.
12390100163	A katar designed for assassination that seeks out an enemy's weak points.
12390100162	An Undead katar made from the bones of Osiris and shrouded in an aura of death.
12390100161	A katar made from sharp, thorny vines.
12390100160	A weapon fitted with numerous blades.
12390100159	A katar crafted using ancient secret arts. Its blades constantly vibrate.
12390100158	A katar designed to allow easy movement.
12390100157	A bow adorned with pure white wings as beautiful as a peacock's fanned tail.
12390100156	A bow shining with holy radiance that can Launch searing arrows of light to pierce the darkness and bring hope and salvation.
12390100155	A bow made from animal horns, offering high damage and accuracy.
12390100154	Its accurate shots and high damage make it a favorite among its users.
12390100153	A massive bow that looks difficult to handle.
12390100152	A bow made from a blend of various materials, designed to deal high damage.
12390100151	A bow that does not deal much damage but is easy to use.
12390100150	A long staff carved in the likeness of a goddess.
12390100149	Adorned with a golden dragon fragment that controls time and space and a Crystal orb brimming with immense magic. It looks impressive, but it's incredibly heavy.
12390100148	When swung, it unleashes a devastating wave of energy that tears across the battlefield. Only a truly fearless hero can master its violent divine power.
12390100147	A staff said to have been created by a great mage. Its power approaches that of a god.
12390100146	A staff forged from lost souls.
12390100145	A staff covered in ancient runes that can unleash powerful elemental magic.
12390100144	A staff made from a mistletoe branch and imbued with the power of nature.
12390100143	A short pine staff entwined with fresh green vines, with a dormant Forest Crystal set into its head.
12390100142	A hypnotist's wand that uses hypnosis to make novices feel like great mages.
12390100141	A staff made from the skull of a powerful Lich. An aura of Curse continually pours from it.
12390100140	A staff jointly created by the Mage Guild and the Church for ascetic practitioners.
12390100139	A wand inhabited by a wind spirit.
12390100138	A wand steeped in an evil aura.
12390100137	A Rod containing magical powers.
12390100136	A weapon more powerful than an ordinary wand.
12390100135	A wand imbued with magical power.
12390100134	A light, compact wand.
12390100133	A club made of mithril.
12390100132	A club made of gold.
12390100131	A club with iron chains hanging from it.
12390100130	An imposing club adorned with hanging iron chains.
12390100129	A large club with a truly vicious appearance.
12390100128	A club that makes each blow feel like several clubs striking at once.
12390100127	A club that can inflict Stun when it strikes.
12390100126	An iron club capable of delivering a crushing blow.
12390100125	A wooden club that anyone can use with ease.
12390100124	A battle axe with a long blade. Its reinforced head is secured to a thick handle, giving it tremendous power in close combat.
12390100123	"An enormous axe so massive and heavy that even ""oversized"" fails to describe it."
12390100122	Shaped like a guillotine used to behead the condemned.
12390100121	A massive two-handed axe with an enormous blade that strikes fear into all who see it.
12390100120	An axe imbued with demonic power.
12390100119	An axe capable of cutting through anything.
12390100118	An extremely powerful hammer.
12390100117	A two-handed axe used in battles against multiple foes.
12040000000	Stellar Matrix
12040000001	Oracle Star Chain
12040000002	Spacetime Star Ring
12390100116	An axe stained with blood from being swung across the battlefield, radiating a terrifying bloodlust.
12390100115	An axe with enhanced power.
12390100114	An axe finished entirely in red, giving it a refined appearance.
12390100113	An axe designed to overcome the slow attack speed common to axes.
12390100112	An axe used to butcher animals.
12390100111	An axe used by Orcs.
12390100110	A large, heavy axe.
12390100109	An axe made of iron.
12390100108	An axe that is Easy to use, making it suitable for anyone.
12390100107	A Spear with a curved blade that can slash as well as thrust.
12390100106	Its curved blade resembles a bolt of lightning.
12390100105	The Spear used by a Soldier named Longinus to kill a saint.
12390100104	An easy-to-handle two-handed Spear that can be swung in many different ways.
12390100103	A halberd made specifically for hunting, distinguished by its three blades.
12390100102	A halberd with two sharp projections on its broad blade.
12390100101	A Spear with such a large blade that it is hard to tell whether it is a sword or a Spear.
12390100100	A Spear with an inward-curving blade.
12390100099	A Spear made exclusively for knights.
12390100098	A Spear made from the horn of a sacred unicorn.
12390100097	A large one-handed Spear combining a lance and a scythe, making it a versatile weapon capable of many different attacks.
12390100096	A Spear with a hook-shaped tip.
12390100095	A Spear made for hunting, with a leaf-shaped tip.
12390100094	Improves the wielder's physical metabolism.
12390100093	A Spear guaranteed to strike once it locks onto its target.
12390100092	TBD: A one-handed Spear used by infantry.
12390100091	A one-handed Spear used by infantry.
12390100090	TBD: A widely used one-handed Spear.
12390100089	A widely used one-handed Spear.
12390100088	Once used as a two-handed Spear, it was redesigned as a one-handed Spear.
12390100087	"A sword made specifically for ""fighting."" Its hilt has a distinctive S shape."
12390100086	A sword forged to Function like a knife.
12390100085	A terrifying two-handed sword that has beheaded many condemned prisoners.
12390100084	A massive two-handed sword.
12390100083	An enormous sword with a cross-shaped hilt.
12390100082	A versatile two-handed greatsword with a thick blade suited for both offense and defense.
12390100081	A massive two-handed sword that subdues enemies with its weight and swing speed.
12390100080	A two-handed sword equally effective for slashing and thrusting.
12390100079	A two-handed sword highly effective at subduing enemies.
12390100078	A greatsword that only a Boss may wield.
12390100077	A sword commonly used by sailors.
12390100076	A unique sword with a beautiful, transparent blade. It feels as though monsters slain with it will drop something beautiful.
12390100075	A sword embedded in a stone. It chooses its own wielder and possesses holy power.
12390100074	A sword forged in a mysterious island nation in the distant East. It is said to be useful not only for combat, but also for cultivating one's character.
12390100073	A one-handed sword made exclusively for cavalry, though it is mostly used in cavalry ceremonies.
12390100072	A sword with a long, slender blade designed specifically for thrusting.
12390100071	A versatile sword with a thick blade.
12390100070	An ordinary-looking sword.
12390100069	TBD
12390100068	A double-edged dagger designed with a practical blade.
12390100067	An exceptionally ornate dagger. Those of noble status often carry it as an accessory or use it in ceremonies.
12390100066	A dagger made of Damascus steel. When it reflects light, beautiful wave-like patterns appear on its blade.
12390100065	A long-handled dagger once used in an ancient kingdom. Its blade is slightly longer than that of an ordinary dagger.
12390100064	A dagger with a gently curved blade.
12390100063	A dagger once used in an ancient Western nation.
12390100062	A dagger designed with multiple Functions in mind.
12390100061	A dagger designed specifically for cutting.
12390100060	A dagger designed for ease of use by anyone.
12390100059	Progress rewards based on the number of digs during Treasure Hunt events.
12390100058	Pass Currency
12390100057	Premium Monthly Pass Currency
12390100056	Standard Monthly Pass Currency
12390100055	Guild Contribution Points for the Defense of Prontera.
12390100054	Military Supplies for the Defense of Prontera.
12390100053	Points obtained by defeating monsters in the ^{1}Mt. Mjolnir^{2} region.
12390100052	Points obtained by defeating monsters in the ^{1}Geffen^{2} region.
12390100051	Points obtained by defeating monsters in the ^{1}Byalan Island^{2} region.
12390100050	Points obtained by defeating monsters in the ^{1}Sunken Ship^{2} region.
12390100049	Points obtained by defeating monsters in the ^{1}Payon^{2} region.
12390100048	Points obtained by defeating monsters in the ^{1}Orc Village^{2} region.
12390100047	Points obtained by defeating monsters in the ^{1}Pharos Lighthouse^{2} region.
12390100046	Points obtained by defeating monsters in the ^{1}Sograt Desert^{2} region.
12390100045	Points obtained by defeating monsters in the ^{1}Morroc^{2} region.
12390100044	Points obtained by defeating monsters in the ^{1}Prontera^{2} region.
12390100043	A medal obtained by defeating monsters. Can be exchanged for various rewards in the shop.
12390100042	Consumed during gathering and crafting.
12390100041	Used for Life Skill Level-up.
12390100040	Can be exchanged for rewards in the Contributor Shop.
12390100039	Ore containing special energy.
12390100038	EXP used for the Pass.
12390100037	Universal Currency for the Connect System. Obtained by completing quests in the Adventure Party and Mentorship systems, and used to exchange for items in the Connect Shop.
12390100036	Adventure Party EXP obtained by completing Adventure Party quests. Increases the Adventure Party's level.
12390100035	Supplies used by guilds to bid in War of Emperium, obtained through convoy escorts.
12390100034	Premium Currency for the Season Shop.
12390100033	Standard Currency for the Season Shop.
12390100032	Obtained from daily quests and convoy escorts in War of Emperium. Used for territory auctions and siege equipment purchases in War of Emperium. No translation needed ()
12390100031	Used exclusively for Desert Monster Collection Level-up.
12390100030	Used exclusively for Mt. Mjolnir Monster Collection Level-up.
12390100029	Used exclusively for Payon Monster Collection Level-up.
12390100028	Used exclusively for Geffen Monster Collection Level-up.
12390100027	Used exclusively for Prontera Monster Collection Level-up.
12390100026	Used exclusively for Collection Book Level-up.
12390100025	Used exclusively for Collection Card Level-up.
12390100024	Used exclusively for Collection Overview Level-up.
12390100023	Novice Handbook Credits used in Novice Handbook events.
12390100022	Rewards for completing Guild Quests, used for guild building Level-up.
12390100021	Rewards for completing Guild Quests, accumulated to claim weekly guild activity chests.
12390100020	Points awarded for GVG victories, losses, and Kills, measuring a guild's combat strength.
12390100019	Guild Funds used to purchase guild supplies.
12390100018	Guild Emblem used for Guild Skill Level-up (Deprecated)
12390100017	Guild Contribution used by Guild Members to purchase items from the Guild Shop.
12390100016	Job EXP used for Job Level-up.
12390100015	Base EXP used for Base Level-up.
12390100014	Used to offset Net Victory Points deducted in Battle of Dragon Coffin Island Misc
12390100013	Battle of Dragon Coffin Island Misc Net Victory Points (Victory Points), used for Level-up
12390100012	War Merit Points
12390100011	Season Settlement Placeholder
12390100010	Can be obtained by Killing MVPs.
12390100009	Obtained from Final Trial activities in the Realm of the Gods. A symbol of Honor and glory!! Can be exchanged for Rare rewards in the Trial Shop.
12390100008	Used to offset Net Victory Points deducted in Survivor Battle Misc
12390100007	Survivor Battle Misc Net Victory Points (Victory Points)
12390100006	A reward for participating in Competition Misc. Can be exchanged for rewards in the shop.
12390100005	Obtainable by participating in daily activities.
12390100004	Credit Points
12390100003	A highly valuable Crystal infused with concentrated energy.
12390100002	A dazzling coin used to exchange for valuable items.
12390100001	Currency made of silver.
12390100000	Monster transformation cards grant special effects when socketed in the corresponding slot
12390001814	Kitty's Charge
12390001813	Master of the Game
12390001812	Academy Journal
12390001811	Academy Journal: Recess
12390001810	Afternoon Stroll
12390001809	Afternoon Stroll · Warm Sunshine
12390001808	Dinner Date
12390001807	Banquet Invitation · Light
13690000000	A Rest Beneath the Statue
13690000001	Hymn Before the Church
13690000002	A Traveler's Rest
13690000003	The Rustle of Turning Pages
13690000004	The Lone Pine at the South Gate
13690000005	Floral Scent by the West Gate
13690000006	Flowing Water at the North Entrance
13690000007	Sentinel of Spikes
13690000008	The Wind Gazing Toward the High Branches
13690000009	Listening to the Oasis Waters
13690000010	The Bustle by the Bar
13690000011	The Scent of Fruit in the Tent
13690000012	The Concealed Arrowhead
13690000013	Cracking Beneath the Stone Pillar
13690000014	The View Behind the Tower
13690000015	A Rest in the Shade
13690000016	Cries Beside the Stall
13690000017	Faint Light Beyond the Window
13690000018	Glory Before the Tower
13690000019	A Stall by the Wall
13690000020	The Crossing Below the Steps
13690000021	Laughter Around the Wooden Tables
13690000022	Beneath the Majestic Stone Statue
13690000023	The Sound of an Arrow Piercing a Wooden Target
13690000024	Gazing Up at the Twin Axes
13690000025	The Terrace of Fluttering Curtains
13690000026	Thunderous Hammering
13690000027	A Corner of the General Store
12390001778	Fish In Mouth
12390001777	Pipe
12390001776	Angry Snarl
12390001775	Angel Wing Earrings
12390001774	Evil Wing Ears
12390001773	Goblin Leader Mask
12390001772	Prank Mask
12390001771	Rune Crown
12390001770	Night Thorn
12390001769	Fox Mask
12390001768	Poo Poo Hat
12390001767	Sun God Helmet
12390001766	Starfish Hairpin
12390001765	Vampire Hairpin
12390001764	Moonlight Flower Hat
12390001763	Majestic Goat
12390001762	Jewel Crown
12390001761	Pointed Horn Headband
12390001760	Sphinx Hat
12390001759	Crown
12390001758	Golden Coronet
12390001757	Pirate Captain's Hat
12390001756	Grand Circlet
12390001755	Tiara
12390001754	Helmet of Orc Hero
12390001753	Evil Wing
12390001752	Golden Headwear
12390001751	Angel Wing
12390001750	Student Backpack
12390001749	Grand Voyage
12390001748	Old Television
12390001747	Fluffy Tail
12390001746	Flame Scarf
12390001745	Baby Pacifier
12390001744	Toast
12390001743	Lucky Clover
12390001742	Romantic Leaf
12390001741	Sweet Candy
12390001740	Clown Nose
12390001739	Lovely Sleep Mask
12390001738	Small Ribbons
12390001737	Blush
12390001736	Smiling Mask
12390001735	Spinning Eyes
12390001734	Eye Patch
12390001733	Urgent Treatment Needed
12390001732	Black Cat Ears
12390001731	Sage's Stone Helm
12390001730	Banana Hat
12390001729	Theater Hat
12390001728	Apple Headwear
12390001727	Deviruchi Hat
12390001726	Nurse Cap
12390001725	Drooping Cat
12390001724	Playful Lace Kitty Headband
12390001723	Goggles
12390001722	Feather Bonnet
12390001721	Bunny Hair Band
12390001720	Grand Peco Hair Accessory
12390001719	Chicken Beak
12390001718	White Beard
12390001717	Blinker
12390001716	Sunglasses
12390001715	Student's Cap
12390001714	Mage's Hat
12390001713	Army Cap
12390001712	Egg Shell
12390001711	Bread Bag Hat
12390001710	Fruit Peel Hat
12390001709	Parting Gift
12390001708	Sword of Victory
12390001707	Endless Golden Ring
12390001706	Mead of Inspiration
12390001705	Dragonslayer
12390001704	Hunting Season
12390001703	The Hanged Man
12390001702	Fountain of Wisdom
12390001701	Chains of Deceit
12390001700	Flames of Inquisition
12390001699	Tree of Life
12390001698	Supreme Throne
12390001697	Sun-Devouring Wolf
12390001696	Wandering Elder
12390001695	Disguise Trick
54000	This skill is already in the Divine Arts Totem. Save your Skill Book.
54001	The Divine Arts Totem already has a skill with a stronger unique effect. Do you want to continue using the Skill Book?
54002	Innate Skill
54003	Can add skills to Divine Art Totems
54004	Inactive: A higher-level skill is already active.
54005	No Divine Art Totems available
12390001694	War God's Raiment
12390001693	Gungnir
12390001692	Divine Goat's Milk
54009	Select a Divine Art Totem to equip
54010	Remove
54011	Deploy
54012	Replace
54013	In Use
54014	Upgrade Cost
12390001691	All-Seeing Raven
12390001690	Ouroboros
12390001689	Boar's Feast
12390001688	Eight-Legged Steed
12390001687	Runic Fang
12390001686	Honeyed Antlers
12390001685	Horn of Twilight
12390001684	CRIT DMG Reduction
12390001683	CRIT RES
12390001682	CRIT DMG
12390001681	CRIT
12390001680	Hunting Protection
54027	Filter Divine Art Totems
54028	Divine Arts Totem Skill Count
54029	Divine Arts Totem Appearance
54030	Reset
54031	Confirm
54032	Search by Skill Name
12390001679	Hunting Mastery
54034	No matching Divine Totem skills.
54035	Select Skill Book
54036	Learning Skills will <color=#c26b47>randomly replace an existing skill</color>
54037	Learn
54038	Select
54039	No Skill Books for now
54040	No Divine Art Totems available to reforge.
54041	Reset
54042	Not Enough Reset Materials
54043	Select the Divine Art Totem to combine (click or drag)
54044	Two Divine Art Totems have been added.
54045	Only Divine Art Totems of the same quality can be combined.
54046	Only Divine Art Totems of the same class tier can be combined.
12390001678	DMG Reduction vs All Job
54048	${1}%
54049	Maximum Number of Skills
54050	Select Divine Art Totems of the same quality from the list on the left to combine them.
54051	Please select two Divine Art Totems to combine.
54052	After combining, stats and skills are randomized. Please play responsibly.
54053	Combine is successful
54054	Divine Totem
54055	Stats
54056	Skills
54057	Reveal All
54058	Take off
12390001677	DMG vs All Job
12390001676	Undead Property Resistance
54061	Class Tier
54062	Reset Materials
54063	Level-up Divine Art Totem
54064	Combine
54065	Refining will <color=#C26B47>randomly increase or decrease stats</color>
54066	No skills available to learn
54067	Enter the Divine Totem skill name.
54068	Not applied: This skill already exists.
54069	MAX
54070	Tap a totem on the left to replace it.
54071	Repeat
54072	Repeat: Skill already exists
54073	<color=#C26B47>All attributes are maxed out</color>
54074	Equipped Divine Art Totems cannot be combined.
54075	Attribute Range
54076	Learning Skills will <color=#c26b47>replace the original skill or add 1 skill</color>
54077	Maximum Number of Skills
54078	Scratch
54079	Material Cost:
54080	No Totems Available
12390001675	Ghost Property Resistance
12390001674	Shadow Resistance
12390001673	Holy Resistance
12390001672	Poison Resistance
54085	Unique Effect
12390001671	Water Resistance
54087	<color=#C26B47>This stat has reached its maximum value.</color>
54088	Different attributes require different Reset Materials.
54089	Can be refined <color=#c27b47>${1}</color> times
54090	Can be refined <color=#b75949>0</color> times
54091	0 reforge attempts remaining. Unable to reforge.
54092	Chance to obtain the following skills
54093	Please select the attribute to reroll.
54094	Unlocks when Base Level reaches ${1}
54095	Divine Words: Wipe the inscription clean to decipher the Totem attributes.
54096	Totem List
54097	Appraise?
54098	Appraise ${1} Item(s)
54099	Train
54100	Identify
54101	Innate
54102	Initial Preview
54103	Divine Art Totem Preview
54104	Initial Divine Art Totem
54105	Maximum Skills:
54106	Totem Skill
54107	Innate Skill
54108	Novice
54109	The synthesis slots are full.
54110	Effect Overview
54111	Stats
54112	Skills
54113	Reset Stats
54114	Learn Skills
54115	Grade
54116	No effect yet
12390001670	Fire Resistance
12390001669	Earth Property Resistance
12390001668	Wind Resistance
12390001667	Neutral Resistance
12390001666	FLEE
12390001665	HIT
12390001664	Magic Penetration
12390001663	Physical Penetration
12390001662	Life
12390001661	PDEF
12390001660	MDEF
12390001659	PATK
12390001658	MATK
12390001657	Continuous Shield
12390001656	Desperate Defense
12390001655	Fortitude Defense
12390001654	Continuous Healing
12390001653	Abundant Healing
12390001652	Cure
12390001651	Multi Strike
12390001650	Abundant Strength
12390001649	Vengeful Strength
12390001648	Decapitation
12390001647	Magic Reverberation
12390001646	Abundant Magic
12390001645	Vengeful Magic
12390001644	Terminate
12390001643	Healing Amplification
12390001642	DEF Boost
12390001641	Ranged Amplification
12390001640	Melee Amplification
12390001639	Magic Amplification
12390001638	Healing Cap
12390001637	Defense Cap
12390001636	Physical Damage Cap
12390001635	Magic Damage Cap
12390001634	Low-Level Hunting Protection
12390001633	Basic Hunting Technique
12390001632	Low-Tier DMG Reduction vs All Job
12390001631	Low-Tier DMG vs All Job
12390001630	Low-Tier Undead Resistance
12390001629	Minor Ghost Property Resistance
12390001628	Minor Shadow Resistance
12390001627	Minor Holy Resistance
12390001626	Minor Poison Resistance
12390001625	Minor Water Resistance
12390001624	Minor Fire Resistance
12390001623	Minor Earth Resistance
12390001622	Low Wind Resistance
12390001621	Low-Tier Neutral Resistance
12390001620	Low-Tier FLEE
12390001619	Low-Tier HIT
12390001618	Low-Tier Magic Penetration
12390001617	Low-Tier Physical Penetration
12390001616	Low-Tier Life
12390001615	Low-Tier Physical Defense
12390001614	Low-Tier Magic Defense
12390001613	Low-Tier Physical Attack
12390001612	Low-Tier Magic Attack
12390001611	Low-Tier Continuous Shield
12390001610	Low-Tier Last Stand Defense
12390001609	Low-Tier Fortitude Defense
12390001608	Low-Tier Continuous Healing
12390001607	Low-Tier Abundant Healing
12390001606	Low-Tier First Aid
12390001605	Low-Tier Multi Strike
12390001604	Low-Tier Abundant Strength
12390001603	Low-Tier Vengeful Might
12390001602	Low-Tier Execution
12390001601	Low-Tier Magic Echo
12390001600	Low-Tier Abundant Magic
12390001599	Low-Tier Vengeful Magic
12390001598	Low-Tier Terminate
12390001597	Holy Fortress
12390001596	Momentum Breaker
12390001595	Ice Guardian
12390001594	Holy Guard
12390001593	Nature's Blessing
12390001592	Divine Message
12390001591	Resolve
12390001590	Savage Blade
12390001589	Magic Mark
12390001588	Magic Blade
12390001587	Pet Shard: Earth Lord
12390001586	Pet Shard: Wind Lord
12390001585	Pet Shard: Water Lord
12390001584	Pet Shard: Fire Lord
12390001583	Pet Shard: Vocal
12390001582	Pet Shard: Wild Rose
12390001581	Pet Shard: Poring
12390001580	Pet Shard: Choco
12390001579	Pet Shard: Clock
12390001578	Pet Shard: Alice the Maid
12390001577	Pet Shard: Bongun
12390001576	Pet Shard: Squidgitte
12390001575	Pet Shard: Forest Fairy
12390001574	Pet Shard: Nepenthes
12390001573	Pet Shard: Lava Lizard
12390001572	Pet Shard: Ancient Tree
12390001571	Pet Shard: Garm Baby
12390001570	Pet Shard: Fruit Tree Turtle
12390001569	Pet Shard: Goat
12390001568	Pet Shard: Basilisk Scout
12390001567	Pet Shard: Baphomet Jr.
12390001566	Pet Shard: Marionette
12390001565	Pet Shard: Moonlight Flower
12390001564	Pet Shard: Rainbow Earth Dragon
12390001563	Pet Shard: Retribution
12390001562	Pet Shard: Alicel
12390001561	Pet Shard: Sarah Irene
12390001560	Pet Shard: Blood Butterfly
12390001559	Pet Shard: Piamette
12390001558	Pet Shard: Miguel
12390001557	Pet Shard: Tough Rainbow Nightmare
12390001556	Pet Shard: Bokba
12390001555	Pet Shard: Angeling
12390001554	Pet Shard: Dullahan
12390001553	Pet Shard: Warrior Lola
12390001552	Pet Shard: Darkhearted Hunter Eve
12390001551	Pet Shard: Watcher
12390001550	Pet Shard: Baby Isis
12390001549	Pet Shard: High Orc
12390001548	Pet Shard: Nightmare
11520300000	A novice practitioner and new Member of the Church, the Praiser Priest Acolyte can use Divine Light on themselves and allies while providing numerous buffs and removing debuffs. They are also highly effective against Undead and Demon monsters.
11520300001	A novice practitioner and new Member of the Church, the Exorciser Acolyte can use Divine Light on themselves and allies while providing numerous buffs and removing debuffs. They are also highly effective against Undead and Demon monsters, making them well suited for auto-battle leveling in the field.
11520300002	A core Member of the Church who has begun taking on more practical duties. After mastering basic Divine Light magic, the Praiser Priest gains the ability to Revive allies, use AoE Divine Light, and provide shields. Their AoE buffs are also comprehensively Enhanced, making them a capable healer.
11520300003	A core Member of the Church who has begun taking on more practical duties. The Exorciser Priest excels at Holy magic, dealing heavy damage to Undead monsters and making this build a strong choice for Priest auto-battle leveling.
11520300004	An advanced cleric of the Church with considerable theological knowledge and administrative experience. The Praiser Priest High Priest further improves their Divine Light and party buffs.
11520300005	An advanced cleric of the Church with considerable theological knowledge and administrative experience. The Exorciser High Priest further improves their damage and Holy-element buffs.
11520300006	A highest-ranking cleric who has mastered extremely advanced divine arts for wide-area recovery and AoE buffs. The Praiser Priest Archbishop gains greatly improved survivability and AoE recovery, as well as the ability to grant allies Respawn.
11520300007	A highest-ranking cleric who has mastered extremely advanced Holy magic. The Exorciser Priest gains stronger Holy magic with greater Burst damage, along with AoE crowd control on the battlefield.
11520300008	Deals steady Physical damage with cart attacks.
11520300009	Deals steady Physical damage with cart attacks and provides Buffs that improve the Battle capabilities of both the user and the party.
11520300010	Can learn High Speed Cart Ram, Cart Boost, and other skills to further Enhance damage and buff capabilities.
11520300011	As a Madogear Pilot equipped with various cannons, deal ranged Physical damage through both ST and AoE attacks.
11520300012	As a Madogear Pilot equipped with a battle axe, gain exceptional mobility, control, and survivability, allowing you to charge deep into enemy lines and deal explosive Burst damage.
11520300013	Sustained high-speed damage and AoE suppression
11520300014	AoE protection and exceptional survivability
11520300015	Shoot an arrow to deal damage.
11520300016	They are shooters with perfect aim. Under the attack of arrows and their falcons, no enemy can withstand long, not to mention to fight back.
11520300017	Unleash Sharp Shooting for piercing damage
11520300018	Unleash Aimed Bolt for piercing damage
11520300019	Summon a Demonic Wolf to Fight Alongside you
11520300020	AGI Swordsman can deliver rapid Normal Attacks, dealing considerable damage with high ASPD.
11520300021	Well suited for PvP and Killing enemies.
11520300022	Rune Sword can ride a dragon, initiate team fights, and charge into battle while offering both durability and damage.
11520300023	Rune Spear can ride a dragon and excels at Killing lone enemies while offering both durability and damage.
11520300024	Use Movement to approach the target, then quickly Kill them with devastating critical hits.
11520300025	Engage in sustained combat by leaving enemies Poisoned.
11520300026	Use Soul Destroyer from a safe Distance for steady damage, then evade enemies with stealth
11520300027	Use an Enhanced Cross Ripper Slasher after Dark Illusion to deal Burst damage, then use Back Slide to evade skills
11520300028	Constantly refresh Shadow Flow for Movement while maintaining combos to resist crowd control, then unleash Invincible Slash amid groups of enemies for Burst damage
11520300029	High magic damage.
11520300030	Use even more powerful Magic. Master Earth and Fire to cast massive AoE spells that greatly aid the party.
11520300031	Use even more powerful Magic. Master Wind and Water to cast massive AoE spells that greatly aid the party.
11520300032	These magic experts own overwhelming magic potential already, but now their magics are at a complete different level: they are capable of wielding the power of Neutral magics, or even utilizing their Psychokinesis power to control gravity.
11520300033	Harness the power of all four elements to counter large groups of enemies.
11520300034	Use powerful soul energy to control and damage enemies in a small area.
12390001547	Pet Shard: Miyabi Doll
12390001546	Pet Shard: Deadre
12390001545	Evil Nymph Shard
12390001544	Corrupted Wander Man Shard
12390001543	Goddess of Hope Fragment
12390001542	Zherlthsh Shard
12390001541	Elio Fragment
12390001540	Pet Shard: Sohee
12390001539	Ancient Mummy Shard
12390001538	Baron Fragment
12390001537	Death Witch Shard
12390001536	Radiant Unicorn Chimera Shard
12390001535	Demon Servant Shard
12390001534	Wild Rose Knight Shard
12390001533	Medusa Shard
12390001532	Alien Fragment
12390001531	Demon Maid Shard
12390001530	Silver Moon Witch Shard
12390001529	Fire Ninja Shinobi Shard
12390001528	Cat o' Nine-Tail Shard
12390001527	Secret History of Prontera@{1}: @{2}
12390001526	Chapter 2 of a Book
12390001525	Chapter One of a Book
12390001524	Magic Carpet
12390001523	Baby Kun
12390001522	Fish of the Northern Deep
12390001521	Crab You Very Much
12390001520	Flying Goblin Balloon
12390001519	Flying Goblin Balloon - Limited-Time Edition
12390001518	Dream Horse - Limited
12390001517	Eggshell Chubby Chick - Limited
12390001516	Wind-Up Rocking Chair - Limited
12390001515	Goblin Balloon - Limited
12390001514	Pompadour - Limited
12390001513	Fluffy Bunny - Limited
12390001512	Orchid Pavilion - Limited
12390001511	Sun Chariot - Limited
12390001510	Starshatter Dragon - Limited
12390001509	Savage
12390001508	Ostrich
12390001507	Fox
12390001506	Hyena
12390001505	Alpaca
12390001504	Lion
12390001503	Big Poring
12390001502	Dream Steed
12390001501	Eggshell Chubby Chick
12390001500	Wind-Up Rocking Chair
12390001499	Goblin Balloon
12390001498	Pompadour
12390001497	Fluffy Bunny
12390001496	Orchid Waterside Pavilion
12390001495	Solar Chariot
12390001494	Starshatter Dragon
12390001493	Set Sail
12390001492	Meow
12390001491	Bouquet
12390001490	Land of Lilies of the Valley
12390001489	Path of Adventure
12390001488	Einherjar Coin
12390001487	Test Name Card@{1}-Permanent
12390001486	Fashion Gala (@{1} Hours)
12390001485	Hero Registry (@{1} Hours) Discontinued
12390001484	Spirit Conqueror (@{1} Hours)
12390001483	Novice's Pride
12390001482	Top Ten Heroes (@{1} Hours) Discontinued
12390001481	Rift in the Sky
12390001480	Victory of the Covenant
12390001479	Genesis Canticle
12390001478	Composer
12390001477	Star of Rekenber
12390001476	Arcane Crystal
12390001475	MVP Loot Chest
12390001474	[Rift Crisis] Commendation Gift Box
12390001473	[Rift Crisis] Special Commendation
12390001472	Standard Compensation Chest
12390001471	Random Card Gift Box
12390001470	Card Album
12390001469	Basic Card Album@{1} (Deprecated)
12390001468	Standard Gift Box@{1} (Deprecated)
12390001467	Deluxe Gift Box@{1}(Deprecated)
12390001466	Advanced Treasure Chest@{1}(Deprecated)
12390001465	Mysterious Treasure Chest@{1} (Deprecated)
12390001464	Surprise Pack@{1}(Deprecated)
12390001463	Old Card Album
12390001462	Bonus Secret Gift · Day 7
12390001461	Bonus Secret Gift · Day 6
12390001460	Bonus Secret Gift · Day 5
12390001459	Bonus Secret Gift · Day 4
12390001458	Bonus Secret Gift · Day 3
12390001457	Bonus Secret Gift · Day 2
12390001456	Bonus Secret Gift · Day 1
12390001455	Growth Gift Box · Day 7
12390001454	Growth Gift Box · Day 6
12390001453	Growth Gift Box · Day 5
12390001452	Growth Gift Box · Day 4
12390001451	Growth Gift Box · Day 3
12390001450	Growth Gift Box · Day 2
12390001449	Growth Gift Box · Day 1
12390001448	Dig - Co-op Chest
12390001447	Dig - Precious Chest
12390001446	Dig - Exquisite Chest
12390001445	T@{1} Red Top Selection Box
12390001444	Nine-Tone Mantra Costume Gift Box
12390001443	Purple Card Selection Chest
12390001442	Trading Card Album
12390001441	Surprise Chest
12390001440	Random Divine Arts Totem
12390001439	Random Card Album
12390001438	Coin Bag
12390001437	Zeny Bag
12390001436	Echo Material Pack
12390001435	Refinement Material Pack
12390001434	Refinement Blessing Chest
12390001433	Headgear Chest
12390001432	Headgear Material Chest
12390001431	Blue Cards Selection Chest
12390001430	T@{1} Orange Weapon Selection Chest
12390001429	Refinement Material Chest
12390001428	Card: Savage Babe Chest
12390001427	Random Purple Card Pack
12390001426	Veteran Pack
12390001425	Conqueror Pack
12390001424	T@{1} Pet Shard Selection Chest
12390001423	Tier @{1} Orange Weapon Chest
10050000000	Green Potion
10050000001	Red Potion
10050000002	Creamy Tomato Soup
10050000003	Mushroom Tomato Soup
10050000004	Grilled Mushroom Skewers
10050000005	Chili Beast Steak
10050000006	Spicy Meat Patty
10050000007	Yellow Potion
10050000008	Meat Bun
10050000009	Herb Porridge
10050000010	Spicy Herb Wrap
10050000011	Spicy Fried Rice
10050000012	Orange Potion
10050000013	Strawberry Hard Candy
10050000014	Strawberry Cocoa Truffle
10050000015	Vanilla Hot Cocoa
10050000016	Vitality Potion
10050000017	Strawberry Milkshake
10050000018	Hot Strawberry Cocoa Milk
10050000019	Cocoa Pudding
10050000020	Colorful Lollipop
10050000021	Berry Herbal Tea
10050000022	Strawberry Cocoa Crunch Bar
10050000023	Holy Spirit Potion
10050000024	Grape Wine
10050000025	Green Lemon Cocktail
10050000026	Refreshing Lemon Brew
10050000027	Grape Sparkling Water
10050000028	Mixed Fruit Juice
10050000029	Fountain of Life
10050000030	Pure Lemon Water
10050000031	Lemon Herbal Tea
10050000032	Woody Grape Drink
10050000033	Citruswood Fruit Tea
12390001422	Random Card Pack
12390001421	Workhorse Potion Pack
12390001420	Mainstay Potion Pack
12390001419	Whale Potion Pack
12390001418	Commemorative Medal E
12390001417	Commemorative Medal D
12390001416	Commemorative Medal C
12390001415	Commemorative Medal B
12390001414	Commemorative Medal A
12390001413	Orange Soul Echo Chest
12390001412	Basic Crafting Material Chest
12390001411	Unclaimed Soul Crystal Chest
12390001410	Test-Seasonal Reward Distribution Rework Chest
12390001409	Blessed Armor Ore-Use
12390001408	Legendary Weapon Ore-Expire
12390001407	Blessed Weapon Ore-Clear
12390001406	Elunium-Use
12390001405	Enriched Oridecon-Expire
12390001404	Oridecon-Clear
12390001403	Deluxe Pack-Test Cross-Season Use
12390001402	Deluxe Pack-Test Cross-Season Allowlist
12390001401	Deluxe Pack-Test Cross-Season Expiration
12390001400	Deluxe Pack-Test Cross-Season Removal
12390001399	Test Item Repeat Acquisition Function
12390001398	T@{1} Orange Equipment Slot Selection Chest
12390001397	Class Weapon Selection Chest
12390001396	Novice Chest--Lv. @{1}
12390001395	Contemplation Candle Pack
12390001394	Divine Totem Skill Book Chest
12390001393	Daily Activity Pack
120000	${1}-Star or higher Enchant Scrolls have a Chance to unlock this
12390001392	Soul Echo Chest
12390001391	Main Story Completion Pack
12390001390	Enhance Pack
12390001389	Growth Gift @{1}
120005	Notice
120006	Don't show again during this login
120007	Cancel
120008	Continue Enchanting
120009	The current scroll's star rating is too low to unlock a new Enchant slot
120010	Current Equipment has a high-quality Enchant. Enchanting may replace it and result in a loss.
120011	Chance to unlock a new Enchant slot
120012	Change Equipment
120013	Enchant Materials
120014	Please add Enchant Materials
120015	Get More Scrolls
120016	Select Scroll
120017	Equipment Enchantment
120018	Season Exclusive
120019	Base Stats
120020	Enchant Affix
120021	Refinement Affix
120022	Extra
120023	Slot Not Unlocked
120024	Stunt
120025	No equipment is currently available to Enchant
120026	No Enchant items are currently available
120027	Discover the Forgotten Treasure Room
120028	You still have unclaimed treasure chests. If you leave, you will not be able to claim them later. Are you sure you want to exit?
120029	The Chest of the Future contains valuable upgrade resources for the next Season. Claim it now to Keep its contents for next Season!
120030	Cannot Dig while in <color=#ec543a>Battle Status</color>.
120031	Do not remind again
120032	Request ${1} from your guild?
120033	Requested ${1} from your guild
120034	Request ${1} from your friends?
120035	Requested ${1} from your friends
120036	${1} times
120037	${1} sent you ${2}
120038	Check the BOSS's location and head there for the Kill! Other players can compete for it too, so hurry.
120039	Requested ${2}
120040	You cannot gift Crystals to yourself.
120041	Current Equipment has a Unique Enchant. This will replace the existing Unique Enchant.
120042	You've alerted an ultra-powerful boss!
120043	You've awakened a sleeping elite monster!
120044	${1} times
120045	The Box of the Future can be opened next Season.
120046	I'm still a little short on ${1}. Please help!
120047	Gift sent
120048	Gift one ${2} to ${1}?
120049	You have left the treasure-digging area.
120050	Obtain Treasure Map
120051	Go Treasure Hunting
120052	Treasure Hunt Reward Preview
120053	You've reached today's request limit. Please try again tomorrow.
120054	Crystal Donation
120055	Please join a guild first
120056	Request sent to the guild.
120057	No Enchants are available for this equipment level.
120058	Not enough fragments to craft the treasure chest.
120059	Enchant
120060	Gift sent successfully.
120061	Can Enchant equipment of Lv. ${1} or lower.
120062	This item will be removed when the current Season ends.
120063	You're sending requests too frequently. Please try again later.
120064	This Crystal has already been donated.
120065	Not enough Treasure Maps. Obtain more from quests first!
120066	Total Treasure Hunts:
12390001388	Golden Thief Bug's Gift
12390001387	Deluxe Gift Box
12390001386	Crafting Pack
12390001385	Basic Pack (Deprecated)
12390001384	Deluxe Pack (Deprecated)
12390001383	Advanced Chest (Deprecated)
12390001382	Mysterious Chest (Deprecated)
12390001381	Surprise Pack (Deprecated)
12390001380	Salmon
12390001379	Tuna
12390001378	Moon Jellyfish
12390001377	Azure Fish
12390001376	Spiny Sea Urchin
12390001375	Octopus Axe
12390001374	Sea Bream
12390001373	Mandarin Fish
12390001372	Snakehead
12390001371	Starfish
12390001370	Hopping Frog
12390001369	Eel
12390001368	Carp
12390001367	Blue Crab
12390001366	Mackerel
12390001365	Basilac Clam
12390001364	Shrimp
12390001363	High-Tenacity Sacred Armor Plate
12390001362	Sacred Armor Plate
12390001361	Reinforced Armor Plate
12390001360	Armor Plate
13290100000	Novice Portrait
13290100001	Redeem at the Survivor Battle Shop
13290100002	Obtain from the Growth Support event
13290100003	Swordsman Portrait
13290100004	Knight Portrait
13290100005	Lord Knight Portrait
13290100006	Rune Knight Portrait
13290100007	Crusader Portrait
13290100008	Paladin Portrait
13290100009	Royal Guard Portrait
13290100010	Mage Portrait
13290100011	Wizard Portrait
13290100012	Sage Portrait
13290100013	High Wizard Portrait
13290100014	Warlock Portrait
13290100015	Archer Portrait
13290100016	Hunter Portrait
13290100017	Bard Portrait
13290100018	Dancer Portrait
13290100019	Sniper Portrait
13290100020	Ranger Portrait
13290100021	Acolyte Portrait
13290100022	Priest Portrait
13290100023	High Priest Portrait
13290100024	Archbishop Portrait
13290100025	Monk Portrait
13290100026	Thief Portrait
13290100027	Assassin Portrait
13290100028	Portrait: Rogue
13290100029	Assassin Cross Portrait
13290100030	Cross Impact Guillotine Cross Portrait
13290100031	Merchant Portrait
13290100032	Blacksmith Portrait
13290100033	Mastersmith Portrait
13290100034	Mechanic Portrait
13290100035	Default Portrait Frame
13290100036	Default Chat Bubble
13290100037	Dropped from Standard Reward Chests in the Commendation Vault
13290100038	Titleless
13290100039	No Title
13290100040	Obtain by completing Growth Handbook - Corolla Emblem
13290100041	Reach the top @{1} on the Pet Tower Ranking to obtain
13290100042	Reach the top @{1} on the Fashion Rating Ranking to obtain
13290100043	Default Profile Card
12390001315	Alcohol
12390001314	Lemon
12390001313	Sugar
12390001312	Beast Meat
12390001311	Shiitake Mushroom
12390001310	Tomato
12390001309	Cocoa Bean
12390001308	Grape
12390001307	Red Chili Pepper
12390001306	Grains
12390001305	Green Herb
12390001304	White Herb
12390001303	Yellow Herb
12390001302	Red Herb
12390001301	Energized Honing Iron
12390001300	Honing Iron
12390001299	Sharpened Honing Stone
12390001298	Honing Stone
12390001297	Meteorite Grip
12390001296	Dense Meteorite Chunk
12390001295	Meteorite Blade
12390001294	Meteorite Chunk
12390001293	Precision Grinding Wheel
12390001292	Radiant Gold Grip
12390001291	Dense Luminous Gold Ingot
12390001290	Luminous Gold Blade
12390001289	Luminous Gold Ingot
12390001288	Mithril Grip
12390001287	Coarse Grinding Wheel
12390001286	Mithril Ingot
12390001285	Steel Ingot
12390001284	Coal Chunk
12390001283	Iron Ingot
12390001282	Meteorite Ore
12390001281	Moongaze Gem
12390001280	Solid Stone
12390001279	Luminous Gold Ore
12390001278	Mithril Ore
12390001277	Sobbing Starlight
12390001276	Rough Stone
12390001275	Coal Ore
12390001274	Iron Ore
12390001273	Vivify Potion
12390001272	Master Artisan Certificate
12390001271	Crafting Notes
12390001270	Artisan's Mark Badge
12390001269	Legendary Pelt
12390001268	Turtle Shell
12390001267	Sobbing Starlight Fragment
12390001266	Star Crumb
12390001265	Sharp Scale
12390001264	Dead Man's Nail
13350000000	STR Bonus
13350000001	AGI Bonus
13350000002	VIT Bonus
13350000003	INT Bonus
13350000004	DEX Bonus
13350000005	Test Buff@{1}
13350000006	Test Skill@{1}
12390001256	Military Supplies (Advanced)
12390001255	Military Supplies (Intermediate)
12390001254	Military Supplies (Common)
12390001253	Face Mask
12390001252	Escort Supplies
12390001251	Masterless Soul Core
12390001250	Masterless Soul Crystal
12390001249	Masterless Soul Fragment
12390001248	Totem Fragment
12390001247	Candle of Contemplation - M. ATK
12390001246	Candle of Contemplation - P. ATK
12390001245	Candle of Contemplation - Life
12390001244	Sourcefire of Insight
12390001243	Live Coal of Insight
12390001242	Embers of Insight
12390001241	Candle of Contemplation
12390001240	Tier @{1} Equipment
12390001239	Tier @{1} Red Equipment
12390001238	Red Equipment
12390001237	Tier @{1} Orange Equipment
12390001236	Orange Equipment
12390001235	Purple Equipment
12390001234	Blue Equipment
12390001233	Tier @{1} Green Equipment
12390001232	Green Equipment
12390001231	Tier @{1} Equipment Forging Set
12390001230	Refinement Material
12390001229	Orange Headwear
12390001228	Purple Headwear
12390001227	Blue Headwear
12390001226	Mount
12390001225	MVP Costume
12390001224	Low-Tier Totem Skill Book
12390001223	Purple Soul Echo
12390001222	Tier @{1} Equipment Blueprint
12390001221	Purple Divine Arts Totem
12390001220	Orange Headgear Material
12390001219	Purple Headgear Material
12390001218	Blue Headgear Material
12390001217	Green Headgear Material
12390001216	Tier @{1} Equipment Forging Blueprint Set
12390001215	Tier @{1} Equipment Forging Blueprint
12390001214	Equipment Forging Material
12390001213	Tier @{1} Blue Weapon
12390001212	Equipment Forging Blueprint
12390001211	Job Advance Weapon
12390001210	Card
12390001209	Green Cards
12390001208	Talent Divine Art Totem
12390001207	Orange Soul Echo (Two Matching Colors)
12390001206	Orange Soul Echo
12390001205	Advanced Totem Skill Book
12390001204	Orange Divine Art Totem
12390001203	Red Card
12390001202	Orange Cards
12390001201	Purple Card
12390001200	Blue Cards
11410200000	Nothing of substance
11410200001	Chapter One covers the fundamentals of weight training.
11410200002	Chapter 2 covers the essentials of running
11410200003	This is a little-known tale. Naturally, it's little-known because hardly anyone knows it. So how do I know it? That's a good question, but I can't tell you why. Hahaha.
12390001199	Soul Echo
12390001198	Divine Art Totem Skill Book
12390001197	Divine Totem
12390001196	Tier @{1} Purple Equipment
12390001195	Tier @{1} Blue Equipment
12390001194	Tier @{1} Green Weapon
12390001193	Tier @{1} Blueprint - Accessory
12390001192	Tier @{1} Blueprint - Shoes
12390001191	Tier @{1} Blueprint - Muffler
12390001190	Tier @{1} Blueprint - Armor
12390001189	Tier @{1} Blueprint - Shield
12390001188	Tier @{1} Blueprint - Weapon
12390001187	Red Bow Tie
12390001186	Egg Incubator
12390001185	Sexy Vest Covered in Cat Hair
12390001184	Discarded Uniform
12390001183	Memory Particle Device
12390001182	Temporal Compass
12390001181	Energy Control Valve
12390001180	Tiger Pelt
12390001179	Cardboard Cat Litter Box
12390001178	Bobo
12390001177	Airship Ticket
12390001176	Fabre's Mucus
12390001175	Poring's Medicinal Herbs
12390001174	Shimmering Liquid
12390001173	Glossy Scell
12390001172	Glowing Crystal
12390001171	Colorful Worm Peeling
12390001170	Glossy Jellopy
12390001169	Super Solid Shell
12390001168	Chivalry Emblem
12390001167	Necklace of Oblivion
12390001166	Fluorescent Liquid
12390001165	Big Scell
12390001164	Citrin
12390001163	Hard Insect Shell
12390001162	Round Shell
12390001161	Soft Feather
12390001160	Sweet Bananas
12390001159	Pocket Watch
12390001158	Peco Peco's Feathers
12390001157	Royal Jelly
12390001156	Large Jellopy
12390001155	Baby Devil Wings
12390001154	Euler Euler
12390001153	Scell
12390001152	Crystal Fragment
12390001151	Cracked Diamond
12390001150	Transparent Fabric
12390001149	Honey
12390001148	Sticky Mucus
12390001147	Feather
12390001146	Apple Juice
12390001145	Zargon
12390001144	Solid Shell
12390001143	Skeleton Bone
12390001142	Worm Peeling
12390001141	Garlet
12390001140	Cyfar
12390001139	Eye of Wisdom
12390001138	Light Granule
12390001137	Brigan
12390001136	Grit
12390001135	@{1}-Carat Diamond
12390001134	Talent Mark
12390001133	Talent Remnant
12390001132	Hero Token
12390001131	Crest of Heroes
12390001130	Crest of Sun
12390001129	Crest of Moon
12390001128	Crest of Freedom
12390001127	Crest of Conquer
12390001126	Crest of Venture
12390001125	Crest of Journey
12390001124	Pure Source Dew
12390001123	Philosopher's Core
12390001122	Pulsating Mass
12390001121	Crystallized Bone Fragment
12390001120	Lipid Tentacle
12390001119	Moss-Covered Tissue
12390001118	Pale Sediment
12390001117	Aether Catalyst
12390001116	Grain of Giant Salt
12390001115	Undying Root
12390001114	Raven Tail Feather
12390001113	Supreme Pet EXP Book
12390001112	Top-Tier Pet EXP Book
12390001111	Starlight Stone
12390001110	Meow Fish Jerky
12390001109	Little Red Flower
12390001108	Pet Selection Gift Box
11470100000	Unlocked by Default
12390001107	Emperium
12390001106	Cute Pet Coin
12390001105	Pet Egg
12390001104	Change Guild Name Card
12390001103	Pet Training Diary III
12390001102	Pet Training Diary II
12390001101	Pet Training Diary I
12390001100	Dopey Pink Gem
12390001099	Emerald
12390001098	Amethyst
12390001097	Zircon
12390001096	Topaz
12390001095	Opal
12390001094	Kyanite
12390001093	Ruby
12390001092	Pearl
12390001091	Star Dust
12390001090	Symbol of the Sun God
12390001089	Glass Bead
12390001088	Four-leaf Clover
12390001087	Hand of God
12390001086	Trunk
12390001085	Silver Fur
12390001084	Heart of Obeaune
12390001083	Dragon Scale
12390001082	Gold
12390001081	Cyfar
12390001080	Illusion Flower
12390001079	Fairy's Whiskers
12390001078	Single Cell
12390001077	Little Deviruchi Horn
12390001076	Steel
12390001075	Alice's Apron
12390001074	Tiger's Footskin
12390001073	Three-Leaf Clover
12390001072	Fox Tail
12390001071	Jellopy
12390001070	Empty Bottle
12390001069	Stem
12390001068	Decayed Tree Sap
12390001067	Soft Fur
12390001066	Mold Powder
12390001065	Bill of Birds
12390001064	Milk
12390001063	Animal Skin
12390001062	Feather
12390001061	Solid Shell
12390001060	Muka Emotes Pack
12390001059	Deviling Emoji
12390001058	Universal Emotes Unlock (Limited-Time)
12390001057	Universal Emotes Unlock
12390001056	Advanced All-Member Guild Gift Pack
12390001055	Intermediate All-Member Guild Gift Pack
12390001054	Basic All-Member Guild Gift Pack
12390001053	Hunting Emblem · Executioner
12390001052	Hunting Emblem · Conqueror
12390001051	Hunting Emblem · Pursuer
12390001050	Hunting Emblem · Warden
12390001049	Guild Emblem - Starcrown Ring
12390001048	Guild Emblem - Dark Crystal Ring
12390001047	Guild Emblem - Frostsky Ring
12390001046	Proof of the Hunt · Executioner
12390001045	Proof of the Hunt · Conqueror
12390001044	Proof of the Hunt · Pursuer
12390001043	Proof of the Hunt · Warden
12390001042	Guild Emblem - Small Flower
12390001041	Guild Emblem - Castle
12390001040	Guild Emblem - Shield
12390001039	Guild Design - All Cities in Order
12390001038	Guild Design - Primordial Chaos
12390001037	Guild Design - God of Nature
12390001036	Primordial Transmutation Manual
12390001035	Advanced Ignition Agent
12390001034	Intermediate Ignition Agent
12390001033	Basic Ignition Agent
12390001032	Cross Star Core - Red
12390001031	Cross Star Core - Orange
12390001030	Cross Star Core - Purple
12390001029	Cross Star Core - Green
12390001028	Cross Star Core - Blue
12390001027	Cross Star Core - Gray
12390001026	Waterdrop Star Core - Red
12390001025	Waterdrop Star Core - Orange
12390001024	Waterdrop Star Core - Purple
12390001023	Waterdrop Star Core - Green
12390001022	Waterdrop Star Core - Blue
12390001021	Waterdrop Star Core - Gray
12390001020	Moon Star Core - Red
12390001019	Moon Star Core - Orange
12390001018	Moon Star Core - Purple
12390001017	Moon Star Core - Green
12390001016	Moon Star Core - Blue
12390001015	Moon Star Core - Gray
12390001014	Sun Star Core - Red
12390001013	Sun Star Core - Orange
11530000000	Guild Caravan
11530000001	Spirit Tower
11530000002	MVP
11530000003	AFK in the Field
11530000004	Life Skills
11530000005	Realm of the Gods
11530000006	Guild League - Preliminaries
11530000007	Guild League - Semifinals
11530000008	Guild League - Finals
11530000009	Phantom Realm
11530000010	Kafra: Survivor Battle
11530000011	Royal City War
11530000012	Bonfire Party
11530000013	Blackhole
11530000014	Trap Hunter
11530000015	Faction Quest
11530000016	Caravan Escort
11530000017	Stronghold War
11530000018	Regional Capital War
11530000019	Ilmata, God of Nature
11530000020	Battle of Dragon Coffin Island
11530000021	Guild League - Placement
11530000022	Commendation Vault
11530000023	Rift Crisis
11530000024	Hidden Treasure PVP Placeholder
11530000025	Spirit Tower S@{1}
11530000026	Royal City War S@{1}
11530000027	Daily Tavern Quests
11530000028	【Guild Joint Battle】Phantom Realm
11530000029	【Guild Joint Battle】Realm of the Gods
11530000030	【Guild Co-op】Kafra Survivor Battle
11530000031	【Guild Co-op】Battle of Dragon Coffin Island
11530000032	Wedding Crashers
11530000033	Hunting Challenge
11530000034	Guild League - Preliminaries (Auction Check)
11530000035	Guild League - Semifinals (Auction Check)
11530000036	Guild League - Finals (Auction Check)
11530000037	Caravan Escort (Auction Check)
11530000038	Stronghold War (Auction Check)
11530000039	Regional Capital War (Auction Check)
11530000040	Royal City War (Auction Check)
11530000041	Irmata, God of Nature (Auction Check)
11530000042	【Adventure Party】Watering Quest
11530000043	【Adventure Party】MVP
11530000044	【Adventure Party】Phantom Realm
11530000045	【Adventure Party】Realm of the Gods
11530000046	【Adventure Party】Kafra Survivor Battle
11530000047	Festival Invitation
11530000048	Dumby's Request
11530000049	Mock Battle
12390001012	Sun Star Core - Purple
12390001011	Sun Star Core - Green
12390001010	Sun Star Core - Blue
12390001009	Solar Star Core - Gray
12390001008	Prism Star Core - Red
12390001007	Prism Star Core - Orange
12390001006	Prism Star Core - Purple
12390001005	Prism Star Core - Green
12390001004	Prism Star Core - Blue
12390001003	Prism Star Core - Gray
12390001002	Netherworld - Shattered Tower
12390001001	Craft Brew
12390001000	Gingerbread
12390000999	Hot Cocoa
12390000998	Phantom Fragment
12390000997	Sharp Scale
12390000996	Arcane Ore
12390000995	Lv. @{1} Equipment Crystal
12390000994	Equipment Crystal
12390000993	Advanced Forging Totem
12390000992	Intermediate Forging Totem
12390000991	Basic Forging Totem
12390000990	Advanced Diamond
12390000989	Diamond
12390000988	Red Card Fragment
12390000987	Orange Cards Fragment
12390000986	Epic Card Fragment
12390000985	Blue-Green Card Fragment
12390000984	Storage Expansion Voucher (No Function Yet)
12390000983	Backpack Expansion Voucher (No Function Yet)
12390000982	Skill Reset Rod (No Function Yet)
12390000981	Stat Reset Stone (No Function Yet)
12390000980	Starlight Silk IX
12390000979	Starlight Silk VIII
12390000978	Starlight Silk VII
12390000977	Starlight Silk VI
12390000976	Starlight Silk V
12390000975	Starlight Silk IV
55000	Faction 3
55001	Faction 4
12390000974	Starlight Silk III
12390000973	Starlight Silk II
12390000972	Starlight Silk I
12390000971	Star Diamond IX
12390000970	Star Diamond VIII
12390000969	Star Diamond VII
12390000968	Star Diamond VI
12390000967	Star Diamond V
12390000966	Star Diamond IV
12390000965	Star Diamond III
12390000964	Star Diamond II
12390000963	Star Diamond I
12390000962	Legendary Accessory Gem
12390000961	Blessed Accessory Ore
12390000960	Legendary Armor Ore
12390000959	Blessed Armor Ore
12390000958	Legendary Weapon Ore
12390000957	Blessed Weapon Ore
12390000956	High-Density Enriched Elunium
12390000955	High-Density Enriched Oridecon
12390000954	Enriched Elunium
12390000953	Elunium
12390000952	Enriched Oridecon
12390000951	Oridecon
12390000950	South Gate Reunion Invitation
12390000949	Melody Conch
12390000948	Note · Ti
12390000947	Note · La
12390000946	Note · So
12390000945	Note · Fa
12390000944	Note · Mi
12390000943	Note · Re
12390000942	Note · Do
12390000941	Treasure Clue: Cache by the Wall
12390000940	Treasure Clue: Dummy's Old Contract
12390000939	Treasure Clue: Treasure Hidden in the Bridge's Cracks
12390000938	Treasure Clue: Statue's Secret Compartment
12390000937	Treasure Clue: Unfulfilled Promise
12390000936	Treasure Clue: Merchant's Secret Compartment
12390000935	Treasure Clue: Artisan's Legacy
12390000934	Treasure Clue: Butterfly's Promise
12390000933	Treasure Clue: Bridge Center Cache
12390000932	Treasure Clue: Camp Embers
12390000931	Treasure Clue: Silver-Clad Shadow
12390000930	Treasure Clue: Bookshelf Relic
12390000929	Treasure Clue: Courtyard Cache
12390000928	Treasure Clue: Monk's Gift
12390000927	Treasure Clue: Dead End Cache
12390000926	Treasure Map Fragment (Destination)
12390000925	Treasure Map Fragment (Guidance)
12390000924	Treasure Map Fragment (Omen)
12390000923	Rare Treasure Map
12390000922	Standard Treasure Map
12390000921	Box of the Future
12390000920	Crystal of Oaths
12390000919	Crystal of Regret
12390000918	Crystal of Confusion
12390000917	Crystal of Joy
12390000916	Crystal of Pain
12390000915	Adventure Coins
12390000914	Pass Gift
12390000913	Emerald Realm Breaker Scroll · Accessory-Red
12390000912	Azure Realm Breaker Scroll · Accessory-Red
12390000911	Golden Realm Breaker Scroll · Accessory-Red
12390000910	Crimson Realm Breaker Scroll · Accessory-Red
12390000909	Life Percentage · Accessory-Orange
12390000908	Magic Breaker Scroll · Accessory-Orange
12390000907	Siegebreaker Scroll · Accessory-Orange
12390000906	Arcane Scroll · Accessory-Orange
12390000905	God of War Scroll · Accessory-Orange
12390000904	Oak Scroll · Accessory-Orange
12390000903	Life Percentage · Accessory-Purple
12390000902	Magic Breaker Scroll · Accessory-Purple
12390000901	Siegebreaker Scroll · Accessory-Purple
12390000900	Arcane Scroll · Accessory-Purple
12390000899	God of War Scroll · Accessory-Purple
12390000898	Oak Scroll · Accessory-Purple
12390000897	Life Percentage · Accessory-Blue
12390000896	Magic Breaker Scroll · Accessory-Blue
12390000895	Siegebreaker Scroll · Accessory-Blue
12390000894	Arcane Scroll · Accessory-Blue
12390000893	God of War Scroll · Accessory-Blue
12390000892	Oak Scroll · Accessory-Blue
12390000891	Life Percentage · Accessory-Green
12390000890	Magic Breaker Scroll · Accessory-Green
12390000889	Siegebreaker Scroll · Accessory-Green
12390000888	Arcane Scroll · Accessory-Green
12390000887	God of War Scroll · Accessory-Green
12390000886	Oak Scroll · Accessory-Green
12390000885	Emerald Realm Ward Scroll · Shoes-Red
12390000884	Azure Realm Ward Scroll · Shoes-Red
12390000883	Golden Realm Ward Scroll · Shoes-Red
12390000882	Crimson Realm Ward Scroll · Shoes-Red
12390000881	Life Percentage · Shoes-Orange
12390000880	Magic Ward Scroll · Shoes-Orange
12390000879	Bulwark Scroll · Shoes-Orange
12390000878	Oak Scroll · Shoes-Orange
12390000877	Life Percentage · Shoes-Purple
12390000876	Magic Ward Scroll · Shoes-Purple
12390000875	Bulwark Scroll · Shoes-Purple
12390000874	Oak Scroll · Shoes-Purple
12390000873	Life Percentage · Shoes-Blue
12390000872	Magic Ward Scroll · Shoes-Blue
12390000871	Bulwark Scroll · Shoes-Blue
12390000870	Oak Scroll · Shoes-Blue
12390000869	Life Percentage · Shoes-Green
12390000868	Magic Ward Scroll · Shoes-Green
12390000867	Bulwark Scroll · Shoes-Green
12390000866	Oak Scroll · Shoes-Green
12390000865	Emerald Realm Ward Scroll · Cloak-Red
12390000864	Azure Realm Ward Scroll · Cloak-Red
12390000863	Golden Realm Ward Scroll · Cloak-Red
12390000862	Crimson Realm Ward Scroll · Cloak-Red
12390000861	Life Percentage · Cloak-Orange
12390000860	Magic Ward Scroll · Cloak-Orange
12390000859	Bulwark Scroll · Cloak-Orange
12390000858	Oak Scroll · Cloak-Orange
12390000857	Life Percentage · Cloak-Purple
12390000856	Magic Ward Scroll · Cloak-Purple
12390000855	Bulwark Scroll·Cloak-Purple
12390000854	Oak Scroll·Cloak-Purple
12390000853	Life Percentage·Cloak-Blue
12390000852	Magic Ward Scroll·Cloak-Blue
12390000851	Bulwark Scroll·Cloak-Blue
12390000850	Oak Scroll·Cloak-Blue
12390000849	Life Percentage·Cloak-Green
12390000848	Magic Ward Scroll·Cloak-Green
12390000847	Bulwark Scroll·Cloak-Green
12390000846	Oak Scroll·Cloak-Green
12390000845	Emerald Realmguard Scroll·Armor-Red
12390000844	Azure Realmguard Scroll·Armor-Red
12390000843	Golden Realmguard Scroll·Armor-Red
12390000842	Crimson Realmguard Scroll·Armor-Red
12390000841	Life Percentage·Armor-Orange
12390000840	Fate Scroll·Armor-Orange
12390000839	Hummingbird Scroll·Armor-Orange
12390000838	Ymir Scroll·Armor-Orange
12390000837	Mountain Scroll·Armor-Orange
12390000836	Hawkeye Scroll·Armor-Orange
12390000835	Giant Scroll·Armor-Orange
12390000834	Life Percentage·Armor-Purple
12390000833	Fate Scroll·Armor-Purple
12390000832	Hummingbird Scroll·Armor-Purple
12390000831	Ymir Scroll·Armor-Purple
12390000830	Mountain Scroll·Armor-Purple
12390000829	Hawkeye Scroll·Armor-Purple
12390000828	Giant Scroll·Armor-Purple
12390000827	Life Percentage·Armor-Blue
12390000826	Fate Scroll·Armor-Blue
12390000825	Hummingbird Scroll·Armor-Blue
12390000824	Ymir Scroll·Armor-Blue
12390000823	Mountain Scroll·Armor-Blue
12390000822	Hawkeye Scroll·Armor-Blue
12390000821	Giant Scroll·Armor-Blue
12390000820	Life Percentage·Armor-Green
12390000819	Fate Scroll·Armor-Green
12390000818	Hummingbird Scroll·Armor-Green
12390000817	Ymir Scroll·Armor-Green
12390000816	Mountain Scroll·Armor-Green
12390000815	Hawkeye Scroll·Armor-Green
12390000814	Giant Scroll·Armor-Green
12390000813	Emerald Realmguard Scroll·Off-Hand-Red
12390000812	Azure Realmguard Scroll·Off-Hand-Red
12390000811	Golden Realmguard Scroll·Off-Hand-Red
12390000810	Crimson Realmguard Scroll·Off-Hand-Red
12390000809	Life Percentage·Off-Hand-Orange
12390000808	Fate Scroll·Off-Hand-Orange
12390000807	Hummingbird Scroll·Off-Hand-Orange
12390000806	Ymir Scroll·Off-Hand-Orange
12390000805	Mountain Scroll·Off-Hand-Orange
12390000804	Hawkeye Scroll·Off-Hand-Orange
12390000803	Giant Scroll·Off-Hand-Orange
12390000802	Life Percentage·Off-Hand-Purple
12390000801	Fate Scroll·Off-Hand-Purple
12390000800	Hummingbird Scroll·Off-Hand-Purple
12390000799	Ymir Scroll·Off-Hand-Purple
12390000798	Mountain Scroll·Off-Hand-Purple
12390000797	Hawkeye Scroll·Off-Hand-Purple
12390000796	Giant Scroll·Off-Hand-Purple
12390000795	Life Percentage·Off-Hand-Blue
12390000794	Fate Scroll·Off-Hand-Blue
12390000793	Hummingbird Scroll·Off-Hand-Blue
12390000792	Ymir Scroll·Off-Hand-Blue
12390000791	Mountain Scroll·Off-Hand-Blue
12390000790	Eagle Eye Scroll·Off-Hand-Blue
12390000789	Giant Scroll·Off-Hand-Blue
12390000788	Life Percentage·Off-Hand-Green
12390000787	Fate Scroll·Off-Hand-Green
12390000786	Hummingbird Scroll·Off-Hand-Green
12390000785	Ymir Scroll·Off-Hand-Green
12390000784	Mountain Scroll·Off-Hand-Green
12390000783	Eagle Eye Scroll·Off-Hand-Green
12390000782	Giant Scroll·Off-Hand-Green
12390000781	Emerald Boundary-Breaking Scroll·One-Handed-Red
12390000780	Azure Boundary-Breaking Scroll·One-Handed-Red
12390000779	Golden Boundary-Breaking Scroll·One-Handed-Red
12390000778	Crimson Boundary-Breaking Scroll·One-Handed-Red
12390000777	Fate Scroll·One-Handed-Orange
12390000776	Hummingbird Scroll·One-Handed-Orange
12390000775	Ymir Scroll·One-Handed-Orange
12390000774	Mountain Scroll·One-Handed-Orange
12390000773	Eagle Eye Scroll·One-Handed-Orange
12390000772	Giant Scroll·One-Handed-Orange
12390000771	Fate Scroll·One-Handed-Purple
12390000770	Hummingbird Scroll·One-Handed-Purple
12390000769	Ymir Scroll·One-Handed-Purple
12390000768	Mountain Scroll·One-Handed-Purple
12390000767	Eagle Eye Scroll·One-Handed-Purple
12390000766	Giant Scroll·One-Handed-Purple
12390000765	Fate Scroll·One-Handed-Blue
12390000764	Hummingbird Scroll·One-Handed-Blue
12390000763	Ymir Scroll·One-Handed-Blue
12390000762	Mountain Scroll·One-Handed-Blue
12390000761	Eagle Eye Scroll·One-Handed-Blue
12390000760	Giant Scroll·One-Handed-Blue
12390000759	Fate Scroll·One-Handed-Green
12390000758	Hummingbird Scroll·One-Handed-Green
12390000757	Ymir Scroll·One-Handed-Green
12390000756	Mountain Scroll·One-Handed-Green
12390000755	Eagle Eye Scroll·One-Handed-Green
12390000754	Giant Scroll·One-Handed-Green
12390000753	Emerald Boundary-Breaking Scroll·Dual-Wield-Red
12390000752	Azure Boundary-Breaking Scroll·Dual-Wield-Red
12390000751	Golden Boundary-Breaking Scroll·Dual-Wield-Red
12390000750	Crimson Boundary-Breaking Scroll·Dual-Wield-Red
12390000749	Life Percentage·Dual-Wield-Orange
12390000748	Fate Scroll·Dual-Wield-Orange
12390000747	Hummingbird Scroll·Dual-Wield-Orange
12390000746	Ymir Scroll·Dual-Wield-Orange
12390000745	Mountain Scroll·Dual-Wield-Orange
12390000744	Eagle Eye Scroll·Dual-Wield-Orange
12390000743	Giant Scroll·Dual-Wield-Orange
12390000742	Life Percentage·Dual-Wield-Purple
12390000741	Fate Scroll·Dual-Wield-Purple
12390000740	Hummingbird Scroll·Dual-Wield-Purple
12390000739	Ymir Scroll·Dual-Wield-Purple
12390000738	Mountain Scroll·Dual-Wield-Purple
12390000737	Eagle Eye Scroll·Dual-Wield-Purple
12390000736	Giant Scroll·Dual-Wield-Purple
12390000735	Life Percentage · Dual Wield - Blue
12390000734	Destiny Scroll · Dual Wield - Blue
12390000733	Hummingbird Scroll · Dual Wield - Blue
12390000732	Ymir Scroll · Dual Wield - Blue
12390000731	Mountain Scroll · Dual Wield - Blue
12390000730	Eagle Eye Scroll · Dual Wield - Blue
12390000729	Giant Scroll · Dual Wield - Blue
12390000728	Life Percentage · Dual Wield - Green
12390000727	Destiny Scroll · Dual Wield - Green
12390000726	Hummingbird Scroll · Dual Wield - Green
12390000725	Ymir Scroll · Dual Wield - Green
12390000724	Mountain Scroll · Dual Wield - Green
12390000723	Eagle Eye Scroll · Dual Wield - Green
12390000722	Giant Scroll · Dual Wield - Green
12390000721	Lord's Mane
12390000720	Giant Snake Egg
12390000719	Snake Gallbladder
12390000718	Tree Bark
12390000717	Memory Particle Storage Unit
12390000716	Professor's Notes
12390000715	Proof of Trial
12390000714	Expired Flatbread
12390000713	Whispering Flower
12390000712	Eddga Hide
12390000711	High-Quality Sticky Mucus
12390000710	Cleaver's Testimony
12390000709	Nita's Testimony
12390000708	Hollgrehenn's Testimony
12390000707	Pathfinder Ant
12390000706	Teleport Key
12390000705	Outpost Key
12390000704	Dark Flak Cannon
12390000703	Holy Flak Cannon
12390000702	Lightning Raven
12390000701	Holy Rocket Launcher
12390000700	Poring Cannon
12390000699	Madogear Pilot Repair
12390000698	Peco Peco
12390000697	Tank
12390000696	Adamantine Madogear
12390000695	Mithril Madogear
12390000694	Steel Madogear
12390000693	Rocket Launcher
12390000692	Anti-Aircraft Gun
12390000691	Flying Raven
12390000690	Arm Cannon
12390000689	Plain Balloon
12390000688	Dazzling Fireworks
12390000687	Golden Fireworks
12390000686	Sparkler
12390000685	Happy Sparkling Balloon
12390000684	Cute Sparkling Balloon
12390000683	Sparkling Balloon
12390000682	Lunatic Horn
12390000681	Deviruchi Horn
12390000680	Small Horn
12390000679	Stone Arrow
12390000678	Arrow of Wind
12390000677	Silver Arrow
12390000676	Crystal Arrow
12390000675	Fire Arrow
12390000674	Steel Arrow
12390000673	Arrow
12390000672	Quest Fly Wing
12390000671	Yggdrasil Leaf
12390000670	Bloody Branch
12390000669	Dead Branch
12390000668	Fly Wing
12390000667	Butterfly Wing
12390000666	Life Crystal@{1}
12390000665	Life Crystal
12390000664	Magic DEF Crystal
12390000663	Mana Crystal
12390000662	Shield Crystal
12390000661	Blade Crystal
12390000660	Citruswood Fruit Tea
12390000659	Woody Grape Drink
12390000658	Lemon Herbal Tea
12390000657	Pure Lemon Water
12390000656	Strawberry Cocoa Crunch Bar
12390000655	Berry Herbal Tea
12390000654	Colorful Lollipop
12390000653	Cocoa Pudding
12390000652	Spicy Fried Rice
12390000651	Spicy Herb Wrap
12390000650	Herb Porridge
12390000649	Meat Bun
12390000648	Mixed Fruit Juice
12390000647	Grape Sparkling Water
12390000646	Refreshing Lemon Brew
12390000645	Green Lemon Cocktail
12390000644	Grape Wine
12390000643	Hot Strawberry Cocoa Milk
12390000642	Strawberry Milkshake
12390000641	Vanilla Hot Cocoa
12390000640	Strawberry Cocoa Truffle
12390000639	Strawberry Hard Candy
12390000638	Spicy Meat Patty
12390000637	Chili Beast Steak
12390000636	Grilled Mushroom Skewers
12390000635	Mushroom Tomato Soup
12390000634	Creamy Tomato Soup
12390000633	Yor's Kitchen Creation
12390000632	Quick-acting White Potion
12390000631	Panacea
12390000630	Panacea
12390000629	Superior Fountain of Life
12390000628	Superior Spirit Potion
12390000627	Superior Vitality Potion
12390000626	Superior Green Potion
12390000625	Fountain of Life
12390000624	Holy Spirit Potion
12390000623	Vitality Potion
12390000622	Red Potion
12390000621	Green Potion
12390000620	Condensed Blue Potion
12390000619	Blue Potion
12390000618	Superior Yellow Potion
12390000617	Superior Orange Potion
12390000616	Superior Red Potion
12390000615	Superior Breath Medicine
12390000614	Concentrated Breath Medicine
12390000613	First Aid Breath Medicine
12390000612	Potent Breath Medicine
12390000611	Premium Breath Medicine
12390000610	Gentle Breath Medicine
12390000609	Refreshing Breath Medicine
12390000608	White Potion
12390000607	Yellow Potion
12390000606	Orange Potion
12390000605	Beginner Potion
12390000604	Feather Spirit
12390000603	Feather Flame
12390000602	Constellation
12390000601	Star Chain
12390000600	Christmas Stocking
12390000599	FIRE
12390000598	Take It Easy
12390000597	Lv. @{1} Two-Handed Spear (Lance Knight Only, No BD)
12390000596	Lv. @{1} Shield (No BD)
12390000595	Lv. @{1} Katar (No BD)
12390000594	Lv. @{1} Bow (No BD)
12390000593	Lv. @{1} Staff (No BD)
12390000592	Lv. @{1} Wand (No BD)
12390000591	Lv. @{1} Mace (No BD)
12390000590	Lv. @{1} Two-Handed Axe (No BD)
12390000589	Lv. @{1} One-Handed Axe (No BD)
12390000588	Lv. @{1} Two-Handed Spear (No BD)
12390000587	Lv. @{1} One-Handed Spear (No BD)
12390000586	Lv. @{1} Two-Handed Sword (No BD)
12390000585	Lv. @{1} One-Handed Sword (No BD)
12390000584	Lv. @{1} Dagger (No BD)
12390000583	Lv. @{1} Two-Handed Spear (Lance Knight Only)
12390000582	Lv. @{1} @{2} Shield
12390000581	Lv. @{1} @{2} Katar
12390000580	Lv. @{1} @{2} Bow
12390000579	Lv. @{1} @{2} Staff
12390000578	Lv. @{1} @{2} Wand
12390000577	Lv. @{1} @{2} Mace
12390000576	Lv. @{1} @{2} Two-Handed Axe
12390000575	Lv. @{1} @{2} One-Handed Axe
12390000574	Lv. @{1} @{2} Two-Handed Spear
12390000573	Lv. @{1} @{2} One-Handed Spear
12390000572	Lv. @{1} @{2} Two-Handed Sword
12390000571	Lv. @{1} @{2} One-Handed Sword
12390000570	Lv. @{1} @{2} Dagger
12390000569	Lv. @{1} Shield
12390000568	Lv. @{1} Katar
12390000567	Lv. @{1} Bow
12390000566	Lv. @{1} Staff
12390000565	Lv. @{1} Wand
12390000564	Lv. @{1} Mace
12390000563	Lv. @{1} Two-Handed Axe
12390000562	Lv. @{1} One-Handed Axe
12390000561	Lv. @{1} Two-Handed Spear
12390000560	Lv. @{1} One-Handed Spear
12390000559	Lv. @{1} Two-Handed Sword
12390000558	Lv. @{1} One-Handed Sword
12390000557	Lv. @{1} Dagger
12390000556	Super Arena Beck Battle Axe@{1}
12390000555	Super Arena Earth Spirit Spear
12390000554	Super Arena Bow@{1}
12390000553	Super Arena Knight Spear
12390000552	Super Arena Two-Handed Sword
12390000551	Super Arena Katar
12390000550	Super Tournament Dagger
12390000549	Super Tournament Rod
12390000548	Superior Beck Battle Axe@{1}
12390000547	Superior Earth Spirit Spear
12390000546	Superior Bow@{1}
12390000545	Superior Knight Spear
12390000544	Superior Two-Handed Sword
12390000543	Superior Katar
12390000542	Superior Dagger
12390000541	Superior Rod
12390000540	Advanced Beck Battle Axe@{1}
12390000539	Advanced Earth Spirit Spear
12390000538	Advanced Bow@{1}
12390000537	Advanced Knight Spear
12390000536	Advanced Two-Handed Sword
12390000535	Advanced Katar
12390000534	Advanced Dagger
12390000533	Advanced Rod
12390000532	Intermediate Beck Battle Axe@{1}
12390000531	Intermediate Earth Spirit Spear
12390000530	Intermediate Bow@{1}
12390000529	Intermediate Knight Spear
12390000528	Intermediate Two-Handed Sword
12390000527	Intermediate Katar
12390000526	Intermediate Dagger
12390000525	Intermediate Rod
12390000524	Basic Beck Battle Axe@{1}
12390000523	Basic Earth Spirit Spear
12390000522	Basic Bow@{1}
12390000521	Basic Knight Spear
12390000520	Basic Two-Handed Sword
12390000519	Basic Katar
12390000518	Basic Dagger
12390000517	Basic Rod
12390000516	Flower Ring
12390000515	Rosary
12390000514	Diamond Ring
12390000513	Gold Ring
121000	Not enough Required Materials to Enchant.
121001	Current Equipment already has an Enchant with the same name. Replace it?
121002	Continue Enchanting
121003	Cancel
121004	Select the equipment slot to Enchant.
121005	${1}+ (${2}~${3})
121006	Chance to unlock a new slot or replace an existing Enchant.
121007	Randomly replaces an existing Enchant.
121008	All equipment Enchant attributes will be removed when the Season ends.
121009	No equipment available.
121010	Select an Enchant formula.
121011	Enchant Cost
121012	Unlock New Slot
121013	Replace (${1})
12390000512	Clip
12390000511	Gloves
12390000510	Novice Necklace
12390000509	Amulet
12390000508	Novice Earrings
12390000507	Earrings
12390000506	Novice Ring
12390000505	Ring
12390000504	Vidar's Boots
12390000503	Bunny Slippers
12390000502	Goibne's Greaves
12390000501	Fricco's Shoes
12390000500	Safety Shoes
12390000499	Boots
12390000498	Novice Greaves
12390000497	Greaves
12390000496	Novice Boots
12390000495	Shoes
12390000494	Novice Sandals
12390000493	Sandals
12390000492	Falcon Cloak
12390000491	Soldier Skeleton's Cloak
12390000490	Vali's Cloak
12390000489	Armored Pauldrons
12390000488	Survivor's Cloak
12390000487	Ancient Cloak
12390000486	Novice Cloak
12390000485	Cloak
12390000484	Novice Pauldrons
12390000483	Pauldrons
12390000482	Novice Hooded Pauldrons
12390000481	Hooded Pauldrons
12390000480	Steel Armor
12390000479	Silk Robe
12390000478	Steel Chain Mail
12390000477	Iron Armor
12390000476	Mink Coat-STR/VIT-DEF
12390000475	Mink Coat-DEX/AGI-ATK
12390000474	Mink Coat-INT/DEX-ATK
12390000473	Mink Coat-STR/VIT-ATK
12390000472	Mink Coat-STR/LUK-ATK
12390000471	Mink Coat-STR/AGI-ATK
12390000470	Mink Coat
12390000469	Adventurer's Suit
12390000468	Novice Coat
12390000467	Coat
12390000466	Novice Leather Jacket
12390000465	Leather Jacket
12390000464	Novice Cotton Shirt
12390000463	Cotton Shirt
12390000462	Holy Guard
12390000461	Archangel's Shield
12390000460	Strong Shield
12390000459	Valkyrja's Shield
12390000458	Stone Buckler
12390000457	Thorny Buckler
12390000456	Novice Steel Shield
12390000455	Shield
12390000454	Novice Buckler
12390000453	Buckler
12390000452	Novice Iron Shield
12390000451	Guard
12390000450	Wind Spirit Katar
12390000449	Evil Katar
12390000448	Loki's Nail
12390000447	Infiltrator
12390000446	Wraith Katar
12390000445	Katar of Dusty Thornbush
12390000444	Novice Secret Blade: Dark Howl
12390000443	Secret Blade: Dark Howl
12390000442	Novice Katar Blade
12390000441	Katar
12390000440	Novice Katar
12390000439	Katar
12390000438	Luna Bow
12390000437	Eblere Bow
12390000436	Ixion Wing
12390000435	Rudra Bow
12390000434	Sky Dragon Wing
12390000433	Hunter Bow
12390000432	Novice Great Bow
12390000431	Great Bow
12390000430	Novice Composite Bow
12390000429	Composite Bow
12390000428	Novice Bow
12390000427	Bow
12390000426	Staff of Destruction
12390000425	Dea Staff
12390000424	Kronos
12390000423	Warrior's Staff of Destruction
12390000422	Wizardry Staff
12390000421	Soul Staff
12390000420	Rune Staff
12390000419	Mistletoe Staff
12390000418	Pinewood Rod
12390000417	Hypnotist's Staff
12390000416	Lich's Bone Staff
12390000415	Survivor's Rod (Dex)
12390000414	Wing Staff
12390000413	Skull Staff
12390000412	Arc Wand
12390000411	Novice Staff of Wisdom
12390000410	Staff
12390000409	Novice Oak Staff
12390000408	Oak Staff
12390000407	Novice Staff
12390000406	Rod
12390000405	Mithril Longhammer
12390000404	Golden Hammer
12390000403	Secret Hammer: Cold Moon
12390000402	Sword Mace
12390000401	Morning Star
12390000400	Stunner
12390000399	Smash's Hammer
12390000398	Mace
12390000397	Club
12390000396	Wind Spirit Axe
12390000395	Bardiche
12390000394	Doom Slayer
12390000393	Guillotine
12390000392	Great Axe
12390000391	Bloody Axe
12390000390	Novice Buster
12390000389	Buster
12390000388	Novice Steel Axe
12390000387	Steel Axe
12390000386	Novice Battle Axe
12390000385	Battle Axe
12390000384	Bloody Battle Axe
12390000383	Empowered Axe
12390000382	Vecer Axe
12390000381	Hill's Axe
12390000380	Cleaver
12390000379	Orcish Axe
12390000378	Double-Bladed Axe
12390000377	Iron Axe
12390000376	Axe
12390000375	Schulte Spear
12390000374	Wind Spirit Spear
12390000373	Dragutin Spear
12390000372	Halberd
12390000371	Dreyn Halberd
12390000370	Double-Bladed Halberd
12390000369	Novice Pike
12390000368	Pike
12390000367	Novice Guisarme
12390000366	Guisarme
12390000365	Novice Knight Spear
12390000364	Knight Spear
12390000363	Long Horn
12390000362	Halberd
12390000361	Battle Hook
12390000360	Hunting Spear
12390000359	Earth Spirit Spear
12390000358	Gungnir
12390000357	Pike
12390000356	Spear
12390000355	Halberd
12390000354	Arans Sword
12390000353	Wind Spirit Sword
12390000352	Executioner
12390000340	Treasure Sword
12390000339	Excalibur
12390000338	Haedonggum
12390000337	Saber
12390000336	Novice Rapier
12390000335	Rapier
12390000334	Novice Blade
12390000333	Blade
12390000332	Novice Sword
12390000331	Sword
12390000330	TBD
12390000329	Double-Edged Dagger
12390000328	Ornate Dagger
12390000327	Damascus
12390000326	Gladius
12390000325	Dagger
12390000324	Dirk
12390000323	Novice Main Gauche
12390000322	Main Gauche
12390000321	Novice Cutter
12390000320	Cutter
12390000319	Novice Dagger
12390000318	Dagger
12390000317	Two-Tone - Yellow/Red
12390000316	Two-Tone - Blue/Red
12390000315	Two-Tone - Blue/Yellow
12390000314	Two-Tone - Green/Red
12390000313	Two-Tone - Green/Yellow
12390000312	Two-Tone - Green/Blue
12390000311	Supreme Scepter of Order
12390000310	Drum of Dread
12390000309	Desolate Mist Bagpipes
12390000308	Silvermoon Harp
12390000307	Prisoner's Dancing Bells
12390000306	Dream-Eating Flute
12390000305	Final Vow Chalice
12390000304	Throat of the Ash Tree
12390000303	Scepter of Order
12390000302	Pearltear Conch
12390000301	Snowy Night Music Box
12390000300	Gorsk's Horn
11190000000	Requires Base Level ^{1}${1}^{2}
11190000001	Requires job type ^{1}${1}^{2}
11190000002	Requires the specified buff.
11190000003	NPC Interaction count does not meet the requirement
11190000004	Already firing
11190000005	Must participate in the Tower Climb event
11190000006	Must claim Tower Climb sweep rewards
11190000007	Insufficient Activity
11190000008	Must win in Tower Climb
11190000009	Must log in for a total of ^{1}${1}^{2} days
11190000010	Must meet the required Tower Climb Floors
11190000011	Reserve
11190000012	Dungeon ${1} completion count has not yet met the requirement
11190000013	Requires the ${1} job.
11190000014	Insufficient faction quest points
11190000015	Insufficient enemies defeated
11190000016	Quest not yet completed.
11190000017	Function Not Available
11190000018	Event Not Available
11190000019	Only ${1} characters can use this
11190000020	Insufficient buff Floors^{1}${1}^{2}
11190000021	Must equip ^{1}${1}^{2}
11190000022	Must own item ^{1}${1}^{2}
11190000023	Requires Skill ^{1}${1}^{2}
11190000024	Requires Card ^{1}${1}^{2}
11190000025	HP is already full
11190000026	Title Level too low
11190000027	Not enough Trade attempts
11190000028	Not enough auction attempts
11190000029	Equipment slot Reinforcement level too low
11190000030	Not enough Refine attempts
11190000031	Not enough Equipment Forging completions of the required quality
11190000032	Not enough cards of the required quality
11190000033	Not enough pets of the required quality
11190000034	Not enough pets of the required level
11190000035	Not enough MVP event participations
11190000036	Not enough MINI event participations
11190000037	Insufficient Guild Bonfire participation
11190000038	Not enough GVE event participations
11190000039	Insufficient Guild League participation
11190000040	Not enough time spent in field combat
11190000041	Not enough offline idle rewards claimed
11190000042	Not enough Guild Blessing participations
11190000043	Not enough friends
11190000044	Not enough chat messages in the required channel
11190000045	Equipment slot Refine Level too low
11190000046	Refine Resonance Level too low
11190000047	Not enough of the required equipment forged
11190000048	Not enough of the required equipment equipped
11190000049	Total Refine Level too low
11190000050	Not enough pets deployed
11190000051	Not enough Divine Art Totems deployed
11190000052	Not enough Soul Echoes deployed
11190000053	Not enough monsters unlocked in the Codex
11190000054	Monster collection progress in the Codex too low
11190000055	Offline idle stage progress requirement not met
11190000056	Not enough dungeon clears
11190000057	Growth Badge level requirement not met
11190000058	Item usage requirement not met
11190000059	Monster Kill count too low
11190000060	Not enough cards of the required star rating
11190000061	Not enough specified Interactions completed
11190000062	Rift Stone
11190000063	This Week's acquisition limit has been reached
11190000064	Insufficient items
11190000065	Please select a main story branch
11190000066	Not yet completed
11190000067	Dialogue not yet completed
11190000068	Monster not yet killed
11190000069	Specified area not yet reached
11190000070	Please complete your Job Advance
11190000071	All equipment must reach Reinforcement level ${1}
11190000072	Join a guild.
11190000073	Clear Floor ${1} of the tower
11190000074	Earn ${1} individual MVP rewards
11190000075	Power must reach ${1}
11190000076	Complete the Cat Hand Caravan
11190000077	Allocate Job Points
11190000078	Allocate Base Points
11190000079	Not Participated in Monster Kills
11190000080	Not enough Enhance attempts
11190000081	Not enough equipment of the required rank equipped
11190000082	Required guide not completed
11190000083	Not enough pet searches
11190000084	Not enough Equipment Forging completions of the required rank
11190000085	Insufficient Kills of monsters at the corresponding level
11190000086	Not enough Tavern daily quests completed
11190000087	Not enough Star Points earned in the Tavern
11190000088	Not enough active days in the Tavern
11190000089	Not enough time spent active in the Tavern today
11190000090	Friendship requirement not met
11190000091	Required MVP not defeated together
11190000092	Not enough joint Battle Royale participation
11190000093	Have not idled together for ${1} minutes
11190000094	Not enough friends with Affection Lv. ${1}
11190000095	Not enough times reaching the required Guild League score
11190000096	Placement requirement not met
11190000097	Not enough item uses
11190000098	Not enough monsters defeated
11190000099	Not enough treasure chests opened
11190000100	Team Members have not obtained enough items
11190000101	Team Members have not used disguise items enough times
11190000102	Team Members have not defeated enough other players
11190000103	Rank requirement not met
11190000104	Not enough completions
11190000105	Not enough challenges
11190000106	Not enough wins
11190000107	Not enough participation
11190000108	Required Season rank not reached
11190000109	Required ranking not reached
11190000110	Required score not reached
11190000111	Not enough times reaching the required score
11190000112	Play While Downloading not completed
11190000113	Login not completed
11190000114	Not enough treasure hunts
11190000115	Not enough high-multiplier Description consumed
11190000116	Not enough likes given on personal profiles
11190000117	Emote/Action not used in the designated area
11190000118	Not enough Expedition challenges
11190000119	Item consumption requirement not met
11190000120	Consumption count requirement not met
11190000121	Not enough Reward Vault participation
11190000122	Requirements not met
11190000123	Not enough treasure chests opened
11190000124	Current guild position does not meet the requirement
11190000125	Instance not successfully cleared
11190000126	Not enough Guild Members on the team
11190000127	Not enough members from the same Adventurer Group on the team
11190000128	Movement completion too low
11190000129	Gathering count requirement not met
11190000130	Required progress not reached
11190000131	Required Rating not reached
11190000132	Target requirement not met
11190000133	Target Weak value not reached
11190000134	Required Kills not reached
11190000135	Required Revives not reached
11190000136	Required Assists not reached
11190000137	Target not successfully defeated
11190000138	Quest requirements not met
11190000139	Attempt requirement Not Reached
11190000140	Boss Kill count requirement not met
11190000141	Required quantity Not Reached
11190000142	Specified item not yet obtained
11190000143	Refinement slot activation requirements not met
11190000144	Activated Enchant slot requirements not met
11190000145	Current Equipment Enchantment requirements not met
11190000146	Current Equipment Stunt count requirement not met
11190000147	Appraisal attempt requirement Not Reached
11190000148	Rare Items remain Unidentified
11190000149	Equipment with a Stunt remains Unidentified
11190000150	Refine level Not Reached
11190000151	Crafted equipment count for the corresponding Rarity is too low
11190000152	Required level Not Reached
11190000153	This Appearance has not been unlocked
11190000154	Not enough Appearance types unlocked
11190000155	One or more slots do not meet the requirements
11190000156	Deployed pet lineup requirements not met
11190000157	Pet Faction effect not activated
11190000158	Deploy more support pets
11190000159	Alchemy Room Level too low. Requires Lv. ${1}
11190000160	Pet count for the corresponding Rarity is too low
11190000161	Please wait ${1}s for the quest to complete automatically
11190000162	Please complete the designated story performance
11190000163	Rent requirements Not Reached
11190000164	Monster Kill participation count too low
11190000165	Skill point requirement Not Reached
11190000166	Card Collection count requirement not met
11190000167	Not enough Cards have reached the required star rating
11190000168	Totem skill count requirement not met
11190000169	Not enough totems with maxed attribute bars
11190000170	Totem synthesis count requirement not met
11190000171	Not enough Totems deployed
11190000172	Deployed Soul Echoes do not meet the requirements
11190000173	Activated Soul Echo Resonance does not meet the requirements
11190000174	Overall Soul Echo level too low
11190000175	Not enough Soul Echo Enhancements
11190000176	Not enough regional rewards claimed
11190000177	Not enough area rewards claimed
11190000178	Reward for the specified region has not been claimed
11190000179	Required point tier not reached
11190000180	Adventure Party Leader has not selected a sapling
11190000181	Some Members have not set a declaration
11190000182	Some Members have not watered the sapling
11190000183	Not enough activated Talent Points
11190000184	Talent Level too low
11190000185	No Job Talent selected
11190000186	Valhalla ${1} has not been cleared yet.
12390000299	Treasure Hunt Dig Attempts
12390000298	Pass Currency
12390000297	Premium Monthly Pass Currency
12390000296	Standard Monthly Pass Currency
12390000295	Guild Contribution Points
12390000294	Military Supplies
12390000293	Region @{1} Points
12390000292	Subjugation Medal
12390000291	Vigor
12390000290	Tailoring EXP
12390000289	Gardening EXP
12390000288	Carving EXP
12390000287	Logging EXP
12390000286	Smithing EXP
12390000285	Mining EXP
12390000284	Contributor Badge
12390000283	Crystallized Ore
12390000282	Pass EXP
12390000281	Paper Crane of Affection
12390000280	Adventure Bond Points
12390000279	Auction Supplies
12390000278	Time Rift Gold Casting
12390000277	Time Rift Silver Casting
12390000276	Guild Supplies
12390000275	Codex Points (Monsters - Desert)
12390000274	Codex Points (Monsters - Mjolnir)
12390000273	Codex Points (Monsters - Payon)
12390000272	Codex Points (Monsters - Geffen)
12390000271	Codex Points (Monsters)
12390000270	Codex Points (Books)
12390000269	Codex Points (Cards)
12390000268	Collection Points
12390000267	Novice Credits
12390000266	Guild Contribution
12390000265	Guild Activity
12390000264	Guild Prestige
12390000263	Guild Funds
12390000262	Guild Emblem
12390000261	Personal Guild Contribution
12390000260	Job EXP
12390000259	Base EXP
12390000258	Dragon Coffin Island Protection Points
12390000257	Dragon Coffin Island Net Victory Points
12390000256	War Merit Points
12390000073	Card: Penomena
12390000072	Card: Ancient Mummy
12390000071	Card: Sky Petite
12390000070	Card: Munak
12390000069	Shadow Card: Thara Frog
12390000068	Card: Orc Warrior
12390000067	Card: Megalodon
12390000066	Card: Bigfoot
12390000065	Card: Sropho
12390000064	Card: Deviace
12390000063	Card: Aster
12390000062	Card: Shellfish
12390000061	Card: Crab
12390000060	Card: Caramel
12390000059	Card: Petite
12390000058	Shadow Card: Skeleton Worker
12390000057	Card: Strouf
12390000056	Card: Orc Skeleton
12390000055	Card: Hunter Fly
12390000054	Card: Requiem
12390000053	Card: Golem
12390000052	Shadow Card: Minorous
12390000051	Shadow Card: Hydra
12390000050	Card: Flora
12390000049	Card: Goblin
12390000048	Card: Drainliar
12390000047	Card: Vadon
12390000046	Card: Metaller
12390000045	Card: Orc Lady
12390000044	Card: Wolf
12390000043	Card: Marina
12390000042	Card: Plankton
12390000041	Card: Mandragora
12390000040	Card: Scorpion
12390000039	Card: Boa
12390000038	Card: Andre
12390000037	Card: Peco Peco Egg
12390000036	Card: Willow
12390000035	Card: Muka
12390000034	Card: Poison Spore
12390000033	Card: Poporing
12390000032	Card: Tarou
12390000031	Card: Yoyo
12390000030	Card: Spore
12390000029	Card: Worm Tail
12390000028	Card: Eggyra
12390000027	Card: Thief Bug Male
12390000026	Card: Zombie
12390000025	Card: Chonchon
12390000024	Card: Condor
12390000023	Card: Baby Desert Wolf
12390000022	Card: Thief Bug
12390000021	Card: Roda Frog
12390000020	Card: Rocker
12390000019	Card: Pupa
12390000018	Card: Super Picky
12390000017	Card: Picky
10960100000	Equipment Forging:
10960100001	Equipment Appraisal:
10960100002	Throne Token
10960100003	Unlock Appearance
10960100004	Equip and Switch
10960100005	Fashion Score
10960100006	Favorite
10960100007	Plan
10960100008	Buy
10960100009	Appearance Gift Details
10960100010	Point Allocation Preset:
10960100011	Stat Reset:
10960100012	Guild Prestige Information
10960100013	Guild Fund Description
10960100014	Guild Contribution Information
10960100015	Guild Supplies Information
10960100016	Guild Group Mail Information
10960100017	War Technology
10960100018	Limited-Time Tactics
10960100019	Join a guild
10960100020	Leave Guild
10960100021	Guild Positions
10960100022	Guild Rally
10960100023	Guild Auction
10960100024	Guild Dividend
10960100025	Guild Diplomacy
10960100026	Guild Activity
10960100027	Guild League Elite
10960100028	War of Emperium Artillery Permissions
10960100029	War of Emperium Vehicle Permissions
10960100030	Guild Funds Rankings
10960100031	Bid Fund Details
56000	Bosses Defeated: ${1}/${2}
56001	Party Challenge
56002	Only the Party Leader can select the challenge target.
56003	My Party
56004	Finder
56005	All Classes
56006	${1} Achieved
56007	Challenge unlocks at World Level <color=#dd563f>${1}</color>
56008	Challenge unlocks in ${1} days
10960100041	Auction Pre-purchase
10960100042	Class Item Details
10960100043	Shop Details
10960100044	Friends Info
10960100045	Gift Details
10960100046	Gifting Details
10960100047	About Cross-server Friends
10960100048	Mount Info
10960100049	Leaderboard Details
10960100050	Weekly Rewards
10960100051	Seasonal Rewards
10960100052	Top Ten Players
10960100053	Evenly Matched
10960100054	Tavern Room Rules
10960100055	Host Permissions
10960100056	Intimacy Info
10960100057	How to Gain Intimacy
10960100058	Basic Rules:
10960100059	Reward Rules:
10960100060	Ranking Rules:
10960100061	MVP Ranking Point Decay
10960100062	Bonus Point Details
10960100063	Monster Collection Details
10960100064	High-Reward Auto Mode Rules
10960100065	Field Auto-Battle Decay Rules
10960100066	Field Auto-Battle Rewards
10960100067	Teammate Shared Rewards Details
10960100068	Soul Echo Overview
10960100069	Soul Echo Resonance Info
10960100070	Team Auction Details
10960100071	Divine Totem Overview
10960100072	Divine Totem Level-up
10960100073	Divine Totem Skill Learning
10960100074	Divine Totem Attribute Reset
10960100075	Divine Totem Synthesis
10960100076	Card Sources:
10960100077	Card Effects:
10960100078	Using Cards:
10960100079	Card Advancement:
10960100080	Card Returns:
10960100081	Card Slotting Details:
10960100082	Collection Cards:
10960100083	Codex Function Details
10960100084	Monster Codex Guide
10960100085	Reading Level Details
10960100086	Card Codex Guide
10960100087	Adventure Handbook Theme Help
10960100088	Profile
10960100089	Edit Profile
10960100090	Star Core List
10960100091	Kafra: Battle of the Survivors
10960100092	Competition Screen
10960100093	Result
10960100094	Auto-Revive Details
10960100095	Kafra Shop Details
10960100096	Discard Multiple
10960100097	Current Encounter
10960100098	Select a Build
10960100099	Select Starting Location
10960100100	Match Gameplay Details
10960100101	Random Event Overview
10960100102	Revive Details
10960100103	Reward Details
10960100104	Rank Rules
10960100105	Epic Battle
10960100106	Ilmatar Turret
10960100107	Auction Details
10960100108	Bidder ID
10960100109	Place Bet
10960100110	Lucky Star Quiz
10960100111	Skill Build
10960100112	Stat Build
10960100113	Equipment Loadout
10960100114	Card Preset
10960100115	Divine Arts Totem Loadout
10960100116	Soul Echo Setup
10960100117	Pet Preset
10960100118	Base Power ^{1}${1}^{2}
10960100119	Season Power ^{1}${2}^{2}
10960100120	Monster Difficulty Reduction:
10960100121	Spirit Tower Rules
10960100122	Pet Deployment Guide
10960100123	Victory Conditions
10960100124	Battering Ram
10960100125	Siege Ladder
10960100126	Artillery
10960100127	Madogear Pilot
10960100128	Leave Town
10960100129	Event Rules
10960100130	War of Emperium Statistics Info
10960100131	Match Rules
56100	First Clear Hall of Fame
56101	Every Monday at 5:00 AM, ${1} reward claim attempts will be added for the highest-level unlocked dungeon.
56102	Challenge Requirements
56103	Recommended Power:
56104	Average Power:
56105	Buff Effects:
56106	Boss Skills
56107	Personal Rewards
56108	Shared Rewards
56109	My Party (${1}/${2})
56110	Enter Challenge
56111	First Clear
56112	Once Peak Challenge begins, attempts for other five-player dungeons will no longer increase.
56113	First Clear Party
56114	All instances of the same Boss share the weekly attempt replenishment. Accumulated attempts cannot be used on Bosses unlocked later.
56115	Speed Rankings
56116	Abandon
56117	Ready
56118	Countdown: ${1}
56119	Show less
56120	Ready
56121	Notice
56122	Reward Count:${1}
56123	Please confirm you're ready as soon as possible.
56124	In Position
56125	Enter Dungeon once everyone is ready
56126	Revives Remaining: ${1}
56127	Best of the Best
56128	Max DPS
56129	Most Damage Taken
56130	Best Healing
56131	Like All
56132	Reward Count exhausted. Unable to obtain dungeon rewards.
56133	${1} has invited you to join the activity!
56134	Me
56135	Ranking Reward Settlement every Monday at 5
56136	The top 3 players in each class receive a limited-time title reward.
56137	Party Auction
56138	Bidding
56139	//Previous
56140	Auction Countdown
56141	You can continue participating in the auction even if you switch instances or leave the current one.
56142	Highest Bidder: <color=#fff7dc>${1}</color>
56143	Empty
56144	Bid
56145	No items up for auction
56146	Purchase the item for the Fixed price of ${1}?
56147	Unsold
56148	${1} won the item
56149	Discard All
56150	Once everyone passes, the item immediately goes unsold.
56151	Reward Count exhausted. Unable to participate in the auction.
56152	Send ${1} a dungeon invite
56153	The party does not meet the required number of players.
56154	Party size exceeds the dungeon limit.
56155	The instance is full.
56156	The boss battle has begun. You cannot Enter Battlefield at this time.
56157	The other player is in another instance and cannot be summoned.
56158	A Member did not respond.
56159	${1} declined the dungeon ready check.
56160	The Reward Count for this boss has been exhausted. You will not receive any rewards for continuing.
56161	Only the Party Leader can select the challenge target.
56162	${1} does not meet the requirements to open this dungeon, so it cannot be opened.
56163	Ready check sent.
56164	${1} has not completed placement confirmation
56165	BOSS Reward Count has been exhausted.
56166	Item forfeited.
56167	Not enough ${1}
56168	Cannot send a party recruitment message during a boss battle.
56169	Cannot remove party members during a boss battle.
56170	Leaving the dungeon during the boss battle will prevent you from rejoining the fight. Are you sure you want to leave?
56171	You are currently in an instance. Leaving the party will also remove you from the instance.
56172	Waiting for Auction
56173	Abandoned
56174	Abandonment is unavailable after confirming readiness.
56175	${1} declined the dungeon summons
56176	Cannot be used in your current state.
56177	Clear Reward Count: ${1}
56178	Shared Reward Count: ${1}
56179	Shared Reward Count: ${1}
56180	You've already given this a Like.
56181	Praised you!
56182	You've used all your Likes.
56183	The auction will begin in <color=#FDAB5B>${1}</color> seconds
56184	Rewards
56185	Unlock Requirement
56186	Attempt Count
56187	Rewards
56188	Bid Item
56189	I Have the Highest Bid
56190	Bidding begins after this <color=#FDAB5B>Dungeon Settlement is complete</color>
56191	Off-Season
56192	Please join a party/raid before entering the Dungeon
56193	Unlock this skill to view its details
56194	No Records
56195	Clear Time: ${1}
56196	${1} [${2}] ${3}
56197	Raid Members: <color=#CC762A>6—10</color>
56198	Reward Count resets every Monday at <color=#CC762A>5</color> AM
56199	Party Members: <color=#CC762A>3—5</color>
56200	Reward Count resets every Monday at <color=#CC762A>5</color> AM
56201	Divine Blessing:
56202	Light of Bonds:
56203	Divine Blessing
56204	<color=#B05142>Inactive</color>
56205	<color=#CC762A>LV.${1}</color>
56206	<color=#63A22B>(Unlocks after the Current Server's First Clear)</color>
56207	<color=#63A22B>(Unlocks in ${1} days)</color>
56208	<color=#CC762A>${1}</color>'s party <color=#CC762A>activated it with a First Clear!</color>
56209	Reward Count Lookup
56210	Player name
56211	If more than <color=#CC762A>3</color> party Members have no Reward Count remaining, the party's Auction Rewards will be affected
56212	<color=#CC762A>Members with insufficient Reward Count are shown first</color>
56213	<color=#97E553>(Active)</color>
56214	<color=#EC543A>(Inactive)</color>
56215	Trial Shop
56216	Challenge Objective
56217	Objective Complete
56218	Continue (${1})
56219	No new challenge objectives were completed
56220	<color=#FDAB5B>${1}</color> led the party to a First Clear!
56221	All Adventurers receive the Divine Blessing effect
56222	Divine Blessing effect increased!
56223	Lv. ${1}: ${2}
56224	Normal
56225	Hard
56226	Final Trial
56227	Clear Reward Count: ${1}
56228	Shared Reward Count: ${1}
56229	×${1}
56230	No Revives remaining for this challenge
56231	<color=#63A22B>(Unlocks on day ${1} after the Current Server's First Clear)</color>
56232	Tap
56233	, step on the rhythm notes
56234	Tap
56235	, learn the Boss's dance moves
56236	Locate
56237	Your party has fewer than 5 Members. Match with teammates?
56238	Enter Directly
56239	Start Matching
56240	Matchmaking Notice
56241	Battle Countdown
56242	Continue challenging<color=#FDAB5B> ${1}</color> ?
56243	Continue
56244	Cancel Challenge
56245	Challenge Role
56246	Once you select a role, it will be used by default for matching in [Phantom Realm]
56247	Matchmaking is already in progress. Cancel it and start matching for ${1}?
56248	Queuing……
56249	Please select a challenge role
56250	The default role cannot be changed
56251	Currently Queuing for a dungeon. Cancel matchmaking?
56252	Start Matching: Phantom Realm
56253	Phantom Realm Challenge
56254	No rewards available
56255	The dungeon is not yet complete. Exit the dungeon?\n<color=#B05142>The first Adventurer to exit the dungeon</color> will receive a dungeon matchmaking penalty
56256	The dungeon is not yet complete. Leave the party?\n<color=#B05142>The first Adventurer to leave the party</color> will receive a dungeon matchmaking penalty\nPlease note: Leaving the party will also remove you from the dungeon
56257	The player with the Highest Bid cannot withdraw
56258	First Clear Rewards
56259	Auction Rewards
56260	Rewards
56261	Recommended Setup
56262	Current:
56263	Reward Count exhausted. Unable to participate in the auction.
56264	Another player's bid has reached the maximum price
56265	Waiting for Bidding
56266	Abandon
56267	I Have the Highest Bid
56268	Preset Bid
12390000016	Card: Poring
56270	Start
56271	Your current party does not meet the dungeon's recommended role setup and is missing ${1}. Enter Dungeon anyway?
56272	${1}*${2}
56273	Entry Alert
56274	Bid Item at Auction
56275	Pre-Bid Item at Auction
56276	You have the highest bid
56277	Fixed price reached
56278	Maximum pre-bid price reached. Unable to bid.
56279	Maximum pre-bid price reached. Unable to bid.
56280	${1}<color=#fff7dc>Highest</color>
56281	${1} declined to Enter Dungeon
56282	${1} canceled Queuing
56283	You are already Queuing for other content. Cancel the current queue?
56284	Highest Bidder: <color=#76C233>${1}</color>
56285	Start Battle
56286	Reset
56287	No Team First Clear Yet
56288	Continue
56289	<color=#63A22B>(Activates in ${1} days)</color>
56290	<color=#63A22B>(Activates in ${1} hours)</color>
56291	<color=#63A22B>(Activates in ${1} minutes)</color>
56292	Attempt Calculation
56293	Queuing:
56294	Loading...
56295	Like All
56296	Starting Bid
12380200000	(Progress ${1}/@{1})
12380100031	Successfully crafting a cloth item has a @{1}% Chance to increase the output by @{2}
12380100030	Successfully crafting an engraved item has a @{1}% Chance to increase the output by @{2}
12380100029	Successfully crafting a Metal item has a @{1}% Chance to increase the output by @{2}
12380100028	For every @{1} cloth items crafted, gain @{2} Extra copies
12380100027	For every @{1} engraved items crafted, gain @{2} Extra copies
12380100026	For every @{1} Metal items crafted, gain @{2} Extra copies
12380100025	Successfully crafting orange cloth has a @{1}% Chance to double the output
12380100024	Successfully crafting an orange engraving has a @{1}% Chance to double the output
12380100023	Successfully crafting orange Metal has a @{1}% Chance to double the output
12380100022	Vigor cost for crafting Lv. @{1} recipes is reduced by @{2}
12380100021	When both professions are crafting professions, crafting Vigor cost is reduced by @{1}
12380100020	Reduces Vivify consumed when crafting by @{1}
12380100019	Has a @{1}% Chance to obtain a Gathering Set Mystery Box from a gathering resource
12380100018	After gathering successfully, gain @{1} Extra Zeny
12380100017	After gathering successfully, gain @{1}% Extra gathering EXP
12380100016	Increases gathering speed by @{1}%
12380100015	After gathering successfully, has a @{1}% Chance to receive double rewards
12380100014	Changes the main product quantity range to @{1}–@{2}\n(This skill effect is unique)
12380100013	Increases the Chance of obtaining Rare byproducts by @{1}%
12380100012	When gathering, has a @{1}% Chance to consume no Vivify
12380100011	After gathering successfully, gain @{1} Extra main products
12380100010	After gathering any type of resource @{1} times, gain @{2} Extra corresponding main products
12380100009	When Vivify is below @{1}%, gain @{2} Extra main products
12380100008	After successfully gathering Lv. @{1} plants, gain @{2} Extra main products
12380100007	After successfully logging Lv. @{1} trees, gain @{2} Extra main products
12380100006	After successfully mining Lv. @{1} ore, gain @{2} Extra main products
12380100005	When your title is Moonlit Challenger, gain @{1} Extra main products
12380100004	Reduces Vivify consumed when gathering Lv. @{1} plants by @{2}
12380100003	Reduces Vivify consumed when logging Lv. @{1} trees by @{2}
12380100002	Reduces Vivify consumed when mining Lv. @{1} ore by @{2}
12380100001	When both professions are gathering professions, reduces Vivify consumed when gathering by @{1}
12380100000	Reduces Vivify consumed when gathering by @{1}
12380000030	Enhanced Crafting - Carving
12380000029	Enhanced Crafting - Forging
12380000028	Continuous Crafting - Tailoring
12380000027	Continuous Crafting - Carving
12380000026	Continuous Crafting - Forging
12380000025	Lucky Crafting - Tailoring
12380000024	Lucky Crafting - Carving
12380000023	Lucky Crafting - Forging
12380000022	Advanced Crafting
12380000021	Focused Crafting
12380000020	Energy-Efficient Crafting
12380000019	Gatherer's Treasure
12380000018	Gold Rush Gathering
12380000017	Growth Gathering
12380000016	Rapid Gathering
12380000015	Lucky Gathering
12380000014	Variable Gathering
12380000013	Nature's Bounty
12380000012	Cost-Free Gathering
12380000011	Enhance Gathering
12380000010	Continuous Gathering
12380000009	Tenacious Gathering
10790100000	Source @{1}
10790100001	Special Offers
10790100002	NPC Shop
10790100003	Zeny Shop
10790100004	Coin Shop
10790100005	Crystal Shop
10790100006	Supply Shop
10790100007	Pet Shop
10790100008	Card Shop
10790100009	Battle Royale Point Mall
10790100010	Spirit Tower Shop
10790100011	Guild Shop
10790100012	Monster Hunt Shop
10790100013	Totem Shop
10790100014	Magic Fashion
10790100015	Equipment Forging
10790100016	AFK in the Field
10790100017	Combine
10790100018	Monster Hunt
10790100019	Phantom Realm
10790100020	Realm of the Gods
10790100021	Spirit Tower
10790100022	Dismantle
10790100023	Kafra - Battle of the Survivors
10790100024	Card Dismantling
10790100025	MVP
10790100026	Guild Caravan
10790100027	Daily Activity
10790100028	Donor Shop
10790100029	Dumby's Request
10790100030	Bonfire Party
10790100031	Commendation Vault
10790100032	Dracula's Bride
10790100033	Request from Friends
10790100034	Request from Guild
10790100035	Event Quest
10790100036	Combine Treasure Map Fragments
10790100037	Lost Treasure
10790100038	Trade Exchange
10790100039	Outfit Draw
10790100040	Echo Dismantle
10790100041	Top Up
10790100042	Complete Activity Quests
10790100043	Help others complete events
10790100044	Sell
10790100045	Stall
10790100046	Pet Hatching
10790100047	Guild Activities
10790100048	Life Skill
10790100049	Exploration Shop
10790100050	Genesis Movement
10790100051	Map Exploration
10790100052	Life Skill - Miner
10790100053	Life Skill - Chef
10790100054	Life Skill - Gardener
10790100055	Outfit-Only Sequence
10790100056	Poring
10790100057	Lunatic
10790100058	Fabre
10790100059	Picky
10790100060	Chonchon
10790100061	Super Picky
10790100062	Willow
10790100063	Condor
10790100064	Savage Babe
10790100065	Rocker
10790100066	Roda Frog
10790100067	Worm Tail
10790100068	Ambernite
10790100069	Spore
10790100070	Thief Bug
10790100071	Creamy
10790100072	Drops
10790100073	Tarou
10790100074	Familiar
10790100075	Baby Desert Wolf
10790100076	Yoyo
10790100077	Scorpion
10790100078	Poporing
10790100079	Thief Bug Female
10790100080	Mandragora
10790100081	Thief Bug Male
10790100082	Smokie
10790100083	Boa
10790100084	Poison Spore
10790100085	Horn
10790100086	Bigfoot
10790100087	Coco
10790100088	Peco Peco Egg
10790100089	Thief Bug Egg
10790100090	Pupa
10790100091	Hydra
10790100092	Rotar Zairo
10790100093	Wraith
10790100094	Dustiness
10790100095	Eggyra
10790100096	Muka
10790100097	Hornet
10790100098	Soldier Skeleton
10790100099	Mummy
10790100100	Zombie
10790100101	Deniro
10790100102	Piere
10790100103	Andre
10790100104	Vitata
10790100105	Martin
10790100106	Giearth
10790100107	Skeleton Worker
10790100108	Drainliar
10790100109	Pirate Skeleton
10790100110	Choco
10790100111	Archer Skeleton
10790100112	Verit
10790100113	Obeaune
10790100114	Magnolia
10790100115	Greatest General
10790100116	Mimic
10790100117	Frilldora
10790100118	Baphomet Jr.
10790100119	Matyr
10790100120	Minorous
10790100121	Flora
10790100122	Savage
10790100123	Isis
10790100124	Bongun
10790100125	Sasquatch
10790100126	Ladybug
10790100127	Hedgehog Bug
10790100128	Peco Peco
10790100129	Skeleton
10790100130	Ant Egg
10790100131	Furious Poporing
10790100132	Elder Willow
10790100133	Marin
10790100134	Plankton
10790100135	Marina
10790100136	Kukre
10790100137	Goblin (Axe)
10790100138	Goblin (Flail)
10790100139	Vadon
10790100140	Wolf
10790100141	Thara Frog
10790100142	Orc Baby
10790100143	Orc Warrior
10790100144	Orc Lady
10790100145	Whisper
10790100146	Megalodon
10790100147	Marse
10790100148	Argos
10790100149	Steel Chonchon
10790100150	Goblin (Dagger)
10790100151	Myst
10790100152	Marine Sphere
10790100153	Phen
10790100154	Zenorc
10790100155	Beetle King
10790100156	Goblin Archer
10790100157	Metaller
10790100158	Marc
10790100159	Goblin (Mace)
10790100160	Sword Fish
10790100161	Orc Skeleton
10790100162	Goblin (Hammer)
10790100163	Orc Zombie
10790100164	Munak
10790100165	Merman
10790100166	Deviace
10790100167	Ghoul
10790100168	Sandman
10790100169	Golem
10790100170	Hunter Fly
10790100171	Hode
10790100172	Sohee
10790100173	Mantis
10790100174	Driller
10790100175	Goblin Steamrider
10790100176	Horong
10790100177	Dokebi
10790100178	Nightmare
10790100179	Side Winder
10790100180	Zerom
10790100181	Requiem
10790100182	Nine Tails
10790100183	Argiope
10790100184	Orc Archer
10790100185	Penomena
10790100186	Crab
10790100187	Cornutus
10790100188	Raggler
10790100189	Shellfish
10790100190	Starfish
10790100191	Grove
10790100192	Alligator
10790100193	Strouf
10790100194	Jakk
10790100195	Wild Rose
10790100196	Marduk
10790100197	Sky Petite
10790100198	Pasana
10790100199	Wind Ghost
10790100200	Cramp
10790100201	Stem Worm
10790100202	Petite
10790100203	Marionette
10790100204	Deviruchi
10790100205	Mace Kobold
10790100206	Hammer Kobold
10790100207	Desert Wolf
10790100208	Anubis
10790100209	Axe Kobold
10790100210	Kobold Archer
10790100211	Squidgitte
10790100212	Sropho
10790100213	Ancient Mummy
10790100214	Pot Dofle
10790100215	King Dramoh
10790100216	Creamy Fear
10790100217	Leib Olmai
10790100218	Killer Mantis
10790100219	Novice - Andre
10790100220	Random Card Album
10790100221	Trading Card Album
10790100222	Random Purple Card Pack
10790100223	Blue Cards Selection Chest
10790100224	Purple Card Selection Chest
10790100225	Old Card Album
10790100226	Card Album
10790100227	Random Card Gift Box
10790100228	Collection Card
12500000005	Ultraman arrived at the Pacific Ring of Fire.
12500000006	The late Emperor had yet to complete half of his great undertaking when he passed away. Now the realm is divided into three, and Yizhou is exhausted and weakened. This is truly a critical moment upon which our survival depends. Yet the officials of the imperial guard remain diligent at court, while loyal and devoted officers abroad risk their lives, all because they remember the late Emperor's exceptional kindness and wish to repay it to Your Majesty. You should open your ears to wise counsel, thereby honoring the late Emperor's legacy and inspiring those of lofty ideals. You should not belittle yourself or make improper comparisons that would block the path of loyal remonstrance.\n\n　　The imperial palace and the government offices are one body; rewards and punishments, praise and censure, should be administered by the same standards. If anyone commits treachery or violates the law, or performs loyal and virtuous deeds, the proper authorities should determine their punishment or reward, thereby demonstrating Your Majesty's just and impartial rule. You should show no favoritism or allow different laws to apply within and outside the palace.\n\n　　Palace Attendants and Vice Directors Guo Youzhi, Fei Yi, Dong Yun, and the others are all honest and capable men, loyal and pure in purpose and judgment. For this reason, the late Emperor selected and promoted them to serve Your Majesty. In my humble opinion, all palace affairs, great or small, should be discussed with them before being carried out. They will surely remedy omissions and shortcomings and bring broad benefit.\n\n　　General Xiang Chong is virtuous and fair in character and conduct, and thoroughly versed in military affairs. When his abilities were tested in the past, the late Emperor praised him as capable. The officers therefore unanimously recommended Chong as commander. In my humble opinion, all military affairs should be discussed with him. He will surely bring harmony to the ranks and assign every soldier according to his ability.\n\n　　Drawing close to worthy ministers and keeping petty men Away was how the Former Han flourished; drawing close to petty men and keeping worthy ministers Away was how the Later Han declined. Whenever the late Emperor discussed this matter with me, he never failed to lament the reigns of Emperors Huan and Ling with bitter regret. The Palace Attendants, Directors of the Secretariat, Chief Clerks, and Army Advisers are all faithful and upright ministers willing to die for their principles. I pray that Your Majesty will remain close to them and place your trust in them. Then the restoration of the House of Han may soon be expected.\n\n　　I was once a commoner, personally tilling the fields in Nanyang. I sought only to preserve my life in troubled times and had no desire for fame or distinction among the feudal lords. The late Emperor did not disdain me for my humble station or lowly origins, but graciously humbled himself to visit me three times at my thatched cottage and consult me about the affairs of the age. Moved by his kindness, I pledged myself to his service. Later, when disaster struck, I accepted responsibility amid defeat and received my orders in a time of peril. Twenty-one years have passed since then.\n\n　　The late Emperor knew that I was cautious, and so, as death approached, he entrusted me with this great responsibility. Since receiving his command, I have worried and sighed day and night, fearing that I might fail in my charge and thereby tarnish the late Emperor's wisdom. Thus, in the fifth month, I crossed the Lu River and ventured deep into barren lands. Now the south has been pacified and our arms and provisions are sufficient. We should rally the three armies, march north to secure the Central Plains, and devote what little ability I possess to eliminating the traitors and villains, restoring the House of Han, and returning to the old capital. This is my duty in repaying the late Emperor and serving Your Majesty with loyalty. As for weighing advantages and disadvantages and offering faithful counsel, that is the responsibility of Youzhi, Yi, and Yun.\n\n　　I pray that Your Majesty will charge me with defeating the rebels and restoring the dynasty. If I fail, punish me for my crimes and inform the spirit of the late Emperor. If no counsel is offered to promote virtue, then rebuke Youzhi, Yi, Yun, and the others for their negligence and make their faults known. Your Majesty should also deliberate for yourself, seek advice on the right course, examine and accept sound counsel, and faithfully uphold the late Emperor's final edict. I am overwhelmed with gratitude for the favor I have received. Now that I must go Away, tears fall as I submit this memorial, and I scarcely know what I have written.
12500000007	"In the spring of the fourth year of the Qingli era@{1}, Teng Zijing was demoted and appointed governor of Baling Prefecture@{2}. By the following year@{3}, the government was efficient, the people were united@{4}, and all neglected endeavors had been revived@{5}. The Yueyang Tower was then renovated@{6} and expanded beyond its former dimensions@{7}, while poems and rhapsodies by eminent Tang poets and contemporary writers were inscribed upon it@{8}. I was asked to write this account in commemoration@{9}.\nIn my view, the magnificent scenery of Baling@{10} is embodied by Lake Dongting alone. It embraces the distant mountains@{11} and swallows the mighty Yangtze River@{12}, its vast waters surging endlessly@{13} and stretching beyond the horizon@{14}. From morning sunlight to evening shadow, its appearance changes in countless ways@{15}. Such is the grand vista from Yueyang Tower@{16}, which earlier writers have described in full@{17}. Yet with Wu Gorge accessible to the north@{18} and the Xiao and Xiang Rivers extending far to the south@{19}, banished officials and wandering poets@{20} often gather here@{21}. Could their feelings upon viewing this scenery possibly be the same@{22}?\nWhen ceaseless rain falls in dreary sheets@{23} and the sky remains overcast for months on end@{24}, bitter winds howl furiously@{25} and turbid waves surge toward the heavens@{26}. The sun and stars conceal their light@{27}, and the mountains vanish from sight@{28}. Merchants and travelers can go no farther@{29}, while masts topple and oars splinter@{30}. As twilight falls, all is engulfed in darkness@{31}, amid the roars of tigers and cries of apes. Those who ascend the tower then may lament their exile and yearn for home@{32}, fear slander and dread reproach@{33}, and find only desolation wherever they look@{34}, until sorrow overwhelms them@{35}.\nBut when the spring breeze is gentle and the sunlight bright@{36}, the water lies calm and untroubled@{37}. The radiance of sky and lake meets as one@{38} across a boundless expanse of blue-green. Gulls wheel above the sandbars and come to rest, while shimmering fish swim below@{39}. Angelica grows along the banks and orchids upon the islets@{40}, lush and verdant@{41}. At times, the lingering mist clears completely@{42}, revealing the brilliant moon over a thousand miles@{43}. Its glimmer dances like gold upon the rippling water@{44}, while its still reflection sinks like a jade disc into the depths@{45}. Fishermen's songs echo back and forth@{46}—how could such joy ever end@{47}? Those who ascend the tower then may feel their hearts open and their spirits soar@{48}, forgetting both favor and disgrace@{49}, and raise a cup of wine to the breeze@{50}, filled with boundless delight@{51}.\nAlas@{52}! I have often sought to understand the hearts of the benevolent sages of antiquity@{53}, whose sentiments perhaps differed from both of these@{54}. Why was that? They rejoiced not in material things, nor grieved over their own misfortunes@{55}. When serving in the imperial court, they worried for the people@{56}; when living in distant seclusion, they worried for their sovereign@{57}. Thus, whether advancing in office or withdrawing from it, they always had cause for concern. When, then, could they find joy? Surely they would say, ""Be the first to worry about the world's troubles and the last to enjoy its pleasures""@{58}. Ah! Without such people, whom could I follow@{59}?\nWritten on the fifteenth day of the ninth month in the sixth year of the era. [@{60}]"
12500000008	A cloaked woman plays her instrument, then smiles at you and says:\n“Adventurer, there's something special about you... May I take a look?”
12500000009	The Chrono Compass emits a dazzling light, then projects a strange vision: you see yourself entering a mysterious abyss, where a massive structure stands, seemingly a door.
12500000010	The airship takes off. As you look outside, the people of Izlude wave goodbye.
12500000011	The naked young woman suddenly transforms into a giant ant—she was the Ant Queen all along!\nShe unleashes an attack skill and summons several Pieres to surround the Professor.\nA cocoon gradually envelops the Professor, and the ants drag them toward a mysterious opening. The Ant Queen follows them inside and disappears.
12500000012	Pushed from the Garden of Time by Ji, you fall into the abyss.
12500000013	After using Interaction on the Chrono Compass, you see a brief vision of all the Nails of World Order lighting up.
12500000014	The stone pillars drain your power, leaving you floating helplessly in midair. The pillars in Prontera and other cities shatter, revealing enormous nail-shaped sculptures within. The nails then plunge a short Distance into the ground, causing the entire continent to quake. The shock wave sends you flying, but Ji suddenly appears and catches you.
12500000015	"The professor comes over to greet you. Moments later, a Soldier reports that a glowing ""Relic"" appeared near Goblin Forest after the tremor, and someone needs to investigate."
12500000016	The Relic begins to glow, and Pharaoh leaps out, catching everyone off guard. The knights are too busy to help, so they ask you to fight the monster.
12500000017	Ki shows you an animation of the massive gate to the Garden of Time coming together piece by piece.
12500000018	After being released, the Pathfinder Ant crawled off in one direction, leaving a trail of Footprints.
12500000019	The Chrono Compass absorbs the Thoughtform, space trembles, time is set to Pause, and the player enters the Abyss.
12500000020	Without looking back, Jack ran into the woods. In the distance, a scream rang out as a branch tore his clothes...
12500000021	Under the Guild Members' conflicted gazes, you turned and left the suffocating place behind. Even the sunlight seemed unusually bright.
12500000022	You arrive at your destination, but no one is there. There's only an adorable little kitten meowing.
12500000023	Pet the adorable kitten, and it affectionately nuzzles your hand... Suddenly, the ground gives way beneath your feet. It seems a Trap Hunter was set here. Helpless, you fall in and slam hard into the ground...
12500000024	The vision in your dream was a beacon from the future.
12500000025	It revealed no illusion, but the calamity that the continent of Midgard will one day face—
12500000026	A storm powerful enough to consume heaven and earth is gathering beyond the horizon.
12500000027	And you are the one chosen by the light.
12500000028	The savior foretold in prophecy, the morning star that still shines amid despair.
12500000029	Until fate reveals itself once more, you must never stop moving Forward.
12500000030	Go forth and train, sharpening your edge with every Battle;
12500000031	Go forth and explore, seeking every source of power across these ancient lands.
12500000032	When darkness truly descends, only the best-prepared hero
12500000033	can become the light that pierces the endless night.
12340000096	Third Prize will always be drawn from Baby Desert Wolves
12340000095	First Prize will always be drawn from Lunatics
12340000094	Second prize must be drawn from players using the Lunatic Transform
12340000093	Third prize must be drawn from players using the Lunatic Transform
12340000092	First prize must be drawn from players using the Savage Babe Transform
12340000090	Third prize must be drawn from players using the Savage Babe Transform
12340000089	First prize must be drawn from players using the Poring Transform
12340000088	Second prize must be drawn from players using the Poring Transform
12340000087	Third prize must be drawn from players using the Poring Transform
12340000086	First prize must be drawn from players using the Baphomet Jr. Transform
12340000085	Second prize must be drawn from players using the Baphomet Jr. Transform
12340000084	Third prize must be drawn from players using the Baphomet Jr. Transform
12340000082	When second prize is drawn, the reward is increased by an Extra @{1}% if using the Baby Desert Wolf Transform
12340000081	When third prize is drawn, the reward is increased by an Extra @{1}% if using the Baby Desert Wolf Transform
12340000080	When first prize is drawn, the reward is increased by an Extra @{1}% if using the Lunatic Transform
12340000079	When second prize is drawn, the reward is increased by an Extra @{1}% if using the Lunatic Transform
12340000078	When third prize is drawn, the reward is increased by an Extra @{1}% if using the Lunatic Transform
12340000077	When first prize is drawn, the reward is increased by an Extra @{1}% if using the Savage Babe Transform
12340000076	When second prize is drawn, the reward is increased by an Extra @{1}% if using the Savage Babe Transform
12340000075	When third prize is drawn, the reward is increased by an Extra @{1}% if using the Savage Babe Transform
12340000074	When first prize is drawn, the reward is increased by an Extra @{1}% if using the Poring Transform
12340000073	When second prize is drawn, the reward is increased by an Extra @{1}% if using the Poring Transform
12340000072	When third prize is drawn, the reward is increased by an Extra @{1}% if using the Poring Transform
12340000071	When first prize is drawn, the reward is increased by an Extra @{1}% if using the Baphomet Jr. Transform
12340000070	When second prize is drawn, the reward is increased by an Extra @{1}% if using the Baphomet Jr. Transform
12340000069	When third prize is drawn, the reward is increased by an Extra @{1}% if using the Baphomet Jr. Transform
12340000068	Activate Lower-Left @{1} Invisible Wall @{2} when the event begins
12340000067	Activate Upper-Left @{1} Invisible Wall @{2} when the event begins
12340000066	Activate Upper-Right @{1} Invisible Wall @{2} when the event begins
12340000065	Activate Lower-Right @{1} Invisible Wall @{2} when the event begins
12340000064	Activate the brazier's invisible wall when the event begins
12340000063	Destroy the stands, NPCs, and Fireworks when the event ends
12340000062	Create Upper-Right @{1} NPC @{2}-@{3} when the event begins
12340000051	Play Applause @{2} ms after Campfire Phase @{1} begins
12340000050	Start Program @{3} @{2} ms after Campfire Phase @{1} begins
12340000048	MVP Preview @{2} ms after Campfire Phase @{1} begins
12180000011	Complete^{1}all of Mirko's objectives^{2}
12180000010	Complete^{1}all of Ilmo's objectives^{2}
12180000009	Complete^{1}all of Naisha's objectives^{2}
12180000008	Complete^{1}all of Isti's objectives^{2}
12180000007	Have more than^{1}@{1}^{2}minutes remaining until enrage
12180000006	Have at least^{1}@{1}^{2}Revive attempts remaining
12180000005	Mirko's Trial
12180000004	Ilmo's Trial
12180000003	Naisha's Trial
12180000002	Isti's Trial
12180000001	Speedrun Challenge
12180000000	Survival Challenge
10110300582	When an ^{1}Offensive-type^{2} Primary Battle Skill Deals DMG to an enemy, inflicts ${1}% ^{3}【Sluggish】^{4} for ${2} sec.
10110300583	Deals Neutral melee Physical damage equal to Pet Physical ATK*^{1}${3}%^{2} to up to ${2} enemies within a ${1}-meter radius and inflicts ${4}% ^{3}【Slow】^{4} for ${5} seconds.
12170000001	Bonding Oath
12170000000	Guild Resonance
11520500001	High Priests are blessed by the gods. They repeatedly work miracles through sacred power and excel at purifying Undead Monsters. With a wide variety of Support and Healing Magic, they are among the most reliable members of any party.
11520500002	A powerful presence that saves allies from danger. Reduces the damage allies take while providing powerful Healing.
11520500003	As the Archbishop closest to the angels, a potent embodiment of sanctity, he offers the finest aid to his allies. At the same time, he wields holy magic to deliver devastating blows to his enemies.
11520500004	Abacus in hand, cart at the ready. A natural gift for business never stops this merchant from turning a pushcart into the perfect battlefield weapon.
12120000019	Primordial Chaos · Ilmata
12120000018	Parasitic Divine Vessel · Ilmata
12120000017	Nature God · Ilmata
12120000016	Mirko
12120000015	Ilmo
12120000014	Nasha
12120000013	Isti
12120000012	Hidden Realm
12120000011	Baphomet
12120000010	Moonlight Flower
12120000009	Pharaoh
12120000008	Osiris
12120000007	Maya
12120000006	Mistress
12120000005	Drake
12120000004	Orc Hero
12120000003	Golden Thief Bug
12120000002	Epic Battle
12120000001	Realm of the Gods
12120000000	Phantom Realm
12110000098	Falling Dynamite Barrels
12110000097	Falling Dynamite
12110000096	Blooming Waves
12110000095	Ghost Ship
12110000094	Water Tornado
12110000093	Rapid Thrust
12110000092	Slash
12110000091	Resonant Sonic Wave
12110000090	Bell Charge
12110000089	Summon Bell
12110000088	Phantom Clone
12110000087	Bell Smash
12110000086	Rapid Sonic Strikes
12110000085	Horong Lash
12110000084	Horong Split
12110000083	Bandage Lash
12110000082	Horong Impact
12110000081	Quicksand Tornado
12110000080	Sandstone Pillar
12110000079	Sandstorm
12110000078	Petrify Cleave
12110000077	Stone Glyph Slash
12110000076	Hellfire Pillar
12110000075	Hellfire
12110000074	Soul Reaper
12110000073	Summon Lightning
12110000072	Hell Charge
12110000071	Scythe Throw
12110000070	Homing Ray
12110000069	Pyramid Ray
12110000068	Coffin Blast
12110000067	Grasp of the Dead
12110000066	Advancing Hornets
12110000065	Hornet Army
12110000064	Hornet Thrust
12110000063	Swarming Bees
12110000062	Beehive Toss
12110000061	Musical Frenzy
12110000060	Summon Musical Instrument
12110000059	Perform Movement
12110000058	Compose Movement
12110000057	Memory Game
12110000056	Call Up
12110000055	Meteor Shower
12110000054	Beat Prison
12110000053	Rhythmic Leap
12110000052	Cross Score
12110000051	Dance together
12110000050	Dazzling Dance Step
12110000049	Backup Dancers
10620100000	Alphonse
10620100001	Z, awaiting your arrival in shadows beyond the moonlight's reach
10620100002	Sincerely, Ryan
10620100003	Wule
10620100004	Aikuni
10620100005	Ryan
12110000048	Underwater Fireworks
12110000047	Bubble Burst
12110000046	Bubble Link
12110000045	Unknown Skill
12110000044	Summon Evil
12110000043	Demonic Pillar
12110000042	Scythe Dance
12110000041	Nowhere to Hide
12110000040	Cat and Mouse
12110000039	Hidden Bell
12110000038	Ocean Concerto
12110000037	Bubble Dream
12110000036	Divine Light Purification
12110000035	Coffin Trap
12110000034	Death Ray
12110000033	Astral Shift
12110000032	Dark Pulse
12110000031	Summon Horong
12110000030	Petrify Mist
12110000029	Quicksand Storm
12110000028	Silk Spit
12110000027	Hornet Charge
12110000026	Hornet Advance
12110000025	Hornet Formation
12110000024	Powder Keg Party
12110000023	Cannonball Barrage
12110000022	Tidal Tornado
12110000021	Deep-Sea Ghost Ship
12110000020	Giant-Blade Kunai
12110000019	Lost Giant Blade
12110000018	Blade Deflection
12110000017	Earthquake
12110000016	Sandstorm
12110000015	Wormhole
12110000014	Jellyfish Requiem
12110000013	Great Whale's Aria
12110000012	Snowy Night Melody
12110000011	Melodic Memories
12110000010	Dream-Eater Prelude
12110000009	Fin Prison
12110000008	Whaleback Slide
12110000007	Summon the Four Saints
12110000006	Graveyard
12110000005	Interlude
12110000004	Tidal Resonance
12110000003	Opening Movement
12110000002	Incoming Wave
12110000001	Spirit Melody
12110000000	Circling Fins
10080000069	Glast Heim Underground Cave Floor @{1}
10080000070	Glast Heim Underground Cemetery
10080000071	Glast Heim Underground Prison Floor @{1}
10080000072	Realm Sandbox-@{1}
10080000073	Producer's Lair
10110200184	Shield Press
10110200185	Reflect Damage
10110200186	Shield Cast
10110200187	Holy Light Suppression
10110200188	Earth Drive
10110200189	King's Grace
10110200190	Shield Defense
10110200191	Union
10110200192	Piety
10110200193	Divine Insight
10110200194	Thorn
10110200195	Shield Break
10110200196	Reflect Damage Passive
10110200197	Spear Auto Counter
10110200198	Charge Up Strike
10110200199	Shield Bash Enhance
10110200200	Fearless Charge
10110200201	Earthshaker
10110200202	Spear Formation - Crescent Moon
10110200203	Powerful Shield Bash
10110200204	Ultra Shield Bash
10110200205	Advanced Monster Resistance
10110200206	Shield Block
10110200207	Shield Auto Counter
10110200208	Powerful Auto Counter
10110200209	Block Impact
12050000123	Revive Players
12050000122	Damage Taken Score
12050000121	Healing Score
12050000120	@{1} Killstreak
12050000119	First Death Bonus
12050000118	Demonic Dragon's Breath Kill
12050000117	Seize the Demonic Dragon Soul
12050000116	BOSS Damage
12050000115	Final Blow
12050000114	First Strike
12050000113	Terminate Killstreak
12050000112	Dragonblood Crystal
12050000111	Unrivaled Killstreak
12050000110	Unrivaled Score
12050000109	Assist Score
12050000108	Damage
12050000107	Revive
12050000106	Defeat Bosses
12050000105	Defeat Normal Monsters
12050000104	Kill Score
12050000103	Hit
12050000102	Assist in Destroying Vehicles
12050000101	Destroy Vehicles
12050000100	Assist in Disabling Vehicles
12050000099	Disable Vehicles
12050000098	Raid Supplies
12050000097	Deliver Supplies
12050000096	Kill Streak: @{1}
12050000095	Assist
12050000094	Kill
12050000093	Cannon Damage Over @{1}m
12050000092	Cannon Damage Over @{1}k
12050000091	Siege Damage Over @{1}m
12050000090	Siege Damage Over @{1}k
12050000089	Top Occupier
12050000088	Cannon Damage Over @{1}M
12050000087	Cannon Damage Over @{1}K
12050000086	Dismantle @{1} Cannons
12050000085	Defense Score Over @{1}K
12050000084	Siege Damage Over @{1}K
12050000083	Damage Taken Over @{1}M
12050000082	Damage Taken Over @{1}K
12050000081	Healing Over @{1}M
12050000080	Healing Over @{1}K
12050000079	Damage Over @{1}M
12050000078	Damage Over @{1}K
12050000077	Top Cannon Dismantler
12050000076	Most Cannon Shots
12050000075	Top Defender
12050000074	Top Siege Attacker
12050000073	Highest Rating
12050000072	Top Killer
12050000071	Miracle Healer
12050000070	Gifted Healer
12050000069	Kind and Generous
12050000068	Help in Times of Need
12050000067	Lifesaver
12050000066	Peerless
12050000065	Pierce the Heavens
12050000064	World-Shaking
12050000063	Unstoppable
12050000062	Test of Mettle
12050000061	Invincible
12050000060	Mighty War God
12050000059	Legendary
12050000058	Near-Godlike
12050000057	Unstoppable
12050000056	Dominate the Game
12050000055	Rampage
12050000054	Killing Spree
12050000053	Over @{1}m Damage Taken
12050000052	Over @{1}m Healing
12050000051	Over @{1}m Damage
12050000050	Debuff
12050000049	Buff
12050000048	Clutch Crowd Control
12050000047	Over @{1}k Damage Taken
12050000046	Over @{1}k Healing
12050000045	Revive @{1} Players
12050000044	Apocalypse Revival
12050000043	Oracle Revival
12050000042	Holy Light Revival
12050000041	Powerful Revival
12050000040	Savior
12050000039	Revive X${1}
12050000038	Flag Delivered Successfully
12050000037	Contested Point
12050000036	Flag Captured
12050000035	Backcap Expert
12050000034	Point Captured
12050000033	Capture @{1} Points
12050000032	Consecutive Captures
12050000031	@{1} Assists
12050000030	Assist Expert
12050000029	Powerful Assist
12050000028	Divine Assist
12050000027	Assists X${1}
12050000026	Over @{1}k Damage
12050000025	Defeat the Commander
12050000024	Defeat the Guard
12050000023	Defeat the Boss
12050000022	Do or Die
12050000021	Critical Kill
12050000020	Terminate the Unrivaled
12050000019	First Blood
12050000018	@{1} Total Kills
12050000017	Eight-Kill War God
12050000016	Peerless Five
12050000015	Triple Triumph
12050000014	Double Takedown
12050000013	Kill Streak X${1}
12050000012	Terminate
12050000011	Peerless
12050000010	Fastest Runner
12050000009	Top Heal
12050000008	Most Damage Taken
12050000007	Most Damage Dealt
12050000006	Most Assists
12050000005	Most Kills
12050000004	Most Guard Commanders Defeated
12050000003	Top Capture Points
12050000002	Most Bosses Defeated
12050000001	Most Flags Delivered
12050000000	Top Score
12010000041	Alberta Southern Capital - Base @{1}
12010000040	Alberta Western Capital - Base @{1}
12010000039	Alberta Eastern Capital - Base @{1}
12010000038	Alberta Southern Capital
12010000037	Western Alberta Prefecture
12010000036	Eastern Alberta Prefecture
12010000035	Alberta
12010000034	Southern Izlude Prefecture - Stronghold @{1}
12010000033	Western Izlude Prefecture - Stronghold @{1}
12010000032	Eastern Izlude Prefecture - Stronghold @{1}
12010000031	Southern Izlude Prefecture
12010000030	Western Izlude Prefecture
12010000029	Eastern Izlude Prefecture
12010000028	Izlude
12010000027	South Morroc Prefecture - Stronghold @{1}
12010000026	Western Morroc Prefecture - Stronghold @{1}
12010000025	Eastern Morroc Prefecture - Stronghold @{1}
12010000024	South Morroc Prefecture
12010000023	Western Morroc Prefecture
12010000022	Eastern Morroc Prefecture
12010000021	Morroc
12010000020	Southern Payon Prefecture - Stronghold @{1}
12010000019	Western Payon Prefecture - Stronghold @{1}
12010000018	Eastern Payon Prefecture - Stronghold @{1}
12010000017	Southern Payon Prefecture
12010000016	Western Payon Prefecture
12010000015	Eastern Payon Prefecture
12010000014	Payon
12010000013	Southern Geffen Prefecture - Stronghold @{1}
12010000012	Western Geffen Prefecture - Stronghold @{1}
12010000011	Eastern Geffen Prefecture - Stronghold @{1}
12010000010	Southern Geffen Prefecture
12010000009	Western Geffen Prefecture
12010000008	Eastern Geffen Prefecture
12010000007	Geffen
12010000006	Southern Prontera Prefecture - Stronghold @{1}
12010000005	Western Prontera Prefecture - Stronghold @{1}
12010000004	Stronghold @{1}
12010000003	Southern Prontera Prefecture
12010000002	Western Prontera Prefecture
12010000001	Eastern Prontera Prefecture
12010000000	Prontera
11970000001	Lv. @{1} Plant
11970000000	Lv. @{1} Ore Vein
11950000009	Novice Guide
11950000008	Sacrament
11950000007	Demonic Wolf
11950000006	Falcon
11950000005	Tier 5 Pushcart
11950000004	Tier 4 Cart
11950000003	Tier 3 Cart
11950000002	Tier 2 Cart
11950000001	Cart Merchant
11950000000	Blade
57000	Collection
57001	Monster
57002	Card
57003	Book Collection
57004	${1}%
57005	Not Available
57006	Use Theme
57007	Current
57008	NEW
57009	Research Progress Lv.${1}
57010	AFK Recommendations
57011	Drop Rewards
57012	Habitat
57013	Lv.${1}
57014	Filter
57015	All
57016	Area
57017	No Matching Monsters
57018	Lv.1-20
57019	Lv.21-40
57020	Lv.41-60
57021	Lv.61-80
57022	Lv.81-100
57023	Lv.${1}-${2}
