ID	English	Thai_Translation
10110300582	When an ^{1}Offensive-type^{2} Primary Battle Skill Deals DMG to an enemy, inflicts ${1}% ^{3}【Sluggish】^{4} for ${2} sec.	เมื่อสกิลต่อสู้หลักประเภท ^{1}Offensive-type^{2} สร้างความเสียหายแก่ศัตรู จะทำให้ติดสถานะ ${1}% ^{3}[ Sluggish ]^{4} เป็นเวลา ${2} วินาที
10110300583	Deals Neutral melee Physical damage equal to Pet Physical ATK*^{1}${3}%^{2} to up to ${2} enemies within a ${1}-meter radius and inflicts ${4}% ^{3}【Slow】^{4} for ${5} seconds.	สร้างดาเมจกายภาพระยะประชิดไร้ธาตุ เท่ากับ P.ATK ของสัตว์เลี้ยง*^{1}${3}%^{2} แก่ศัตรูสูงสุด ${2} ตัว ในรัศมี ${1} เมตร และทำให้ติดสถานะ ${4}% ^{3}[ Slow ]^{4} เป็นเวลา ${5} วินาที
10110300000	Call down an Angel's blessing, increasing STR, DEX, and INT by ^{1}${3}^{2} for you and up to ${2} allies within a ${1}-meter radius for ${4} seconds.	อัญเชิญพรจาก Angel เพิ่ม STR, DEX และ INT ขึ้น ^{1}${3}^{2} ให้แก่ผู้ใช้และพันธมิตรสูงสุด ${2} ตัว ในรัศมี ${1} เมตร เป็นเวลา ${4} วินาที
10110300001	When you cast ^{1}【Holy Light】^{2}, reduces the Physical DEF of ^{3}Undead-property^{4} targets and ^{5}Demon Race^{6} targets by ^{7}${1}^{8} for ${2} sec.	เมื่อใช้ ^{1}[ Holy Light ]^{2} จะลด P.DEF ของเป้าหมายธาตุ ^{3}Undead^{4} และเป้าหมายเผ่า ^{5}Demon^{6} ลง ^{7}${1}^{8} เป็นเวลา ${2} วินาที
10110300002	Summon a holy spirit that circles around you and locates one enemy within a ${1}-meter radius who is under the ^{1}^{2}[Disguise]^{3}^{4} Status Effect. Removes their ^{5}^{6}[Disguise]^{7}^{8} Status Effect and deals Holy Ranged Magic damage equal to MATK * ^{9}${2}%^{10}. The holy spirit lasts ${3} seconds and disappears after Discovering a target.	อัญเชิญวิญญาณศักดิ์สิทธิ์ให้วนรอบผู้ใช้และค้นหาศัตรู หนึ่งตัว ในรัศมี ${1} เมตร ที่ติดสถานะ ^{1}^{2}[ Disguise ]^{3}^{4} ลบสถานะ ^{5}^{6}[ Disguise ]^{7}^{8} ของเป้าหมาย และสร้างดาเมจเวทระยะไกลธาตุ Holy เท่ากับ M.ATK * ^{9}${2}%^{10} วิญญาณศักดิ์สิทธิ์คงอยู่ ${3} วินาที และหายไปหลังพบเป้าหมาย
10110300003	Restores ^{3}Life^{4} equal to your Magic ATK * ^{1}${2}% + ${3}^{2} for you and the designated ST ally within ${1}m. Each ^{5}Base Lv.^{6} gained increases ^{7}Healing Volume by ${4}%^{8}. When used on an ^{9}Undead-property^{10} enemy, deals Holy-property ranged magic damage equal to your Magic ATK * ^{11}${5}% + ${6}^{12}.	ฟื้นฟู ^{3}HP^{4} เท่ากับ M.ATK ของผู้ใช้ * ^{1}${2}% + ${3}^{2} ให้แก่ผู้ใช้และพันธมิตรเป้าหมายแบบ Single Target ในระยะ ${1} เมตร ทุก ^{5}Base Lv.^{6} ที่เพิ่มขึ้นจะเพิ่ม ^{7}ปริมาณการฟื้นฟู ${4}%^{8} เมื่อใช้กับศัตรูธาตุ ^{9}Undead^{10} จะสร้างดาเมจเวทระยะไกลธาตุ Holy เท่ากับ M.ATK ของผู้ใช้ * ^{11}${5}% + ${6}^{12}
10110300004	Consumes ^{1}${1}^{2} points of ^{3}Life^{4} to increase the caster's and up to ${3} allies' ^{5}AGI by ${4}^{6}, ^{7}Attack Speed by ${5}%^{8}, and ^{9}Move Speed by ${6}%^{10} within a ${2}-meter radius for ${7} sec.	ใช้ ^{1}${1}^{2} แต้มจาก ^{3}HP^{4} เพื่อเสริมพลังให้แก่ผู้ใช้และพันธมิตรสูงสุด ${3} ตัว โดยเพิ่ม ^{5}AGI ขึ้น ${4}^{6}, ^{7}ASPD ขึ้น ${5}%^{8} และ ^{9}MSPD ขึ้น ${6}%^{10} ภายในรัศมี ${2} เมตร เป็นเวลา ${7} วินาที
10110300005	Deals Magic ATK * ^{1}${2}% + ${3}^{2} Holy ranged magic damage to a target ST enemy within ${1} meters and removes the target's ^{3}^{4}【Kyrie Eleison】^{5}^{6} effect.	สร้างดาเมจเวทระยะไกลธาตุ Holy เท่ากับ M.ATK * ^{1}${2}% + ${3}^{2} แก่ศัตรูเป้าหมายแบบ Single Target ในระยะ ${1} เมตร และลบเอฟเฟกต์ ^{3}^{4}[ Kyrie Eleison ]^{5}^{6} ของเป้าหมาย
10110300006	Increases your damage against ^{3}Undead^{4} Monsters and ^{5}Demon Race^{6} Monsters by ^{1}${1}%^{2}.	เพิ่มความเสียหายที่ผู้ใช้สร้างต่อมอนสเตอร์ ^{3}Undead^{4} และมอนสเตอร์เผ่า ^{5}Demon^{6} ขึ้น ^{1}${1}%^{2}
10110300007	Reduces the damage you take from ^{3}Undead^{4} Monsters and ^{5}Demon Race^{6} Monsters by ^{1}${1}%^{2}.	ลดความเสียหายที่ผู้ใช้ได้รับจากมอนสเตอร์ ^{3}Undead^{4} และมอนสเตอร์เผ่า ^{5}Demon^{6} ลง ^{1}${1}%^{2}
10110300008	Removes ^{1}^{2}【Silence】^{3}^{4} and ^{5}^{6}【Blind】^{7}^{8} from the designated ST ally within ${1} meters.	ลบสถานะ ^{1}^{2}[ Silence ]^{3}^{4} และ ^{5}^{6}[ Blind ]^{7}^{8} จากพันธมิตรเป้าหมายแบบ Single Target ในระยะ ${1} เมตร
10110300009	Recite the Three Bells Sutra, granting you and up to ${2} allies within a ${1}-meter radius ^{1}${3}^{2} Physical DEF and ^{3}${4}^{4} Max Life for ${5} seconds.	สวด Three Bells Sutra มอบพรให้แก่ผู้ใช้และพันธมิตรสูงสุด ${2} ตัว ในรัศมี ${1} เมตร โดยเพิ่ม P.DEF ขึ้น ^{1}${3}^{2} และ Max HP ขึ้น ^{3}${4}^{4} เป็นเวลา ${5} วินาที
10110300010	Reduces a selected ST enemy's AGI by ^{1}${2}^{2} and inflicts a ^{3}${3}%^{4} ^{5}【Slow】^{6} effect for ${4} seconds. The enemy must be within ${1} meters.	ลด AGI ของศัตรูเป้าหมายแบบ Single Target ลง ^{1}${2}^{2} และทำให้ติดเอฟเฟกต์ ^{3}${3}%^{4} ^{5}[ Slow ]^{6} เป็นเวลา ${4} วินาที ศัตรูต้องอยู่ในระยะ ${1} เมตร
10110300011	Create a ^{1}circular magic barrier^{2} with a ${2}-meter radius within ${1} meters of yourself. The barrier blocks ^{3}ranged Physical damage^{4} taken by a single ally standing inside it. It lasts ${3} seconds, can block up to ${4} instances of damage, and only one can exist at a time.	สร้าง ^{1}ม่านพลังเวททรงกลม^{2} รัศมี ${2} เมตร ในระยะ ${1} เมตร จากผู้ใช้ ม่านพลังป้องกัน ^{3}ดาเมจกายภาพระยะไกล^{4} ที่พันธมิตร หนึ่งตัว ภายในพื้นที่จะได้รับ คงอยู่ ${3} วินาที ป้องกันความเสียหายได้สูงสุด ${4} ครั้ง และมีได้ครั้งละ หนึ่งม่านพลังเท่านั้น
10110300012	The temporary Revive skill obtained in the dungeon revives a targeted ST ally who is ^{1}dead^{2} within ${1} meters, restoring ^{3}${2}% of their Max Life^{4} and ^{5}${3}% of their Max MP^{6}. After learning ^{7}Revive^{8}, this skill can no longer be equipped.	สกิล Revive ชั่วคราวที่ได้รับในดันเจี้ยน ชุบชีวิตพันธมิตรเป้าหมายแบบ Single Target ที่ ^{1}ตาย^{2} ในระยะ ${1} เมตร โดยฟื้นฟู ^{3}${2}% ของ Max HP^{4} และ ^{5}${3}% ของ Max MP^{6} หลังเรียนรู้ ^{7}Revive^{8} จะไม่สามารถติดตั้งสกิลนี้ได้อีก
10110300013	When equipped with a ^{1}【Mace】^{2} weapon, gain ^{3}${1}^{4} Physical ATK and ^{5}${2}%^{6} Normal Attack Crit Chance.	เมื่อสวมอาวุธ ^{1}[ Mace ]^{2} จะได้รับ P.ATK เพิ่ม ^{3}${1}^{4} และ CRIT ของการโจมตีปกติเพิ่ม ^{5}${2}%^{6}
10110300014	Calls down an Angel's wrath on the designated ST enemy within ${1} meters, applying ^{1}${2}%^{2} ^{3}[Damage Taken Increase]^{4}. The ^{5}[Damage Taken Increase]^{6} effect lasts ${3} seconds and disappears after the target takes damage.	อัญเชิญความพิโรธของ Angel ใส่ศัตรูเป้าหมายแบบ Single Target ในระยะ ${1} เมตร ทำให้ติด ^{1}${2}%^{2} ^{3}[ Damage Taken Increase ]^{4} เอฟเฟกต์ ^{5}[ Damage Taken Increase ]^{6} คงอยู่ ${3} วินาที และหายไปหลังเป้าหมายได้รับความเสียหาย
10110300015	Permanently increases your ^{1}${1}^{2} ^{3}MP Regen^{4}, ^{5}${2}%^{6} ^{7}Max MP Regen^{8}, and ^{9}${3}^{10} ^{11}Magic ATK^{12}.	เพิ่ม ^{1}${1}^{2} ให้แก่ ^{3}MP Regen^{4}, เพิ่ม ^{5}${2}%^{6} ให้แก่ ^{7}Max MP Regen^{8} และเพิ่ม ^{9}${3}^{10} ให้แก่ ^{11}M.ATK^{12} ของผู้ใช้อย่างถาวร
10110300016	When casting ^{1}【Healing Skills】^{2}, also removes ^{3}^{4}【Stun】^{5}^{6}, ^{7}^{8}【Freeze】^{9}^{10}, and ^{11}^{12}【Petrify】^{13}^{14} from the target.	เมื่อใช้ ^{1}[ Healing Skills ]^{2} จะลบสถานะ ^{3}^{4}[ Stun ]^{5}^{6}, ^{7}^{8}[ Freeze ]^{9}^{10} และ ^{11}^{12}[ Petrify ]^{13}^{14} จากเป้าหมายด้วย
10110300017	Increases ^{3}Magic Recovery Speed^{4} by ^{1}${3}%^{2} and ^{7}Magic ATK^{8} by ^{5}${4}^{6} for you and up to ${2} allies within a ${1}-meter radius for ${5} sec.	เพิ่ม ^{3}Magic Recovery Speed^{4} ขึ้น ^{1}${3}%^{2} และเพิ่ม ^{7}M.ATK^{8} ขึ้น ^{5}${4}^{6} ให้แก่ผู้ใช้และพันธมิตรสูงสุด ${2} ตัว ในรัศมี ${1} เมตร เป็นเวลา ${5} วินาที
10110300018	Increases the LUK of up to ${2} allies within a ${1}m radius by ^{1}${3}^{2} for ${4} sec.	เพิ่ม LUK ของพันธมิตรสูงสุด ${2} ตัว ในรัศมี ${1} เมตร ขึ้น ^{1}${3}^{2} เป็นเวลา ${4} วินาที
10110300019	Summon a ${2}m*${3}m cross within ${1}m of yourself. For the next ${4} sec., it deals Magic ATK*^{1}${7}%+${8}^{2} Holy ranged magic damage to up to ${6} enemies in the area every ${5} sec. Damage dealt to enemies of the ^{3}Undead Race^{4} or ^{5}Demon Race^{6}, or with the ^{7}Shadow property^{8} or ^{9}Undead property^{10}, is increased by ^{11}${9}%^{12}.	อัญเชิญกางเขนขนาด ${2} เมตร*${3} เมตร ในระยะ ${1} เมตร จากผู้ใช้ เป็นเวลา ${4} วินาที สร้างดาเมจเวทระยะไกลธาตุ Holy เท่ากับ M.ATK*^{1}${7}%+${8}^{2} แก่ศัตรูสูงสุด ${6} ตัว ในพื้นที่ทุก ${5} วินาที ความเสียหายต่อศัตรูเผ่า ^{3}Undead^{4} หรือเผ่า ^{5}Demon^{6} หรือศัตรูธาตุ ^{7}Shadow^{8} หรือธาตุ ^{9}Undead^{10} เพิ่มขึ้น ^{11}${9}%^{12}
10110300020	Revive the designated ^{1}dead^{2} ST ally within ${1} meters, restoring ^{3}${2}% of their Max Life^{4} and ^{5}${3}% of their Max MP^{6}.	ชุบชีวิตพันธมิตรเป้าหมายแบบ Single Target ที่ ^{1}ตาย^{2} ในระยะ ${1} เมตร โดยฟื้นฟู ^{3}${2}% ของ Max HP^{4} และ ^{5}${3}% ของ Max MP^{6}
10110300021	Changes your ^{1}Basic Attack^{2} element and that of a selected ST ally within a ${1}-meter radius to ^{3}Holy^{4} for ${2} seconds.	เปลี่ยนธาตุของ ^{1}การโจมตีปกติ^{2} ของผู้ใช้และพันธมิตรเป้าหมายแบบ Single Target ในรัศมี ${1} เมตร เป็นธาตุ ^{3}Holy^{4} เป็นเวลา ${2} วินาที
10110300022	Summon a ${2}m*${3}m Holy Spirit blessing area within ${1}m of yourself. For the next ${4} seconds, every ${5} seconds, it restores Life equal to your Magic ATK*^{1}${7}%+${8}^{2} points to up to ${6} allies within the area^{3}^{4}. ^{5}Undead-property^{6} and ^{7}Demon Race^{8} monsters within the area take ranged Holy magic damage equal to your Magic ATK*^{9}${9}%+${10}^{10}.	อัญเชิญพื้นที่พรจาก Holy Spirit ขนาด ${2} เมตร*${3} เมตร ในระยะ ${1} เมตร จากผู้ใช้ เป็นเวลา ${4} วินาที ทุก ${5} วินาที จะฟื้นฟู HP เท่ากับ M.ATK ของผู้ใช้*^{1}${7}%+${8}^{2} แต้ม ให้แก่พันธมิตรสูงสุด ${6} ตัว ภายในพื้นที่^{3}^{4} มอนสเตอร์ธาตุ ^{5}Undead^{6} และมอนสเตอร์เผ่า ^{7}Demon^{8} ภายในพื้นที่จะได้รับดาเมจเวทระยะไกลธาตุ Holy เท่ากับ M.ATK ของผู้ใช้*^{9}${9}%+${10}^{10}
10110300023	Grants yourself and a designated ST ally within a ${1}-meter radius a ^{3}Physical damage absorption shield^{4} equal to your Magic ATK*^{1}${2}%^{2} for ${3} seconds. A target protected by ^{5}【Kyrie Eleison】^{6} immediately loses the shield when hit by ^{7}^{8}【Holy Light】^{9}^{10}.	ผู้ใช้และพันธมิตรเป้าหมายแบบ Single Target ในรัศมี ${1} เมตร ได้รับ ^{3}โล่ดูดซับดาเมจกายภาพ^{4} เท่ากับ M.ATK ของผู้ใช้*^{1}${2}%^{2} เป็นเวลา ${3} วินาที เป้าหมายที่ได้รับการป้องกันจาก ^{5}[ Kyrie Eleison ]^{6} จะสูญเสียโล่ทันทีเมื่อถูก ^{7}^{8}[ Holy Light ]^{9}^{10}
10110300024	Deals Holy Ranged Magic damage equal to MATK * ^{1}${2}% + ${3}^{2} to one designated Enemy within ${1} meters. If the target is a ^{3}Normal Undead Monster^{4}, there is a ^{5}${4}%^{6} Chance to kill it instantly.	สร้างดาเมจเวทระยะไกลธาตุ Holy เท่ากับ M.ATK * ^{1}${2}% + ${3}^{2} แก่ศัตรูเป้าหมาย หนึ่งตัว ในระยะ ${1} เมตร หากเป้าหมายเป็น ^{3}มอนสเตอร์ Undead ทั่วไป^{4} จะมีโอกาส ^{5}${4}%^{6} สังหารทันที
10110300025	Increases Physical ATK and Magic ATK by ^{1}${3}^{2} for you and up to ${2} allies within a ${1}m radius for ${4} sec.	เพิ่ม P.ATK และ M.ATK ขึ้น ^{1}${3}^{2} ให้แก่ผู้ใช้และพันธมิตรสูงสุด ${2} ตัว ในรัศมี ${1} เมตร เป็นเวลา ${4} วินาที
10110300026	Deals Magic ATK * ^{1}${2}% + ${3}^{2} Holy ranged magic damage to the target ST enemy within ${1} meters, and inflicts ^{7}^{8}【Silence】^{9}^{10} on ^{3}normal monsters^{4} or ^{5}players^{6} for ${4} seconds.	สร้างดาเมจเวทระยะไกลธาตุ Holy เท่ากับ M.ATK * ^{1}${2}% + ${3}^{2} แก่ศัตรูเป้าหมายแบบ Single Target ในระยะ ${1} เมตร และทำให้ติดสถานะ ^{7}^{8}[ Silence ]^{9}^{10} หากเป็น ^{3}มอนสเตอร์ทั่วไป^{4} หรือ ^{5}ผู้เล่น^{6} เป็นเวลา ${4} วินาที
10110300027	Create a ^{1}circular magic barrier^{2} with a radius of ${2} meters within ${1} meters of yourself, protecting one ally within its area from incoming ^{3}melee Physical damage^{4}. The barrier lasts ${3} seconds and can block up to ^{5}${4}^{6} instances of damage. Only one can exist at a time.	สร้าง ^{1}ม่านพลังเวททรงกลม^{2} รัศมี ${2} เมตร ในระยะ ${1} เมตร จากผู้ใช้ ป้องกันพันธมิตร หนึ่งตัว ภายในพื้นที่จาก ^{3}ดาเมจกายภาพระยะประชิด^{4} ม่านพลังคงอยู่ ${3} วินาที และป้องกันความเสียหายได้สูงสุด ^{5}${4}^{6} ครั้ง มีได้ครั้งละ หนึ่งม่านพลังเท่านั้น
10110300028	A prayer that blesses others, increasing Cast Speed by ^{1}${3}^{2} for you and up to ${2} allies within a ${1}-meter radius for ${4} seconds.	สวดอวยพร เพิ่ม Cast Speed ขึ้น ^{1}${3}^{2} ให้แก่ผู้ใช้และพันธมิตรสูงสุด ${2} ตัว ในรัศมี ${1} เมตร เป็นเวลา ${4} วินาที
10110300029	Bestows an Angel's blessing, increasing Physical DEF and Magic DEF by ^{1}${3}%^{2} for you and up to ${2} allies within a ${1}-meter radius, and increasing their ^{5}healing received^{6} by ^{3}${4}%^{4} for ${5} seconds.	มอบพรจาก Angel เพิ่ม P.DEF และ M.DEF ขึ้น ^{1}${3}%^{2} ให้แก่ผู้ใช้และพันธมิตรสูงสุด ${2} ตัว ในรัศมี ${1} เมตร พร้อมเพิ่ม ^{5}การฟื้นฟูที่ได้รับ^{6} ขึ้น ^{3}${4}%^{4} เป็นเวลา ${5} วินาที
10110300030	Increases your ^{1}${1}%^{2} ^{3}Max MP^{4} and ^{5}${2}%^{6} ^{7}MP Recovery Speed^{8}. Also grants a ^{9}${3}%^{10} increase to the healing provided by your ^{11}【Divine Light】^{12}.	เพิ่ม ^{1}${1}%^{2} ให้แก่ ^{3}Max MP^{4} และเพิ่ม ^{5}${2}%^{6} ให้แก่ ^{7}ความเร็วในการฟื้นฟู MP^{8} ของผู้ใช้ พร้อมเพิ่ม ^{9}${3}%^{10} ให้แก่การฟื้นฟูจาก ^{11}[ Divine Light ]^{12} ของผู้ใช้
10110300031	Reduces the ^{3}MP cost^{4} of skills cast by the user by ^{1}${1}%^{2} and increases ^{7}Magic ATK^{8} by ^{5}${2}^{6}.	ลด ^{3}MP ที่ใช้^{4} ในการร่ายสกิลของผู้ใช้ลง ^{1}${1}%^{2} และเพิ่ม ^{7}M.ATK^{8} ขึ้น ^{5}${2}^{6}
10110300032	Empowers yourself with the power of the Sanctuary, increasing your ^{1}Holy damage by ${1}%^{2} for ${2} seconds.	เสริมพลังจาก Sanctuary เพิ่ม ^{1}ความเสียหายธาตุ Holy ของผู้ใช้ขึ้น ${1}%^{2} เป็นเวลา ${2} วินาที
10110300453	Orc Hero summons three greatswords that fall from the sky, dealing heavy damage to players hit. The greatswords remain on the ground for @{1} sec and continuously damage nearby players. When they disappear, they explode and deal heavy damage to nearby players.	Orc Hero อัญเชิญดาบใหญ่ สามเล่มให้ตกลงมาจากฟ้า สร้างความเสียหายอย่างหนักแก่ผู้เล่นที่ถูกดาบ ดาบใหญ่จะคงอยู่บนพื้นเป็นเวลา @{1} วินาที และสร้างความเสียหายแก่ผู้เล่นที่อยู่ใกล้อย่างต่อเนื่อง เมื่อดาบหายไปจะระเบิด สร้างความเสียหายอย่างหนักแก่ผู้เล่นที่อยู่ใกล้
10110300522	High Orc stomps the ground, dealing the master's ^{1}Adaptive ATK^{2}*^{3}${3}%^{4} Neutral melee ^{5}Adaptive Damage^{6} to up to ${2} enemies within ${1} meters of the master and increasing the damage dealt by up to ${5} allies within ${4} meters of High Orc by ^{7}${6}%^{8} for ${7} seconds.	High Orc กระทืบพื้น สร้างความเสียหายกายภาพ เท่ากับ ^{1}Adaptive ATK^{2} ของเจ้าของ*^{3}${3}%^{4} ในรูปแบบ ไร้ธาตุ ระยะประชิด ^{5}Adaptive Damage^{6} ใส่ศัตรูสูงสุด ${2} ตัว ในระยะ ${1} เมตร ของ เจ้าของ และเพิ่มความเสียหายที่ทำได้ให้กับพันธมิตรสูงสุด ${5} ตัว ในระยะ ${4} เมตร ของ High Orc ขึ้น ^{7}${6}%^{8} เป็นเวลา ${7} วิ
10110300523	High Orc stomps the ground, dealing ^{1}${3}%^{2} Neutral melee ^{3}Adaptive Damage^{4} to up to ${2} enemies within ${1} meters of the master and increasing the damage dealt by up to ${5} allies within ${4} meters of High Orc by ^{5}${6}%^{6} for ${7} seconds.	High Orc กระทืบพื้น สร้างความเสียหายกายภาพ ^{1}${3}%^{2} ในรูปแบบ ไร้ธาตุ ระยะประชิด ^{3}Adaptive Damage^{4} ใส่ศัตรูสูงสุด ${2} ตัว ในระยะ ${1} เมตร ของ เจ้าของ และเพิ่มความเสียหายที่ทำได้ให้กับพันธมิตรสูงสุด ${5} ตัว ในระยะ ${4} เมตร ของ High Orc ขึ้น ^{5}${6}%^{6} เป็นเวลา ${7} วิ
10220300542	^{1}^{2}【Frost Nova】^{3}^{4}'s area increases to ^{5}${1}^{6} meters and triggers 【Ice Spike】 @{1} times on all targets hit, dealing Water Ranged Magic damage equal to MATK*^{7}${2}%+${3}^{8}. Hitting enemies affected by ^{9}^{10}【Frozen】^{11}^{12} does not remove Frozen.	พื้นที่ของ ^{1}^{2}[ Frost Nova ]^{3}^{4} เพิ่มเป็น ^{5}${1}^{6} เมตร และทำให้ [ Ice Spike ] ทำงาน @{1} ครั้งกับเป้าหมายทั้งหมดที่ถูกโจมตี สร้างดาเมจเวทระยะไกลธาตุ Water เท่ากับ M.ATK*^{7}${2}%+${3}^{8} การโจมตีศัตรูที่ติดสถานะ ^{9}^{10}[ Frozen ]^{11}^{12} จะไม่ลบสถานะ Frozen
10220300541	Reduces the maximum Cooldown of ^{1}^{2}【Frost Nova】^{3}^{4} and ^{5}^{6}【Jupitel Thunder】^{7}^{8} by ^{9}${1}^{10} seconds.	ลด Cooldown สูงสุดของ ^{1}^{2}[ Frost Nova ]^{3}^{4} และ ^{5}^{6}[ Jupitel Thunder ]^{7}^{8} ลง ^{9}${1}^{10} วินาที
12390100930	Activate the Academy Diary matching Mouthwear Appearance (Permanent).	ปลดล็อกรูปลักษณ์เครื่องประดับปากที่เข้าชุดกับ Academy Diary อย่างถาวร
12390100929	Activate the Afternoon Stroll Costume Appearance (Permanent).	ปลดล็อกรูปลักษณ์ชุด Afternoon Stroll อย่างถาวร
12390100928	Activate the Afternoon Stroll Costume Appearance (Permanent).	ปลดล็อกรูปลักษณ์ชุด Afternoon Stroll อย่างถาวร
12390100927	Activate the Afternoon Stroll matching Headwear Appearance (Permanent).	ปลดล็อกรูปลักษณ์เครื่องประดับศีรษะที่เข้าชุดกับ Afternoon Stroll อย่างถาวร
12390100926	Activate the Dinner Date Costume Appearance (Permanent).	ปลดล็อกรูปลักษณ์ชุด Dinner Date อย่างถาวร
12390100925	Permanently unlock the Formal Set - Face Accessory appearance	ปลดล็อกรูปลักษณ์ Formal Set - Face Accessory อย่างถาวร
12390100924	Activate the Dinner Date matching Facewear Appearance (Permanent).	ปลดล็อกรูปลักษณ์เครื่องประดับใบหน้าที่เข้าชุดกับ Dinner Date อย่างถาวร
12390100923	Activate the Nine-Tone Mantra matching Theme Headwear Appearance (Permanent).	ปลดล็อกรูปลักษณ์เครื่องประดับศีรษะที่เข้าชุดกับธีม Nine-Tone Mantra อย่างถาวร
12390100922	Activate the Nine-Tone Mantra matching Theme Character Effects Appearance (Permanent).	ปลดล็อกรูปลักษณ์เอฟเฟกต์ตัวละครที่เข้าชุดกับธีม Nine-Tone Mantra อย่างถาวร
12390100921	Permanently unlock the Mechanical Set - Body Accessory appearance	ปลดล็อกรูปลักษณ์ Mechanical Set - Body Accessory อย่างถาวร
12390100920	Activate the Silverwing Covenant matching Theme Backwear Appearance (Permanent).	ปลดล็อกรูปลักษณ์เครื่องประดับหลังที่เข้าชุดกับธีม Silverwing Covenant อย่างถาวร
12390100919	Activate the Dunhuang Theme Nine-Tone Mantra Appearance (Permanent).	ปลดล็อกรูปลักษณ์ Nine-Tone Mantra ธีม Dunhuang อย่างถาวร
12390100918	Activate the Silverwing Covenant Appearance (Permanent).	ปลดล็อกรูปลักษณ์ Silverwing Covenant อย่างถาวร
12390100917	Activate the Nine-Tone Mantra matching Theme Mouthwear Appearance (Permanent).	ปลดล็อกรูปลักษณ์เครื่องประดับปากที่เข้าชุดกับธีม Nine-Tone Mantra อย่างถาวร
12390100916	Activate the Silverwing Covenant matching Facewear Appearance (Permanent).	ปลดล็อกรูปลักษณ์เครื่องประดับใบหน้าที่เข้าชุดกับ Silverwing Covenant อย่างถาวร
12390100915	Activate the Silverwing Covenant matching Headwear Appearance (Permanent).	ปลดล็อกรูปลักษณ์เครื่องประดับศีรษะที่เข้าชุดกับ Silverwing Covenant อย่างถาวร
12390100914	Activate the Night Judgment Costume Appearance (Permanent).	ปลดล็อกรูปลักษณ์ชุด Night Judgment อย่างถาวร
12390100913	Activate the Night Judgment matching Facewear Appearance (Permanent).	ปลดล็อกรูปลักษณ์เครื่องประดับใบหน้าที่เข้าชุดกับ Night Judgment อย่างถาวร
12390100912	Activate the Sweet Waltz Character Effects (Permanent).	ปลดล็อกเอฟเฟกต์ตัวละคร Sweet Waltz อย่างถาวร
12390100909	Activate the Bonnie's Afternoon Appearance (Permanent).	ปลดล็อกรูปลักษณ์ Bonnie's Afternoon อย่างถาวร
12390100908	Activate the Sweetheart Tea Party Costume Appearance (Permanent).	ปลดล็อกรูปลักษณ์ชุด Sweetheart Tea Party อย่างถาวร
12390100907	Activate the Sweetheart Tea Party matching Headwear Appearance (Permanent).	ปลดล็อกรูปลักษณ์เครื่องประดับศีรษะที่เข้าชุดกับ Sweetheart Tea Party อย่างถาวร
12390100906	Activate the Worldscorch Feather matching Hairstyle Appearance (Permanent).	ปลดล็อกรูปลักษณ์ทรงผมที่เข้าชุดกับ Worldscorch Feather อย่างถาวร
12390100905	Activate the Worldscorch Feather matching Backwear Appearance (Permanent).	ปลดล็อกรูปลักษณ์เครื่องประดับหลังที่เข้าชุดกับ Worldscorch Feather อย่างถาวร
12390100904	Permanently unlocks the Costume - World-Scorching Feathers appearance	ปลดล็อกรูปลักษณ์ชุด Costume - World-Scorching Feathers อย่างถาวร
12390100670	A roll woven from high-quality silk. Its smooth yet durable texture makes it ideal for crafting fine equipment.	ผ้าไหมคุณภาพสูงหนึ่งม้วน เนื้อผ้าเรียบลื่นแต่ทนทาน เหมาะสำหรับสร้างอุปกรณ์ชั้นดี
12390100665	A roll woven from hemp cloth, used to make simple equipment.	ผ้าป่านหนึ่งม้วน ใช้สร้างอุปกรณ์พื้นฐาน
12390100664	Thread imbued with a sacred blessing, used to weave sacred cloth or blessed armor with a faint shimmering glow.	เส้นด้ายที่ได้รับพรศักดิ์สิทธิ์ ใช้ทอผ้าศักดิ์สิทธิ์หรือชุดเกราะที่ได้รับพร พร้อมประกายเรืองแสงจาง ๆ
12390100657	A soft bundle of Cotton that can be processed into Cotton cloth or used as stuffing. Commonly used in textiles.	ฝ้ายนุ่มหนึ่งมัด แปรรูปเป็นผ้าฝ้ายหรือใช้เป็นวัสดุยัดไส้ได้ นิยมใช้ในงานสิ่งทอ
12390100611	A blade forged from radiant gold with exceptional sharpness and durability. Suitable for crafting fine weapons.	คมดาบที่ตีขึ้นจากทองอันสุกสว่าง มีความคมและความทนทานเป็นเลิศ เหมาะสำหรับสร้างอาวุธชั้นดี
12390100610	A Metal bar smelted from radiant gold. Lightweight yet hard, it is a core material for crafting fine equipment.	แท่งโลหะที่หลอมจากทองอันสุกสว่าง น้ำหนักเบาแต่แข็ง เป็นวัตถุดิบหลักสำหรับสร้างอุปกรณ์ชั้นดี
12390100607	A Metal bar smelted from mithril. Both tough and lightweight, it can be used to forge standard equipment.	แท่งโลหะที่หลอมจาก mithril ทั้งแข็งแกร่งและน้ำหนักเบา ใช้ตีอุปกรณ์มาตรฐานได้
10220300000	Strength +${1}, Dexterity +${2}, Intelligence +${3}.	STR +${1}, DEX +${2}, INT +${3}
10220300002	Agility +${1}, Attack Speed +${2}%, Movement Speed +${3}%.	AGI +${1}, ASPD +${2}%, MSPD +${3}%
10220300003	Physical DEF +${1} and Max Life +${2}.	P.DEF +${1}, Max HP +${2}
10220300004	Agility -${1} and Movement Speed -${2}%.	AGI -${1}, MSPD -${2}%
10220300008	MP Recovery Speed +${1}% and Magic ATK +${2}.	ความเร็วในการฟื้นฟู MP +${1}%, M.ATK +${2}
10220300009	LUK increases by ${1}.	เพิ่ม LUK ขึ้น ${1}
10220300014	Increases Cast Speed by ${1}.	เพิ่ม Cast Speed ขึ้น ${1}
10220300017	Holy damage +${1}%.	ความเสียหายธาตุ Holy +${1}%
10220300019	Attack Speed +${1}%.	ASPD +${1}%
10220300031	Gain ${1}% Holy damage.	ได้รับโบนัส ${1}% ให้แก่ความเสียหายธาตุ Holy
10220300032	Gain ${1}% Holy damage.	ได้รับโบนัส ${1}% ให้แก่ความเสียหายธาตุ Holy
10220300037	Strength +@{1}, Physical ATK +@{2}	STR +@{1}, P.ATK +@{2}
10220300038	Vitality +@{1}, Luck +@{2}	VIT +@{1}, LUK +@{2}
10220300039	Strength +@{1}	STR +@{1}
10220300040	Attack Speed +@{1}%.	ASPD +@{1}%
10220300041	Physical ATK +@{1}	P.ATK +@{1}
10220300042	Physical Damage +@{1}%	P.DMG +@{1}%
10220300043	Movement Speed increases by ${1}%	เพิ่ม MSPD ขึ้น ${1}%
10220300047	Physical ATK +${1}	P.ATK +${1}
10220300048	Crit Chance +@{1}%	CRIT +@{1}%
10220300052	STR increases by ${1}.	เพิ่ม STR ขึ้น ${1}
10220300053	VIT increases by ${1}.	เพิ่ม VIT ขึ้น ${1}
10220300077	Movement Speed -@{1}%	MSPD -@{1}%
10220300078	Gain a shield equal to ${1}% of your Life.	ได้รับโล่เท่ากับ ${1}% ของ HP
10220300084	Movement Speed +@{1}%	MSPD +@{1}%
10220300101	Changes armor property to Earth.	เปลี่ยนธาตุของชุดเกราะเป็น Earth
10220300102	Changes armor property to Water.	เปลี่ยนธาตุของชุดเกราะเป็น Water
10220300103	Changes armor property to Wind.	เปลี่ยนธาตุของชุดเกราะเป็น Wind
10220300104	Changes armor property to Poison.	เปลี่ยนธาตุของชุดเกราะเป็น Poison
10220300105	Changes armor property to Fire.	เปลี่ยนธาตุของชุดเกราะเป็น Fire
10220300106	Changes armor property to Ghost.	เปลี่ยนธาตุของชุดเกราะเป็น Ghost
10220300114	Damage against all Kobolds +@{1}%.	ความเสียหายต่อ Kobolds ทั้งหมด +@{1}%
10220300121	Damage against Kara Crabs +@{1}%.	ความเสียหายต่อ Kara Crabs +@{1}%
10220300122	Damage against Shellfish +@{1}%.	ความเสียหายต่อ Shellfish +@{1}%
10220300123	Damage against Starfish +@{1}%.	ความเสียหายต่อ Starfish +@{1}%
10220300129	Attack Speed +@{1}%, Crit +@{2}, Crit DMG +@{3}%.	ASPD +@{1}%, CRIT +@{2}, CRIT DMG +@{3}%
10220300149	Immune to 【Slow】.	มีภูมิคุ้มกันต่อ [ Slow ]
10220300150	Stun Resistance +@{1}.	ความต้านทาน Stun +@{1}
10220300151	Immune to 【Stun】.	มีภูมิคุ้มกันต่อ [ Stun ]
10220300152	MP Cost -@{1}%, Magic DMG +@{2}%.	MP ที่ใช้ -@{1}%, M.DMG +@{2}%
10220300154	MP Cost -@{1}%, Healing +@{2}%.	MP ที่ใช้ -@{1}%, การฟื้นฟู +@{2}%
10220300160	Damage Reduction +@{1}%	การลดความเสียหาย +@{1}%
10220300169	Physical DEF and Magic DEF increased by @{1}	เพิ่ม P.DEF และ M.DEF ขึ้น @{1}
10220300178	Normal Attack damage +@{1}%	ความเสียหายจากการโจมตีปกติ +@{1}%
10220300179	Physical ATK and Magic ATK reduced by @{1}	ลด P.ATK และ M.ATK ลง @{1}
10220300180	Physical DEF and Magic DEF increased by @{1}	เพิ่ม P.DEF และ M.DEF ขึ้น @{1}
10220300187	Movement Speed -@{1}%	MSPD -@{1}%
10220300190	Shield equal to @{1}% Max Life	โล่เท่ากับ @{1}% ของ Max HP
10220300194	Reduces damage taken by @{1}%	ลด ความเสียหายที่ได้รับ ลง @{1}%
10220300206	Increases Movement Speed by @{1}%	เพิ่ม MSPD ขึ้น @{1}%
10220300236	Increases Crit Chance by @{1}% for @{2} sec.	เพิ่ม CRIT ขึ้น @{1}% เป็นเวลา @{2} วินาที
10220300243	Increases healing received by @{1}% for @{2} sec.	เพิ่ม การฟื้นฟูที่ได้รับ ขึ้น @{1}% เป็นเวลา @{2} วินาที
10220300245	Increases damage by @{1}% for @{2} sec.	เพิ่ม ความเสียหาย ขึ้น @{1}% เป็นเวลา @{2} วินาที
10220300250	Reduces Movement Speed by @{1}%	ลด MSPD ลง @{1}%
10220300255	Movement Speed +@{1}%, FLEE +@{2}	MSPD +@{1}%, Flee +@{2}
10220300263	Reduces skill cooldowns by @{1}%.	ลด Cooldown ของสกิลลง @{1}%
10220300265	Increases Movement Speed by @{1}%.	เพิ่ม MSPD ขึ้น @{1}%
10220300266	Increases CRIT by @{1}%.	เพิ่ม CRIT ขึ้น @{1}%
10220300267	Reduces skill cooldowns by @{1}% for @{2} sec.	ลด Cooldown ของสกิลลง @{1}% เป็นเวลา @{2} วินาที
10220300271	Transform: Poring	แปลงร่างเป็น Poring
10220300272	Transform: Drops	แปลงร่างเป็น Drops
10220300273	Transform: Poporing	แปลงร่างเป็น Poporing
10220300274	Transform: Bombring	แปลงร่างเป็น Bombring
10220300275	Transform: Angeling	แปลงร่างเป็น Angeling
10220300276	Transform: Deviling	แปลงร่างเป็น Deviling
10220300277	Transform into Lava Poring	แปลงร่างเป็น Lava Poring
10220300303	Reduces healing received by @{1}%.	ลด การฟื้นฟูที่ได้รับ ลง @{1}%
10220300304	Change Armor to Earth Property	เปลี่ยนธาตุของชุดเกราะเป็น Earth
10220300305	Change Armor to Water Property	เปลี่ยนธาตุของชุดเกราะเป็น Water
10220300306	Change Armor to Wind Property	เปลี่ยนธาตุของชุดเกราะเป็น Wind
10220300307	Convert Armor to Poison	เปลี่ยนธาตุของชุดเกราะเป็น Poison
10220300308	Convert Armor to Fire Property	เปลี่ยนธาตุของชุดเกราะเป็น Fire
10220300309	Change Armor to Ghost Property	เปลี่ยนธาตุของชุดเกราะเป็น Ghost
10220300310	Convert Armor to Holy Property	เปลี่ยนธาตุของชุดเกราะเป็น Holy
10220300311	Reduces Physical Attack and Magic Attack by @{1}%.	ลด P.ATK และ M.ATK ลง @{1}%
10220300335	Increases Physical Attack and Magic Attack by @{1}%.	เพิ่ม P.ATK และ M.ATK ขึ้น @{1}%
10220300376	Increases PATK and MATK by @{1}%.	เพิ่ม P.ATK และ M.ATK ขึ้น @{1}%
10220300377	Increases damage reduction by @{1}%.	เพิ่ม การลดความเสียหาย ขึ้น @{1}%
10220300380	Increases MSPD by @{1}%.	เพิ่ม MSPD ขึ้น @{1}%
10220300390	Transform: Red	แปลงร่างเป็น Red
10220300392	Transform: Blue	แปลงร่างเป็น Blue
10220300402	Damage Increase +@{1}%.	การเพิ่มความเสียหาย +@{1}%
10220300403	Gain a Shield equal to @{1}% of max HP.	ได้รับโล่เท่ากับ @{1}% ของ Max HP
10220300405	Increases MSPD by @{1}%.	เพิ่ม MSPD ขึ้น @{1}%
10220300409	Movement Speed reduced by @{1}%.	ลด MSPD ลง @{1}%
10220300416	Movement Speed increased by @{1}%.	เพิ่ม MSPD ขึ้น @{1}%
10220300443	FLEE +@{1}	Flee +@{1}
10220300460	Attack Speed +@{1}%	ASPD +@{1}%
10220300461	Physical ATK +${1}.	P.ATK +${1}
10220300465	DEX +${1}.	DEX +${1}
10220300476	LUK +${1}.	LUK +${1}
10800100013	^{1}^{2}[Magnus Exorcismus]^{3}^{4} Variable CT -${1} seconds.	^{1}^{2}[ Magnus Exorcismus ]^{3}^{4} VCT -${1} วินาที
10800100015	When a mace is equipped, AGI +${1}.	เมื่อสวมกระบอง AGI +${1}
10800100016	When ^{1}^{2}[Impositio Manus]^{3}^{4} reaches Lv. ${1}, Physical/Magic ATK +${2}.	เมื่อ ^{1}^{2}[ Impositio Manus ]^{3}^{4} ถึง Lv. ${1} จะได้รับ P.ATK/M.ATK +${2}
10800100017	When ^{1}^{2}[Sanctuary]^{3}^{4} or ^{5}^{6}[Magnus Exorcismus]^{7}^{8} reaches Lv. ${1}, INT +${2}.	เมื่อ ^{1}^{2}[ Sanctuary ]^{3}^{4} หรือ ^{5}^{6}[ Magnus Exorcismus ]^{7}^{8} ถึง Lv. ${1} จะได้รับ INT +${2}
10800100018	When ^{1}^{2}[Impositio Manus]^{3}^{4} reaches Lv. ${1}, MATK +${2}.	เมื่อ ^{1}^{2}[ Impositio Manus ]^{3}^{4} ถึง Lv. ${1} จะได้รับ M.ATK +${2}
10800100019	^{1}^{2}[Basic Attack]^{3}^{4}'s percentage damage multiplier increases by ${1}% and its fixed damage increases by ${2}.	ตัวคูณความเสียหายแบบเปอร์เซ็นต์ของ ^{1}^{2}[ Basic Attack ]^{3}^{4} เพิ่มขึ้น ${1}% และความเสียหายจริงเพิ่มขึ้น ${2}
10800100022	When equipped with a ^{1}【Mace】^{2} weapon, gain ^{3}${1}^{4} Physical ATK and ^{5}${2}%^{6} Normal Attack Crit Chance.	เมื่อสวมอาวุธ ^{1}[ Mace ]^{2} จะได้รับ P.ATK เพิ่ม ^{3}${1}^{4} และ CRIT ของการโจมตีปกติเพิ่ม ^{5}${2}%^{6}
10800100023	When ^{1}^{2}[Arcane Mastery]^{3}^{4} reaches Lv. ${1}, MATK +${2}.	เมื่อ ^{1}^{2}[ Arcane Mastery ]^{3}^{4} ถึง Lv. ${1} จะได้รับ M.ATK +${2}
10800100024	^{1}^{2}[Magnus Exorcismus]^{3}^{4} target count +${1}	^{1}^{2}[ Magnus Exorcismus ]^{3}^{4} จำนวนเป้าหมาย +${1}
10800100026	^{1}^{2}[Sanctuary]^{3}^{4}'s percentage Healing multiplier increases by ${1}% and its fixed Healing increases by ${2}.	ตัวคูณการฟื้นฟูแบบเปอร์เซ็นต์ของ ^{1}^{2}[ Sanctuary ]^{3}^{4} เพิ่มขึ้น ${1}% และค่าการฟื้นฟูคงที่เพิ่มขึ้น ${2}
10800100027	Allies within ^{1}^{2}[Sanctuary]^{3}^{4}'s area gain PDEF/MDEF +${1}%.	พันธมิตรภายในพื้นที่ของ ^{1}^{2}[ Sanctuary ]^{3}^{4} ได้รับ P.DEF/M.DEF +${1}%
10800100028	^{1}^{2}[Sanctuary]^{3}^{4} target count +${1}	^{1}^{2}[ Sanctuary ]^{3}^{4} จำนวนเป้าหมาย +${1}
10800100029	When ^{1}^{2}[Basilica]^{3}^{4} reaches Lv. ${1}, MDEF/PDEF +${2}.	เมื่อ ^{1}^{2}[ Basilica ]^{3}^{4} ถึง Lv. ${1} จะได้รับ M.DEF/P.DEF +${2}
10800100032	When ^{1}^{2}[Assumptio]^{3}^{4} reaches Lv. ${1}, VIT +${2}.	เมื่อ ^{1}^{2}[ Assumptio ]^{3}^{4} ถึง Lv. ${1} จะได้รับ VIT +${2}
10800100035	^{1}^{2}[Cart Revolution]^{3}^{4}'s percentage damage multiplier increases by ${1}%.	ตัวคูณความเสียหายแบบเปอร์เซ็นต์ของ ^{1}^{2}[ Cart Revolution ]^{3}^{4} เพิ่มขึ้น ${1}%
10800100038	STR increases by ${1}.	เพิ่ม STR ขึ้น ${1}
10800100039	LUK increases by ${1}.	เพิ่ม LUK ขึ้น ${1}
10800100040	VIT increases by ${1}.	เพิ่ม VIT ขึ้น ${1}
10800100041	^{1}^{2}[Hammer Fall]^{3}^{4}'s percentage damage multiplier increases by ${1}% and its fixed damage increases by ${2}.	ตัวคูณความเสียหายแบบเปอร์เซ็นต์ของ ^{1}^{2}[ Hammer Fall ]^{3}^{4} เพิ่มขึ้น ${1}% และความเสียหายจริงเพิ่มขึ้น ${2}
10800100053	^{1}^{2}[High Speed Cart Ram]^{3}^{4}'s percentage damage multiplier increases by ${1}% and its fixed damage increases by ${2}.	ตัวคูณความเสียหายแบบเปอร์เซ็นต์ของ ^{1}^{2}[ High Speed Cart Ram ]^{3}^{4} เพิ่มขึ้น ${1}% และความเสียหายจริงเพิ่มขึ้น ${2}
10800100068	^{1}^{2}[Smite]^{3}^{4}'s percentage damage multiplier increases by ${1}% and its fixed damage increases by ${2}.	ตัวคูณความเสียหายแบบเปอร์เซ็นต์ของ ^{1}^{2}[ Smite ]^{3}^{4} เพิ่มขึ้น ${1}% และความเสียหายจริงเพิ่มขึ้น ${2}
10800100071	^{1}^{2}[Grand Cross]^{3}^{4}'s percentage damage multiplier increases by ${1}% and its fixed damage increases by ${2}.	ตัวคูณความเสียหายแบบเปอร์เซ็นต์ของ ^{1}^{2}[ Grand Cross ]^{3}^{4} เพิ่มขึ้น ${1}% และความเสียหายจริงเพิ่มขึ้น ${2}
10800100074	^{1}^{2}[Shield Boomerang]^{3}^{4}'s percentage damage multiplier increases by ${1}% and its fixed damage increases by ${2}.	ตัวคูณความเสียหายแบบเปอร์เซ็นต์ของ ^{1}^{2}[ Shield Boomerang ]^{3}^{4} เพิ่มขึ้น ${1}% และความเสียหายจริงเพิ่มขึ้น ${2}
10800100125	AGI +${1}	AGI +${1}
10800100199	Reduces Water damage taken by ${1}%.	ลด ความเสียหายธาตุ Water ที่ได้รับ ลง ${1}%
10800100230	STR +${1}	STR +${1}
10800100231	AGI +${1}	AGI +${1}
10800100232	VIT +${1}	VIT +${1}
10800100233	INT +${1}	INT +${1}
10800100234	DEX +${1}	DEX +${1}
10800100249	Physical ATK +${1}.	P.ATK +${1}
10800100276	Magic ATK increases by ${1}.	เพิ่ม M.ATK ขึ้น ${1}
10800100277	Cast Speed increases by ${1}.	เพิ่ม Cast Speed ขึ้น ${1}
10800100278	Crit increases by ${1}.	เพิ่ม CRIT ขึ้น ${1}
12390100933	Permanently unlock the Kitty Set Costume appearance	ปลดล็อกรูปลักษณ์ Kitty Set Costume อย่างถาวร
12390100932	Permanently unlock the GM Set Costume appearance	ปลดล็อกรูปลักษณ์ GM Set Costume อย่างถาวร
12390100931	Permanently unlock the Academy Set Costume appearance	ปลดล็อกรูปลักษณ์ Academy Set Costume อย่างถาวร
12390100911	Activate the Strawberry Macaron Hairstyle (Permanent).	ปลดล็อกทรงผม Strawberry Macaron อย่างถาวร
12390100910	Activate the Kitty Tail Appearance (Permanent).	ปลดล็อกรูปลักษณ์ Kitty Tail อย่างถาวร
12390100903	Activate the Worldscorch Feather matching Headwear Appearance (Permanent).	ปลดล็อกรูปลักษณ์เครื่องประดับศีรษะที่เข้าชุดกับ Worldscorch Feather อย่างถาวร
12390100902	Permanently unlocks the Giant Bow Scarf appearance	ปลดล็อกรูปลักษณ์ Giant Bow Scarf อย่างถาวร
12390100901	Permanently unlocks the Crazy Bunny Family Balloon appearance	ปลดล็อกรูปลักษณ์ Crazy Bunny Family Balloon อย่างถาวร
12390100900	Permanently unlocks the Crazy Bunny appearance	ปลดล็อกรูปลักษณ์ Crazy Bunny อย่างถาวร
12390100899	Permanently unlocks the Grim Reaper's Scythe appearance	ปลดล็อกรูปลักษณ์ Grim Reaper's Scythe อย่างถาวร
12390100898	Permanently unlocks the Wheel of Space-Time appearance	ปลดล็อกรูปลักษณ์ Wheel of Space-Time อย่างถาวร
12390100897	Permanently unlocks the Blossom Fairy appearance	ปลดล็อกรูปลักษณ์ Blossom Fairy อย่างถาวร
12390100896	Permanently unlocks the Fish In Mouth appearance	ปลดล็อกรูปลักษณ์ Fish In Mouth อย่างถาวร
12390100895	Permanently unlocks the Pipe appearance	ปลดล็อกรูปลักษณ์ Pipe อย่างถาวร
12390100894	Permanently unlocks the Angry Snarl appearance	ปลดล็อกรูปลักษณ์ Angry Snarl อย่างถาวร
12390100893	Permanently unlocks the Angel Wing Earrings appearance	ปลดล็อกรูปลักษณ์ Angel Wing Earrings อย่างถาวร
12390100892	Permanently unlocks the Evil Wing Ears appearance	ปลดล็อกรูปลักษณ์ Evil Wing Ears อย่างถาวร
12390100891	Permanently unlocks the Goblin Leader Mask appearance	ปลดล็อกรูปลักษณ์ Goblin Leader Mask อย่างถาวร
12390100890	Permanently unlocks the Prankster Mask appearance	ปลดล็อกรูปลักษณ์ Prankster Mask อย่างถาวร
12390100889	Permanently unlocks the Rune Crown appearance	ปลดล็อกรูปลักษณ์ Rune Crown อย่างถาวร
12390100888	Permanently unlocks the Midnight Thorn appearance	ปลดล็อกรูปลักษณ์ Midnight Thorn อย่างถาวร
12390100887	Permanently unlocks the Fox Mask appearance	ปลดล็อกรูปลักษณ์ Fox Mask อย่างถาวร
12390100886	Permanently unlocks the Poo Poo Hat appearance	ปลดล็อกรูปลักษณ์ Poo Poo Hat อย่างถาวร
12390100885	Permanently unlocks the Sun God Helmet appearance	ปลดล็อกรูปลักษณ์ Sun God Helmet อย่างถาวร
12390100884	Permanently unlocks the Starfish Hairpin appearance	ปลดล็อกรูปลักษณ์ Starfish Hairpin อย่างถาวร
12390100883	Permanently unlocks the Vampire Hairpin appearance	ปลดล็อกรูปลักษณ์ Vampire Hairpin อย่างถาวร
12390100882	Permanently unlocks the Moonlight Flower Hat appearance	ปลดล็อกรูปลักษณ์ Moonlight Flower Hat อย่างถาวร
12390100881	Permanently unlocks the Majestic Goat appearance	ปลดล็อกรูปลักษณ์ Majestic Goat อย่างถาวร
12390100880	Permanently unlocks the Jewel Crown appearance	ปลดล็อกรูปลักษณ์ Jewel Crown อย่างถาวร
12390100879	Permanently unlocks the Horned Headband appearance	ปลดล็อกรูปลักษณ์ Horned Headband อย่างถาวร
12390100878	Permanently unlocks the Sphinx Hat appearance	ปลดล็อกรูปลักษณ์ Sphinx Hat อย่างถาวร
12390100877	Permanently unlocks the Crown appearance	ปลดล็อกรูปลักษณ์ Crown อย่างถาวร
12390100876	Permanently unlocks the Golden Coronet appearance	ปลดล็อกรูปลักษณ์ Golden Coronet อย่างถาวร
12390100875	Permanently unlocks the Pirate Captain's Hat appearance	ปลดล็อกรูปลักษณ์ Pirate Captain's Hat อย่างถาวร
12390100874	Permanently unlocks the Grand Circlet appearance	ปลดล็อกรูปลักษณ์ Grand Circlet อย่างถาวร
12390100873	Permanently unlocks the Tiara appearance	ปลดล็อกรูปลักษณ์ Tiara อย่างถาวร
12390100872	Permanently unlocks the Helmet of Orc Hero appearance	ปลดล็อกรูปลักษณ์ Helmet of Orc Hero อย่างถาวร
12390100871	Permanently unlocks the Evil Wing appearance	ปลดล็อกรูปลักษณ์ Evil Wing อย่างถาวร
12390100870	Permanently unlocks the Golden Headwear appearance	ปลดล็อกรูปลักษณ์ Golden Headwear อย่างถาวร
12390100869	Permanently unlocks the Angel Headband appearance	ปลดล็อกรูปลักษณ์ Angel Headband อย่างถาวร
12390100868	Permanently unlocks the School Backpack appearance	ปลดล็อกรูปลักษณ์ School Backpack อย่างถาวร
12390100867	Permanently unlocks the Grand Voyage appearance	ปลดล็อกรูปลักษณ์ Grand Voyage อย่างถาวร
12390100866	Permanently unlocks the Old Television appearance	ปลดล็อกรูปลักษณ์ Old Television อย่างถาวร
12390100865	Permanently unlocks the Furry Tail appearance	ปลดล็อกรูปลักษณ์ Furry Tail อย่างถาวร
12390100864	Permanently unlocks the Flame Scarf appearance	ปลดล็อกรูปลักษณ์ Flame Scarf อย่างถาวร
12390100863	Permanently unlocks the Child Pacifier appearance	ปลดล็อกรูปลักษณ์ Child Pacifier อย่างถาวร
12390100862	Permanently unlocks the Toast appearance	ปลดล็อกรูปลักษณ์ Toast อย่างถาวร
12390100861	Permanently unlocks the Lucky Clover appearance	ปลดล็อกรูปลักษณ์ Lucky Clover อย่างถาวร
12390100860	Permanently unlocks the Romantic Leaf appearance	ปลดล็อกรูปลักษณ์ Romantic Leaf อย่างถาวร
12390100859	Permanently unlocks the Sweet Candy appearance	ปลดล็อกรูปลักษณ์ Sweet Candy อย่างถาวร
12390100858	Permanently unlocks the Clown Nose appearance	ปลดล็อกรูปลักษณ์ Clown Nose อย่างถาวร
12390100857	Permanently unlocks the Lovely Sleep Mask appearance	ปลดล็อกรูปลักษณ์ Lovely Sleep Mask อย่างถาวร
12390100856	Permanently unlocks the Small Ribbons appearance	ปลดล็อกรูปลักษณ์ Small Ribbons อย่างถาวร
12390100855	Permanently unlocks the Blush appearance	ปลดล็อกรูปลักษณ์ Blush อย่างถาวร
12390100854	Permanently unlocks the Smiling Mask appearance	ปลดล็อกรูปลักษณ์ Smiling Mask อย่างถาวร
12390100853	Permanently unlocks the Spinning Glasses appearance	ปลดล็อกรูปลักษณ์ Spinning Glasses อย่างถาวร
12390100852	Permanently unlocks the One-Eyed Blinker appearance	ปลดล็อกรูปลักษณ์ One-Eyed Blinker อย่างถาวร
12390100851	Permanently unlocks the Urgent Care appearance	ปลดล็อกรูปลักษณ์ Urgent Care อย่างถาวร
12390100850	Permanently unlocks the Black Cat Ears appearance	ปลดล็อกรูปลักษณ์ Black Cat Ears อย่างถาวร
12390100849	Permanently unlocks the Sage's Stone Helm appearance	ปลดล็อกรูปลักษณ์ Sage's Stone Helm อย่างถาวร
12390100848	Permanently unlocks the Banana Hat appearance	ปลดล็อกรูปลักษณ์ Banana Hat อย่างถาวร
12390100847	Permanently unlocks the Drama Hat appearance	ปลดล็อกรูปลักษณ์ Drama Hat อย่างถาวร
12390100846	Permanently unlocks the Apple Headwear appearance	ปลดล็อกรูปลักษณ์ Apple Headwear อย่างถาวร
12390100845	Permanently unlocks the Deviruchi Hat appearance	ปลดล็อกรูปลักษณ์ Deviruchi Hat อย่างถาวร
12390100844	Permanently unlocks the Nurse Cap appearance	ปลดล็อกรูปลักษณ์ Nurse Cap อย่างถาวร
12390100843	Permanently unlocks the Drooping Cat appearance	ปลดล็อกรูปลักษณ์ Drooping Cat อย่างถาวร
12390100842	Permanently unlocks the Playful Lace Kitty Headband appearance	ปลดล็อกรูปลักษณ์ Playful Lace Kitty Headband อย่างถาวร
12390100841	Permanently unlocks the Goggles appearance	ปลดล็อกรูปลักษณ์ Goggles อย่างถาวร
12390100840	Permanently unlocks the Feather Bonnet appearance.	ปลดล็อกรูปลักษณ์ Feather Bonnet อย่างถาวร
12390100839	Permanently unlocks the Bunny Hair Band appearance	ปลดล็อกรูปลักษณ์ Bunny Hair Band อย่างถาวร
12390100838	Permanently unlocks the Grand Peco Hair Accessory appearance	ปลดล็อกรูปลักษณ์ Grand Peco Hair Accessory อย่างถาวร
12390100837	 permanently unlocks the Chicken Beak appearance	ปลดล็อกรูปลักษณ์ Chicken Beak อย่างถาวร
12390100836	Permanently unlocks the White Beard appearance	ปลดล็อกรูปลักษณ์ White Beard อย่างถาวร
12390100835	Permanently unlocks the Blinker appearance	ปลดล็อกรูปลักษณ์ Blinker อย่างถาวร
12390100834	Permanently unlocks the Sunglasses appearance	ปลดล็อกรูปลักษณ์ Sunglasses อย่างถาวร
12390100833	Permanently unlocks the Student Hat appearance	ปลดล็อกรูปลักษณ์ Student Hat อย่างถาวร
12390100832	Permanently unlocks the Mage's Hat appearance	ปลดล็อกรูปลักษณ์ Mage's Hat อย่างถาวร
12390100831	Permanently unlocks the Army Cap appearance	ปลดล็อกรูปลักษณ์ Army Cap อย่างถาวร
12390100830	Permanently unlocks the Egg Shell appearance	ปลดล็อกรูปลักษณ์ Egg Shell อย่างถาวร
12390100829	Permanently unlocks the Bread Bag Hat appearance	ปลดล็อกรูปลักษณ์ Bread Bag Hat อย่างถาวร
12390100828	Permanently unlocks the Fruit Peel Hat appearance	ปลดล็อกรูปลักษณ์ Fruit Peel Hat อย่างถาวร
12390100822	Use to unlock Chapter 2 of a book	ใช้เพื่อปลดล็อกบทที่ 2 ของหนังสือ
12390100821	Use to unlock Chapter 1 of a book	ใช้เพื่อปลดล็อกบทที่ 1 ของหนังสือ
12390100820	Mount · Magic Carpet can be unlocked upon use.	ใช้เพื่อปลดล็อกสัตว์ขี่ Magic Carpet
12390100819	Mount · Baby Kun can be unlocked upon use.	ใช้เพื่อปลดล็อกสัตว์ขี่ Baby Kun
12390100818	Mount · Fish of the Northern Deep can be unlocked upon use.	ใช้เพื่อปลดล็อกสัตว์ขี่ Fish of the Northern Deep
12390100817	Mount · Crab You Very Much can be unlocked upon use.	ใช้เพื่อปลดล็อกสัตว์ขี่ Crab You Very Much
12390100815	Mount · Savage can be unlocked upon use.	ใช้เพื่อปลดล็อกสัตว์ขี่ Savage
12390100814	Mount · Ostrich can be unlocked upon use.	ใช้เพื่อปลดล็อกสัตว์ขี่ Ostrich
12390100813	Mount · Fox can be unlocked upon use.	ใช้เพื่อปลดล็อกสัตว์ขี่ Fox
12390100812	Mount · Hyena can be unlocked upon use.	ใช้เพื่อปลดล็อกสัตว์ขี่ Hyena
12390100811	Mount · Alpaca can be unlocked upon use.	ใช้เพื่อปลดล็อกสัตว์ขี่ Alpaca
12390100810	Mount · Lion can be unlocked upon use.	ใช้เพื่อปลดล็อกสัตว์ขี่ Lion
12390100809	Mount · Big Poring can be unlocked upon use.	ใช้เพื่อปลดล็อกสัตว์ขี่ Big Poring
12390100808	Mount · Dream Steed can be unlocked upon use.	ใช้เพื่อปลดล็อกสัตว์ขี่ Dream Steed
12390100807	Mount · Eggshell Chubby Chick can be unlocked upon use.	ใช้เพื่อปลดล็อกสัตว์ขี่ Eggshell Chubby Chick
12390100806	Mount · Wind-Up Rocking Chair can be unlocked upon use.	ใช้เพื่อปลดล็อกสัตว์ขี่ Wind-Up Rocking Chair
12390100805	Mount · Goblin Balloon can be unlocked upon use.	ใช้เพื่อปลดล็อกสัตว์ขี่ Goblin Balloon
12390100804	Mount · Pompadour can be unlocked upon use.	ใช้เพื่อปลดล็อกสัตว์ขี่ Pompadour
12390100803	Mount · Fluffy Bunny can be unlocked upon use.	ใช้เพื่อปลดล็อกสัตว์ขี่ Fluffy Bunny
12390100802	Mount · Orchid Waterside Pavilion can be unlocked upon use.	ใช้เพื่อปลดล็อกสัตว์ขี่ Orchid Waterside Pavilion
12390100801	Mount · Solar Chariot can be unlocked upon use.	ใช้เพื่อปลดล็อกสัตว์ขี่ Solar Chariot
12390100800	Mount · Starshatter Dragon can be unlocked upon use.	ใช้เพื่อปลดล็อกสัตว์ขี่ Starshatter Dragon
12390100799	Use to Activate the Set Sail Name Card Theme.	ใช้เพื่อเปิดใช้งานธีมนามบัตร Set Sail
12390100798	Use to Activate the Meow Name Card Theme.	ใช้เพื่อเปิดใช้งานธีมนามบัตร Meow
12390100797	Use to Activate the Bouquet Name Card Theme.	ใช้เพื่อเปิดใช้งานธีมนามบัตร Bouquet
12390100796	Use to Activate the Land of Lilies of the Valley Name Card Location.	ใช้เพื่อเปิดใช้งานสถานที่บนหน้าบัตรชื่อ Land of Lilies of the Valley
12390100795	Use to Activate the Path of Adventure Name Card Location.	ใช้เพื่อเปิดใช้งานสถานที่บนหน้าบัตรชื่อ Path of Adventure
12390100792	Use to Activate the Fashion Gala title for @{1} hours.	ใช้เพื่อเปิดใช้งานฉายา Fashion Gala เป็นเวลา @{1} ชั่วโมง
12390100791	Use to Activate the Hero Registry title for @{1} hours.	ใช้เพื่อเปิดใช้งานฉายา Hero Registry เป็นเวลา @{1} ชั่วโมง
12390100790	Use to Activate the Spirit Conqueror title for @{1} hours.	ใช้เพื่อเปิดใช้งานฉายา Spirit Conqueror เป็นเวลา @{1} ชั่วโมง
12390100789	Use to Activate the Star of Rekenber title (Permanent).	ใช้เพื่อปลดล็อกฉายา Star of Rekenber อย่างถาวร
12390100788	Use to Activate the Novice's Pride title (Permanent).	ใช้เพื่อปลดล็อกฉายา Novice's Pride อย่างถาวร
12390100787	Use to Activate the Ten Great Heroes title for @{1} hours.	ใช้เพื่อเปิดใช้งานฉายา Ten Great Heroes เป็นเวลา @{1} ชั่วโมง
12390100786	Use to Activate the Victory of the Covenant Bubble (Permanent).	ใช้เพื่อปลดล็อกกรอบข้อความแชต Victory of the Covenant อย่างถาวร
12390100785	Use to Activate the Rift in the Sky Bubble (Permanent).	ใช้เพื่อปลดล็อกกรอบข้อความแชต Rift in the Sky อย่างถาวร
12390100784	Use to Activate the Victory of the Covenant Portrait Frame (Permanent).	ใช้เพื่อปลดล็อกกรอบรูปโปรไฟล์ Victory of the Covenant อย่างถาวร
12390100783	Use to Activate the Genesis Canticle Portrait Frame (Permanent).	ใช้เพื่อปลดล็อกกรอบรูปโปรไฟล์ Genesis Canticle อย่างถาวร
12390100781	Use to Activate the Star of Rekenber Portrait (Permanent).	ใช้เพื่อปลดล็อกรูปโปรไฟล์ Star of Rekenber อย่างถาวร
12390100240	Freshly squeezed Grape and Lemon juices blended into a bright, sweet-and-tart drink. Increases Magic DEF by @{1}~@{2} for @{3} hours.	น้ำองุ่นและน้ำมะนาวคั้นสดผสมเป็นเครื่องดื่มสีสด รสหวานอมเปรี้ยว เพิ่ม M.DEF ขึ้น @{1}~@{2} เป็นเวลา @{3} ชั่วโมง
12390100239	Grape powder dissolved in sparkling water, topped with persistent purple-red foam. Increases Physical DEF by @{1}~@{2} for @{3} hours.	ผงองุ่นละลายในน้ำอัดลม เติมฟองสีม่วงแดงที่คงอยู่ได้นาน เพิ่ม P.DEF ขึ้น @{1}~@{2} เป็นเวลา @{3} ชั่วโมง
12390100238	Lemon and herbs infused in Alcohol until as clear as Crystal. Increases Life by @{1}~@{2} for @{3} hours.	มะนาวและสมุนไพรที่แช่ในแอลกอฮอล์จนใสราวคริสตัล เพิ่ม HP ขึ้น @{1}~@{2} เป็นเวลา @{3} ชั่วโมง
12390100237	A deep purple cocktail of Grape juice, Lemon juice, and Alcohol, shaken well. Increases Magic ATK by @{1}~@{2} for @{3} hours.	ค็อกเทลสีม่วงเข้มจากน้ำองุ่น น้ำมะนาว และแอลกอฮอล์ เขย่าจนเข้ากัน เพิ่ม M.ATK ขึ้น @{1}~@{2} เป็นเวลา @{3} ชั่วโมง
12390100236	Slow-fermented Grape wine with a deep purple hue and herbal finish. Increases Physical ATK by @{1}~@{2} for @{3} hours.	ไวน์องุ่นที่หมักช้า ๆ จนเป็นสีม่วงเข้ม มีรสสมุนไพรติดปลายลิ้น เพิ่ม P.ATK ขึ้น @{1}~@{2} เป็นเวลา @{3} ชั่วโมง
12390100235	Strawberry and cocoa melted into warm Milk, creating a rich pinkish-brown drink. Increases Magic DEF by @{1}~@{2} for @{3} hours.	สตรอว์เบอร์รีและโกโก้ที่ละลายในนมอุ่น กลายเป็นเครื่องดื่มเข้มข้นสีน้ำตาลอมชมพู เพิ่ม M.DEF ขึ้น @{1}~@{2} เป็นเวลา @{3} ชั่วโมง
12390100234	A thick pink milkshake blended from strawberries and Milk. Increases Physical DEF by @{1}~@{2} for @{3} hours.	มิลก์เชกสีชมพูเนื้อข้น ปั่นจากสตรอว์เบอร์รีและนม เพิ่ม P.DEF ขึ้น @{1}~@{2} เป็นเวลา @{3} ชั่วโมง
12390100233	Thick hot cocoa flavored with vanilla and topped with fine Milk foam. Increases Life by @{1}~@{2} for @{3} hours.	โกโก้ร้อนเข้มข้นแต่งกลิ่นวานิลลา ราดด้วยฟองนมเนื้อละเอียด เพิ่ม HP ขึ้น @{1}~@{2} เป็นเวลา @{3} ชั่วโมง
12390100232	Round strawberry-and-cocoa-filled candies coated in a hard sugar shell. Increases Magic ATK by @{1}~@{2} for @{3} hours.	ลูกอมกลมไส้สตรอว์เบอร์รีและโกโก้ เคลือบเปลือกน้ำตาลแข็ง เพิ่ม M.ATK ขึ้น @{1}~@{2} เป็นเวลา @{3} ชั่วโมง
12390100231	Strawberry juice boiled into amber hard candy and broken into shards. Increases Physical ATK by @{1}~@{2} for @{3} hours.	น้ำสตรอว์เบอร์รีที่ต้มจนเป็นลูกอมแข็งสีอำพันแล้วหักเป็นชิ้น เพิ่ม P.ATK ขึ้น @{1}~@{2} เป็นเวลา @{3} ชั่วโมง
12390100230	A coarse, thick flatbread baked from Grains flour mixed with monster meat and chili peppers. Increases Magic DEF by @{1}~@{2} for @{3} hours.	ขนมปังแผ่นหนาเนื้อหยาบ อบจากแป้งธัญพืชผสมเนื้อมอนสเตอร์และพริก เพิ่ม M.DEF ขึ้น @{1}~@{2} เป็นเวลา @{3} ชั่วโมง
12390100229	Monster meat marinated in chili sauce and seared on a griddle until crisp outside and tender within. Increases Physical DEF by @{1}~@{2} for @{3} hours.	เนื้อมอนสเตอร์หมักซอสพริก ย่างบนกระทะแบนจนกรอบนอกนุ่มใน เพิ่ม P.DEF ขึ้น @{1}~@{2} เป็นเวลา @{3} ชั่วโมง
12390100228	Fresh mushrooms skewered and charcoal-grilled until browned outside and plump within. Increases Life by @{1}~@{2} for @{3} hours.	เห็ดสดเสียบไม้ย่างถ่านจนผิวเกรียมสีน้ำตาลและเนื้อในอวบฉ่ำ เพิ่ม HP ขึ้น @{1}~@{2} เป็นเวลา @{3} ชั่วโมง
12390100227	Mushrooms and tomatoes simmered together into a fragrant amber broth. Increases Magic ATK by @{1}~@{2} for @{3} hours.	เห็ดและมะเขือเทศที่เคี่ยวรวมกันเป็นน้ำซุปสีอำพันหอมกรุ่น เพิ่ม M.ATK ขึ้น @{1}~@{2} เป็นเวลา @{3} ชั่วโมง
12390100226	Slow-simmered tomatoes reduced into a rich orange-red broth with a robust tangy aroma. Increases Physical ATK by @{1}~@{2} for @{3} hours.	มะเขือเทศที่เคี่ยวช้า ๆ จนเป็นน้ำซุปข้นสีส้มแดง มีกลิ่นหอมเปรี้ยวเข้มข้น เพิ่ม P.ATK ขึ้น @{1}~@{2} เป็นเวลา @{3} ชั่วโมง
12390100215	A Fountain of Life surging with boundless vitality that instantly restores @{1} HP. Cooldown: @{2} sec.	Fountain of Life ที่เปี่ยมด้วยพลังชีวิตไร้ขอบเขต ฟื้นฟู HP @{1} แต้มทันที Cooldown: @{2} วินาที
12390100214	A Healing Potion imbued with the power of Blessing that instantly restores @{1} HP. Cooldown: @{2} sec.	ยาฟื้นฟูที่เปี่ยมด้วยพลังแห่ง Blessing ฟื้นฟู HP @{1} แต้มทันที Cooldown: @{2} วินาที
12390100213	A vibrant Green Healing Potion brimming with Life that instantly restores @{1} HP. Cooldown: @{2} sec.	ยาฟื้นฟูสีเขียวสดใสที่เปี่ยมด้วยพลังชีวิต ฟื้นฟู HP @{1} แต้มทันที Cooldown: @{2} วินาที
12390100212	A deep crimson Healing Potion that instantly restores @{1} HP. Cooldown: @{2} sec.	ยาฟื้นฟูสีแดงเข้ม ฟื้นฟู HP @{1} แต้มทันที Cooldown: @{2} วินาที
12390100211	A golden Yellow Healing Potion that instantly restores @{1} HP. Cooldown: @{2} sec.	ยาฟื้นฟูสีเหลืองทอง ฟื้นฟู HP @{1} แต้มทันที Cooldown: @{2} วินาที
12390100210	A bright Red Healing Potion that instantly restores @{1} HP. Cooldown: @{2} sec.	ยาฟื้นฟูสีแดงสด ฟื้นฟู HP @{1} แต้มทันที Cooldown: @{2} วินาที
12390100209	A vibrant Green Healing Potion that instantly restores @{1} HP. Cooldown: @{2} sec.	ยาฟื้นฟูสีเขียวสดใส ฟื้นฟู HP @{1} แต้มทันที Cooldown: @{2} วินาที
12390100241	Marinated Beast Meat wrapped in dough made from Grains, then steamed and baked to form a dark red crust. Grants @{1}%~@{2}% Increased Damage to Medium Monsters for @{3} hours.	เนื้อสัตว์หมักห่อด้วยแป้งธัญพืช นึ่งแล้วอบจนมีเปลือกสีแดงเข้ม ได้รับโบนัส @{1}%~@{2}% ให้แก่ความเสียหายต่อมอนสเตอร์ขนาดกลาง เป็นเวลา @{3} ชั่วโมง
12390100242	Herbs simmered into soft rice porridge, leaving a lingering bittersweet aroma. Reduces damage taken from Medium monsters by @{1}%~@{2}% for @{3} hours.	สมุนไพรที่เคี่ยวกับข้าวจนเป็นโจ๊กเนื้อนุ่ม มีกลิ่นหอมหวานขมติดปลายจมูก ลดความเสียหายที่ได้รับจากมอนสเตอร์ขนาดกลางลง @{1}%~@{2}% เป็นเวลา @{3} ชั่วโมง
12390100243	Beast hide marinated with herbs and chili peppers, rolled into a tube, and charcoal-grilled. Grants @{1}%~@{2}% DMG vs Demi-Human for @{3} hours.	หนังสัตว์หมักสมุนไพรและพริก ม้วนเป็นหลอดแล้วย่างถ่าน ได้รับโบนัส @{1}%~@{2}% ให้แก่ความเสียหายต่อ Demi-Human เป็นเวลา @{3} ชั่วโมง
12390100244	Grains, monster meat, and chili peppers stir-fried over high heat until every grain gleams with oil. Reduces damage taken from Demi-Human monsters by @{1}%~@{2}% for @{3} hours.	ธัญพืช เนื้อมอนสเตอร์ และพริก ผัดด้วยไฟแรงจนทุกเมล็ดเป็นมันวาวจากน้ำมัน ลดความเสียหายที่ได้รับจากมอนสเตอร์ Demi-Human ลง @{1}%~@{2}% เป็นเวลา @{3} ชั่วโมง
12390100245	A smooth brown pudding made by setting cocoa bean juice with Milk. Grants @{1}%-@{2}% Increased Damage to Medium Monsters for @{3} hours.	พุดดิ้งสีน้ำตาลเนื้อเนียน ทำจากน้ำเมล็ดโกโก้ผสมนมแล้วปล่อยให้เซตตัว ได้รับโบนัส @{1}%-@{2}% ให้แก่ความเสียหายต่อมอนสเตอร์ขนาดกลาง เป็นเวลา @{3} ชั่วโมง
12390100246	A Stem coated in colorful layers of syrup for a dazzling finish. Reduces damage taken from Medium monsters by @{1}%-@{2}% for @{3} hours.	ก้านพืชเคลือบน้ำเชื่อมหลากสีเป็นชั้น ๆ ดูสะดุดตา ลดความเสียหายที่ได้รับจากมอนสเตอร์ขนาดกลางลง @{1}%-@{2}% เป็นเวลา @{3} ชั่วโมง
12390100247	Dried Strawberry and herb leaves slow-simmered into a light red soup with a delicate sweetness. Grants @{1}%-@{2}% DMG vs Demi-Human for @{3} hours.	สตรอว์เบอร์รีแห้งและใบสมุนไพรที่เคี่ยวช้า ๆ เป็นซุปสีแดงอ่อน รสหวานละมุน ได้รับโบนัส @{1}%-@{2}% ให้แก่ความเสียหายต่อ Demi-Human เป็นเวลา @{3} ชั่วโมง
12390100248	Dried strawberries coated in cocoa syrup and set on a Stem. Reduces damage taken from Demi-Human monsters by @{1}%-@{2}% for @{3} hours.	สตรอว์เบอร์รีแห้งเคลือบน้ำเชื่อมโกโก้แล้วเสียบบนก้านพืช ลดความเสียหายที่ได้รับจากมอนสเตอร์ Demi-Human ลง @{1}%-@{2}% เป็นเวลา @{3} ชั่วโมง
12390100249	Lemon slices steeped in orangewood sap, creating a clear, light drink with a citrus aroma. Grants @{1}%~@{2}% Increased Damage to Medium Monsters for @{3} hours.	มะนาวหั่นแว่นแช่ในน้ำเลี้ยงไม้ส้ม เป็นเครื่องดื่มใสรสเบาพร้อมกลิ่นหอมส้ม ได้รับโบนัส @{1}%~@{2}% ให้แก่ความเสียหายต่อมอนสเตอร์ขนาดกลาง เป็นเวลา @{3} ชั่วโมง
12390100250	Herbs and Lemon gently infused in orangewood sap at a low temperature. Reduces damage taken from Medium monsters by @{1}%~@{2}% for @{3} hours.	สมุนไพรและมะนาวที่แช่ในน้ำเลี้ยงไม้ส้มอย่างช้า ๆ ที่อุณหภูมิต่ำ ลดความเสียหายที่ได้รับจากมอนสเตอร์ขนาดกลางลง @{1}%~@{2}% เป็นเวลา @{3} ชั่วโมง
12390100251	Grape and herbs slow-simmered in orangewood sap for a rich, woody aroma. Increases damage to Demi-Human monsters by @{1}%~@{2}% for @{3} hours.	องุ่นและสมุนไพรที่เคี่ยวช้า ๆ ในน้ำเลี้ยงไม้ส้ม มีกลิ่นไม้หอมเข้มข้น เพิ่มความเสียหายต่อมอนสเตอร์ Demi-Human ขึ้น @{1}%~@{2}% เป็นเวลา @{3} ชั่วโมง
12390100252	Grape and Lemon simmered in bitter orange juice for a lingering woody sweetness. Use to increase Demi-Human damage reduction by @{1}%~@{2}% for @{3} hours.	องุ่นและมะนาวที่เคี่ยวในน้ำส้มขม มีรสหวานและกลิ่นไม้ติดปลายลิ้น ใช้เพื่อเพิ่มการลดความเสียหายจาก Demi-Human ขึ้น @{1}%~@{2}% เป็นเวลา @{3} ชั่วโมง
10110300070	Increases your Physical ATK by ^{1}${1}^{2} for ${2} sec.	เพิ่ม P.ATK ขึ้น ^{1}${1}^{2} เป็นเวลา ${2} วินาที
10110300141	Increases Max Life by ^{1}${1}^{2}.	เพิ่ม Max HP ขึ้น ^{1}${1}^{2}
10220300953	Physical DEF and Magic DEF increased by @{1}%.	เพิ่ม P.DEF และ M.DEF ขึ้น @{1}%
10220300952	Physical ATK increased by @{1}%.	เพิ่ม P.ATK ขึ้น @{1}%
10220300930	Damage taken reduced by @{1}%.	ลด ความเสียหายที่ได้รับ ลง @{1}%
10220300899	Increases 【Meteor Assault】 damage by ${1}%.	เพิ่มความเสียหายของ [ Meteor Assault ] ขึ้น ${1}%
10220300890	Increases 【Virus Spread】 damage by ${1}%.	เพิ่มความเสียหายของ [ Virus Spread ] ขึ้น ${1}%
10220300884	Physical ATK +${1}.	P.ATK +${1}
10220300881	Increases 【Grimtooth】 damage by ${1}%.	เพิ่มความเสียหายของ [ Grimtooth ] ขึ้น ${1}%
10220300878	Increases 【Envenomed Blade】 damage by ${1}%.	เพิ่มความเสียหายของ [ Envenomed Blade ] ขึ้น ${1}%
10220300875	Increases 【Sonic Blow】 damage by ${1}%.	เพิ่มความเสียหายของ [ Sonic Blow ] ขึ้น ${1}%
10220300869	Increases your damage dealt by @{1}%	เพิ่ม ความเสียหายที่สร้าง ขึ้น @{1}%
10220300867	Increases your Poison damage by @{1}%	เพิ่ม ความเสียหายธาตุ Poison ขึ้น @{1}%
10220300863	Increases 【Grimtooth】 damage by @{1}%.	เพิ่มความเสียหายของ [ Grimtooth ] ขึ้น @{1}%
10220300858	Immune to 【Poisoned】	มีภูมิคุ้มกันต่อ [ Poisoned ]
10220300857	Movement Speed -@{1}%, AGI -@{2}	MSPD -@{1}%, AGI -@{2}
10220300853	Reduces Healing Volume by @{1}%	ลด ปริมาณการฟื้นฟู ลง @{1}%
10220300852	Increases Healing Volume by @{1}%	เพิ่ม ปริมาณการฟื้นฟู ขึ้น @{1}%
10220300851	ATK +@{1}	ATK +@{1}
10220300840	Increases DEF by @{1}%.	เพิ่ม DEF ขึ้น @{1}%
10220300836	Damage taken increased by @{1}%.	เพิ่ม ความเสียหายที่ได้รับ ขึ้น @{1}%
10220300835	Physical DEF reduced by @{1}.	ลด P.DEF ลง @{1}
10220300834	Attack Speed reduced by @{1}%.	ลด ASPD ลง @{1}%
10220300833	Movement Speed reduced by @{1}%.	ลด MSPD ลง @{1}%
10220300826	Increases Basic Attack damage by @{1}%.	เพิ่ม ความเสียหายจากการโจมตีปกติ ขึ้น @{1}%
10220300822	Attack Speed increased by ${1}%.	เพิ่ม ASPD ขึ้น ${1}%
10220300818	Physical DEF increased by ${1}.	เพิ่ม P.DEF ขึ้น ${1}
10220300817	【Bash】 damage increased by @{1}%.	[ Bash ] สร้างความเสียหายเพิ่มขึ้น @{1}%
10220300816	Increases Physical and Magic DEF by ${1}.	เพิ่ม P.DEF และ M.DEF ขึ้น ${1}
10220300810	Movement Speed reduced by @{1}%.	ลด MSPD ลง @{1}%
10220300809	Movement Speed increased by @{1}%.	เพิ่ม MSPD ขึ้น @{1}%
10220300788	Movement Speed increased by @{1}%.	เพิ่ม MSPD ขึ้น @{1}%
10220300777	Movement Speed reduced by @{1}%.	ลด MSPD ลง @{1}%
10220300766	Stacks up to ${1} times.	สะสมได้สูงสุด ${1} stacks
10220300721	Movement Speed -@{1}%	MSPD -@{1}%
10220300718	Attack Speed +@{1}%.	ASPD +@{1}%
10220300717	Damage Reduction +^{1}${6}%^{2}.	การลดความเสียหาย +^{1}${6}%^{2}
10220300716	Damage Reduction +^{1}${5}%^{2}.	การลดความเสียหาย +^{1}${5}%^{2}
10220300715	Damage Reduction +^{1}${4}%^{2}.	การลดความเสียหาย +^{1}${4}%^{2}
10220300714	Damage Reduction +^{1}${3}%^{2}.	การลดความเสียหาย +^{1}${3}%^{2}
10220300713	Damage Reduction +^{1}${2}%^{2}.	การลดความเสียหาย +^{1}${2}%^{2}
10220300712	Damage taken -^{1}${1}%^{2}.	ความเสียหายที่ได้รับ -^{1}${1}%^{2}
10220300711	Water damage taken -^{1}${1}%^{2}.	ความเสียหายธาตุ Water ที่ได้รับ -^{1}${1}%^{2}
10220300706	Damage Reduction +^{1}${1}%^{2}.	การลดความเสียหาย +^{1}${1}%^{2}
10220300705	Physical/Magic ATK -^{1}${1}%^{2}.	P.ATK/M.ATK -^{1}${1}%^{2}
10220300703	Physical/Magic ATK +^{1}${1}%^{2}.	P.ATK/M.ATK +^{1}${1}%^{2}
10220300700	Physical/Magic DEF +^{1}${1}%^{2}.	P.DEF/M.DEF +^{1}${1}%^{2}
10220300696	Movement Speed -^{1}${1}%^{2}	MSPD -^{1}${1}%^{2}
10220300694	Physical/Magic DEF -^{1}${1}%^{2}	P.DEF/M.DEF -^{1}${1}%^{2}
10220300693	Physical/Magic DEF +^{1}${1}%^{2}	P.DEF/M.DEF +^{1}${1}%^{2}
10220300692	Shield equal to ^{1}${1}%^{2} of Max Life	โล่เท่ากับ ^{1}${1}%^{2} ของ Max HP
10220300690	Magic ATK +^{1}${1}%^{2}	M.ATK +^{1}${1}%^{2}
10220300689	Damage Taken -^{1}${1}%^{2}	ความเสียหายที่ได้รับ -^{1}${1}%^{2}
10220300684	Shield equal to ^{1}${1}%^{2} of Max Life	โล่เท่ากับ ^{1}${1}%^{2} ของ Max HP
10220300683	Ranged Damage +^{1}${1}%^{2}	ความเสียหายระยะไกล +^{1}${1}%^{2}
10220300682	Ranged Damage Taken +^{1}${1}%^{2}	ความเสียหายระยะไกลที่ได้รับ +^{1}${1}%^{2}
10220300681	Damage increased by ^{1}${1}%^{2}	เพิ่ม ความเสียหาย ขึ้น ^{1}${1}%^{2}
10220300677	Movement Speed increases by ^{1}${1}%^{2}	เพิ่ม MSPD ขึ้น ^{1}${1}%^{2}
10220300675	Reduces Move Speed by ${1}%.	ลด MSPD ลง ${1}%
10220300673	Restores ${1} Life per second.	ฟื้นฟู HP ${1} แต้มทุกวินาที
10220300664	Movement Speed decreases by ${1}%.	ลด MSPD ลง ${1}%
10220300661	Physical/Magic DEF decreases by @{1}%.	ลด P.DEF/M.DEF ลง @{1}%
10220300659	Cast Speed decreases by @{1}.	ลด Cast Speed ลง @{1}
10220300654	Physical DEF decreases by ${1}%.	ลด P.DEF ลง ${1}%
10220300651	Crit Chance increases by ${1}.	เพิ่ม CRIT ขึ้น ${1}
10220300649	Physical and Magic DEF reduced by ${1}%.	ลด P.DEF และ M.DEF ลง ${1}%
10220300648	Physical ATK and Magic ATK reduced by ${1}%.	ลด P.ATK และ M.ATK ลง ${1}%
10220300644	Movement Speed is reduced by @{1}%.	ลด MSPD ลง @{1}%
10220300640	Attack Speed +${1}%	ASPD +${1}%
10220300632	Physical/Magic DEF decreases by @{1}%	ลด P.DEF/M.DEF ลง @{1}%
10220300627	Increases damage dealt by ${1}%.	เพิ่ม ความเสียหายที่สร้าง ขึ้น ${1}%
10220300626	Increases damage taken by @{1}%	เพิ่ม ความเสียหายที่ได้รับ ขึ้น @{1}%
10220300625	Increases damage dealt by ^{1}${1}%^{2}.	เพิ่ม ความเสียหายที่สร้าง ขึ้น ^{1}${1}%^{2}
10220300624	Increases melee damage dealt by ^{1}${1}%^{2}.	เพิ่ม ความเสียหายระยะประชิดที่สร้าง ขึ้น ^{1}${1}%^{2}
10220300623	Increases damage dealt by ${1}% for ${2} seconds.	เพิ่ม ความเสียหายที่สร้าง ขึ้น ${1}% เป็นเวลา ${2} วินาที
10220300614	Increases Cast Speed by @{1}	เพิ่ม Cast Speed ขึ้น @{1}
10220300613	Increases Movement Speed by @{1}%.	เพิ่ม MSPD ขึ้น @{1}%
10220300592	Reduces Attack Speed by @{1}%	ลด ASPD ลง @{1}%
10220300580	ATK Speed reduced by @{1}%	ลด ASPD ลง @{1}%
10220300561	Increases Magic ATK by ^{1}${1}^{2}.	เพิ่ม M.ATK ขึ้น ^{1}${1}^{2}
10220300556	Increases magic damage dealt by ^{1}${1}%^{2}.	เพิ่ม ดาเมจเวทที่สร้าง ขึ้น ^{1}${1}%^{2}
10220300537	Increases Crit Chance by ^{1}${1}%^{2}.	เพิ่ม CRIT ขึ้น ^{1}${1}%^{2}
10220300536	Increases Cast Speed by ^{1}${1}^{2}.	เพิ่ม Cast Speed ขึ้น ^{1}${1}^{2}
10220300535	Increases Magic ATK by ^{1}${1}^{2}.	เพิ่ม M.ATK ขึ้น ^{1}${1}^{2}
10220300521	Increases Ghost damage dealt by @{1}%	เพิ่ม ความเสียหายธาตุ Ghost ที่สร้าง ขึ้น @{1}%
10220300520	Increases damage taken by @{1}%	เพิ่ม ความเสียหายที่ได้รับ ขึ้น @{1}%
10220300508	Reduces damage taken by ${1}%	ลด ความเสียหายที่ได้รับ ลง ${1}%
10220300497	Life increased by ${1}	เพิ่ม HP ขึ้น ${1}
10220300486	Physical Damage increased by ${1}%.	เพิ่ม P.DMG ขึ้น ${1}%
10220300485	Movement Speed increased by ${1}%.	เพิ่ม MSPD ขึ้น ${1}%
10220300483	Increases Physical ATK by @{1}%	เพิ่ม P.ATK ขึ้น @{1}%
10220300481	Increases Movement Speed by @{1}%	เพิ่ม MSPD ขึ้น @{1}%
10220300001	Searching for enemies within range who are ^{1}Hidden^{2}.	ค้นหาศัตรูภายในระยะที่อยู่ในสถานะ ^{1}Hidden^{2}
10220300005	Blocks ranged Physical damage.	ป้องกันดาเมจกายภาพระยะไกล
10220300006	This unit's Physical DEF is reduced.	P.DEF ของยูนิตนี้ลดลง
10220300007	Damage taken by this unit from the next hit is increased by ${1}%.	ความเสียหายจากการโจมตีครั้งถัดไปที่ยูนิตนี้ได้รับเพิ่มขึ้น ${1}%
10220300010	Become briefly Invincible and restore MP.	เป็นอมตะชั่วครู่และฟื้นฟู MP
10220300011	This unit's weapon gains the Holy property.	อาวุธของยูนิตนี้ได้รับธาตุ Holy
10220300012	This shield absorbs Physical damage equal to Magic ATK *${1}%.	โล่นี้ดูดซับดาเมจกายภาพเท่ากับ M.ATK *${1}%
10220300013	This unit's Physical ATK and Magic ATK increase by ${1}.	P.ATK และ M.ATK ของยูนิตนี้เพิ่มขึ้น ${1}
10220300015	Become briefly Invincible and restore Life.	เป็นอมตะชั่วครู่และฟื้นฟู HP
10220300018	Each stack increases Magic ATK by ${1}.	แต่ละ stacks เพิ่ม M.ATK ขึ้น ${1}
10220300021	Gain @{1} chances to become immune to movement-impairing status effects.	ได้รับโอกาส @{1} ครั้งในการป้องกันสถานะที่ขัดขวางการเคลื่อนที่
10220300022	Includes Stun, Knockback, Knock-up, Fear, Freeze, Petrify, Sleep, Silence, Immobilize, Darkness, Chill, Slow, Bleed, and Poisoned. These effects caused by dungeon content are excluded.	รวมถึง Stun, Knockback, Knock-up, Fear, Freeze, Petrify, Sleep, Silence, Immobilize, Darkness, Chill, Slow, Bleed และ Poisoned แต่ไม่รวมเอฟเฟกต์เหล่านี้ที่เกิดจากกลไกดันเจี้ยน
10220300023	Refers to effects that cause players to Cannot move or reduce their Movement Speed. These effects caused by dungeon content are excluded.	หมายถึงเอฟเฟกต์ที่ทำให้ผู้เล่นเคลื่อนที่ไม่ได้หรือลด MSPD แต่ไม่รวมเอฟเฟกต์เหล่านี้ที่เกิดจากกลไกดันเจี้ยน
10220300024	Gain a universal damage-absorption shield.	ได้รับโล่ดูดซับความเสียหายทุกประเภท
10220300025	Gain ${1}% Magic ATK and Physical ATK.	ได้รับโบนัส ${1}% ให้แก่ M.ATK และ P.ATK
10220300026	Gain ${1}% damage reduction and one chance to Respawn upon taking fatal damage.	ได้รับการลดความเสียหาย ${1}% และโอกาส Respawn หนึ่งครั้งเมื่อได้รับความเสียหายถึงตาย
10220300027	Gain one chance to Instant respawn upon death, excluding deaths caused by certain dungeon mechanics.	ได้รับโอกาสเกิดใหม่ทันทีหนึ่งครั้งเมื่อตาย ยกเว้นการตายจากกลไกดันเจี้ยนบางประเภท
10220300028	Gain a permanent damage-absorption shield.	ได้รับโล่ดูดซับความเสียหายถาวร
10220300029	Protected by the Sacred Tree Spirit, granting one chance to Instant respawn upon taking fatal damage (excluding deaths caused by certain dungeon mechanics).	ได้รับการคุ้มครองจาก Sacred Tree Spirit มอบโอกาสเกิดใหม่ทันทีหนึ่งครั้งเมื่อได้รับความเสียหายถึงตาย ยกเว้นการตายจากกลไกดันเจี้ยนบางประเภท
10220300030	Invincible.	เป็นอมตะ
10220300033	This unit continuously restores Life.	ยูนิตนี้ฟื้นฟู HP อย่างต่อเนื่อง
10220300034	Already protected by the Sacred Tree Spirit. Cannot be triggered again.	ได้รับการคุ้มครองจาก Sacred Tree Spirit แล้ว ไม่สามารถทำงานซ้ำได้
10220300044	Gain Melt Down for ${1} seconds. While active, attacks against enemy players have a ${2}% Chance to cause ^{1}Weapon Damage^{2} (disabling all attributes, affixes, and Stunts on both main-hand and off-hand weapons) for ${3} seconds. Attacks against monsters instead have a ${4}% Chance to reduce their ^{3}${5}%^{4} Physical ATK and DEF for ${6} seconds.	ได้รับ Melt Down เป็นเวลา ${1} วินาที ขณะเอฟเฟกต์ทำงาน การโจมตีผู้เล่นฝ่ายศัตรูมีโอกาส ${2}% ทำให้เกิด ^{1}Weapon Damage^{2} ซึ่งปิดการทำงานของค่าสถานะ Affixes และ Stunts ทั้งหมดของอาวุธมือหลักและมือรอง เป็นเวลา ${3} วินาที หากโจมตีมอนสเตอร์ จะมีโอกาส ${4}% ลด P.ATK และ P.DEF ลง ^{3}${5}%^{4} เป็นเวลา ${6} วินาทีแทน
10220300045	Weapon damaged. All Main/Off-Hand Weapon stats and Affixes are not Active.	อาวุธเสียหาย ค่าสถานะและ Affixes ทั้งหมดของอาวุธมือหลักและมือรองไม่ทำงาน
10220300046	Reduces Physical ATK and DEF by ${1}%	ลด P.ATK และ P.DEF ลง ${1}%
10220300049	^{1}^{2}【Cart Revolution】^{3}^{4}: Percentage damage multiplier +${1}%; Fixed Damage Increase +${2}.	^{1}^{2}[ Cart Revolution ]^{3}^{4}: ตัวคูณความเสียหายแบบเปอร์เซ็นต์ +${1}%; ความเสียหายจริงเพิ่ม +${2}
10110300250	Transform into an environmental object, increasing Movement Speed by @{1}% for @{2} sec.\nDealing or taking damage a total of @{3} times immediately ends the Transform. Skill cooldown: ^{1}@{4}^{2} sec.	แปลงร่างเป็นวัตถุในสภาพแวดล้อม เพิ่ม MSPD ขึ้น @{1}% เป็นเวลา @{2} วินาที\nเมื่อสร้างหรือได้รับความเสียหายรวม @{3} ครั้ง การแปลงร่างจะสิ้นสุดทันที Cooldown ของสกิล: ^{1}@{4}^{2} วินาที
10110300296	Transform into a blazing storm, becoming untargetable by enemies and continuously dealing damage to enemies within ${1}m for ${2}s.	แปลงร่างเป็นพายุเพลิง ทำให้ศัตรูเลือกผู้ใช้เป็นเป้าหมายไม่ได้ และสร้างความเสียหายแก่ศัตรูในระยะ ${1} เมตร อย่างต่อเนื่อง เป็นเวลา ${2} วินาที
10110300297	Transform into a wave and use Movement to travel ${1}m forward, then knock back all enemies within ${2}m upon reaching the destination.	แปลงร่างเป็นคลื่นแล้วเคลื่อนที่ไปด้านหน้า ${1} เมตร เมื่อถึงจุดหมายจะผลักศัตรูทั้งหมดในระยะ ${2} เมตร ถอยหลัง
10220300348	Transform: Poring, reducing Movement Speed and preventing attacks	แปลงร่างเป็น Poring ลด MSPD และไม่สามารถโจมตีได้
10220300744	Transform into a Mummy and reduce Movement Speed by @{1}%	แปลงร่างเป็น Mummy และลด MSPD ลง @{1}%
10220300732	Transform: Poring cannot be attacked	แปลงร่างเป็น Poring ไม่สามารถถูกโจมตีได้
10110300033	Increases your MATK by ^{1}${1}^{2} and increases the damage of ^{3}^{4}[Turn Undead]^{5}^{6} by ^{7}${2}^{8}.	เพิ่ม M.ATK ของผู้ใช้ขึ้น ^{1}${1}^{2} และเพิ่มความเสียหายของ ^{3}^{4}[ Turn Undead ]^{5}^{6} ขึ้น ^{7}${2}^{8}
10110300034	Summons a Divine Light spell, restoring HP equal to your MATK * ^{1}${2}% + ${3}^{2} to You and one designated ally within ${1} meters^{3}^{4}.	อัญเชิญเวท Divine Light ฟื้นฟู HP เท่ากับ M.ATK ของผู้ใช้ * ^{1}${2}% + ${3}^{2} ให้แก่ผู้ใช้และพันธมิตรเป้าหมายหนึ่งตัว ในระยะ ${1} เมตร^{3}^{4}
10110300035	Chants a powerful purification spell, removing ^{3}^{4}[Status Effect]^{5}^{6} and ^{7}^{8}[Movement Restriction]^{9}^{10} effects from You and ^{1}Party Members^{2} within a ${1}-meter radius. For the next ${2} seconds, grants them Immunity to up to ^{11}${3}^{12} ^{13}^{14}[Status Effect]^{15}^{16} and ^{17}^{18}[Movement Restriction]^{19}^{20} effects. This skill cannot be cast while You are under any control effect.	ร่ายเวทชำระล้างอันทรงพลัง ลบเอฟเฟกต์ ^{3}^{4}[ Status Effect ]^{5}^{6} และ ^{7}^{8}[ Movement Restriction ]^{9}^{10} จากผู้ใช้และ ^{1}สมาชิกปาร์ตี้^{2} ในรัศมี ${1} เมตร จากนั้นมอบภูมิคุ้มกันเป็นเวลา ${2} วินาที ป้องกันได้สูงสุด ^{11}${3}^{12} ครั้งสำหรับเอฟเฟกต์ ^{13}^{14}[ Status Effect ]^{15}^{16} และ ^{17}^{18}[ Movement Restriction ]^{19}^{20} ไม่สามารถร่ายสกิลนี้ขณะผู้ใช้ติดเอฟเฟกต์ควบคุมใด ๆ
10110300036	Instantly calls down Divine Light, restoring HP equal to your MATK * ^{1}${3}%^{2} ^{3}to You and up to ${2} allies within a ${1}-meter radius, prioritizing Party Members (^{4}^{5}Dexterity Resonance ${6}%^{6}^{7})^{8}. Also grants a Shield equal to your MATK * ^{9}${4}%^{10}^{11}^{12} for ${5} seconds.	อัญเชิญ Divine Light ทันที ฟื้นฟู HP เท่ากับ M.ATK ของผู้ใช้ * ^{1}${3}%^{2} ^{3}ให้แก่ผู้ใช้และพันธมิตรสูงสุด ${2} ตัว ในรัศมี ${1} เมตร โดยให้ความสำคัญกับสมาชิกปาร์ตี้ก่อน (^{4}^{5}Dexterity Resonance ${6}%^{6}^{7})^{8} พร้อมมอบโล่เท่ากับ M.ATK ของผู้ใช้ * ^{9}${4}%^{10}^{11}^{12} เป็นเวลา ${5} วินาที
10110300037	Summons sacred lilies to bloom and shower the area with petals, increasing the MATK and PATK of You and ^{1}^{2}Party Members^{3}^{4} within a ${1}-meter radius by ^{5}${2}%^{6} for ${3} seconds.	อัญเชิญดอกลิลลี่ศักดิ์สิทธิ์ให้เบ่งบานและโปรยกลีบดอกทั่วพื้นที่ เพิ่ม M.ATK และ P.ATK ของผู้ใช้และ ^{1}^{2}สมาชิกปาร์ตี้^{3}^{4} ในรัศมี ${1} เมตร ขึ้น ^{5}${2}%^{6} เป็นเวลา ${3} วินาที
10110300038	Summons sacred lilies to bloom and shower the area with petals, increasing the ^{7}MATK^{8} and ^{9}PATK^{10} of You and ^{1}^{2}Party Members^{3}^{4} within a ${1}-meter radius by ^{5}${2}%^{6} for ${3} seconds.	อัญเชิญดอกลิลลี่ศักดิ์สิทธิ์ให้เบ่งบานและโปรยกลีบดอกทั่วพื้นที่ เพิ่ม ^{7}M.ATK^{8} และ ^{9}P.ATK^{10} ของผู้ใช้และ ^{1}^{2}สมาชิกปาร์ตี้^{3}^{4} ในรัศมี ${1} เมตร ขึ้น ^{5}${2}%^{6} เป็นเวลา ${3} วินาที
10110300039	Summon a Golden Sacred Tree of Life at your location, increasing ^{5}damage reduction^{6} by ^{3}${2}%^{4} for you and ^{1}party Members^{2} within a ${1}-meter radius for ${3} seconds. While the effect is active, you and party Members can ^{9}^{10}【Respawn】^{11}^{12} once upon taking ^{7}lethal damage^{8}, returning with ^{13}${4}% of Max Life^{14}. (This skill is disabled in PVE dungeons.)	อัญเชิญ Golden Sacred Tree of Life ณ ตำแหน่งผู้ใช้ เพิ่ม ^{5}การลดความเสียหาย^{6} ขึ้น ^{3}${2}%^{4} ให้แก่ผู้ใช้และ ^{1}สมาชิกปาร์ตี้^{2} ในรัศมี ${1} เมตร เป็นเวลา ${3} วินาที ขณะเอฟเฟกต์ทำงาน ผู้ใช้และสมาชิกปาร์ตี้สามารถ ^{9}^{10}[ Respawn ]^{11}^{12} ได้หนึ่งครั้งเมื่อได้รับ ^{7}ความเสียหายถึงตาย^{8} โดยกลับมาพร้อม ^{13}${4}% ของ Max HP^{14} (สกิลนี้ไม่ทำงานในดันเจี้ยน PVE)
10110300040	Gain ^{1}${1}%^{2} Magic ATK, ^{3}${2}%^{4} MP Regen, and ^{5}${3}%^{6} Healing Efficiency and Shield Efficiency, plus a shield equal to ^{7}Max Life * ${4}%^{8}. (Refreshes after taking no damage for ${5} sec.)	ได้รับ M.ATK เพิ่ม ^{1}${1}%^{2}, MP Regen เพิ่ม ^{3}${2}%^{4} และประสิทธิภาพการฟื้นฟูกับประสิทธิภาพโล่เพิ่ม ^{5}${3}%^{6} พร้อมโล่เท่ากับ ^{7}Max HP * ${4}%^{8} (รีเฟรชหลังไม่ได้รับความเสียหายเป็นเวลา ${5} วินาที)
10110300041	Protected by the Sacred Tree Spirit, when you take ^{1}lethal damage^{2}, you gain one chance to ^{3}^{4}【Respawn】^{5}^{6}. When triggered, you recover ^{7}${2}% Life^{8} and enter the ^{9}【Withered】^{10} state for ${3} minutes. During this time, ^{11}^{12}【Respawn】^{13}^{14} cannot trigger again.	ได้รับการคุ้มครองจาก Sacred Tree Spirit เมื่อได้รับ ^{1}ความเสียหายถึงตาย^{2} จะได้รับโอกาสหนึ่งครั้งในการ ^{3}^{4}[ Respawn ]^{5}^{6} เมื่อทำงาน จะฟื้นฟู ^{7}${2}% ของ HP^{8} และเข้าสู่สถานะ ^{9}[ Withered ]^{10} เป็นเวลา ${3} นาที ระหว่างนี้ ^{11}^{12}[ Respawn ]^{13}^{14} จะไม่ทำงานซ้ำ
10110300042	Tree Spirit ^{1}^{2}[Respawn]^{3}^{4}	Tree Spirit ^{1}^{2}[ Respawn ]^{3}^{4}
10110300043	Summons the holy light of Judex, dealing Holy ranged magic damage equal to your Magic ATK*^{1}${2}%^{2} to a designated ST enemy within ${1} meters.	อัญเชิญแสงศักดิ์สิทธิ์แห่ง Judex สร้างดาเมจเวทระยะไกลธาตุ Holy เท่ากับ M.ATK ของผู้ใช้*^{1}${2}%^{2} แก่ศัตรูเป้าหมายแบบ Single Target ในระยะ ${1} เมตร
10110300044	Unleashes a powerful Holy Light, dealing your Magic ATK *^{1}${4}%^{2} as ranged Holy magic damage to up to ${3} enemies in a targeted area with a ${2}-meter radius within ${1} meters of you, and inflicting ^{3}^{4}【Immobilize】^{5}^{6} and ^{7}^{8}【Blind】^{9}^{10} on enemies hit for ${5} seconds.	ปลดปล่อย Holy Light อันทรงพลัง สร้างดาเมจเวทระยะไกลธาตุ Holy เท่ากับ M.ATK ของผู้ใช้ *^{1}${4}%^{2} แก่ศัตรูสูงสุด ${3} ตัว ในพื้นที่เป้าหมายรัศมี ${2} เมตร ภายในระยะ ${1} เมตร จากผู้ใช้ และทำให้ศัตรูที่ถูกโจมตีติดสถานะ ^{3}^{4}[ Immobilize ]^{5}^{6} และ ^{7}^{8}[ Blind ]^{9}^{10} เป็นเวลา ${5} วินาที
10110300045	^{1}【Judex】^{2} cast by you has a ^{3}${1}%^{4} Chance to deal one Extra instance of Neutral ranged magic damage equal to your Magic ATK * ^{5}${2}%^{6} to the target, and a ^{7}${1}%^{8} Chance to deal one Extra instance of Neutral ranged Physical damage equal to your Magic ATK * ^{9}${3}%^{10} to the target. (The two Chances are calculated independently.)	^{1}[ Judex ]^{2} ที่ผู้ใช้ร่ายมีโอกาส ^{3}${1}%^{4} สร้างดาเมจเวทระยะไกลไร้ธาตุเพิ่มเติมหนึ่งครั้ง เท่ากับ M.ATK ของผู้ใช้ * ^{5}${2}%^{6} แก่เป้าหมาย และมีโอกาส ^{7}${1}%^{8} สร้างดาเมจกายภาพระยะไกลไร้ธาตุเพิ่มเติมหนึ่งครั้ง เท่ากับ M.ATK ของผู้ใช้ * ^{9}${3}%^{10} แก่เป้าหมาย (คำนวณโอกาสทั้งสองแยกกัน)
10110300046	Break the Holy seal to unleash a surge of holy spirits, increasing Holy damage by ^{1}${1}%^{2} for ${2} seconds. During this time, the Chance to trigger ^{3}^{4}【Duple Light】^{5}^{6} becomes ^{7}${3}%^{8}.	ทำลายผนึกศักดิ์สิทธิ์เพื่อปลดปล่อยวิญญาณศักดิ์สิทธิ์ เพิ่มความเสียหายธาตุ Holy ขึ้น ^{1}${1}%^{2} เป็นเวลา ${2} วินาที ระหว่างนี้โอกาสทำงานของ ^{3}^{4}[ Duple Light ]^{5}^{6} จะเปลี่ยนเป็น ^{7}${3}%^{8}
10110300047	Summons a holy light talisman from the heavens, dealing Holy ranged magic damage equal to Magic ATK*^{1}${2}%^{2} to a designated ST enemy within ${1} meters and increasing your Holy damage by ^{3}${3}%^{4} for ${4} seconds.	อัญเชิญยันต์แสงศักดิ์สิทธิ์จากฟ้า สร้างดาเมจเวทระยะไกลธาตุ Holy เท่ากับ M.ATK*^{1}${2}%^{2} แก่ศัตรูเป้าหมายแบบ Single Target ในระยะ ${1} เมตร และเพิ่มความเสียหายธาตุ Holy ของผู้ใช้ขึ้น ^{3}${3}%^{4} เป็นเวลา ${4} วินาที
10110300048	Draw a holy light magic circle with an Exorciser incantation, dealing Holy ranged magic damage equal to Magic ATK * ^{1}${4}%^{2} to up to ${3} enemies within the targeted ${2}-meter-radius area within ${1} meters of you (^{3}^{4}DEX Resonance ${6}%^{5}^{6}). For this skill, ^{7}Uses:^{8} +1 every ${5} seconds, up to 2.	วาดวงเวทแสงศักดิ์สิทธิ์ด้วยคาถา Exorciser สร้างดาเมจเวทระยะไกลธาตุ Holy เท่ากับ M.ATK * ^{1}${4}%^{2} แก่ศัตรูสูงสุด ${3} ตัว ในพื้นที่เป้าหมายรัศมี ${2} เมตร ภายในระยะ ${1} เมตร จากผู้ใช้ (^{3}^{4}DEX Resonance ${6}%^{5}^{6}) สกิลนี้ได้รับ ^{7}จำนวนครั้งใช้งาน:^{8} +1 ทุก ${5} วินาที สูงสุด 2 ครั้ง
10110300049	Strengthens holy power through a prayer of devotion, restoring HP equal to your MATK * ^{1}${2}% + ${3}^{2} every second to You and Party Members within a ${1}-meter radius^{3}^{4} for ${4} seconds.	สวดภาวนาด้วยศรัทธาเพื่อเสริมพลังศักดิ์สิทธิ์ ฟื้นฟู HP เท่ากับ M.ATK ของผู้ใช้ * ^{1}${2}% + ${3}^{2} ทุกวินาที ให้แก่ผู้ใช้และสมาชิกปาร์ตี้ในรัศมี ${1} เมตร^{3}^{4} เป็นเวลา ${4} วินาที
10110300050	Reduces prices by ^{1}${1}%^{2} when purchasing items with Minted Coins in certain shops.	ลดราคาลง ^{1}${1}%^{2} เมื่อซื้อไอเทมด้วย Minted Coins ในร้านค้าบางแห่ง
10110300051	When dismantling items, the number of Coins obtained increases by ^{1}${1}%^{2}.	เมื่อแยกชิ้นส่วนไอเทม จำนวน Coins ที่ได้รับเพิ่มขึ้น ^{1}${1}%^{2}
10110300052	Once learned, allows you to rent a Pushcart and use various Pushcart-related skills.	เมื่อเรียนรู้แล้ว สามารถเช่า Pushcart และใช้สกิลที่เกี่ยวข้องกับ Pushcart ได้
10110300053	Change your Pushcart's appearance by choosing a special design you like.	เปลี่ยนรูปลักษณ์ Pushcart โดยเลือกแบบพิเศษที่ชอบ
10110300054	Cart-exclusive skill. Merchants gain ^{1}${1}^{2} Extra slots while operating a Stall.	สกิลเฉพาะรถเข็น Merchant ได้รับช่องขายของเพิ่มเติม ^{1}${1}^{2} ช่อง ขณะตั้งร้าน
10110300055	Cart-exclusive skill. Ram enemies with your cart, dealing Physical ATK * ^{1}${3}% + ${4}^{2} Neutral melee Physical damage to up to @{2} selected enemies within @{1} meters and up to ${2} other enemies within ${1} meters of them.	สกิลเฉพาะรถเข็น ใช้รถเข็นพุ่งชนศัตรู สร้างดาเมจกายภาพระยะประชิดไร้ธาตุ เท่ากับ P.ATK * ^{1}${3}% + ${4}^{2} แก่ศัตรูเป้าหมายสูงสุด @{2} ตัว ในระยะ @{1} เมตร และศัตรูอื่นสูงสุด ${2} ตัว ในระยะ ${1} เมตร จากเป้าหมายเหล่านั้น
10110300056	Consumes @{1} Coins to cast, but costs nothing below Base Lv. @{2}. Strikes fiercely with money, dealing Physical ATK*^{1}${1}%+${2}^{2} as Neutral melee Physical damage to the selected ST enemy within @{3} meters.	ใช้ Coins @{1} เหรียญในการร่าย แต่ไม่เสียค่าใช้จ่ายหาก Base Lv. ต่ำกว่า @{2} โจมตีอย่างรุนแรงด้วยเงิน สร้างดาเมจกายภาพระยะประชิดไร้ธาตุ เท่ากับ P.ATK*^{1}${1}%+${2}^{2} แก่ศัตรูเป้าหมายแบบ Single Target ในระยะ @{3} เมตร
10110300057	Let out a Crazy Uproar to channel your luck and strength, increasing your and up to ${2} allies' STR by ^{1}${3}^{2} and Physical ATK by ^{3}${4}^{4} within a ${1}-meter radius for ${5} sec.	ส่งเสียง Crazy Uproar เพื่อรวบรวมโชคและพลัง เพิ่ม STR ให้แก่ผู้ใช้และพันธมิตรสูงสุด ${2} ตัว ขึ้น ^{1}${3}^{2} และเพิ่ม P.ATK ขึ้น ^{3}${4}^{4} ภายในรัศมี ${1} เมตร เป็นเวลา ${5} วินาที
10110300058	Increases Physical ATK by ^{1}${1}^{2} and STR by ^{3}${2}^{4}. Increases the duration of Adrenaline Rush, Power Thrust, and Maximize Power by ${3} sec.	เพิ่ม P.ATK ขึ้น ^{1}${1}^{2} และ STR ขึ้น ^{3}${2}^{4} เพิ่มระยะเวลาของ Adrenaline Rush, Power Thrust และ Maximize Power ขึ้น ${3} วินาที
10110300059	Deepens your understanding of weapons, increasing Physical ATK by ^{1}${1}^{2} and HIT by ^{3}${2}^{4}.	เพิ่มความเข้าใจเกี่ยวกับอาวุธ เพิ่ม P.ATK ขึ้น ^{1}${1}^{2} และ Hit ขึ้น ^{3}${2}^{4}
10110300060	Increases Fire resistance, reducing Fire and Neutral damage taken by ^{1}${1}%^{2}.	เพิ่มความต้านทานธาตุ Fire ลดความเสียหายธาตุ Fire และไร้ธาตุที่ได้รับลง ^{1}${1}%^{2}
10110300061	Viciously hammer the ground within a ${1}-meter radius, dealing Neutral melee Physical damage equal to Physical ATK * ^{1}${4}%+${7}^{2} to up to ${3} enemies within a ${2}-meter radius, with a ${5}% Chance to inflict ^{3} ^{4}【Stun】^{5}^{6} for ${6} seconds.	ใช้ค้อนทุบพื้นอย่างรุนแรงในรัศมี ${1} เมตร สร้างดาเมจกายภาพระยะประชิดไร้ธาตุ เท่ากับ P.ATK * ^{1}${4}%+${7}^{2} แก่ศัตรูสูงสุด ${3} ตัว ในรัศมี ${2} เมตร มีโอกาส ${5}% ทำให้ติดสถานะ ^{3} ^{4}[ Stun ]^{5}^{6} เป็นเวลา ${6} วินาที
10110300062	Increases the Attack Speed of up to ${2} allies, including yourself, within a ${1}-meter radius by ^{1}${3}%^{2}. If the target is a Blacksmith class, grants an Extra ^{3}${4}%^{4} Attack Speed for ${5} seconds.	เพิ่ม ASPD ของพันธมิตรสูงสุด ${2} ตัว รวมผู้ใช้ ในรัศมี ${1} เมตร ขึ้น ^{1}${3}%^{2} หากเป้าหมายเป็นคลาส Blacksmith จะได้รับ ASPD เพิ่มเติม ^{3}${4}%^{4} เป็นเวลา ${5} วินาที
10110300063	Increases the Attack Speed of yourself and up to ${2} allies within ${1} meters by ^{1}${3}%^{2}, plus an Extra ^{3}${4}%^{4} regardless of Job Restriction, for ${5} seconds.	เพิ่ม ASPD ของผู้ใช้และพันธมิตรสูงสุด ${2} ตัว ในระยะ ${1} เมตร ขึ้น ^{1}${3}%^{2} พร้อมเพิ่มอีก ^{3}${4}%^{4} โดยไม่มีข้อจำกัดคลาส เป็นเวลา ${5} วินาที
10110300064	Increases Physical ATK for you and up to @{1} allies within a ${1}-meter radius by ^{1}${2}^{2} for ${3} sec.	เพิ่ม P.ATK ให้แก่ผู้ใช้และพันธมิตรสูงสุด @{1} ตัว ในรัศมี ${1} เมตร ขึ้น ^{1}${2}^{2} เป็นเวลา ${3} วินาที
10110300065	Unleashes the weapon's full potential, increasing your Physical DMG by ^{1}${2}%^{2} for ${1} sec.	ปลดปล่อยศักยภาพสูงสุดของอาวุธ เพิ่ม P.DMG ของผู้ใช้ขึ้น ^{1}${2}%^{2} เป็นเวลา ${1} วินาที
10110300066	Unleashes the weapon's full potential, increasing Physical DMG by ^{1}${2}%^{2} for ${1} sec.	ปลดปล่อยศักยภาพสูงสุดของอาวุธ เพิ่ม P.DMG ขึ้น ^{1}${2}%^{2} เป็นเวลา ${1} วินาที
10110300067	Cart-exclusive skill. Increases your Movement Speed by ^{1}${1}%^{2} and removes ^{3}【Slow】^{4} from you for ^{5}${2}^{6} sec.	สกิลเฉพาะรถเข็น เพิ่ม MSPD ของผู้ใช้ขึ้น ^{1}${1}%^{2} และลบสถานะ ^{3}[ Slow ]^{4} จากผู้ใช้ เป็นเวลา ^{5}${2}^{6} วินาที
10110300068	Cart-exclusive skill. Deals Physical ATK * ^{1}${1}% + ${5}^{2} Neutral melee Physical DMG to a designated ST enemy within @{1} m. Has a ${2}% Chance to inflict Stun for ${3} sec. When used while under ^{3}^{4}【Cart Boost】^{5}^{6}, High Speed Cart Ram can be cast while moving and deals ${4}% more damage.	สกิลเฉพาะรถเข็น สร้างดาเมจกายภาพระยะประชิดไร้ธาตุ เท่ากับ P.ATK * ^{1}${1}% + ${5}^{2} แก่ศัตรูเป้าหมายแบบ Single Target ในระยะ @{1} เมตร มีโอกาส ${2}% ทำให้ติดสถานะ Stun เป็นเวลา ${3} วินาที เมื่อใช้ขณะมี ^{3}^{4}[ Cart Boost ]^{5}^{6} สามารถร่าย High Speed Cart Ram ขณะเคลื่อนที่ และสร้างความเสียหายเพิ่ม ${4}%
10110300069	You gain the [Melt Down] Effect for ${1} seconds. While [Melt Down] is Active, attacking an Enemy Team player has a ${2}% Chance to inflict ^{1}[Weapon Damage]^{2} for ${3} seconds. When attacking a Monster while [Melt Down] is Active, there is a ${4}% Chance to reduce its ^{3}PATK and DEF by ${5}%^{4} for ${6} seconds. [Weapon Damage]: The Initial stats and Affixes of Main/Off-Hand Weapons are not Active for the duration.	ผู้ใช้ได้รับเอฟเฟกต์ [ Melt Down ] เป็นเวลา ${1} วินาที ขณะ [ Melt Down ] ทำงาน การโจมตีผู้เล่นฝ่ายศัตรูมีโอกาส ${2}% ทำให้เกิด ^{1}[ Weapon Damage ]^{2} เป็นเวลา ${3} วินาที เมื่อโจมตีมอนสเตอร์ขณะ [ Melt Down ] ทำงาน มีโอกาส ${4}% ลด ^{3}P.ATK และ DEF ลง ${5}%^{4} เป็นเวลา ${6} วินาที [ Weapon Damage ]: ค่าสถานะพื้นฐานและ Affixes ของอาวุธมือหลักและมือรองไม่ทำงานตลอดระยะเวลาของเอฟเฟกต์
10110300071	Increases the Physical ATK of up to @{2} allies within a @{1} m radius by ^{1}${1}^{2} for ${2} sec.	เพิ่ม P.ATK ของพันธมิตรสูงสุด @{2} ตัว ในรัศมี @{1} เมตร ขึ้น ^{1}${1}^{2} เป็นเวลา ${2} วินาที
10110300072	Researches Fire and Earth monsters, reducing damage taken from Fire and Earth monsters by ^{1}${1}%^{2} and increasing damage dealt to Fire and Earth monsters by ^{3}${2}%^{4}.	ศึกษามอนสเตอร์ธาตุ Fire และ Earth ลดความเสียหายที่ได้รับจากมอนสเตอร์ธาตุ Fire และ Earth ลง ^{1}${1}%^{2} และเพิ่มความเสียหายที่สร้างต่อมอนสเตอร์ธาตุ Fire และ Earth ขึ้น ^{3}${2}%^{4}
10110300073	When equipped with an axe or mace, increases your Physical ATK by ^{1}${1}^{2} and HIT by ^{3}${2}^{4}.	เมื่อสวมขวานหรือกระบอง เพิ่ม P.ATK ของผู้ใช้ขึ้น ^{1}${1}^{2} และ Hit ขึ้น ^{3}${2}^{4}
10110300074	When you take damage while your HP is below ${1}%, grants a shield equal to ${2}% of your HP and restores ${3}% of your Life. This effect can trigger up to @{1} times every ${4} sec.	เมื่อได้รับความเสียหายขณะ HP ต่ำกว่า ${1}% จะได้รับโล่เท่ากับ ${2}% ของ HP และฟื้นฟู ${3}% ของ HP เอฟเฟกต์นี้ทำงานได้สูงสุด @{1} ครั้งทุก ${4} วินาที
10110300075	Axe- and Mace-only skill. Rapidly spins the Axe, dealing total Neutral melee Physical damage equal to PATK * ^{1}${3}%^{2} to up to ${2} enemies within a ${1}-meter radius (^{3}^{4}Vitality Resonance ${5}%^{5}^{6}). While Enhance is Active, Axe Tornado lasts longer, increases your MSPD by ${4}%, and grants [Immunity] for the duration of the skill.	สกิลสำหรับขวานและกระบองเท่านั้น หมุนขวานอย่างรวดเร็ว สร้างดาเมจกายภาพระยะประชิดไร้ธาตุรวมเท่ากับ P.ATK * ^{1}${3}%^{2} แก่ศัตรูสูงสุด ${2} ตัว ในรัศมี ${1} เมตร (^{3}^{4}Vitality Resonance ${5}%^{5}^{6}) ขณะ Enhance ทำงาน Axe Tornado จะคงอยู่นานขึ้น เพิ่ม MSPD ของผู้ใช้ขึ้น ${4}% และมอบ [ Immunity ] ตลอดระยะเวลาสกิล
10110300076	Axe and Mace skill. Swing your Axe to Move rapidly in front of the target, dealing Neutral Melee Physical DMG equal to PATK * ^{1}${3}%^{2} to up to ${2} enemies within a ${1}-meter radius.	สกิลสำหรับขวานและกระบอง เหวี่ยงขวานเพื่อเคลื่อนที่ไปด้านหน้าเป้าหมายอย่างรวดเร็ว สร้างดาเมจกายภาพระยะประชิดไร้ธาตุ เท่ากับ P.ATK * ^{1}${3}%^{2} แก่ศัตรูสูงสุด ${2} ตัว ในรัศมี ${1} เมตร
10110300077	Axe and Mace skill. Throw a flying Axe forward, dealing ${4} hits of Neutral Melee Physical DMG totaling PATK * ^{1}${5}%^{2} to up to ${3} members of the Enemy Team in a ${1} * ${2}-meter rectangular area in front of you.	สกิลสำหรับขวานและกระบอง ขว้างขวานบินไปด้านหน้า โจมตี ${4} ครั้ง สร้างดาเมจกายภาพระยะประชิดไร้ธาตุรวมเท่ากับ P.ATK * ^{1}${5}%^{2} แก่สมาชิกฝ่ายศัตรูสูงสุด ${3} ตัว ในพื้นที่สี่เหลี่ยมขนาด ${1} * ${2} เมตร ด้านหน้าผู้ใช้
10110300078	Can only be used while riding Madogear. Use the Madogear's ignition system to become Flying and gain a Shield equal to ${1}% of your Max HP for ${2} seconds. You can Move and have 【Immunity】 during this time. Tap the skill again or wait until the Flying duration ends to attack Below, dealing Neutral Melee Physical DMG equal to PATK * ^{1}${5}%^{2} to up to ${4} enemies within a ${3}-meter radius and inflicting Stun for ${6} seconds, as well as 【Severe Wound】 for @{1} seconds. For every ${7} enemies hit by this attack, gain @{2} stacks of Shield equal to ${8}% of your Max HP, stacking up to ${9} times and lasting ${10} seconds. This also Enhances your next Axe Tornado, Launching 【High-Energy Pulse】 a number of times based on the number of enemies hit by this attack.\n【Severe Wound】: Reduces Healing Done received by @{3}%.\n【High-Energy Pulse】: Deals Neutral Melee Physical DMG equal to PATK * ^{3}${11}%^{4} to up to @{5} enemies within a @{4}-meter radius around you.	ใช้ได้ขณะขับ Madogear เท่านั้น ใช้ระบบจุดระเบิดของ Madogear เพื่อบินและรับโล่เท่ากับ ${1}% ของ Max HP เป็นเวลา ${2} วินาที ระหว่างนี้สามารถเคลื่อนที่และมี [ Immunity ] กดสกิลอีกครั้งหรือรอจนระยะเวลาบินสิ้นสุดเพื่อโจมตีด้านล่าง สร้างดาเมจกายภาพระยะประชิดไร้ธาตุ เท่ากับ P.ATK * ^{1}${5}%^{2} แก่ศัตรูสูงสุด ${4} ตัว ในรัศมี ${3} เมตร และทำให้ติดสถานะ Stun เป็นเวลา ${6} วินาที พร้อม [ Severe Wound ] เป็นเวลา @{1} วินาที ทุกครั้งที่โจมตีถูกศัตรู ${7} ตัว จะได้รับโล่ @{2} stacks แต่ละ stacks เท่ากับ ${8}% ของ Max HP สะสมได้สูงสุด ${9} ครั้ง และคงอยู่ ${10} วินาที พร้อมเสริมพลัง Axe Tornado ครั้งถัดไปให้ปล่อย [ High-Energy Pulse ] ตามจำนวนศัตรูที่โจมตีถูก\n[ Severe Wound ]: ลดการฟื้นฟูที่ได้รับลง @{3}%\n[ High-Energy Pulse ]: สร้างดาเมจกายภาพระยะประชิดไร้ธาตุ เท่ากับ P.ATK * ^{3}${11}%^{4} แก่ศัตรูสูงสุด @{5} ตัว ในรัศมี @{4} เมตร รอบผู้ใช้
10110300079	Axe and Mace skill. Throw flying axes around you, dealing Neutral Melee Physical DMG totaling PATK * ^{1}${3}%^{2} to up to ${2} members of the Enemy Team within a ${1}-meter radius. For every @{1} enemies hit, reduce Axe Tornado's Cooldown by ${4} seconds and gain 【Immunity】 while casting your next unenhanced Axe Tornado.	สกิลสำหรับขวานและกระบอง ขว้างขวานบินรอบตัว สร้างดาเมจกายภาพระยะประชิดไร้ธาตุรวมเท่ากับ P.ATK * ^{1}${3}%^{2} แก่สมาชิกฝ่ายศัตรูสูงสุด ${2} ตัว ในรัศมี ${1} เมตร ทุกครั้งที่โจมตีถูกศัตรู @{1} ตัว จะลด Cooldown ของ Axe Tornado ลง ${4} วินาที และได้รับ [ Immunity ] ขณะร่าย Axe Tornado ครั้งถัดไปที่ไม่ได้เสริมพลัง
10110300080	Once learned, Mechanics can ride a Madogear in battle and use Madogear skills.	เมื่อเรียนรู้แล้ว Mechanic สามารถขับ Madogear ในการต่อสู้และใช้สกิล Madogear ได้
10110300081	Can only be used while riding Madogear. Launch a rocket-powered fist at the selected ST enemy within ${1} meters, dealing Neutral Ranged Physical DMG equal to PATK * ^{1}${2}%^{2}.	ใช้ได้ขณะขับ Madogear เท่านั้น ยิงหมัดขับเคลื่อนด้วยจรวดใส่ศัตรูเป้าหมายแบบ Single Target ในระยะ ${1} เมตร สร้างดาเมจกายภาพระยะไกลไร้ธาตุ เท่ากับ P.ATK * ^{1}${2}%^{2}
10110300082	Can only be used while riding Madogear. Equip ${1} Arm Cannons on the Madogear's shoulders and Launch ${6} Cannon shells at ${3} selected enemies within ${2} meters and up to ${5} Other enemies within ${4} meters of them, dealing Neutral Ranged Physical DMG totaling PATK * ^{1}${7}%^{2} (^{3}^{4}Luck Resonance ${8}%^{5}^{6}).	ใช้ได้ขณะขับ Madogear เท่านั้น ติดตั้ง Arm Cannons ${1} กระบอก บนไหล่ Madogear แล้วยิงกระสุน Cannon ${6} นัด ใส่ศัตรูเป้าหมาย ${3} ตัว ในระยะ ${2} เมตร และศัตรูอื่นสูงสุด ${5} ตัว ในระยะ ${4} เมตร จากเป้าหมายเหล่านั้น สร้างดาเมจกายภาพระยะไกลไร้ธาตุรวมเท่ากับ P.ATK * ^{1}${7}%^{2} (^{3}^{4}Luck Resonance ${8}%^{5}^{6})
10050100000	A vibrant Green Healing Potion that instantly restores @{1} HP. Cooldown: @{2} sec.	ยาฟื้นฟูสีเขียวสดใส ฟื้นฟู HP @{1} แต้มทันที Cooldown: @{2} วินาที
10050100001	A bright Red Healing Potion that instantly restores @{1} HP. Cooldown: @{2} sec.	ยาฟื้นฟูสีแดงสด ฟื้นฟู HP @{1} แต้มทันที Cooldown: @{2} วินาที
10050100002	Slow-simmered tomatoes reduced into a rich orange-red broth with a robust tangy aroma. Increases Physical ATK by @{1}~@{2} for @{3} hours.	มะเขือเทศที่เคี่ยวช้า ๆ จนเป็นน้ำซุปข้นสีส้มแดง มีกลิ่นหอมเปรี้ยวเข้มข้น เพิ่ม P.ATK ขึ้น @{1}~@{2} เป็นเวลา @{3} ชั่วโมง
10050100003	Mushrooms and tomatoes simmered together into a fragrant amber broth. Increases Magic ATK by @{1}~@{2} for @{3} hours.	เห็ดและมะเขือเทศที่เคี่ยวรวมกันเป็นน้ำซุปสีอำพันหอมกรุ่น เพิ่ม M.ATK ขึ้น @{1}~@{2} เป็นเวลา @{3} ชั่วโมง
10050100004	Fresh mushrooms skewered and charcoal-grilled until browned outside and plump within. Increases Life by @{1}~@{2} for @{3} hours.	เห็ดสดเสียบไม้ย่างถ่านจนผิวเกรียมสีน้ำตาลและเนื้อในอวบฉ่ำ เพิ่ม HP ขึ้น @{1}~@{2} เป็นเวลา @{3} ชั่วโมง
10050100005	Monster meat marinated in chili sauce and seared on a griddle until crisp outside and tender within. Increases Physical DEF by @{1}~@{2} for @{3} hours.	เนื้อมอนสเตอร์หมักซอสพริก ย่างบนกระทะแบนจนกรอบนอกนุ่มใน เพิ่ม P.DEF ขึ้น @{1}~@{2} เป็นเวลา @{3} ชั่วโมง
10050100006	A coarse, thick flatbread baked from Grains flour mixed with monster meat and chili peppers. Increases Magic DEF by @{1}~@{2} for @{3} hours.	ขนมปังแผ่นหนาเนื้อหยาบ อบจากแป้งธัญพืชผสมเนื้อมอนสเตอร์และพริก เพิ่ม M.DEF ขึ้น @{1}~@{2} เป็นเวลา @{3} ชั่วโมง
10050100007	A golden Yellow Healing Potion that instantly restores @{1} HP. Cooldown: @{2} sec.	ยาฟื้นฟูสีเหลืองทอง ฟื้นฟู HP @{1} แต้มทันที Cooldown: @{2} วินาที
10050100008	Marinated Beast Meat wrapped in dough made from Grains, then steamed and baked to form a dark red crust. Grants @{1}%~@{2}% Increased Damage to Medium Monsters for @{3} hours.	เนื้อสัตว์หมักห่อด้วยแป้งธัญพืช นึ่งแล้วอบจนมีเปลือกสีแดงเข้ม ได้รับโบนัส @{1}%~@{2}% ให้แก่ความเสียหายต่อมอนสเตอร์ขนาดกลาง เป็นเวลา @{3} ชั่วโมง
10050100009	Herbs simmered into soft rice porridge, leaving a lingering bittersweet aroma. Reduces damage taken from Medium monsters by @{1}%~@{2}% for @{3} hours.	สมุนไพรที่เคี่ยวกับข้าวจนเป็นโจ๊กเนื้อนุ่ม มีกลิ่นหอมหวานขมติดปลายจมูก ลดความเสียหายที่ได้รับจากมอนสเตอร์ขนาดกลางลง @{1}%~@{2}% เป็นเวลา @{3} ชั่วโมง
10050100010	Beast hide marinated with herbs and chili peppers, rolled into a tube, and charcoal-grilled. Grants @{1}%~@{2}% DMG vs Demi-Human for @{3} hours.	หนังสัตว์หมักสมุนไพรและพริก ม้วนเป็นหลอดแล้วย่างถ่าน ได้รับโบนัส @{1}%~@{2}% ให้แก่ความเสียหายต่อ Demi-Human เป็นเวลา @{3} ชั่วโมง
10050100011	Grains, monster meat, and chili peppers stir-fried over high heat until every grain gleams with oil. Reduces damage taken from Demi-Human monsters by @{1}%~@{2}% for @{3} hours.	ธัญพืช เนื้อมอนสเตอร์ และพริก ผัดด้วยไฟแรงจนทุกเมล็ดเป็นมันวาวจากน้ำมัน ลดความเสียหายที่ได้รับจากมอนสเตอร์ Demi-Human ลง @{1}%~@{2}% เป็นเวลา @{3} ชั่วโมง
10050100012	A deep crimson Healing Potion that instantly restores @{1} HP. Cooldown: @{2} sec.	ยาฟื้นฟูสีแดงเข้ม ฟื้นฟู HP @{1} แต้มทันที Cooldown: @{2} วินาที
10050100013	Strawberry juice boiled into amber hard candy and broken into shards. Increases Physical ATK by @{1}~@{2} for @{3} hours.	น้ำสตรอว์เบอร์รีที่ต้มจนเป็นลูกอมแข็งสีอำพันแล้วหักเป็นชิ้น เพิ่ม P.ATK ขึ้น @{1}~@{2} เป็นเวลา @{3} ชั่วโมง
10050100014	Round strawberry-and-cocoa-filled candies coated in a hard sugar shell. Increases Magic ATK by @{1}~@{2} for @{3} hours.	ลูกอมกลมไส้สตรอว์เบอร์รีและโกโก้ เคลือบเปลือกน้ำตาลแข็ง เพิ่ม M.ATK ขึ้น @{1}~@{2} เป็นเวลา @{3} ชั่วโมง
10050100015	Thick hot cocoa flavored with vanilla and topped with fine Milk foam. Increases Life by @{1}~@{2} for @{3} hours.	โกโก้ร้อนเข้มข้นแต่งกลิ่นวานิลลา ราดด้วยฟองนมเนื้อละเอียด เพิ่ม HP ขึ้น @{1}~@{2} เป็นเวลา @{3} ชั่วโมง
10050100016	A vibrant Green Healing Potion brimming with Life that instantly restores @{1} HP. Cooldown: @{2} sec.	ยาฟื้นฟูสีเขียวสดใสที่เปี่ยมด้วยพลังชีวิต ฟื้นฟู HP @{1} แต้มทันที Cooldown: @{2} วินาที
10050100017	A thick pink milkshake blended from strawberries and Milk. Increases Physical DEF by @{1}~@{2} for @{3} hours.	มิลก์เชกสีชมพูเนื้อข้น ปั่นจากสตรอว์เบอร์รีและนม เพิ่ม P.DEF ขึ้น @{1}~@{2} เป็นเวลา @{3} ชั่วโมง
10050100018	Strawberry and cocoa melted into warm Milk, creating a rich pinkish-brown drink. Increases Magic DEF by @{1}~@{2} for @{3} hours.	สตรอว์เบอร์รีและโกโก้ที่ละลายในนมอุ่น กลายเป็นเครื่องดื่มเข้มข้นสีน้ำตาลอมชมพู เพิ่ม M.DEF ขึ้น @{1}~@{2} เป็นเวลา @{3} ชั่วโมง
10050100019	A smooth brown pudding made by setting cocoa bean juice with Milk. Grants @{1}%-@{2}% Increased Damage to Medium Monsters for @{3} hours.	พุดดิ้งสีน้ำตาลเนื้อเนียน ทำจากน้ำเมล็ดโกโก้ผสมนมแล้วปล่อยให้เซตตัว ได้รับโบนัส @{1}%-@{2}% ให้แก่ความเสียหายต่อมอนสเตอร์ขนาดกลาง เป็นเวลา @{3} ชั่วโมง
10050100020	A Stem coated in colorful layers of syrup for a dazzling finish. Reduces damage taken from Medium monsters by @{1}%-@{2}% for @{3} hours.	ก้านพืชเคลือบน้ำเชื่อมหลากสีเป็นชั้น ๆ ดูสะดุดตา ลดความเสียหายที่ได้รับจากมอนสเตอร์ขนาดกลางลง @{1}%-@{2}% เป็นเวลา @{3} ชั่วโมง
10050100021	Dried Strawberry and herb leaves slow-simmered into a light red soup with a delicate sweetness. Grants @{1}%-@{2}% DMG vs Demi-Human for @{3} hours.	สตรอว์เบอร์รีแห้งและใบสมุนไพรที่เคี่ยวช้า ๆ เป็นซุปสีแดงอ่อน รสหวานละมุน ได้รับโบนัส @{1}%-@{2}% ให้แก่ความเสียหายต่อ Demi-Human เป็นเวลา @{3} ชั่วโมง
10050100022	Dried strawberries coated in cocoa syrup and set on a Stem. Reduces damage taken from Demi-Human monsters by @{1}%-@{2}% for @{3} hours.	สตรอว์เบอร์รีแห้งเคลือบน้ำเชื่อมโกโก้แล้วเสียบบนก้านพืช ลดความเสียหายที่ได้รับจากมอนสเตอร์ Demi-Human ลง @{1}%-@{2}% เป็นเวลา @{3} ชั่วโมง
10050100023	A Healing Potion imbued with the power of Blessing that instantly restores @{1} HP. Cooldown: @{2} sec.	ยาฟื้นฟูที่เปี่ยมด้วยพลังแห่ง Blessing ฟื้นฟู HP @{1} แต้มทันที Cooldown: @{2} วินาที
10050100024	Slow-fermented Grape wine with a deep purple hue and herbal finish. Increases Physical ATK by @{1}~@{2} for @{3} hours.	ไวน์องุ่นที่หมักช้า ๆ จนเป็นสีม่วงเข้ม มีรสสมุนไพรติดปลายลิ้น เพิ่ม P.ATK ขึ้น @{1}~@{2} เป็นเวลา @{3} ชั่วโมง
10050100025	A deep purple cocktail of Grape juice, Lemon juice, and Alcohol, shaken well. Increases Magic ATK by @{1}~@{2} for @{3} hours.	ค็อกเทลสีม่วงเข้มจากน้ำองุ่น น้ำมะนาว และแอลกอฮอล์ เขย่าจนเข้ากัน เพิ่ม M.ATK ขึ้น @{1}~@{2} เป็นเวลา @{3} ชั่วโมง
10050100026	Lemon and herbs infused in Alcohol until as clear as Crystal. Increases Life by @{1}~@{2} for @{3} hours.	มะนาวและสมุนไพรที่แช่ในแอลกอฮอล์จนใสราวคริสตัล เพิ่ม HP ขึ้น @{1}~@{2} เป็นเวลา @{3} ชั่วโมง
10050100027	Grape powder dissolved in sparkling water, topped with persistent purple-red foam. Increases Physical DEF by @{1}~@{2} for @{3} hours.	ผงองุ่นละลายในน้ำอัดลม เติมฟองสีม่วงแดงที่คงอยู่ได้นาน เพิ่ม P.DEF ขึ้น @{1}~@{2} เป็นเวลา @{3} ชั่วโมง
10050100028	Freshly squeezed Grape and Lemon juices blended into a bright, sweet-and-tart drink. Increases Magic DEF by @{1}~@{2} for @{3} hours.	น้ำองุ่นและน้ำมะนาวคั้นสดผสมเป็นเครื่องดื่มสีสด รสหวานอมเปรี้ยว เพิ่ม M.DEF ขึ้น @{1}~@{2} เป็นเวลา @{3} ชั่วโมง
10050100029	A Fountain of Life surging with boundless vitality that instantly restores @{1} HP. Cooldown: @{2} sec.	Fountain of Life ที่เปี่ยมด้วยพลังชีวิตไร้ขอบเขต ฟื้นฟู HP @{1} แต้มทันที Cooldown: @{2} วินาที
10050100030	Lemon slices steeped in orangewood sap, creating a clear, light drink with a citrus aroma. Grants @{1}%~@{2}% Increased Damage to Medium Monsters for @{3} hours.	มะนาวหั่นแว่นแช่ในน้ำเลี้ยงไม้ส้ม เป็นเครื่องดื่มใสรสเบาพร้อมกลิ่นหอมส้ม ได้รับโบนัส @{1}%~@{2}% ให้แก่ความเสียหายต่อมอนสเตอร์ขนาดกลาง เป็นเวลา @{3} ชั่วโมง
10050100031	Herbs and Lemon gently infused in orangewood sap at a low temperature. Reduces damage taken from Medium monsters by @{1}%~@{2}% for @{3} hours.	สมุนไพรและมะนาวที่แช่ในน้ำเลี้ยงไม้ส้มอย่างช้า ๆ ที่อุณหภูมิต่ำ ลดความเสียหายที่ได้รับจากมอนสเตอร์ขนาดกลางลง @{1}%~@{2}% เป็นเวลา @{3} ชั่วโมง
10050100032	Grape and herbs slow-simmered in orangewood sap for a rich, woody aroma. Increases damage to Demi-Human monsters by @{1}%~@{2}% for @{3} hours.	องุ่นและสมุนไพรที่เคี่ยวช้า ๆ ในน้ำเลี้ยงไม้ส้ม มีกลิ่นไม้หอมเข้มข้น เพิ่มความเสียหายต่อมอนสเตอร์ Demi-Human ขึ้น @{1}%~@{2}% เป็นเวลา @{3} ชั่วโมง
10050100033	Grape and Lemon simmered in bitter orange juice for a lingering woody sweetness. Use to increase Demi-Human damage reduction by @{1}%~@{2}% for @{3} hours.	องุ่นและมะนาวที่เคี่ยวในน้ำส้มขม มีรสหวานและกลิ่นไม้ติดปลายลิ้น ใช้เพื่อเพิ่มการลดความเสียหายจาก Demi-Human ขึ้น @{1}%~@{2}% เป็นเวลา @{3} ชั่วโมง
10800100000	^{1}^{2}【Turn Undead】^{3}^{4}'s percentage-based damage multiplier increases by ${1}%, and its fixed damage increases by ${2}.	ตัวคูณความเสียหายแบบเปอร์เซ็นต์ของ ^{1}^{2}[ Turn Undead ]^{3}^{4} เพิ่มขึ้น ${1}% และความเสียหายจริงเพิ่มขึ้น ${2}
10800100001	When ^{1}^{2}【Turn Undead】^{3}^{4} hits an enemy, it deals ${1} Extra hit(s) of Ranged Holy Magic damage equal to MATK * ${2}% + ${3}. Internal Cooldown: ${4} sec.	เมื่อ ^{1}^{2}[ Turn Undead ]^{3}^{4} โจมตีถูกศัตรู จะสร้างดาเมจเวทระยะไกลธาตุ Holy เพิ่มเติม ${1} ครั้ง เท่ากับ M.ATK * ${2}% + ${3} CD ภายใน: ${4} วินาที
10800100002	^{1}^{2}[Turn Undead]^{3}^{4} infuses the ground with holy light upon hitting an enemy, dealing MATK*${3}%+${4} Holy Ranged Magic damage to the enemy and up to ${2} enemies within a ${1}-meter radius. Internal Cooldown: ${5} seconds.	^{1}^{2}[ Turn Undead ]^{3}^{4} แผ่แสงศักดิ์สิทธิ์บนพื้นเมื่อโจมตีถูกศัตรู สร้างดาเมจเวทระยะไกลธาตุ Holy เท่ากับ M.ATK*${3}%+${4} แก่ศัตรูเป้าหมายและศัตรูสูงสุด ${2} ตัว ในรัศมี ${1} เมตร CD ภายใน: ${5} วินาที
10800100003	While ^{1}^{2}[Increase AGI]^{3}^{4} is active, ASPD +${1}%.	ขณะ ^{1}^{2}[ Increase AGI ]^{3}^{4} ทำงาน ASPD +${1}%
10800100004	^{1}^{2}[Heal]^{3}^{4} restores an Extra MATK*${2}%+${3} HP to targets below ${1}% HP.	^{1}^{2}[ Heal ]^{3}^{4} ฟื้นฟู HP เพิ่มเติมเท่ากับ M.ATK*${2}%+${3} ให้แก่เป้าหมายที่มี HP ต่ำกว่า ${1}%
10800100005	When ^{1}^{2}[Mace Mastery]^{3}^{4} reaches Lv. ${1}, STR +${2}.	เมื่อ ^{1}^{2}[ Mace Mastery ]^{3}^{4} ถึง Lv. ${1} จะได้รับ STR +${2}
10800100006	When ^{1}^{2}[Basic Attack]^{3}^{4} hits an enemy, it triggers Holy Light Strike, dealing an Extra ${1} hits of MATK*${2}%+${3} Holy Ranged Magic damage. Internal Cooldown: ${4} seconds.	เมื่อ ^{1}^{2}[ Basic Attack ]^{3}^{4} โจมตีถูกศัตรู จะทำให้ Holy Light Strike ทำงาน สร้างดาเมจเวทระยะไกลธาตุ Holy เพิ่มเติม ${1} ครั้ง เท่ากับ M.ATK*${2}%+${3} CD ภายใน: ${4} วินาที
10800100007	When a one-handed or two-handed staff is equipped, Magic ATK +${1}.	เมื่อสวมคทามือเดียวหรือคทาสองมือ M.ATK +${1}
10800100008	When ^{1}^{2}[Magnus Exorcismus]^{3}^{4} hits a single enemy, its percentage damage multiplier increases by ${1}% and its fixed damage increases by ${2}.	เมื่อ ^{1}^{2}[ Magnus Exorcismus ]^{3}^{4} โจมตีถูกศัตรูเพียงตัวเดียว ตัวคูณความเสียหายแบบเปอร์เซ็นต์เพิ่มขึ้น ${1}% และความเสียหายจริงเพิ่มขึ้น ${2}
10800100009	When ^{1}^{2}[Magnus Exorcismus]^{3}^{4} is cast, it also unleashes a powerful burst of holy light, dealing MATK*${2}%+${3} Holy Ranged Magic damage to up to ${1} enemies within the area.	เมื่อร่าย ^{1}^{2}[ Magnus Exorcismus ]^{3}^{4} จะปลดปล่อยแสงศักดิ์สิทธิ์อันทรงพลังด้วย สร้างดาเมจเวทระยะไกลธาตุ Holy เท่ากับ M.ATK*${2}%+${3} แก่ศัตรูสูงสุด ${1} ตัว ภายในพื้นที่
10800100010	^{1}^{2}[Heal]^{3}^{4} and ^{5}^{6}[Sanctuary]^{7}^{8} Variable CT -${1}%.	^{1}^{2}[ Heal ]^{3}^{4} และ ^{5}^{6}[ Sanctuary ]^{7}^{8} มี VCT -${1}%
10800100011	When ^{1}^{2}[Resurrection]^{3}^{4} Revives a target below Base ${1}, its HP and SP recovery are increased by ${2}%.	เมื่อ ^{1}^{2}[ Resurrection ]^{3}^{4} ชุบชีวิตเป้าหมายที่มี Base ต่ำกว่า ${1} การฟื้นฟู HP และ SP เพิ่มขึ้น ${2}%
12390100827	Deploy a Divine Arts Totem to increase your Combat Power.	วาง Divine Arts Totem เพื่อเพิ่ม Combat Power ของผู้ใช้
12390100826	Divine Totem Exclusive Skill Book	หนังสือสกิลเฉพาะ Divine Totem
12390100825	Pet Shards can be used to unlock and star up the corresponding Pet.	ใช้ชิ้นส่วนสัตว์เลี้ยงเพื่อปลดล็อกและเพิ่มดาวให้สัตว์เลี้ยงที่ตรงกันได้
12390100823	Use to unlock Secret History of Prontera: @{1} of @{2}	ใช้เพื่อปลดล็อก Secret History of Prontera: @{1} จาก @{2}
12390100794	A coin formed from the crystallized faith of Valhalla. Used to increase the level of Heroic Spirit statues.	เหรียญที่เกิดจากศรัทธาของ Valhalla ตกผลึก ใช้เพิ่มเลเวลรูปปั้น Heroic Spirit
12390100782	Use to Activate Composer (Permanent).	ใช้เพื่อเปิดใช้งาน Composer อย่างถาวร
12390100780	A crystal imbued with magical energy. It powers Magic Equipment and is used to prepare for the New World.	คริสตัลที่อัดแน่นด้วยพลังเวท ใช้เป็นแหล่งพลังให้ Magic Equipment และใช้เตรียมพร้อมสำหรับ New World
12390100779	Participate in MVP hunts to receive large quantities of Minted Coins, Cards, and other resources. Rewards have already been sent directly to your Backpack.	เข้าร่วมล่า MVP เพื่อรับ Minted Coins, Cards และทรัพยากรอื่นจำนวนมาก รางวัลถูกส่งเข้ากระเป๋าโดยตรงแล้ว
12390100778	The Eden Group presents this reward to Adventurers who participated in Rift Crisis. Open it to receive a few small gifts from the Eden Group.	Eden Group มอบรางวัลนี้ให้แก่ Adventurer ที่เข้าร่วม Rift Crisis เปิดเพื่อรับของขวัญเล็ก ๆ จาก Eden Group
12390100777	The Eden Group presents this reward to Adventurers who made an outstanding Contribution during Rift Crisis. Open it to receive a mysterious gift specially prepared by the Eden Group.	Eden Group มอบรางวัลนี้ให้แก่ Adventurer ที่สร้างผลงานโดดเด่นระหว่าง Rift Crisis เปิดเพื่อรับของขวัญลึกลับที่ Eden Group เตรียมไว้เป็นพิเศษ
12390100776	The Eden Group presents this reward to Adventurers who made a Contribution during unusual events. Open it to receive the Eden Group's thanks.	Eden Group มอบรางวัลนี้ให้แก่ Adventurer ที่มีส่วนร่วมในเหตุการณ์ผิดปกติ เปิดเพื่อรับคำขอบคุณจาก Eden Group
12390100775	Open the gift box to receive 1 random Purple-, Blue-, or Green-quality card.	เปิดกล่องของขวัญเพื่อสุ่มรับการ์ดคุณภาพสีม่วง สีฟ้า หรือสีเขียว 1 ใบ
12390100774	Open the Card album to receive @{1} random Green or Blue Quality Cards.	เปิดอัลบั้มการ์ดเพื่อสุ่มรับการ์ดคุณภาพสีเขียวหรือสีฟ้า @{1} ใบ
12390100773	Basic Card Pack containing a variety of Green Cards.	แพ็กการ์ดพื้นฐานที่บรรจุการ์ดสีเขียวหลากหลายแบบ
12390100772	A card album used to store cards. It's so old that it's hard to tell which cards are inside.	อัลบั้มสำหรับเก็บการ์ด เก่ามากจนดูไม่ออกว่ามีการ์ดอะไรอยู่ข้างใน
12390100771	Can be opened at Lv. @{1} to receive @{2} Crystals.	เปิดได้เมื่อถึง Lv. @{1} เพื่อรับ Crystals @{2} เม็ด
12390100770	Open to receive a generous Crystal reward.	เปิดเพื่อรับรางวัล Crystals จำนวนมาก
12390100769	Open to receive Dig Boss Assist Rewards.	เปิดเพื่อรับรางวัลช่วยโจมตี Dig Boss
12390100768	Open to receive Dig Boss Kill Rewards.	เปิดเพื่อรับรางวัลสังหาร Dig Boss
12390100767	Open to receive Dig Elite Kill Rewards.	เปิดเพื่อรับรางวัลสังหาร Dig Elite
12390100766	Open to select and receive 1 piece of T@{1} Red upper-body equipment.	เปิดเพื่อเลือกและรับอุปกรณ์ส่วนบนสีแดง T@{1} จำนวน 1 ชิ้น
12390100765	Open to receive the Nine-Tone Mantra Costume set.	เปิดเพื่อรับชุดคอสตูม Nine-Tone Mantra
12390100764	Open to receive a random Soul Echo.	เปิดเพื่อสุ่มรับ Soul Echo
12390100763	Open to receive random Soul Echoes and Soul Echo EXP.	เปิดเพื่อสุ่มรับ Soul Echoes และ Soul Echo EXP
12390100762	Open to select and receive 1 Purple Card.	เปิดเพื่อเลือกและรับการ์ดสีม่วง 1 ใบ
12390100761	Open to receive 1 random item from the following selection.	เปิดเพื่อสุ่มรับไอเทม 1 ชิ้นจากรายการต่อไปนี้
12390100760	Open to receive 1 random Orange Divine Art Totem.	เปิดเพื่อสุ่มรับ Divine Art Totem สีส้ม 1 ชิ้น
12390100759	Open to receive 1 random Blue or Purple Card.	เปิดเพื่อสุ่มรับการ์ดสีฟ้าหรือสีม่วง 1 ใบ
12390100758	Open to receive 10,000 × @{1} Minted Coins.	เปิดเพื่อรับ Minted Coins จำนวน 10,000 × @{1} เหรียญ
12390100757	Open to receive @{1} Zeny.	เปิดเพื่อรับ Zeny @{1}
12390100756	Open to receive Soul Echo EXP.	เปิดเพื่อรับ Soul Echo EXP
12390100755	Open to receive @{1} Oridecon and @{2} Aluminum.	เปิดเพื่อรับ Oridecon @{1} ชิ้น และ Aluminum @{2} ชิ้น
12390100754	Grants one random Refinement Blessing material.	สุ่มรับวัตถุดิบ Refinement Blessing หนึ่งชิ้น
12390100753	Grants a random Advanced Divine Art Totem Skill Book.	สุ่มรับหนังสือสกิล Advanced Divine Art Totem
12390100752	Randomly obtain a low-tier Divine Totem Skill Book.	สุ่มรับหนังสือสกิล Divine Totem ระดับล่าง
12390100751	Randomly obtain one piece of Blue, Purple, or Orange Headwear.	สุ่มรับเครื่องประดับศีรษะสีฟ้า สีม่วง หรือสีส้มหนึ่งชิ้น
12390100750	Obtain Green and Blue Headgear Materials, plus one random Purple or Orange Headgear Material.	ได้รับวัตถุดิบเครื่องประดับศีรษะสีเขียวและสีฟ้า พร้อมสุ่มรับวัตถุดิบเครื่องประดับศีรษะสีม่วงหรือสีส้มหนึ่งชิ้น
12390100749	Open to select and obtain one Blue Card.	เปิดเพื่อเลือกและรับการ์ดสีฟ้าหนึ่งใบ
12390100748	Open to select and receive one T@{1} Orange equipment item.	เปิดเพื่อเลือกและรับอุปกรณ์สีส้ม T@{1} หนึ่งชิ้น
12390100747	Open to select one T@{1} orange weapon.	เปิดเพื่อเลือกอาวุธสีส้ม T@{1} หนึ่งชิ้น
12390100746	Open the gift box to receive one random Refinement Material.	เปิดกล่องของขวัญเพื่อสุ่มรับวัตถุดิบตีบวกหนึ่งชิ้น
12390100745	Open to obtain a Card: Savage Babe.	เปิดเพื่อรับการ์ด Savage Babe
12390100744	Open the gift box to receive a random Purple Quality card.	เปิดกล่องของขวัญเพื่อสุ่มรับการ์ดคุณภาพสีม่วง
12390100743	A lavish gift awarded to active participants in the Territory War.	ของขวัญล้ำค่าที่มอบให้ผู้เข้าร่วม Territory War อย่างแข็งขัน
12390100742	The highest honor reserved for those who achieve outstanding merit in the Territory War.	เกียรติยศสูงสุดสำหรับผู้สร้างผลงานยอดเยี่ยมใน Territory War
12390100741	Open this chest to select one type of T@{1} Fragment.	เปิดหีบนี้เพื่อเลือก Fragment T@{1} หนึ่งประเภท
12390100740	Open to receive a Tier @{1} Orange weapon for your class.	เปิดเพื่อรับอาวุธสีส้ม Tier @{1} สำหรับคลาสของผู้ใช้
12390100739	Open this gift box to randomly obtain one Card of any Rarity.	เปิดกล่องของขวัญนี้เพื่อสุ่มรับการ์ดหนึ่งใบจากทุกระดับความหายาก
12390100732	Open to receive all of the following Soul Echoes.	เปิดเพื่อรับ Soul Echoes ทั้งหมดต่อไปนี้
12390100731	Open to receive one common crafting material.	เปิดเพื่อรับวัตถุดิบสร้างไอเทมทั่วไปหนึ่งชิ้น
12390100730	Open to receive a certain number of Unclaimed Soul Crystals.	เปิดเพื่อรับ Unclaimed Soul Crystals จำนวนหนึ่ง
12390100729	Open this gift box to randomly obtain one of the following Soul Echoes.	เปิดกล่องของขวัญนี้เพื่อสุ่มรับ Soul Echoes หนึ่งรายการจากรายการต่อไปนี้
12390100728	Contents vary depending on the Season in which it is opened.	ของภายในเปลี่ยนไปตาม Season ที่เปิด
12390100721	Open to receive @{1} Card: Whisper, @{2} Blue Card Shards, and @{3} Diamonds.	เปิดเพื่อรับการ์ด Whisper @{1} ใบ, Blue Card Shards @{2} ชิ้น และ Diamonds @{3} เม็ด
12390100720	Open to select one piece of T@{1} Orange Equipment.	เปิดเพื่อเลือกอุปกรณ์สีส้ม T@{1} หนึ่งชิ้น
12390100719	Open to select one Weapon.	เปิดเพื่อเลือกอาวุธหนึ่งชิ้น
12390100718	Beginner's Chest--Can be opened upon reaching Base Lv. @{1}.	Beginner's Chest--เปิดได้เมื่อถึง Base Lv. @{1}
12390100717	Open this gift box to obtain a certain number of Candles of Contemplation.	เปิดกล่องของขวัญนี้เพื่อรับ Candles of Contemplation จำนวนหนึ่ง
12390100716	Open this gift box to randomly obtain one of the following Divine Art Totem Skill Books.	เปิดกล่องของขวัญนี้เพื่อสุ่มรับหนังสือสกิล Divine Art Totem หนึ่งเล่มจากรายการต่อไปนี้
12390100715	Open this gift box to randomly obtain one of the following Soul Echoes.	เปิดกล่องของขวัญนี้เพื่อสุ่มรับ Soul Echoes หนึ่งรายการจากรายการต่อไปนี้
12390100714	Open this gift box to obtain a large number of progression items.	เปิดกล่องของขวัญนี้เพื่อรับไอเทมพัฒนาตัวละครจำนวนมาก
12390100713	Open this Pack to obtain @{1} Star Diamond I and @{2} Starlight Silk I.	เปิดแพ็กนี้เพื่อรับ Star Diamond I @{1} ชิ้น และ Starlight Silk I @{2} ชิ้น
12390100712	Open to obtain a Tier @{1} Weapon Blueprint and the required Crafting Materials.	เปิดเพื่อรับ Weapon Blueprint Tier @{1} และวัตถุดิบที่ใช้สร้าง
12390100711	Open to obtain @{1} Spirit Pact Stones, @{2} Pet Training Diary I, and @{3} Diamonds.	เปิดเพื่อรับ Spirit Pact Stones @{1} ชิ้น, Pet Training Diary I @{2} เล่ม และ Diamonds @{3} เม็ด
12390100710	Open to obtain @{1} Card: Eclipse, @{2} Blue Card Fragments, and @{3} Diamonds.	เปิดเพื่อรับการ์ด Eclipse @{1} ใบ, Blue Card Fragments @{2} ชิ้น และ Diamonds @{3} เม็ด
12390100709	Open to obtain Card: Golden Thief Bug, a large amount of Zeny, and some Blue Card Fragments.	เปิดเพื่อรับการ์ด Golden Thief Bug, Zeny จำนวนมาก และ Blue Card Fragments จำนวนหนึ่ง
12390100700	A top-quality fish used in many dishes. Its high price makes it difficult to enjoy regularly.	ปลาคุณภาพเยี่ยมที่ใช้ทำอาหารได้หลายเมนู ราคาสูงจนยากจะกินเป็นประจำ
12390100699	A transparent jellyfish with a moon-shaped marking on its head. It is said to glow at night.	แมงกะพรุนโปร่งใสที่มีลายรูปดวงจันทร์บนหัว ว่ากันว่าเรืองแสงในเวลากลางคืน
12390100698	A blue-backed fish from Frozen waters that's very nutritious. Feed for the Pet [Leafy Cat]. Weight: @{1}	ปลาหลังสีน้ำเงินจากแหล่งน้ำเย็นจัด อุดมด้วยสารอาหาร ใช้เป็นอาหารสัตว์เลี้ยง [ Leafy Cat ] น้ำหนัก: @{1}
12390100697	A sea urchin covered in spiky armor. Handle it carefully, or it may prick your hand.	เม่นทะเลที่มีเกราะหนามปกคลุม จับอย่างระมัดระวัง ไม่เช่นนั้นอาจถูกหนามทิ่มมือ
12390100696	An eight-legged mollusk. It will Launch ink when threatened, so be careful.	สัตว์จำพวกหอยที่มีแปดแขน เมื่อถูกคุกคามจะพ่นหมึก จึงต้องระวัง
12390100695	A premium, colorful, and delicious sea bream used in many dishes.	ปลาทะเลตระกูลซีบรีมคุณภาพดี สีสวย รสอร่อย ใช้ทำอาหารได้หลายเมนู
12390100692	A shimmering star fragment from the intertidal zone. Legend says its tentacles absorb moonlight.	เศษดาวระยิบระยับจากเขตน้ำขึ้นน้ำลง ตำนานกล่าวว่าหนวดของมันดูดซับแสงจันทร์ได้
12390100691	An amphibian with incredible jumping ability. Its slippery body makes it difficult to catch.	สัตว์สะเทินน้ำสะเทินบกที่กระโดดได้ยอดเยี่ยม ลำตัวลื่นทำให้จับได้ยาก
12390100690	An eel renowned for its strength. One of the best fish for restoring energy.	ปลาไหลที่ขึ้นชื่อเรื่องพละกำลัง เป็นหนึ่งในปลาที่ช่วยฟื้นพลังได้ดีที่สุด
12390100688	A blue crab used in many dishes. Sometimes used as bait.	ปูสีน้ำเงินที่ใช้ทำอาหารได้หลายเมนู บางครั้งใช้เป็นเหยื่อตกปลา
12390100687	DHA-rich mackerel that is sometimes used as bait.	ปลาแมกเคอเรลที่อุดมด้วย DHA บางครั้งใช้เป็นเหยื่อตกปลา
12390100686	A small, common Basilac Clam that is easy to catch almost anywhere. Sometimes used as bait.	Basilac Clam ตัวเล็กที่พบทั่วไป จับได้ง่ายแทบทุกแห่ง บางครั้งใช้เป็นเหยื่อตกปลา
12390100685	A crustacean with five pairs of legs. It turns pink when cooked and is absolutely delicious.	สัตว์เปลือกแข็งที่มีขาห้าคู่ เมื่อปรุงสุกจะเปลี่ยนเป็นสีชมพูและอร่อยมาก
12390100684	Enhanced sacred armor plating combining high durability with holy protection, providing top-tier defense.	แผ่นเกราะศักดิ์สิทธิ์ที่เสริมพลังแล้ว ผสานความทนทานสูงกับการคุ้มครองศักดิ์สิทธิ์ ให้การป้องกันระดับสูงสุด
12390100683	Armor plating made from an alloy blessed by holy light, providing advanced protection.	แผ่นเกราะทำจากโลหะผสมที่ได้รับพรจากแสงศักดิ์สิทธิ์ ให้การป้องกันขั้นสูง
12390100682	Armor plating treated to Enhance its strength, providing intermediate protection.	แผ่นเกราะที่ผ่านกระบวนการเพิ่มความแข็งแกร่ง ให้การป้องกันระดับกลาง
12390100681	Armor plating forged from ordinary Metal, providing basic protection.	แผ่นเกราะตีขึ้นจากโลหะทั่วไป ให้การป้องกันพื้นฐาน
12390100679	A semi-finished sacred cloth material for shoulder armor. Its blessed Orbit provides Extra DEF.	วัตถุดิบผ้าศักดิ์สิทธิ์กึ่งสำเร็จรูปสำหรับเกราะไหล่ Orbit ที่ได้รับพรช่วยเพิ่ม DEF
12390100677	Fabric used to line sacred equipment, providing a blessing bonus and greater protection.	ผ้าสำหรับบุอุปกรณ์ศักดิ์สิทธิ์ เพิ่มโบนัสพรและการป้องกัน
12390100676	A roll of sacred cloth radiating intense holy light. Used to craft advanced equipment.	ผ้าศักดิ์สิทธิ์หนึ่งม้วนที่แผ่แสงศักดิ์สิทธิ์เข้มข้น ใช้สร้างอุปกรณ์ขั้นสูง
12390100675	High-quality silk thread made from fine silk fibers. Used to sew advanced clothing or equipment.	เส้นไหมคุณภาพสูงจากใยไหมเนื้อละเอียด ใช้เย็บเสื้อผ้าหรืออุปกรณ์ขั้นสูง
12390100674	A semi-finished silk material for footwear. Used to craft fine footwear or armor.	วัตถุดิบไหมกึ่งสำเร็จรูปสำหรับรองเท้า ใช้สร้างรองเท้าหรือชุดเกราะชั้นดี
12390100672	A semi-finished material made from initially processed raw silk. Used to craft fine clothing or armor.	วัตถุดิบกึ่งสำเร็จรูปจากไหมดิบที่ผ่านการแปรรูปเบื้องต้น ใช้สร้างเสื้อผ้าหรือชุดเกราะชั้นดี
12390100671	Silk material used to line clothing or armor, providing both comfort and Extra cushioning.	วัสดุไหมสำหรับบุเสื้อผ้าหรือชุดเกราะ ให้ความสบายและช่วยรองรับแรงกระแทกเพิ่มขึ้น
12390100669	Woolen material used to line clothing or armor, providing Extra warmth and cushioning.	วัสดุขนสัตว์สำหรับบุเสื้อผ้าหรือชุดเกราะ เพิ่มความอบอุ่นและการรองรับแรงกระแทก
12390100668	Common silk thread used to sew clothing or light cloth equipment.	เส้นไหมทั่วไป ใช้เย็บเสื้อผ้าหรืออุปกรณ์ผ้าเนื้อบาง
12390100667	A roll of woolen cloth that provides good insulation, commonly used to Craft Fine equipment.	ผ้าขนสัตว์หนึ่งม้วนที่เก็บความอบอุ่นได้ดี นิยมใช้สร้างอุปกรณ์ชั้นดี
12390100666	A roll of coarse Cotton cloth used to make common cloth equipment and for basic sewing.	ผ้าฝ้ายเนื้อหยาบหนึ่งม้วน ใช้สร้างอุปกรณ์ผ้าทั่วไปและงานเย็บพื้นฐาน
12390100660	A special moss that grows in damp areas. It can be gathered and spun into warm fibers.	มอสชนิดพิเศษที่เติบโตในพื้นที่ชื้น เก็บมาปั่นเป็นเส้นใยที่ให้ความอบอุ่นได้
12390100659	A mysterious plant stem infused with nature's energy. It is said to give fabric an affinity for magic.	ก้านพืชลึกลับที่เปี่ยมด้วยพลังธรรมชาติ ว่ากันว่าช่วยให้ผ้ารับพลังเวทได้ดี
12390100658	Plant fluff that drifts on the wind. It can be gathered and used as stuffing.	ปุยพืชที่ปลิวไปตามลม เก็บมาใช้เป็นวัสดุยัดไส้ได้
12390100656	Rough hemp leaves found in the wilderness, used to weave coarse cloth or make basic yarn.	ใบป่านเนื้อหยาบที่พบในป่า ใช้ทอผ้าหยาบหรือทำเส้นด้ายพื้นฐาน
12390100655	A wooden rune imbued with the power of blessings that grants equipment Extra advanced magical effects.	รูนไม้ที่เปี่ยมด้วยพลังแห่งพร มอบเอฟเฟกต์เวทขั้นสูงเพิ่มเติมให้อุปกรณ์
12390100654	A wooden rune imbued with holy light that can add powerful magical effects to equipment.	รูนไม้ที่เปี่ยมด้วยแสงศักดิ์สิทธิ์ เพิ่มเอฟเฟกต์เวทอันทรงพลังให้อุปกรณ์ได้
12390100653	A wooden rune imbued with spiritual power that can add Extra magical properties to equipment.	รูนไม้ที่เปี่ยมด้วยพลังวิญญาณ เพิ่มคุณสมบัติเวทให้อุปกรณ์ได้
12390100652	A wooden rune engraved with mysterious symbols. It can add basic magical properties to equipment.	รูนไม้สลักสัญลักษณ์ลึกลับ เพิ่มคุณสมบัติเวทพื้นฐานให้อุปกรณ์ได้
12390100651	Wrapping material made from Sacred Wood, used to craft advanced equipment with blessed effects.	วัสดุหุ้มทำจาก Sacred Wood ใช้สร้างอุปกรณ์ขั้นสูงที่มีเอฟเฟกต์พร
12390100650	A specialized mold for crafting advanced rings and accessories imbued with blessed properties.	แม่พิมพ์เฉพาะสำหรับสร้างแหวนและเครื่องประดับขั้นสูงที่มีคุณสมบัติพร
12390100647	A block of Sacred Wood that emits a faint glow, used to craft advanced equipment.	Sacred Wood หนึ่งท่อนที่เปล่งแสงจาง ๆ ใช้สร้างอุปกรณ์ขั้นสูง
12390100646	An Ironwood outer layer used to wrap equipment, improving its durability and handling.	ชั้นผิว Ironwood สำหรับหุ้มอุปกรณ์ เพิ่มความทนทานและความถนัดในการใช้งาน
12390100645	A precision mold carved from Ironwood, used to make strong yet resilient rings.	แม่พิมพ์แกะจาก Ironwood อย่างประณีต ใช้สร้างแหวนที่แข็งแรงแต่ยืดหยุ่น
12390100641	Processed from Ironwood. Its hardness and resilience make it ideal for crafting fine equipment.	วัสดุแปรรูปจาก Ironwood ความแข็งและความยืดหยุ่นทำให้เหมาะกับการสร้างอุปกรณ์ชั้นดี
12390100639	Pure wood taken from the heart of solid timber, offering exceptional resilience and support.	ไม้เนื้อบริสุทธิ์จากแก่นไม้แข็ง ให้ความยืดหยุ่นและการรองรับที่ยอดเยี่ยม
12390100638	White crystals used as a basic seasoning to enhance the savory flavor of dishes.	ผลึกสีขาวที่ใช้เป็นเครื่องปรุงพื้นฐาน ช่วยเพิ่มรสกลมกล่อมให้อาหาร
12390100636	A clear, colorless liquid used in cooking to remove unwanted odors and enhance aroma.	ของเหลวใสไม่มีสี ใช้ในการปรุงอาหารเพื่อขจัดกลิ่นไม่พึงประสงค์และเพิ่มกลิ่นหอม
12390100634	White granulated crystals used to sweeten dishes.	ผลึกเม็ดสีขาวสำหรับเพิ่มความหวานให้อาหาร
12390100633	Tender animal meat that can be grilled or stewed for a variety of meat dishes.	เนื้อสัตว์นุ่มที่นำไปย่างหรือตุ๋นเป็นอาหารประเภทเนื้อได้หลากหลาย
12390100620	A whetstone polished multiple times to greatly improve a weapon's cutting power and durability.	หินลับมีดที่ผ่านการขัดหลายครั้ง ช่วยเพิ่มความคมและความทนทานของอาวุธอย่างมาก
12390100604	Not only is it sufficiently hard, but it is also easier to work with than other Metals.	มีความแข็งเพียงพอและขึ้นรูปได้ง่ายกว่าโลหะอื่น
12390100594	Restores @{1} Life Skill Vigor upon use.	ใช้เพื่อฟื้นฟู Vigor ของ Life Skill @{1} แต้ม
12390100592	Item used to Learn a skill.	ไอเทมสำหรับเรียนรู้สกิล
12390100591	Item used to Level-up a title.	ไอเทมสำหรับเพิ่มเลเวลฉายา
12390100590	Hide from a blue Pegasus said to exist only in Legend!\nIt's warm and soft to the touch.	หนังจาก Pegasus สีน้ำเงินที่ว่ากันว่ามีอยู่เพียงในตำนาน!\nสัมผัสอบอุ่นและนุ่มนวล
12390100589	A hard shell from a monster. Available from the Collector.	เปลือกแข็งจากมอนสเตอร์ หาได้จาก Collector
12390100585	A knife-sharp scale that can be processed into many useful items. Available from the Collector.	เกล็ดคมราวใบมีด แปรรูปเป็นไอเทมที่มีประโยชน์ได้หลายชนิด หาได้จาก Collector
12390100584	A fingernail taken from the dead. Available from the Collector.	เล็บจากผู้ตาย หาได้จาก Collector
10110300083	Can only be used while riding Madogear. Equip ${1} Vulcan Arm on each hand and Launch them at ${3} selected enemies up to ${2} meters away, dealing ${4} hits of Neutral Ranged Physical DMG equal to PATK * ^{1}${5}%^{2}. Every ${6} casts of 【Vulcan Arm】 trigger 【Firepower Loaded】 ${7} times.\n【Firepower Loaded】: Increases the number of Cannon shells Launched by each 【Arm Cannon】 attack to ${8} for ${9} attacks.	ใช้ได้ขณะขับ Madogear เท่านั้น ติดตั้ง Vulcan Arm ${1} กระบอกบนมือแต่ละข้าง แล้วยิงใส่ศัตรูเป้าหมาย ${3} ตัว ในระยะไม่เกิน ${2} เมตร สร้างดาเมจกายภาพระยะไกลไร้ธาตุ ${4} ครั้ง เท่ากับ P.ATK * ^{1}${5}%^{2} ทุก ${6} ครั้งที่ใช้ [ Vulcan Arm ] จะทำให้ [ Firepower Loaded ] ทำงาน ${7} ครั้ง\n[ Firepower Loaded ]: เพิ่มจำนวนกระสุน Cannon ที่ยิงในการโจมตีด้วย [ Arm Cannon ] แต่ละครั้งเป็น ${8} นัด สำหรับการโจมตี ${9} ครั้ง
10110300084	Can only be used while riding Madogear. Launch Pile Bunker at ${2} selected enemies within ${1} meters of you and up to ${4} enemies within ${3} meters of them, dealing Neutral Ranged Physical DMG equal to PATK * ^{1}${5}%^{2}, inflicting ${6}-meter Knockback, and inflicting Stun for ${7} seconds. DMG increases with STR.	ใช้ได้ขณะขับ Madogear เท่านั้น ยิง Pile Bunker ใส่ศัตรูเป้าหมาย ${2} ตัว ในระยะ ${1} เมตร จากผู้ใช้ และศัตรูสูงสุด ${4} ตัว ในระยะ ${3} เมตร จากเป้าหมายเหล่านั้น สร้างดาเมจกายภาพระยะไกลไร้ธาตุ เท่ากับ P.ATK * ^{1}${5}%^{2} ผลักถอยหลัง ${6} เมตร และทำให้ติดสถานะ Stun เป็นเวลา ${7} วินาที ความเสียหายเพิ่มตาม STR
10110300085	Can only be used while riding Madogear. Use Flame Launcher on ${2} selected enemies within ${1} meters of you, dealing ${6} hits of Fire Ranged Physical DMG totaling PATK * ^{1}${7}%^{2} to up to ${5} targets in a ${3} * ${4}-meter rectangular area in front of you. Immediately triggers 【Firepower Loaded】 @{1} times after casting. 【Firepower Loaded】: Increases the number of Cannon shells Launched by each 【Arm Cannon】 attack to ${8} for ${9} attacks.	ใช้ได้ขณะขับ Madogear เท่านั้น ใช้ Flame Launcher ใส่ศัตรูเป้าหมาย ${2} ตัว ในระยะ ${1} เมตร จากผู้ใช้ โจมตี ${6} ครั้ง สร้างดาเมจกายภาพระยะไกลธาตุ Fire รวมเท่ากับ P.ATK * ^{1}${7}%^{2} แก่เป้าหมายสูงสุด ${5} ตัว ในพื้นที่สี่เหลี่ยมขนาด ${3} * ${4} เมตร ด้านหน้าผู้ใช้ หลังร่ายจะทำให้ [ Firepower Loaded ] ทำงาน @{1} ครั้งทันที [ Firepower Loaded ]: เพิ่มจำนวนกระสุน Cannon ที่ยิงในการโจมตีด้วย [ Arm Cannon ] แต่ละครั้งเป็น ${8} นัด สำหรับการโจมตี ${9} ครั้ง
10110300086	Can only be used while riding Madogear. Use the thrusters to Move ^{1}${1}^{2} meters in the specified direction.	ใช้ได้ขณะขับ Madogear เท่านั้น ใช้เครื่องขับดันเคลื่อนที่ ^{1}${1}^{2} เมตร ไปในทิศทางที่กำหนด
10110300087	Can only be used while riding Madogear. Consumes HP equal to ^{1}${7}%^{2} of your Max HP and converts it into a 【Shield】 for @{1} seconds. Immediately removes all Control effects from you, then begins a ${1}-second countdown before using Energy Release. You have 【Immunity】 during the countdown. When the countdown ends, deal Neutral Melee Physical DMG equal to PATK * ^{3}${4}%^{4} to up to ${3} targets within a ${2}-meter radius and inflict Knock-Up. You then lose ${5}% of your current Max HP. This HP loss cannot be fatal. Reduces MSPD. by @{2}% for ${6} seconds.	ใช้ได้ขณะขับ Madogear เท่านั้น ใช้ HP เท่ากับ ^{1}${7}%^{2} ของ Max HP แล้วแปลงเป็น [ Shield ] คงอยู่ @{1} วินาที ลบเอฟเฟกต์ควบคุมทั้งหมดจากผู้ใช้ทันที จากนั้นเริ่มนับถอยหลัง ${1} วินาทีก่อนใช้ Energy Release ระหว่างนับถอยหลังจะมี [ Immunity ] เมื่อนับถอยหลังสิ้นสุด สร้างดาเมจกายภาพระยะประชิดไร้ธาตุ เท่ากับ P.ATK * ^{3}${4}%^{4} แก่เป้าหมายสูงสุด ${3} ตัว ในรัศมี ${2} เมตร และทำให้ลอยขึ้น จากนั้นผู้ใช้สูญเสีย HP เท่ากับ ${5}% ของ Max HP ปัจจุบัน การสูญเสีย HP นี้ไม่ทำให้ตาย ลด MSPD ลง @{2}% เป็นเวลา ${6} วินาที
10110300088	Can only be used while riding Madogear. Bombard a ${1} * ${2}-meter area in the specified direction. You have 【Immunity】 while using the skill and deal Neutral Ranged Physical DMG totaling PATK * ^{1}${4}%^{2} to up to ${3} enemies along the path. Increases MSPD by ^{3}${5}%^{4} for the skill's duration.	ใช้ได้ขณะขับ Madogear เท่านั้น ยิงถล่มพื้นที่ขนาด ${1} * ${2} เมตร ไปในทิศทางที่กำหนด ผู้ใช้มี [ Immunity ] ขณะใช้สกิล และสร้างดาเมจกายภาพระยะไกลไร้ธาตุรวมเท่ากับ P.ATK * ^{1}${4}%^{2} แก่ศัตรูสูงสุด ${3} ตัว ตามเส้นทาง เพิ่ม MSPD ขึ้น ^{3}${5}%^{4} ตลอดระยะเวลาสกิล
10110300089	Releases a pulse within a ${1} m radius, dealing Physical ATK * ^{1}${3}%^{2} Neutral melee Physical DMG ${2} times.	ปล่อยพัลส์ในรัศมี ${1} เมตร สร้างดาเมจกายภาพระยะประชิดไร้ธาตุ เท่ากับ P.ATK * ^{1}${3}%^{2} จำนวน ${2} ครั้ง
10110300090	Once learned, Mechanics can use the Kinetic Battle Axe and its related skills.	เมื่อเรียนรู้แล้ว Mechanic สามารถใช้ Kinetic Battle Axe และสกิลที่เกี่ยวข้องได้
10110300091	Can only be used while riding Madogear. Consumes HP equal to ^{1}${7}%^{2} of your Max HP, immediately removes all Control effects from you, then begins a ${1}-second countdown before using Energy Release. You have 【Immunity】 during the countdown. When the countdown ends, deal Neutral Melee Physical DMG equal to PATK * ^{3}${4}%^{4} to up to ${3} targets within a ${2}-meter radius. You then lose ${5}% of your current Max HP. This HP loss cannot be fatal. Reduces MSPD. by @{1}% for ${6} seconds.	ใช้ได้ขณะขับ Madogear เท่านั้น ใช้ HP เท่ากับ ^{1}${7}%^{2} ของ Max HP ลบเอฟเฟกต์ควบคุมทั้งหมดจากผู้ใช้ทันที จากนั้นเริ่มนับถอยหลัง ${1} วินาทีก่อนใช้ Energy Release ระหว่างนับถอยหลังจะมี [ Immunity ] เมื่อนับถอยหลังสิ้นสุด สร้างดาเมจกายภาพระยะประชิดไร้ธาตุ เท่ากับ P.ATK * ^{3}${4}%^{4} แก่เป้าหมายสูงสุด ${3} ตัว ในรัศมี ${2} เมตร จากนั้นผู้ใช้สูญเสีย HP เท่ากับ ${5}% ของ Max HP ปัจจุบัน การสูญเสีย HP นี้ไม่ทำให้ตาย ลด MSPD ลง @{1}% เป็นเวลา ${6} วินาที
10110300092	Uses a Burst of speed to move ${1} m in the designated direction.	เคลื่อนที่อย่างรวดเร็ว ${1} เมตร ไปในทิศทางที่กำหนด
10110300093	Perform a Dance Move in the designated direction	ทำท่าเต้นในทิศทางที่กำหนด
10110300094	Dance Move	ท่าเต้น
10110300095	Charges one of the @{1} Bells on the field, then shuffles them. Players must destroy the charged Bell.	ชาร์จพลังให้ระฆังหนึ่งใบจากทั้งหมด @{1} ใบในสนาม แล้วสลับตำแหน่ง ผู้เล่นต้องทำลายระฆังที่ได้รับการชาร์จพลัง
10110300096	The field goes dark. Each player can see one glowing Bell and must follow it.	สนามมืดลง ผู้เล่นแต่ละคนจะเห็นระฆังเรืองแสงหนึ่งใบและต้องติดตามมัน
10110300097	Angeling consecutively releases three rings of light energy around itself, damaging players hit.	Angeling ปล่อยวงแหวนพลังแสงสามวงรอบตัวติดต่อกัน สร้างความเสียหายแก่ผู้เล่นที่ถูกวงแหวน
10110300098	Angeling gathers light energy, damaging players in a fan-shaped area ahead.	Angeling รวบรวมพลังแสง สร้างความเสียหายแก่ผู้เล่นในพื้นที่รูปพัดด้านหน้า
10110300099	Strikes the currently targeted player in the grid	โจมตีผู้เล่นเป้าหมายปัจจุบันในช่องตาราง
10110300100	Deviling gathers dark energy, damaging players in a fan-shaped area ahead.	Deviling รวบรวมพลังมืด สร้างความเสียหายแก่ผู้เล่นในพื้นที่รูปพัดด้านหน้า
10110300101	Deviling consecutively releases three rings of dark energy around itself, damaging players hit.	Deviling ปล่อยวงแหวนพลังมืดสามวงรอบตัวติดต่อกัน สร้างความเสียหายแก่ผู้เล่นที่ถูกวงแหวน
10110300102	Place Live Coal	ใส่ Live Coal
10110300103	Place Accelerant	ใส่ Accelerant
10110300104	Collect Live Coals	เก็บ Live Coals
10110300105	Collect	เก็บ
10110300106	Cancel Transformation	ยกเลิกการแปลงร่าง
10110300107	Enlarge the target	ขยายขนาดเป้าหมาย
10110300108	Shrink the target	ย่อขนาดเป้าหมาย
10110300109	Connect to them with a red line	เชื่อมกับเป้าหมายด้วยเส้นสีแดง
10110300110	Strikes an enemy with great force, dealing Physical ATK * ^{1}${2}% + ${3}^{2} Neutral melee Physical DMG to a designated ST enemy within ${1} m.	โจมตีศัตรูอย่างรุนแรง สร้างดาเมจกายภาพระยะประชิดไร้ธาตุ เท่ากับ P.ATK * ^{1}${2}% + ${3}^{2} แก่ศัตรูเป้าหมายแบบ Single Target ในระยะ ${1} เมตร
10110300111	Launches an electric orb, dealing MATK * ^{1}${2}% + ${3}^{2} Wind ranged Magic DMG to a designated ST enemy within ${1} m and ^{3}knocking them back^{4} ${4} m.	ยิงลูกแก้วไฟฟ้า สร้างดาเมจเวทระยะไกลธาตุ Wind เท่ากับ M.ATK * ^{1}${2}% + ${3}^{2} แก่ศัตรูเป้าหมายแบบ Single Target ในระยะ ${1} เมตร และ ^{3}ผลักถอยหลัง^{4} ${4} เมตร
10110300112	Restores ^{3}Life^{4} equal to MATK * ^{1}${2}% + ${3}^{2} for you and a designated ST ally within ${1} m. Each ^{5}Base Level^{6} increases ^{7}Healing Volume by ${4}%^{8}. When used on an ^{9}Undead^{10} enemy, deals MATK * ^{11}${5}% + ${6}^{12} Holy ranged Magic DMG.	ฟื้นฟู ^{3}HP^{4} เท่ากับ M.ATK * ^{1}${2}% + ${3}^{2} ให้แก่ผู้ใช้และพันธมิตรเป้าหมายแบบ Single Target ในระยะ ${1} เมตร ทุก ^{5}Base Level^{6} เพิ่ม ^{7}ปริมาณการฟื้นฟู ${4}%^{8} เมื่อใช้กับศัตรู ^{9}Undead^{10} จะสร้างดาเมจเวทระยะไกลธาตุ Holy เท่ากับ M.ATK * ^{11}${5}% + ${6}^{12}
10110300113	Immediately enters ^{1}^{2}【Camouflage】^{3}^{4} and 【Hiding】^{5}^{6}, making you invisible and untargetable and increasing Movement Speed by ^{7}${1}%^{8} for ${2} sec.\nDealing or taking damage a total of ${3} times immediately ends 【Camouflage】 and 【Hiding】.	เข้าสู่สถานะ ^{1}^{2}[ Camouflage ]^{3}^{4} และ [ Hiding ]^{5}^{6} ทันที ทำให้ล่องหนและถูกเลือกเป็นเป้าหมายไม่ได้ พร้อมเพิ่ม MSPD ขึ้น ^{7}${1}%^{8} เป็นเวลา ${2} วินาที\nเมื่อสร้างหรือได้รับความเสียหายรวม ${3} ครั้ง จะสิ้นสุด [ Camouflage ] และ [ Hiding ] ทันที
10110300114	Deals Physical ATK * ^{1}${3}% + ${4}^{2} Fire melee Physical DMG to up to ${2} enemies within a ${1} m radius, increases your Fire DMG by ^{3}${5}%^{4}, and changes Normal Attacks to Fire for ${6} sec.	สร้างดาเมจกายภาพระยะประชิดธาตุ Fire เท่ากับ P.ATK * ^{1}${3}% + ${4}^{2} แก่ศัตรูสูงสุด ${2} ตัว ในรัศมี ${1} เมตร เพิ่มความเสียหายธาตุ Fire ของผู้ใช้ขึ้น ^{3}${5}%^{4} และเปลี่ยนการโจมตีปกติเป็นธาตุ Fire เป็นเวลา ${6} วินาที
10110300115	Deals Physical ATK * ^{1}${2}% + ${3}^{2} Poison melee Physical DMG to a designated ST enemy within ${1} m and applies ^{3}^{4}【Poisoned】^{5}^{6} damage.	สร้างดาเมจกายภาพระยะประชิดธาตุ Poison เท่ากับ P.ATK * ^{1}${2}% + ${3}^{2} แก่ศัตรูเป้าหมายแบบ Single Target ในระยะ ${1} เมตร และทำให้ได้รับความเสียหายจากสถานะ ^{3}^{4}[ Poisoned ]^{5}^{6}
10110300116	Summons Sight around you, revealing hidden targets within a ${2} m radius over ${1} sec.	อัญเชิญ Sight รอบตัว เปิดเผยเป้าหมายที่ซ่อนตัวในรัศมี ${2} เมตร เป็นเวลา ${1} วินาที
10110300117	Can only be used while under ^{1}^{2}【Camouflage】^{3}^{4}. Deals Physical ATK * ^{5}${3}% + ${4}^{6} Neutral melee Physical DMG to up to ${2} enemies within a ${1} m radius, with a ${5}% Chance to inflict ^{7}^{8}【Stun】^{9}^{10} for ${6} sec and a ${7}% Chance to inflict ^{11}^{12}【Blind】^{13}^{14} for ${8} sec.	ใช้ได้ขณะมีสถานะ ^{1}^{2}[ Camouflage ]^{3}^{4} เท่านั้น สร้างดาเมจกายภาพระยะประชิดไร้ธาตุ เท่ากับ P.ATK * ^{5}${3}% + ${4}^{6} แก่ศัตรูสูงสุด ${2} ตัว ในรัศมี ${1} เมตร มีโอกาส ${5}% ทำให้ติดสถานะ ^{7}^{8}[ Stun ]^{9}^{10} เป็นเวลา ${6} วินาที และมีโอกาส ${7}% ทำให้ติดสถานะ ^{11}^{12}[ Blind ]^{13}^{14} เป็นเวลา ${8} วินาที
10110300118	Master the Spear. When equipped with a Spear weapon, increases Physical ATK by ^{1}${1}^{2}.	ฝึกฝนการใช้หอก เมื่อสวมหอก เพิ่ม P.ATK ขึ้น ^{1}${1}^{2}
10110300119	Specializes in Spear weapons, increasing CRIT by ^{1}${1}^{2}, CRIT RES by ^{3}${2}^{4}, and Attack Speed by ^{5}${3}^{6}%.	เพิ่มความชำนาญอาวุธหอก เพิ่ม CRIT ขึ้น ^{1}${1}^{2}, CRIT RES ขึ้น ^{3}${2}^{4} และ ASPD ขึ้น ^{5}${3}^{6}%
10110300120	Increases your damage against Undead property monsters and Demon Race monsters by ^{1}${1}%^{2}.	เพิ่มความเสียหายของผู้ใช้ต่อมอนสเตอร์ธาตุ Undead และมอนสเตอร์เผ่า Demon ขึ้น ^{1}${1}%^{2}
10110300121	Reduces damage taken from Undead property monsters and Demon Race monsters by ^{1}${1}%^{2}.	ลดความเสียหายที่ได้รับจากมอนสเตอร์ธาตุ Undead และมอนสเตอร์เผ่า Demon ลง ^{1}${1}%^{2}
10110300122	Removes ^{1}【Silence】^{2} and ^{3}【Blind】^{4} from a designated ST ally within ${1} m.	ลบสถานะ ^{1}[ Silence ]^{2} และ ^{3}[ Blind ]^{4} จากพันธมิตรเป้าหมายแบบ Single Target ในระยะ ${1} เมตร
10110300123	Learn riding techniques to unlock the Peco Peco mount and increase Movement Speed by ^{1}${1}%^{2} while mounted.	เรียนรู้ทักษะการขี่เพื่อปลดล็อกสัตว์ขี่ Peco Peco และเพิ่ม MSPD ขึ้น ^{1}${1}%^{2} ขณะขี่
10110300124	Shield skill. Expand Auto Guard, increasing your PDEF and MDEF by ^{1}${2}^{2} for ${1} seconds.	สกิลโล่ ขยายพลัง Auto Guard เพิ่ม P.DEF และ M.DEF ของผู้ใช้ขึ้น ^{1}${2}^{2} เป็นเวลา ${1} วินาที
10110300125	Shield skill. Attack with your Shield, dealing Neutral Melee Physical DMG equal to PATK * ^{1}${2}%^{2} + ^{3}${3}^{4} to the selected ST enemy within ${1} meters.	สกิลโล่ โจมตีด้วยโล่ สร้างดาเมจกายภาพระยะประชิดไร้ธาตุ เท่ากับ P.ATK * ^{1}${2}%^{2} + ^{3}${3}^{4} แก่ศัตรูเป้าหมายแบบ Single Target ในระยะ ${1} เมตร
10110300126	Shield skill. Grants you 【Shield Reflect】 for ${3} seconds. 【Shield Reflect】: When you take Melee Physical DMG from an attacker within ${5} meters, deals Neutral Melee Physical DMG equal to your PATK * ^{1}${2}%^{2} + ^{3}${6}^{4} to the attacker. This effect can trigger up to ${4} times per second.	สกิลโล่ มอบ [ Shield Reflect ] ให้แก่ผู้ใช้ เป็นเวลา ${3} วินาที [ Shield Reflect ]: เมื่อได้รับดาเมจกายภาพระยะประชิดจากผู้โจมตีในระยะ ${5} เมตร จะสร้างดาเมจกายภาพระยะประชิดไร้ธาตุ เท่ากับ P.ATK ของผู้ใช้ * ^{1}${2}%^{2} + ^{3}${6}^{4} กลับไปยังผู้โจมตี เอฟเฟกต์นี้ทำงานได้สูงสุด ${4} ครั้งต่อวินาที
10110300127	Deals Holy melee Physical damage equal to the caster's Physical ATK*^{1}${2}%^{2}+^{3}${7}^{4} to a designated ST enemy within ${1} meters and has a ${3}% Chance to inflict ^{5}Blind^{6} for ${6} seconds. When the caster has a two-handed spear equipped, the damage multiplier is increased by an Extra ^{7}${4}%^{8}. This skill is treated as a Basic Attack and has an Attack Speed ratio of ${5}%.	สร้างดาเมจกายภาพระยะประชิดธาตุ Holy เท่ากับ P.ATK ของผู้ใช้*^{1}${2}%^{2}+^{3}${7}^{4} แก่ศัตรูเป้าหมายแบบ Single Target ในระยะ ${1} เมตร และมีโอกาส ${3}% ทำให้ติดสถานะ ^{5}Blind^{6} เป็นเวลา ${6} วินาที เมื่อผู้ใช้สวมหอกสองมือ ตัวคูณความเสียหายเพิ่มอีก ^{7}${4}%^{8} สกิลนี้ถือเป็นการโจมตีปกติ และมีอัตราส่วน ASPD ${5}%
10110300128	Consumes ^{1}${1}^{2} HP to deal Holy Melee Physical DMG equal to PATK * ^{3}${3}%^{4} + ^{5}${4}^{6} to up to ${5} enemies within a ${2}-meter radius. You have ^{7} ^{8}【Endure】^{9} ^{10} while using the skill.	ใช้ HP ^{1}${1}^{2} แต้ม สร้างดาเมจกายภาพระยะประชิดธาตุ Holy เท่ากับ P.ATK * ^{3}${3}%^{4} + ^{5}${4}^{6} แก่ศัตรูสูงสุด ${5} ตัว ในรัศมี ${2} เมตร ผู้ใช้มี ^{7} ^{8}[ Endure ]^{9} ^{10} ขณะใช้สกิล
10110300129	Select a single ally within ${3} meters of you. For the next ${1} seconds, you take ^{1}${2}%^{2} of the damage they receive. If the Distance between you exceeds ${4} meters during this time, the effect ends.	เลือกพันธมิตรหนึ่งตัวในระยะ ${3} เมตร จากผู้ใช้ เป็นเวลา ${1} วินาที ผู้ใช้จะรับ ^{1}${2}%^{2} ของความเสียหายที่พันธมิตรได้รับแทน หากระยะห่างเกิน ${4} เมตร ระหว่างนี้ เอฟเฟกต์จะสิ้นสุด
10110300130	Reduces damage taken from the Demon Race and Holy-property attacks by ^{1}${2}%^{2} for yourself and up to ${3} allies within a ${1}-meter radius for ${4} seconds.	ลดความเสียหายที่ได้รับจากเผ่า Demon และการโจมตีธาตุ Holy ลง ^{1}${2}%^{2} ให้แก่ผู้ใช้และพันธมิตรสูงสุด ${3} ตัว ในรัศมี ${1} เมตร เป็นเวลา ${4} วินาที
10110300131	Shield skill. Grants you 【Defending Aura】 for ${1} seconds. 【Defending Aura】: Reduces Ranged Physical DMG taken by ^{1}${2}%^{2}.	สกิลโล่ มอบ [ Defending Aura ] ให้แก่ผู้ใช้ เป็นเวลา ${1} วินาที [ Defending Aura ]: ลดดาเมจกายภาพระยะไกลที่ได้รับลง ^{1}${2}%^{2}
10110300132	Enters the 【Shrink】 state for ${1} sec. While 【Auto Guard】 is active, taking damage from an attacker within ${5} meters has a ^{1}${2}%^{2} Chance to inflict ^{3}^{4}【Stun】^{5} ^{6}on them for ${3} sec. (Cooldown: ${4} sec.)	เข้าสู่สถานะ [ Shrink ] เป็นเวลา ${1} วินาที ขณะ [ Auto Guard ] ทำงาน เมื่อได้รับความเสียหายจากผู้โจมตีในระยะ ${5} เมตร จะมีโอกาส ^{1}${2}%^{2} ทำให้ผู้โจมตีติดสถานะ ^{3}^{4}[ Stun ]^{5} ^{6} เป็นเวลา ${3} วินาที (Cooldown: ${4} วินาที)
10110300133	Max Life increases by ^{1}${1}^{2}, and Holy damage taken is reduced by ^{3}${2}%^{4}.	Max HP เพิ่มขึ้น ^{1}${1}^{2} และความเสียหายธาตุ Holy ที่ได้รับลดลง ^{3}${2}%^{4}
10110300134	Shield skill. Throw your Shield, dealing Neutral Melee Physical DMG equal to PATK * ^{1}${2}%^{2} + *^{3}${3}^{4} to the selected ST enemy within ${1} meters.	สกิลโล่ ขว้างโล่ สร้างดาเมจกายภาพระยะประชิดไร้ธาตุ เท่ากับ P.ATK * ^{1}${2}%^{2} + *^{3}${3}^{4} แก่ศัตรูเป้าหมายแบบ Single Target ในระยะ ${1} เมตร
10110300135	Shield skill. Throw your Shield, dealing Neutral Melee Physical DMG equal to PATK * ^{1}${2}%^{2} to the selected ST enemy within ${1} meters.	สกิลโล่ ขว้างโล่ สร้างดาเมจกายภาพระยะประชิดไร้ธาตุ เท่ากับ P.ATK * ^{1}${2}%^{2} แก่ศัตรูเป้าหมายแบบ Single Target ในระยะ ${1} เมตร
10110300136	Mastery of shields increases damage reduction from monsters by ^{1}${1}%^{2} while a shield is equipped. Does not stack with other monster damage reduction effects.	ความชำนาญโล่เพิ่มการลดความเสียหายจากมอนสเตอร์ขึ้น ^{1}${1}%^{2} ขณะสวมโล่ ไม่สะสมร่วมกับเอฟเฟกต์ลดความเสียหายจากมอนสเตอร์อื่น
10110300137	Two-Handed Spear skill. Deals Holy Melee Physical DMG equal to PATK * ^{1}${2}%^{2} + ^{3}${3}^{4} to the selected ST enemy within ${1} meters and reduces their SP by ^{5}${4}^{6}.	สกิลหอกสองมือ สร้างดาเมจกายภาพระยะประชิดธาตุ Holy เท่ากับ P.ATK * ^{1}${2}%^{2} + ^{3}${3}^{4} แก่ศัตรูเป้าหมายแบบ Single Target ในระยะ ${1} เมตร และลด SP ของเป้าหมายลง ^{5}${4}^{6}
10110300138	Enhance your Normal Attacks for ${1} seconds, increasing the percentage DMG multiplier of ^{1}^{2}【Basic Attack】^{3}^{4} by ^{5}${2}%^{6}, but each Normal Attack consumes ^{7}${3}^{8} HP.	เสริมพลังการโจมตีปกติเป็นเวลา ${1} วินาที เพิ่มตัวคูณความเสียหายแบบเปอร์เซ็นต์ของ ^{1}^{2}[ Basic Attack ]^{3}^{4} ขึ้น ^{5}${2}%^{6} แต่การโจมตีปกติแต่ละครั้งใช้ HP ^{7}${3}^{8} แต้ม
10110300139	Sing a gospel hymn for ${4} sec. While active, increases the Physical Defense and Magic Defense of you and up to ${5} allies within ${1} m by ^{1}${2}^{2}, and reduces the Physical Attack and Magic Attack of up to ${5} enemies within ${1} m by ^{3}${3}^{4}.	ร้องบทเพลงกอสเปลเป็นเวลา ${4} วินาที ขณะทำงาน เพิ่ม P.DEF และ M.DEF ให้แก่ผู้ใช้และพันธมิตรสูงสุด ${5} ตัว ในระยะ ${1} เมตร ขึ้น ^{1}${2}^{2} และลด P.ATK กับ M.ATK ของศัตรูสูงสุด ${5} ตัว ในระยะ ${1} เมตร ลง ^{3}${3}^{4}
10110300140	Shield skill. Throw your Shield, dealing Neutral Melee Physical DMG equal to your PATK * ^{1}${3}%^{2} + ^{3}${4}^{4} to the selected ST enemy within ${1} meters.	สกิลโล่ ขว้างโล่ สร้างดาเมจกายภาพระยะประชิดไร้ธาตุ เท่ากับ P.ATK ของผู้ใช้ * ^{1}${3}%^{2} + ^{3}${4}^{4} แก่ศัตรูเป้าหมายแบบ Single Target ในระยะ ${1} เมตร
10110300142	Increases Attack Speed by ^{1}${1}%^{2} and Physical and Magic DEF by ^{3}${2}%^{4}.	เพิ่ม ASPD ขึ้น ^{1}${1}%^{2} และ P.DEF กับ M.DEF ขึ้น ^{3}${2}%^{4}
10110300143	Two-Handed Spear skill. Deals Neutral Melee Physical DMG equal to PATK * ^{1}${3}%^{2} to up to ${5} enemies in a ${2} * ${1}-meter area in front of you. For every @{1}% ASPD, this DMG increases by ^{3}${6}%^{4}.	สกิลหอกสองมือ สร้างดาเมจกายภาพระยะประชิดไร้ธาตุ เท่ากับ P.ATK * ^{1}${3}%^{2} แก่ศัตรูสูงสุด ${5} ตัว ในพื้นที่ขนาด ${2} * ${1} เมตร ด้านหน้าผู้ใช้ ทุก @{1}% ASPD จะเพิ่มความเสียหายนี้ขึ้น ^{3}${6}%^{4}
10110300144	Two-Handed Spear skill. Deals Neutral Melee Physical DMG equal to PATK * ^{1}${3}%^{2} to up to ${8} enemies in a ${2} * ${1}-meter area in front of you. For every ${7}% ASPD, this DMG increases by ^{3}${6}%^{4}, up to @{1}% ASPD. Grants you 【Charge Up】 for ${9} seconds. 【Charge Up】: Increases MSPD by ^{5}${4}%^{6}. The next time you Deals DMG, removes 【Charge Up】 and triggers 【Charge Up Strike】 against the primary target, dealing Neutral Melee Physical DMG equal to ^{7}${5}%^{8} PATK.	สกิลหอกสองมือ สร้างดาเมจกายภาพระยะประชิดไร้ธาตุ เท่ากับ P.ATK * ^{1}${3}%^{2} แก่ศัตรูสูงสุด ${8} ตัว ในพื้นที่ขนาด ${2} * ${1} เมตร ด้านหน้าผู้ใช้ ทุก ${7}% ASPD จะเพิ่มความเสียหายนี้ขึ้น ^{3}${6}%^{4} โดยคำนวณ ASPD ได้สูงสุด @{1}% มอบ [ Charge Up ] ให้แก่ผู้ใช้ เป็นเวลา ${9} วินาที [ Charge Up ]: เพิ่ม MSPD ขึ้น ^{5}${4}%^{6} เมื่อสร้างความเสียหายครั้งถัดไป จะลบ [ Charge Up ] และทำให้ [ Charge Up Strike ] ทำงานกับเป้าหมายหลัก สร้างดาเมจกายภาพระยะประชิดไร้ธาตุ เท่ากับ ^{7}${5}%^{8} ของ P.ATK
10110300171	Shield skill. ^{1}【Powerful Auto Counter】^{2}: Deals Neutral Melee Physical DMG equal to PATK * ^{3}${7}%^{4} to up to ${6} enemies within a ${4}-degree, ${9}-meter area in front of you. Against Monster targets, the percentage DMG multiplier increases by ^{5}${12}%^{6}. During this time, you have Debuff Immunity, Monster DMG Reduction increases by ^{7}${2}%^{8}, and you gain ^{9}${3}%^{10} DEF and MDEF Increase.	สกิลโล่ ^{1}[ Powerful Auto Counter ]^{2}: สร้างดาเมจกายภาพระยะประชิดไร้ธาตุ เท่ากับ P.ATK * ^{3}${7}%^{4} แก่ศัตรูสูงสุด ${6} ตัว ในพื้นที่มุม ${4} องศา ระยะ ${9} เมตร ด้านหน้าผู้ใช้ เมื่อโจมตีมอนสเตอร์ ตัวคูณความเสียหายแบบเปอร์เซ็นต์เพิ่มขึ้น ^{5}${12}%^{6} ระหว่างนี้ผู้ใช้มีภูมิคุ้มกันดีบัฟ การลดความเสียหายจากมอนสเตอร์เพิ่มขึ้น ^{7}${2}%^{8} และได้รับโบนัส ^{9}${3}%^{10} ให้แก่ DEF และ M.DEF
10110300172	Creates a three-dimensional space with a radius of @{1} meters at your location. Players within the space are immune to poison zone damage for ^{1} @{2}^{2} seconds.	สร้างพื้นที่สามมิติรัศมี @{1} เมตร ณ ตำแหน่งผู้ใช้ ผู้เล่นภายในพื้นที่มีภูมิคุ้มกันต่อความเสียหายจากเขตพิษ เป็นเวลา ^{1} @{2}^{2} วินาที
10110300173	Creates a repulsion field with a radius of @{1} meters at your location. Enemies who enter are ejected. Lasts ^{1} @{2}^{2} seconds.	สร้างสนามผลักรัศมี @{1} เมตร ณ ตำแหน่งผู้ใช้ ศัตรูที่เข้ามาจะถูกผลักออก คงอยู่ ^{1} @{2}^{2} วินาที
10110300174	Dive toward a target location within @{1} meters. Upon landing, inflict ^{1}【Knock-Up】^{2} and deal damage equal to ^{3}@{4}%^{4} of ATK to up to @{3} enemies within a @{2}-meter radius.	พุ่งลงสู่ตำแหน่งเป้าหมายในระยะ @{1} เมตร เมื่อลงพื้น ทำให้ติดสถานะ ^{1}[ Knock-Up ]^{2} และสร้างความเสียหายเท่ากับ ^{3}@{4}%^{4} ของ ATK แก่ศัตรูสูงสุด @{3} ตัว ในรัศมี @{2} เมตร
10110300175	Dive toward a target location within @{1} meters. Upon landing, inflict ^{1}【Freeze】^{2} for @{4} sec and deal damage equal to ^{3}@{5}%^{4} of ATK to up to @{3} enemies within a @{2}-meter radius.	พุ่งลงสู่ตำแหน่งเป้าหมายในระยะ @{1} เมตร เมื่อลงพื้น ทำให้ติดสถานะ ^{1}[ Freeze ]^{2} เป็นเวลา @{4} วินาที และสร้างความเสียหายเท่ากับ ^{3}@{5}%^{4} ของ ATK แก่ศัตรูสูงสุด @{3} ตัว ในรัศมี @{2} เมตร
10110300176	Dive toward a designated location within @{1} meters. After the dive, create an @{2}-meter circular Petrify zone that inflicts Petrify on up to @{3} enemies for @{4} seconds.	พุ่งลงสู่ตำแหน่งที่กำหนดในระยะ @{1} เมตร หลังพุ่งลงจะสร้างเขต Petrify ทรงกลมขนาด @{2} เมตร ทำให้ศัตรูสูงสุด @{3} ตัว ติดสถานะ Petrify เป็นเวลา @{4} วินาที
10110300177	Dive at a designated location within @{1} meters. Upon landing, inflict ^{1}【Sleep】^{2} for @{4} seconds on up to @{3} enemies within a @{2}-meter radius and deal damage equal to ATK * ^{3}@{5}%^{4}.	พุ่งลงสู่ตำแหน่งที่กำหนดในระยะ @{1} เมตร เมื่อลงพื้น ทำให้ติดสถานะ ^{1}[ Sleep ]^{2} เป็นเวลา @{4} วินาที แก่ศัตรูสูงสุด @{3} ตัว ในรัศมี @{2} เมตร และสร้างความเสียหายเท่ากับ ATK * ^{3}@{5}%^{4}
10110300178	Dive toward a designated location within @{1} m. Upon impact, inflict ^{1}【Silence】^{2} for @{4} sec and deal damage equal to ATK * ^{3}@{5}%^{4} to up to @{3} enemies within a @{2} m radius.	พุ่งลงสู่ตำแหน่งที่กำหนดในระยะ @{1} เมตร เมื่อกระแทกพื้น ทำให้ติดสถานะ ^{1}[ Silence ]^{2} เป็นเวลา @{4} วินาที และสร้างความเสียหายเท่ากับ ATK * ^{3}@{5}%^{4} แก่ศัตรูสูงสุด @{3} ตัว ในรัศมี @{2} เมตร
10110300179	Dive to a designated location within @{1} meters. Upon impact, inflict ^{1}【Immobilize】^{2} for @{4} seconds and deal damage equal to ATK * ^{3}@{5}%^{4} to up to @{3} enemies within a @{2}-meter radius.	พุ่งลงสู่ตำแหน่งที่กำหนดในระยะ @{1} เมตร เมื่อกระแทกพื้น ทำให้ติดสถานะ ^{1}[ Immobilize ]^{2} เป็นเวลา @{4} วินาที และสร้างความเสียหายเท่ากับ ATK * ^{3}@{5}%^{4} แก่ศัตรูสูงสุด @{3} ตัว ในรัศมี @{2} เมตร
10110300390	Increases your DEX by ^{1}${1}^{2} and AGI by ^{3}${2}^{4}, and reveals ^{5}Hidden^{6} enemies within a Distance of ${3} meters for ${4} seconds.	เพิ่ม DEX ของคุณขึ้น ^{1}${1}^{2} และ AGI ขึ้น ^{3}${2}^{4} พร้อมเปิดเผยศัตรูที่ใช้ ^{5}Hidden^{6} ในระยะ ${3} เมตร เป็นเวลา ${4} วินาที
10110300391	You can rent a ^{1}【Falcon】^{2} to aid you in battle.	คุณสามารถเช่า ^{1}[ Falcon ]^{2} เพื่อช่วยในการต่อสู้ได้
10110300392	Can only be cast while the Falcon is in Follow mode. Commander the Falcon to Initiate an assault on a designated distant target, dealing PATK * ^{1}${4}% + ${5}^{2} Neutral Ranged Physical DMG to the designated ST enemy within ${1} meters and up to ${3} Other enemies within ${2} meters of the target. Every ^{3}${6}^{4} AGI increases this DMG by ^{5}${7}%^{6}. When using a Basic Attack, the Falcon has a ^{7}${8}%^{8} Chance to cast ^{9}【Blitz Beat】^{10} on the enemy, dealing ^{11}${9}%^{12} of the original skill's Neutral Ranged Physical DMG.	ใช้ได้เฉพาะเมื่อ Falcon อยู่ในโหมดติดตาม สั่ง Falcon โจมตีเป้าหมายระยะไกลที่กำหนด สร้างดาเมจกายภาพระยะไกลไร้ธาตุเท่ากับ P.ATK * ^{1}${4}% + ${5}^{2} แก่ศัตรูแบบ Single Target ที่กำหนดในระยะ ${1} เมตร และศัตรูอื่นสูงสุด ${3} ตัว ในระยะ ${2} เมตรรอบเป้าหมาย ทุก ^{3}${6}^{4} AGI เพิ่มดาเมจนี้ขึ้น ^{5}${7}%^{6} เมื่อโจมตีปกติ Falcon มีโอกาส ^{7}${8}%^{8} ใช้ ^{9}[ Blitz Beat ]^{10} ใส่ศัตรู สร้างดาเมจกายภาพระยะไกลไร้ธาตุเท่ากับ ^{11}${9}%^{12} ของสกิลเดิม
10110300393	Can only be cast while the Falcon is in Follow mode. After casting, increases your DEX by ^{1}${1}^{2} and AGI by ^{3}${2}^{4}. The Falcon reveals enemies using ^{5}Hiding^{6} within a ${3}-meter radius of you for ${4} seconds.	ใช้ได้เฉพาะเมื่อ Falcon อยู่ในโหมดติดตาม หลังใช้สกิล เพิ่ม DEX ของคุณขึ้น ^{1}${1}^{2} และ AGI ขึ้น ^{3}${2}^{4} Falcon จะเปิดเผยศัตรูที่ใช้ ^{5}Hiding^{6} ในรัศมี ${3} เมตรรอบตัวคุณ เป็นเวลา ${4} วินาที
10110300394	Increases damage against Brute Race and Insect Race enemies by ^{1}${1}%^{2}.	เพิ่มดาเมจที่ทำต่อศัตรูเผ่า Brute และ Insect ขึ้น ^{1}${1}%^{2}
10110300395	Increases the percentage damage coefficient of ^{1}【Blitz Beat】^{2} by ^{3}${1}%^{4}.	เพิ่มตัวคูณดาเมจแบบเปอร์เซ็นต์ของ ^{1}[ Blitz Beat ]^{2} ขึ้น ^{3}${1}%^{4}
10110300396	Places an Anklesnare within ${1}m. When an enemy enters the Trap's ${2}m trigger radius, it explodes, dealing Physical ATK*^{1}${5}%+${6}^{2} Earth ranged Physical damage to up to ${4} enemies within a ${3}m radius and inflicting ^{3}^{4}【Immobilize】^{5}^{6} for ${7}^{7} sec. The Trap lasts ${8} sec.	วาง Anklesnare ในระยะ ${1} เมตร เมื่อศัตรูเข้าสู่รัศมีทำงาน ${2} เมตรของกับดัก กับดักจะระเบิด สร้างดาเมจกายภาพระยะไกลธาตุ Earth เท่ากับ P.ATK*^{1}${5}%+${6}^{2} แก่ศัตรูสูงสุด ${4} ตัว ในรัศมี ${3} เมตร และทำให้ติดสถานะ ^{3}^{4}[ Immobilize ]^{5}^{6} เป็นเวลา ${7}^{7} วินาที กับดักคงอยู่ ${8} วินาที
10110300397	Places a Claymore Trap within ${1}m. When an enemy enters the Trap's ${2}m trigger radius, it explodes, dealing Physical ATK*^{1}${5}%+${6}^{2} Fire ranged Physical damage to up to ${4} enemies within a ${3}m radius. The Trap lasts ${7} sec.	วาง Claymore Trap ในระยะ ${1} เมตร เมื่อศัตรูเข้าสู่รัศมีทำงาน ${2} เมตรของกับดัก กับดักจะระเบิด สร้างดาเมจกายภาพระยะไกลธาตุ Fire เท่ากับ P.ATK*^{1}${5}%+${6}^{2} แก่ศัตรูสูงสุด ${4} ตัว ในรัศมี ${3} เมตร กับดักคงอยู่ ${7} วินาที
10110300398	Places a Freezing Trap within ${1}m. When an enemy enters the Trap's ${2}m trigger radius, it explodes, dealing Physical ATK*^{1}${5}%+${6}^{2} Water ranged Physical damage to up to ${4} enemies within a ${3}m radius and inflicting ^{3}^{4}【Freeze】^{5}^{6} for ${7} sec. The Trap lasts ${8} sec.	วาง Freezing Trap ในระยะ ${1} เมตร เมื่อศัตรูเข้าสู่รัศมีทำงาน ${2} เมตรของกับดัก กับดักจะระเบิด สร้างดาเมจกายภาพระยะไกลธาตุ Water เท่ากับ P.ATK*^{1}${5}%+${6}^{2} แก่ศัตรูสูงสุด ${4} ตัว ในรัศมี ${3} เมตร และทำให้ติดสถานะ ^{3}^{4}[ Freeze ]^{5}^{6} เป็นเวลา ${7} วินาที กับดักคงอยู่ ${8} วินาที
10110300399	Places a Flasher within ${1}m. When an enemy enters the Trap's ${2}m trigger radius, it explodes, dealing Physical ATK*^{1}${5}%+${6}^{2} Wind ranged Physical damage to up to ${4} enemies within a ${3}m radius and inflicting ^{3}^{4}【Blind】^{5}^{6} for ${7} sec. The Trap lasts ${8} sec.	วาง Flasher ในระยะ ${1} เมตร เมื่อศัตรูเข้าสู่รัศมีทำงาน ${2} เมตรของกับดัก กับดักจะระเบิด สร้างดาเมจกายภาพระยะไกลธาตุ Wind เท่ากับ P.ATK*^{1}${5}%+${6}^{2} แก่ศัตรูสูงสุด ${4} ตัว ในรัศมี ${3} เมตร และทำให้ติดสถานะ ^{3}^{4}[ Blind ]^{5}^{6} เป็นเวลา ${7} วินาที กับดักคงอยู่ ${8} วินาที
10110300400	Grants yourself and up to ${2} allies within a ${1}m radius ^{1}${3}%^{2} Movement Speed and ^{3}${4}^{4} FLEE for ${5} sec.	เพิ่ม MSPD ให้คุณและพันธมิตรสูงสุด ${2} คน ในรัศมี ${1} เมตรขึ้น ^{1}${3}%^{2} และเพิ่ม Flee ขึ้น ^{3}${4}^{4} เป็นเวลา ${5} วินาที
10110300401	Can only be cast while the Falcon is in Follow mode. Use the Falcon to perform Concentration, dealing PATK * ^{1}${2}% + ${3}^{2} Neutral Ranged Physical DMG to the designated ST enemy within ${1} meters.	ใช้ได้เฉพาะเมื่อ Falcon อยู่ในโหมดติดตาม ใช้ Falcon ทำ Concentration สร้างดาเมจกายภาพระยะไกลไร้ธาตุเท่ากับ P.ATK * ^{1}${2}% + ${3}^{2} แก่ศัตรูแบบ Single Target ที่กำหนดในระยะ ${1} เมตร
10110300402	Grants yourself ^{1}${1}^{2} to all base stats, ^{3}${2}^{4} HIT, and ^{5}${3}%^{6} Physical damage for ${4} sec.	เพิ่มค่าสถานะพื้นฐานทั้งหมดของคุณขึ้น ^{1}${1}^{2} เพิ่ม Hit ขึ้น ^{3}${2}^{4} และเพิ่ม P.DMG ขึ้น ^{5}${3}%^{6} เป็นเวลา ${4} วินาที
10110300403	Bow-exclusive skill. Unleashes a powerful attack against the designated ST enemy within ${1} meters, dealing PATK * ^{1}${3}% + ${4}^{2} Neutral Ranged Physical DMG to the target and up to ${2} enemies in a line within Attack Range.	สกิลเฉพาะธนู โจมตีอย่างรุนแรงใส่ศัตรูแบบ Single Target ที่กำหนดในระยะ ${1} เมตร สร้างดาเมจกายภาพระยะไกลไร้ธาตุเท่ากับ P.ATK * ^{1}${3}% + ${4}^{2} แก่เป้าหมายและศัตรูสูงสุด ${2} ตัวที่อยู่ในแนวเส้นตรงภายในระยะโจมตี
10110300404	Increases damage against Brute, Plant, and Fish Race enemies by ^{1}${1}%^{2}, and reduces damage taken from Brute, Plant, and Fish Race enemies by ^{3}${2}%^{4}.	เพิ่มดาเมจที่ทำต่อศัตรูเผ่า Brute, Plant และ Fish ขึ้น ^{1}${1}%^{2} และลดดาเมจที่ได้รับจากศัตรูเผ่า Brute, Plant และ Fish ลง ^{3}${2}%^{4}
10110300405	Bow-exclusive skill. Rains down Arrows, dealing PATK * ^{1}${4}%^{2} Neutral Ranged Physical DMG to up to ${3} enemies in a target area with a radius of ${2} meters within ${1} meters of you (^{3}^{4}Agility Resonance ${5}%^{5}^{6}).	สกิลเฉพาะธนู ยิงห่าลูกธนู สร้างดาเมจกายภาพระยะไกลไร้ธาตุเท่ากับ P.ATK * ^{1}${4}%^{2} แก่ศัตรูสูงสุด ${3} ตัว ในพื้นที่เป้าหมายรัศมี ${2} เมตร ซึ่งอยู่ในระยะ ${1} เมตรจากคุณ (^{3}^{4}Agility Resonance ${5}%^{5}^{6})
10110300406	While the effect lasts, when a targeted bow skill hits, the target has a ^{1}${1}%^{2} Chance to be struck by piercing arrows, taking ${2} hits of Neutral ranged Physical damage totaling Physical ATK*^{3}${3}%^{4}. Lasts ${4} sec.	ระหว่างที่ผลสกิลคงอยู่ เมื่อสกิลธนูแบบระบุเป้าหมายโจมตีโดน เป้าหมายมีโอกาส ^{1}${1}%^{2} ถูกลูกธนูทะลวงโจมตี ได้รับดาเมจกายภาพระยะไกลไร้ธาตุ ${2} ครั้ง รวมเท่ากับ P.ATK*^{3}${3}%^{4} ผลคงอยู่ ${4} วินาที
10110300407	Bow-exclusive skill. Unleashes a powerful attack against the designated ST enemy within ${1} meters, dealing PATK * ^{1}${3}%^{2} Neutral Ranged Physical DMG to the target and up to ${2} enemies in a line within Attack Range.	สกิลเฉพาะธนู โจมตีอย่างรุนแรงใส่ศัตรูแบบ Single Target ที่กำหนดในระยะ ${1} เมตร สร้างดาเมจกายภาพระยะไกลไร้ธาตุเท่ากับ P.ATK * ^{1}${3}%^{2} แก่เป้าหมายและศัตรูสูงสุด ${2} ตัวที่อยู่ในแนวเส้นตรงภายในระยะโจมตี
10110300408	Calls upon the power of the god of hunting and archery, increasing Physical damage by ^{1}${1}%^{2} and Movement Speed by ^{3}${2}%^{4} for ${3} sec. During this time, the percentage damage multiplier of ^{5}^{6}【Aimed Shot】^{7}^{8} increases by ^{9}${4}%^{10}.	อัญเชิญพลังแห่งเทพผู้ล่าและการยิงธนู เพิ่ม P.DMG ขึ้น ^{1}${1}%^{2} และ MSPD ขึ้น ^{3}${2}%^{4} เป็นเวลา ${3} วินาที ระหว่างนี้ ตัวคูณดาเมจแบบเปอร์เซ็นต์ของ ^{5}^{6}[ Aimed Shot ]^{7}^{8} เพิ่มขึ้น ^{9}${4}%^{10}
10110300409	Can only be cast while the Demonic Wolf is in Follow mode. Commands the wolf to Sense threats, revealing enemies using ^{1}Hiding^{2} within ${1} meters of the Ranger for ${2} seconds.	ใช้ได้เฉพาะเมื่อ Demonic Wolf อยู่ในโหมดติดตาม สั่งหมาป่าตรวจจับภัยคุกคาม เปิดเผยศัตรูที่ใช้ ^{1}Hiding^{2} ในระยะ ${1} เมตรรอบ Ranger เป็นเวลา ${2} วินาที
10110300410	The Ranger can rent a loyal Demonic Wolf. While mounted on the Demonic Wolf, Movement Speed increases by ^{1}${1}%^{2} and Normal Attack becomes ^{3}^{4}【Warg Strike】^{5}^{6}. When the Demonic Wolf is not mounted and follows the Ranger, it howls every ${2} sec, increasing the Ranger's Physical ATK by ^{7}${3}%^{8} for ${4} sec.	Ranger สามารถเช่า Demonic Wolf ผู้ภักดีได้ ขณะขี่ Demonic Wolf เพิ่ม MSPD ขึ้น ^{1}${1}%^{2} และเปลี่ยนการโจมตีปกติเป็น ^{3}^{4}[ Warg Strike ]^{5}^{6} เมื่อไม่ได้ขี่และ Demonic Wolf ติดตาม Ranger มันจะหอนทุก ${2} วินาที เพิ่ม P.ATK ของ Ranger ขึ้น ^{7}${3}%^{8} เป็นเวลา ${4} วินาที
10110300411	Can be used while riding the Demonic Wolf. Commands the Demonic Wolf to Charge the designated ST target within ${1} meters, dealing PATK * ^{1}${2}%^{2} Neutral Melee Physical DMG (^{3}^{4}Agility Resonance ${10}%^{5}^{6}). If you are riding the Demonic Wolf, inflicts ^{7}^{8}【Stun】^{9}^{10} on the target for ${3} seconds, grants you a ^{11}${4}%^{12} Physical DMG Bonus, and reduces the target's healing received by ^{13}${5}%^{14} for ${6} seconds. Additionally, every ${7} seconds, using Focused Arrow Strike casts this skill on the target, dealing PATK * ^{15}${11}%^{16} Neutral Ranged Physical DMG and inflicting ^{17}【Slow】^{18} by ${8}% for ${9} seconds.	ใช้ได้ขณะขี่ Demonic Wolf สั่ง Demonic Wolf พุ่งเข้าหาเป้าหมายแบบ Single Target ที่กำหนดในระยะ ${1} เมตร สร้างดาเมจกายภาพระยะประชิดไร้ธาตุเท่ากับ P.ATK * ^{1}${2}%^{2} (^{3}^{4}Agility Resonance ${10}%^{5}^{6}) หากคุณกำลังขี่ Demonic Wolf ทำให้เป้าหมายติดสถานะ ^{7}^{8}[ Stun ]^{9}^{10} เป็นเวลา ${3} วินาที เพิ่ม P.DMG ของคุณขึ้น ^{11}${4}%^{12} และลดการฮีลที่เป้าหมายได้รับลง ^{13}${5}%^{14} เป็นเวลา ${6} วินาที นอกจากนี้ ทุก ${7} วินาที การใช้ Focused Arrow Strike จะใช้สกิลนี้ใส่เป้าหมาย สร้างดาเมจกายภาพระยะไกลไร้ธาตุเท่ากับ P.ATK * ^{15}${11}%^{16} และทำให้ติดสถานะ ^{17}[ Slow ]^{18} ลดความเร็วลง ${8}% เป็นเวลา ${9} วินาที
10110300412	Bow-exclusive skill. Fires a hurricane Arrow in the designated direction across a ${1}-meter by ${2}-meter area, continuously dealing PATK * ^{1}${4}%^{2} Neutral Ranged Physical DMG to up to ${3} enemies in its path. While the skill is Active, MSPD increases by ^{3}${5}%^{4}.	สกิลเฉพาะธนู ยิงลูกธนูพายุไปในทิศทางที่กำหนด ครอบคลุมพื้นที่ ${1} เมตรคูณ ${2} เมตร สร้างดาเมจกายภาพระยะไกลไร้ธาตุอย่างต่อเนื่องเท่ากับ P.ATK * ^{1}${4}%^{2} แก่ศัตรูสูงสุด ${3} ตัวในเส้นทาง ระหว่างที่สกิลทำงาน เพิ่ม MSPD ขึ้น ^{3}${5}%^{4}
10110300413	Commands the Ghost Wolf to attack, dealing ${1}% Neutral ranged Physical damage to one enemy unit. Every ${2}% Attack Speed grants an Extra ${3}% increase to this skill's damage multiplier.	สั่ง Ghost Wolf โจมตี สร้างดาเมจกายภาพระยะไกลไร้ธาตุ ${1}% แก่ศัตรูหนึ่งตัว ทุก ${2}% ASPD เพิ่มตัวคูณดาเมจของสกิลนี้อีก ${3}%
10110300414	While mounted on the Demonic Wolf, Physical ATK increases by ^{1}${1}%^{2}, and the percentage damage multipliers of 【Warg Charge】, 【Warg Bite】, and 【Warg Hunt】 increase by ^{3}${2}%^{4}.	ขณะขี่ Demonic Wolf เพิ่ม P.ATK ขึ้น ^{1}${1}%^{2} และเพิ่มตัวคูณดาเมจแบบเปอร์เซ็นต์ของ [ Warg Charge ], [ Warg Bite ] และ [ Warg Hunt ] ขึ้น ^{3}${2}%^{4}
10110300415	Can only be used and take effect while mounted on the Demonic Wolf. The Demonic Wolf howls loudly and enters the ^{3}【King of the Pack】^{4} state for ^{1}${1}^{2} sec. During this time, casting 【Warg Charge】 causes ${2} wolf followers to charge alongside you, dealing ${2} Extra hits of Neutral melee Physical damage totaling Physical ATK*^{5}${3}%^{6} to the target. Casting 【Warg Bite】 causes ${4} wolf followers to bite the target, dealing ${4} hits of Neutral melee Physical damage totaling Physical ATK*^{7}${5}%^{8}. 【Warg Hunt】 becomes ^{9}^{10}【Enhanced Warg Hunt】^{11}^{12}.	ใช้และมีผลเฉพาะขณะขี่ Demonic Wolf หมาป่าหอนเสียงดังและเข้าสู่สถานะ ^{3}[ King of the Pack ]^{4} เป็นเวลา ^{1}${1}^{2} วินาที ระหว่างนี้ การใช้ [ Warg Charge ] จะเรียกหมาป่าบริวาร ${2} ตัวให้พุ่งโจมตีพร้อมคุณ สร้างดาเมจกายภาพระยะประชิดไร้ธาตุเพิ่มเติม ${2} ครั้ง รวมเท่ากับ P.ATK*^{5}${3}%^{6} แก่เป้าหมาย การใช้ [ Warg Bite ] จะเรียกหมาป่าบริวาร ${4} ตัวกัดเป้าหมาย สร้างดาเมจกายภาพระยะประชิดไร้ธาตุ ${4} ครั้ง รวมเท่ากับ P.ATK*^{7}${5}%^{8} และเปลี่ยน [ Warg Hunt ] เป็น ^{9}^{10}[ Enhanced Warg Hunt ]^{11}^{12}
10110300416	Can only be used while mounted on the Demonic Wolf. Commands ${1} wolf followers to attack the designated ST target within ${2}m, dealing ${3} hits of Neutral melee Physical damage totaling Physical ATK*^{1}${4}%^{2}. If you are more than ${5}m from the target, you also dash in front of it.	ใช้ได้เฉพาะขณะขี่ Demonic Wolf สั่งหมาป่าบริวาร ${1} ตัวโจมตีเป้าหมายแบบ Single Target ที่กำหนดในระยะ ${2} เมตร สร้างดาเมจกายภาพระยะประชิดไร้ธาตุ ${3} ครั้ง รวมเท่ากับ P.ATK*^{1}${4}%^{2} หากคุณอยู่ห่างจากเป้าหมายเกิน ${5} เมตร คุณจะพุ่งไปด้านหน้าเป้าหมายด้วย
10110300417	Can only be used while mounted on the Demonic Wolf. Commands the Demonic Wolf to bite the designated ST target within ${1}m, dealing Physical ATK*^{1}${2}%^{2} Neutral melee Physical damage and resetting the Cooldown of 【Warg Hunt】.	ใช้ได้เฉพาะขณะขี่ Demonic Wolf สั่ง Demonic Wolf กัดเป้าหมายแบบ Single Target ที่กำหนดในระยะ ${1} เมตร สร้างดาเมจกายภาพระยะประชิดไร้ธาตุเท่ากับ P.ATK*^{1}${2}%^{2} และรีเซ็ต Cooldown ของ [ Warg Hunt ]
10110300418	Can only be used while mounted on the Demonic Wolf. Casting 【Warg Charge】 or 【Warg Hunt】 resets this skill's Cooldown. Commands the Demonic Wolf to dash ${1}m in the designated direction and increases your Movement Speed by ^{1}${2}%^{2} for ${3} sec. When this skill reaches Lv. @{1}, after casting 【Warg Charge】 or 【Warg Hunt】, your next movement instead casts this skill in the movement direction.	ใช้ได้เฉพาะขณะขี่ Demonic Wolf การใช้ [ Warg Charge ] หรือ [ Warg Hunt ] จะรีเซ็ต Cooldown ของสกิลนี้ สั่ง Demonic Wolf พุ่งไป ${1} เมตรในทิศทางที่กำหนด และเพิ่ม MSPD ของคุณขึ้น ^{1}${2}%^{2} เป็นเวลา ${3} วินาที เมื่อสกิลนี้ถึง Lv. @{1} หลังใช้ [ Warg Charge ] หรือ [ Warg Hunt ] การเคลื่อนที่ครั้งถัดไปจะเปลี่ยนเป็นการใช้สกิลนี้ในทิศทางที่เคลื่อนที่
10110300419	Can only be used while mounted on the Demonic Wolf. Casting 【Warg Charge】 or 【Warg Hunt】 resets this skill's Cooldown. Commands the Demonic Wolf to dash ${1}m in the designated direction and increases your Movement Speed by ^{1}${2}%^{2} for ${3} sec. After casting 【Warg Charge】 or 【Warg Hunt】, your next movement instead casts this skill in the movement direction.	ใช้ได้เฉพาะขณะขี่ Demonic Wolf การใช้ [ Warg Charge ] หรือ [ Warg Hunt ] จะรีเซ็ต Cooldown ของสกิลนี้ สั่ง Demonic Wolf พุ่งไป ${1} เมตรในทิศทางที่กำหนด และเพิ่ม MSPD ของคุณขึ้น ^{1}${2}%^{2} เป็นเวลา ${3} วินาที หลังใช้ [ Warg Charge ] หรือ [ Warg Hunt ] การเคลื่อนที่ครั้งถัดไปจะเปลี่ยนเป็นการใช้สกิลนี้ในทิศทางที่เคลื่อนที่
10110300420	Targets a fallen ally within ${1}m. After successfully casting, Revives the ally and restores @{1}% of their Life and MP.	เลือกพันธมิตรที่ล้มลงในระยะ ${1} เมตร เมื่อใช้สกิลสำเร็จ ชุบชีวิตพันธมิตรและฟื้นฟู HP กับ MP ให้ @{1}%
10110300441	Poring blows a bubble, creating a ^{1}Bubble Shield^{2} for its master that lasts ${2} sec.	Poring เป่าฟองสบู่ สร้าง ^{1}Bubble Shield^{2} ให้เจ้าของเป็นเวลา ${2} วินาที
10110300442	Angeling summons three Self-Destruct Porings nearby. The Self-Destruct Porings explode after @{1} sec, damaging players in a large surrounding area.	Angeling เรียก Self-Destruct Poring สามตัวมาใกล้ตัว พวกมันจะระเบิดหลังผ่านไป @{1} วินาที สร้างดาเมจแก่ผู้เล่นในพื้นที่กว้างโดยรอบ
10110300443	After a @{1}-sec warning, deals damage in a circular area with an @{2}m radius.	หลังแจ้งเตือน @{1} วินาที สร้างดาเมจในพื้นที่วงกลมรัศมี @{2} เมตร
10110300444	Angeling marks multiple players. After @{1} sec, a light magic circle appears beneath each marked player, dealing damage every second to players inside for @{2} sec.	Angeling ทำเครื่องหมายผู้เล่นหลายคน หลังผ่านไป @{1} วินาที วงเวทแสงจะปรากฏใต้ผู้เล่นที่ถูกทำเครื่องหมายแต่ละคน สร้างดาเมจทุกวินาทีแก่ผู้เล่นในวงเวทเป็นเวลา @{2} วินาที
10110300445	Golden Thief Bug marks multiple players and Launches fireballs at them after @{1} sec, damaging the targets and nearby players.	Golden Thief Bug ทำเครื่องหมายผู้เล่นหลายคนและยิงลูกไฟใส่หลังผ่านไป @{1} วินาที สร้างดาเมจแก่เป้าหมายและผู้เล่นใกล้เคียง
10110300446	Golden Thief Bug harnesses the power of lava and Launches magma at multiple nearby players, damaging players hit.	Golden Thief Bug ใช้พลังลาวายิงแมกมาใส่ผู้เล่นหลายคนที่อยู่ใกล้ สร้างดาเมจแก่ผู้เล่นที่ถูกโจมตี
10110300447	Golden Thief Bug summons @{1} Thief Bugs to assist it. Their Basic Attacks inflict 【Paralyze】, reducing the target's Attack Speed by @{2}% for @{3} sec.	Golden Thief Bug เรียก Thief Bug @{1} ตัวมาช่วยต่อสู้ การโจมตีปกติของพวกมันทำให้ติดสถานะ [ Paralyze ] ลด ASPD ของเป้าหมายลง @{2}% เป็นเวลา @{3} วินาที
10110300448	Golden Thief Bug increases its own and all summoned Thief Bugs' damage by @{1}% and Attack Speed by @{2}%, but also increases their damage taken by @{3}% for @{4} sec.	Golden Thief Bug เพิ่มดาเมจของตนเองและ Thief Bug ที่เรียกมาทั้งหมดขึ้น @{1}% และเพิ่ม ASPD ขึ้น @{2}% แต่เพิ่มดาเมจที่พวกมันได้รับขึ้น @{3}% ด้วย เป็นเวลา @{4} วินาที
10110300449	Deviling summons three Bombrings nearby. The Bombrings explode after @{1} sec, damaging players in a large surrounding area.	Deviling เรียก Bombring สามตัวมาใกล้ตัว พวกมันจะระเบิดหลังผ่านไป @{1} วินาที สร้างดาเมจแก่ผู้เล่นในพื้นที่กว้างโดยรอบ
10110300450	Deviling marks multiple players. After @{1} sec, a dark magic circle appears beneath each marked player, dealing damage every second to players inside for @{2} sec.	Deviling ทำเครื่องหมายผู้เล่นหลายคน หลังผ่านไป @{1} วินาที วงเวทมืดจะปรากฏใต้ผู้เล่นที่ถูกทำเครื่องหมายแต่ละคน สร้างดาเมจทุกวินาทีแก่ผู้เล่นในวงเวทเป็นเวลา @{2} วินาที
10110300451	Orc Hero lets out an enraged roar, damaging nearby players and reducing their Attack Speed by @{1}% for @{2} sec.	Orc Hero คำรามด้วยความโกรธ สร้างดาเมจแก่ผู้เล่นใกล้เคียงและลด ASPD ของพวกเขาลง @{1}% เป็นเวลา @{2} วินาที
10110300452	Orc Hero surrounds himself with blades, continuously damaging nearby players.	Orc Hero ใช้คมดาบล้อมรอบตัว สร้างดาเมจแก่ผู้เล่นใกล้เคียงอย่างต่อเนื่อง
10110300454	Detonates the greatswords on the ground, dealing heavy damage to players near them.	ระเบิดดาบใหญ่บนพื้น สร้างดาเมจรุนแรงแก่ผู้เล่นที่อยู่ใกล้ดาบ
10110300455	Orc Hero slashes the ground, sending three fan-shaped shockwaves outward that damage players hit. This skill is cast repeatedly.	Orc Hero ฟันพื้น ส่งคลื่นกระแทกรูปพัดสามระลอกออกไป สร้างดาเมจแก่ผู้เล่นที่ถูกโจมตี สกิลนี้จะใช้ซ้ำต่อเนื่อง
10110300456	Maya Launches a cross-shaped blade wave forward, damaging players hit.	Maya ปล่อยคลื่นคมดาบรูปกากบาทไปด้านหน้า สร้างดาเมจแก่ผู้เล่นที่ถูกโจมตี
10110300457	Maya sweeps her blade forward, dealing DMG to players in a large fan-shaped area ahead, then turns around and uses the skill again.	Maya กวาดคมดาบไปด้านหน้า สร้างดาเมจแก่ผู้เล่นในพื้นที่รูปพัดขนาดใหญ่ด้านหน้า จากนั้นหันกลับและใช้สกิลอีกครั้ง
10110300458	Maya releases three clouds of Petrify mist nearby. Each cloud damages players inside every second.	Maya ปล่อยกลุ่มหมอก Petrify สามกลุ่มใกล้ตัว หมอกแต่ละกลุ่มสร้างดาเมจทุกวินาทีแก่ผู้เล่นที่อยู่ภายใน
10110300459	Maya summons a sandstorm, dealing minor damage to players throughout a large surrounding area.	Maya เรียกพายุทราย สร้างดาเมจเล็กน้อยแก่ผู้เล่นทั่วพื้นที่กว้างโดยรอบ
10110300460	Pulls enemies inward toward yourself, damaging enemies hit and inflicting 【Gastric Acid Corrosion】.	ดึงศัตรูเข้าหาตัว สร้างดาเมจแก่ศัตรูที่ถูกโจมตีและทำให้ติดสถานะ [ Gastric Acid Corrosion ]
10110300461	Deals Physical ATK*^{1}${2}%+${3}^{2} as Neutral melee Physical damage to the targeted ST enemy within ${1}m.	สร้างดาเมจกายภาพระยะประชิดไร้ธาตุเท่ากับ P.ATK*^{1}${2}%+${3}^{2} แก่ศัตรูแบบ Single Target ที่เลือกในระยะ ${1} เมตร
10110300462	Strike the enemy with full force, dealing Physical ATK*^{1}${2}%+${3}^{2} Neutral melee Physical damage to the specified ST enemy within ${1} meters.	โจมตีศัตรูอย่างสุดกำลัง สร้างดาเมจกายภาพระยะประชิดไร้ธาตุเท่ากับ P.ATK*^{1}${2}%+${3}^{2} แก่ศัตรูแบบ Single Target ที่กำหนดในระยะ ${1} เมตร
10110300463	Use First Aid on yourself, restoring a fixed ^{1}${1}^{2} ^{3}Life^{4}.	ใช้ First Aid กับตัวเอง ฟื้นฟู ^{1}${1}^{2} หน่วยของ ^{3}HP^{4} แบบค่าคงที่
10110300464	Deals Physical ATK * ^{1}${2}%^{2} Neutral melee Physical damage to the targeted ST enemy within ${1} meters.	สร้างดาเมจกายภาพระยะประชิดไร้ธาตุเท่ากับ P.ATK * ^{1}${2}%^{2} แก่ศัตรูแบบ Single Target ที่เลือกในระยะ ${1} เมตร
10110300465	Deals PATK * ^{1}${2}%^{2} Neutral melee Physical DMG to the designated ST enemy within ${1} meters. If you are more than ${6} meters from the target, you also Charge directly in front of it. After casting this skill @{1} times, the next 【Warg Strike】 becomes ^{3}^{4}【Empowered Warg Strike】^{5}^{6}. This skill's cast speed is unaffected by ASPD, but every ${3}% ASPD grants an Extra ^{7}${4}%^{8} Skill Damage Multiplier, up to ${5}% ASPD.	สร้างดาเมจกายภาพระยะประชิดไร้ธาตุเท่ากับ P.ATK * ^{1}${2}%^{2} แก่ศัตรูแบบ Single Target ที่กำหนดในระยะ ${1} เมตร หากคุณอยู่ห่างจากเป้าหมายเกิน ${6} เมตร คุณจะพุ่งไปด้านหน้าเป้าหมายด้วย หลังใช้สกิลนี้ @{1} ครั้ง [ Warg Strike ] ครั้งถัดไปจะเปลี่ยนเป็น ^{3}^{4}[ Empowered Warg Strike ]^{5}^{6} ความเร็วในการใช้สกิลนี้ไม่ได้รับผลจาก ASPD แต่ทุก ${3}% ASPD เพิ่มตัวคูณดาเมจสกิลอีก ^{7}${4}%^{8} โดยคำนวณจาก ASPD สูงสุด ${5}%
10220300016	Physical DEF and Magic DEF +${1}%, Healing Received +${2}%.	P.DEF และ M.DEF +${1}%, การฮีลที่ได้รับ +${2}%
10220300035	City Fallen Debuff	ดีบัฟเมืองที่ถูกยึด
10220300036	Guild Battle Prep Buff	บัฟเตรียมพร้อม Guild Battle
10220300050	^{1}^{2}【Cart Revolution】^{3}^{4} hits its primary target, triggering 【Money Throw】 @{1} Extra times and dealing PATK * ${1}% + ${2} Neutral melee Physical damage. This effect has a ${3}-second Cooldown.	เมื่อ ^{1}^{2}[ Cart Revolution ]^{3}^{4} โจมตีโดนเป้าหมายหลัก จะใช้ [ Money Throw ] เพิ่มอีก @{1} ครั้ง สร้างดาเมจกายภาพระยะประชิดไร้ธาตุเท่ากับ P.ATK * ${1}% + ${2} ผลนี้มี Cooldown ${3} วินาที
10220300054	^{1}^{2}【Hammer Fall】^{3}^{4}'s percentage damage multiplier increases by ${1}%, and its fixed Damage Increase increases by ${2}.	ตัวคูณดาเมจแบบเปอร์เซ็นต์ของ ^{1}^{2}[ Hammer Fall ]^{3}^{4} เพิ่มขึ้น ${1}% และค่าการเพิ่มดาเมจคงที่เพิ่มขึ้น ${2}
10220300056	^{1}^{2}【Hammer Fall】^{3}^{4}For every @{1} enemies hit, the percentage damage multiplier increases by ${1}%, up to ${2}%.	^{1}^{2}[ Hammer Fall ]^{3}^{4} ทุกครั้งที่โจมตีโดนศัตรู @{1} ตัว ตัวคูณดาเมจแบบเปอร์เซ็นต์เพิ่มขึ้น ${1}% สูงสุด ${2}%
10220300057	^{1}^{2}【Crazy Uproar】^{3}^{4}Extra PATK +${1}.	^{1}^{2}[ Crazy Uproar ]^{3}^{4} เพิ่ม P.ATK อีก +${1}
10220300058	^{1}^{2}【Crazy Uproar】^{3}^{4}Extra VIT +${1} and LUK +${2}.	^{1}^{2}[ Crazy Uproar ]^{3}^{4} เพิ่ม VIT อีก +${1} และ LUK อีก +${2}
10220300059	^{1}^{2}【Crazy Uproar】^{3}^{4}grants an Extra ${1} STR.	^{1}^{2}[ Crazy Uproar ]^{3}^{4} เพิ่ม STR อีก ${1}
10220300060	^{1}^{2}[Weaponry Research]^{3}^{4} At Lv. @{1}, increases PATK by ${1}.	^{1}^{2}[ Weaponry Research ]^{3}^{4} เมื่อถึง Lv. @{1} เพิ่ม P.ATK ขึ้น ${1}
10220300061	^{1}^{2}【Cart Revolution】^{3}^{4}CRIT Chance increases by ${1}%.	^{1}^{2}[ Cart Revolution ]^{3}^{4} เพิ่ม CRIT ขึ้น ${1}%
10220300062	^{1}^{2}Adrenaline Rush^{3}^{4} Lv. ${1} increases your STR by ${1}.	^{1}^{2}Adrenaline Rush^{3}^{4} Lv. ${1} เพิ่ม STR ของคุณขึ้น ${1}
10220300063	^{1}^{2}[Adrenaline Rush]^{3}^{4} grants the Blacksmith Class an Extra ${1}% ASPD.	^{1}^{2}[ Adrenaline Rush ]^{3}^{4} เพิ่ม ASPD ให้คลาส Blacksmith อีก ${1}%
10220300064	^{1}^{2}【Adrenaline Rush】^{3}^{4} ignores Job Restriction.	^{1}^{2}[ Adrenaline Rush ]^{3}^{4} ไม่จำกัดอาชีพ
10220300065	^{1}^{2}【High Speed Cart Ram】^{3}^{4} percentage damage multiplier +${1}%; Fixed Damage Increase +${2}.	^{1}^{2}[ High Speed Cart Ram ]^{3}^{4} ตัวคูณดาเมจแบบเปอร์เซ็นต์ +${1}%; ค่าการเพิ่มดาเมจคงที่ +${2}
10220300068	^{1}^{2}【Maximize Power】^{3}^{4}is Active for up to ${2} allies within ${1} meters.	^{1}^{2}[ Maximize Power ]^{3}^{4} มีผลต่อพันธมิตรสูงสุด ${2} คน ในระยะ ${1} เมตร
10220300069	^{1}^{2}[Maximize Power]^{3}^{4} Increases your PATK by ${1}.	^{1}^{2}[ Maximize Power ]^{3}^{4} เพิ่ม P.ATK ของคุณขึ้น ${1}
10220300070	^{1}^{2}【Maximize Power】^{3}^{4} increases nearby allies' PATK by ${1}.	^{1}^{2}[ Maximize Power ]^{3}^{4} เพิ่ม P.ATK ของพันธมิตรใกล้เคียงขึ้น ${1}
10220300071	^{1}^{2}【Cart Boost】^{3}^{4} increases the damage bonus of ^{5}^{6}【High Speed Cart Ram】^{7}^{8} by ${1}% while active.	ขณะ ^{1}^{2}[ Cart Boost ]^{3}^{4} ทำงาน เพิ่มโบนัสดาเมจของ ^{5}^{6}[ High Speed Cart Ram ]^{7}^{8} ขึ้น ${1}%
10220300072	^{1}^{2}【Cart Boost】^{3}^{4} maximum Cooldown is reduced by ${1} sec. Gain ^{9}^{10}【Immunity】^{11}^{12} for ${2} sec. after casting ^{5}^{6}【Cart Boost】^{7}^{8}.	^{1}^{2}[ Cart Boost ]^{3}^{4} ลด Cooldown สูงสุดลง ${1} วินาที ได้รับ ^{9}^{10}[ Immunity ]^{11}^{12} เป็นเวลา ${2} วินาที หลังใช้ ^{5}^{6}[ Cart Boost ]^{7}^{8}
10220300073	^{1}^{2}【Cart Boost】^{3}^{4} duration is extended by ${1} sec.	^{1}^{2}[ Cart Boost ]^{3}^{4} เพิ่มระยะเวลาคงอยู่ ${1} วินาที
10220300074	^{1}^{2}【Maximum Over Thrust】^{3}^{4} is Active for up to ${2} allies within ${1} meters.	^{1}^{2}[ Maximum Over Thrust ]^{3}^{4} มีผลต่อพันธมิตรสูงสุด ${2} คน ในระยะ ${1} เมตร
10220300075	^{1}^{2}【Maximum Over Thrust】^{3}^{4}increases Physical damage dealt by ${1}%.	^{1}^{2}[ Maximum Over Thrust ]^{3}^{4} เพิ่ม P.DMG ที่ทำได้ขึ้น ${1}%
10220300076	^{1}^{2}【Maximum Over Thrust】^{3}^{4}grants an Extra ${1}% Crit Chance.	^{1}^{2}[ Maximum Over Thrust ]^{3}^{4} เพิ่ม CRIT อีก ${1}%
10220300079	Restore ${1}% of your Life.	ฟื้นฟู HP ของคุณ ${1}%
10220300080	Using 【Axe Smash】 or 【Axe Tornado】 grants stacks of 【Blade Mark】. At @{1} stacks, triggers 【Axe Boomerang - Enhance】.	การใช้ [ Axe Smash ] หรือ [ Axe Tornado ] ทำให้ได้รับ stacks ของ [ Blade Mark ] เมื่อครบ @{1} stacks จะใช้ [ Axe Boomerang - Enhance ]
10220300081	At @{1} stacks, triggers 【Firepower Loading】.	เมื่อครบ @{1} stacks จะใช้ [ Firepower Loading ]
10220300082	Cannon Enhance lasts for @{1} uses.	Cannon Enhance คงอยู่จนใช้ครบ @{1} ครั้ง
10220300083	When attacked, the Melody Bubble gradually expands and explodes, dealing damage.	เมื่อถูกโจมตี Melody Bubble จะค่อยๆ ขยายตัวแล้วระเบิด สร้างดาเมจ
10220300085	Gain a shield.	ได้รับโล่
10220300086	Releases energy when the countdown ends.	ปล่อยพลังงานเมื่อการนับถอยหลังสิ้นสุด
10220300088	Obtain a Giant Transformation item.	ได้รับไอเท็มแปลงร่างเป็นยักษ์
10220300089	Enlarged	ขนาดตัวเพิ่มขึ้น
10220300090	Obtain a Dwarf Transformation item.	ได้รับไอเท็มแปลงร่างเป็นคนแคระ
10220300091	Obtain a Red Thread item.	ได้รับไอเท็มด้ายแดง
10220300092	A red thread now connects you and them.	ด้ายแดงเชื่อมคุณกับอีกฝ่ายแล้ว
10220300093	When dealing damage, has a @{1}% Chance to inflict 【Stun】 on the enemy for @{2} sec. Internal Cooldown: @{3} sec. Chance stacks with multiple cards.	เมื่อสร้างดาเมจ มีโอกาส @{1}% ทำให้ศัตรูติดสถานะ [ Stun ] เป็นเวลา @{2} วินาที CD ภายใน: @{3} วินาที โอกาสสะสมได้เมื่อใช้การ์ดหลายใบ
10220300094	When dealing damage, has a @{1}% Chance to inflict 【Blind】 on the enemy for @{2} sec. Internal Cooldown: @{3} sec. Chance stacks with multiple cards.	เมื่อสร้างดาเมจ มีโอกาส @{1}% ทำให้ศัตรูติดสถานะ [ Blind ] เป็นเวลา @{2} วินาที CD ภายใน: @{3} วินาที โอกาสสะสมได้เมื่อใช้การ์ดหลายใบ
10220300095	When dealing damage, has a @{1}% Chance to inflict 【Curse】 on the enemy for @{2} sec. Internal Cooldown: @{3} sec. Chance stacks with multiple cards.	เมื่อสร้างดาเมจ มีโอกาส @{1}% ทำให้ศัตรูติดสถานะ [ Curse ] เป็นเวลา @{2} วินาที CD ภายใน: @{3} วินาที โอกาสสะสมได้เมื่อใช้การ์ดหลายใบ
10220300096	When dealing damage, has a @{1}% Chance to inflict 【Immobilize】 on the enemy for @{2} sec. Internal Cooldown: @{3} sec. Chance stacks with multiple cards.	เมื่อสร้างดาเมจ มีโอกาส @{1}% ทำให้ศัตรูติดสถานะ [ Immobilize ] เป็นเวลา @{2} วินาที CD ภายใน: @{3} วินาที โอกาสสะสมได้เมื่อใช้การ์ดหลายใบ
10220300097	When dealing damage, has a @{1}% Chance to inflict 【Sleep】 on the enemy for @{2} sec. Internal Cooldown: @{3} sec. Chance stacks with multiple cards.	เมื่อสร้างดาเมจ มีโอกาส @{1}% ทำให้ศัตรูติดสถานะ [ Sleep ] เป็นเวลา @{2} วินาที CD ภายใน: @{3} วินาที โอกาสสะสมได้เมื่อใช้การ์ดหลายใบ
10220300098	When dealing damage, has a @{1}% Chance to inflict 【Freeze】 on the enemy for @{2} sec. Internal Cooldown: @{3} sec. Chance stacks with multiple cards.	เมื่อสร้างดาเมจ มีโอกาส @{1}% ทำให้ศัตรูติดสถานะ [ Freeze ] เป็นเวลา @{2} วินาที CD ภายใน: @{3} วินาที โอกาสสะสมได้เมื่อใช้การ์ดหลายใบ
10220300099	When dealing damage, has a @{1}% Chance to inflict 【Silence】 on the enemy for @{2} sec. Internal Cooldown: @{3} sec. Chance stacks with multiple cards.	เมื่อสร้างดาเมจ มีโอกาส @{1}% ทำให้ศัตรูติดสถานะ [ Silence ] เป็นเวลา @{2} วินาที CD ภายใน: @{3} วินาที โอกาสสะสมได้เมื่อใช้การ์ดหลายใบ
10220300100	When dealing damage, has a @{1}% Chance to inflict 【Fear】 on the enemy for @{2} sec. Internal Cooldown: @{3} sec. Chance stacks with multiple cards.	เมื่อสร้างดาเมจ มีโอกาส @{1}% ทำให้ศัตรูติดสถานะ [ Fear ] เป็นเวลา @{2} วินาที CD ภายใน: @{3} วินาที โอกาสสะสมได้เมื่อใช้การ์ดหลายใบ
10220300107	Damage against all Orcs +@{1}% (excluding Orc Lord and Orc Hero).	ดาเมจต่อ Orc ทั้งหมด +@{1}% (ยกเว้น Orc Lord และ Orc Hero)
10220300108	Weapon cannot be destroyed.	อาวุธไม่สามารถถูกทำลายได้
10220300109	When dealing damage, has a @{1}% Chance to restore Life equal to @{2}% of the damage dealt to the enemy, up to @{3}. Internal Cooldown: @{4} sec. Chance stacks with multiple cards.	เมื่อสร้างดาเมจ มีโอกาส @{1}% ฟื้นฟู HP เท่ากับ @{2}% ของดาเมจที่ทำต่อศัตรู สูงสุด @{3} CD ภายใน: @{4} วินาที โอกาสสะสมได้เมื่อใช้การ์ดหลายใบ
10220300110	Armor cannot be destroyed.	เกราะไม่สามารถถูกทำลายได้
10220300111	When making a Physical attack, has a ${1}% Chance to autocast ^{1}^{2}【Bash】 Lv.@{1}^{3}^{4}. Internal Cooldown: ${2} sec. Chance stacks with multiple cards.	เมื่อโจมตีกายภาพ มีโอกาส ${1}% ใช้ ^{1}^{2}[ Bash ] Lv.@{1}^{3}^{4} อัตโนมัติ CD ภายใน: ${2} วินาที โอกาสสะสมได้เมื่อใช้การ์ดหลายใบ
10220300112	When making a Physical attack, has a ${1}% Chance to autocast ^{1}^{2}【Jupitel Thunder】 Lv.@{1}^{3}^{4}. Internal Cooldown: ${2} sec. Chance stacks with multiple cards.	เมื่อโจมตีกายภาพ มีโอกาส ${1}% ใช้ ^{1}^{2}[ Jupitel Thunder ] Lv.@{1}^{3}^{4} อัตโนมัติ CD ภายใน: ${2} วินาที โอกาสสะสมได้เมื่อใช้การ์ดหลายใบ
10220300113	Basic Attack has a @{1}% Chance to trigger 【Double Attack】, dealing Extra Neutral melee Physical damage equal to @{2}%. Internal Cooldown: @{3} sec. Chance stacks with multiple cards.	การโจมตีปกติมีโอกาส @{1}% ใช้ [ Double Attack ] สร้างดาเมจกายภาพระยะประชิดไร้ธาตุเพิ่มเติมเท่ากับ @{2}% CD ภายใน: @{3} วินาที โอกาสสะสมได้เมื่อใช้การ์ดหลายใบ
10220300115	When dealing DMG, there is a @{1}% Chance to reduce the target's current SP by @{2}%, up to @{3}. Internal Cooldown: @{4} sec. The trigger Chance stacks with multiple Cards.	เมื่อสร้างดาเมจ มีโอกาส @{1}% ลด SP ปัจจุบันของเป้าหมายลง @{2}% สูงสุด @{3} CD ภายใน: @{4} วินาที โอกาสเกิดผลสะสมได้เมื่อใช้การ์ดหลายใบ
10220300116	Control effects cannot interrupt casting. Variable CT +@{1}%.	ผลควบคุมไม่สามารถขัดจังหวะการร่ายได้ VCT +@{1}%
10220300117	Control effects cannot interrupt casting. Variable CT +@{1}%	ผลควบคุมไม่สามารถขัดจังหวะการร่ายได้ VCT +@{1}%
10220300118	Control effects cannot interrupt casting. Variable CT +@{1}%.	ผลควบคุมไม่สามารถขัดจังหวะการร่ายได้ VCT +@{1}%
10220300119	Reveals hidden or cloaked monsters within @{1} meters.	เปิดเผยมอนสเตอร์ที่ซ่อนตัวหรือล่องหนในระยะ @{1} เมตร
10220300120	Damage taken while Silenced -@{1}%.	ดาเมจที่ได้รับขณะติด Silence -@{1}%
10220300125	Ignores monster Size. When attacking, has a @{1}% Chance to increase damage against Small, Medium, and Large monsters by @{2}%.	ไม่คำนึงถึงขนาดมอนสเตอร์ เมื่อโจมตี มีโอกาส @{1}% เพิ่มดาเมจต่อมอนสเตอร์ขนาดเล็ก กลาง และใหญ่ขึ้น @{2}%
10220300126	Ignores monster Size. Damage against Small, Medium, and Large monsters +@{1}%.	ไม่คำนึงถึงขนาดมอนสเตอร์ ดาเมจต่อมอนสเตอร์ขนาดเล็ก กลาง และใหญ่ +@{1}%
10220300127	Every @{1} HIT increases Physical damage by @{2}%, up to @{3}%.	ทุก @{1} Hit เพิ่ม P.DMG ขึ้น @{2}% สูงสุด @{3}%
10220300128	When dealing damage, has a @{1}% Chance to absorb @{2}% of the damage dealt to the enemy as SP.	เมื่อสร้างดาเมจ มีโอกาส @{1}% ดูดซับ @{2}% ของดาเมจที่ทำต่อศัตรูมาเป็น SP
10220300130	When you land a critical hit, your next instance of damage is increased by @{1}%.	เมื่อโจมตีติดคริติคอล ดาเมจครั้งถัดไปของคุณเพิ่มขึ้น @{1}%
10220300133	When hit by a magic attack, has a @{1}% Chance to nullify its damage. Internal Cooldown: @{2} seconds. (Boss instant-kill skills can bypass this card's effect.)	เมื่อถูกโจมตีด้วยเวท มีโอกาส @{1}% ทำให้ดาเมจนั้นเป็นศูนย์ CD ภายใน: @{2} วินาที (สกิลสังหารทันทีของบอสสามารถข้ามผลของการ์ดนี้ได้)
10220300134	When hit by a player's ST magic skill, reflects @{1}% of the damage taken, up to @{2}% of the attacker's Max Life. Internal Cooldown: @{3} seconds.	เมื่อถูกสกิลเวทแบบ Single Target ของผู้เล่น สะท้อนดาเมจที่ได้รับ @{1}% สูงสุด @{2}% ของ Max HP ของผู้โจมตี CD ภายใน: @{3} วินาที
10220300135	When hit by a player's ST magic skill, reflects @{1}% of the damage taken, up to @{2}% of the attacker's Max Life. For every @{3} VIT, reflects an Extra @{4}% of the damage taken, up to @{5}%. Internal Cooldown: @{6} seconds.	เมื่อถูกสกิลเวทแบบ Single Target ของผู้เล่น สะท้อนดาเมจที่ได้รับ @{1}% สูงสุด @{2}% ของ Max HP ของผู้โจมตี ทุก @{3} VIT สะท้อนดาเมจที่ได้รับเพิ่มอีก @{4}% สูงสุด @{5}% CD ภายใน: @{6} วินาที
10220300136	When taking damage, has a @{1}% Chance to change your armor's element to Holy for @{2} seconds. Internal Cooldown: @{3} seconds.	เมื่อได้รับดาเมจ มีโอกาส @{1}% เปลี่ยนธาตุเกราะของคุณเป็น Holy เป็นเวลา @{2} วินาที CD ภายใน: @{3} วินาที
10220300137	When taking damage, changes your armor's element to Holy for @{1} seconds. Internal Cooldown: @{2} seconds.	เมื่อได้รับดาเมจ เปลี่ยนธาตุเกราะของคุณเป็น Holy เป็นเวลา @{1} วินาที CD ภายใน: @{2} วินาที
10220300138	Changes your armor's element to Holy.	เปลี่ยนธาตุเกราะของคุณเป็น Holy
10220300139	When hit by a player's ST Physical skill, reflects @{1}% of the damage taken, up to @{2}% of the attacker's Max Life. Internal Cooldown: @{3} seconds.	เมื่อถูกสกิลกายภาพแบบ Single Target ของผู้เล่น สะท้อนดาเมจที่ได้รับ @{1}% สูงสุด @{2}% ของ Max HP ของผู้โจมตี CD ภายใน: @{3} วินาที
10220300140	When hit by a player's ST Physical skill, reflects @{1}% of the damage taken, up to @{2}% of the attacker's Max Life. For every @{3} VIT, reflects an Extra @{4}% of the damage taken, up to @{5}%. Internal Cooldown: @{6} seconds.	เมื่อถูกสกิลกายภาพแบบ Single Target ของผู้เล่น สะท้อนดาเมจที่ได้รับ @{1}% สูงสุด @{2}% ของ Max HP ของผู้โจมตี ทุก @{3} VIT สะท้อนดาเมจที่ได้รับเพิ่มอีก @{4}% สูงสุด @{5}% CD ภายใน: @{6} วินาที
10220300141	Neutral damage taken -@{1}%. Damage taken from other elements +@{2}%.	ดาเมจไร้ธาตุที่ได้รับ -@{1}% ดาเมจที่ได้รับจากธาตุอื่น +@{2}%
10220300142	Neutral damage taken -@{1}%.	ดาเมจไร้ธาตุที่ได้รับ -@{1}%
10220300144	After taking lethal skill damage, you may choose whether to Revive. After Revive, Life/MP is immediately restored to @{1}%. Internal Cooldown: @{2} minutes.	หลังได้รับดาเมจสกิลถึงตาย คุณเลือกได้ว่าจะชุบชีวิตหรือไม่ หลังชุบชีวิต ฟื้นฟู HP/MP ทันทีเป็น @{1}% CD ภายใน: @{2} นาที
10220300146	Control debuff resistance increased by +@{1}.	เพิ่มความต้านทานดีบัฟควบคุม +@{1}
10220300147	Grants permanent 【Endure】 (immune to knockback, knock-up, and hitstun effects).	ได้รับ [ Endure ] ถาวร (ป้องกันการผลัก กระเด็นขึ้น และชะงักจากการถูกโจมตี)
10220300148	Movement Speed +@{1}% (unique effect), Max Life +@{2}%.	MSPD +@{1}% (ผลเฉพาะ), Max HP +@{2}%
10220300153	After using a skill, has a @{1}% Chance to reset that skill's Cooldown. Its Cooldown cannot be reset again for a period of time. The internal Cooldown is @{2} times that skill's Cooldown. (Does not reset the global Cooldown.)	หลังใช้สกิล มีโอกาส @{1}% รีเซ็ต Cooldown ของสกิลนั้น โดยจะรีเซ็ตซ้ำไม่ได้ชั่วระยะหนึ่ง CD ภายในเท่ากับ @{2} เท่าของ Cooldown สกิลนั้น (ไม่รีเซ็ต Cooldown ส่วนกลาง)
10220300155	When applying a healing skill effect, has a ${1}% Chance to trigger ^{1}^{2}【Divine Light】 Lv@{1}^{3}^{4}. Internal Cooldown: ${2} seconds.	เมื่อทำให้เกิดผลของสกิลฮีล มีโอกาส ${1}% ใช้ ^{1}^{2}[ Divine Light ] Lv@{1}^{3}^{4} CD ภายใน: ${2} วินาที
10220300156	Damage dealt to Goblins +@{1}%.	ดาเมจที่ทำต่อ Goblin +@{1}%
10220300157	Allows use of Hiding Lv@{1} and Sightless Mind Lv@{2}.	สามารถใช้ Hiding Lv@{1} และ Sightless Mind Lv@{2} ได้
10220300158	Allows use of Hiding Lv@{1} and Sightless Mind Lv@{2}. Sightless Mind always inflicts 【Stun】 and has a Chance to inflict Bleeding on the enemy.	สามารถใช้ Hiding Lv@{1} และ Sightless Mind Lv@{2} ได้ Sightless Mind ทำให้ติดสถานะ [ Stun ] เสมอ และมีโอกาสทำให้ศัตรูติด Bleeding
10220300161	When Life is below @{1}%, damage taken from sources other than status effects is reduced by @{2}%. Internal Cooldown: @{3}S.	เมื่อ HP ต่ำกว่า @{1}% ลดดาเมจที่ได้รับจากแหล่งอื่นที่ไม่ใช่ผลสถานะลง @{2}% CD ภายใน: @{3} วินาที
10220300162	Kill Fish and Shellfish monsters to restore @{1} MP. No internal Cooldown.	สังหารมอนสเตอร์ Fish และ Shellfish เพื่อฟื้นฟู MP @{1} ไม่มี CD ภายใน
10220300163	Kill Dragon monsters to restore @{1} MP. No internal Cooldown.	สังหารมอนสเตอร์ Dragon เพื่อฟื้นฟู MP @{1} ไม่มี CD ภายใน
10220300164	Internal Cooldown	CD ภายใน
10220300165	Cannot use skill or move	ไม่สามารถใช้สกิลหรือเคลื่อนที่ได้
10220300166	Fire damage +@{1}%. Basic Attacks become Fire.	ดาเมจธาตุ Fire +@{1}% การโจมตีปกติเปลี่ยนเป็นธาตุ Fire
10220300167	Immune to knockback, knock-up, and hitstun effects	ป้องกันการผลัก กระเด็นขึ้น และชะงักจากการถูกโจมตี
10220300168	Spear mastery increases Crit by @{1}, Crit Resistance by @{2}, and Attack Speed by @{3}%.	ความชำนาญหอกเพิ่ม CRIT ขึ้น @{1}, CRIT RES ขึ้น @{2} และ ASPD ขึ้น @{3}%
10220300170	When taking melee Physical damage, deals damage to the attacker based on your Physical ATK	เมื่อได้รับดาเมจกายภาพระยะประชิด สร้างดาเมจแก่ผู้โจมตีตามค่า P.ATK ของคุณ
10220300172	Demon Resistance and Holy Resistance +@{1}%	ความต้านทาน Demon และ Holy +@{1}%
10220300173	Ranged Physical damage taken -@{1}%	ดาเมจกายภาพระยะไกลที่ได้รับ -@{1}%
10220300174	When hit during Auto Guard, has a @{1}% Chance to Stun the attacker for @{2} seconds	เมื่อถูกโจมตีระหว่างใช้ Auto Guard มีโอกาส @{1}% ทำให้ผู้โจมตีติด Stun เป็นเวลา @{2} วินาที
10220300176	Max Life and Holy Resistance +@{1}%	Max HP และความต้านทาน Holy +@{1}%
10220300177	Shield mastery reduces damage taken from monsters by @{1}%.	ความชำนาญโล่ลดดาเมจที่ได้รับจากมอนสเตอร์ลง @{1}%
10220300181	The Crusader takes @{1}% of the damage you receive	Crusader รับดาเมจที่คุณได้รับแทน @{1}%
10220300182	Reduces the Physical and Magic ATK of nearby enemies while increasing the Physical and Magic DEF of nearby allies	ลด P.ATK และ M.ATK ของศัตรูใกล้เคียง พร้อมเพิ่ม P.DEF และ M.DEF ของพันธมิตรใกล้เคียง
10220300183	Damage taken is reduced.	ดาเมจที่ได้รับลดลง
10220300184	【Spear Formation - Blood Cross】 damage +@{1}%	ดาเมจของ [ Spear Formation - Blood Cross ] +@{1}%
10220300185	Permanently triggers Charge-Up	ทำให้เกิด Charge-Up อย่างถาวร
10220300186	Movement Speed +@{1}%. Your next attack deals Extra damage	MSPD +@{1}% การโจมตีครั้งถัดไปของคุณสร้างดาเมจเพิ่มเติม
10220300188	Each stack grants a shield equal to @{1}% of Max Life	แต่ละ stacks มอบโล่เท่ากับ @{1}% ของ Max HP
10220300189	When hit, Deals Physical damage. Nearby enemies are affected.	เมื่อถูกโจมตี สร้างดาเมจกายภาพ โดยมีผลต่อศัตรูใกล้เคียง
10220300191	Shield Triggers Damage	โล่ทำให้เกิดดาเมจ
10220300192	Reduces Attack Speed and Movement Speed by @{1}%	ลด ASPD และ MSPD ลง @{1}%
10220300193	The Crusader takes @{1}% of the damage you receive	Crusader รับดาเมจที่คุณได้รับแทน @{1}%
10220300195	Each stack reduces Movement Speed by @{1}%. At @{2} stacks, inflicts Stun for @{3} sec.	แต่ละ stacks ลด MSPD ลง @{1}% เมื่อครบ @{2} stacks ทำให้ติด Stun เป็นเวลา @{3} วินาที
10220300196	Changes your armor to Holy property	เปลี่ยนธาตุเกราะของคุณเป็น Holy
10220300197	Increases Max Life by @{1}% and Physical ATK by @{2}%	เพิ่ม Max HP ขึ้น @{1}% และ P.ATK ขึ้น @{2}%
10220300198	Each stack increases your Physical ATK, Physical DEF, and Magic DEF by @{1}	แต่ละ stacks เพิ่ม P.ATK, P.DEF และ M.DEF ของคุณขึ้น @{1}
10220300200	Shield Stance	ท่าตั้งโล่
10220300201	Smite damage is increased.	ดาเมจของ Smite เพิ่มขึ้น
10220300202	Gain 【Charge Up】 when the countdown ends	ได้รับ [ Charge Up ] เมื่อการนับถอยหลังสิ้นสุด
10220300203	Reduces damage taken from monsters by @{1}% and increases Physical and Magic DEF by @{2}%	ลดดาเมจที่ได้รับจากมอนสเตอร์ลง @{1}% และเพิ่ม P.DEF กับ M.DEF ขึ้น @{2}%
10220300204	Temporarily increases DEX by @{1} and AGI by @{2}, and detects hidden enemies within a @{3}-meter radius.	เพิ่ม DEX ขึ้น @{1} และ AGI ขึ้น @{2} ชั่วคราว พร้อมตรวจจับศัตรูที่ซ่อนตัวในรัศมี @{3} เมตร
10220300205	Grant All Players Full Mini Map Vision	มอบการมองเห็นแผนที่ย่อทั้งหมดให้ผู้เล่นทุกคน
10220300207	Enter 【Camouflage】, becoming invisible and untargetable. Revealed after taking damage @{1} times	เข้าสู่ [ Camouflage ] ล่องหนและไม่สามารถถูกเลือกเป็นเป้าหมายได้ เปิดเผยตัวเมื่อได้รับดาเมจ @{1} ครั้ง
10220300208	Trail effect	เอฟเฟกต์ร่องรอย
10220300209	Become invisible, but taking damage @{1} times or dealing damage removes 【Enhanced Camouflage】.	ล่องหน แต่การได้รับดาเมจ @{1} ครั้งหรือสร้างดาเมจจะยกเลิก [ Enhanced Camouflage ]
10220300210	Inflicts Blind	ทำให้ติด Blind
10220300211	Caused by Rift Impact. Reduces Movement Speed by @{1}%.	ผลจาก Rift Impact ลด MSPD ลง @{1}%
10220300212	Become Giant for @{1} sec., recovering @{3}% Max Life every @{2} sec.	แปลงร่างเป็นยักษ์เป็นเวลา @{1} วินาที ฟื้นฟู @{3}% ของ Max HP ทุก @{2} วินาที
10220300214	Instantly recovers @{1}% Max Life	ฟื้นฟู @{1}% ของ Max HP ทันที
10220300215	Increases your and your allies' DEF	เพิ่ม DEF ของคุณและพันธมิตร
10220300216	Increases DEF	เพิ่ม DEF
10220300217	Increases your and your allies' Movement Speed and Attack Speed	เพิ่ม MSPD และ ASPD ของคุณและพันธมิตร
10220300218	Increases Movement Speed and Attack Speed	เพิ่ม MSPD และ ASPD
10220300219	Increases your and your allies' Movement Speed and HP recover	เพิ่ม MSPD และการฟื้นฟู HP ของคุณและพันธมิตร
10220300220	Increases Movement Speed and HP recover	เพิ่ม MSPD และการฟื้นฟู HP
10220300221	Increases your and your allies' ATK	เพิ่ม ATK ของคุณและพันธมิตร
10220300222	Increase Attack	เพิ่ม ATK
10220300223	Increases your and your allies' damage reflection	เพิ่มการสะท้อนดาเมจของคุณและพันธมิตร
10220300224	Increases damage reflection	เพิ่มการสะท้อนดาเมจ
10220300225	Increases each of your and your allies' stats by @{1}	เพิ่มค่าสถานะแต่ละอย่างของคุณและพันธมิตรขึ้น @{1}
10220300226	Increases each stat by @{1} points	เพิ่มค่าสถานะแต่ละอย่างขึ้น @{1} แต้ม
10220300227	Attacks have a @{1}% Chance to recover @{2} HP. No cooldown	เมื่อโจมตี มีโอกาส @{1}% ฟื้นฟู HP @{2} ไม่มี Cooldown
10220300228	Attacks have a @{1}% Chance to recover @{2} HP	เมื่อโจมตี มีโอกาส @{1}% ฟื้นฟู HP @{2}
10220300229	Increases allies' MP recovery by @{1}	เพิ่มการฟื้นฟู MP ของพันธมิตรขึ้น @{1}
10220300231	Reduces the DEF of nearby enemies	ลด DEF ของศัตรูใกล้เคียง
10220300232	Reduces DEF	ลด DEF
10220300233	Reduces the Movement Speed of nearby enemies	ลด MSPD ของศัตรูใกล้เคียง
10220300234	Reduces Movement Speed	ลด MSPD
10220300235	Gain @{1} match Currency	ได้รับเงินตราในการแข่งขัน @{1}
10220300237	Reflects @{1}% of damage taken for @{2} sec. Reflection cooldown: @{3} sec. (Each reflected hit cannot exceed @{4}W)	สะท้อนดาเมจที่ได้รับ @{1}% เป็นเวลา @{2} วินาที Cooldown การสะท้อน: @{3} วินาที (ดาเมจสะท้อนแต่ละครั้งไม่เกิน @{4}W)
10220300238	Raises the quality of all equipped gear by one tier	เพิ่มคุณภาพอุปกรณ์ที่สวมใส่ทั้งหมดขึ้นหนึ่งระดับ
10220300239	Become Super Giant for @{1} sec. During this time, damage dealt increases by @{2}%, damage taken increases by @{3}%, and you recover @{5}% Max Life every @{4} sec.	แปลงร่างเป็น Super Giant เป็นเวลา @{1} วินาที ระหว่างนี้ ดาเมจที่ทำได้เพิ่มขึ้น @{2}% ดาเมจที่ได้รับเพิ่มขึ้น @{3}% และฟื้นฟู @{5}% ของ Max HP ทุก @{4} วินาที
10220300240	Become immune to all debuffs and control effects for @{1} sec.	ป้องกันดีบัฟและผลควบคุมทั้งหมดเป็นเวลา @{1} วินาที
10220300241	Self-heal, recovering @{1}% Max Life per sec. for @{2} sec.	ฮีลตัวเอง ฟื้นฟู @{1}% ของ Max HP ทุกวินาที เป็นเวลา @{2} วินาที
10220300242	Increases Movement Speed by @{1}% and grants immunity to slows for @{2} sec.	เพิ่ม MSPD ขึ้น @{1}% และป้องกันการลดความเร็วเป็นเวลา @{2} วินาที
10220300244	Gain a slowing Orbit that reduces the Movement Speed of enemies within a @{1}-meter radius by @{2}% for @{3} sec.	ได้รับวงโคจรลดความเร็ว ลด MSPD ของศัตรูในรัศมี @{1} เมตรลง @{2}% เป็นเวลา @{3} วินาที
10220300248	Gain damage reduction and survive one fatal blow.	ได้รับการลดดาเมจและรอดจากการโจมตีถึงตายหนึ่งครั้ง
10220300249	Continuously recover Life.	ฟื้นฟู HP อย่างต่อเนื่อง
10220300251	Gain Falcon's Eye, revealing hidden targets within a @{1}-meter radius	ได้รับ Falcon's Eye เปิดเผยเป้าหมายที่ซ่อนตัวในรัศมี @{1} เมตร
10220300252	Recover @{1}% Max Life per sec. for @{2} sec.	ฟื้นฟู @{1}% ของ Max HP ทุกวินาที เป็นเวลา @{2} วินาที
10220300253	Gain Endure, reducing damage taken by @{1}%.	ได้รับ Endure ลดดาเมจที่ได้รับลง @{1}%
10220300254	Freeze effect	ผลของ Freeze
10220300256	Reveals enemies in ^{1}【Hiding】^{2} within a @{1}-meter radius.	เปิดเผยศัตรูที่อยู่ใน ^{1}[ Hiding ]^{2} ในรัศมี @{1} เมตร
10220300257	Hide-and-Seek status. Revealed after taking damage @{1} times.	สถานะ Hide-and-Seek เปิดเผยตัวเมื่อได้รับดาเมจ @{1} ครั้ง
10220300258	Every @{1} sec, loses HP equal to @{2}% of the applier's Fire Magic Damage.	ทุก @{1} วินาที สูญเสีย HP เท่ากับ @{2}% ของ M.DMG ธาตุ Fire ของผู้สร้างสถานะ
10220300259	Searching for enemies in Hiding within range.	กำลังค้นหาศัตรูที่ใช้ Hiding ในระยะ
10220300262	Unlocks @{1} Extra skills.	ปลดล็อกสกิลเพิ่มเติม @{1} สกิล
10220300264	Raises the quality of all players' currently equipped gear by one tier.	เพิ่มคุณภาพอุปกรณ์ที่ผู้เล่นทุกคนสวมใส่อยู่ขึ้นหนึ่งระดับ
10220300268	Removes all status effects.	ลบผลสถานะทั้งหมด
10220300269	Restores @{1}% Max HP per sec for @{2} sec.	ฟื้นฟู @{1}% ของ Max HP ทุกวินาที เป็นเวลา @{2} วินาที
10220300270	Grants a @{1}% Movement Speed bonus for @{2} sec.	เพิ่ม MSPD ขึ้น @{1}% เป็นเวลา @{2} วินาที
10220300278	Flying Magic	เวทบิน
10220300279	Teleportation Magic	เวทเคลื่อนย้าย
10220300280	Ping-Pong Poring	Poring ปิงปอง
10800100012	When ^{1}^{2}[Sanctuary]^{3}^{4} is cast, it restores MATK*${2}%+${3} HP to up to ${1} allies within the area.	เมื่อใช้ ^{1}^{2}[ Sanctuary ]^{3}^{4} ฟื้นฟู HP เท่ากับ M.ATK*${2}%+${3} ให้พันธมิตรสูงสุด ${1} คนในพื้นที่
10800100014	After casting ^{1}^{2}[Turn Undead]^{3}^{4}, there is a ${1}% Chance to trigger Turn Undead one Extra time. Internal Cooldown: ${2} seconds.	หลังใช้ ^{1}^{2}[ Turn Undead ]^{3}^{4} มีโอกาส ${1}% ใช้ Turn Undead เพิ่มอีกหนึ่งครั้ง CD ภายใน: ${2} วินาที
10800100020	When using ^{1}^{2}[Basic Attack]^{3}^{4} with a Mace, inflicts ^{5}^{6}[Stun]^{7}^{8} on the target for ${1} seconds. Internal Cooldown: ${2} seconds.	เมื่อใช้ ^{1}^{2}[ Basic Attack ]^{3}^{4} ด้วยกระบอง ทำให้เป้าหมายติดสถานะ ^{5}^{6}[ Stun ]^{7}^{8} เป็นเวลา ${1} วินาที CD ภายใน: ${2} วินาที
10800100021	When using ^{1}^{2}[Basic Attack]^{3}^{4} with a Mace, unleashes the power of holy light, dealing MATK*${3}%+${4} Neutral Ranged Magic damage to the enemy and up to ${2} enemies within a ${1}-meter radius. Internal Cooldown: ${5} seconds.	เมื่อใช้ ^{1}^{2}[ Basic Attack ]^{3}^{4} ด้วยกระบอง ปลดปล่อยพลังแสงศักดิ์สิทธิ์ สร้างดาเมจเวทระยะไกลไร้ธาตุเท่ากับ M.ATK*${3}%+${4} แก่ศัตรูและศัตรูสูงสุด ${2} ตัว ในรัศมี ${1} เมตร CD ภายใน: ${5} วินาที
10800100025	Holy Light Baptism blesses you, reducing ^{1}^{2}[Magnus Exorcismus]^{3}^{4} Cooldown by ${1} seconds.	ได้รับพรจาก Holy Light Baptism ลด Cooldown ของ ^{1}^{2}[ Magnus Exorcismus ]^{3}^{4} ลง ${1} วินาที
10800100030	While ^{1}^{2}[Basilica]^{3}^{4} is active, ^{5}^{6}[Holy Light]^{7}^{8} and ^{9}^{10}[Turn Undead]^{11}^{12}'s percentage damage multipliers increase by ${1}% and their fixed damage increases by ${2}.	ขณะ ^{1}^{2}[ Basilica ]^{3}^{4} ทำงาน ตัวคูณดาเมจแบบเปอร์เซ็นต์ของ ^{5}^{6}[ Holy Light ]^{7}^{8} และ ^{9}^{10}[ Turn Undead ]^{11}^{12} เพิ่มขึ้น ${1}% และดาเมจส่วนค่าคงที่เพิ่มขึ้น ${2}
10800100031	While ^{1}^{2}[Basilica]^{3}^{4} is active, ^{5}^{6}[Magnus Exorcismus]^{7}^{8}'s percentage damage multiplier increases by ${1}% and its fixed damage increases by ${2}.	ขณะ ^{1}^{2}[ Basilica ]^{3}^{4} ทำงาน ตัวคูณดาเมจแบบเปอร์เซ็นต์ของ ^{5}^{6}[ Magnus Exorcismus ]^{7}^{8} เพิ่มขึ้น ${1}% และดาเมจส่วนค่าคงที่เพิ่มขึ้น ${2}
10800100033	^{1}^{2}[Heal]^{3}^{4} has a ${1}% Chance to Splash to ${3} Other allies within ${2} meters of the target, restoring the same Healing Volume as the skill itself. Internal Cooldown: ${4} seconds.	^{1}^{2}[ Heal ]^{3}^{4} มีโอกาส ${1}% กระจายไปยังพันธมิตรอื่น ${3} คน ในระยะ ${2} เมตรรอบเป้าหมาย ฟื้นฟูเท่ากับปริมาณฮีลของสกิล CD ภายใน: ${4} วินาที
10800100034	After ^{1}^{2}[Sanctuary]^{3}^{4} has been active for a time, it restores MATK*${3}%+${4} HP to up to ${2} allies within ${1} meters of you.	หลัง ^{1}^{2}[ Sanctuary ]^{3}^{4} ทำงานไปช่วงหนึ่ง ฟื้นฟู HP เท่ากับ M.ATK*${3}%+${4} ให้พันธมิตรสูงสุด ${2} คน ในระยะ ${1} เมตรจากคุณ
10800100037	Immediately after using ^{1}^{2}[Cart Revolution]^{3}^{4}, triggers [Gunpowder Throw] @{1} times, dealing PATK*${3}% Fire melee Physical damage to up to ${2} enemies within ${1} meters. This effect has a ${4}-second Cooldown.	ทันทีหลังใช้ ^{1}^{2}[ Cart Revolution ]^{3}^{4} ใช้ [ Gunpowder Throw ] @{1} ครั้ง สร้างดาเมจกายภาพระยะประชิดธาตุ Fire เท่ากับ P.ATK*${3}% แก่ศัตรูสูงสุด ${2} ตัว ในระยะ ${1} เมตร ผลนี้มี Cooldown ${4} วินาที
10800100042	When ^{1}^{2}[Hammer Fall]^{3}^{4} is cast, it unleashes [Earth Spike] against ${1} enemies within the area, dealing PATK*${2}%+${3} Neutral melee Physical damage and gaining a ${4}% Chance to inflict ^{5}^{6}[Stun]^{7}^{8} for ${5} seconds.	เมื่อใช้ ^{1}^{2}[ Hammer Fall ]^{3}^{4} ปล่อย [ Earth Spike ] ใส่ศัตรู ${1} ตัวในพื้นที่ สร้างดาเมจกายภาพระยะประชิดไร้ธาตุเท่ากับ P.ATK*${2}%+${3} และมีโอกาส ${4}% ทำให้ติดสถานะ ^{5}^{6}[ Stun ]^{7}^{8} เป็นเวลา ${5} วินาที
10800100043	For every @{1} enemies hit by ^{1}^{2}[Hammer Fall]^{3}^{4}, DMG Bonus +${1}%, up to ${2}%.	ทุกศัตรู @{1} ตัวที่ถูก ^{1}^{2}[ Hammer Fall ]^{3}^{4} โจมตี โบนัสดาเมจ +${1}% สูงสุด ${2}%
10800100047	^{1}^{2}[Cart Revolution]^{3}^{4} fixed damage +${1}%.	^{1}^{2}[ Cart Revolution ]^{3}^{4} ดาเมจส่วนค่าคงที่ +${1}%
10800100051	^{1}^{2}[Adrenaline Rush]^{3}^{4} grants an Extra ${1}% ASPD.	^{1}^{2}[ Adrenaline Rush ]^{3}^{4} เพิ่ม ASPD อีก ${1}%
10800100054	^{1}^{2}[High Speed Cart Ram]^{3}^{4} gains ${2}% DMG Bonus against targets below ${1}% HP, and its Chance to inflict ^{5}^{6}[Stun]^{7}^{8} increases by ${3}%.	^{1}^{2}[ High Speed Cart Ram ]^{3}^{4} ได้รับโบนัสดาเมจ ${2}% ต่อเป้าหมายที่มี HP ต่ำกว่า ${1}% และโอกาสทำให้ติดสถานะ ^{5}^{6}[ Stun ]^{7}^{8} เพิ่มขึ้น ${3}%
10800100055	^{1}^{2}[High Speed Cart Ram]^{3}^{4} additionally deals PATK*${3}%+${4} Neutral melee Physical damage to up to ${2} enemies within ${1} meters. This effect has a ${5}-second Cooldown.	^{1}^{2}[ High Speed Cart Ram ]^{3}^{4} สร้างดาเมจกายภาพระยะประชิดไร้ธาตุเพิ่มเติมเท่ากับ P.ATK*${3}%+${4} แก่ศัตรูสูงสุด ${2} ตัว ในระยะ ${1} เมตร ผลนี้มี Cooldown ${5} วินาที
10800100059	While ^{1}^{2}[Cart Boost]^{3}^{4} is active, [High Speed Cart Ram]'s damage bonus increases by ${1}%.	ขณะ ^{1}^{2}[ Cart Boost ]^{3}^{4} ทำงาน โบนัสดาเมจของ [ High Speed Cart Ram ] เพิ่มขึ้น ${1}%
10800100065	When equipped with a Two-Handed Spear, ^{1}^{2}[Holy Cross]^{3}^{4}'s percentage damage multiplier increases by ${1}%.	เมื่อสวมหอกสองมือ ตัวคูณดาเมจแบบเปอร์เซ็นต์ของ ^{1}^{2}[ Holy Cross ]^{3}^{4} เพิ่มขึ้น ${1}%
10800100066	When ^{1}^{2}[Holy Cross]^{3}^{4} hits an enemy, it additionally casts [Cross Blast] on them, dealing PATK*${3}%+${4} Neutral melee Physical damage to up to ${2} enemies within ${1} meters of the target. Internal Cooldown: ${5} seconds.	เมื่อ ^{1}^{2}[ Holy Cross ]^{3}^{4} โจมตีโดนศัตรู ใช้ [ Cross Blast ] เพิ่มใส่ศัตรูนั้น สร้างดาเมจกายภาพระยะประชิดไร้ธาตุเท่ากับ P.ATK*${3}%+${4} แก่ศัตรูสูงสุด ${2} ตัว ในระยะ ${1} เมตรรอบเป้าหมาย CD ภายใน: ${5} วินาที
10800100067	^{1}^{2}[Holy Cross]^{3}^{4} casts ${1}% faster, but is no longer affected by ASPD.	^{1}^{2}[ Holy Cross ]^{3}^{4} ใช้ได้เร็วขึ้น ${1}% แต่ไม่ได้รับผลจาก ASPD อีกต่อไป
10800100069	After every ${1} casts of ^{1}^{2}[Smite]^{3}^{4}, the next ^{5}^{6}[Smite]^{7}^{8}'s percentage damage multiplier and fixed damage increase by ${2}%.	ทุกการใช้ ${1} ครั้งของ ^{1}^{2}[ Smite ]^{3}^{4} ตัวคูณดาเมจแบบเปอร์เซ็นต์และดาเมจส่วนค่าคงที่ของ ^{5}^{6}[ Smite ]^{7}^{8} ครั้งถัดไปเพิ่มขึ้น ${2}%
10800100070	When ^{1}^{2}[Smite]^{3}^{4} is cast, it additionally deals PATK*${3}%+${4} Neutral melee Physical damage to a total of ${2} Other enemies within ${1} meters of the target. Internal Cooldown: ${5} seconds.	เมื่อใช้ ^{1}^{2}[ Smite ]^{3}^{4} สร้างดาเมจกายภาพระยะประชิดไร้ธาตุเพิ่มเติมเท่ากับ P.ATK*${3}%+${4} แก่ศัตรูอื่นรวม ${2} ตัว ในระยะ ${1} เมตรรอบเป้าหมาย CD ภายใน: ${5} วินาที
10800100072	When ^{1}^{2}[Grand Cross]^{3}^{4} is cast, triggers [Cross Thrust] on @{1} random targets within the area, dealing PATK*${1}%+${2} Neutral melee Physical damage.	เมื่อใช้ ^{1}^{2}[ Grand Cross ]^{3}^{4} ใช้ [ Cross Thrust ] ใส่เป้าหมายสุ่ม @{1} ตัวในพื้นที่ สร้างดาเมจกายภาพระยะประชิดไร้ธาตุเท่ากับ P.ATK*${1}%+${2}
10800100075	^{1}^{2}[Shield Boomerang]^{3}^{4} ricochets an Extra ${1} times.	^{1}^{2}[ Shield Boomerang ]^{3}^{4} ชิ่งเพิ่มอีก ${1} ครั้ง
10800100076	^{1}^{2}[Shield Boomerang]^{3}^{4} deals an Extra @{1} hits of PATK*${1}%+${2} Neutral melee Physical damage to the locked-on target.	^{1}^{2}[ Shield Boomerang ]^{3}^{4} สร้างดาเมจกายภาพระยะประชิดไร้ธาตุเพิ่มอีก @{1} ครั้ง แต่ละครั้งเท่ากับ P.ATK*${1}%+${2} แก่เป้าหมายที่ล็อกไว้
10800100077	Learning ^{1}^{2}[Spear Mastery]^{3}^{4} grants ${1} PATK.	เมื่อเรียน ^{1}^{2}[ Spear Mastery ]^{3}^{4} ได้รับ P.ATK ${1}
10800100078	Gain ${1} PATK for each learned level of ^{1}^{2}[Spear Mastery]^{3}^{4}.	ได้รับ P.ATK ${1} ต่อแต่ละเลเวลที่เรียนของ ^{1}^{2}[ Spear Mastery ]^{3}^{4}
10800100079	Learning ^{1}^{2}[Spear Mastery]^{3}^{4} grants ${1}% Holy Damage.	เมื่อเรียน ^{1}^{2}[ Spear Mastery ]^{3}^{4} ได้รับโบนัสดาเมจธาตุ Holy ${1}%
10800100080	While ^{1}^{2}[Auto Guard]^{3}^{4} is active, PATK +${1} and Max HP +${2}.	ขณะ ^{1}^{2}[ Auto Guard ]^{3}^{4} ทำงาน P.ATK +${1} และ Max HP +${2}
10800100081	While ^{1}^{2}[Auto Guard]^{3}^{4} is active, taking damage increases your DMG Reduction by ${1}% for ${2} seconds. Internal Cooldown: ${3} seconds.	ขณะ ^{1}^{2}[ Auto Guard ]^{3}^{4} ทำงาน การได้รับดาเมจจะเพิ่มการลดดาเมจของคุณขึ้น ${1}% เป็นเวลา ${2} วินาที CD ภายใน: ${3} วินาที
10800100082	While ^{1}^{2}[Auto Guard]^{3}^{4} is active, Smite and Rapid Smiting's percentage damage multipliers and fixed damage increase by ${1}%.	ขณะ ^{1}^{2}[ Auto Guard ]^{3}^{4} ทำงาน ตัวคูณดาเมจแบบเปอร์เซ็นต์และดาเมจส่วนค่าคงที่ของ Smite และ Rapid Smiting เพิ่มขึ้น ${1}%
10800100083	^{1}^{2}[Gloria Domini]^{3}^{4}'s percentage damage multiplier increases by ${1}%, and its fixed damage increases by ${2}.	ตัวคูณดาเมจแบบเปอร์เซ็นต์ของ ^{1}^{2}[ Gloria Domini ]^{3}^{4} เพิ่มขึ้น ${1}% และดาเมจส่วนค่าคงที่เพิ่มขึ้น ${2}
10800100084	When casting ^{1}^{2}[Gloria Domini]^{3}^{4}, Deals DMG equal to PATK * ${3}% + ${4} as Neutral Melee Physical damage to the target and up to ${2} enemies within ${1} meters of the target.	เมื่อใช้ ^{1}^{2}[ Gloria Domini ]^{3}^{4} สร้างดาเมจกายภาพระยะประชิดไร้ธาตุเท่ากับ P.ATK * ${3}% + ${4} แก่เป้าหมายและศัตรูสูงสุด ${2} ตัว ในระยะ ${1} เมตรรอบเป้าหมาย
10800100085	^{1}^{2}[Gloria Domini]^{3}^{4} Deals DMG to the locked target an Extra @{1} times, each dealing PATK * ${1}% + ${2} as Neutral Melee Physical damage.	^{1}^{2}[ Gloria Domini ]^{3}^{4} สร้างดาเมจแก่เป้าหมายที่ล็อกไว้เพิ่มอีก @{1} ครั้ง แต่ละครั้งสร้างดาเมจกายภาพระยะประชิดไร้ธาตุเท่ากับ P.ATK * ${1}% + ${2}
10800100086	^{1}^{2}[Rapid Smiting]^{3}^{4}'s percentage damage multiplier increases by ${1}%, and its fixed damage increases by ${2}.	ตัวคูณดาเมจแบบเปอร์เซ็นต์ของ ^{1}^{2}[ Rapid Smiting ]^{3}^{4} เพิ่มขึ้น ${1}% และดาเมจส่วนค่าคงที่เพิ่มขึ้น ${2}
10800100087	^{1}^{2}[Rapid Smiting]^{3}^{4} has a ${1}% Chance to Deals DMG to the target an Extra @{1} times, each dealing PATK * ${2}% + ${3} as Neutral Melee Physical damage.	^{1}^{2}[ Rapid Smiting ]^{3}^{4} มีโอกาส ${1}% สร้างดาเมจแก่เป้าหมายเพิ่มอีก @{1} ครั้ง แต่ละครั้งสร้างดาเมจกายภาพระยะประชิดไร้ธาตุเท่ากับ P.ATK * ${2}% + ${3}
10800100088	When casting ^{1}^{2}[Rapid Smiting]^{3}^{4}, there is a ${1}% Chance to change the Cooldown of your next Shield Boomerang to @{1} seconds. This effect cannot stack and can trigger up to @{2} times every ${2} seconds.	เมื่อใช้ ^{1}^{2}[ Rapid Smiting ]^{3}^{4} มีโอกาส ${1}% เปลี่ยน Cooldown ของ Shield Boomerang ครั้งถัดไปเป็น @{1} วินาที ผลนี้ไม่ซ้อนกันและเกิดได้สูงสุด @{2} ครั้งทุก ${2} วินาที
10800100089	PATK +@{1}, and ^{1}^{2}[Sacrifice]^{3}^{4} no longer consumes HP.	P.ATK +@{1} และ ^{1}^{2}[ Sacrifice ]^{3}^{4} ไม่ใช้ HP อีกต่อไป
10800100090	^{1}^{2}[Sacrifice]^{3}^{4}'s duration increases to ${1} seconds. During ^{5}^{6}[Sacrifice]^{7}^{8}, ^{9}^{10}[Holy Cross]^{11}^{12}'s percentage damage multiplier and fixed Damage Increase by ${2}%.	^{1}^{2}[ Sacrifice ]^{3}^{4} คงอยู่นานขึ้นเป็น ${1} วินาที ระหว่างใช้ ^{5}^{6}[ Sacrifice ]^{7}^{8} ตัวคูณดาเมจแบบเปอร์เซ็นต์และดาเมจส่วนค่าคงที่ของ ^{9}^{10}[ Holy Cross ]^{11}^{12} เพิ่มขึ้น ${2}%
10800100091	While ^{1}^{2}[Sacrifice]^{3}^{4} is active, ^{5}^{6}[Basic Attack]^{7}^{8}'s percentage damage multiplier increases by ${1}%.	ขณะ ^{1}^{2}[ Sacrifice ]^{3}^{4} ทำงาน ตัวคูณดาเมจแบบเปอร์เซ็นต์ของ ^{5}^{6}[ Basic Attack ]^{7}^{8} เพิ่มขึ้น ${1}%
10800100092	^{1}^{2}[Battle Chant]^{3}^{4} grants allies an Extra ${1} PDEF and MDEF and reduces enemies' PATK and MATK by an Extra ${2}.	^{1}^{2}[ Battle Chant ]^{3}^{4} เพิ่ม P.DEF และ M.DEF ให้พันธมิตรอีก ${1} และลด P.ATK กับ M.ATK ของศัตรูเพิ่มอีก ${2}
10800100093	While ^{1}^{2}[Battle Chant]^{3}^{4} is active, your ^{5}^{6}[Shield Boomerang]^{7}^{8}'s percentage damage multiplier increases by ${1}%, and its fixed damage increases by ${2}.	ขณะ ^{1}^{2}[ Battle Chant ]^{3}^{4} ทำงาน ตัวคูณดาเมจแบบเปอร์เซ็นต์ของ ^{5}^{6}[ Shield Boomerang ]^{7}^{8} ของคุณเพิ่มขึ้น ${1}% และดาเมจส่วนค่าคงที่เพิ่มขึ้น ${2}
10800100094	While ^{1}^{2}[Battle Chant]^{3}^{4} is active, your Max HP increases by ${1}.	ขณะ ^{1}^{2}[ Battle Chant ]^{3}^{4} ทำงาน Max HP ของคุณเพิ่มขึ้น ${1}
10800100095	^{1}^{2}[Pierce]^{3}^{4}'s percentage damage multiplier increases by ${1}%, and its fixed damage increases by ${2}.	ตัวคูณดาเมจแบบเปอร์เซ็นต์ของ ^{1}^{2}[ Pierce ]^{3}^{4} เพิ่มขึ้น ${1}% และดาเมจส่วนค่าคงที่เพิ่มขึ้น ${2}
10800100096	When casting ^{1}^{2}[Pierce]^{3}^{4}, there is a ${1}% Chance to Deals DMG to the target an Extra @{1} times, dealing a total of PATK * ${2}% + ${3} as Neutral Ranged Physical damage. Cooldown: ${4} seconds.	เมื่อใช้ ^{1}^{2}[ Pierce ]^{3}^{4} มีโอกาส ${1}% สร้างดาเมจแก่เป้าหมายเพิ่มอีก @{1} ครั้ง รวมเป็นดาเมจกายภาพระยะไกลไร้ธาตุเท่ากับ P.ATK * ${2}% + ${3} Cooldown: ${4} วินาที
10800100097	When casting ^{1}^{2}[Pierce]^{3}^{4}, there is a ${1}% Chance to trigger an Extra Shatter, which Deals DMG equal to PATK * ${4}% + ${5} as Neutral Ranged Physical damage to the target and ${3} Other enemies within ${2} meters. Cooldown: ${6} seconds.	เมื่อใช้ ^{1}^{2}[ Pierce ]^{3}^{4} มีโอกาส ${1}% ทำให้เกิด Shatter เพิ่ม สร้างดาเมจกายภาพระยะไกลไร้ธาตุเท่ากับ P.ATK * ${4}% + ${5} แก่เป้าหมายและศัตรูอื่น ${3} ตัว ในระยะ ${2} เมตร Cooldown: ${6} วินาที
10800100098	^{1}^{2}[Bowling Bash]^{3}^{4}'s Cooldown is changed to ${1} seconds.	เปลี่ยน Cooldown ของ ^{1}^{2}[ Bowling Bash ]^{3}^{4} เป็น ${1} วินาที
10800100099	When ^{1}^{2}[Bowling Bash]^{3}^{4} hits only @{1} enemy, it Deals DMG to that enemy equal to an Extra PATK * ${1}% + ${2} as Neutral Melee Physical damage.	เมื่อ ^{1}^{2}[ Bowling Bash ]^{3}^{4} โจมตีโดนศัตรูเพียง @{1} ตัว สร้างดาเมจกายภาพระยะประชิดไร้ธาตุเพิ่มเติมแก่ศัตรูนั้นเท่ากับ P.ATK * ${1}% + ${2}
10800100100	When casting ^{1}^{2}[Bowling Bash]^{3}^{4}, there is a ${1}% Chance to cast it one Extra time.	เมื่อใช้ ^{1}^{2}[ Bowling Bash ]^{3}^{4} มีโอกาส ${1}% ใช้ซ้ำเพิ่มอีกหนึ่งครั้ง
10800100101	^{1}^{2}[Spear Throw]^{3}^{4}'s percentage damage multiplier increases by ${1}%, and its fixed damage increases by ${2}.	ตัวคูณดาเมจแบบเปอร์เซ็นต์ของ ^{1}^{2}[ Spear Throw ]^{3}^{4} เพิ่มขึ้น ${1}% และดาเมจส่วนค่าคงที่เพิ่มขึ้น ${2}
10800100102	When casting ^{1}^{2}[Spear Throw]^{3}^{4}, you throw one Extra Spear that Deals DMG equal to PATK * ${1}% + ${2} as Extra Neutral Ranged Physical damage.	เมื่อใช้ ^{1}^{2}[ Spear Throw ]^{3}^{4} ขว้างหอกเพิ่มอีกหนึ่งเล่ม สร้างดาเมจกายภาพระยะไกลไร้ธาตุเพิ่มเติมเท่ากับ P.ATK * ${1}% + ${2}
10800100103	^{1}^{2}[Spear Throw]^{3}^{4} now throws an Explosive Spear that explodes upon hitting the target, also Deals DMG to ${2} Other enemies within ${1} meters of the target.	^{1}^{2}[ Spear Throw ]^{3}^{4} เปลี่ยนเป็นการขว้างหอกระเบิดที่ระเบิดเมื่อโดนเป้าหมาย และสร้างดาเมจแก่ศัตรูอื่น ${2} ตัว ในระยะ ${1} เมตรรอบเป้าหมายด้วย
10800100104	When a sword-type Weapon is equipped, PATK increases by ${1} for each Learn Lv. of ^{1}^{2}[Sword Quicken]^{3}^{4}.	เมื่อสวมอาวุธประเภทดาบ เพิ่ม P.ATK ขึ้น ${1} ต่อแต่ละเลเวลที่เรียนของ ^{1}^{2}[ Sword Quicken ]^{3}^{4}
10800100105	When a Two-Handed Sword is equipped, casting ^{1}^{2}[Basic Attack]^{3}^{4} has a ${1}% Chance to increase ASPD by ${2}% for ${3} seconds. Cooldown: ${4} seconds.	เมื่อสวมดาบสองมือ การใช้ ^{1}^{2}[ Basic Attack ]^{3}^{4} มีโอกาส ${1}% เพิ่ม ASPD ขึ้น ${2}% เป็นเวลา ${3} วินาที Cooldown: ${4} วินาที
10800100106	When a Sword is equipped, STR +${1}.	เมื่อสวมดาบ STR +${1}
10800100107	^{1}^{2}[Brandish Spear]^{3}^{4} gains an Extra ${1}% Crit Chance.	^{1}^{2}[ Brandish Spear ]^{3}^{4} ได้รับ CRIT เพิ่มอีก ${1}%
10800100108	^{1}^{2}[Brandish Spear]^{3}^{4}'s percentage damage multiplier increases by ${1}%, and its fixed damage increases by ${2}.	ตัวคูณดาเมจแบบเปอร์เซ็นต์ของ ^{1}^{2}[ Brandish Spear ]^{3}^{4} เพิ่มขึ้น ${1}% และดาเมจส่วนค่าคงที่เพิ่มขึ้น ${2}
10800100109	^{1}^{2}[Brandish Spear]^{3}^{4} can also Deals DMG to ${2} Other enemies within ${1} meters of the target.	^{1}^{2}[ Brandish Spear ]^{3}^{4} สามารถสร้างดาเมจแก่ศัตรูอื่น ${2} ตัว ในระยะ ${1} เมตรรอบเป้าหมายด้วย
10800100110	Increases ^{1}^{2}【Basic Attack】^{3}^{4}'s percentage damage multiplier by ${1}% and fixed damage by ${2}, and extends the duration of Magnum Break's buff to ${3} sec.	เพิ่มตัวคูณดาเมจแบบเปอร์เซ็นต์ของ ^{1}^{2}[ Basic Attack ]^{3}^{4} ขึ้น ${1}% และดาเมจส่วนค่าคงที่ขึ้น ${2} พร้อมเพิ่มระยะเวลาบัฟของ Magnum Break เป็น ${3} วินาที
10800100111	Casting ^{1}^{2}[Basic Attack]^{3}^{4} triggers Slash, which Deals DMG equal to PATK * ${1}% + ${2} as Neutral Melee Physical damage to the target. Internal Cooldown: ${3} seconds.	การใช้ ^{1}^{2}[ Basic Attack ]^{3}^{4} ทำให้เกิด Slash สร้างดาเมจกายภาพระยะประชิดไร้ธาตุเท่ากับ P.ATK * ${1}% + ${2} แก่เป้าหมาย CD ภายใน: ${3} วินาที
10800100112	Reduces Attack Speed by ${1}%. Using ^{1}^{2}【Basic Attack】^{3}^{4} triggers Splash damage, dealing Physical ATK*${4}% Neutral melee Physical damage to ${3} other enemies within ${2} meters of the target.	ลด ASPD ลง ${1}% การใช้ ^{1}^{2}[ Basic Attack ]^{3}^{4} ทำให้เกิดดาเมจกระจาย สร้างดาเมจกายภาพระยะประชิดไร้ธาตุเท่ากับ P.ATK*${4}% แก่ศัตรูอื่น ${3} ตัว ในระยะ ${2} เมตรรอบเป้าหมาย
10800100113	^{1}^{2}[Spiral Pierce]^{3}^{4}'s percentage damage multiplier increases by ${1}%, and its fixed damage increases by ${2}.	ตัวคูณดาเมจแบบเปอร์เซ็นต์ของ ^{1}^{2}[ Spiral Pierce ]^{3}^{4} เพิ่มขึ้น ${1}% และดาเมจส่วนค่าคงที่เพิ่มขึ้น ${2}
10800100114	After casting ^{1}^{2}[Spiral Pierce]^{3}^{4} @{1} times, your next ^{5}^{6}[Spiral Pierce]^{7}^{8} is guaranteed to CRIT.	หลังใช้ ^{1}^{2}[ Spiral Pierce ]^{3}^{4} @{1} ครั้ง ^{5}^{6}[ Spiral Pierce ]^{7}^{8} ครั้งถัดไปจะติด CRIT แน่นอน
10800100115	^{1}^{2}[Spiral Pierce]^{3}^{4} can also Deals DMG to ${2} Other enemies within ${1} meters of the target.	^{1}^{2}[ Spiral Pierce ]^{3}^{4} สามารถสร้างดาเมจแก่ศัตรูอื่น ${2} ตัว ในระยะ ${1} เมตรรอบเป้าหมายด้วย
10800100116	While ^{1}^{2}[Aura Blade]^{3}^{4} is active, the percentage damage multiplier of Normal Attack-type skills increases by ${1}%, and their fixed damage increases by ${2}.	ขณะ ^{1}^{2}[ Aura Blade ]^{3}^{4} ทำงาน ตัวคูณดาเมจแบบเปอร์เซ็นต์ของสกิลประเภทโจมตีปกติเพิ่มขึ้น ${1}% และดาเมจส่วนค่าคงที่เพิ่มขึ้น ${2}
10800100117	While ^{1}^{2}[Aura Blade]^{3}^{4} is active, ASPD increases by ${1}%, and Normal Attack-type skills gain an Extra ${2}% Crit Chance.	ขณะ ^{1}^{2}[ Aura Blade ]^{3}^{4} ทำงาน เพิ่ม ASPD ขึ้น ${1}% และสกิลประเภทโจมตีปกติได้รับ CRIT เพิ่มอีก ${2}%
10800100119	^{1}^{2}[Joint Beat]^{3}^{4}'s percentage damage multiplier increases by ${1}%, and its fixed damage increases by ${2}.	ตัวคูณดาเมจแบบเปอร์เซ็นต์ของ ^{1}^{2}[ Joint Beat ]^{3}^{4} เพิ่มขึ้น ${1}% และดาเมจส่วนค่าคงที่เพิ่มขึ้น ${2}
10800100120	^{1}^{2}[Joint Beat]^{3}^{4} simultaneously inflicts [Break Ankle], [Break Wrist], [Break Waist], and [Break Neck] on the target.	^{1}^{2}[ Joint Beat ]^{3}^{4} ทำให้เป้าหมายติด [ Break Ankle ], [ Break Wrist ], [ Break Waist ] และ [ Break Neck ] พร้อมกัน
10800100121	^{1}^{2}[Joint Beat]^{3}^{4} can also Deals DMG to ${2} Other enemies within ${1} meters of the target and break their body parts.	^{1}^{2}[ Joint Beat ]^{3}^{4} สามารถสร้างดาเมจแก่ศัตรูอื่น ${2} ตัว ในระยะ ${1} เมตรรอบเป้าหมาย และทำลายส่วนต่างๆ ของร่างกายพวกมันด้วย
10800100122	While ^{1}^{2}[Parry]^{3}^{4} is active, gain an Extra ${1} PDEF and MDEF.	ขณะ ^{1}^{2}[ Parry ]^{3}^{4} ทำงาน ได้รับ P.DEF และ M.DEF เพิ่มอีก ${1}
10800100123	While ^{1}^{2}[Parry]^{3}^{4} is active, casting ^{5}^{6}[Basic Attack]^{7}^{8} triggers Triple Slash, which Deals DMG to the target over @{1} hits for a total of PATK * ${1}% + ${2} as Neutral Melee Physical damage. Cooldown: ${3} seconds.	ขณะ ^{1}^{2}[ Parry ]^{3}^{4} ทำงาน การใช้ ^{5}^{6}[ Basic Attack ]^{7}^{8} ทำให้เกิด Triple Slash สร้างดาเมจแก่เป้าหมาย @{1} ครั้ง รวมเป็นดาเมจกายภาพระยะประชิดไร้ธาตุเท่ากับ P.ATK * ${1}% + ${2} Cooldown: ${3} วินาที
10800100124	While ^{1}^{2}[Parry]^{3}^{4} is active, casting ^{5}^{6}[Basic Attack]^{7}^{8} triggers Sweep, which Deals DMG equal to PATK * ${3}% + ${4} as Neutral Melee Physical damage to up to ${2} enemies within ${1} meters of you. Cooldown: ${5} seconds.	ขณะ ^{1}^{2}[ Parry ]^{3}^{4} ทำงาน การใช้ ^{5}^{6}[ Basic Attack ]^{7}^{8} ทำให้เกิด Sweep สร้างดาเมจกายภาพระยะประชิดไร้ธาตุเท่ากับ P.ATK * ${3}% + ${4} แก่ศัตรูสูงสุด ${2} ตัว ในระยะ ${1} เมตรจากคุณ Cooldown: ${5} วินาที
10800100126	Six Stats +${1}	ค่าสถานะทั้งหก +${1}
10800100127	Physical damage dealt to Brute and Insect monsters +${1}%	P.DMG ที่ทำต่อมอนสเตอร์ Brute และ Insect +${1}%
10800100128	Physical damage dealt to Brute and Insect monsters +${1}%; Movement Speed ${2}%	P.DMG ที่ทำต่อมอนสเตอร์ Brute และ Insect +${1}%; MSPD ${2}%
10800100129	For every @{1} additional Stunt on all equipped gear, VIT +${1}	ทุก @{1} Stunt เพิ่มเติมบนอุปกรณ์ที่สวมใส่ทั้งหมด VIT +${1}
10800100130	For every @{1} refine levels on the Current Equipment slot, INT +${1}	ทุก @{1} เลเวลการตีบวกของช่องอุปกรณ์ปัจจุบัน INT +${1}
10800100132	Deals (@{3}+VIT/@{4})*${1}%+${2} Neutral Physical damage to up to @{2} targets within a @{1}-meter radius and reduces their Movement Speed by @{5}% for @{6} sec. If the target is a monster, it is forced to attack you for @{7} sec. Your Physical DEF +@{8}%	สร้างดาเมจกายภาพไร้ธาตุเท่ากับ (@{3}+VIT/@{4})*${1}%+${2} แก่เป้าหมายสูงสุด @{2} ตัว ในรัศมี @{1} เมตร และลด MSPD ของพวกมันลง @{5}% เป็นเวลา @{6} วินาที หากเป้าหมายเป็นมอนสเตอร์ จะบังคับให้โจมตีคุณเป็นเวลา @{7} วินาที P.DEF ของคุณ +@{8}%
10800100133	For every ${1} additional skills on this Divine Arts Totem, Life +${2}	ทุก ${1} สกิลเพิ่มเติมบน Divine Arts Totem นี้ HP +${2}
10800100134	For every ${1} additional skills on this Divine Arts Totem, Physical ATK +${2}	ทุก ${1} สกิลเพิ่มเติมบน Divine Arts Totem นี้ P.ATK +${2}
10800100137	Each Soul Echo Element ^{1} grants @{1} DMG vs All Job	แต่ละองค์ประกอบ Soul Echo ^{1} มอบดาเมจต่อทุกอาชีพ @{1}
10800100138	When using an instant recovery item, there is a @{1}% Chance its effect increases by @{2}%	เมื่อใช้ไอเท็มฟื้นฟูทันที มีโอกาส @{1}% เพิ่มผลของไอเท็มขึ้น @{2}%
10800100140	Converts @{1}% of the sum of Physical ATK and Magic ATK into Life	แปลง @{1}% ของผลรวม P.ATK และ M.ATK เป็น HP
10800100141	For the Arch Mage job, every @{1} INT increases Magic ATK by @{2}, up to a maximum of @{3}	สำหรับอาชีพ Arch Mage ทุก @{1} INT เพิ่ม M.ATK ขึ้น @{2} สูงสุด @{3}
10800100142	For every +${1} Refine, Physical ATK +${2}	ทุกการตีบวก +${1} P.ATK +${2}
10800100143	For every +${1} Refine, Magic ATK +${2}	ทุกการตีบวก +${1} M.ATK +${2}
10800100144	For every +${1} Refine, Max Life +${2}	ทุกการตีบวก +${1} Max HP +${2}
10800100145	For every ${1} Stunts on equipped gear, Physical ATK +${2} (up to ${3} Stunts)	ทุก ${1} Stunts บนอุปกรณ์ที่สวมใส่ P.ATK +${2} (คำนวณสูงสุด ${3} Stunts)
10800100146	For every ${1} Stunts on equipped gear, Magic ATK +${2} (up to ${3} Stunts)	ทุก ${1} Stunts บนอุปกรณ์ที่สวมใส่ M.ATK +${2} (คำนวณสูงสุด ${3} Stunts)
10800100147	For every ${1} Stunts on equipped gear, Max Life +${2} (up to ${3} Stunts)	ทุก ${1} Stunts บนอุปกรณ์ที่สวมใส่ Max HP +${2} (คำนวณสูงสุด ${3} Stunts)
10800100148	For every +${1} Refine, CRIT +${2}	ทุกการตีบวก +${1} CRIT +${2}
10800100149	For every +${1} Refine, CRIT DMG +${2}%	ทุกการตีบวก +${1} CRIT DMG +${2}%
10800100150	For every ${1} Stunts on equipped gear, CRIT +${2} (up to ${3} Stunts)	ทุก ${1} Stunts บนอุปกรณ์ที่สวมใส่ CRIT +${2} (คำนวณสูงสุด ${3} Stunts)
10800100151	For every ${1} Stunts on equipped gear, CRIT DMG +${2}% (up to ${3} Stunts)	ทุก ${1} Stunts บนอุปกรณ์ที่สวมใส่ CRIT DMG +${2}% (คำนวณสูงสุด ${3} Stunts)
10800100152	When using an instant recovery item, there is a ${1}% Chance to increase its effect by ${2}%	เมื่อใช้ไอเท็มฟื้นฟูทันที มีโอกาส ${1}% เพิ่มผลของไอเท็มขึ้น ${2}%
10800100153	Increases PATK by ${1}% of MATK, up to ${2}.	เพิ่ม P.ATK เท่ากับ ${1}% ของ M.ATK สูงสุด ${2}
10800100154	Increases MATK by ${1}% of PATK, up to ${2}.	เพิ่ม M.ATK เท่ากับ ${1}% ของ P.ATK สูงสุด ${2}
10800100155	Increases Max HP by ${1}% of the total PATK and MATK, up to ${2}.	เพิ่ม Max HP เท่ากับ ${1}% ของผลรวม P.ATK และ M.ATK สูงสุด ${2}
10800100156	Ignores ${1}% of the target's Physical DEF	Ignore P.DEF ของเป้าหมาย ${1}%
10800100157	Ignores ${1}% of the target's Magic DEF	Ignore M.DEF ของเป้าหมาย ${1}%
10220300385	Damage taken is reduced.	ดาเมจที่ได้รับลดลง
10800100044	^{1}^{2}【Crazy Uproar】^{3}^{4}Extra PATK +${1}.	^{1}^{2}[ Crazy Uproar ]^{3}^{4} เพิ่ม P.ATK อีก +${1}
10800100045	^{1}^{2}【Crazy Uproar】^{3}^{4}Extra VIT +${1} and LUK +${2}.	^{1}^{2}[ Crazy Uproar ]^{3}^{4} เพิ่ม VIT อีก +${1} และ LUK อีก +${2}
10800100046	^{1}^{2}【Crazy Uproar】^{3}^{4}grants an Extra ${1} STR.	^{1}^{2}[ Crazy Uproar ]^{3}^{4} เพิ่ม STR อีก ${1}
10800100048	^{1}^{2}[Weaponry Research]^{3}^{4} At Lv. @{1}, increases PATK by ${1}.	^{1}^{2}[ Weaponry Research ]^{3}^{4} เมื่อถึง Lv. @{1} เพิ่ม P.ATK ขึ้น ${1}
10800100049	^{1}^{2}【Cart Revolution】^{3}^{4}CRIT Chance increases by ${1}%.	^{1}^{2}[ Cart Revolution ]^{3}^{4} เพิ่ม CRIT ขึ้น ${1}%
10800100050	^{1}^{2}Adrenaline Rush^{3}^{4} Lv. ${1} increases your STR by ${1}.	^{1}^{2}Adrenaline Rush^{3}^{4} Lv. ${1} เพิ่ม STR ของคุณขึ้น ${1}
10800100052	^{1}^{2}【Adrenaline Rush】^{3}^{4} ignores Job Restriction.	^{1}^{2}[ Adrenaline Rush ]^{3}^{4} ไม่จำกัดอาชีพ
10800100056	^{1}^{2}【Maximize Power】^{3}^{4}is Active for up to ${2} allies within ${1} meters.	^{1}^{2}[ Maximize Power ]^{3}^{4} มีผลต่อพันธมิตรสูงสุด ${2} คน ในระยะ ${1} เมตร
10800100057	^{1}^{2}[Maximize Power]^{3}^{4} Increases your PATK by ${1}.	^{1}^{2}[ Maximize Power ]^{3}^{4} เพิ่ม P.ATK ของคุณขึ้น ${1}
10800100058	^{1}^{2}【Maximize Power】^{3}^{4} increases nearby allies' PATK by ${1}.	^{1}^{2}[ Maximize Power ]^{3}^{4} เพิ่ม P.ATK ของพันธมิตรใกล้เคียงขึ้น ${1}
10800100060	^{1}^{2}【Cart Boost】^{3}^{4} maximum Cooldown is reduced by ${1} sec. Gain ^{9}^{10}【Immunity】^{11}^{12} for ${2} sec. after casting ^{5}^{6}【Cart Boost】^{7}^{8}.	^{1}^{2}[ Cart Boost ]^{3}^{4} ลด Cooldown สูงสุดลง ${1} วินาที ได้รับ ^{9}^{10}[ Immunity ]^{11}^{12} เป็นเวลา ${2} วินาที หลังใช้ ^{5}^{6}[ Cart Boost ]^{7}^{8}
10800100061	^{1}^{2}【Cart Boost】^{3}^{4} duration is extended by ${1} sec.	^{1}^{2}[ Cart Boost ]^{3}^{4} เพิ่มระยะเวลาคงอยู่ ${1} วินาที
10800100062	^{1}^{2}【Maximum Over Thrust】^{3}^{4} is Active for up to ${2} allies within ${1} meters.	^{1}^{2}[ Maximum Over Thrust ]^{3}^{4} มีผลต่อพันธมิตรสูงสุด ${2} คน ในระยะ ${1} เมตร
10800100063	^{1}^{2}【Maximum Over Thrust】^{3}^{4}increases Physical damage dealt by ${1}%.	^{1}^{2}[ Maximum Over Thrust ]^{3}^{4} เพิ่ม P.DMG ที่ทำได้ขึ้น ${1}%
10800100064	^{1}^{2}【Maximum Over Thrust】^{3}^{4}grants an Extra ${1}% Crit Chance.	^{1}^{2}[ Maximum Over Thrust ]^{3}^{4} เพิ่ม CRIT อีก ${1}%
10110300426	Golden Thief Bug marks multiple players and Launches fireballs at them after @{1} sec, damaging the targets and nearby players.	Golden Thief Bug ทำเครื่องหมายผู้เล่นหลายคนและยิงลูกไฟใส่หลังผ่านไป @{1} วินาที สร้างดาเมจแก่เป้าหมายและผู้เล่นใกล้เคียง
10110300427	Golden Thief Bug harnesses the power of lava and Launches magma at multiple nearby players, damaging players hit.	Golden Thief Bug ใช้พลังลาวายิงแมกมาใส่ผู้เล่นหลายคนที่อยู่ใกล้ สร้างดาเมจแก่ผู้เล่นที่ถูกโจมตี
10110300180	Dive toward a target location within @{1} meters. Upon impact, deal damage equal to ATK * ^{3}@{5}%^{4} to up to @{3} enemies within a @{2}-meter radius and inflict ^{1}【Blind】^{2} for @{4} seconds.	พุ่งลงสู่ตำแหน่งเป้าหมายในระยะ @{1} เมตร เมื่อกระแทกพื้น สร้างดาเมจเท่ากับ ATK * ^{3}@{5}%^{4} แก่ศัตรูสูงสุด @{3} ตัว ในรัศมี @{2} เมตร และทำให้ติดสถานะ ^{1}[ Blind ]^{2} เป็นเวลา @{4} วินาที
10110300181	Creates a Trap Hunter at the current location. When an enemy enters within @{1}m of it, it explodes, dealing ATK * ^{1}@{4}%^{2} damage to up to @{3} enemies within a @{2}m radius and inflicting ^{3}【Immobilize】^{4} for @{5}^{5} sec. The Trap Hunter lasts @{6} sec.	สร้าง Trap Hunter ณ ตำแหน่งปัจจุบัน เมื่อศัตรูเข้ามาในระยะ @{1} เมตร กับดักจะระเบิด สร้างดาเมจเท่ากับ ATK * ^{1}@{4}%^{2} แก่ศัตรูสูงสุด @{3} ตัว ในรัศมี @{2} เมตร และทำให้ติดสถานะ ^{3}[ Immobilize ]^{4} เป็นเวลา @{5}^{5} วินาที Trap Hunter คงอยู่ @{6} วินาที
10110300182	Dive toward a designated location within @{1} meters. After landing, create a circular burning area @{2} meters wide that inflicts Burn on up to @{3} enemies for @{4} seconds.	พุ่งลงสู่ตำแหน่งที่กำหนดในระยะ @{1} เมตร เมื่อลงถึงพื้น สร้างพื้นที่เผาไหม้รูปวงกลมกว้าง @{2} เมตร ทำให้ศัตรูสูงสุด @{3} ตัวติด Burn เป็นเวลา @{4} วินาที
10110300183	Dive at a target location within @{1} meters. Upon impact, inflict ^{1}【Slow】^{2} for @{4} seconds and deal damage equal to ATK * ^{3}@{5}%^{4} to up to @{3} enemies within a @{2}-meter radius.	พุ่งลงสู่ตำแหน่งเป้าหมายในระยะ @{1} เมตร เมื่อกระแทกพื้น ทำให้ติดสถานะ ^{1}[ Slow ]^{2} เป็นเวลา @{4} วินาที และสร้างดาเมจเท่ากับ ATK * ^{3}@{5}%^{4} แก่ศัตรูสูงสุด @{3} ตัว ในรัศมี @{2} เมตร
10110300184	Have the Falcon scan the area, revealing all enemies on the Mini Map to you and your teammates for @{1} sec.	สั่ง Falcon สำรวจพื้นที่ เปิดเผยศัตรูทั้งหมดบนแผนที่ย่อให้คุณและเพื่อนร่วมทีมเห็นเป็นเวลา @{1} วินาที
10110300185	Summons a vending cart nearby where you can purchase Battle Royale items. The vending cart lasts ^{1} @{1}^{2} sec.	เรียกรถเข็นขายของมาใกล้ตัวเพื่อซื้อไอเท็ม Battle Royale รถเข็นคงอยู่ ^{1} @{1}^{2} วินาที
10110300186	Summon an ambulance nearby that can be used to Revive teammates. The ambulance lasts ^{1} @{1}^{2} sec.	เรียกรถพยาบาลมาใกล้ตัวเพื่อใช้ชุบชีวิตเพื่อนร่วมทีม รถพยาบาลคงอยู่ ^{1} @{1}^{2} วินาที
10110300187	Creates a circular camouflage field spanning @{1} meters at your location, granting Stealth to up to @{2} allies for @{3} seconds	สร้างพื้นที่พรางตัวรูปวงกลมขนาด @{1} เมตร ณ ตำแหน่งของคุณ มอบ Stealth ให้พันธมิตรสูงสุด @{2} คน เป็นเวลา @{3} วินาที
10110300189	Immediately enters the ^{1}【Camouflage】【Hiding】^{2} states upon use, becoming invisible and untargetable and increasing Movement Speed by ^{3}@{1}%^{4} for @{2} sec.\nThe ^{5}【Camouflage】【Hiding】^{6} states end immediately after dealing or taking damage a total of @{3} times. Skill Cooldown: ^{7}@{4}^{8} sec.	เมื่อใช้ เข้าสู่สถานะ ^{1}[ Camouflage ][ Hiding ]^{2} ทันที ล่องหนและไม่สามารถถูกเลือกเป็นเป้าหมายได้ พร้อมเพิ่ม MSPD ขึ้น ^{3}@{1}%^{4} เป็นเวลา @{2} วินาที\nสถานะ ^{5}[ Camouflage ][ Hiding ]^{6} สิ้นสุดทันทีหลังสร้างหรือได้รับดาเมจรวม @{3} ครั้ง Cooldown สกิล: ^{7}@{4}^{8} วินาที
10110300190	Locks on to an enemy within @{1} m and quickly dashes @{2} m toward the target, dealing ATK * ^{1}@{5}%^{2} damage to up to @{4} enemies within a @{3} m radius of the target and ^{3}slowing them by @{6}%^{4} for @{7} sec.	ล็อกศัตรูในระยะ @{1} เมตร แล้วพุ่งเข้าหาเป้าหมายอย่างรวดเร็ว @{2} เมตร สร้างดาเมจเท่ากับ ATK * ^{1}@{5}%^{2} แก่ศัตรูสูงสุด @{4} ตัว ในรัศมี @{3} เมตรรอบเป้าหมาย และ ^{3}ลดความเร็วลง @{6}%^{4} เป็นเวลา @{7} วินาที
10110300191	Launches a shockwave, dealing ATK * ^{1}@{2}%^{2} damage to the designated ST enemy within @{1} m.	ปล่อยคลื่นกระแทก สร้างดาเมจเท่ากับ ATK * ^{1}@{2}%^{2} แก่ศัตรูแบบ Single Target ที่กำหนดในระยะ @{1} เมตร
10110300192	An upgraded Camouflage. Enters the ^{1}【Enhanced Camouflage】^{2} state for @{1} sec. upon use, increasing Movement Speed by ^{3}@{2}%^{4}. ^{5}【Enhanced Camouflage】^{6} ends after taking damage @{3} times or dealing damage. Skill Cooldown: ^{7}@{4}^{8} sec.	Camouflage รุ่นเสริมพลัง เมื่อใช้ เข้าสู่สถานะ ^{1}[ Enhanced Camouflage ]^{2} เป็นเวลา @{1} วินาที และเพิ่ม MSPD ขึ้น ^{3}@{2}%^{4} สถานะ ^{5}[ Enhanced Camouflage ]^{6} สิ้นสุดหลังได้รับดาเมจ @{3} ครั้งหรือสร้างดาเมจ Cooldown สกิล: ^{7}@{4}^{8} วินาที
10110300193	Deals ATK * ^{1}@{3}%^{2} damage to up to @{2} enemies within a @{1} m radius and inflicts ^{3}@{4} sec. of ^{4}【Blind】^{5}.	สร้างดาเมจเท่ากับ ATK * ^{1}@{3}%^{2} แก่ศัตรูสูงสุด @{2} ตัว ในรัศมี @{1} เมตร พร้อมผลนาน ^{3}@{4} วินาที: ^{4}[ Blind ]^{5}
10110300195	Charges to a point @{2} m in front of the designated ST enemy within @{1} m, dealing ATK * ^{1}@{3}%^{2} damage.	พุ่งไปยังจุดที่อยู่ด้านหน้าเป้าหมาย @{2} เมตร โดยเลือกศัตรูแบบ Single Target ที่กำหนดในระยะ @{1} เมตร สร้างดาเมจเท่ากับ ATK * ^{1}@{3}%^{2}
10110300196	Unleashes an evil spirit, dealing ATK * ^{1}@{3}%^{2} damage to up to @{2} enemies within a @{1} m radius.	ปลดปล่อยวิญญาณชั่วร้าย สร้างดาเมจเท่ากับ ATK * ^{1}@{3}%^{2} แก่ศัตรูสูงสุด @{2} ตัว ในรัศมี @{1} เมตร
10110300197	Rapidly attacks the target, dealing ATK * ^{1}@{2}%^{2} damage to the designated ST enemy within @{1} m.	โจมตีเป้าหมายอย่างรวดเร็ว สร้างดาเมจเท่ากับ ATK * ^{1}@{2}%^{2} แก่ศัตรูแบบ Single Target ที่กำหนดในระยะ @{1} เมตร
10110300198	Dives toward a designated location within @{1} m. Upon landing, deals ATK * ^{3}@{6}%^{4} damage to up to @{3} enemies within a @{2} m radius and ^{1}slows them by @{5}%^{2} for @{4} sec.	พุ่งลงสู่ตำแหน่งที่กำหนดในระยะ @{1} เมตร เมื่อลงถึงพื้น สร้างดาเมจเท่ากับ ATK * ^{3}@{6}%^{4} แก่ศัตรูสูงสุด @{3} ตัว ในรัศมี @{2} เมตร และ ^{1}ลดความเร็วลง @{5}%^{2} เป็นเวลา @{4} วินาที
10110300199	Swings the weapon to unleash an energy blade, dealing a total of ATK * ^{1}@{4}%^{2} damage over @{3} hits to up to @{2} enemies within a @{1} m radius.	แกว่งอาวุธปล่อยคมดาบพลังงาน สร้างดาเมจรวมเท่ากับ ATK * ^{1}@{4}%^{2} ในการโจมตี @{3} ครั้ง แก่ศัตรูสูงสุด @{2} ตัว ในรัศมี @{1} เมตร
10110300200	Charge Up a spiraling mass of energy, then hurl your Spear toward a locked target within @{1} meters. Charge to the Spear's location and Deals DMG equal to ^{1}@{4}%^{2} once to up to @{3} enemies along the @{2}-meter-wide throwing path.	ชาร์จกลุ่มพลังงานหมุนวนแล้วขว้างหอกไปยังเป้าหมายที่ล็อกไว้ในระยะ @{1} เมตร พุ่งไปยังตำแหน่งหอกและสร้างดาเมจเท่ากับ ^{1}@{4}%^{2} หนึ่งครั้ง แก่ศัตรูสูงสุด @{3} ตัว ตามเส้นทางขว้างที่กว้าง @{2} เมตร
10110300201	Summons a barrage of thrusting Spears, dealing ^{1}@{4}%^{2} damage to up to @{3} enemies in a @{1} m x @{2} m area in the designated direction.	เรียกหอกจำนวนมากแทงโจมตี สร้างดาเมจ ^{1}@{4}%^{2} แก่ศัตรูสูงสุด @{3} ตัว ในพื้นที่ @{1} เมตร x @{2} เมตร ตามทิศทางที่กำหนด
10110300202	Deals ATK * ^{3}@{4}%^{4} damage and ^{1}【Knockback】^{2} to up to @{3} enemies in a @{1} m * @{2} m area ahead, then moves @{5} m in that direction and deals ATK * ^{7}@{6}%^{8} damage and ^{5}【Knock-up】^{6} to the targets. Gains ^{9}【Control Immunity】^{10} while using the skill.	สร้างดาเมจเท่ากับ ATK * ^{3}@{4}%^{4} และทำให้ติด ^{1}[ Knockback ]^{2} แก่ศัตรูสูงสุด @{3} ตัว ในพื้นที่ @{1} เมตร * @{2} เมตรด้านหน้า จากนั้นเคลื่อนที่ไปในทิศทางนั้น @{5} เมตร สร้างดาเมจเท่ากับ ATK * ^{7}@{6}%^{8} และทำให้เป้าหมายติด ^{5}[ Knock-up ]^{6} ได้รับ ^{9}[ Control Immunity ]^{10} ระหว่างใช้สกิล
10110300203	Deals ATK * ^{1}@{4}%^{2} damage @{3} times to up to @{2} enemies within a @{1} m radius and ^{3}pulls them closer^{4}.	สร้างดาเมจเท่ากับ ATK * ^{1}@{4}%^{2} จำนวน @{3} ครั้ง แก่ศัตรูสูงสุด @{2} ตัว ในรัศมี @{1} เมตร และ ^{3}ดึงพวกมันเข้ามาใกล้^{4}
10110300204	Leaps high into the air and lands in a designated area within @{1} m, dealing a total of ATK * ^{1}@{4}%^{2} damage to up to @{3} enemies within @{2} m of the target area and inflicting ^{3}【Immobilize】^{4} for @{5} sec. Gains ^{5}【Control Immunity】^{6} while using the skill.	กระโดดขึ้นสูงแล้วลงสู่พื้นที่ที่กำหนดในระยะ @{1} เมตร สร้างดาเมจรวมเท่ากับ ATK * ^{1}@{4}%^{2} แก่ศัตรูสูงสุด @{3} ตัว ในระยะ @{2} เมตรรอบพื้นที่เป้าหมาย และทำให้ติดสถานะ ^{3}[ Immobilize ]^{4} เป็นเวลา @{5} วินาที ได้รับ ^{5}[ Control Immunity ]^{6} ระหว่างใช้สกิล
10110300206	Deals ATK * ^{1}@{4}%^{2} damage to up to @{3} enemies in a @{1} m * @{2} m area ahead.	สร้างดาเมจเท่ากับ ATK * ^{1}@{4}%^{2} แก่ศัตรูสูงสุด @{3} ตัว ในพื้นที่ @{1} เมตร * @{2} เมตรด้านหน้า
10110300207	Deals ATK * ^{1}@{5}%^{2} damage @{4} times to up to @{3} enemies in a target area with a @{2} m radius within @{1} m and inflicts ^{3}【Pull】^{4} once. Each hit has a @{6}% Chance to inflict ^{5}【Freeze】^{6}.	สร้างดาเมจเท่ากับ ATK * ^{1}@{5}%^{2} จำนวน @{4} ครั้ง แก่ศัตรูสูงสุด @{3} ตัว ในพื้นที่เป้าหมายรัศมี @{2} เมตร ซึ่งอยู่ในระยะ @{1} เมตร และทำให้ติด ^{3}[ Pull ]^{4} หนึ่งครั้ง แต่ละครั้งมีโอกาส @{6}% ทำให้ติดสถานะ ^{5}[ Freeze ]^{6}
10110300208	Summons a massive comet from space, dealing ATK * ^{1}@{4}%^{2} damage to up to @{3} enemies in a target area with a @{2} m radius within @{1} m.	เรียกดาวหางขนาดยักษ์จากอวกาศ สร้างดาเมจเท่ากับ ATK * ^{1}@{4}%^{2} แก่ศัตรูสูงสุด @{3} ตัว ในพื้นที่เป้าหมายรัศมี @{2} เมตร ซึ่งอยู่ในระยะ @{1} เมตร
10110300209	Unleashes the power of thunder, dealing ATK * ^{1}@{4}%^{2} damage to up to @{3} enemies in a target area with a @{2} m radius within @{1} m, with a @{5}% Chance to inflict ^{3}【Stun】^{4} for @{6} sec. ^{5}【Stun】^{6}: Interrupts movement, casting, and skills. Cannot move or use skills.	ปลดปล่อยพลังสายฟ้า สร้างดาเมจเท่ากับ ATK * ^{1}@{4}%^{2} แก่ศัตรูสูงสุด @{3} ตัว ในพื้นที่เป้าหมายรัศมี @{2} เมตร ซึ่งอยู่ในระยะ @{1} เมตร มีโอกาส @{5}% ทำให้ติดสถานะ ^{3}[ Stun ]^{4} เป็นเวลา @{6} วินาที ^{5}[ Stun ]^{6}: ขัดจังหวะการเคลื่อนที่ การร่าย และสกิล ไม่สามารถเคลื่อนที่หรือใช้สกิลได้
10110300210	Summons a meteor, dealing ATK * ^{1}@{4}%^{2} damage to up to @{3} enemies in a target area with a @{2} m radius within @{1} m, with a @{5}% Chance to inflict ^{3}【Burn】^{4}.	เรียกอุกกาบาต สร้างดาเมจเท่ากับ ATK * ^{1}@{4}%^{2} แก่ศัตรูสูงสุด @{3} ตัว ในพื้นที่เป้าหมายรัศมี @{2} เมตร ซึ่งอยู่ในระยะ @{1} เมตร มีโอกาส @{5}% ทำให้ติดสถานะ ^{3}[ Burn ]^{4}
10110300211	Unleashes flames to incinerate enemies, dealing ATK * ^{1}@{4}%^{2} damage to up to @{3} enemies in a target area with a @{2} m radius within @{1} m.	ปลดปล่อยเปลวไฟเผาศัตรู สร้างดาเมจเท่ากับ ATK * ^{1}@{4}%^{2} แก่ศัตรูสูงสุด @{3} ตัว ในพื้นที่เป้าหมายรัศมี @{2} เมตร ซึ่งอยู่ในระยะ @{1} เมตร
10110300212	Focuses earth-elemental energy, dealing ATK * ^{1}@{4}%^{2} damage to up to @{3} enemies in a target area with a @{2} m radius within @{1} m.	รวมพลังธาตุ Earth สร้างดาเมจเท่ากับ ATK * ^{1}@{4}%^{2} แก่ศัตรูสูงสุด @{3} ตัว ในพื้นที่เป้าหมายรัศมี @{2} เมตร ซึ่งอยู่ในระยะ @{1} เมตร
10110300213	Unleashes a Burst of frost, dealing ATK * ^{1}@{4}%^{2} damage to up to @{3} enemies in a target area with a @{2} m radius within @{1} m, with a @{5}% Chance to inflict ^{3}【Freeze】^{4} for @{6} sec.	ปลดปล่อยความเย็นฉับพลัน สร้างดาเมจเท่ากับ ATK * ^{1}@{4}%^{2} แก่ศัตรูสูงสุด @{3} ตัว ในพื้นที่เป้าหมายรัศมี @{2} เมตร ซึ่งอยู่ในระยะ @{1} เมตร มีโอกาส @{5}% ทำให้ติดสถานะ ^{3}[ Freeze ]^{4} เป็นเวลา @{6} วินาที
10110300214	Condenses ice and unleashes a freezing mist, dealing ATK * ^{1}@{4}%^{2} damage to up to @{3} enemies in a designated area with a @{2} m radius within @{1} m.	ควบแน่นน้ำแข็งและปล่อยหมอกเยือกแข็ง สร้างดาเมจเท่ากับ ATK * ^{1}@{4}%^{2} แก่ศัตรูสูงสุด @{3} ตัว ในพื้นที่ที่กำหนดรัศมี @{2} เมตร ซึ่งอยู่ในระยะ @{1} เมตร
10110300215	Causes the earth to erupt, dealing ATK * ^{1}@{4}%^{2} damage to up to @{3} enemies in a @{1} m * @{2} m area ahead, with a @{5}% Chance to inflict ^{3}【Petrify】^{4} for @{6} sec.	ทำให้พื้นดินปะทุ สร้างดาเมจเท่ากับ ATK * ^{1}@{4}%^{2} แก่ศัตรูสูงสุด @{3} ตัว ในพื้นที่ @{1} เมตร * @{2} เมตรด้านหน้า มีโอกาส @{5}% ทำให้ติดสถานะ ^{3}[ Petrify ]^{4} เป็นเวลา @{6} วินาที
10110300216	Intensifies gravity in a designated area with a @{2} m radius within @{1} m, dealing ATK * ^{1}@{4}%^{2} damage per wave to up to @{3} enemies. The gravity field lasts @{5} sec. and strikes a total of @{6} waves.	เพิ่มแรงโน้มถ่วงในพื้นที่ที่กำหนดรัศมี @{2} เมตร ซึ่งอยู่ในระยะ @{1} เมตร สร้างดาเมจต่อระลอกเท่ากับ ATK * ^{1}@{4}%^{2} แก่ศัตรูสูงสุด @{3} ตัว สนามแรงโน้มถ่วงคงอยู่ @{5} วินาที และโจมตีรวม @{6} ระลอก
10110300217	Attacks with psychic power, dealing ranged Magic Damage equal to Magic ATK * ^{1}@{3}%^{2} to an ST enemy within @{1} m and up to @{2} nearby enemies.	โจมตีด้วยพลังจิต สร้างดาเมจเวทระยะไกลเท่ากับ M.ATK * ^{1}@{3}%^{2} แก่ศัตรูแบบ Single Target ในระยะ @{1} เมตร และศัตรูใกล้เคียงสูงสุด @{2} ตัว
10110300218	Instantly calls down Divine Light, restoring ^{3}Life^{4} equal to own ATK * ^{1}@{3}%^{2} for self and up to @{2} allies within a @{1} m radius, prioritizing party Members.	เรียก Divine Light ลงมาทันที ฟื้นฟู ^{3}HP^{4} เท่ากับ ATK ของตนเอง * ^{1}@{3}%^{2} ให้ตัวเองและพันธมิตรสูงสุด @{2} คน ในรัศมี @{1} เมตร โดยให้ความสำคัญกับสมาชิกปาร์ตี้ก่อน
10110300219	Summons a @{2} × @{3} m rectangular magic field within @{1} m, restoring ^{1}@{5}%^{2} Life per sec. to up to @{4} allies within the area for @{6} sec.	เรียกพื้นที่เวทรูปสี่เหลี่ยมขนาด @{2} × @{3} เมตร ในระยะ @{1} เมตร ฟื้นฟู HP ^{1}@{5}%^{2} ทุกวินาทีให้พันธมิตรสูงสุด @{4} คนในพื้นที่ เป็นเวลา @{6} วินาที
10110300235	Places a Flasher at the caster's location. When an enemy enters within @{1} m of the Trap Hunter, it explodes, dealing ATK * ^{1}@{4}%^{2} damage to up to @{3} enemies within a @{2} m radius and inflicting ^{3}【Blind】^{4} for @{5} sec. The Trap Hunter lasts @{6} sec.	วาง Flasher ณ ตำแหน่งผู้ใช้ เมื่อศัตรูเข้ามาในระยะ @{1} เมตรของ Trap Hunter กับดักจะระเบิด สร้างดาเมจเท่ากับ ATK * ^{1}@{4}%^{2} แก่ศัตรูสูงสุด @{3} ตัว ในรัศมี @{2} เมตร และทำให้ติดสถานะ ^{3}[ Blind ]^{4} เป็นเวลา @{5} วินาที Trap Hunter คงอยู่ @{6} วินาที
10110300236	Unleashes a powerful attack against the designated ST enemy within @{1} m, dealing Neutral ranged Physical damage equal to Physical ATK * ^{1}@{3}%^{2} to the target and up to @{2} enemies in a line within range.	โจมตีอย่างรุนแรงใส่ศัตรูแบบ Single Target ที่กำหนดในระยะ @{1} เมตร สร้างดาเมจกายภาพระยะไกลไร้ธาตุเท่ากับ P.ATK * ^{1}@{3}%^{2} แก่เป้าหมายและศัตรูสูงสุด @{2} ตัวที่อยู่ในแนวเส้นตรงภายในระยะ
10110300237	Launches @{5} cannon rounds at @{2} designated enemies within @{1} m and up to @{4} other enemies within @{3} m of them, dealing a total of ATK * ^{1}@{6}%^{2} damage.	ยิงกระสุนปืนใหญ่ @{5} นัดใส่ศัตรูที่กำหนด @{2} ตัว ในระยะ @{1} เมตร และศัตรูอื่นสูงสุด @{4} ตัว ในระยะ @{3} เมตรรอบพวกมัน สร้างดาเมจรวมเท่ากับ ATK * ^{1}@{6}%^{2}
10110300238	Launches an impact cone at @{2} designated enemies within @{1} m and up to @{4} enemies within @{3} m of them, dealing ATK * ^{1}@{5}%^{2} damage, inflicting @{6} m of ^{3}【Knockback】^{4}, and inflicting ^{5}【Stun】^{6} for @{7} sec.	ยิงกรวยกระแทกใส่ศัตรูที่กำหนด @{2} ตัว ในระยะ @{1} เมตร และศัตรูสูงสุด @{4} ตัว ในระยะ @{3} เมตรรอบพวกมัน สร้างดาเมจเท่ากับ ATK * ^{1}@{5}%^{2} พร้อมผลักออก @{6} เมตรด้วย ^{3}[ Knockback ]^{4} และทำให้ติดสถานะ ^{5}[ Stun ]^{6} เป็นเวลา @{7} วินาที
10110300239	Uses a flamethrower on @{2} designated enemies within @{1} m, dealing a total of ATK * ^{1}@{7}%^{2} damage over @{6} hits to up to @{5} targets in a @{3} * @{4} m rectangular area ahead.	ใช้เครื่องพ่นไฟใส่ศัตรูที่กำหนด @{2} ตัว ในระยะ @{1} เมตร สร้างดาเมจรวมเท่ากับ ATK * ^{1}@{7}%^{2} ในการโจมตี @{6} ครั้ง แก่เป้าหมายสูงสุด @{5} ตัว ในพื้นที่สี่เหลี่ยมขนาด @{3} * @{4} เมตรด้านหน้า
10110300240	Launches a rocket punch, dealing ATK * ^{1}@{2}%^{2} damage to the designated ST enemy within @{1} m.	ยิงหมัดจรวด สร้างดาเมจเท่ากับ ATK * ^{1}@{2}%^{2} แก่ศัตรูแบบ Single Target ที่กำหนดในระยะ @{1} เมตร
10110300241	Can only be used while riding Madogear Pilot. Equips @{1} Vulcan cannons on each hand and fires at @{3} designated enemies up to @{2} m away, dealing ATK * ^{1}@{5}%^{2} damage @{4} times.	ใช้ได้เฉพาะขณะขี่ Madogear Pilot ติดตั้งปืน Vulcan @{1} กระบอกบนมือแต่ละข้าง และยิงใส่ศัตรูที่กำหนด @{3} ตัว ในระยะสูงสุด @{2} เมตร สร้างดาเมจเท่ากับ ATK * ^{1}@{5}%^{2} จำนวน @{4} ครั้ง
10110300242	Rapidly restores Life, recovering a total of ^{1}@{2}% of Max Life^{2} over @{1} sec.	ฟื้นฟู HP อย่างรวดเร็ว รวมเป็น ^{1}@{2}% ของ Max HP^{2} ภายใน @{1} วินาที
10110300243	Grants allies within a @{1} m radius ^{1}【Endure】^{2} and reduces their damage taken by @{2}% for @{3} sec.	พันธมิตรในรัศมี @{1} เมตรได้รับ ^{1}[ Endure ]^{2} และลดดาเมจที่ได้รับลง @{2}% เป็นเวลา @{3} วินาที
10110300244	Summons lightning within @{1} m, dealing ^{1}@{4}%^{2} damage per hit to up to @{3} enemies within a circular area with a @{2} m radius. Lasts @{5} sec. and attacks @{6} times per sec. Each hit has a @{7}% Chance to inflict ^{3}【Blind】^{4} for @{8} sec.	เรียกสายฟ้าในระยะ @{1} เมตร สร้างดาเมจ ^{1}@{4}%^{2} ต่อครั้ง แก่ศัตรูสูงสุด @{3} ตัว ในพื้นที่วงกลมรัศมี @{2} เมตร คงอยู่ @{5} วินาที และโจมตี @{6} ครั้งต่อวินาที แต่ละครั้งมีโอกาส @{7}% ทำให้ติดสถานะ ^{3}[ Blind ]^{4} เป็นเวลา @{8} วินาที
10110300245	Summons Storm Gust within @{1} m, dealing ^{1}@{4}%^{2} damage per hit to up to @{3} enemies within a circular area with a @{2} m radius. The magic field lasts @{5} sec. and attacks @{6} times per sec. Each hit has a @{7}% Chance to inflict ^{3}【Freeze】^{4} for @{8} sec.	เรียก Storm Gust ในระยะ @{1} เมตร สร้างดาเมจ ^{1}@{4}%^{2} ต่อครั้ง แก่ศัตรูสูงสุด @{3} ตัว ในพื้นที่วงกลมรัศมี @{2} เมตร พื้นที่เวทคงอยู่ @{5} วินาที และโจมตี @{6} ครั้งต่อวินาที แต่ละครั้งมีโอกาส @{7}% ทำให้ติดสถานะ ^{3}[ Freeze ]^{4} เป็นเวลา @{8} วินาที
10110300246	Temporarily increases Movement Speed by ^{1}@{3}%^{2} and FLEE by ^{3}@{4}^{4} for self and up to @{2} allies within @{1} m for @{5} sec.	เพิ่ม MSPD ชั่วคราวขึ้น ^{1}@{3}%^{2} และ Flee ขึ้น ^{3}@{4}^{4} ให้ตัวเองและพันธมิตรสูงสุด @{2} คน ในระยะ @{1} เมตร เป็นเวลา @{5} วินาที
10110300247	Grants Falcon's Eye to allies within @{1} m. Players with Falcon's Eye can see enemies in the ^{1}【Hiding】^{2} state within a @{2} m radius for @{3} sec.	มอบ Falcon's Eye ให้พันธมิตรในระยะ @{1} เมตร ผู้เล่นที่ได้รับ Falcon's Eye จะมองเห็นศัตรูในสถานะ ^{1}[ Hiding ]^{2} ในรัศมี @{2} เมตร เป็นเวลา @{3} วินาที
10110300248	Lock onto an allied target within @{1} meters, restoring Life equal to ^{1}@{2}%^{2} of ATK for you and the target	ล็อกเป้าหมายพันธมิตรในระยะ @{1} เมตร ฟื้นฟู HP เท่ากับ ^{1}@{2}%^{2} ของ ATK ให้คุณและเป้าหมาย
10110300249	Cast in a selected direction to perform Movement @{1} m away from the target and enter the ^{1}【Camouflage】【Hiding】^{2} states for @{2} sec.\nThe ^{3}【Camouflage】【Hiding】^{4} states end immediately after dealing or taking damage a total of @{3} times.	ใช้ในทิศทางที่เลือกเพื่อเคลื่อนที่ห่างจากเป้าหมาย @{1} เมตร และเข้าสู่สถานะ ^{1}[ Camouflage ][ Hiding ]^{2} เป็นเวลา @{2} วินาที\nสถานะ ^{3}[ Camouflage ][ Hiding ]^{4} สิ้นสุดทันทีหลังสร้างหรือได้รับดาเมจรวม @{3} ครั้ง
10110300251	Within @{1} meters of yourself, unleash a rain of arrows that deals ^{1}@{4}%^{2} damage to up to @{3} enemies within a @{2}-meter radius and ^{3}【Knocks Back】^{4} targets hit	ยิงห่าลูกธนูในระยะ @{1} เมตรจากตัวคุณ สร้างดาเมจ ^{1}@{4}%^{2} แก่ศัตรูสูงสุด @{3} ตัว ในรัศมี @{2} เมตร และทำให้เป้าหมายที่ถูกโจมตีติด ^{3}[ Knocks Back ]^{4}
10110300252	Spend Zeny to launch a powerful attack at a target within @{1} m, dealing ATK * ^{1}@{4}%^{2} damage to up to @{3} enemies within a @{2} m radius of the target.	ใช้ Zeny โจมตีอย่างรุนแรงใส่เป้าหมายในระยะ @{1} เมตร สร้างดาเมจเท่ากับ ATK * ^{1}@{4}%^{2} แก่ศัตรูสูงสุด @{3} ตัว ในรัศมี @{2} เมตรรอบเป้าหมาย
10110300253	Summons a Holy Spirit to Discover a single enemy in ^{1}【Hiding】^{2} within a @{1}-meter radius, removes their ^{3}【Hiding】^{4}, and deals damage equal to ATK * ^{5}@{2}%^{6}. The Holy Spirit lasts @{3} seconds and disappears after detecting a target.	เรียก Holy Spirit ตรวจจับศัตรูหนึ่งตัวในสถานะ ^{1}[ Hiding ]^{2} ในรัศมี @{1} เมตร ยกเลิก ^{3}[ Hiding ]^{4} ของศัตรูนั้นและสร้างดาเมจเท่ากับ ATK * ^{5}@{2}%^{6} Holy Spirit คงอยู่ @{3} วินาที และหายไปหลังตรวจพบเป้าหมาย
10110300256	Summons a storm that goes Flying in the designated direction, dealing ^{1}@{2}%^{2} damage to enemies within a @{1}-meter radius along its path and ^{3}【knocking them airborne】^{4}. After being ^{5}【knocked airborne】^{6}, four equipped items are randomly selected, each with a @{3}% Chance to ^{7}【drop】^{8}.	เรียกพายุพุ่งไปในทิศทางที่กำหนด สร้างดาเมจ ^{1}@{2}%^{2} แก่ศัตรูในรัศมี @{1} เมตรตามเส้นทาง และทำให้ติด ^{3}[ knocking them airborne ]^{4} หลังติด ^{5}[ knocked airborne ]^{6} จะสุ่มอุปกรณ์ที่สวมใส่สี่ชิ้น แต่ละชิ้นมีโอกาส @{3}% ^{7}[ drop ]^{8}
10110300257	Burrow in the specified direction, moving up to @{1} m. Skill cooldown: ^{1}@{2}^{2} sec.	มุดดินไปในทิศทางที่กำหนด เคลื่อนที่ได้สูงสุด @{1} เมตร Cooldown สกิล: ^{1}@{2}^{2} วินาที
10110300258	After use, Enlarge to @{1} times your size. During Magnification, restores ^{1}@{3}% ^{2} of your Max HP every @{2} seconds for @{4} seconds. Cooldown: ^{3}@{5}^{4} seconds.	หลังใช้ ขยายร่างเป็น @{1} เท่าของขนาดเดิม ระหว่างขยายร่าง ฟื้นฟู ^{1}@{3}% ^{2} ของ Max HP ทุก @{2} วินาที เป็นเวลา @{4} วินาที Cooldown: ^{3}@{5}^{4} วินาที
10110300259	Use Fire Release to deal Damage over Time to enemies in a @{1}° cone with a radius of @{2} m directly in front of you, dealing ^{1}@{3}%^{2} damage each time for @{4} sec.	ใช้ Fire Release สร้างดาเมจต่อเนื่องแก่ศัตรูในพื้นที่รูปกรวยมุม @{1}° รัศมี @{2} เมตรตรงด้านหน้า สร้างดาเมจ ^{1}@{3}%^{2} ต่อครั้ง เป็นเวลา @{4} วินาที
10110300260	Deals Damage over Time to enemies within a @{1}-meter radius, dealing ^{1}@{2}%^{2} damage per tick for @{3} seconds.	สร้างดาเมจต่อเนื่องแก่ศัตรูในรัศมี @{1} เมตร ดาเมจ ^{1}@{2}%^{2} ต่อครั้ง เป็นเวลา @{3} วินาที
10110300261	Summon a monsoon, dealing ^{1}@{2}%^{2} damage to enemies within a @{1}-meter radius and inflicting ^{3}【Knockback】^{4}.	เรียกพายุมรสุม สร้างดาเมจ ^{1}@{2}%^{2} แก่ศัตรูในรัศมี @{1} เมตร และทำให้ติด ^{3}[ Knockback ]^{4}
10110300263	Deals a total of ^{1}@{3}%^{2} damage to up to @{2} targets within a @{1}m radius over @{4} sec.	สร้างดาเมจรวม ^{1}@{3}%^{2} แก่เป้าหมายสูงสุด @{2} ตัว ในรัศมี @{1} เมตร ภายใน @{4} วินาที
10110300265	Creates a spherical area with a radius of @{1} meters at your location. Players within the area are immune to poison zone damage for @{2} seconds.	สร้างพื้นที่ทรงกลมรัศมี @{1} เมตร ณ ตำแหน่งของคุณ ผู้เล่นในพื้นที่ป้องกันดาเมจจากเขตพิษเป็นเวลา @{2} วินาที
10110300266	Creates a repulsion field with a radius of @{1} meters at your location. Enemies who enter the field are ejected. Lasts @{2} seconds.	สร้างสนามผลักรัศมี @{1} เมตร ณ ตำแหน่งของคุณ ศัตรูที่เข้าสู่สนามจะถูกผลักออก คงอยู่ @{2} วินาที
10110300267	Dive to a target location within @{1} meters, inflicting ^{1}【Knock Up】^{2} and dealing damage equal to ATK * ^{3}@{4}%^{4} to up to @{3} enemies within a @{2}-meter radius upon landing.	พุ่งลงสู่ตำแหน่งเป้าหมายในระยะ @{1} เมตร ทำให้ติด ^{1}[ Knock Up ]^{2} และสร้างดาเมจเท่ากับ ATK * ^{3}@{4}%^{4} แก่ศัตรูสูงสุด @{3} ตัว ในรัศมี @{2} เมตรเมื่อลงถึงพื้น
10110300268	Commands the Falcon to scan the area, revealing all enemies' locations on the Mini Map to you and your teammates for @{1} sec. Skill cooldown: ^{1}@{2}^{2} sec.	สั่ง Falcon สำรวจพื้นที่ เปิดเผยตำแหน่งศัตรูทั้งหมดบนแผนที่ย่อให้คุณและเพื่อนร่วมทีมเห็นเป็นเวลา @{1} วินาที Cooldown สกิล: ^{1}@{2}^{2} วินาที
10110300269	Summon a vending cart nearby where you can purchase Battle Royale items. The vending cart lasts for @{1} sec.	เรียกรถเข็นขายของมาใกล้ตัวเพื่อซื้อไอเท็ม Battle Royale รถเข็นคงอยู่ @{1} วินาที
10110300270	Summons an ambulance nearby that can be used to Revive teammates. The ambulance lasts for @{1} sec.	เรียกรถพยาบาลมาใกล้ตัวเพื่อใช้ชุบชีวิตเพื่อนร่วมทีม รถพยาบาลคงอยู่ @{1} วินาที
10110300275	Detach the Supply Cart. While detached, it continuously restores HP to allies within @{1} meters.	ปลด Supply Cart ออก ระหว่างที่ปลดอยู่ ฟื้นฟู HP ให้พันธมิตรในระยะ @{1} เมตรอย่างต่อเนื่อง
10110300276	Camouflages the Supply Cart for ${1} sec. Taking damage while camouflaged will not reveal it.	พราง Supply Cart เป็นเวลา ${1} วินาที การได้รับดาเมจระหว่างพรางตัวจะไม่เปิดเผยตัวมัน
10110300277	After use, the Supply Cart gains a shield equal to ${1}% of its maximum Life for ${2} seconds.	หลังใช้ Supply Cart ได้รับโล่เท่ากับ ${1}% ของ Max HP ของมัน เป็นเวลา ${2} วินาที
10110300278	Causes the Supply Cart to explode after ${1} seconds, dealing damage equal to up to ${3}% of each target's Life within a ${2}-meter radius.	ทำให้ Supply Cart ระเบิดหลังผ่านไป ${1} วินาที สร้างดาเมจสูงสุดเท่ากับ ${3}% ของ HP ของแต่ละเป้าหมายในรัศมี ${2} เมตร
10110300281	Unload the Supply Cart. While unloaded, it increases the DEF of allies within @{1} meters.	ปลด Supply Cart ออก ระหว่างที่ปลดอยู่ เพิ่ม DEF ให้พันธมิตรในระยะ @{1} เมตร
10110300282	Charge forward with the supply cart, knocking back and Stunning enemies along the way.	พุ่งไปข้างหน้าพร้อม Supply Cart ผลักศัตรูในเส้นทางและทำให้ติด Stun
10110300284	Causes the Supply Cart to explode after ${1} seconds, dealing damage equal to ${3}% of Life to enemies within a ${2}-meter radius.	ทำให้ Supply Cart ระเบิดหลังผ่านไป ${1} วินาที สร้างดาเมจเท่ากับ ${3}% ของ HP แก่ศัตรูในรัศมี ${2} เมตร
10110300288	Unleash Soul Buster and Enter the ^{1}^{2}【Intense Telekinesis】^{3}^{4} state for ${1} seconds. During this time, your Ghost Damage increases by ^{5}${2}%^{6}, Soul Expansion's Cooldown is reduced by ${3}%, and Psychokinetic Astral Body acquisition efficiency increases by ${4}%.	ปลดปล่อย Soul Buster และเข้าสู่สถานะ ^{1}^{2}[ Intense Telekinesis ]^{3}^{4} เป็นเวลา ${1} วินาที ระหว่างนี้ ดาเมจธาตุ Ghost ของคุณเพิ่มขึ้น ^{5}${2}%^{6} Cooldown ของ Soul Expansion ลดลง ${3}% และประสิทธิภาพการได้รับ Psychokinetic Astral Body เพิ่มขึ้น ${4}%
10110300289	Increases Ghost Damage by ^{1}${1}%^{2}. Ghost Damage dealt to targets with Neutral armor is no longer reduced due to elemental disadvantage.	เพิ่มดาเมจธาตุ Ghost ขึ้น ^{1}${1}%^{2} ดาเมจธาตุ Ghost ที่ทำต่อเป้าหมายสวมเกราะ Neutral จะไม่ลดลงจากการเสียเปรียบธาตุอีกต่อไป
10110300292	Summons a radiant magic circle, granting allied units within ${1} meters Endure and immunity to crowd control, knock-up, and knockback effects for ${2} seconds.	เรียกวงเวทแสง มอบ Endure และป้องกันผลควบคุม การกระเด็นขึ้น และการผลักให้พันธมิตรในระยะ ${1} เมตร เป็นเวลา ${2} วินาที
10110300293	Summon a dark magic circle that inflicts ${2}% Slow, Silence, and Disarm on enemies within ${1} meters for ${3} seconds.	เรียกวงเวทมืด ทำให้ติด Slow ${2}%, Silence และ Disarm แก่ศัตรูในระยะ ${1} เมตร เป็นเวลา ${3} วินาที
10110300294	Summons a Gale Magic Circle, granting allied units within ${1}m increased Move Speed and Attack Speed and reduced cooldowns for ${2} sec.	เรียก Gale Magic Circle เพิ่ม MSPD กับ ASPD และลด Cooldown ให้พันธมิตรในระยะ ${1} เมตร เป็นเวลา ${2} วินาที
10110300295	Summon an Earthshatter Formation, inflicting Stun on enemies within ${1}m for ${2}s.	เรียก Earthshatter Formation ทำให้ศัตรูในระยะ ${1} เมตรติด Stun เป็นเวลา ${2} วินาที
10110300298	Controls the target for ${1}s, dealing damage equal to ${2}% of its Max Life each second. If the target dies during this time, restores ${3}% of the caster's Max Life.	ควบคุมเป้าหมายเป็นเวลา ${1} วินาที สร้างดาเมจเท่ากับ ${2}% ของ Max HP ของเป้าหมายทุกวินาที หากเป้าหมายตายในระหว่างนี้ ฟื้นฟู ${3}% ของ Max HP ของผู้ใช้
10110300299	Deals damage equal to ${2}% of Max Life to targets above ${1}% Life; instantly kills targets below ${3}% Life and increases the caster's Physical ATK and Magic ATK by ${4}% for ${5}s	สำหรับดาเมจเท่ากับ ${2}% ของ Max HP: สร้างแก่เป้าหมายที่มี HP สูงกว่า ${1}%; สังหารเป้าหมายที่มี HP ต่ำกว่า ${3}% ทันที และเพิ่ม P.ATK กับ M.ATK ของผู้ใช้ขึ้น ${4}% เป็นเวลา ${5} วินาที
10110300300	Grants Endure, making you immune to crowd control, knock-up, and knockback for ${1} seconds.	ได้รับ Endure ป้องกันผลควบคุม การกระเด็นขึ้น และการผลักเป็นเวลา ${1} วินาที
10110300302	The dragon summons drakes in the outer area and drakes carrying energy orbs toward the boss in the inner area. If an inner-area drake reaches its destination, the boss gains a stack of a damage-increasing buff.	มังกรเรียกมังกรเล็กในพื้นที่ด้านนอก และเรียกมังกรเล็กที่แบกลูกแก้วพลังงานให้เข้าหาบอสในพื้นที่ด้านใน หากมังกรเล็กด้านในไปถึงจุดหมาย บอสจะได้รับบัฟเพิ่มดาเมจหนึ่ง stacks
10110300303	The dragon takes flight and prepares to bombard both sides of the arena with fiery breath.	มังกรบินขึ้นและเตรียมพ่นไฟถล่มทั้งสองด้านของสนามต่อสู้
10110300304	The dragon leaps to the edge of the arena and summons a wall of fire that moves forward.	มังกรกระโดดไปขอบสนามต่อสู้และเรียกกำแพงไฟที่เคลื่อนที่ไปข้างหน้า
10110300305	The dragon breathes fire across the full-screen. Players who aren't behind an intact shield will be killed instantly.	มังกรพ่นไฟทั่วทั้งหน้าจอ ผู้เล่นที่ไม่ได้หลบหลังกำบังที่ยังสมบูรณ์จะถูกสังหารทันที
10110300334	After a @{1}-second warning, damages players within a circular area with a five-meter radius around itself and applies 【Stomach Acid Corrosion】	หลังแจ้งเตือน @{1} วินาที สร้างดาเมจแก่ผู้เล่นในพื้นที่วงกลมรัศมีห้าเมตรรอบตัว และทำให้ติด [ Stomach Acid Corrosion ]
10110300335	Sprays its stomach acid, applying a high-damage DoT to all players within @{1} meters for @{2}s. Contact with 【Unidentified Digestive Matter】 removes this buff	พ่นกรดในกระเพาะ ทำให้ผู้เล่นทั้งหมดในระยะ @{1} เมตรได้รับดาเมจต่อเนื่องรุนแรงเป็นเวลา @{2} วินาที การสัมผัส [ Unidentified Digestive Matter ] จะยกเลิกบัฟนี้
10110300336	Creates @{1} rectangular AoEs measuring @{2} by @{3}, centered on itself, damaging enemies within and applying 【Stomach Acid Corrosion】	สร้างพื้นที่โจมตีรูปสี่เหลี่ยม @{1} พื้นที่ ขนาด @{2} คูณ @{3} โดยมีตัวเองเป็นศูนย์กลาง สร้างดาเมจแก่ศัตรูในพื้นที่และทำให้ติด [ Stomach Acid Corrosion ]
10110300338	Enrages itself and all Thief Bugs, increasing their Attack Speed and Movement Speed	ทำให้ตัวเองและ Thief Bug ทั้งหมดคลุ้มคลั่ง เพิ่ม ASPD และ MSPD
10110300348	After use, creates a magnetic field in the selected Guild Battlefield that continuously affects every player's Move.	หลังใช้ สร้างสนามแม่เหล็กใน Guild Battlefield ที่เลือก ส่งผลต่อการเคลื่อนที่ของผู้เล่นทุกคนอย่างต่อเนื่อง
10110300349	After use, creates a Chain in the selected Guild Battlefield, inflicting Movement Disabled on all players.	หลังใช้ สร้างโซ่ใน Guild Battlefield ที่เลือก ทำให้ผู้เล่นทุกคนเคลื่อนที่ไม่ได้
10110300350	After use, creates a Nightmare Mystery Box in the selected Guild Battlefield. All players Cannot use skill.	หลังใช้ สร้าง Nightmare Mystery Box ใน Guild Battlefield ที่เลือก ทำให้ผู้เล่นทุกคนใช้สกิลไม่ได้
10110300351	After use, creates squid ink in the selected Guild Battlefield, obstructing every player's vision.	หลังใช้ สร้างหมึกปลาหมึกใน Guild Battlefield ที่เลือก บดบังการมองเห็นของผู้เล่นทุกคน
10110300354	After use, creates Sticky Mucus in the selected Guild Battlefield. Reduces MSPD. for all players.	หลังใช้ สร้าง Sticky Mucus ใน Guild Battlefield ที่เลือก ลด MSPD ของผู้เล่นทุกคน
10110300355	After use, generates multiple compressed shockwaves in the selected Guild Battlefield, inflicting Knock-Up on all players multiple times.	หลังใช้ สร้างคลื่นกระแทกอัดแน่นหลายระลอกใน Guild Battlefield ที่เลือก ทำให้ผู้เล่นทุกคนกระเด็นขึ้นหลายครั้ง
10110300356	After use, creates a talisman in the current Guild Battlefield, granting Endure to all players.	หลังใช้ สร้างเครื่องรางใน Guild Battlefield ปัจจุบัน มอบ Endure ให้ผู้เล่นทุกคน
10800100237	^{1}^{2}[Basic Attack]^{3}^{4}'s percentage damage multiplier increases by ${1}%, and its fixed damage increases by ${2}.	ตัวคูณดาเมจแบบเปอร์เซ็นต์ของ ^{1}^{2}[ Basic Attack ]^{3}^{4} เพิ่มขึ้น ${1}% และดาเมจส่วนค่าคงที่เพิ่มขึ้น ${2}
10800100240	^{1}^{2}[Sonic Blow]^{3}^{4}'s percentage damage multiplier increases by ${1}%, and its fixed damage increases by ${2}.	ตัวคูณดาเมจแบบเปอร์เซ็นต์ของ ^{1}^{2}[ Sonic Blow ]^{3}^{4} เพิ่มขึ้น ${1}% และดาเมจส่วนค่าคงที่เพิ่มขึ้น ${2}
10800100243	^{1}^{2}[Envenomed Blade]^{3}^{4}'s percentage damage multiplier increases by ${1}%, and its fixed damage increases by ${2}.	ตัวคูณดาเมจแบบเปอร์เซ็นต์ของ ^{1}^{2}[ Envenomed Blade ]^{3}^{4} เพิ่มขึ้น ${1}% และดาเมจส่วนค่าคงที่เพิ่มขึ้น ${2}
10800100246	^{1}^{2}[Grimtooth]^{3}^{4}'s percentage damage multiplier increases by ${1}%, and its fixed damage increases by ${2}.	ตัวคูณดาเมจแบบเปอร์เซ็นต์ของ ^{1}^{2}[ Grimtooth ]^{3}^{4} เพิ่มขึ้น ${1}% และดาเมจส่วนค่าคงที่เพิ่มขึ้น ${2}
10110300220	Summons a @{2} × @{3} m rectangular magic field within @{1} m, restoring ^{1}@{5}%^{2} Life per sec. to up to @{4} allies within the area for @{6} sec.	เรียกพื้นที่เวทรูปสี่เหลี่ยมขนาด @{2} × @{3} เมตร ในระยะ @{1} เมตร ฟื้นฟู HP ^{1}@{5}%^{2} ทุกวินาทีให้พันธมิตรสูงสุด @{4} คนในพื้นที่ เป็นเวลา @{6} วินาที
10220300281	Poring Counterattack	การสวนกลับของ Poring
10220300282	Ball Catch Buff	บัฟรับลูกบอล
10220300283	The vehicle restores a total of ${2}% HP over ${1} sec. Destroyed sections cannot be restored.	พาหนะฟื้นฟู HP รวม ${2}% ภายใน ${1} วินาที ส่วนที่ถูกทำลายไม่สามารถฟื้นฟูได้
10220300285	The player moves at @{1} m/sec while transporting valuable Military Supplies. Be sure to move slowly.	ผู้เล่นเคลื่อนที่ด้วยความเร็ว @{1} เมตรต่อวินาทีขณะขนส่ง Military Supplies มูลค่าสูง โปรดเคลื่อนที่อย่างช้าๆ
10220300286	Immune to damage and debuffs.	ป้องกันดาเมจและดีบัฟ
10220300287	Reduces damage taken by @{1}% after entering a relay station.	ลดดาเมจที่ได้รับลง @{1}% หลังเข้าสู่สถานีส่งต่อ
10220300288	【Camouflage】 status. Cannot be seen or targeted.	สถานะ [ Camouflage ] ไม่สามารถถูกมองเห็นหรือเลือกเป็นเป้าหมายได้
10220300289	Vehicle shield activated, granting a shield equal to ${1}% of the vehicle's HP for ${2} sec.	เปิดใช้โล่พาหนะ ได้รับโล่เท่ากับ ${1}% ของ HP พาหนะ เป็นเวลา ${2} วินาที
10220300290	Cannot use skill or move, and Physical and Magic DEF are reduced by ${1}. Removed when hit, then inflicts ^{1}Freeze^{2}.	ไม่สามารถใช้สกิลหรือเคลื่อนที่ได้ และ P.DEF กับ M.DEF ลดลง ${1} ยกเลิกเมื่อถูกโจมตี จากนั้นทำให้ติด ^{1}Freeze^{2}
10220300291	Cannot use skill or move, and Physical and Magic DEF are reduced by ${1}. Removed when hit, then inflicts ^{1}Slow^{2}.	ไม่สามารถใช้สกิลหรือเคลื่อนที่ได้ และ P.DEF กับ M.DEF ลดลง ${1} ยกเลิกเมื่อถูกโจมตี จากนั้นทำให้ติด ^{1}Slow^{2}
10220300292	Cannot use skill or move. Removed when hit.	ไม่สามารถใช้สกิลหรือเคลื่อนที่ได้ ยกเลิกเมื่อถูกโจมตี
10220300293	Cannot use skill	ไม่สามารถใช้สกิลได้
10220300294	Cannot move	ไม่สามารถเคลื่อนที่ได้
10220300295	Reduces field of view.	ลดขอบเขตการมองเห็น
10220300296	Reduces Movement Speed by @{1}% and CRIT, Attack Speed, and Cast Speed by @{2}%.	ลด MSPD ลง @{1}% และลด CRIT, ASPD กับ Cast Speed ลง @{2}%
10220300297	Reduces Movement Speed by @{1}% and Physical DEF, Magic DEF, and CRIT RES by @{2}%.	ลด MSPD ลง @{1}% และลด P.DEF, M.DEF กับ CRIT RES ลง @{2}%
10220300298	Every @{1} sec, loses HP equal to @{2}% of the applier's Neutral Physical Damage.	ทุก @{1} วินาที สูญเสีย HP เท่ากับ @{2}% ของ P.DMG ไร้ธาตุของผู้สร้างสถานะ
10220300299	Every @{1} sec, loses HP equal to @{2}% of the applier's Poison Physical Damage.	ทุก @{1} วินาที สูญเสีย HP เท่ากับ @{2}% ของ P.DMG ธาตุ Poison ของผู้สร้างสถานะ
10220300300	Immune to Knockback, Launch, Stun, Freeze, Petrify, Silence, Immobilize, and Blind.	ป้องกัน Knockback, Launch, Stun, Freeze, Petrify, Silence, Immobilize และ Blind
10220300301	Immune to all debuffs.	ป้องกันดีบัฟทั้งหมด
10220300302	Immune to Knockback, Launch, Stun, Freeze, Petrify, Silence, Immobilize, Blind, and Slow.	ป้องกัน Knockback, Launch, Stun, Freeze, Petrify, Silence, Immobilize, Blind และ Slow
10220300312	Loses HP equal to @{1}% of the applier's Fire Magic Damage.	สูญเสีย HP เท่ากับ @{1}% ของ M.DMG ธาตุ Fire ของผู้สร้างสถานะ
10220300313	Cannot use skill or move, and Physical and Magic DEF are reduced by @{1}%. Removed when hit, then inflicts Freeze.	ไม่สามารถใช้สกิลหรือเคลื่อนที่ได้ และ P.DEF กับ M.DEF ลดลง @{1}% ยกเลิกเมื่อถูกโจมตี จากนั้นทำให้ติด Freeze
10220300314	Cannot use skill or move, and Physical and Magic DEF are reduced by @{1}%. Removed when hit, then inflicts Slow.	ไม่สามารถใช้สกิลหรือเคลื่อนที่ได้ และ P.DEF กับ M.DEF ลดลง @{1}% ยกเลิกเมื่อถูกโจมตี จากนั้นทำให้ติด Slow
10220300315	Immune to Knockback and Launch.	ป้องกัน Knockback และ Launch
10220300316	Dispels Lv. @{1} control effects.	ล้างผลควบคุม Lv. @{1}
10220300317	Life will not fall to @{1}.	HP จะไม่ลดลงถึง @{1}
10220300318	Items cannot be used while in this state.	ไม่สามารถใช้ไอเท็มได้ขณะอยู่ในสถานะนี้
10220300319	Healing from items has no effect while in this state.	การฮีลจากไอเท็มไม่มีผลขณะอยู่ในสถานะนี้
10220300320	Element advantages and disadvantages do not affect you.	ความได้เปรียบและเสียเปรียบธาตุไม่มีผลต่อคุณ
10220300321	Each Member gains a different Class Resonance effect: damage dealt to Bosses +@{1}%, damage taken from Bosses -@{2}%.	สมาชิกแต่ละคนได้รับผล Class Resonance ที่ต่างกัน: ดาเมจที่ทำต่อบอส +@{1}%, ดาเมจที่ได้รับจากบอส -@{2}%
10220300322	The party gains the Class Resonance effect.	ปาร์ตี้ได้รับผล Class Resonance
10220300323	Both sides gain a same-Guild Member bonus: damage dealt to Bosses +@{1}%, damage taken from Bosses -@{2}%.	ทั้งสองฝ่ายได้รับโบนัสสมาชิกกิลด์เดียวกัน: ดาเมจที่ทำต่อบอส +@{1}%, ดาเมจที่ได้รับจากบอส -@{2}%
10220300324	Gain Divine Blessing: Increases Damage Increase by @{1}% and DMG Reduction by @{2}%.	ได้รับ Divine Blessing: โบนัสดาเมจเพิ่มขึ้น @{1}% และการลดดาเมจเพิ่มขึ้น @{2}%
10220300325	Gain Divine Blessing: Increases Damage Increase by @{1}% and DMG Reduction by @{2}%, and increases the number of party Revives available in the Dungeon by @{3}.	ได้รับ Divine Blessing: โบนัสดาเมจเพิ่มขึ้น @{1}% และการลดดาเมจเพิ่มขึ้น @{2}% พร้อมเพิ่มจำนวนครั้งที่ปาร์ตี้ชุบชีวิตได้ในดันเจี้ยนอีก @{3}
10220300326	A close friend is in the party. Life +@{1}%, Physical Attack +@{2}%, Magic Attack +@{3}%.	มีเพื่อนสนิทอยู่ในปาร์ตี้ HP +@{1}%, P.ATK +@{2}%, M.ATK +@{3}%
10220300327	Immune to damage.	ป้องกันดาเมจ
10220300328	Immune to damage for up to @{1} sec. Ends upon using a skill.	ป้องกันดาเมจเป็นเวลาสูงสุด @{1} วินาที สิ้นสุดเมื่อใช้สกิล
10220300329	Morale is high, granting Increase Attack and DEF by @{1}%.	ขวัญกำลังใจสูง เพิ่ม ATK และ DEF ขึ้น @{1}%
10220300330	Blessed by the power of wind, increasing Attack Speed and Movement Speed by @{1}% for @{2} sec.	ได้รับพรจากพลังลม เพิ่ม ASPD และ MSPD ขึ้น @{1}% เป็นเวลา @{2} วินาที
10220300331	Protected by the power of light, granting Endure and immunity to control effects and Knockback for @{1} sec.	ได้รับการคุ้มครองจากพลังแสง มอบ Endure และป้องกันผลควบคุมกับ Knockback เป็นเวลา @{1} วินาที
10220300332	Afflicted by the Curse of darkness, reducing Movement Speed by @{1}% and inflicting Silence and Disarm for @{2} sec.	ถูกสาปด้วยความมืด ลด MSPD ลง @{1}% และทำให้ติด Silence กับ Disarm เป็นเวลา @{2} วินาที
10220300333	Continually weakens, causing damage taken to increase over time.	อ่อนแอลงอย่างต่อเนื่อง ทำให้ดาเมจที่ได้รับเพิ่มขึ้นตามเวลา
10220300334	Takes Damage over Time.	ได้รับดาเมจต่อเนื่อง
10220300336	Protected by the Revive point and immune to damage.	ได้รับการคุ้มครองจากจุดชุบชีวิตและป้องกันดาเมจ
10220300337	Immune to control effects, knock-up, and knockback	ป้องกันผลควบคุม การกระเด็นขึ้น และการผลัก
10220300338	Carrying a cannonball that can be loaded into a repaired Turret	กำลังแบกกระสุนปืนใหญ่ที่สามารถบรรจุในป้อมปืนที่ซ่อมแล้วได้
10220300339	Fafnir takes flight and becomes immune to Basic Attacks	Fafnir บินขึ้นและป้องกันการโจมตีปกติ
10220300340	Awakens the power of dragonblood, becoming immune to targeting and damage	ปลุกพลังเลือดมังกร ทำให้ไม่สามารถถูกเลือกเป็นเป้าหมายได้และป้องกันดาเมจ
10220300341	Carrying one of Fafnir's scales, which can be used to build a Dragon Scale Shield Wall	กำลังแบกเกล็ดของ Fafnir ซึ่งใช้สร้าง Dragon Scale Shield Wall ได้
10220300342	Fafnir's damage increases by @{1}%	ดาเมจของ Fafnir เพิ่มขึ้น @{1}%
10220300343	Cannot attack and takes increased damage	ไม่สามารถโจมตีได้และได้รับดาเมจเพิ่มขึ้น
10220300344	Physical Damage Reduction, Magic Vulnerability	ลด P.DMG ที่ได้รับ แต่ได้รับ M.DMG เพิ่มขึ้น
10220300345	Magic Damage Reduction, Physical Vulnerability	ลด M.DMG ที่ได้รับ แต่ได้รับ P.DMG เพิ่มขึ้น
10220300346	Movement Speed Increase	MSPD เพิ่มขึ้น
10220300347	Defense Increase	DEF เพิ่มขึ้น
10220300349	Become a Madogear Pilot, greatly increasing Movement Speed and continuously spraying flames in a circular area to deal damage	แปลงเป็น Madogear Pilot เพิ่ม MSPD อย่างมาก และพ่นไฟอย่างต่อเนื่องในพื้นที่วงกลมเพื่อสร้างดาเมจ
10220300350	Skills cost no SP, skill cooldowns and CT are reduced, and Attack Speed is increased	สกิลไม่ใช้ SP ลด Cooldown และ CT ของสกิล พร้อมเพิ่ม ASPD
10220300351	Deals damage to nearby enemies every @{1} sec. and Freezes them for @{2} sec.	สร้างดาเมจแก่ศัตรูใกล้เคียงทุก @{1} วินาที และทำให้ติด Freeze เป็นเวลา @{2} วินาที
10220300352	Surrounded by lightning, shocking up to @{1} nearby enemies every second to deal damage.	สายฟ้าล้อมรอบตัว ช็อตศัตรูใกล้เคียงสูงสุด @{1} ตัวทุกวินาทีเพื่อสร้างดาเมจ
10220300353	Frozen in ice. Cannot move or attack	ถูกแช่แข็ง ไม่สามารถเคลื่อนที่หรือโจมตีได้
10220300354	Greatly increases Movement Speed for @{1} sec.	เพิ่ม MSPD อย่างมากเป็นเวลา @{1} วินาที
10220300355	Greatly increases Defense for @{1} sec.	เพิ่ม DEF อย่างมากเป็นเวลา @{1} วินาที
10220300356	Periodically takes AoE lightning damage	ได้รับดาเมจสายฟ้าแบบพื้นที่เป็นระยะ
10220300357	Carrying explosives that damage all nearby allies, enemies, and the carrier when the countdown ends	กำลังแบกวัตถุระเบิดที่จะสร้างดาเมจแก่พันธมิตร ศัตรู และผู้แบกทั้งหมดที่อยู่ใกล้เมื่อการนับถอยหลังสิ้นสุด
10220300358	Extremely high Physical Defense, but highly vulnerable to Magic attacks	P.DEF สูงมาก แต่แพ้ทางการโจมตีเวทอย่างรุนแรง
10220300359	Extremely high Magic Defense, but highly vulnerable to Physical attacks	M.DEF สูงมาก แต่แพ้ทางการโจมตีกายภาพอย่างรุนแรง
10220300360	Does not actively attack players. Prioritizes charging toward the center of the island to attack the seal	ไม่โจมตีผู้เล่นก่อน มุ่งพุ่งไปกลางเกาะเพื่อโจมตีผนึกเป็นลำดับแรก
10220300361	Upon death, Splits into @{1} monsters	เมื่อตาย แยกออกเป็นมอนสเตอร์ @{1} ตัว
10220300362	Periodically restores the Life of nearby monsters	ฟื้นฟู HP ให้มอนสเตอร์ใกล้เคียงเป็นระยะ
10220300363	Targets and attacks the nearest player within range	เลือกและโจมตีผู้เล่นที่อยู่ใกล้ที่สุดภายในระยะ
10220300364	Upon death, explodes and deals damage to nearby enemies	เมื่อตาย ระเบิดและสร้างดาเมจแก่ศัตรูใกล้เคียง
10220300365	A rare and powerful monster	มอนสเตอร์หายากที่ทรงพลัง
10220300366	Immune to crowd control and knockback	ป้องกันผลควบคุมและการผลัก
10220300373	Periodically takes damage	ได้รับดาเมจเป็นระยะ
10220300374	Enters a frenzy and gains extremely high ATK	คลุ้มคลั่งและได้รับ ATK สูงมาก
10220300375	You are continuously being pulled inward!	คุณกำลังถูกดึงเข้าด้านในอย่างต่อเนื่อง!
10220300378	Decreases Cooldown Reduction by @{1}%.	ลดการลด Cooldown ลง @{1}%
10220300379	Increases CRIT Rate by @{1}% and CRIT DMG by @{2}%.	เพิ่ม CRIT ขึ้น @{1}% และ CRIT DMG ขึ้น @{2}%
10220300382	Cannot move while affected by Chain Bind.	ไม่สามารถเคลื่อนที่ได้ขณะติด Chain Bind
10220300383	Cannot use skill while under the Nightmare effect.	ไม่สามารถใช้สกิลได้ขณะอยู่ภายใต้ผล Nightmare
10220300384	Your vision is currently impaired by squid ink.	หมึกปลาหมึกกำลังบดบังการมองเห็นของคุณ
10220300386	Currently Berserk. Deals DMG is increased.	กำลังอยู่ในสถานะ Berserk ดาเมจที่ทำได้เพิ่มขึ้น
10220300387	Currently affected by Sticky Mucus, reducing MSPD.	กำลังได้รับผล Sticky Mucus ซึ่งลด MSPD
10220300388	While Brass Blessing is active, gain Endure.	ขณะ Brass Blessing ทำงาน ได้รับ Endure
10220300394	Cannot move or use skills	ไม่สามารถเคลื่อนที่หรือใช้สกิลได้
10220300395	You are within the Sonic Barrier and will not take damage from Jellyfish Requiem.	คุณอยู่ใน Sonic Barrier และจะไม่ได้รับดาเมจจาก Jellyfish Requiem
10220300396	You are continuously being pushed outward!	คุณกำลังถูกผลักออกด้านนอกอย่างต่อเนื่อง!
10220300397	Gain Accelerate and continuously deal DMG to nearby characters, inflicting Slow.	ได้รับ Accelerate และสร้างดาเมจแก่ตัวละครใกล้เคียงอย่างต่อเนื่อง พร้อมทำให้ติด Slow
10220300398	Gains DMG Reduction and continuously Deals DMG to nearby targets, inflicting Burn	ได้รับการลดดาเมจ และสร้างดาเมจแก่เป้าหมายใกล้เคียงอย่างต่อเนื่อง พร้อมทำให้ติด Burn
10220300399	Continuously restores HP to nearby allies	ฟื้นฟู HP ให้พันธมิตรใกล้เคียงอย่างต่อเนื่อง
10220300400	Defense slightly increased	DEF เพิ่มขึ้นเล็กน้อย
10220300401	Attack slightly increased	ATK เพิ่มขึ้นเล็กน้อย
10220300406	When taking fatal damage, inflicts Knockback on nearby players and restores @{1}% HP. This effect is removed after triggering @{2} times.	เมื่อได้รับดาเมจถึงตาย ทำให้ผู้เล่นใกล้เคียงติด Knockback และฟื้นฟู HP @{1}% ผลนี้ถูกยกเลิกหลังเกิดผล @{2} ครั้ง
10220300407	Damage Increase: @{1}%. Damage taken increases by @{2}% every second.	การเพิ่มดาเมจ: @{1}% ดาเมจที่ได้รับเพิ่มขึ้น @{2}% ทุกวินาที
10220300408	Each stack increases damage taken by @{1}%, up to @{2} stacks.	แต่ละ stacks เพิ่มดาเมจที่ได้รับขึ้น @{1}% สูงสุด @{2} stacks
10220300410	Protects nearby allies, continuously restoring their Life.	คุ้มครองพันธมิตรใกล้เคียงและฟื้นฟู HP ให้พวกเขาอย่างต่อเนื่อง
10220300411	Fight near an allied Madogear Pilot to gain its protection and continuously restore Life.	ต่อสู้ใกล้ Madogear Pilot ฝ่ายเดียวกันเพื่อรับการคุ้มครองและฟื้นฟู HP อย่างต่อเนื่อง
10220300412	Being hit by an allied Holy Bullet continuously restores Life.	เมื่อถูก Holy Bullet ของฝ่ายเดียวกัน จะฟื้นฟู HP อย่างต่อเนื่อง
10220300413	Inflicts Stun for @{2} sec. every @{1} sec.	ทำให้ติด Stun เป็นเวลา @{2} วินาที ทุก @{1} วินาที
10220300414	Loses HP equal to a certain amount of Fire Magic damage every @{1} seconds.	สูญเสีย HP เท่ากับดาเมจเวทธาตุ Fire จำนวนหนึ่งทุก @{1} วินาที
10220300415	Immune to damage and debuffs. This effect ends upon attacking another target.	ป้องกันดาเมจและดีบัฟ ผลนี้สิ้นสุดเมื่อโจมตีเป้าหมายอื่น
10220300417	The Madogear Pilot is being repaired.	Madogear Pilot กำลังถูกซ่อมแซม
10220300418	Damage Reduction.	การลดดาเมจ
10220300419	Damage Reduction and Damage Increase.	การลดดาเมจและการเพิ่มดาเมจ
10220300420	Immune to damage and debuffs	ป้องกันดาเมจและดีบัฟ
10220300421	Movement Speed increased by @{1}%. Stacks up to @{2} times.	MSPD เพิ่มขึ้น @{1}% สะสมได้สูงสุด @{2} stacks
10220300422	Damage increased by @{1}%. Stacks up to @{2} times.	ดาเมจเพิ่มขึ้น @{1}% สะสมได้สูงสุด @{2} stacks
10110300467	A powerful strike unique to Swordsman classes that deals Physical ATK*^{1}${2}%+${3}^{2} Neutral melee Physical DMG to a designated ST enemy within ${1} meters.	การโจมตีรุนแรงเฉพาะคลาส Swordsman สร้างดาเมจกายภาพระยะประชิดไร้ธาตุเท่ากับ P.ATK*^{1}${2}%+${3}^{2} แก่ศัตรูแบบ Single Target ที่กำหนดในระยะ ${1} เมตร
10110300468	You can place certain buff skills on the Skill Bar. When you use the Skill Bar, all available skills in the Lineup will be cast.	คุณสามารถวางสกิลบัฟบางชนิดบน Skill Bar เมื่อใช้ Skill Bar จะใช้สกิลทั้งหมดในชุดที่พร้อมใช้งาน
10110300469	A Mage-exclusive heavy strike that deals Physical ATK * ^{1}${2}% + ${3}^{2} Neutral ranged Physical damage to the designated ST enemy within ${1} meters.	การโจมตีรุนแรงเฉพาะ Mage สร้างดาเมจกายภาพระยะไกลไร้ธาตุเท่ากับ P.ATK * ^{1}${2}% + ${3}^{2} แก่ศัตรูแบบ Single Target ที่กำหนดในระยะ ${1} เมตร
10110300470	Deals PATK * ^{1}${2}%^{2} Neutral Ranged Physical DMG to the designated ST enemy within ${1} meters.	สร้างดาเมจกายภาพระยะไกลไร้ธาตุเท่ากับ P.ATK * ^{1}${2}%^{2} แก่ศัตรูแบบ Single Target ที่กำหนดในระยะ ${1} เมตร
10110300471	A powerful strike unique to Archer classes that deals Physical ATK*^{1}${2}%+${3}^{2} Neutral ranged Physical damage to a target enemy (ST) within ${1} meters.	การโจมตีรุนแรงเฉพาะคลาส Archer สร้างดาเมจกายภาพระยะไกลไร้ธาตุเท่ากับ P.ATK*^{1}${2}%+${3}^{2} แก่ศัตรูเป้าหมายแบบ Single Target ในระยะ ${1} เมตร
10110300472	A signature heavy strike unique to Acolyte classes that deals Physical ATK *^{1}${2}%+${3}^{2} Neutral ranged Physical damage to a designated ST enemy within ${1} meters.	การโจมตีรุนแรงอันเป็นเอกลักษณ์ของคลาส Acolyte สร้างดาเมจกายภาพระยะไกลไร้ธาตุเท่ากับ P.ATK *^{1}${2}%+${3}^{2} แก่ศัตรูแบบ Single Target ที่กำหนดในระยะ ${1} เมตร
10110300473	A powerful strike unique to Thief classes that deals Physical ATK*^{1}${2}%+${3}^{2} Neutral melee Physical damage to the specified ST enemy within ${1} meters.	การโจมตีรุนแรงเฉพาะคลาส Thief สร้างดาเมจกายภาพระยะประชิดไร้ธาตุเท่ากับ P.ATK*^{1}${2}%+${3}^{2} แก่ศัตรูแบบ Single Target ที่กำหนดในระยะ ${1} เมตร
10110300474	A powerful strike unique to Merchants that deals Physical ATK*^{1}${2}%+${3}^{2} Neutral melee Physical damage to the selected ST enemy within ${1} meters.	การโจมตีรุนแรงเฉพาะ Merchant สร้างดาเมจกายภาพระยะประชิดไร้ธาตุเท่ากับ P.ATK*^{1}${2}%+${3}^{2} แก่ศัตรูแบบ Single Target ที่เลือกในระยะ ${1} เมตร
10110300475	Can only be cast while riding the Madogear Pilot. Pilot the Madogear and swing its iron fist, dealing PATK * ^{1}${2}%^{2} Neutral Ranged Physical DMG to the designated ST enemy within ${1} meters.	ใช้ได้เฉพาะขณะขี่ Madogear Pilot ควบคุม Madogear แกว่งหมัดเหล็ก สร้างดาเมจกายภาพระยะไกลไร้ธาตุเท่ากับ P.ATK * ^{1}${2}%^{2} แก่ศัตรูแบบ Single Target ที่กำหนดในระยะ ${1} เมตร
10110300477	When a ^{1}Dispel-type^{2} Primary Battle Skill is cast, restores ^{3}${1}% of the owner's Max HP^{4}.	เมื่อใช้สกิลต่อสู้หลักประเภท ^{1}Dispel-type^{2} ฟื้นฟู ^{3}${1}% ของ Max HP ของเจ้าของ^{4}
10110300479	Death Witch deals Physical ATK*^{1}{2}%^{2} Neutral melee Physical damage to the designated ST enemy within ${1} meters.	Death Witch สร้างดาเมจกายภาพระยะประชิดไร้ธาตุเท่ากับ P.ATK*^{1}{2}%^{2} แก่ศัตรูแบบ Single Target ที่กำหนดในระยะ ${1} เมตร
10110300481	For ${1} seconds after casting a ^{1}Healing-type^{2} or ^{3}Dispel-type^{4} Primary Battle Skill, when the owner Deals DMG, restores ^{5}Adaptive Attack^{6} * ^{7}${4}%^{8} ^{9}HP^{10} to this unit and up to ${3} allies within a ${2}-meter radius. (This effect has a ${5}-second Cooldown.)	ภายใน ${1} วินาทีหลังใช้สกิลต่อสู้หลักประเภท ^{1}Healing-type^{2} หรือ ^{3}Dispel-type^{4} เมื่อเจ้าของสร้างดาเมจ ฟื้นฟูเท่ากับ ^{5}Adaptive Attack^{6} * ^{7}${4}%^{8} หน่วยของ ^{9}HP^{10} ให้ยูนิตนี้และพันธมิตรสูงสุด ${3} คน ในรัศมี ${2} เมตร (ผลนี้มี Cooldown ${5} วินาที)
10110300482	Aliot ^{1}pulls in^{2} up to ${2} enemies within ${1} meters and continuously Deals DMG, dealing a total of Aliot's PATK * ^{3}${3}%^{4} Neutral melee Physical DMG and converting the damage coefficient * ^{5}${4}%^{6} into ^{7}Healing^{8} for Aliot.	Aliot ^{1}ดึงเข้ามา^{2} ซึ่งศัตรูสูงสุด ${2} ตัว ในระยะ ${1} เมตร และสร้างดาเมจอย่างต่อเนื่อง รวมเป็นดาเมจกายภาพระยะประชิดไร้ธาตุเท่ากับ P.ATK ของ Aliot * ^{3}${3}%^{4} พร้อมแปลงตัวคูณดาเมจ * ^{5}${4}%^{6} เป็น ^{7}การฮีล^{8} ให้ Aliot
10110300483	Elio deals Physical ATK*^{1}${2}%^{2} Neutral melee Physical damage to the designated ST enemy within ${1} meters.	Elio สร้างดาเมจกายภาพระยะประชิดไร้ธาตุเท่ากับ P.ATK*^{1}${2}%^{2} แก่ศัตรูแบบ Single Target ที่กำหนดในระยะ ${1} เมตร
10110300484	Is restores ^{1}Adaptive ATK^{2}*^{3}${3}%^{4} ^{5}Life^{6} to self and up to ${2} allies within ${1} meters, and applies ^{7}^{8}[Serpent's Protection]^{9}^{10} for ${4} seconds.	Is ฟื้นฟูเท่ากับ ^{1}Adaptive ATK^{2}*^{3}${3}%^{4} หน่วยของ ^{5}HP^{6} ให้ตัวเองและพันธมิตรสูงสุด ${2} คน ในระยะ ${1} เมตร พร้อมมอบ ^{7}^{8}[ Serpent's Protection ]^{9}^{10} เป็นเวลา ${4} วินาที
10110300485	For ${1} seconds after casting a ^{1}Buff-type^{2} Primary Battle Skill, increases the DMG Reduction of the owner and up to ${3} allies within a ${2}-meter radius by ^{3}${4}%^{4}.	ภายใน ${1} วินาทีหลังใช้สกิลต่อสู้หลักประเภท ^{1}Buff-type^{2} เพิ่มการลดดาเมจให้เจ้าของและพันธมิตรสูงสุด ${3} คน ในรัศมี ${2} เมตรขึ้น ^{3}${4}%^{4}
10110300486	Is summons intertwining, agile serpent shadows, granting self and up to ${2} allies within ${1} meters a shield equal to each target's Max Life*^{1}${3}%^{2} for ${4} seconds. While the shield is active, Physical and Magic DEF increase by ^{3}${5}%^{4}.	Is เรียกเงางูปราดเปรียวที่พันเกี่ยวกัน มอบโล่ให้ตัวเองและพันธมิตรสูงสุด ${2} คน ในระยะ ${1} เมตร เท่ากับ Max HP ของแต่ละเป้าหมาย*^{1}${3}%^{2} เป็นเวลา ${4} วินาที ขณะโล่คงอยู่ เพิ่ม P.DEF และ M.DEF ขึ้น ^{3}${5}%^{4}
10110300487	Is deals Physical ATK*^{1}${2}%^{2} Neutral ranged Physical damage to the designated ST enemy within ${1} meters.	Is สร้างดาเมจกายภาพระยะไกลไร้ธาตุเท่ากับ P.ATK*^{1}${2}%^{2} แก่ศัตรูแบบ Single Target ที่กำหนดในระยะ ${1} เมตร
10110300489	Extends the Buff duration of ^{1}Debuff-type^{2} Primary Battle Skills by ${1} seconds.	เพิ่มระยะเวลาบัฟของสกิลต่อสู้หลักประเภท ^{1}Debuff-type^{2} อีก ${1} วินาที
10110300490	Eve spins her scythe, dealing a total of Physical ATK*^{1}${3}%^{2} Neutral melee damage to up to ${2} enemies within ${1} meters. Hit enemies' Physical and Magic DEF decrease by ^{3}${4}%^{4} for ${5} seconds.	Eve หมุนเคียว สร้างดาเมจระยะประชิดไร้ธาตุรวมเท่ากับ P.ATK*^{1}${3}%^{2} แก่ศัตรูสูงสุด ${2} ตัว ในระยะ ${1} เมตร ศัตรูที่ถูกโจมตีมี P.DEF และ M.DEF ลดลง ^{3}${4}%^{4} เป็นเวลา ${5} วินาที
10110300491	Eve deals Physical ATK*^{1}${2}%^{2} Neutral melee Physical damage to the designated ST enemy within ${1} meters.	Eve สร้างดาเมจกายภาพระยะประชิดไร้ธาตุเท่ากับ P.ATK*^{1}${2}%^{2} แก่ศัตรูแบบ Single Target ที่กำหนดในระยะ ${1} เมตร
10110300493	Reduces the Cooldown of ^{1}Healing-type^{2} Primary Battle Skills by ${1} seconds.	ลด Cooldown ของสกิลต่อสู้หลักประเภท ^{1}Healing-type^{2} ลง ${1} วินาที
10110300494	Angeling restores ^{1}${3}%^{2} ^{3}Life^{4} to self and up to ${2} allies within ${1} meters.	Angeling ฟื้นฟู ^{1}${3}%^{2} ของ ^{3}HP^{4} ให้ตัวเองและพันธมิตรสูงสุด ${2} คน ในระยะ ${1} เมตร
10110300495	Angeling deals Physical ATK*^{1}${2}%^{2} Neutral melee Physical damage to the designated ST enemy within ${1} meters.	Angeling สร้างดาเมจกายภาพระยะประชิดไร้ธาตุเท่ากับ P.ATK*^{1}${2}%^{2} แก่ศัตรูแบบ Single Target ที่กำหนดในระยะ ${1} เมตร
10110300497	Increases the Maximum Number of Targets for ^{1}Debuff-type^{2} or ^{3}Control-type^{4} Primary Battle Skills by ${1} (the number of designated targets for ST skills remains unchanged), but reduces the Skill Damage Multiplier by ^{5}${2}%^{6}.	เพิ่มจำนวนเป้าหมายสูงสุดของสกิลต่อสู้หลักประเภท ^{1}Debuff-type^{2} หรือ ^{3}Control-type^{4} อีก ${1} ตัว (จำนวนเป้าหมายที่ระบุของสกิลแบบ Single Target ไม่เปลี่ยนแปลง) แต่ลดตัวคูณดาเมจสกิลลง ^{5}${2}%^{6}
10110300498	Fox Immortal summons a refreshing breeze in a ${1}-meter-by-${2}-meter rectangular area ahead, dealing Magic ATK*^{1}${4}%^{2} Neutral ranged Magic damage to up to ${3} enemies. Hit enemies deal ^{3}${5}%^{4} less Wind damage for ${6} seconds.	Fox Immortal เรียกสายลมสดชื่นในพื้นที่สี่เหลี่ยมขนาด ${1} เมตรคูณ ${2} เมตรด้านหน้า สร้างดาเมจเวทระยะไกลไร้ธาตุเท่ากับ M.ATK*^{1}${4}%^{2} แก่ศัตรูสูงสุด ${3} ตัว ศัตรูที่ถูกโจมตีสร้างดาเมจธาตุ Wind ลดลง ^{3}${5}%^{4} เป็นเวลา ${6} วินาที
10110300499	Fox Immortal deals Magic ATK*^{1}${2}%^{2} Neutral melee Physical damage to the designated ST enemy within ${1} meters.	Fox Immortal สร้างดาเมจกายภาพระยะประชิดไร้ธาตุเท่ากับ M.ATK*^{1}${2}%^{2} แก่ศัตรูแบบ Single Target ที่กำหนดในระยะ ${1} เมตร
10110300501	Extends the Debuff duration of ^{1}Debuff-type^{2} Primary Battle Skills by ${1} seconds.	เพิ่มระยะเวลาดีบัฟของสกิลต่อสู้หลักประเภท ^{1}Debuff-type^{2} อีก ${1} วินาที
10110300502	For the next ${1} seconds, increases own Attack Speed by ${2}% and grants Basic Attacks a ${3}% Chance to trigger ^{1}^{2}[Cursed Slash]^{3}^{4}.	ใน ${1} วินาทีถัดไป เพิ่ม ASPD ของตนเองขึ้น ${2}% และมอบโอกาส ${3}% ให้การโจมตีปกติใช้ ^{1}^{2}[ Cursed Slash ]^{3}^{4}
10110300503	Deals Physical ATK*^{1}${3}%^{2} Neutral melee Physical damage to up to ${2} enemies within a ${1}-meter radius and applies ^{3}^{4}[Curse]^{5}^{6} to hit enemies for ${4} seconds.	สร้างดาเมจกายภาพระยะประชิดไร้ธาตุเท่ากับ P.ATK*^{1}${3}%^{2} แก่ศัตรูสูงสุด ${2} ตัว ในรัศมี ${1} เมตร และทำให้ศัตรูที่ถูกโจมตีติด ^{3}^{4}[ Curse ]^{5}^{6} เป็นเวลา ${4} วินาที
10110300504	Baphomet Jr. deals Physical ATK*^{1}${2}%^{2} Neutral melee Physical damage to the designated ST enemy within ${1} meters.	Baphomet Jr. สร้างดาเมจกายภาพระยะประชิดไร้ธาตุเท่ากับ P.ATK*^{1}${2}%^{2} แก่ศัตรูแบบ Single Target ที่กำหนดในระยะ ${1} เมตร
10110300505	Bobo blows a bubble, granting the master a ^{5}Bubble Shield^{6} equal to ^{1}Adaptive ATK^{2}*^{3}${1}%^{4} for ${2} seconds.	Bobo เป่าฟองสบู่ มอบ ^{5}Bubble Shield^{6} ให้เจ้าของ เท่ากับ ^{1}Adaptive ATK^{2}*^{3}${1}%^{4} เป็นเวลา ${2} วินาที
10110300506	After casting a ^{1}Shield-type^{2} Primary Battle Skill, if the owner's ^{3}HP^{4} is below ^{5}${1}%^{6}, increases the owner's PDEF and MDEF by ^{7}${2}%^{8} for ${3} seconds.	หลังใช้สกิลต่อสู้หลักประเภท ^{1}Shield-type^{2} หาก ^{3}HP^{4} ของเจ้าของต่ำกว่า ^{5}${1}%^{6} เพิ่ม P.DEF และ M.DEF ของเจ้าของขึ้น ^{7}${2}%^{8} เป็นเวลา ${3} วินาที
10110300507	Bobo grants up to @{1} allies within ${1} meters a ^{3}Bubble Shield^{4} equal to Bobo's Max HP * ^{1}${2}%^{2} for ${3} seconds.	Bobo มอบโล่ให้พันธมิตรสูงสุด @{1} คน ในระยะ ${1} เมตร เป็น ^{3}Bubble Shield^{4} เท่ากับ Max HP ของ Bobo * ^{1}${2}%^{2} เป็นเวลา ${3} วินาที
10110300509	Cat o' Nine-Tail swings its Bell down on the enemy, dealing ^{1}${1}%^{2} Neutral melee Physical damage.	Cat o' Nine-Tail ฟาดกระดิ่งใส่ศัตรู สร้างดาเมจกายภาพระยะประชิดไร้ธาตุ ^{1}${1}%^{2}
10110300510	Cat o' Nine-Tail spins continuously, dealing @{1} hits for a total of Pet Physical ATK*^{1}${3}%^{2} Neutral melee Physical damage to up to ${2} enemies within ${1} meters. Dealing damage applies ^{3}^{4}[Curse]^{5}^{6} to the target for ${4} seconds.	Cat o' Nine-Tail หมุนตัวต่อเนื่อง โจมตี @{1} ครั้ง รวมเป็นดาเมจกายภาพระยะประชิดไร้ธาตุเท่ากับ P.ATK ของสัตว์เลี้ยง*^{1}${3}%^{2} แก่ศัตรูสูงสุด ${2} ตัว ในระยะ ${1} เมตร การสร้างดาเมจทำให้เป้าหมายติด ^{3}^{4}[ Curse ]^{5}^{6} เป็นเวลา ${4} วินาที
10110300511	When casting a ^{1}Buff-type^{2} Primary Battle Skill, the next hit received by up to ${2} enemies within ${1} meters of the owner Deals ^{3}${3}%^{4} more DMG. Lasts ${4} seconds.	เมื่อใช้สกิลต่อสู้หลักประเภท ^{1}Buff-type^{2} การโจมตีครั้งถัดไปที่ศัตรูสูงสุด ${2} ตัวในระยะ ${1} เมตรรอบเจ้าของได้รับ จะสร้างดาเมจเพิ่มขึ้น ^{3}${3}%^{4} ผลคงอยู่ ${4} วินาที
10110300512	After charging up, Cat o' Nine-Tail slams the designated ST enemy within ${1} meters, dealing a total of the master's ^{1}Adaptive ATK^{2}*^{3}${2}%^{4} Neutral melee ^{5}Adaptive Damage^{6}. For ${3} seconds, the master's next ${4} instances of damage deal ^{7}${5}%^{8} more damage.	หลังชาร์จพลัง Cat o' Nine-Tail กระแทกศัตรูแบบ Single Target ที่กำหนดในระยะ ${1} เมตร สร้างความเสียหายกายภาพไร้ธาตุรวมเท่ากับ ^{1}Adaptive ATK^{2} ของเจ้าของ*^{3}${2}%^{4} ระยะประชิดแบบ ^{5}Adaptive Damage^{6} ภายใน ${3} วินาที ดาเมจ ${4} ครั้งถัดไปของเจ้าของเพิ่มขึ้น ^{7}${5}%^{8}
10110300513	After charging up, Cat o' Nine-Tail slams the designated ST enemy within ${1} meters, dealing a total of ^{1}${2}%^{2} Neutral melee ^{3}Adaptive Damage^{4}. For ${3} seconds, the master's next ${4} instances of damage deal ^{5}${5}%^{6} more damage.	หลังชาร์จพลัง Cat o' Nine-Tail กระแทกศัตรูแบบ Single Target ที่กำหนดในระยะ ${1} เมตร สร้างความเสียหายกายภาพไร้ธาตุระยะประชิดรวม ^{1}${2}%^{2} แบบ ^{3}Adaptive Damage^{4} ภายใน ${3} วินาที ดาเมจ ${4} ครั้งถัดไปของเจ้าของเพิ่มขึ้น ^{5}${5}%^{6}
10110300514	Zherlthsh attacks, dealing a total of the master's ^{1}Adaptive ATK^{2}*^{3}${3}%^{4} Neutral melee ^{5}Adaptive Damage^{6} to up to ${2} enemies within ${1} meters of the target area, and grants the master ^{7}^{8}[Zherlthsh's Execution]^{9}^{10}, increasing damage dealt by ^{11}${4}%^{12} for ${5} seconds.	Zherlthsh โจมตี สร้างความเสียหายกายภาพไร้ธาตุรวมเท่ากับ ^{1}Adaptive ATK^{2} ของเจ้าของ*^{3}${3}%^{4} ระยะประชิดแบบ ^{5}Adaptive Damage^{6} แก่ศัตรูสูงสุด ${2} ตัว ในระยะ ${1} เมตรรอบพื้นที่เป้าหมาย พร้อมมอบ ^{7}^{8}[ Zherlthsh's Execution ]^{9}^{10} ให้เจ้าของ เพิ่มดาเมจที่ทำได้ขึ้น ^{11}${4}%^{12} เป็นเวลา ${5} วินาที
10110300515	Zherlthsh attacks, dealing a total of ^{1}${3}%^{2} Neutral melee ^{3}Adaptive Damage^{4} to up to ${2} enemies within ${1} meters of the target area, and grants the master ^{5}^{6}[Zherlthsh's Execution]^{7}^{8}, increasing damage dealt by ^{9}${4}%^{10} for ${5} seconds.	Zherlthsh โจมตี สร้างความเสียหายกายภาพไร้ธาตุระยะประชิดรวม ^{1}${3}%^{2} แบบ ^{3}Adaptive Damage^{4} แก่ศัตรูสูงสุด ${2} ตัว ในระยะ ${1} เมตรรอบพื้นที่เป้าหมาย พร้อมมอบ ^{5}^{6}[ Zherlthsh's Execution ]^{7}^{8} ให้เจ้าของ เพิ่มดาเมจที่ทำได้ขึ้น ^{9}${4}%^{10} เป็นเวลา ${5} วินาที
10110300517	When any ^{1}type of^{2} Primary Battle Skill is cast, the owner gains ^{3}^{4}【Esen's Execution】^{5}^{6}, granting a ${1}% DMG Bonus for ${2} seconds.	เมื่อใช้สกิลต่อสู้หลัก ^{1}ประเภทใดก็ได้^{2} เจ้าของได้รับ ^{3}^{4}[ Esen's Execution ]^{5}^{6} มอบโบนัสดาเมจ ${1}% เป็นเวลา ${2} วินาที
10110300518	When any ^{1}type of^{2} Primary Battle Skill is cast, the owner gains ^{3}^{4}【Esen's Slaughter】^{5}^{6}, granting a ${1}% DMG Bonus for ${2} seconds. Also Deals @{1} instances of Extra DMG to the target equal to the Primary Battle Skill's Total DMG * @{2}%.	เมื่อใช้สกิลต่อสู้หลัก ^{1}ประเภทใดก็ได้^{2} เจ้าของได้รับ ^{3}^{4}[ Esen's Slaughter ]^{5}^{6} มอบโบนัสดาเมจ ${1}% เป็นเวลา ${2} วินาที พร้อมสร้างดาเมจเพิ่มเติมแก่เป้าหมาย @{1} ครั้ง เท่ากับดาเมจรวมของสกิลต่อสู้หลัก * @{2}%
10110300519	High Orc slashes the enemy, dealing ^{1}${1}%^{2} Neutral melee Physical damage.	High Orc ฟันศัตรู สร้างดาเมจกายภาพระยะประชิดไร้ธาตุ ^{1}${1}%^{2}
10110300520	High Orc roars, dealing a total of Pet Physical ATK*^{1}${3}%^{2} Neutral melee Physical damage to up to ${2} enemies within ${1} meters and increasing the melee damage dealt by up to ${5} allies within ${4} meters by ^{3}${6}%^{4} for ${7} seconds.	High Orc คำราม สร้างดาเมจกายภาพระยะประชิดไร้ธาตุรวมเท่ากับ P.ATK ของสัตว์เลี้ยง*^{1}${3}%^{2} แก่ศัตรูสูงสุด ${2} ตัว ในระยะ ${1} เมตร และเพิ่มดาเมจระยะประชิดที่ทำได้ให้พันธมิตรสูงสุด ${5} คน ในระยะ ${4} เมตรขึ้น ^{3}${6}%^{4} เป็นเวลา ${7} วินาที
10110300521	Increases the Skill Damage Multiplier of ^{1}Offensive-type^{2} Primary Battle Skills by ^{3}${1}%^{4}.	เพิ่มตัวคูณดาเมจสกิลของสกิลต่อสู้หลักประเภท ^{1}Offensive-type^{2} ขึ้น ^{3}${1}%^{4}
10110300524	Miguel Initiates an attack, dealing a total of the owner's ^{1}Adaptive Attack^{2} * ^{3}${3}%^{4} Neutral melee ^{5}Adaptive Damage^{6} to ${2} designated enemies within ${1} meters. Also grants the owner ^{7}^{8}【Raging Gale】^{9}^{10}, providing an ^{11}${4}%^{12} DMG Bonus for ${5} seconds.	Miguel เริ่มโจมตี สร้างความเสียหายกายภาพไร้ธาตุรวมเท่ากับ ^{1}Adaptive Attack^{2} ของเจ้าของ * ^{3}${3}%^{4} ระยะประชิดแบบ ^{5}Adaptive Damage^{6} แก่ศัตรูที่กำหนด ${2} ตัว ในระยะ ${1} เมตร พร้อมมอบ ^{7}^{8}[ Raging Gale ]^{9}^{10} ให้เจ้าของ มอบโบนัสดาเมจ ^{11}${4}%^{12} เป็นเวลา ${5} วินาที
10110300525	Miguel attacks, dealing a total of ^{1}${3}%^{2} Neutral melee ^{3}Adaptive Damage^{4} to ${2} designated enemies within ${1} meters and increasing the master's damage dealt by ^{5}${4}%^{6} for ${5} seconds.	Miguel โจมตี สร้างความเสียหายกายภาพไร้ธาตุระยะประชิดรวม ^{1}${3}%^{2} แบบ ^{3}Adaptive Damage^{4} แก่ศัตรูที่กำหนด ${2} ตัว ในระยะ ${1} เมตร และเพิ่มดาเมจที่เจ้าของทำได้ขึ้น ^{5}${4}%^{6} เป็นเวลา ${5} วินาที
10110300526	Miguel attacks, dealing Pet Physical ATK*^{1}${3}%^{2} Neutral melee Physical damage to ${2} designated enemies within ${1} meters and ^{3}^{4}[Stunning]^{5}^{6} them for ${4} seconds, while dispelling their [Shield] effects.	Miguel โจมตี สร้างดาเมจกายภาพระยะประชิดไร้ธาตุเท่ากับ P.ATK ของสัตว์เลี้ยง*^{1}${3}%^{2} แก่ศัตรูที่กำหนด ${2} ตัว ในระยะ ${1} เมตร และทำให้ติด ^{3}^{4}[ Stunning ]^{5}^{6} เป็นเวลา ${4} วินาที พร้อมล้างผล [ Shield ] ของพวกมัน
10110300527	When casting an ^{1}Offensive-type^{2} Primary Battle Skill, increases that skill's Crit Chance by ^{3}${1}%^{4}. If the target's HP is below ${2}%, the skill is guaranteed to CRIT.	เมื่อใช้สกิลต่อสู้หลักประเภท ^{1}Offensive-type^{2} เพิ่ม CRIT ของสกิลนั้นขึ้น ^{3}${1}%^{4} หาก HP ของเป้าหมายต่ำกว่า ${2}% สกิลจะติด CRIT แน่นอน
10110300528	Goat grants the owner ^{1}【Savage Shield】^{2}^{3} equal to the owner's Max HP * ^{4}${2}%^{5}. While the Shield is Active, reduces Ranged Physical DMG taken by ^{6}${3}%^{7}. Lasts ${4} seconds.	Goat มอบ ^{1}[ Savage Shield ]^{2}^{3} ให้เจ้าของ เท่ากับ Max HP ของเจ้าของ * ^{4}${2}%^{5} ขณะโล่คงอยู่ ลดดาเมจกายภาพระยะไกลที่ได้รับลง ^{6}${3}%^{7} ผลคงอยู่ ${4} วินาที
10110300529	Goat grants the master ^{1}^{2}[Savage Shield]^{3}^{4} within a ${1}-meter radius. The shield equals the master's Max Life*^{5}${2}%^{6} and reduces ranged Physical damage taken by ^{7}${3}%^{8} while active. Lasts ${4} seconds.	Goat มอบ ^{1}^{2}[ Savage Shield ]^{3}^{4} ให้เจ้าของในรัศมี ${1} เมตร โล่เท่ากับ Max HP ของเจ้าของ*^{5}${2}%^{6} และลดดาเมจกายภาพระยะไกลที่ได้รับลง ^{7}${3}%^{8} ขณะคงอยู่ ผลคงอยู่ ${4} วินาที
10110300530	Goat grants ^{1}[Barbarian Protection]^{2} to up to ${2} allies within a ${1}-meter radius. The shield equals Goat's Max Life*^{3}${3}%^{4} and reduces ranged Physical damage taken by ^{5}${4}%^{6} while active. Lasts ${5} seconds.	Goat มอบ ^{1}[ Barbarian Protection ]^{2} ให้พันธมิตรสูงสุด ${2} คน ในรัศมี ${1} เมตร โล่เท่ากับ Max HP ของ Goat*^{3}${3}%^{4} และลดดาเมจกายภาพระยะไกลที่ได้รับลง ^{5}${4}%^{6} ขณะคงอยู่ ผลคงอยู่ ${5} วินาที
10110300531	Extends the duration of Shields granted by ^{1}Shield-type^{2} Primary Battle Skills by ${1} seconds.	เพิ่มระยะเวลาโล่ที่สกิลต่อสู้หลักประเภท ^{1}Shield-type^{2} มอบให้อีก ${1} วินาที
10110300532	Geographer spins rapidly, dealing ^{1}${1}%^{2} Neutral melee Magic damage to the enemy.	Geographer หมุนตัวอย่างรวดเร็ว สร้างดาเมจเวทระยะประชิดไร้ธาตุ ^{1}${1}%^{2} แก่ศัตรู
10110300533	Geographer calls upon the power of the earth, raising the surrounding ground and dealing a total of Pet Magic ATK*^{1}${3}%^{2} Neutral melee Magic damage to up to ${2} enemies within ${1} meters.	Geographer เรียกพลังแห่งพื้นดิน ยกพื้นโดยรอบขึ้นและสร้างดาเมจเวทระยะประชิดไร้ธาตุรวมเท่ากับ M.ATK ของสัตว์เลี้ยง*^{1}${3}%^{2} แก่ศัตรูสูงสุด ${2} ตัว ในระยะ ${1} เมตร
10110300534	When an ^{1}Offensive-type^{2} Primary Battle Skill Deals DMG, it has a ^{3}${1}%^{4} Chance to inflict ^{5}^{6}【Stun】^{7}^{8} on the enemy for ${2} seconds.	เมื่อสกิลต่อสู้หลักประเภท ^{1}Offensive-type^{2} สร้างดาเมจ มีโอกาส ^{3}${1}%^{4} ทำให้ศัตรูติดสถานะ ^{5}^{6}[ Stun ]^{7}^{8} เป็นเวลา ${2} วินาที
10110300535	Geographer spins rapidly, dealing the master's ^{1}Adaptive ATK^{2}*^{3}${3}%^{4} Neutral melee ^{5}Adaptive Damage^{6} to up to ${2} enemies within ${1} meters of the master and knocking them back ${4} meters.	Geographer หมุนตัวอย่างรวดเร็ว สร้างความเสียหายกายภาพไร้ธาตุเท่ากับ ^{1}Adaptive ATK^{2} ของเจ้าของ*^{3}${3}%^{4} ระยะประชิดแบบ ^{5}Adaptive Damage^{6} แก่ศัตรูสูงสุด ${2} ตัว ในระยะ ${1} เมตรรอบเจ้าของ และผลักออก ${4} เมตร
10110300536	Geographer spins rapidly, dealing ^{1}${3}%^{2} Neutral melee ^{3}Adaptive Damage^{4} to up to ${2} enemies within ${1} meters of the master and knocking them back ${4} meters.	Geographer หมุนตัวอย่างรวดเร็ว สร้างความเสียหายกายภาพไร้ธาตุระยะประชิด ^{1}${3}%^{2} แบบ ^{3}Adaptive Damage^{4} แก่ศัตรูสูงสุด ${2} ตัว ในระยะ ${1} เมตรรอบเจ้าของ และผลักออก ${4} เมตร
10110300537	After briefly charging, Bongun strikes forward, dealing ^{1}${1}%^{2} Neutral melee Physical damage to the enemy.	หลังชาร์จพลังช่วงสั้นๆ Bongun โจมตีไปด้านหน้า สร้างดาเมจกายภาพระยะประชิดไร้ธาตุ ^{1}${1}%^{2} แก่ศัตรู
10110300538	Bongun claps both hands together to unleash demonic energy, dealing Pet Physical ATK*^{1}${3}%^{2} Neutral melee Physical damage to up to ${2} enemies within ${1} meters, plus a total of Pet Physical ATK*^{3}${4}%^{4} Poison melee Physical damage.	Bongun ประสานมือปล่อยพลังปีศาจ สร้างดาเมจกายภาพระยะประชิดไร้ธาตุเท่ากับ P.ATK ของสัตว์เลี้ยง*^{1}${3}%^{2} แก่ศัตรูสูงสุด ${2} ตัว ในระยะ ${1} เมตร พร้อมดาเมจกายภาพระยะประชิดธาตุ Poison รวมเท่ากับ P.ATK ของสัตว์เลี้ยง*^{3}${4}%^{4}
10110300539	When an ^{1}Offensive-type^{2} or ^{3}Control-type^{4} Primary Battle Skill scores a Kill, restores the owner's HP by ^{5}Adaptive Attack^{6} * ^{7}${1}%^{8}.	เมื่อสกิลต่อสู้หลักประเภท ^{1}Offensive-type^{2} หรือ ^{3}Control-type^{4} สังหารเป้าหมายได้ ฟื้นฟู HP ของเจ้าของเท่ากับ ^{5}Adaptive Attack^{6} * ^{7}${1}%^{8}
10110300541	Bongun claps its hands together to unleash demonic energy, dealing ^{1}${3}%^{2} Neutral melee ^{3}adaptive damage^{4} to up to ${2} enemies within ${1} meters of the master, plus ^{5}${4}%^{6} Poison melee ^{7}adaptive damage^{8} in total.	Bongun ประสานมือปล่อยพลังปีศาจ สร้างความเสียหายกายภาพไร้ธาตุระยะประชิด ^{1}${3}%^{2} แบบ ^{3}Adaptive Damage^{4} แก่ศัตรูสูงสุด ${2} ตัว ในระยะ ${1} เมตรรอบเจ้าของ พร้อมความเสียหายกายภาพระยะประชิดธาตุ Poison รวม ^{5}${4}%^{6} แบบ ^{7}Adaptive Damage^{8}
10110300542	Choco leaps up and scratches an enemy, dealing ^{1}${1}%^{2} Neutral Physical damage to an ST target.	Choco กระโดดข่วนศัตรู สร้างดาเมจกายภาพไร้ธาตุ ^{1}${1}%^{2} แก่เป้าหมายแบบ Single Target
10110300543	Choco lets out an encouraging cheer, increasing the Physical ATK and Magic ATK of up to ${2} allies within ${1} meters by ^{1}${3}%^{2} for ${4} seconds.	Choco ส่งเสียงให้กำลังใจ เพิ่ม P.ATK และ M.ATK ให้พันธมิตรสูงสุด ${2} คน ในระยะ ${1} เมตรขึ้น ^{1}${3}%^{2} เป็นเวลา ${4} วินาที
10110300544	Extends the Buff duration of ^{1}Buff-type^{2} Primary Battle Skills by ^{3}${1}^{4} sec.	เพิ่มระยะเวลาบัฟของสกิลต่อสู้หลักประเภท ^{1}Buff-type^{2} อีก ^{3}${1}^{4} วินาที
10110300545	Choco lets out an encouraging cheer, increasing the master's Attack Speed by ^{1}${1}%^{2} for ${2} seconds.	Choco ส่งเสียงให้กำลังใจ เพิ่ม ASPD ของเจ้าของขึ้น ^{1}${1}%^{2} เป็นเวลา ${2} วินาที
10110300546	Unleashes blades from its body, dealing Neutral melee ^{5}adaptive damage^{6} equal to the master's ^{1}Adaptive ATK^{2}*^{3}${2}%^{4} to up to @{1} enemies within a ${1}-meter radius, and grants the master ^{7}^{8}Control Immunity^{9} ^{10} for ${3} seconds.	ปลดปล่อยคมดาบออกจากร่างกาย สร้างความเสียหายกายภาพไร้ธาตุระยะประชิดแบบ ^{5}Adaptive Damage^{6} เท่ากับ ^{1}Adaptive ATK^{2} ของเจ้าของ*^{3}${2}%^{4} แก่ศัตรูสูงสุด @{1} ตัว ในรัศมี ${1} เมตร พร้อมมอบสถานะ ^{7}^{8}Control Immunity^{9} ^{10} ให้เจ้าของเป็นเวลา ${3} วินาที
10110300547	When casting a ^{1}Buff-type^{2} or ^{3}Shield-type^{4} Primary Battle Skill, grants the owner ^{5}^{6}Immunity^{7} ^{8} for ${1} sec.	เมื่อใช้สกิลต่อสู้หลักประเภท ^{1}Buff-type^{2} หรือ ^{3}Shield-type^{4} มอบ ^{5}^{6}Immunity^{7} ^{8} ให้เจ้าของเป็นเวลา ${1} วินาที
10110300550	When an ^{1}Offensive-type^{2} Primary Battle Skill Deals DMG, casts ^{3}^{4}【Mummy's Curse】^{5}^{6} on the target. This effect can only trigger once per Primary Battle Skill.	เมื่อสกิลต่อสู้หลักประเภท ^{1}Offensive-type^{2} สร้างดาเมจ ใช้ ^{3}^{4}[ Mummy's Curse ]^{5}^{6} ใส่เป้าหมาย ผลนี้เกิดได้เพียงหนึ่งครั้งต่อสกิลต่อสู้หลักแต่ละครั้ง
10110300551	Summons cursed spirits all around, dealing @{1} hits of Neutral ranged magic damage totaling Pet Magic ATK*^{1}${3}%^{2} to up to ${2} enemies within a ${1}-meter radius and inflicting ${5}% ^{3}【Slow】^{4} for ${4} seconds. Increases the caster's Physical and Magic DEF by ^{5}${6}%^{6} for ${7} seconds.	เรียกวิญญาณต้องสาปรอบตัว โจมตี @{1} ครั้งด้วยดาเมจเวทระยะไกลไร้ธาตุ รวมเท่ากับ M.ATK ของสัตว์เลี้ยง*^{1}${3}%^{2} แก่ศัตรูสูงสุด ${2} ตัว ในรัศมี ${1} เมตร ทำให้ลดความเร็ว ${5}% ด้วย ^{3}[ Slow ]^{4} เป็นเวลา ${4} วินาที และเพิ่ม P.DEF กับ M.DEF ของผู้ใช้ขึ้น ^{5}${6}%^{6} เป็นเวลา ${7} วินาที
10110300552	Deals Neutral ranged ^{5}adaptive damage^{6} equal to ^{1}Adaptive ATK^{2}*^{3}${3}%^{4} to up to ${2} enemies within a ${1}-meter radius of the target location.	สร้างความเสียหายกายภาพไร้ธาตุระยะไกลแบบ ^{5}Adaptive Damage^{6} เท่ากับ ^{1}Adaptive ATK^{2}*^{3}${3}%^{4} แก่ศัตรูสูงสุด ${2} ตัว ในรัศมี ${1} เมตรรอบตำแหน่งเป้าหมาย
10110300553	When casting a ^{1}Shield-type^{2} or ^{3}Dispel-type^{4} Primary Battle Skill, reduces the DMG the owner takes from players' Normal Attack-type skills by ^{5}${2}%^{6} for the next ${1} sec.	เมื่อใช้สกิลต่อสู้หลักประเภท ^{1}Shield-type^{2} หรือ ^{3}Dispel-type^{4} ลดดาเมจที่เจ้าของได้รับจากสกิลประเภทโจมตีปกติของผู้เล่นลง ^{5}${2}%^{6} ใน ${1} วินาทีถัดไป
10110300554	Sohee unleashes spectral power, dealing Neutral ranged magic damage equal to Pet Magic ATK*^{1}${3}%^{2} every @{1} seconds to up to ${2} enemies within a ${1}-meter radius, and gains a shield equal to Pet Magic ATK*^{3}${4}%^{4} and ^{5}^{6}【Control Immunity】^{7} ^{8} for ${5} seconds.	Sohee ปลดปล่อยพลังวิญญาณ สร้างดาเมจเวทระยะไกลไร้ธาตุเท่ากับ M.ATK ของสัตว์เลี้ยง*^{1}${3}%^{2} ทุก @{1} วินาที แก่ศัตรูสูงสุด ${2} ตัว ในรัศมี ${1} เมตร พร้อมได้รับโล่เท่ากับ M.ATK ของสัตว์เลี้ยง*^{3}${4}%^{4} และ ^{5}^{6}[ Control Immunity ]^{7} ^{8} เป็นเวลา ${5} วินาที
10110300555	Sohee grants the master a shield equal to the master's Max HP*^{1}${1}%^{2}. While the shield persists, damage taken is reduced by ^{3}${2}%^{4}. Lasts ${3} seconds.	Sohee มอบโล่ให้เจ้าของเท่ากับ Max HP ของเจ้าของ*^{1}${1}%^{2} ขณะโล่คงอยู่ ลดดาเมจที่ได้รับลง ^{3}${2}%^{4} ผลคงอยู่ ${3} วินาที
10110300558	Deals Neutral melee Physical damage equal to Pet Physical ATK*^{1}${4}%^{2} to up to ${3} enemies in a ${1}-meter-by-${2}-meter rectangular area ahead, and increases nearby allies' Crit Chance by ^{3}${5}%^{4} for ${6} seconds.	สร้างดาเมจกายภาพระยะประชิดไร้ธาตุเท่ากับ P.ATK ของสัตว์เลี้ยง*^{1}${4}%^{2} แก่ศัตรูสูงสุด ${3} ตัว ในพื้นที่สี่เหลี่ยมขนาด ${1} เมตรคูณ ${2} เมตรด้านหน้า และเพิ่ม CRIT ของพันธมิตรใกล้เคียงขึ้น ^{3}${5}%^{4} เป็นเวลา ${6} วินาที
10110300559	Multiplies 【Turbid Soul Impact】's DEF reduction by ^{1}${1}^{2} and additionally inflicts ^{3}^{4}【Stun】^{5}^{6} for @{2} seconds on enemies above @{1}% HP. If the target's HP is no higher than @{3}% or the target was not Stunned, reduces its Physical and Magic ATK by ^{7}${2}%^{8} for ${3} seconds.	เพิ่มการลด DEF ของ [ Turbid Soul Impact ] เป็น ^{1}${1}^{2} เท่า พร้อมทำให้ติดสถานะ ^{3}^{4}[ Stun ]^{5}^{6} เพิ่มอีกเป็นเวลา @{2} วินาที แก่ศัตรูที่มี HP สูงกว่า @{1}% หาก HP ของเป้าหมายไม่เกิน @{3}% หรือเป้าหมายไม่ติด Stun ลด P.ATK และ M.ATK ของเป้าหมายลง ^{7}${2}%^{8} เป็นเวลา ${3} วินาที
10110300560	Grants 【Shadow Hoofprint】 to up to ${2} allies within a ${1}-meter radius of the master, increasing Movement Speed by ^{1}${3}%^{2} and Physical and Magic ATK by ^{3}${4}%^{4} for ${5} seconds.	มอบ [ Shadow Hoofprint ] ให้พันธมิตรสูงสุด ${2} คน ในรัศมี ${1} เมตรรอบเจ้าของ เพิ่ม MSPD ขึ้น ^{1}${3}%^{2} และเพิ่ม P.ATK กับ M.ATK ขึ้น ^{3}${4}%^{4} เป็นเวลา ${5} วินาที
10110300561	When casting a ^{1}Recovery-type^{2} or ^{3}Buff-type^{4} Primary Battle Skill, reduces the Physical and Magic ATK of up to ${2} enemies within a ${1}-meter radius of the owner by ^{5}${3}%^{6} and inflicts ^{7}【Sluggish】^{8} ${4}% for ${5} sec.	เมื่อใช้สกิลต่อสู้หลักประเภท ^{1}Recovery-type^{2} หรือ ^{3}Buff-type^{4} ลด P.ATK และ M.ATK ของศัตรูสูงสุด ${2} ตัว ในรัศมี ${1} เมตรรอบเจ้าของลง ^{5}${3}%^{6} และทำให้ติด ^{7}[ Sluggish ]^{8} ${4}% เป็นเวลา ${5} วินาที
10110300562	Deals Neutral melee Physical damage equal to Pet Physical ATK*^{1}${3}%^{2} to up to ${2} enemies within a ${1}-meter radius and reduces their Physical DEF by ^{3}${4}%^{4} for ${5} seconds.	สร้างดาเมจกายภาพระยะประชิดไร้ธาตุเท่ากับ P.ATK ของสัตว์เลี้ยง*^{1}${3}%^{2} แก่ศัตรูสูงสุด ${2} ตัว ในรัศมี ${1} เมตร และลด P.DEF ของพวกมันลง ^{3}${4}%^{4} เป็นเวลา ${5} วินาที
10110300564	When casting a ^{1}Shield-type^{2} Primary Battle Skill, Deals Neutral Ranged ^{7}Adaptive Damage^{8} equal to the owner's ^{3}Adaptive Attack^{4}*^{5}${3}%^{6} to up to ${2} enemies within ${1} meters of the owner and reduces their Healing Done and Healing Taken by ^{9}${4}%^{10} for ${5} sec.	เมื่อใช้สกิลต่อสู้หลักประเภท ^{1}Shield-type^{2} สร้างความเสียหายกายภาพไร้ธาตุระยะไกลแบบ ^{7}Adaptive Damage^{8} เท่ากับ ^{3}Adaptive Attack^{4} ของเจ้าของ*^{5}${3}%^{6} แก่ศัตรูสูงสุด ${2} ตัว ในระยะ ${1} เมตรรอบเจ้าของ และลดการฮีลที่พวกมันทำได้และได้รับลง ^{9}${4}%^{10} เป็นเวลา ${5} วินาที
10110300565	Fires repeatedly, dealing Neutral ranged Physical damage totaling Pet Physical ATK*^{1}${4}%^{2} to up to ${3} enemies in a ${1}-meter-by-${2}-meter rectangular area ahead, reducing their healing dealt and received by ^{3}${5}%^{4} and Crit Resistance by ^{5}${6}^{6} for ${7} seconds.	ยิงต่อเนื่อง สร้างดาเมจกายภาพระยะไกลไร้ธาตุรวมเท่ากับ P.ATK ของสัตว์เลี้ยง*^{1}${4}%^{2} แก่ศัตรูสูงสุด ${3} ตัว ในพื้นที่สี่เหลี่ยมขนาด ${1} เมตรคูณ ${2} เมตรด้านหน้า ลดการฮีลที่พวกมันทำได้และได้รับลง ^{3}${5}%^{4} และลด CRIT RES ลง ^{5}${6}^{6} เป็นเวลา ${7} วินาที
10110300566	Nightmare appears, dealing Neutral ranged ^{5}adaptive damage^{6} equal to the master's ^{1}Adaptive ATK^{2}*^{3}${4}%^{4} to up to ${3} enemies in a targeted area with a ${2}-meter radius within ${1} meters, and inflicts ^{7}^{8}【Immobilize】^{9}^{10} and ^{11}^{12}【Blind】^{13}^{14} for ${5} seconds.	Nightmare ปรากฏตัว สร้างความเสียหายกายภาพไร้ธาตุระยะไกลแบบ ^{5}Adaptive Damage^{6} เท่ากับ ^{1}Adaptive ATK^{2} ของเจ้าของ*^{3}${4}%^{4} แก่ศัตรูสูงสุด ${3} ตัว ในพื้นที่เป้าหมายรัศมี ${2} เมตร ซึ่งอยู่ในระยะ ${1} เมตร พร้อมทำให้ติด ^{7}^{8}[ Immobilize ]^{9}^{10} และ ^{11}^{12}[ Blind ]^{13}^{14} เป็นเวลา ${5} วินาที
10110300567	When an ^{1}Offensive-type^{2} or ^{3}Control-type^{4} Primary Battle Skill Deals DMG, inflicts ^{5}^{6}【Immobilize】^{7}^{8} and ^{9}^{10}【Blind】^{11}^{12} on enemies hit for ${1} sec.	เมื่อสกิลต่อสู้หลักประเภท ^{1}Offensive-type^{2} หรือ ^{3}Control-type^{4} สร้างดาเมจ ทำให้ศัตรูที่ถูกโจมตีติด ^{5}^{6}[ Immobilize ]^{7}^{8} และ ^{9}^{10}[ Blind ]^{11}^{12} เป็นเวลา ${1} วินาที
10110300568	Nightmare stomps the ground, dealing Neutral melee Physical damage equal to Pet Physical ATK*^{1}${3}%^{2} to up to ${2} enemies within a ${1}-meter radius ahead, and inflicts ^{3}^{4}【Immobilize】^{5}^{6} and ^{7}^{8}【Silence】^{9}^{10} for ${4} seconds.	Nightmare กระทืบพื้น สร้างดาเมจกายภาพระยะประชิดไร้ธาตุเท่ากับ P.ATK ของสัตว์เลี้ยง*^{1}${3}%^{2} แก่ศัตรูสูงสุด ${2} ตัว ในรัศมี ${1} เมตรด้านหน้า และทำให้ติด ^{3}^{4}[ Immobilize ]^{5}^{6} กับ ^{7}^{8}[ Silence ]^{9}^{10} เป็นเวลา ${4} วินาที
10110300570	When an ^{1}Offensive-type^{2} or ^{3}Debuff-type^{4} Primary Battle Skill Deals DMG to an enemy, it deals an Extra @{1} hits of Fire Ranged ^{9}Adaptive Damage^{10} totaling the owner's ^{5}Adaptive Attack^{6}*^{7}${1}%^{8} to the target.	เมื่อสกิลต่อสู้หลักประเภท ^{1}Offensive-type^{2} หรือ ^{3}Debuff-type^{4} สร้างดาเมจแก่ศัตรู สร้างความเสียหายกายภาพระยะไกลธาตุ Fire เพิ่มอีก @{1} ครั้ง แบบ ^{9}Adaptive Damage^{10} รวมเท่ากับ ^{5}Adaptive Attack^{6} ของเจ้าของ*^{7}${1}%^{8} แก่เป้าหมาย
10110300571	Deals Neutral ranged magic damage equal to Pet Magic ATK*^{1}${4}%^{2} to up to ${3} enemies in a ${1}-meter-by-${2}-meter rectangular area ahead, with a ${5}% Chance to additionally deal @{1} hits of Fire ranged magic damage totaling Pet Magic ATK*^{3}${6}%^{4}.	สร้างดาเมจเวทระยะไกลไร้ธาตุเท่ากับ M.ATK ของสัตว์เลี้ยง*^{1}${4}%^{2} แก่ศัตรูสูงสุด ${3} ตัว ในพื้นที่สี่เหลี่ยมขนาด ${1} เมตรคูณ ${2} เมตรด้านหน้า มีโอกาส ${5}% สร้างดาเมจเวทระยะไกลธาตุ Fire เพิ่มอีก @{1} ครั้ง รวมเท่ากับ M.ATK ของสัตว์เลี้ยง*^{3}${6}%^{4}
10110300572	Curses up to ${2} enemies within ${1} meters of the master, reducing their Cast Speed by ^{1}${3}^{2} for ${4} seconds.	สาปศัตรูสูงสุด ${2} ตัว ในระยะ ${1} เมตรรอบเจ้าของ ลด Cast Speed ของพวกมันลง ^{1}${3}^{2} เป็นเวลา ${4} วินาที
10110300573	When an ^{1}Offensive-type^{2} or ^{3}Control-type^{4} Primary Battle Skill Deals DMG, reduces the Cast Speed of enemies hit by ^{5}${1}^{6} and increases their MP Cost by ^{7}${2}%^{8} for ${3} sec.	เมื่อสกิลต่อสู้หลักประเภท ^{1}Offensive-type^{2} หรือ ^{3}Control-type^{4} สร้างดาเมจ ลด Cast Speed ของศัตรูที่ถูกโจมตีลง ^{5}${1}^{6} และเพิ่ม MP ที่พวกมันใช้ขึ้น ^{7}${2}%^{8} เป็นเวลา ${3} วินาที
10110300574	Consumes ${1}% of current HP to Curse nearby enemies, reducing the Physical and Magic DEF of up to ${3} enemies within a ${2}-meter radius by ^{1}${4}%^{2} for ${5} seconds. For the next ${6} seconds, damage dealt increases by ^{3}${7}%^{4} for every @{1}% HP lost, up to ${8}%, for ${9} seconds.	ใช้ ${1}% ของ HP ปัจจุบันเพื่อสาปศัตรูใกล้เคียง ลด P.DEF และ M.DEF ของศัตรูสูงสุด ${3} ตัว ในรัศมี ${2} เมตรลง ^{1}${4}%^{2} เป็นเวลา ${5} วินาที ใน ${6} วินาทีถัดไป ดาเมจที่ทำได้เพิ่มขึ้น ^{3}${7}%^{4} ต่อทุก @{1}% HP ที่เสียไป สูงสุด ${8}% เป็นเวลา ${9} วินาที
10110300575	Ancient Tree Entanglement pulls up to ${2} enemies within a ${1}-meter radius toward the caster and deals Neutral melee ^{5}adaptive damage^{6} equal to the master's ^{1}Adaptive ATK^{2}*^{3}${3}%^{4}.	Ancient Tree Entanglement ดึงศัตรูสูงสุด ${2} ตัว ในรัศมี ${1} เมตรเข้าหาผู้ใช้ และสร้างความเสียหายกายภาพไร้ธาตุระยะประชิดแบบ ^{5}Adaptive Damage^{6} เท่ากับ ^{1}Adaptive ATK^{2} ของเจ้าของ*^{3}${3}%^{4}
10110300609	For ${1} sec after casting an ^{1}Offensive-type^{2} or ^{3}Recovery-type^{4} Primary Battle Skill, the owner gains ^{5}${2}^{6} Cast Speed.	ภายใน ${1} วินาทีหลังใช้สกิลต่อสู้หลักประเภท ^{1}Offensive-type^{2} หรือ ^{3}Recovery-type^{4} เจ้าของได้รับ Cast Speed ^{5}${2}^{6}
10110300610	Restores ^{1}${3}%^{2} of Max ^{3}Life^{4} to you and up to ${2} allies within ${1}m, and increases all targets' ^{5}Movement Speed by ${4}%^{6} for ^{7}${5} sec.	ฟื้นฟู ^{1}${3}%^{2} ของ Max ^{3}HP^{4} ให้คุณและพันธมิตรสูงสุด ${2} คน ในระยะ ${1} เมตร และเพิ่ม ^{5}MSPD ของทุกเป้าหมายขึ้น ${4}%^{6} เป็นเวลา ^{7}${5} วินาที
10110300611	Milly deals Neutral ranged Physical damage equal to Physical ATK *^{1}${2}%^{2} to the designated ST enemy within ${1} meters.	Milly สร้างดาเมจกายภาพระยะไกลไร้ธาตุเท่ากับ P.ATK *^{1}${2}%^{2} แก่ศัตรูแบบ Single Target ที่กำหนดในระยะ ${1} เมตร
10110300612	Clock turns the dial, dealing Neutral ranged magic damage equal to Magic ATK *^{1}${3}%^{2} to up to ${2} enemies within ${1} meters, with a ${4}% Chance to inflict the^{3} ^{4}【Silence】^{5} ^{6}status for ${5} seconds.	Clock หมุนหน้าปัด สร้างดาเมจเวทระยะไกลไร้ธาตุเท่ากับ M.ATK *^{1}${3}%^{2} แก่ศัตรูสูงสุด ${2} ตัว ในระยะ ${1} เมตร มีโอกาส ${4}% ทำให้ติดสถานะ^{3} ^{4}[ Silence ]^{5} ^{6}เป็นเวลา ${5} วินาที
10110300613	When casting an ^{1}Immunity-type^{2} Primary Battle Skill, extends the duration of its Immunity Buff by ^{3}${1}^{4} sec.	เมื่อใช้สกิลต่อสู้หลักประเภท ^{1}Immunity-type^{2} เพิ่มระยะเวลาบัฟ Immunity ของสกิลนั้นอีก ^{3}${1}^{4} วินาที
10110300614	When the bell tolls, Clock removes all control effects from its master and grants ${1} sec. of ^{1}^{2}【Control Immunity】^{3}^{4}. It also has a ^{5}${2}%^{6} Chance to inflict ^{9}^{10}【Silence】^{11}^{12} for ^{7}${5}^{8} sec. on up to ${4} enemies within ${3} meters of its master.	เมื่อระฆังดัง Clock ล้างผลควบคุมทั้งหมดจากเจ้าของและมอบระยะเวลา ${1} วินาทีของ ^{1}^{2}[ Control Immunity ]^{3}^{4} พร้อมมีโอกาส ^{5}${2}%^{6} ทำให้ติด ^{9}^{10}[ Silence ]^{11}^{12} เป็นเวลา ^{7}${5}^{8} วินาที แก่ศัตรูสูงสุด ${4} ตัว ในระยะ ${3} เมตรรอบเจ้าของ
10110300615	When the bell tolls, Clock removes all control effects from its master and, for ${1} seconds, becomes ^{1}immune to all control effects^{2}. It also has a ^{3}${2}%^{4} Chance to inflict ^{5}${5}^{6} seconds of ^{7}^{8}【Silence】^{9}^{10} on up to ${4} enemies within ${3} meters of its master.	เมื่อระฆังดัง Clock ล้างผลควบคุมทั้งหมดจากเจ้าของ และเป็นเวลา ${1} วินาที ^{1}ป้องกันผลควบคุมทั้งหมด^{2} พร้อมมีโอกาส ^{3}${2}%^{4} ทำให้ติดสถานะนาน ^{5}${5}^{6} วินาที: ^{7}^{8}[ Silence ]^{9}^{10} แก่ศัตรูสูงสุด ${4} ตัว ในระยะ ${3} เมตรรอบเจ้าของ
10110300617	^{1}Offensive-type^{2} and ^{3}Recovery-type^{4} Primary Battle Skills can be cast while under Control. They Dispel Control from the owner and grant ^{5}^{6}【Immunity】^{7}^{8} for ${1} sec.	สกิลต่อสู้หลักประเภท ^{1}Offensive-type^{2} และ ^{3}Recovery-type^{4} ใช้ได้ขณะถูกควบคุม ล้างผลควบคุมจากเจ้าของและมอบ ^{5}^{6}[ Immunity ]^{7}^{8} เป็นเวลา ${1} วินาที
10220300428	Immune to damage and debuffs.	ป้องกันดาเมจและดีบัฟ
10220300482	Cannot move	ไม่สามารถเคลื่อนที่ได้
10800100158	${1}% Chance to evade ${2}% of incoming damage. Built-in cooldown: ${3} sec.	มีโอกาส ${1}% หลบดาเมจที่เข้ามา ${2}% CD ภายใน: ${3} วินาที
10800100159	Life Regen +${1}%	การฟื้นฟู HP +${1}%
10800100160	When receiving a fatal attack from a player, there is a ${1}% Chance to Revive with ${2}% Life (Unique Effect)	เมื่อได้รับการโจมตีถึงตายจากผู้เล่น มีโอกาส ${1}% ชุบชีวิตด้วย HP ${2}% (ผลเฉพาะ)
10800100161	${1}% Chance to deal a double critical hit. Double critical hits are affected by CRIT DMG	มีโอกาส ${1}% ทำให้เกิด Double Critical ซึ่งได้รับผลจาก CRIT DMG
10800100162	Allows use of ^{1}^{2}Divine Light Lv. @{1}^{3}^{4}.	สามารถใช้ ^{1}^{2}Divine Light Lv. @{1}^{3}^{4} ได้
10800100163	Allows use of ^{1}^{2}Hiding Lv. @{1}^{3}^{4}.	สามารถใช้ ^{1}^{2}Hiding Lv. @{1}^{3}^{4} ได้
10800100164	Allows use of ^{1}^{2}Magnum Break Lv. @{1}^{3}^{4}.	สามารถใช้ ^{1}^{2}Magnum Break Lv. @{1}^{3}^{4} ได้
10800100165	Changes armor to the Earth property.	เปลี่ยนธาตุเกราะเป็น Earth
10800100166	Changes armor to the Water property.	เปลี่ยนธาตุเกราะเป็น Water
10800100167	Changes armor to the Wind property.	เปลี่ยนธาตุเกราะเป็น Wind
10800100168	Changes armor to the Poison property.	เปลี่ยนธาตุเกราะเป็น Poison
10800100169	Changes armor to the Fire property.	เปลี่ยนธาตุเกราะเป็น Fire
10800100170	Changes armor to the Ghost property.	เปลี่ยนธาตุเกราะเป็น Ghost
10800100171	Makes the weapon indestructible.	ทำให้อาวุธไม่สามารถถูกทำลายได้
10800100172	Makes the armor indestructible.	ทำให้เกราะไม่สามารถถูกทำลายได้
10800100173	Every ${1} HIT increases Physical damage by ${2}%, up to ${3}%.	ทุก ${1} Hit เพิ่ม P.DMG ขึ้น ${2}% สูงสุด ${3}%
10800100174	Allows use of ^{1}^{2}Hiding Lv. @{1}^{3}^{4} and ^{5}^{6}Sightless Mind Lv. @{2}^{7}^{8}.	สามารถใช้ ^{1}^{2}Hiding Lv. @{1}^{3}^{4} และ ^{5}^{6}Sightless Mind Lv. @{2}^{7}^{8} ได้
10800100175	Allows use of ^{1}^{2}Hiding Lv. @{1}^{3}^{4} and ^{5}^{6}Sightless Mind Lv. @{2}^{7}^{8}. Sightless Mind is guaranteed to inflict Stun.	สามารถใช้ ^{1}^{2}Hiding Lv. @{1}^{3}^{4} และ ^{5}^{6}Sightless Mind Lv. @{2}^{7}^{8} ได้ Sightless Mind ทำให้ติด Stun แน่นอน
10800100176	Allows use of ^{1}^{2}Envenom Lv. @{1}^{3}^{4}.	สามารถใช้ ^{1}^{2}Envenom Lv. @{1}^{3}^{4} ได้
10800100177	Allows use of ^{1}^{2}Sight Lv. @{1}^{3}^{4}.	สามารถใช้ ^{1}^{2}Sight Lv. @{1}^{3}^{4} ได้
10800100178	Magic ATK +@{1} for each skill on this Totem	M.ATK +@{1} ต่อแต่ละสกิลบน Totem นี้
10800100179	Physical ATK +@{1} for each skill on this Totem	P.ATK +@{1} ต่อแต่ละสกิลบน Totem นี้
10800100180	DMG Reduction +@{1}% for each skill on this Totem.	การลดดาเมจ +@{1}% ต่อแต่ละสกิลบน Totem นี้
10800100181	Healing +@{1}% for each skill on this Totem.	การฮีล +@{1}% ต่อแต่ละสกิลบน Totem นี้
10800100182	When HP is above ${1}%, increases Magic ATK by 【Character Lv.*${2}】.	เมื่อ HP สูงกว่า ${1}% เพิ่ม M.ATK ขึ้น [ Character Lv.*${2} ]
10800100183	When HP is above ${1}%, increases Physical ATK by 【Character Lv.*${2}】.	เมื่อ HP สูงกว่า ${1}% เพิ่ม P.ATK ขึ้น [ Character Lv.*${2} ]
10800100184	When HP is above ${1}%, increases healing efficiency by ${2}%.	เมื่อ HP สูงกว่า ${1}% เพิ่มประสิทธิภาพการฮีลขึ้น ${2}%
10800100185	When HP is below ${1}%, increases Physical DEF and Magic DEF by 【Character Lv.*${2}】.	เมื่อ HP ต่ำกว่า ${1}% เพิ่ม P.DEF และ M.DEF ขึ้น [ Character Lv.*${2} ]
10800100186	Increases Magic ATK by 【Character Lv.*${1}】.	เพิ่ม M.ATK ขึ้น [ Character Lv.*${1} ]
10800100187	Increases Physical ATK by 【Character Lv.*${1}】.	เพิ่ม P.ATK ขึ้น [ Character Lv.*${1} ]
10800100188	Increases Magic DEF by 【Character Lv.*${1}】.	เพิ่ม M.DEF ขึ้น [ Character Lv.*${1} ]
10800100189	Increases Physical DEF by 【Character Lv.*${1}】.	เพิ่ม P.DEF ขึ้น [ Character Lv.*${1} ]
10800100190	Increases Max Life by 【Character Lv.*${1}】.	เพิ่ม Max HP ขึ้น [ Character Lv.*${1} ]
10800100191	Increases Penetration Curse by [your Lv. * ${1}].	เพิ่ม Penetration Curse ขึ้น [ your Lv. * ${1} ]
10800100192	Increases Magic-Breaking Curse by [your Lv. * ${1}].	เพิ่ม Magic-Breaking Curse ขึ้น [ your Lv. * ${1} ]
10800100193	Increases HIT by 【Character Lv.*${1}】.	เพิ่ม Hit ขึ้น [ Character Lv.*${1} ]
10800100194	Increases FLEE by 【Character Lv.*${1}】.	เพิ่ม Flee ขึ้น [ Character Lv.*${1} ]
10800100195	Reduces Neutral damage taken by ${1}%.	ลดดาเมจไร้ธาตุที่ได้รับลง ${1}%
10800100196	Reduces Wind damage taken by ${1}%.	ลดดาเมจธาตุ Wind ที่ได้รับลง ${1}%
10800100197	Reduces Earth damage taken by ${1}%.	ลดดาเมจธาตุ Earth ที่ได้รับลง ${1}%
10800100198	Reduces Fire damage taken by ${1}%.	ลดดาเมจธาตุ Fire ที่ได้รับลง ${1}%
10800100200	Reduces Poison damage taken by ${1}%.	ลดดาเมจธาตุ Poison ที่ได้รับลง ${1}%
10800100201	Reduces Holy damage taken by ${1}%.	ลดดาเมจธาตุ Holy ที่ได้รับลง ${1}%
10800100202	Reduces Shadow damage taken by ${1}%.	ลดดาเมจธาตุ Shadow ที่ได้รับลง ${1}%
10800100203	Reduces Ghost damage taken by ${1}%.	ลดดาเมจธาตุ Ghost ที่ได้รับลง ${1}%
10800100204	Reduces Undead damage taken by ${1}%.	ลดดาเมจธาตุ Undead ที่ได้รับลง ${1}%
10800100205	Grants ${1} DMG vs All Job, plus an Extra ${2} DMG vs All Job for each skill on this Totem.	ได้รับดาเมจต่อทุกอาชีพ ${1} และเพิ่มอีก ${2} ต่อแต่ละสกิลบน Totem นี้
10800100206	Grants ${1} DMG Reduction vs All Job, plus an Extra ${2} DMG Reduction vs All Job for each skill on this Totem.	ได้รับการลดดาเมจจากทุกอาชีพ ${1} และเพิ่มอีก ${2} ต่อแต่ละสกิลบน Totem นี้
10800100207	Grants ${1} Hunting Skill, plus an Extra ${2} Hunting Skill for each skill on this Totem.	ได้รับ Hunting Skill ${1} และเพิ่มอีก ${2} ต่อแต่ละสกิลบน Totem นี้
10800100208	Increases Hunting Protection by ${1}. Each skill on this Totem grants an Extra ${2} Hunting Protection.	เพิ่ม Hunting Protection ขึ้น ${1} แต่ละสกิลบน Totem นี้มอบ Hunting Protection เพิ่มอีก ${2}
10800100209	Magic damage +${1}%. Each Floor of the Magic Damage buff grants an Extra ${2}% Magic damage	M.DMG +${1}% แต่ละชั้นของบัฟ Magic Damage เพิ่ม M.DMG อีก ${2}%
10800100210	Increases the maximum Floors of the Magic buff on the current Totem by ${1}.	เพิ่มจำนวนชั้นสูงสุดของบัฟ Magic บน Totem ปัจจุบันอีก ${1}
10800100211	Melee Physical damage +${1}%. Each Floor of the Physical Damage buff grants an Extra ${2}% melee Physical damage	ดาเมจกายภาพระยะประชิด +${1}% แต่ละชั้นของบัฟ Physical Damage เพิ่มดาเมจกายภาพระยะประชิดอีก ${2}%
10800100212	Ranged Physical damage +${1}%. Each Floor of the Physical Damage buff grants an Extra ${2}% ranged Physical damage	ดาเมจกายภาพระยะไกล +${1}% แต่ละชั้นของบัฟ Physical Damage เพิ่มดาเมจกายภาพระยะไกลอีก ${2}%
10800100213	Increases the maximum Floors of the Physical Damage buff on the current Totem by ${1}.	เพิ่มจำนวนชั้นสูงสุดของบัฟ Physical Damage บน Totem ปัจจุบันอีก ${1}
10800100214	Increases DMG Reduction by ${1}%. Each Floor of the Defense buff grants an Extra ${2}% DMG Reduction.	เพิ่มการลดดาเมจขึ้น ${1}% แต่ละชั้นของบัฟ Defense เพิ่มการลดดาเมจอีก ${2}%
10800100215	Increases the maximum Floors of the Defense buff on this Totem by ${1}.	เพิ่มจำนวนชั้นสูงสุดของบัฟ Defense บน Totem นี้อีก ${1}
10800100216	Increases healing by ${1}%. Each Floor of the Healing buff grants an Extra ${2}% healing.	เพิ่มการฮีลขึ้น ${1}% แต่ละชั้นของบัฟ Healing เพิ่มการฮีลอีก ${2}%
10800100217	Increases the maximum Floors of the Healing buff on this Totem by ${1}.	เพิ่มจำนวนชั้นสูงสุดของบัฟ Healing บน Totem นี้อีก ${1}
10800100218	Unique Effect: CRIT +${1}. Each stack grants an Extra ${2}.	ผลเฉพาะ: CRIT +${1} แต่ละ stacks เพิ่มอีก ${2}
10800100219	Unique Effect: CRIT DMG +${1}%. Each stack grants an Extra ${2}%.	ผลเฉพาะ: CRIT DMG +${1}% แต่ละ stacks เพิ่มอีก ${2}%
10800100220	Unique Effect: CRIT RES +${1}. Each stack grants an Extra ${2}.	ผลเฉพาะ: CRIT RES +${1} แต่ละ stacks เพิ่มอีก ${2}
10800100221	Unique Effect: CRIT DMG Reduction +${1}%. Each stack grants an Extra ${2}%.	ผลเฉพาะ: การลด CRIT DMG +${1}% แต่ละ stacks เพิ่มอีก ${2}%
10800100222	For every ${1} STR, increases Physical ATK by ${2}, up to ${3}.	ทุก ${1} STR เพิ่ม P.ATK ขึ้น ${2} สูงสุด ${3}
10800100223	For every ${1} AGI, increases Physical ATK by ${2}, up to ${3}.	ทุก ${1} AGI เพิ่ม P.ATK ขึ้น ${2} สูงสุด ${3}
10800100224	For every ${1} LUK, increases Physical ATK by ${2}, up to ${3}.	ทุก ${1} LUK เพิ่ม P.ATK ขึ้น ${2} สูงสุด ${3}
10800100225	For every ${1} INT, increases Magic ATK by ${2}, up to ${3}.	ทุก ${1} INT เพิ่ม M.ATK ขึ้น ${2} สูงสุด ${3}
10800100226	For every ${1} DEX, increases Magic ATK by ${2}, up to ${3}.	ทุก ${1} DEX เพิ่ม M.ATK ขึ้น ${2} สูงสุด ${3}
10800100227	For every ${1} DEX, increases Physical ATK by ${2}, up to ${3}.	ทุก ${1} DEX เพิ่ม P.ATK ขึ้น ${2} สูงสุด ${3}
10800100228	For every ${1} VIT, increases Max Life by ${2}, up to ${3}.	ทุก ${1} VIT เพิ่ม Max HP ขึ้น ${2} สูงสุด ${3}
10800100229	Increases Physical damage dealt to Brute and Insect monsters by ${1}%, and Movement Speed by ${2}%.	เพิ่ม P.DMG ที่ทำต่อมอนสเตอร์ Brute และ Insect ขึ้น ${1}% และ MSPD ขึ้น ${2}%
10800100235	Each Soul Echo element^{1} grants ${1} Extra ATK (up to ${2} elements).	แต่ละองค์ประกอบ Soul Echo^{1} มอบ ATK เพิ่มอีก ${1} (คำนวณสูงสุด ${2} องค์ประกอบ)
10800100236	Each Soul Echo element^{1} grants ${1} Extra DEF (up to ${2} elements).	แต่ละองค์ประกอบ Soul Echo^{1} มอบ DEF เพิ่มอีก ${1} (คำนวณสูงสุด ${2} องค์ประกอบ)
10800100238	After casting ^{1}^{2}[Basic Attack]^{3}^{4}, there is a ${1}% Chance to Deals DMG equal to PATK * ${4}% + ${5} as Neutral Melee Physical damage to up to ${3} enemies within a ${2}-meter radius of you. Cooldown: ${6} seconds.	หลังใช้ ^{1}^{2}[ Basic Attack ]^{3}^{4} มีโอกาส ${1}% สร้างดาเมจกายภาพระยะประชิดไร้ธาตุเท่ากับ P.ATK * ${4}% + ${5} แก่ศัตรูสูงสุด ${3} ตัว ในรัศมี ${2} เมตรรอบตัวคุณ Cooldown: ${6} วินาที
10800100239	After casting ^{1}^{2}[Basic Attack]^{3}^{4}, there is a ${1}% Chance to Deals DMG to the enemy an Extra ${2} times, each dealing PATK * ${3}% + ${4} as Neutral Melee Physical damage. Cooldown: ${5} seconds.	หลังใช้ ^{1}^{2}[ Basic Attack ]^{3}^{4} มีโอกาส ${1}% สร้างดาเมจแก่ศัตรูเพิ่มอีก ${2} ครั้ง แต่ละครั้งสร้างดาเมจกายภาพระยะประชิดไร้ธาตุเท่ากับ P.ATK * ${3}% + ${4} Cooldown: ${5} วินาที
10800100241	After casting ^{1}^{2}[Sonic Blow]^{3}^{4}, there is a ${1}% Chance to Deals DMG equal to PATK * ${4}% + ${5} as Neutral Melee Physical damage to up to ${3} enemies within a ${2}-meter radius of you. Cooldown: ${6} seconds.	หลังใช้ ^{1}^{2}[ Sonic Blow ]^{3}^{4} มีโอกาส ${1}% สร้างดาเมจกายภาพระยะประชิดไร้ธาตุเท่ากับ P.ATK * ${4}% + ${5} แก่ศัตรูสูงสุด ${3} ตัว ในรัศมี ${2} เมตรรอบตัวคุณ Cooldown: ${6} วินาที
10800100242	^{1}^{2}[Sonic Blow]^{3}^{4}'s percentage damage multiplier increases by ${1}%, and its fixed damage increases by ${2}. The upper HP percentage threshold for ^{5}^{6}[Sonic Blow]^{7}^{8}'s DMG Bonus increases by ${3}%.	ตัวคูณดาเมจแบบเปอร์เซ็นต์ของ ^{1}^{2}[ Sonic Blow ]^{3}^{4} เพิ่มขึ้น ${1}% และดาเมจส่วนค่าคงที่เพิ่มขึ้น ${2} เกณฑ์เปอร์เซ็นต์ HP สูงสุดสำหรับโบนัสดาเมจของ ^{5}^{6}[ Sonic Blow ]^{7}^{8} เพิ่มขึ้น ${3}%
10800100244	After casting ^{1}^{2}[Envenomed Blade]^{3}^{4} ${1} times, triggers ^{5}^{6}[Venom Sting]^{7}^{8} damage ${2} times on the target.	หลังใช้ ^{1}^{2}[ Envenomed Blade ]^{3}^{4} ${1} ครั้ง ทำให้เกิดดาเมจของ ^{5}^{6}[ Venom Sting ]^{7}^{8} ใส่เป้าหมาย ${2} ครั้ง
10800100245	^{1}^{2}[Envenomed Blade]^{3}^{4}'s ricochet effect gains an Extra ${1} bounce.	ผลชิ่งของ ^{1}^{2}[ Envenomed Blade ]^{3}^{4} ชิ่งเพิ่มอีก ${1} ครั้ง
10800100248	For ${1} seconds after casting ^{1}^{2}[Grimtooth]^{3}^{4}, the percentage damage multiplier of your next ${2} casts of ^{5}^{6}[Basic Attack]^{7}^{8}, ^{9}^{10}[Sonic Blow]^{11}^{12}, or ^{13}^{14}[Envenomed Blade]^{15}^{16} increases by ${3}%, and their fixed damage increases by ${4}.	ภายใน ${1} วินาทีหลังใช้ ^{1}^{2}[ Grimtooth ]^{3}^{4} ตัวคูณดาเมจแบบเปอร์เซ็นต์ของการใช้ ${2} ครั้งถัดไปของ ^{5}^{6}[ Basic Attack ]^{7}^{8}, ^{9}^{10}[ Sonic Blow ]^{11}^{12} หรือ ^{13}^{14}[ Envenomed Blade ]^{15}^{16} เพิ่มขึ้น ${3}% และดาเมจส่วนค่าคงที่เพิ่มขึ้น ${4}
10800100250	Reduces the Cooldown of ^{1}^{2}[Hiding]^{3}^{4}, ^{5}^{6}[Back Slide]^{7}^{8}, and ^{9}^{10}[Disguise]^{11}^{12} by ${1} seconds.	ลด Cooldown ของ ^{1}^{2}[ Hiding ]^{3}^{4}, ^{5}^{6}[ Back Slide ]^{7}^{8} และ ^{9}^{10}[ Disguise ]^{11}^{12} ลง ${1} วินาที
10800100251	Learning ^{1}^{2}[Katar Mastery]^{3}^{4} and ^{5}^{6}[Dual-Wield Mastery]^{7}^{8} grants an Extra ${1} AGI.	เมื่อเรียน ^{1}^{2}[ Katar Mastery ]^{3}^{4} และ ^{5}^{6}[ Dual-Wield Mastery ]^{7}^{8} ได้รับ AGI เพิ่มอีก ${1}
10800100252	When a dagger or katar is equipped, Physical ATK +${1}.	เมื่อสวมมีดหรือกาตาร์ P.ATK +${1}
10800100253	For ${1} seconds after casting ^{1}^{2}[Disguise]^{3}^{4}, your next attack Deals DMG to the enemy an Extra ${2} times, each dealing PATK * ${3}% + ${4} as Neutral Melee Physical damage.	ภายใน ${1} วินาทีหลังใช้ ^{1}^{2}[ Disguise ]^{3}^{4} การโจมตีครั้งถัดไปสร้างดาเมจแก่ศัตรูเพิ่มอีก ${2} ครั้ง แต่ละครั้งสร้างดาเมจกายภาพระยะประชิดไร้ธาตุเท่ากับ P.ATK * ${3}% + ${4}
10800100254	When ^{1}^{2}[Double Attack]^{3}^{4} triggers, it additionally Deals DMG equal to PATK * ${3}% + ${4} as Neutral Melee Physical damage to up to ${2} enemies within a ${1}-meter radius of you. Cooldown: ${5} seconds.	เมื่อ ^{1}^{2}[ Double Attack ]^{3}^{4} เกิดผล สร้างดาเมจกายภาพระยะประชิดไร้ธาตุเพิ่มเติมเท่ากับ P.ATK * ${3}% + ${4} แก่ศัตรูสูงสุด ${2} ตัว ในรัศมี ${1} เมตรรอบตัวคุณ Cooldown: ${5} วินาที
10800100255	^{1}^{2}【Virus Spread】^{3}^{4} Damage Increase: ${1}% to the percentage damage multiplier and ${2} to fixed damage.	^{1}^{2}[ Virus Spread ]^{3}^{4} เพิ่มดาเมจ: ตัวคูณดาเมจแบบเปอร์เซ็นต์เพิ่มขึ้น ${1}% และดาเมจส่วนค่าคงที่เพิ่มขึ้น ${2}
10800100256	After casting ^{1}^{2}【Virus Spread】^{3}^{4}, deals Extra Neutral melee Physical damage equal to PATK * ${1}% + ${2} to a single enemy.	หลังใช้ ^{1}^{2}[ Virus Spread ]^{3}^{4} สร้างดาเมจกายภาพระยะประชิดไร้ธาตุเพิ่มเติมเท่ากับ P.ATK * ${1}% + ${2} แก่ศัตรูหนึ่งตัว
10800100257	After casting ^{1}^{2}【Virus Spread】^{3}^{4}, deals Poison melee Physical damage equal to PATK * ${3}% + ${4} to up to ${2} enemies within a ${1}-meter radius of a random target hit.	หลังใช้ ^{1}^{2}[ Virus Spread ]^{3}^{4} สร้างดาเมจกายภาพระยะประชิดธาตุ Poison เท่ากับ P.ATK * ${3}% + ${4} แก่ศัตรูสูงสุด ${2} ตัว ในรัศมี ${1} เมตรรอบเป้าหมายที่ถูกโจมตีซึ่งสุ่มมา
10800100258	The PATK granted by ^{1}^{2}【Deadly Poison】^{3}^{4} is increased by ${1}.	P.ATK ที่ ^{1}^{2}[ Deadly Poison ]^{3}^{4} มอบให้เพิ่มขึ้น ${1}
10800100259	^{1}^{2}【Deadly Poison】^{3}^{4} Damage Increase: ${1}% to the percentage damage multiplier and ${2} to fixed damage.	^{1}^{2}[ Deadly Poison ]^{3}^{4} เพิ่มดาเมจ: ตัวคูณดาเมจแบบเปอร์เซ็นต์เพิ่มขึ้น ${1}% และดาเมจส่วนค่าคงที่เพิ่มขึ้น ${2}
10800100260	The Chance for ^{1}^{2}【Deadly Poison】^{3}^{4} to trigger ^{5}^{6}【Venom Sting】^{7}^{8} is increased by ${1}%.	โอกาสที่ ^{1}^{2}[ Deadly Poison ]^{3}^{4} ทำให้เกิด ^{5}^{6}[ Venom Sting ]^{7}^{8} เพิ่มขึ้น ${1}%
10800100261	^{1}^{2}【Soul Destroyer】^{3}^{4} Damage Increase: ${1}% to the percentage damage multiplier and ${2} to fixed damage. Variable CT is reduced by ${3}%.	^{1}^{2}[ Soul Destroyer ]^{3}^{4} เพิ่มดาเมจ: ตัวคูณดาเมจแบบเปอร์เซ็นต์เพิ่มขึ้น ${1}% และดาเมจส่วนค่าคงที่เพิ่มขึ้น ${2} ลด VCT ลง ${3}%
10800100262	After every ${1} casts of ^{1}^{2}【Soul Destroyer】^{3}^{4}, the next ^{5}^{6}【Soul Destroyer】^{7}^{8} becomes 【Advanced Soul Destroyer】, with its percentage damage multiplier increased by ${2}% and fixed damage increased by ${3}.	ทุกการใช้ ${1} ครั้งของ ^{1}^{2}[ Soul Destroyer ]^{3}^{4} การใช้ ^{5}^{6}[ Soul Destroyer ]^{7}^{8} ครั้งถัดไปเปลี่ยนเป็น [ Advanced Soul Destroyer ] โดยตัวคูณดาเมจแบบเปอร์เซ็นต์เพิ่มขึ้น ${2}% และดาเมจส่วนค่าคงที่เพิ่มขึ้น ${3}
10800100263	^{1}^{2}【Soul Destroyer】^{3}^{4} cast Distance is increased by ${1} meters. After casting, deals Neutral melee Physical damage equal to PATK * ${4}% + ${5} to up to ${3} enemies within a ${2}-meter radius of the target.	ระยะใช้ ^{1}^{2}[ Soul Destroyer ]^{3}^{4} เพิ่มขึ้น ${1} เมตร หลังใช้ สร้างดาเมจกายภาพระยะประชิดไร้ธาตุเท่ากับ P.ATK * ${4}% + ${5} แก่ศัตรูสูงสุด ${3} ตัว ในรัศมี ${2} เมตรรอบเป้าหมาย
10800100264	^{1}^{2}【Meteor Assault】^{3}^{4} Damage Increase: ${1}% to the percentage damage multiplier and ${2} to fixed damage.	^{1}^{2}[ Meteor Assault ]^{3}^{4} เพิ่มดาเมจ: ตัวคูณดาเมจแบบเปอร์เซ็นต์เพิ่มขึ้น ${1}% และดาเมจส่วนค่าคงที่เพิ่มขึ้น ${2}
10800100265	The Stun and Blind Chance of ^{1}^{2}【Meteor Assault】^{3}^{4} is increased by ${1}%.	โอกาส Stun และ Blind ของ ^{1}^{2}[ Meteor Assault ]^{3}^{4} เพิ่มขึ้น ${1}%
10800100266	After casting ^{1}^{2}【Meteor Assault】^{3}^{4}, deals Neutral melee Physical damage equal to PATK * ${3}% + ${4} to up to ${2} enemies within a ${1}-meter radius of you.	หลังใช้ ^{1}^{2}[ Meteor Assault ]^{3}^{4} สร้างดาเมจกายภาพระยะประชิดไร้ธาตุเท่ากับ P.ATK * ${3}% + ${4} แก่ศัตรูสูงสุด ${2} ตัว ในรัศมี ${1} เมตรรอบตัวคุณ
10800100267	Learn ^{1}^{2}【Advanced Katar Mastery】^{3}^{4} to gain an Extra ${1} PATK.	เรียน ^{1}^{2}[ Advanced Katar Mastery ]^{3}^{4} เพื่อรับ P.ATK เพิ่มอีก ${1}
10800100268	Each CRIT with ^{1}^{2}【Advanced Katar Mastery】^{3}^{4} now grants ${1} Floors.	แต่ละครั้งที่ติด CRIT ด้วย ^{1}^{2}[ Advanced Katar Mastery ]^{3}^{4} จะได้รับ ${1} ชั้น
10800100269	The trigger Chance of ^{1}^{2}【Double Attack】^{3}^{4} is increased by ${1}%.	โอกาสเกิดผลของ ^{1}^{2}[ Double Attack ]^{3}^{4} เพิ่มขึ้น ${1}%
10220300423	An Archer has their sights set on you.	Archer กำลังเล็งคุณอยู่
10220300424	Emperium takes @{1}% less damage for @{2} sec.	Emperium ได้รับดาเมจลดลง @{1}% เป็นเวลา @{2} วินาที
10220300425	Stunned by the Emperium's shockwave for @{1} sec.	ติด Stun จากคลื่นกระแทกของ Emperium เป็นเวลา @{1} วินาที
10220300426	While the Orbit persists, allies within a radius of @{1} meters gain increased Movement Speed, while the Madogear Pilot gains @{2}% Damage Reduction.	ขณะวงโคจรคงอยู่ พันธมิตรในรัศมี @{1} เมตรได้รับ MSPD เพิ่มขึ้น ส่วน Madogear Pilot ได้รับการลดดาเมจ @{2}%
10220300427	Immune to knockback, knock-up, Stun, Freeze, Petrify, Silence, Immobilize, and Blind.	ป้องกันการผลัก การกระเด็นขึ้น, Stun, Freeze, Petrify, Silence, Immobilize และ Blind
10220300429	Protected by the power of light, granting Endure and immunity to control effects and knockback for @{1} sec.	ได้รับการคุ้มครองจากพลังแสง มอบ Endure และป้องกันผลควบคุมกับการผลักเป็นเวลา @{1} วินาที
10220300430	STR, INT, and DEX each increase by @{1} points for @{2} sec.	เพิ่ม STR, INT และ DEX อย่างละ @{1} แต้ม เป็นเวลา @{2} วินาที
10220300431	Gradually restores Life while out of combat.	ค่อยๆ ฟื้นฟู HP ขณะอยู่นอกการต่อสู้
10220300433	You are in a Safe Zone. You cannot take damage, but you also cannot attack.	คุณอยู่ในเขตปลอดภัย ไม่สามารถได้รับดาเมจ แต่ไม่สามารถโจมตีได้เช่นกัน
10220300434	You never feel fatigued.	คุณจะไม่รู้สึกเหนื่อยล้า
10220300435	Victory provides a tremendous morale boost!	ชัยชนะเพิ่มขวัญกำลังใจอย่างมาก!
10220300436	Continuously restores a large amount of Life and increases damage	ฟื้นฟู HP จำนวนมากอย่างต่อเนื่องและเพิ่มดาเมจ
10220300437	DMG Bonus	โบนัสดาเมจ
10220300438	Continuously restores Life	ฟื้นฟู HP อย่างต่อเนื่อง
10220300439	Greatly increases Movement Speed and ATK for @{1} sec.	เพิ่ม MSPD และ ATK อย่างมากเป็นเวลา @{1} วินาที
10220300440	Greatly increases MSPD and attacks.	เพิ่ม MSPD และการโจมตีอย่างมาก
10220300441	Greatly increases DEF.	เพิ่ม DEF อย่างมาก
10220300442	Temporarily increases DEX by @{1} and AGI by @{2}, and uses the Falcon to detect hidden enemies within a @{3}-meter radius.	เพิ่ม DEX ขึ้น @{1} และ AGI ขึ้น @{2} ชั่วคราว พร้อมใช้ Falcon ตรวจจับศัตรูที่ซ่อนตัวในรัศมี @{3} เมตร
10220300444	Temporarily increases all base stats by @{1}, HIT by @{2}, and Physical Damage by @{3}%.	เพิ่มค่าสถานะพื้นฐานทั้งหมดขึ้น @{1}, Hit ขึ้น @{2} และ P.DMG ขึ้น @{3}% ชั่วคราว
10220300445	^{1}^{2}【Arrow Attack】^{3}^{4} increases its percentage damage multiplier by ${1}% and fixed damage by ${2}.	^{1}^{2}[ Arrow Attack ]^{3}^{4} เพิ่มตัวคูณดาเมจแบบเปอร์เซ็นต์ขึ้น ${1}% และดาเมจส่วนค่าคงที่ขึ้น ${2}
10220300446	When ^{1}^{2}【Arrow Attack】^{3}^{4} hits an enemy, it deals ${1} Extra hits of ${2}%+${3} Neutral Ranged Physical damage to the enemy. Internal Cooldown: ${4} seconds.	เมื่อ ^{1}^{2}[ Arrow Attack ]^{3}^{4} โจมตีโดนศัตรู สร้างดาเมจกายภาพระยะไกลไร้ธาตุเพิ่มอีก ${1} ครั้ง ครั้งละ ${2}%+${3} แก่ศัตรูนั้น CD ภายใน: ${4} วินาที
10220300447	When ^{1}^{2}【Arrow Attack】^{3}^{4} hits an enemy, it deals ${3}%+${4} Neutral Ranged Physical damage to up to ${2} Other enemies within a ${1}-meter radius of the target. Internal Cooldown: ${5} seconds.	เมื่อ ^{1}^{2}[ Arrow Attack ]^{3}^{4} โจมตีโดนศัตรู สร้างดาเมจกายภาพระยะไกลไร้ธาตุ ${3}%+${4} แก่ศัตรูอื่นสูงสุด ${2} ตัว ในรัศมี ${1} เมตรรอบเป้าหมาย CD ภายใน: ${5} วินาที
10220300448	^{1}^{2}【Double Strafe】^{3}^{4} increases its percentage damage multiplier by ${1}% and fixed damage by ${2}.	^{1}^{2}[ Double Strafe ]^{3}^{4} เพิ่มตัวคูณดาเมจแบบเปอร์เซ็นต์ขึ้น ${1}% และดาเมจส่วนค่าคงที่ขึ้น ${2}
10220300449	When ^{1}^{2}【Double Strafe】^{3}^{4} hits an enemy, it deals ${1} Extra hits of ${2}%+${3} Neutral Ranged Physical damage to the enemy. Internal Cooldown: ${4} seconds.	เมื่อ ^{1}^{2}[ Double Strafe ]^{3}^{4} โจมตีโดนศัตรู สร้างดาเมจกายภาพระยะไกลไร้ธาตุเพิ่มอีก ${1} ครั้ง ครั้งละ ${2}%+${3} แก่ศัตรูนั้น CD ภายใน: ${4} วินาที
10220300450	When ^{1}^{2}【Double Strafe】^{3}^{4} hits an enemy, it has a ${1}% Chance to deal ${4}%+${5} Neutral Ranged Physical damage to up to ${3} enemies within a ${2}-meter radius of the target. Internal Cooldown: ${6} seconds.	เมื่อ ^{1}^{2}[ Double Strafe ]^{3}^{4} โจมตีโดนศัตรู มีโอกาส ${1}% สร้างดาเมจกายภาพระยะไกลไร้ธาตุ ${4}%+${5} แก่ศัตรูสูงสุด ${3} ตัว ในรัศมี ${2} เมตรรอบเป้าหมาย CD ภายใน: ${6} วินาที
10220300451	^{1}^{2}【Blitz Beat】^{3}^{4} increases its percentage damage multiplier by ${1}% and fixed damage by ${2}.	^{1}^{2}[ Blitz Beat ]^{3}^{4} เพิ่มตัวคูณดาเมจแบบเปอร์เซ็นต์ขึ้น ${1}% และดาเมจส่วนค่าคงที่ขึ้น ${2}
10220300452	When ^{1}^{2}【Blitz Beat】^{3}^{4} hits an enemy, it has a ${1}% Chance to Summon the Falcon to attack the target, dealing ${2}%+${3} Neutral Ranged Physical damage. Internal Cooldown: ${4} seconds.	เมื่อ ^{1}^{2}[ Blitz Beat ]^{3}^{4} โจมตีโดนศัตรู มีโอกาส ${1}% เรียก Falcon โจมตีเป้าหมาย สร้างดาเมจกายภาพระยะไกลไร้ธาตุ ${2}%+${3} CD ภายใน: ${4} วินาที
10220300453	^{1}^{2}【Blitz Beat】^{3}^{4}'s damage radius increases to ${1} meters, the number of targets increases by ${2}, and its skill damage multiplier increases by ${3}%.	รัศมีดาเมจของ ^{1}^{2}[ Blitz Beat ]^{3}^{4} เพิ่มเป็น ${1} เมตร จำนวนเป้าหมายเพิ่มขึ้น ${2} และตัวคูณดาเมจสกิลเพิ่มขึ้น ${3}%
10220300454	^{1}^{2}【Arrow Shower】^{3}^{4} increases its percentage damage multiplier by ${1}% and fixed damage by ${2}.	^{1}^{2}[ Arrow Shower ]^{3}^{4} เพิ่มตัวคูณดาเมจแบบเปอร์เซ็นต์ขึ้น ${1}% และดาเมจส่วนค่าคงที่ขึ้น ${2}
10220300455	When ^{1}^{2}【Arrow Shower】^{3}^{4} hits enemies, it deals ${1}%+${2} Extra Neutral Ranged Physical damage to one of them. Internal Cooldown: ${3} seconds.	เมื่อ ^{1}^{2}[ Arrow Shower ]^{3}^{4} โจมตีโดนศัตรู สร้างดาเมจกายภาพระยะไกลไร้ธาตุเพิ่มเติม ${1}%+${2} แก่ศัตรูหนึ่งตัวที่ถูกโจมตี CD ภายใน: ${3} วินาที
10220300456	^{1}^{2}【Arrow Shower】^{3}^{4}'s damage radius increases to ${1} meters, the number of targets increases by ${2}, and it has a ${3}% Chance to cast the skill ${4} times. Internal Cooldown: ${5} seconds.	รัศมีดาเมจของ ^{1}^{2}[ Arrow Shower ]^{3}^{4} เพิ่มเป็น ${1} เมตร จำนวนเป้าหมายเพิ่มขึ้น ${2} และมีโอกาส ${3}% ใช้สกิล ${4} ครั้ง CD ภายใน: ${5} วินาที
10220300457	At ^{1}^{2}【Blitz Beat】^{3}^{4} Lv. ${1}, DEX +${2}.	เมื่อ ^{1}^{2}[ Blitz Beat ]^{3}^{4} ถึง Lv. ${1} DEX +${2}
10220300458	Increases the Chance for ^{1}^{2}【Arrow Attack】^{3}^{4} to trigger ^{5}^{6}【Blitz Beat】^{7}^{8} by ${1}%.	เพิ่มโอกาสที่ ^{1}^{2}[ Arrow Attack ]^{3}^{4} ทำให้เกิด ^{5}^{6}[ Blitz Beat ]^{7}^{8} ขึ้น ${1}%
10220300459	After casting ^{1}^{2}【Blitz Beat】^{3}^{4}, ASPD increases by ${1}% for ${2} seconds. Internal Cooldown: ${3} seconds.	หลังใช้ ^{1}^{2}[ Blitz Beat ]^{3}^{4} เพิ่ม ASPD ขึ้น ${1}% เป็นเวลา ${2} วินาที CD ภายใน: ${3} วินาที
10220300462	Damage Increase: ${1}% while fighting alongside ^{1}【Falcon】^{2}.	การเพิ่มดาเมจ: ${1}% ขณะต่อสู้ร่วมกับ ^{1}[ Falcon ]^{2}
10220300463	^{1}【Trap Hunter】^{2} skills have their cast range increased to ${1} meters and their percentage damage multiplier increased by ${2}%.	ระยะใช้สกิล ^{1}[ Trap Hunter ]^{2} เพิ่มเป็น ${1} เมตร และตัวคูณดาเมจแบบเปอร์เซ็นต์เพิ่มขึ้น ${2}%
10220300464	Increases the duration of 【Frozen】, 【Blind】, and 【Immobilize】 inflicted by ^{1}【Trap Hunter】^{2} skills by ${1} second.	เพิ่มระยะเวลาสถานะ [ Frozen ], [ Blind ] และ [ Immobilize ] ที่เกิดจากสกิล ^{1}[ Trap Hunter ]^{2} อีก ${1} วินาที
10220300466	^{1}^{2}【Sharp Shooting】^{3}^{4} increases its percentage damage multiplier by ${1}% and fixed damage by ${2}.	^{1}^{2}[ Sharp Shooting ]^{3}^{4} เพิ่มตัวคูณดาเมจแบบเปอร์เซ็นต์ขึ้น ${1}% และดาเมจส่วนค่าคงที่ขึ้น ${2}
10220300467	^{1}^{2}【Sharp Shooting】^{3}^{4} gains ${1}% Crit Chance but no longer pierces.	^{1}^{2}[ Sharp Shooting ]^{3}^{4} ได้รับ CRIT ${1}% แต่ไม่ทะลุเป้าหมายอีกต่อไป
10220300468	^{1}^{2}【Sharp Shooting】^{3}^{4}'s CT is reduced by ${1}%, the number of targets increases by ${2}, and its area width increases by ${3} meters.	CT ของ ^{1}^{2}[ Sharp Shooting ]^{3}^{4} ลดลง ${1}% จำนวนเป้าหมายเพิ่มขึ้น ${2} และความกว้างพื้นที่เพิ่มขึ้น ${3} เมตร
10220300469	^{1}^{2}【Falcon Assault】^{3}^{4} skill damage multiplier increases by ${1}%, and fixed damage increases by ${2}.	^{1}^{2}[ Falcon Assault ]^{3}^{4} เพิ่มตัวคูณดาเมจสกิลขึ้น ${1}% และดาเมจส่วนค่าคงที่ขึ้น ${2}
10220300470	Casts ^{1}^{2}【Falcon Assault】^{3}^{4} ${1} times. Internal Cooldown: ${2} seconds.	ใช้ ^{1}^{2}[ Falcon Assault ]^{3}^{4} ${1} ครั้ง CD ภายใน: ${2} วินาที
10220300471	When ^{1}^{2}【Falcon Assault】^{3}^{4} hits an enemy, it deals ${3}%+${4} Neutral Ranged Physical damage to up to ${2} enemies within a ${1}-meter radius of the target. Internal Cooldown: ${5} seconds.	เมื่อ ^{1}^{2}[ Falcon Assault ]^{3}^{4} โจมตีโดนศัตรู สร้างดาเมจกายภาพระยะไกลไร้ธาตุ ${3}%+${4} แก่ศัตรูสูงสุด ${2} ตัว ในรัศมี ${1} เมตรรอบเป้าหมาย CD ภายใน: ${5} วินาที
10220300472	^{1}【Bow】^{2} skill damage multiplier increases by ${1}%.	ตัวคูณดาเมจสกิล ^{1}[ Bow ]^{2} เพิ่มขึ้น ${1}%
10220300473	While ^{1}^{2}【Wind Walker】^{3}^{4} is Active, MSPD +${1}% and duration +${2} seconds.	ขณะ ^{1}^{2}[ Wind Walker ]^{3}^{4} ทำงาน MSPD +${1}% และระยะเวลาคงอยู่ +${2} วินาที
10220300474	^{1}【Detect Stealth】^{2} range +${1} meters.	ระยะ ^{1}[ Detect Stealth ]^{2} +${1} เมตร
10220300475	While ^{1}^{2}【True Sight】^{3}^{4} is Active, Physical DMG Bonus +${1}%.	ขณะ ^{1}^{2}[ True Sight ]^{3}^{4} ทำงาน โบนัสดาเมจกายภาพ +${1}%
10220300477	While ^{1}^{2}【True Sight】^{3}^{4} is Active, STR, AGI, VIT, INT, DEX, and LUK +${1}.	ขณะ ^{1}^{2}[ True Sight ]^{3}^{4} ทำงาน STR, AGI, VIT, INT, DEX และ LUK +${1}
10220300478	While the effect is active, hitting a target with a Bow skill has a @{1}% Chance to strike it with an Arrow Spike, dealing @{2} hit(s) of @{3}% Neutral Physical Damage.	ขณะผลคงอยู่ การโจมตีโดนเป้าหมายด้วยสกิลธนูมีโอกาส @{1}% โจมตีด้วย Arrow Spike สร้างดาเมจกายภาพไร้ธาตุ @{2} ครั้ง ครั้งละ @{3}%
10220300479	Increases Physical Damage by @{1}% and the percentage damage multiplier bonus of 【Aimed Bolt】 by @{2}%	เพิ่ม P.DMG ขึ้น @{1}% และโบนัสตัวคูณดาเมจแบบเปอร์เซ็นต์ของ [ Aimed Bolt ] ขึ้น @{2}%
10220300970	CRIT DMG Reduction Stat	ค่าสถานะการลด CRIT DMG
10220300969	CRIT RES Stat	ค่าสถานะ CRIT RES
10220300968	CRIT DMG Stat	ค่าสถานะ CRIT DMG
10220300967	CRIT Stat	ค่าสถานะ CRIT
10220300966	Unique Effect: CRIT DMG Reduction +${1}%. Each stack grants an Extra ${2}%.	ผลเฉพาะ: การลด CRIT DMG +${1}% แต่ละ stacks เพิ่มอีก ${2}%
10220300965	Unique Effect: CRIT RES +${1}. Each stack grants an Extra ${2}.	ผลเฉพาะ: CRIT RES +${1} แต่ละ stacks เพิ่มอีก ${2}
10220300964	Unique Effect: CRIT DMG +${1}%. Each stack grants an Extra ${2}%.	ผลเฉพาะ: CRIT DMG +${1}% แต่ละ stacks เพิ่มอีก ${2}%
10220300963	Unique Effect: CRIT +${1}. Each stack grants an Extra ${2}.	ผลเฉพาะ: CRIT +${1} แต่ละ stacks เพิ่มอีก ${2}
10220300960	When attacked, has an @{1}% Chance to gain a shield equal to @{2}% of Max Life for @{3} sec. When the shield breaks, generates another shield equal to @{4}% of Max Life for @{5} sec. (Cooldown: @{6} sec.)	เมื่อถูกโจมตี มีโอกาส @{1}% ได้รับโล่เท่ากับ @{2}% ของ Max HP เป็นเวลา @{3} วินาที เมื่อโล่แตก สร้างโล่อีกอันเท่ากับ @{4}% ของ Max HP เป็นเวลา @{5} วินาที (Cooldown: @{6} วินาที)
10220300959	When taking damage while below @{1}% Life, Physical DEF and Magic DEF increase by Base Lv. * @{2}.	เมื่อได้รับดาเมจขณะ HP ต่ำกว่า @{1}% เพิ่ม P.DEF และ M.DEF ขึ้น Base Lv. * @{2}
10220300958	Life recovery +@{1}%.	การฟื้นฟู HP +@{1}%
10220300957	When taking damage from a player, HP Recovery increases by @{1}% of Max HP for @{2} sec. Cooldown: @{3} sec.	เมื่อได้รับดาเมจจากผู้เล่น เพิ่มการฟื้นฟู HP ขึ้น @{1}% ของ Max HP เป็นเวลา @{2} วินาที Cooldown: @{3} วินาที
10220300956	Upon entering combat, Physical DEF and Magic DEF increase by @{1}% for @{2} sec.	เมื่อเข้าสู่การต่อสู้ เพิ่ม P.DEF และ M.DEF ขึ้น @{1}% เป็นเวลา @{2} วินาที
10220300955	After dealing Physical damage, has a @{1}% Chance to trigger an Extra hit that deals Physical damage equal to @{2}% Physical ATK. (Cooldown: @{3} sec.)	หลังสร้างดาเมจกายภาพ มีโอกาส @{1}% โจมตีเพิ่มเติม สร้างดาเมจกายภาพเท่ากับ @{2}% ของ P.ATK (Cooldown: @{3} วินาที)
10220300954	When dealing damage while above @{1}% Life, Physical ATK is treated as being increased by Base Lv. * @{2}.	เมื่อสร้างดาเมจขณะ HP สูงกว่า @{1}% คำนวณ P.ATK เสมือนเพิ่มขึ้น Base Lv. * @{2}
10220300951	After a player Kill, Physical ATK increases by @{1}% for @{2} sec. (Cooldown: @{3} sec.)	หลังสังหารผู้เล่น เพิ่ม P.ATK ขึ้น @{1}% เป็นเวลา @{2} วินาที (Cooldown: @{3} วินาที)
10220300950	Healing has a @{1}% Chance to trigger an Extra heal equal to @{2}% Magic ATK. (Cooldown: @{3} sec.)	การฮีลมีโอกาส @{1}% ทำให้เกิดฮีลเพิ่มเติมเท่ากับ @{2}% ของ M.ATK (Cooldown: @{3} วินาที)
10220300949	Physical damage against targets below @{1}% Life increased by @{2}%.	P.DMG ต่อเป้าหมายที่มี HP ต่ำกว่า @{1}% เพิ่มขึ้น @{2}%
10220300948	While above @{1}% Life, healing efficiency increased by @{2}%.	ขณะ HP สูงกว่า @{1}% ประสิทธิภาพการฮีลเพิ่มขึ้น @{2}%
10220300947	For every @{1} skills on this Totem, gain @{2}% damage reduction.	ทุก @{1} สกิลบน Totem นี้ ได้รับการลดดาเมจ @{2}%
10220300946	Maximum Floors of all your defensive buffs increased by @{1}.	จำนวนชั้นสูงสุดของบัฟป้องกันทั้งหมดของคุณเพิ่มขึ้น @{1}
10220300945	When healing a player with an ST skill, heals the target and allied units within @{1} meters for an amount equal to (@{2}%) Magic ATK. (Cooldown: @{3} sec.)	เมื่อฮีลผู้เล่นด้วยสกิลแบบ Single Target ฮีลเป้าหมายและพันธมิตรในระยะ @{1} เมตรเป็นจำนวนเท่ากับ (@{2}%) ของ M.ATK (Cooldown: @{3} วินาที)
10220300944	Healing on targets below @{1}% Life increased by @{2}%.	การฮีลเป้าหมายที่มี HP ต่ำกว่า @{1}% เพิ่มขึ้น @{2}%
10220300943	Damage reduction increased by @{1}%. Each Floor of a defensive buff grants an Extra @{2}% damage reduction.	การลดดาเมจเพิ่มขึ้น @{1}% แต่ละชั้นของบัฟป้องกันเพิ่มการลดดาเมจอีก @{2}%
10220300942	For every @{1} skills on this Totem, Physical ATK increases by @{2}.	ทุก @{1} สกิลบน Totem นี้ เพิ่ม P.ATK ขึ้น @{2}
10220300941	After dealing Magic damage, has a @{1}% Chance to trigger an Extra hit that deals Magic damage equal to @{2}% Magic ATK. (Cooldown: @{3} sec.)	หลังสร้างดาเมจเวท มีโอกาส @{1}% โจมตีเพิ่มเติม สร้างดาเมจเวทเท่ากับ @{2}% ของ M.ATK (Cooldown: @{3} วินาที)
10220300940	For every @{1} skills on this Totem, your Physical ATK increases by @{2}.	ทุก @{1} สกิลบน Totem นี้ เพิ่ม P.ATK ของคุณขึ้น @{2}
10220300939	When dealing damage while above @{1}% Life, Magic ATK is treated as being increased by Base Lv. * @{2}.	เมื่อสร้างดาเมจขณะ HP สูงกว่า @{1}% คำนวณ M.ATK เสมือนเพิ่มขึ้น Base Lv. * @{2}
10220300938	Maximum Floors of all your Physical damage buffs increased by @{1}.	จำนวนชั้นสูงสุดของบัฟดาเมจกายภาพทั้งหมดของคุณเพิ่มขึ้น @{1}
10220300937	After a player Kill, Magic ATK increased by @{1}%.	หลังสังหารผู้เล่น เพิ่ม M.ATK ขึ้น @{1}%
10220300936	After a player Kill, Magic ATK increases by @{1}% for @{2} sec. (Cooldown: @{3} sec.)	หลังสังหารผู้เล่น เพิ่ม M.ATK ขึ้น @{1}% เป็นเวลา @{2} วินาที (Cooldown: @{3} วินาที)
10220300935	Ranged Physical damage increased by @{1}%. Each Floor of a Physical damage buff grants an Extra @{2}% ranged Physical damage.	ดาเมจกายภาพระยะไกลเพิ่มขึ้น @{1}% แต่ละชั้นของบัฟดาเมจกายภาพเพิ่มดาเมจกายภาพระยะไกลอีก @{2}%
10220300934	Magic damage against targets below @{1}% Life increased by @{2}%.	M.DMG ต่อเป้าหมายที่มี HP ต่ำกว่า @{1}% เพิ่มขึ้น @{2}%
10220300933	Each skill on this Totem increases your healing by @{1}%.	แต่ละสกิลบน Totem นี้เพิ่มการฮีลของคุณขึ้น @{1}%
10220300932	Melee Physical damage increased by @{1}%. Each Floor of a Physical damage buff grants an Extra @{2}% melee Physical damage.	ดาเมจกายภาพระยะประชิดเพิ่มขึ้น @{1}% แต่ละชั้นของบัฟดาเมจกายภาพเพิ่มดาเมจกายภาพระยะประชิดอีก @{2}%
10220300931	Maximum Floors of all your healing buffs increased by @{1}.	จำนวนชั้นสูงสุดของบัฟฮีลทั้งหมดของคุณเพิ่มขึ้น @{1}
10220300929	Healing increased by @{1}%. Each Floor of a healing buff grants an Extra @{2}% healing.	การฮีลเพิ่มขึ้น @{1}% แต่ละชั้นของบัฟฮีลเพิ่มการฮีลอีก @{2}%
10220300928	Unique Effect: When Life falls below @{1}%, gain 【Divine Fortress】, reducing damage taken by @{2}% for @{3} sec. (Cooldown: @{4} sec.)	ผลเฉพาะ: เมื่อ HP ลดต่ำกว่า @{1}% ได้รับ [ Divine Fortress ] ลดดาเมจที่ได้รับลง @{2}% เป็นเวลา @{3} วินาที (Cooldown: @{4} วินาที)
10220300927	Each skill on this Totem increases your Magic ATK by @{1}.	แต่ละสกิลบน Totem นี้เพิ่ม M.ATK ของคุณขึ้น @{1}
10220300926	CRIT increases by @{1}, and CRIT DMG increased. @{2}%.	CRIT เพิ่มขึ้น @{1} และ CRIT DMG เพิ่มขึ้น @{2}%
10220300925	Maximum Floors of all your magic buffs increased by @{1}.	จำนวนชั้นสูงสุดของบัฟเวททั้งหมดของคุณเพิ่มขึ้น @{1}
10220300924	Unique Effect: Dealing damage has a @{1}% Chance to grant 【Sundering Might】. While 【Sundering Might】 is active, CRIT increases by @{2} and CRIT DMG increased. @{3}%. Duration: @{4} sec. (Cooldown: @{5} sec.)	ผลเฉพาะ: การสร้างดาเมจมีโอกาส @{1}% มอบ [ Sundering Might ] ขณะ [ Sundering Might ] คงอยู่ CRIT เพิ่มขึ้น @{2} และ CRIT DMG เพิ่มขึ้น @{3}% ระยะเวลา: @{4} วินาที (Cooldown: @{5} วินาที)
10220300923	Magic damage increased by @{1}%. Each Floor of a magic damage buff grants an Extra @{2}% Magic damage.	M.DMG เพิ่มขึ้น @{1}% แต่ละชั้นของบัฟดาเมจเวทเพิ่ม M.DMG อีก @{2}%
10220300922	Healing buff: Each Floor grants @{1}% Magic ATK.	บัฟฮีล: แต่ละชั้นมอบ M.ATK @{1}%
10220300921	Defensive buff: DEF +@{1}%.	บัฟป้องกัน: DEF +@{1}%
10220300920	Unique Effect: Casting a healing skill grants maximum Floors of the 【Nature's Blessing】 healing buff. Initial limit: @{1} Floors. Duration: @{2} sec. Each Floor increases your Magic ATK by @{3}% for @{4} sec.	ผลเฉพาะ: การใช้สกิลฮีลมอบบัฟฮีล [ Nature's Blessing ] จำนวนชั้นสูงสุด ขีดจำกัดเริ่มต้น: @{1} ชั้น ระยะเวลา: @{2} วินาที แต่ละชั้นเพิ่ม M.ATK ของคุณขึ้น @{3}% เป็นเวลา @{4} วินาที
10220300918	Healing buff: Each Floor increases healing efficiency by @{1}%.	บัฟฮีล: แต่ละชั้นเพิ่มประสิทธิภาพการฮีลขึ้น @{1}%
10220300917	Defensive buff: Damage reduction +@{1}%.	บัฟป้องกัน: การลดดาเมจ +@{1}%
10220300916	Unique Effect: Casting a skill or using a Normal Attack grants maximum Floors of the 【Divine Message】 healing buff. Initial limit: @{1} Floors. Duration: @{2} sec. Each Floor increases healing by @{3}%.	ผลเฉพาะ: การใช้สกิลหรือโจมตีปกติมอบบัฟฮีล [ Divine Message ] จำนวนชั้นสูงสุด ขีดจำกัดเริ่มต้น: @{1} ชั้น ระยะเวลา: @{2} วินาที แต่ละชั้นเพิ่มการฮีลขึ้น @{3}%
10220300915	Unique Effect: Casting a skill or using a Normal Attack grants maximum Floors of the 【Divine Protection】 defensive buff. Initial limit: @{1} Floors. Duration: @{2} sec. Each Floor increases your damage reduction by @{3}%.	ผลเฉพาะ: การใช้สกิลหรือโจมตีปกติมอบบัฟป้องกัน [ Divine Protection ] จำนวนชั้นสูงสุด ขีดจำกัดเริ่มต้น: @{1} ชั้น ระยะเวลา: @{2} วินาที แต่ละชั้นเพิ่มการลดดาเมจของคุณขึ้น @{3}%
10220300914	Magic damage buff: Skills mark enemies when dealing damage. Each Floor of 【Magic Mark】 grants @{1}% Magic damage.	บัฟดาเมจเวท: สกิลทำเครื่องหมายศัตรูเมื่อสร้างดาเมจ แต่ละชั้นของ [ Magic Mark ] มอบ M.DMG @{1}%
10220300913	Physical damage buff: Physical damage +@{1}%.	บัฟดาเมจกายภาพ: P.DMG +@{1}%
10220300912	Unique Effect: Casting a skill or using a Normal Attack grants maximum Floors of the 【Magic Mark】 magic damage buff. Initial limit: @{1} Floors. Duration: @{2} sec. While 【Magic Mark】 is active, each Floor increases your Magic damage by @{3}%.	ผลเฉพาะ: การใช้สกิลหรือโจมตีปกติมอบบัฟดาเมจเวท [ Magic Mark ] จำนวนชั้นสูงสุด ขีดจำกัดเริ่มต้น: @{1} ชั้น ระยะเวลา: @{2} วินาที ขณะ [ Magic Mark ] คงอยู่ แต่ละชั้นเพิ่ม M.DMG ของคุณขึ้น @{3}%
10220300911	Unique Effect: Casting a skill or using a Normal Attack grants maximum Floors of the 【Resolve】 Physical damage buff. Initial limit: @{1} Floors. Duration: @{2} sec. Each Floor increases your Physical damage by @{3}%.	ผลเฉพาะ: การใช้สกิลหรือโจมตีปกติมอบบัฟดาเมจกายภาพ [ Resolve ] จำนวนชั้นสูงสุด ขีดจำกัดเริ่มต้น: @{1} ชั้น ระยะเวลา: @{2} วินาที แต่ละชั้นเพิ่ม P.DMG ของคุณขึ้น @{3}%
10220300910	Magic damage buff: Each Floor increases Magic ATK by @{1}%.	บัฟดาเมจเวท: แต่ละชั้นเพิ่ม M.ATK ขึ้น @{1}%
10220300909	Physical damage buff: Physical ATK +@{1}%.	บัฟดาเมจกายภาพ: P.ATK +@{1}%
10220300908	Unique Effect: Casting a skill or using a Normal Attack grants maximum Floors of the 【Arcane Blade】 magic damage buff. Initial limit: @{1} Floors. Duration: @{2} sec. Each Floor increases Magic ATK by @{3}%.	ผลเฉพาะ: การใช้สกิลหรือโจมตีปกติมอบบัฟดาเมจเวท [ Arcane Blade ] จำนวนชั้นสูงสุด ขีดจำกัดเริ่มต้น: @{1} ชั้น ระยะเวลา: @{2} วินาที แต่ละชั้นเพิ่ม M.ATK ขึ้น @{3}%
10220300907	Unique Effect: Casting a skill or using a Normal Attack grants maximum Floors of the 【Savage Blade】 Physical damage buff. Initial limit: @{1} Floors. Duration: @{2} sec. Each Floor increases your Physical ATK by @{3}%.	ผลเฉพาะ: การใช้สกิลหรือโจมตีปกติมอบบัฟดาเมจกายภาพ [ Savage Blade ] จำนวนชั้นสูงสุด ขีดจำกัดเริ่มต้น: @{1} ชั้น ระยะเวลา: @{2} วินาที แต่ละชั้นเพิ่ม P.ATK ของคุณขึ้น @{3}%
10220300906	Blades. Every @{1} blades increases the number of blades 【Cross Ripper Slasher】 can Launch by +@{2}.	คมดาบ ทุก @{1} คมดาบเพิ่มจำนวนคมดาบที่ [ Cross Ripper Slasher ] ปล่อยได้ +@{2}
10220300905	【Basic Attack】, 【Sonic Blow】, and 【Envenomed Blade】 percentage-based damage multipliers increased by ${1}%, and flat damage increased by ${2}.	ตัวคูณดาเมจแบบเปอร์เซ็นต์ของ [ Basic Attack ], [ Sonic Blow ] และ [ Envenomed Blade ] เพิ่มขึ้น ${1}% และดาเมจส่วนค่าคงที่เพิ่มขึ้น ${2}
10220300904	【Double Attack】 trigger Chance increased by ${1}%.	โอกาสเกิดผลของ [ Double Attack ] เพิ่มขึ้น ${1}%
10220300903	Each CRIT with 【Advanced Katar Mastery】 now grants ${1} Floors.	แต่ละครั้งที่ติด CRIT ด้วย [ Advanced Katar Mastery ] จะได้รับ ${1} ชั้น
10220300902	Learn 【Advanced Katar Mastery】 to gain an Extra ${1} Physical ATK.	เรียน [ Advanced Katar Mastery ] เพื่อรับ P.ATK เพิ่มอีก ${1}
10220300901	After casting 【Meteor Assault】, deals Neutral melee Physical damage equal to Physical ATK * ${3}% to up to ${2} enemies within a ${1}-meter radius.	หลังใช้ [ Meteor Assault ] สร้างดาเมจกายภาพระยะประชิดไร้ธาตุเท่ากับ P.ATK * ${3}% แก่ศัตรูสูงสุด ${2} ตัว ในรัศมี ${1} เมตร
10220300900	【Meteor Assault】's 【Stun】 and 【Darkness】 Chance increased by ${1}%.	[ Meteor Assault ] เพิ่มโอกาสทำให้ติด [ Stun ] และ [ Darkness ] ขึ้น ${1}%
10220300898	Increases the casting Distance of 【Soul Destroyer】 by ${1} meters. After casting, deals Neutral melee Physical damage equal to Physical ATK × ${4}% to up to ${3} enemies within a ${2}-meter radius of the target.	เพิ่มระยะใช้ [ Soul Destroyer ] อีก ${1} เมตร หลังใช้ สร้างดาเมจกายภาพระยะประชิดไร้ธาตุเท่ากับ P.ATK × ${4}% แก่ศัตรูสูงสุด ${3} ตัว ในรัศมี ${2} เมตรรอบเป้าหมาย
10220300897	Every third cast of 【Soul Destroyer】 becomes 【Advanced Soul Destroyer】, increasing its damage by ${1}%.	ทุกการใช้ [ Soul Destroyer ] ครั้งที่สาม จะเปลี่ยนเป็น [ Advanced Soul Destroyer ] เพิ่มดาเมจขึ้น ${1}%
10220300887	When a dagger or katar is equipped, Physical ATK +${1}.	เมื่อสวมมีดหรือกาตาร์ P.ATK +${1}
10800100270	When equipped with a katar, Crit Modifier increases by ^{1}${4}%^{2}.	เมื่อสวมกาตาร์ Crit Modifier เพิ่มขึ้น ^{1}${4}%^{2}
10800100271	When equipped with a dagger, increases Attack Speed by ^{1}${1}^{2} and AGI by ^{3}${2}^{4}.	เมื่อสวมมีด เพิ่ม ASPD ขึ้น ^{1}${1}^{2} และ AGI ขึ้น ^{3}${2}^{4}
10800100272	【Fire Bolt】, 【Cold Bolt】, 【Lightning Bolt】, and 【Earth Spike】 deal ${1}% more damage.	[ Fire Bolt ], [ Cold Bolt ], [ Lightning Bolt ] และ [ Earth Spike ] สร้างดาเมจเพิ่มขึ้น ${1}%
10800100273	【Fire Bolt】, 【Cold Bolt】, 【Lightning Bolt】, and 【Earth Spike】 are no longer affected by Cast Speed, and their CT is fixed at ${1} sec.	[ Fire Bolt ], [ Cold Bolt ], [ Lightning Bolt ] และ [ Earth Spike ] ไม่ได้รับผลจาก Cast Speed อีกต่อไป และ CT คงที่ที่ ${1} วินาที
10800100274	When 【Fire Bolt】, 【Cold Bolt】, 【Lightning Bolt】, or 【Earth Spike】 hits, there is a ${1}% Chance to trigger @{1} 【Elemental Pursuit】, dealing Neutral ranged magic damage equal to Magic ATK * ${2}% to the target. This effect has a ${3}-sec. Cooldown.	เมื่อ [ Fire Bolt ], [ Cold Bolt ], [ Lightning Bolt ] หรือ [ Earth Spike ] โจมตีโดน มีโอกาส ${1}% ใช้ @{1} ครั้งของ [ Elemental Pursuit ] สร้างดาเมจเวทระยะไกลไร้ธาตุเท่ากับ M.ATK * ${2}% แก่เป้าหมาย ผลนี้มี Cooldown ${3} วินาที
10800100275	When 【Fire Bolt】, 【Cold Bolt】, 【Lightning Bolt】, or 【Earth Spike】 hits, there is a ${1}% Chance to trigger @{1} 【Elemental Shock】, dealing Neutral ranged magic damage equal to Magic ATK * ${4}% to up to ${3} enemies within a ${2}m radius. This effect has a ${5}-sec. Cooldown.	เมื่อ [ Fire Bolt ], [ Cold Bolt ], [ Lightning Bolt ] หรือ [ Earth Spike ] โจมตีโดน มีโอกาส ${1}% ใช้ @{1} ครั้งของ [ Elemental Shock ] สร้างดาเมจเวทระยะไกลไร้ธาตุเท่ากับ M.ATK * ${4}% แก่ศัตรูสูงสุด ${3} ตัว ในรัศมี ${2} เมตร ผลนี้มี Cooldown ${5} วินาที
10800100279	【Fire Ball】 and 【Sightrasher】 deal ${1}% more damage.	[ Fire Ball ] และ [ Sightrasher ] สร้างดาเมจเพิ่มขึ้น ${1}%
10800100280	When 【Fire Ball】 hits the primary target, triggers @{1} Lv${1} 【Fire Bolt】.	เมื่อ [ Fire Ball ] โจมตีโดนเป้าหมายหลัก ใช้ @{1} ครั้งของ Lv${1} [ Fire Bolt ]
10800100281	When 【Fire Ball】 hits the primary target, deals Splash damage to up to ${2} enemies within a ${1}m radius.	เมื่อ [ Fire Ball ] โจมตีโดนเป้าหมายหลัก สร้างดาเมจกระจายแก่ศัตรูสูงสุด ${2} ตัว ในรัศมี ${1} เมตร
10800100282	【Frost Diver】 and 【Jupitel Thunder】's maximum Cooldown decreases by ${1} sec.	Cooldown สูงสุดของ [ Frost Diver ] และ [ Jupitel Thunder ] ลดลง ${1} วินาที
10800100283	【Frost Diver】's area of effect increases to ${1}m and triggers @{1} 【Ice Spike】 on every target hit, dealing Water ranged magic damage equal to Magic ATK * ${2}%. Hitting 【Frozen】 enemies does not remove 【Frozen】.	พื้นที่ผลของ [ Frost Diver ] เพิ่มเป็น ${1} เมตร และใช้ @{1} ครั้งของ [ Ice Spike ] ใส่ทุกเป้าหมายที่ถูกโจมตี สร้างดาเมจเวทระยะไกลธาตุ Water เท่ากับ M.ATK * ${2}% การโจมตีศัตรูที่ติด [ Frozen ] ไม่ยกเลิก [ Frozen ]
10800100284	When 【Jupitel Thunder】 hits, triggers 【Thunderbolt】, dealing Wind ranged magic damage equal to Magic ATK * ${1}% to the target.	เมื่อ [ Jupitel Thunder ] โจมตีโดน ใช้ [ Thunderbolt ] สร้างดาเมจเวทระยะไกลธาตุ Wind เท่ากับ M.ATK * ${1}% แก่เป้าหมาย
10800100285	【Meteor Storm】 and 【Heaven's Drive】 deal ${1}% more damage.	[ Meteor Storm ] และ [ Heaven's Drive ] สร้างดาเมจเพิ่มขึ้น ${1}%
10800100286	After casting 【Meteor Storm】, immediately triggers @{1} 【Flame Explosion】, dealing Fire ranged magic damage equal to Magic ATK * ${3}% to up to ${2} enemies within ${1}m.	หลังใช้ [ Meteor Storm ] ใช้ @{1} ครั้งของ [ Flame Explosion ] ทันที สร้างดาเมจเวทระยะไกลธาตุ Fire เท่ากับ M.ATK * ${3}% แก่ศัตรูสูงสุด ${2} ตัว ในระยะ ${1} เมตร
10800100287	After casting 【Heaven's Drive】, the next 【Meteor Storm】 cast within ${1} sec. creates an 【Ember Zone】 lasting ${2} sec. Every ${3} sec., it deals Fire ranged magic damage equal to Magic ATK * ${5}% to up to ${4} enemies in the area.	หลังใช้ [ Heaven's Drive ] การใช้ [ Meteor Storm ] ครั้งถัดไปภายใน ${1} วินาทีจะสร้าง [ Ember Zone ] คงอยู่ ${2} วินาที ทุก ${3} วินาที สร้างดาเมจเวทระยะไกลธาตุ Fire เท่ากับ M.ATK * ${5}% แก่ศัตรูสูงสุด ${4} ตัวในพื้นที่
10800100288	【Storm Gust】 and 【Lord of Vermilion】 deal ${1}% more damage.	[ Storm Gust ] และ [ Lord of Vermilion ] สร้างดาเมจเพิ่มขึ้น ${1}%
10800100289	After casting 【Storm Gust】, immediately triggers @{1} 【Frost Explosion】, dealing Water ranged magic damage equal to Magic ATK * ${3}% to up to ${2} enemies within ${1}m, with a ${4}% Chance to inflict ^{1}^{2}【Frozen】^{3}^{4} for ${5} sec.	หลังใช้ [ Storm Gust ] ใช้ @{1} ครั้งของ [ Frost Explosion ] ทันที สร้างดาเมจเวทระยะไกลธาตุ Water เท่ากับ M.ATK * ${3}% แก่ศัตรูสูงสุด ${2} ตัว ในระยะ ${1} เมตร มีโอกาส ${4}% ทำให้ติดสถานะ ^{1}^{2}[ Frozen ]^{3}^{4} เป็นเวลา ${5} วินาที
10800100290	For every @{1} enemy hit by 【Lord of Vermilion】, its damage increases by ${1}%, up to ${2}%.	ทุกศัตรู @{1} ตัวที่ถูก [ Lord of Vermilion ] โจมตี ดาเมจเพิ่มขึ้น ${1}% สูงสุด ${2}%
10800100291	【Magic Crasher】 and 【Napalm Vulcan】 deal ${1}% more damage.	[ Magic Crasher ] และ [ Napalm Vulcan ] สร้างดาเมจเพิ่มขึ้น ${1}%
10800100292	After every ^{1}${1}^{2} casts of 【Magic Crasher】, the skill multiplier of the next @{1} casts of 【Magic Crasher】 increases by ^{3}${2}%^{4}, and their fixed damage increases by ^{5}${3}^{6}.	ทุกการใช้ ^{1}${1}^{2} ครั้งของ [ Magic Crasher ] ตัวคูณสกิลของการใช้ @{1} ครั้งถัดไปของ [ Magic Crasher ] เพิ่มขึ้น ^{3}${2}%^{4} และดาเมจส่วนค่าคงที่เพิ่มขึ้น ^{5}${3}^{6}
10800100293	For every @{1} enemy hit by 【Napalm Vulcan】, its damage increases by ${1}%, up to ${2}%.	ทุกศัตรู @{1} ตัวที่ถูก [ Napalm Vulcan ] โจมตี ดาเมจเพิ่มขึ้น ${1}% สูงสุด ${2}%
10800100294	Wind/Earth/Water/Fire/Neutral/Ghost damage increases by ${1}%.	ดาเมจธาตุ Wind/Earth/Water/Fire/Neutral/Ghost เพิ่มขึ้น ${1}%
10800100295	When 【Soul Drain】 scores a Kill, gain ${1} Magic ATK, up to ${2}. The amount gained is doubled when killing a player. Resets upon death, changing areas, or logging out.	เมื่อ [ Soul Drain ] สังหารเป้าหมายได้ ได้รับ M.ATK ${1} สูงสุด ${2} ค่าที่ได้รับเพิ่มเป็นสองเท่าเมื่อสังหารผู้เล่น รีเซ็ตเมื่อตาย เปลี่ยนพื้นที่ หรือออกจากระบบ
10800100296	Magic damage dealt increases by ${1}%.	M.DMG ที่ทำได้เพิ่มขึ้น ${1}%
10800100297	【Gravitation Field】 deals ${1}% more damage.	[ Gravitation Field ] สร้างดาเมจเพิ่มขึ้น ${1}%
10800100298	After casting 【Gravitation Field】, triggers @{1} 【Spatial Distortion】, dealing Ghost ranged magic damage equal to Magic ATK * ${3}% to up to ${2} enemies within ${1}m, with a ${4}% Chance to inflict 【Slow】 for ${5} sec., reducing the target's Move Speed by ${6}%.	หลังใช้ [ Gravitation Field ] ใช้ @{1} ครั้งของ [ Spatial Distortion ] สร้างดาเมจเวทระยะไกลธาตุ Ghost เท่ากับ M.ATK * ${3}% แก่ศัตรูสูงสุด ${2} ตัว ในระยะ ${1} เมตร มีโอกาส ${4}% ทำให้ติด [ Slow ] เป็นเวลา ${5} วินาที ลด MSPD ของเป้าหมายลง ${6}%
10800100299	When 【Gravitation Field】 ends, inflicts 【Immobilize】 on enemies in the area for ${1} sec.	เมื่อ [ Gravitation Field ] สิ้นสุด ทำให้ศัตรูในพื้นที่ติด [ Immobilize ] เป็นเวลา ${1} วินาที
10800100300	【Mystical Amplification】 grants an Extra {1} Cast Speed.	[ Mystical Amplification ] มอบ Cast Speed เพิ่มอีก {1}
10800100301	【Mystical Amplification】 grants an Extra ${1} Magic ATK.	[ Mystical Amplification ] มอบ M.ATK เพิ่มอีก ${1}
10220300919	Unique Effect: Casting a skill or using a Normal Attack grants maximum Floors of the 【Icebound Protection】 defensive buff. Initial limit: @{1} Floors. Duration: @{2} sec. Each Floor increases your DEF by @{3}% and has a @{4}% Chance to Slow enemies that hit you by @{5}% for @{6} sec. (Cooldown: @{7} sec.)	ผลเฉพาะ: การใช้สกิลหรือโจมตีปกติมอบบัฟป้องกัน [ Icebound Protection ] จำนวนชั้นสูงสุด ขีดจำกัดเริ่มต้น: @{1} ชั้น ระยะเวลา: @{2} วินาที แต่ละชั้นเพิ่ม DEF ของคุณขึ้น @{3}% และมีโอกาส @{4}% ลดความเร็วของศัตรูที่โจมตีคุณลง @{5}% เป็นเวลา @{6} วินาที (Cooldown: @{7} วินาที)
10220300896	Increases 【Soul Destroyer】 damage by ${1}% and reduces variable CT by ${2}%.	เพิ่มดาเมจของ [ Soul Destroyer ] ขึ้น ${1}% และลด VCT ลง ${2}%
10220300895	Increases the Chance of triggering 【Venom】 with 【Deadly Poison】 by ${1}%.	เพิ่มโอกาสเกิด [ Venom ] จาก [ Deadly Poison ] ขึ้น ${1}%
10220300894	Increases the 【Venom】 damage triggered by 【Deadly Poison】 by ${1}%.	เพิ่มดาเมจของ [ Venom ] ที่เกิดจาก [ Deadly Poison ] ขึ้น ${1}%
10220300893	Increases the Physical ATK granted by 【Deadly Poison】 by ${1}.	เพิ่ม P.ATK ที่ [ Deadly Poison ] มอบให้ขึ้น ${1}
10220300892	After using 【Virus Spread】, deals Poison melee Physical damage equal to Physical ATK × ${3}% to up to ${2} enemies within a ${1}-meter radius of the target.	หลังใช้ [ Virus Spread ] สร้างดาเมจกายภาพระยะประชิดธาตุ Poison เท่ากับ P.ATK × ${3}% แก่ศัตรูสูงสุด ${2} ตัว ในรัศมี ${1} เมตรรอบเป้าหมาย
10220300891	After using 【Virus Spread】, deals ${1} Extra hit(s) of Neutral melee Physical damage equal to Physical ATK × ${2}% to one enemy.	หลังใช้ [ Virus Spread ] โจมตีศัตรูหนึ่งตัวเพิ่มอีก ${1} ครั้ง ด้วยดาเมจกายภาพระยะประชิดไร้ธาตุเท่ากับ P.ATK × ${2}%
10220300889	When 【Double Attack】 triggers, it also deals Neutral melee Physical damage equal to Physical ATK × ${4}% to up to ${3} enemies within a ${2}-meter radius. Built-in Cooldown: ${1} seconds.	เมื่อ [ Double Attack ] เกิดผล สร้างดาเมจกายภาพระยะประชิดไร้ธาตุเพิ่มเติมเท่ากับ P.ATK × ${4}% แก่ศัตรูสูงสุด ${3} ตัว ในรัศมี ${2} เมตร CD ภายใน: ${1} วินาที
10220300888	For ${1} seconds after using 【Cloaking】, your next attack deals ${2} Extra hits of Neutral melee Physical damage equal to Physical ATK × ${3}% to the enemy.	ภายใน ${1} วินาทีหลังใช้ [ Cloaking ] การโจมตีครั้งถัดไปสร้างดาเมจกายภาพระยะประชิดไร้ธาตุแก่ศัตรูเพิ่มอีก ${2} ครั้ง เท่ากับ P.ATK × ${3}%
10220300886	Learning 【Katar Mastery】 and 【Dual-Wield Mastery】 grants ${1} Extra AGI.	เมื่อเรียน [ Katar Mastery ] และ [ Dual-Wield Mastery ] ได้รับ AGI เพิ่มอีก ${1}
10220300885	Reduces the Cooldown of 【Hiding】, 【Back Slide】, and 【Cloaking】 by ${1} seconds.	ลด Cooldown ของ [ Hiding ], [ Back Slide ] และ [ Cloaking ] ลง ${1} วินาที
10220300883	For ${1} seconds after using 【Grimtooth】, 【Basic Attack】, 【Sonic Blow】, and 【Envenomed Blade】 damage increases by ${2}%.	ภายใน ${1} วินาทีหลังใช้ [ Grimtooth ] ดาเมจของ [ Basic Attack ], [ Sonic Blow ] และ [ Envenomed Blade ] เพิ่มขึ้น ${2}%
10220300882	After using 【Grimtooth】, there is a ${1}% Chance to deal Neutral melee Physical damage equal to Physical ATK × ${4}% to up to ${3} enemies within a ${2}-meter radius of the target. Built-in Cooldown: ${5} seconds.	หลังใช้ [ Grimtooth ] มีโอกาส ${1}% สร้างดาเมจกายภาพระยะประชิดไร้ธาตุเท่ากับ P.ATK × ${4}% แก่ศัตรูสูงสุด ${3} ตัว ในรัศมี ${2} เมตรรอบเป้าหมาย CD ภายใน: ${5} วินาที
10220300880	Grants 【Envenomed Blade】 ${1} Extra ricochet(s).	[ Envenomed Blade ] ชิ่งเพิ่มอีก ${1} ครั้ง
10220300879	After casting 【Envenomed Blade】 ${1} times, triggers 【Venom】 damage ${2} times on the target.	หลังใช้ [ Envenomed Blade ] ${1} ครั้ง ทำให้เกิดดาเมจของ [ Venom ] ใส่เป้าหมาย ${2} ครั้ง
10220300877	Increases 【Sonic Blow】 damage by ${1}%. Raises the target HP threshold for 【Sonic Blow】's damage increase by ${2}%.	เพิ่มดาเมจของ [ Sonic Blow ] ขึ้น ${1}% และเพิ่มเกณฑ์ HP ของเป้าหมายสำหรับการเพิ่มดาเมจของ [ Sonic Blow ] ขึ้น ${2}%
10220300876	After using 【Sonic Blow】, there is a ${1}% Chance to deal Neutral melee Physical damage equal to Physical ATK × ${4}% to up to ${3} enemies within a ${2}-meter radius. Built-in Cooldown: ${5} seconds.	หลังใช้ [ Sonic Blow ] มีโอกาส ${1}% สร้างดาเมจกายภาพระยะประชิดไร้ธาตุเท่ากับ P.ATK × ${4}% แก่ศัตรูสูงสุด ${3} ตัว ในรัศมี ${2} เมตร CD ภายใน: ${5} วินาที
10220300874	After using 【Basic Attack】, there is a ${1}% Chance to deal ${2} Extra hits of Neutral melee Physical damage equal to Physical ATK × ${3}% to the enemy. Built-in Cooldown: ${4} seconds.	หลังใช้ [ Basic Attack ] มีโอกาส ${1}% โจมตีศัตรูเพิ่มอีก ${2} ครั้ง ด้วยดาเมจกายภาพระยะประชิดไร้ธาตุเท่ากับ P.ATK × ${3}% CD ภายใน: ${4} วินาที
10220300873	After using 【Basic Attack】, there is a ${1}% Chance to deal Neutral melee Physical damage equal to Physical ATK × ${4}% to up to ${3} enemies within a ${2}-meter radius. Built-in Cooldown: ${5} seconds.	หลังใช้ [ Basic Attack ] มีโอกาส ${1}% สร้างดาเมจกายภาพระยะประชิดไร้ธาตุเท่ากับ P.ATK × ${4}% แก่ศัตรูสูงสุด ${3} ตัว ในรัศมี ${2} เมตร CD ภายใน: ${5} วินาที
10220300872	Increases 【Basic Attack】 skill damage by ${1}%.	เพิ่มดาเมจสกิล [ Basic Attack ] ขึ้น ${1}%
10220300871	Increases your Crit by @{1} for @{2} seconds, up to @{3} stacks.	เพิ่ม CRIT ของคุณขึ้น @{1} เป็นเวลา @{2} วินาที สูงสุด @{3} stacks
10220300868	After casting Soul Destroyer @{1} times, increases your damage dealt by @{2}% for @{3} seconds	หลังใช้ Soul Destroyer @{1} ครั้ง เพิ่มดาเมจที่คุณทำได้ขึ้น @{2}% เป็นเวลา @{3} วินาที
10220300866	Increases your Physical ATK by @{1}. After attacking, there is a @{2}% Chance to inflict 【Venom】 damage on the target, dealing Poison melee Physical damage equal to Physical ATK × @{3}%.	เพิ่ม P.ATK ของคุณขึ้น @{1} หลังโจมตี มีโอกาส @{2}% ทำให้เกิดดาเมจ [ Venom ] ใส่เป้าหมาย สร้างดาเมจกายภาพระยะประชิดธาตุ Poison เท่ากับ P.ATK × @{3}%
10220300865	After your Basic Attack deals damage, there is a ${1}% Chance to inflict 【Poisoned】 damage on the target, dealing Poison melee Physical damage equal to ${2}% of Physical ATK.	หลังการโจมตีปกติของคุณสร้างดาเมจ มีโอกาส ${1}% ทำให้เกิดดาเมจ [ Poisoned ] ใส่เป้าหมาย สร้างดาเมจกายภาพระยะประชิดธาตุ Poison เท่ากับ ${2}% ของ P.ATK
10220300864	When the effect ends, deals Poison melee Physical damage equal to @{3}% of Magic ATK that ignores FLEE to the target and up to @{2} enemies within a @{1}-meter radius, inflicting Poisoned.	เมื่อผลสิ้นสุด สร้างดาเมจกายภาพระยะประชิดธาตุ Poison เท่ากับ @{3}% ของ M.ATK ซึ่ง Ignore Flee แก่เป้าหมายและศัตรูสูงสุด @{2} ตัว ในรัศมี @{1} เมตร พร้อมทำให้ติด Poisoned
10220300862	When a dagger is equipped, Attack Speed +@{1}% and AGI +@{2}.	เมื่อสวมมีด ASPD +@{1}% และ AGI +@{2}
10220300861	When a dagger is equipped, Attack Speed +@{1} and AGI +@{2}.	เมื่อสวมมีด ASPD +@{1} และ AGI +@{2}
10220300860	Allows 【Sonic Blow】 to trigger its damage increase when the target has less than @{1}% HP, and changes the damage increase to @{2}%.	ทำให้ [ Sonic Blow ] ได้รับผลเพิ่มดาเมจเมื่อเป้าหมายมี HP ต่ำกว่า @{1}% และเปลี่ยนการเพิ่มดาเมจเป็น @{2}%
10220300859	When a katar-type weapon is equipped, Physical ATK +@{1}	เมื่อสวมอาวุธประเภทกาตาร์ P.ATK +@{1}
10220300856	While 【Cloaking】 is active, you cannot be seen or targeted. You are revealed after taking damage @{1} times or dealing damage.	ขณะ [ Cloaking ] ทำงาน คุณไม่สามารถถูกมองเห็นหรือเลือกเป็นเป้าหมายได้ เปิดเผยตัวหลังได้รับดาเมจ @{1} ครั้งหรือสร้างดาเมจ
10220300855	When dual-wielding daggers, Basic Attacks have a @{1}% Chance to deal damage twice (additional skill effect).\nWhen a katar is equipped, gain an Extra @{2}% Crit.	เมื่อถือมีดคู่ การโจมตีปกติมีโอกาส @{1}% สร้างดาเมจสองครั้ง (ผลสกิลเพิ่มเติม)\nเมื่อสวมกาตาร์ ได้รับ CRIT เพิ่มอีก @{2}%
10220300849	Immune to Knockback, Launch, Stun, Freeze, Petrify, Silence, Immobilize, and Blind effects	ป้องกันผล Knockback, Launch, Stun, Freeze, Petrify, Silence, Immobilize และ Blind
10220300848	Reduces field of vision	ลดขอบเขตการมองเห็น
10220300847	Movement Speed -@{1}, up to @{2} stacks	MSPD -@{1} สูงสุด @{2} stacks
10220300846	Movement Speed +@{1}, up to @{2} stacks	MSPD +@{1} สูงสุด @{2} stacks
10220300845	Increases Movement Speed by @{1}% and 【Dragon Breath】 damage by @{2}%.	เพิ่ม MSPD ขึ้น @{1}% และดาเมจของ [ Dragon Breath ] ขึ้น @{2}%
10220300844	After dealing damage, increases your DEF by @{1}%.	หลังสร้างดาเมจ เพิ่ม DEF ของคุณขึ้น @{1}%
10220300843	Draw power from Rune Runes to increase PATK by @{1}% and ASPD by @{2}%, plus an Extra @{3}% HP recover efficiency based on Max HP.	ดึงพลังจาก Rune Runes เพื่อเพิ่ม P.ATK ขึ้น @{1}% และ ASPD ขึ้น @{2}% พร้อมเพิ่มประสิทธิภาพการฟื้นฟู HP อีก @{3}% โดยอิง Max HP
10220300842	Draws power from Rune Runes, increasing Physical ATK by @{1}% and Attack Speed by @{2}%.	ดึงพลังจาก Rune Runes เพิ่ม P.ATK ขึ้น @{1}% และ ASPD ขึ้น @{2}%
10220300841	When you take melee damage, reflects the damage to nearby enemies, dealing Neutral melee Physical damage equal to @{3}% of the damage taken to up to @{2} enemies within a @{1}-meter radius. Built-in Cooldown: @{4} seconds.	เมื่อได้รับดาเมจระยะประชิด สะท้อนดาเมจแก่ศัตรูใกล้เคียง สร้างดาเมจกายภาพระยะประชิดไร้ธาตุเท่ากับ @{3}% ของดาเมจที่ได้รับ แก่ศัตรูสูงสุด @{2} ตัว ในรัศมี @{1} เมตร CD ภายใน: @{4} วินาที
10220300839	When 【Slashing Strike】 hits a target, gain @{1}% Haste.	เมื่อ [ Slashing Strike ] โจมตีโดนเป้าหมาย ได้รับ Haste @{1}%
10220300838	Slowed by @{1}% by 【Sky-Splitting Impact】.	ถูก [ Sky-Splitting Impact ] ลดความเร็วลง @{1}%
10220300832	First floor: Movement Speed reduced by @{1}%;\nSecond floor: Attack Speed reduced by @{2}%;\nThird floor: Physical DEF reduced by @{3}%;\nFourth floor: Damage taken increased by @{4}%.	ชั้นแรก: MSPD ลดลง @{1}%;\nชั้นที่สอง: ASPD ลดลง @{2}%;\nชั้นที่สาม: P.DEF ลดลง @{3}%;\nชั้นที่สี่: ดาเมจที่ได้รับเพิ่มขึ้น @{4}%
10220300831	Immune to Slow. Increases ST Normal Attack damage by @{1}% and Spiral Pierce damage by @{2}%.	ป้องกัน Slow เพิ่มดาเมจการโจมตีปกติแบบ Single Target ขึ้น @{1}% และดาเมจของ Spiral Pierce ขึ้น @{2}%
10220300830	Parries enemy attacks, increasing Physical and Magic DEF by @{1}. Auto Counters when taking melee Physical damage.	ปัดป้องการโจมตีของศัตรู เพิ่ม P.DEF และ M.DEF ขึ้น @{1} ใช้ Auto Counter เมื่อได้รับดาเมจกายภาพระยะประชิด
10220300829	Endure. Increases HIT by @{1} and Physical ATK by @{2}, but reduces Physical DEF by @{3}.	Endure เพิ่ม Hit ขึ้น @{1} และ P.ATK ขึ้น @{2} แต่ลด P.DEF ลง @{3}
10220300828	Restores a total of @{2} Life over @{1} seconds.	ฟื้นฟู HP รวม @{2} ภายใน @{1} วินาที
10220300827	Head Crush Slow.	ผลลดความเร็วของ Head Crush
10220300825	Sword familiarity increases HIT by @{1} and Attack Speed by @{2}% when using sword-type weapons.	ความคุ้นเคยกับดาบเพิ่ม Hit ขึ้น @{1} และ ASPD ขึ้น @{2}% เมื่อใช้อาวุธประเภทดาบ
10220300824	Spear specialization increases Physical damage by @{1}% and Crit Chance by @{2}% when using Spear-type weapons.	ความเชี่ยวชาญหอกเพิ่ม P.DMG ขึ้น @{1}% และ CRIT ขึ้น @{2}% เมื่อใช้อาวุธประเภทหอก
10220300823	Spear proficiency increases Physical ATK by @{1} when using Spear-type weapons.	ความชำนาญหอกเพิ่ม P.ATK ขึ้น @{1} เมื่อใช้อาวุธประเภทหอก
10220300821	Mastery of riding increases Movement Speed by @{1}%.	ความชำนาญการขี่เพิ่ม MSPD ขึ้น @{1}%
10220300820	When hit by a melee Physical Attack, unleash a spectacular Auto Counter!	เมื่อถูกโจมตีกายภาพระยะประชิด ใช้ Auto Counter อันทรงพลัง!
10220300819	Sword proficiency increases Physical ATK by @{1} when using sword-type weapons.	ความชำนาญดาบเพิ่ม P.ATK ขึ้น @{1} เมื่อใช้อาวุธประเภทดาบ
10220300815	Ghost damage dealt increased by ^{1}@{1}%^{2}, 【Soul Burst】 Cooldown reduced by ^{3}@{2}%^{4}, and 【Psychokinetic Orb】 gains an Extra ^{5}@{3}^{6} floors per second.	ดาเมจธาตุ Ghost ที่ทำได้เพิ่มขึ้น ^{1}@{1}%^{2} ลด Cooldown ของ [ Soul Burst ] ลง ^{3}@{2}%^{4} และ [ Psychokinetic Orb ] ได้รับเพิ่มอีก ^{5}@{3}^{6} ชั้นต่อวินาที
10220300814	Void Rift	รอยแยกแห่งความว่างเปล่า
10220300813	Healing Reduction	การลดการฮีล
10220300812	Magic Release	ปลดปล่อยเวท
10220300811	Flowing Shadow Floors	จำนวนชั้นของ Flowing Shadow
10220300808	Movement Speed increased by @{1}% and Slow Resistance increased by @{2}.	MSPD เพิ่มขึ้น @{1}% และความต้านทาน Slow เพิ่มขึ้น @{2}
10220300807	Each floor grants a ^{1}【Shield】^{2} equal to @{1}% of Max Life.	แต่ละชั้นมอบ ^{1}[ Shield ]^{2} เท่ากับ @{1}% ของ Max HP
10220300806	【Dark Night】 floors	จำนวนชั้นของ [ Dark Night ]
10220300805	Damage taken from monsters reduced by @{1}% and damage taken from players reduced by @{2}%.	ดาเมจที่ได้รับจากมอนสเตอร์ลดลง @{1}% และดาเมจที่ได้รับจากผู้เล่นลดลง @{2}%
10220300804	【Holy Spirit Surge】 becomes 【Evil Spirit Possession】. When activated, you enter the 【Embrace of Sin】 state, raising a cross behind you that launches a coordinated attack whenever you deal damage. (Cooldown: @{1}s)\nWhen the coordinated attack scores a HIT, a wisp of 【Will】 flies back and restores charge to 【Stigmata】.	[ Holy Spirit Surge ] เปลี่ยนเป็น [ Evil Spirit Possession ] เมื่อเปิดใช้ เข้าสู่สถานะ [ Embrace of Sin ] ยกกางเขนขึ้นด้านหลังเพื่อโจมตีประสานทุกครั้งที่คุณสร้างดาเมจ (Cooldown: @{1} วินาที)\nเมื่อการโจมตีประสานโจมตีโดน เศษเสี้ยว [ Will ] จะบินกลับมาเติมชาร์จให้ [ Stigmata ]
10220300802	After casting 【Enlightenment】, gain one floor. Upon reaching @{1} floors, the next 【Enlightenment】 causes all targets hit to take damage again and increases your Movement Speed.\nThe Extra damage sends a wisp of 【Will】 flying back, restoring one charge of 【Stigma】.	หลังใช้ [ Enlightenment ] ได้รับหนึ่งชั้น เมื่อครบ @{1} ชั้น [ Enlightenment ] ครั้งถัดไปจะทำให้ทุกเป้าหมายที่ถูกโจมตีได้รับดาเมจอีกครั้งและเพิ่ม MSPD ของคุณ\nดาเมจเพิ่มเติมส่งเศษเสี้ยว [ Will ] บินกลับมาเติมหนึ่งชาร์จให้ [ Stigma ]
10220300800	【Brilliant Holy Light】can be Enhanced into 【Angel Incarnate】, reducing its Cooldown. Upon casting, transform into an Angel of Divine Light and convert Highness Heal into 【Manifestation】 for @{1}s. During this time, gain damage reduction and bonus Move SPD, float, and cast while moving.	[ Brilliant Holy Light ] สามารถเสริมพลังเป็น [ Angel Incarnate ] ลด Cooldown เมื่อใช้ แปลงร่างเป็น Angel of Divine Light และเปลี่ยน Highness Heal เป็น [ Manifestation ] เป็นเวลา @{1} วินาที ระหว่างนี้ ได้รับการลดดาเมจและโบนัส MSPD ลอยตัว และร่ายขณะเคลื่อนที่ได้
10220300799	For @{1}s after casting [Radiant Holy Light], Manifestation shatters Orbit. During this time, the next @{2} casts of Highness Heal summon translucent petals, restoring Life to allies within @{3}m of you.	ภายใน @{1} วินาทีหลังใช้ [ Radiant Holy Light ] Manifestation ทำลายวงโคจร ระหว่างนี้ การใช้ Highness Heal @{2} ครั้งถัดไปจะเรียกกลีบดอกไม้โปร่งแสง ฟื้นฟู HP ให้พันธมิตรในระยะ @{3} เมตรรอบตัวคุณ
10220300798	Every @{1} casts, Highness Heal will Level-up into 【Manifestation】. When cast, it manifests a shattered Orbit and chains once to up to @{3} allies within @{2} meters of the target. If a chained target is a party Member, they receive Extra healing.	ทุกการใช้ @{1} ครั้ง Highness Heal จะยกระดับเป็น [ Manifestation ] เมื่อใช้ สร้างวงโคจรแตกสลายและเชื่อมต่อหนึ่งครั้งถึงพันธมิตรสูงสุด @{3} คน ในระยะ @{2} เมตรรอบเป้าหมาย หากเป้าหมายที่เชื่อมเป็นสมาชิกปาร์ตี้ จะได้รับฮีลเพิ่มเติม
10220300797	When Highness Heal HITs an allied target, it triggers 【Equal Blessing】, chaining to @{2} targets within @{1} meters of the target. If a chained target is a party Member, they receive Extra healing.	เมื่อ Highness Heal โจมตีโดนเป้าหมายพันธมิตร ทำให้เกิด [ Equal Blessing ] เชื่อมต่อถึงเป้าหมาย @{2} คน ในระยะ @{1} เมตรรอบเป้าหมาย หากเป้าหมายที่เชื่อมเป็นสมาชิกปาร์ตี้ จะได้รับฮีลเพิ่มเติม
10220300796	DMG taken from the caster +${1}%. When taking damage from 【Soul Expansion】 or 【Voice of the Soul】, triggers @{1} instances of Ghost Ranged Magic damage equal to MATK * ^{1}${3}%^{2} within a ${2}-meter radius. Can trigger up to @{2} times every ${4} seconds.	ดาเมจที่ได้รับจากผู้ใช้สกิล +${1}% เมื่อได้รับดาเมจจาก [ Soul Expansion ] หรือ [ Voice of the Soul ] ทำให้เกิดดาเมจเวทระยะไกลธาตุ Ghost @{1} ครั้ง เท่ากับ M.ATK * ^{1}${3}%^{2} ในรัศมี ${2} เมตร เกิดได้สูงสุด @{2} ครั้งทุก ${4} วินาที
10220300795	Enhance the next 【Crimson Rock】, 【Jack Frost】, 【Thunderclap】, or 【Earth Strain】, adding Ranged Magic damage equal to MATK * ^{1}${1}%^{2} of the corresponding Element. The Chance to trigger ^{3}^{4}Meteor^{5}^{6}, ^{7}^{8}Frozen^{9}^{10}, ^{11}^{12}Petrify^{13}^{14}, or ^{15}^{16}Stun^{17}^{18} increases to ^{19}${2}%^{20}.	เสริมพลัง [ Crimson Rock ], [ Jack Frost ], [ Thunderclap ] หรือ [ Earth Strain ] ครั้งถัดไป เพิ่มดาเมจเวทระยะไกลเท่ากับ M.ATK * ^{1}${1}%^{2} ของธาตุที่ตรงกัน โอกาสเกิด ^{3}^{4}Meteor^{5}^{6}, ^{7}^{8}Frozen^{9}^{10}, ^{11}^{12}Petrify^{13}^{14} หรือ ^{15}^{16}Stun^{17}^{18} เพิ่มเป็น ^{19}${2}%^{20}
10220300794	Kill an enemy to refresh the Cooldown.	สังหารศัตรูเพื่อรีเฟรช Cooldown
10220300793	Damage dealt increased by @{1}%.	ดาเมจที่ทำได้เพิ่มขึ้น @{1}%
10220300792	【Shadow Pierce】 also grants one floor of 【Delusion】 for @{1} seconds. 【Delusion】: Killing an enemy in this state immediately refreshes @{2}% of 【Shadow Pierce】's Cooldown.	[ Shadow Pierce ] มอบ [ Delusion ] เพิ่มอีกหนึ่งชั้นเป็นเวลา @{1} วินาที [ Delusion ]: การสังหารศัตรูในสถานะนี้รีเฟรชทันที @{2}% ของ Cooldown ของ [ Shadow Pierce ]
10220300791	The shadow left behind by 【Move Back Afterimage】 mimics your 【Shadow Pierce】.	เงาที่ [ Move Back Afterimage ] ทิ้งไว้จะเลียนแบบ [ Shadow Pierce ] ของคุณ
10220300790	Using 【Shadow Command】, 【Thousand Shadows】, or 【Circling Shadow】 grants 【Shadow Chain】 for @{1} sec, stacking up to @{2} times. While 【Shadow Chain】 is active, damage dealt increases by @{3}% per stack.	การใช้ [ Shadow Command ], [ Thousand Shadows ] หรือ [ Circling Shadow ] มอบ [ Shadow Chain ] เป็นเวลา @{1} วินาที สะสมได้สูงสุด @{2} ครั้ง ขณะ [ Shadow Chain ] คงอยู่ ดาเมจที่ทำได้เพิ่มขึ้น @{3}% ต่อแต่ละ stacks
10220300789	Increases the effect radius of 【Shadow Ward】, 【Myriad Shadows】, and 【Circling Shadow】 by @{1} meters and their skill damage multiplier by @{2}%.	เพิ่มรัศมีผลของ [ Shadow Ward ], [ Myriad Shadows ] และ [ Circling Shadow ] อีก @{1} เมตร และเพิ่มตัวคูณดาเมจสกิลขึ้น @{2}%
10220300785	Movement Speed increased by @{1}% and Slow Resistance increased by @{2}.	MSPD เพิ่มขึ้น @{1}% และความต้านทาน Slow เพิ่มขึ้น @{2}
10220300783	While in 【Frenzy】, immediately gains @{1} floors of Enhance Hundred Spear charge.	ขณะอยู่ใน [ Frenzy ] ได้รับชาร์จ Enhance Hundred Spear @{1} ชั้นทันที
10220300782	Using skills or Normal Attacks deals Extra damage to nearby enemies.	การใช้สกิลหรือโจมตีปกติสร้างดาเมจเพิ่มเติมแก่ศัตรูใกล้เคียง
10220300781	While active, 【Warg Strike】, 【Warg Bite】, and 【Warg Hunt】 Summon Extra warg companions that deal ${1}% more Physical damage to non-player enemies.	ขณะทำงาน [ Warg Strike ], [ Warg Bite ] และ [ Warg Hunt ] เรียกหมาป่าบริวารเพิ่มเติมที่สร้างดาเมจกายภาพต่อศัตรูที่ไม่ใช่ผู้เล่นเพิ่มขึ้น ${1}%
10220300780	Physical ATK increased by @{1}%, and 【Aimed Shot】 skill damage multiplier increased by @{2}%.	P.ATK เพิ่มขึ้น @{1}% และตัวคูณดาเมจสกิล [ Aimed Shot ] เพิ่มขึ้น @{2}%
10220300779	Number of skill casts	จำนวนครั้งที่ใช้สกิล
10220300778	Damage taken from monsters reduced by @{1}%, and Physical and Magic DEF increased by @{2}%.	ดาเมจที่ได้รับจากมอนสเตอร์ลดลง @{1}% และ P.DEF กับ M.DEF เพิ่มขึ้น @{2}%
10220300776	Grants a shield equal to @{1}% of damage taken during King's Grace.	ได้รับโล่เท่ากับ @{1}% ของดาเมจที่ได้รับระหว่าง King's Grace
10220300775	Shield equal to Max HP * @{1}%	โล่เท่ากับ Max HP * @{1}%
10220300774	Each floor reduces Movement Speed by @{1}%.	แต่ละชั้นลด MSPD ลง @{1}%
10220300773	Each stack increases MSPD by ${1}%.	แต่ละ stacks เพิ่ม MSPD ขึ้น ${1}%
10220300772	Each stack increases ATK by ${2}%.	แต่ละ stacks เพิ่ม ATK ขึ้น ${2}%
10220300771	A vocal part gained from the Song of Suffering. Lasts ${1} seconds and stacks up to ${2} floors. Each floor adds one phrase launched by a Sacrament.	ท่อนเสียงที่ได้รับจาก Song of Suffering คงอยู่ ${1} วินาที และสะสมได้สูงสุด ${2} ชั้น แต่ละชั้นเพิ่มหนึ่งวลีที่ Sacrament ปล่อยออกมา
10220300770	Increases Holy damage dealt by @{1}%.	เพิ่มดาเมจธาตุ Holy ที่ทำได้ขึ้น @{1}%
10220300769	A faint hum produced by the Song of Suffering. Lasts @{1} seconds and stacks up to @{2} floors.	เสียงฮัมแผ่วเบาจาก Song of Suffering คงอยู่ @{1} วินาที และสะสมได้สูงสุด @{2} ชั้น
10220300768	Enveloped by Sacred Chorus Musical Notes, gaining a damage-absorbing Shield.	ถูกห้อมล้อมด้วย Sacred Chorus Musical Notes ได้รับโล่ดูดซับดาเมจ
10220300767	Surrounded by Psalms, granting a universal damage absorption shield.	ถูกห้อมล้อมด้วย Psalms ได้รับโล่ดูดซับดาเมจทุกประเภท
10220300765	Marked by Harmony. Triggers healing when the source casts Highness Heal.	ถูก Harmony ทำเครื่องหมาย ทำให้เกิดการฮีลเมื่อผู้สร้างสถานะใช้ Highness Heal
10220300764	Green Marker	เครื่องหมายสีเขียว
10220300763	Locks Life at @{1}%	ล็อก HP ไว้ที่ @{1}%
10220300762	Immune to damage from Beat Cage.	ป้องกันดาเมจจาก Beat Cage
10220300761	Cannot obtain notes right now	ขณะนี้ไม่สามารถรับโน้ตได้
10220300760	Carry the aura of a green note to dissolve the matching note	นำออร่าของโน้ตสีเขียวไปสลายโน้ตสีเดียวกัน
10220300759	Carry the aura of a yellow note to dissolve the matching note	นำออร่าของโน้ตสีเหลืองไปสลายโน้ตสีเดียวกัน
10220300758	Carry the aura of a blue note to dissolve the matching note	นำออร่าของโน้ตสีน้ำเงินไปสลายโน้ตสีเดียวกัน
10220300757	Carry the aura of a red note to dissolve the matching note	นำออร่าของโน้ตสีแดงไปสลายโน้ตสีเดียวกัน
10220300756	Tap for Interaction with the rhythm circle	แตะเพื่อโต้ตอบกับวงจังหวะ
10220300755	Gain a @{1}% Movement Speed and damage bonus	ได้รับโบนัส MSPD และดาเมจ @{1}%
10220300754	Dance Move Left	ท่าเต้นไปทางซ้าย
10220300753	Dance Move Right	ท่าเต้นไปทางขวา
10220300752	Dance Move Backward	ท่าเต้นถอยหลัง
10220300751	Dance Move Forward	ท่าเต้นไปข้างหน้า
10220300750	When you are at least @{1} meters from the Link target, you are afflicted with a Curse that Deals DMG to allies within a @{2}-meter radius.	เมื่อคุณอยู่ห่างจากเป้าหมาย Link อย่างน้อย @{1} เมตร จะติดคำสาปที่สร้างดาเมจแก่พันธมิตรในรัศมี @{2} เมตร
10220300749	Movement Speed +@{1}%. Touch a green bubble to gain a damage bonus.	MSPD +@{1}% สัมผัสฟองสบู่สีเขียวเพื่อรับโบนัสดาเมจ
10220300748	Movement Speed +@{1}%. Touch a blue bubble to gain a damage bonus.	MSPD +@{1}% สัมผัสฟองสบู่สีน้ำเงินเพื่อรับโบนัสดาเมจ
10220300747	Movement Speed +@{1}%. Touch a yellow bubble to gain a damage bonus.	MSPD +@{1}% สัมผัสฟองสบู่สีเหลืองเพื่อรับโบนัสดาเมจ
10220300745	Movement Speed +@{1}%. Touch a red bubble to gain a damage bonus.	MSPD +@{1}% สัมผัสฟองสบู่สีแดงเพื่อรับโบนัสดาเมจ
10220300742	Interrupt current skill and enter the enraged phase	ขัดจังหวะสกิลปัจจุบันและเข้าสู่ช่วงคลุ้มคลั่ง
10220300739	Entangled in the Pharaoh's burial shroud and Cannot move	ถูกพันด้วยผ้าห่อศพของ Pharaoh และไม่สามารถเคลื่อนที่ได้
10220300736	Overconcentration increases damage taken by @{1}%.	การจดจ่อมากเกินไปเพิ่มดาเมจที่ได้รับขึ้น @{1}%
10220300735	At @{1} stacks, inflicts Petrify	เมื่อครบ @{1} stacks ทำให้ติด Petrify
10220300734	Use a dungeon Revive attempt to cancel Transform	ใช้สิทธิ์ชุบชีวิตในดันเจี้ยนหนึ่งครั้งเพื่อยกเลิกการแปลงร่าง
10220300729	AOE released when the shield ends	ปล่อยการโจมตีแบบพื้นที่เมื่อโล่สิ้นสุด
10220300728	The boss's shield, used to block the flying blades launched by the boss	โล่ของบอสที่ใช้ป้องกันคมดาบบินซึ่งบอสปล่อยออกมา
10220300727	Blocks @{1}% of the damage from Giant Blade Slash.	ป้องกันดาเมจจาก Giant Blade Slash @{1}%
10220300725	You picked up the Orc's prized blade. Face the boss and use the skill.	คุณเก็บคมดาบล้ำค่าของ Orc มาแล้ว หันหน้าเข้าหาบอสแล้วใช้สกิล
10220300723	Check for teammates within 5 meters, then Launch your Kunai at them to deal damage.	ตรวจหาเพื่อนร่วมทีมในระยะ 5 เมตร แล้วขว้าง Kunai ใส่เพื่อสร้างดาเมจ
10220300722	Dungeon matchmaking decline penalty I: Cannot join dungeon matchmaking for @{1} sec.	โทษจากการปฏิเสธจับคู่ดันเจี้ยน I: ไม่สามารถเข้าร่วมจับคู่ดันเจี้ยนได้เป็นเวลา @{1} วินาที
10220300720	Enchant Carapace Shield, Damage Reduction	Enchant Carapace Shield มอบการลดดาเมจ
10220300719	Burrows underground, becoming immune to damage and Debuffs.	มุดลงใต้ดิน ป้องกันดาเมจและดีบัฟ
10220300710	Duration of control Protector skills +^{1}${1}^{2} sec.	ระยะเวลาของสกิล Protector แบบควบคุม +^{1}${1}^{2} วินาที
10220300709	Damage dealt by the Prismatic Earth Dragon -^{1}${1}%^{2}.	ดาเมจที่ Prismatic Earth Dragon ทำได้ -^{1}${1}%^{2}
10220300708	When a damage/control Protector skill deals damage, adds ${2} hit(s) of ^{1}${3}%^{2} Fire melee Physical damage.	เมื่อสกิล Protector แบบสร้างดาเมจ/ควบคุมสร้างดาเมจ เพิ่มการโจมตี ${2} ครั้งด้วยดาเมจกายภาพระยะประชิดธาตุ Fire ^{1}${3}%^{2}
10220300707	When a damage/control Protector skill deals damage, adds ${1} hit(s) of ^{1}${2}%^{2} Fire melee Physical damage.	เมื่อสกิล Protector แบบสร้างดาเมจ/ควบคุมสร้างดาเมจ เพิ่มการโจมตี ${1} ครั้งด้วยดาเมจกายภาพระยะประชิดธาตุ Fire ^{1}${2}%^{2}
10220300704	Increases the maximum number of targets for Debuff/control Protector skills by ^{1}${1}^{2} and increases their Cooldown by ^{3}${2}^{4} sec.	เพิ่มจำนวนเป้าหมายสูงสุดของสกิล Protector แบบดีบัฟ/ควบคุมอีก ^{1}${1}^{2} และเพิ่ม Cooldown อีก ^{3}${2}^{4} วินาที
10220300702	When a shield or control-immunity Protector skill is used, grants [Endure] to up to ${2} allies within a ${1}-meter radius of the master for ${3} sec.	เมื่อใช้สกิล Protector แบบโล่หรือป้องกันผลควบคุม มอบ [ Endure ] ให้พันธมิตรสูงสุด ${2} คน ในรัศมี ${1} เมตรรอบเจ้าของ เป็นเวลา ${3} วินาที
10220300701	HP Lock effect's internal Cooldown.	CD ภายในของผล HP Lock
10220300698	Life cannot fall below ^{1}${1}%^{2}.	HP ไม่สามารถลดต่ำกว่า ^{1}${1}%^{2}
10220300697	Physical/Magic ATK and DEF -^{1}${1}%^{2}, Attack Speed -^{3}${2}%^{4}, and Movement Speed -^{5}${3}%^{6}	P.ATK/M.ATK และ P.DEF/M.DEF -^{1}${1}%^{2}, ASPD -^{3}${2}%^{4} และ MSPD -^{5}${3}%^{6}
10220300695	On HIT, ^{1}${1}%^{2} Chance to reduce the enemy target's Movement Speed by ^{3}${2}%^{4}	เมื่อโจมตีโดน มีโอกาส ^{1}${1}%^{2} ลด MSPD ของเป้าหมายศัตรูลง ^{3}${2}%^{4}
10220300688	Grants a shield to allies within the area every second	มอบโล่ให้พันธมิตรในพื้นที่ทุกวินาที
10220300687	All-attribute damage taken reduced by ^{1}${1}%^{2}	ดาเมจที่ได้รับจากทุกธาตุลดลง ^{1}${1}%^{2}
10220300686	Damage taken from all elements is reduced by ^{1}${1}%^{2}. When hit, deals ^{3}${2}%^{4} ATK damage to enemies within @{1} meters.	ดาเมจที่ได้รับจากทุกธาตุลดลง ^{1}${1}%^{2} เมื่อถูกโจมตี สร้างดาเมจ ^{3}${2}%^{4} ของ ATK แก่ศัตรูในระยะ @{1} เมตร
10220300685	Damage taken from all attributes is reduced by ^{1}${3}%^{2}. Every ${2} sec, deals ^{3}${1}%^{4} ATK damage to enemies within @{1} meters.	ดาเมจที่ได้รับจากทุกธาตุลดลง ^{1}${3}%^{2} ทุก ${2} วินาที สร้างดาเมจ ^{3}${1}%^{4} ของ ATK แก่ศัตรูในระยะ @{1} เมตร
10220300680	P.ATK and M.ATK reduced by ^{1}${1}%^{2}	P.ATK และ M.ATK ลดลง ^{1}${1}%^{2}
10220300679	Offensive/Recovery Master Protection skills can be used while under crowd control.	สกิล Master Protection แบบ Offensive/Recovery ใช้ได้ขณะถูกควบคุม
10220300678	Cannot be seen or targeted. Revealed after taking damage @{1} times or dealing damage.	ไม่สามารถถูกมองเห็นหรือเลือกเป็นเป้าหมายได้ เปิดเผยตัวหลังได้รับดาเมจ @{1} ครั้งหรือสร้างดาเมจ
10220300672	Detects nearby invisible enemies.	ตรวจจับศัตรูล่องหนใกล้เคียง
10220300671	Reveals hidden enemies within a ${1}-meter radius.	เปิดเผยศัตรูที่ซ่อนตัวในรัศมี ${1} เมตร
10220300670	Increases Physical DEF by ${1}% and Magic DEF by ${2}%.	เพิ่ม P.DEF ขึ้น ${1}% และ M.DEF ขึ้น ${2}%
10220300669	Each time you take damage, Physical DEF increases by ${1}% and Magic DEF by ${2}%. Stacks up to ${3} times and lasts ${4} seconds.	ทุกครั้งที่ได้รับดาเมจ เพิ่ม P.DEF ขึ้น ${1}% และ M.DEF ขึ้น ${2}% สะสมได้สูงสุด ${3} ครั้ง และคงอยู่ ${4} วินาที
10220300668	Physical ATK increases by ${1}% for ${2} seconds.	P.ATK เพิ่มขึ้น ${1}% เป็นเวลา ${2} วินาที
10220300665	When dealing damage, deals ${1}% of the higher of Physical ATK and Magic ATK as Extra Neutral melee damage, with a ${2}% Chance to inflict Stun for ${3} sec. (internal cooldown: ${4} sec.).	เมื่อสร้างดาเมจ สร้างดาเมจระยะประชิดไร้ธาตุเพิ่มเติมเท่ากับ ${1}% ของค่าที่สูงกว่าระหว่าง P.ATK และ M.ATK มีโอกาส ${2}% ทำให้ติด Stun เป็นเวลา ${3} วินาที (CD ภายใน: ${4} วินาที)
10220300663	The shield granted by the Ancient Tree absorbs damage equal to ${1}% of Max Life.	โล่ที่ Ancient Tree มอบให้ดูดซับดาเมจเท่ากับ ${1}% ของ Max HP
10220300662	For every @{1}% Life lost, damage dealt increases by ${1}%.	ทุก @{1}% HP ที่เสียไป เพิ่มดาเมจที่ทำได้ขึ้น ${1}%
10220300660	Cast Time increased by @{1}, MP Cost increased by @{2}%.	Cast Time เพิ่มขึ้น @{1} และ MP ที่ใช้เพิ่มขึ้น @{2}%
10220300657	Triggers Fire Damage when dealing damage.	ทำให้เกิดดาเมจธาตุ Fire เมื่อสร้างดาเมจ
10220300656	Healing and healing received decrease by @{1}%, and Crit Resistance decreases by @{2}%.	การฮีลที่ทำได้และได้รับลดลง @{1}% และ CRIT RES ลดลง @{2}%
10220300655	Healing and healing received are reduced by @{1}%.	การฮีลที่ทำได้และได้รับลดลง @{1}%
10220300653	Movement Speed decreases by ${1}%, and Physical and Magic ATK decrease by ${2}%.	MSPD ลดลง ${1}% และ P.ATK กับ M.ATK ลดลง ${2}%
10220300652	Movement Speed increases by ${1}%, and Physical and Magic ATK increase by ${2}%.	MSPD เพิ่มขึ้น ${1}% และ P.ATK กับ M.ATK เพิ่มขึ้น ${2}%
10220300650	Physical and Magic DEF decreased.	P.DEF และ M.DEF ลดลง
10220300647	Reduces damage taken from players' Normal Attack skills by ${1}%.	ลดดาเมจที่ได้รับจากสกิลโจมตีปกติของผู้เล่นลง ${1}%
10220300646	Shield: Absorbs total damage equal to ${1}% of your Magic ATK.	โล่: ดูดซับดาเมจรวมเท่ากับ ${1}% ของ M.ATK ของคุณ
10220300645	A shield granted by Sohee absorbs damage equal to ${1}% of Max Life. While the shield is active, damage taken is reduced by ${2}%.	โล่ที่ Sohee มอบให้ดูดซับดาเมจเท่ากับ ${1}% ของ Max HP ขณะโล่คงอยู่ ลดดาเมจที่ได้รับลง ${2}%
10220300643	Physical and Magic DEF increase by @{1}%.	P.DEF และ M.DEF เพิ่มขึ้น @{1}%
10220300642	When you Kill an enemy, cast [Curse of Malice] at the target's location.	เมื่อสังหารศัตรู ใช้ [ Curse of Malice ] ณ ตำแหน่งเป้าหมาย
10220300641	Gain ${1}% Lifesteal; Normal Attacks trigger Extra damage, dealing damage equal to a Normal Attack to up to @{2} enemies within @{1} meters of the target.	ได้รับ Lifesteal ${1}% การโจมตีปกติทำให้เกิดดาเมจเพิ่มเติมเท่ากับการโจมตีปกติ แก่ศัตรูสูงสุด @{2} ตัว ในระยะ @{1} เมตรรอบเป้าหมาย
10220300639	Buff duration extended by ${1} sec.	ระยะเวลาบัฟเพิ่มขึ้น ${1} วินาที
10220300638	Physical ATK and Magic ATK +${6}%	P.ATK และ M.ATK +${6}%
10220300637	Physical ATK and Magic ATK increase by ${5}%	P.ATK และ M.ATK เพิ่มขึ้น ${5}%
10220300636	Physical ATK and Magic ATK +${4}%	P.ATK และ M.ATK +${4}%
10220300635	Physical ATK and Magic ATK +${3}%	P.ATK และ M.ATK +${3}%
10220300634	Physical ATK and Magic ATK increase by ${2}%	P.ATK และ M.ATK เพิ่มขึ้น ${2}%
10220300633	Physical ATK and Magic ATK +${1}%	P.ATK และ M.ATK +${1}%
10220300631	Shield duration is extended by ${1} sec.	ระยะเวลาโล่เพิ่มขึ้น ${1} วินาที
10220300630	Reduces Ranged Physical damage taken by ${2}% for ${3} seconds.	ลดดาเมจกายภาพระยะไกลที่ได้รับลง ${2}% เป็นเวลา ${3} วินาที
10220300629	Grants a shield equal to ${1}% of the user's Life, reducing ranged Physical damage taken by ${2}% for ${3} seconds.	ได้รับโล่เท่ากับ ${1}% ของ HP ของผู้ใช้ ลดดาเมจกายภาพระยะไกลที่ได้รับลง ${2}% เป็นเวลา ${3} วินาที
10220300628	Increases the CRIT of offensive pet active skills by ${1}%.	เพิ่ม CRIT ของสกิล Active สัตว์เลี้ยงประเภทโจมตีขึ้น ${1}%
10220300621	For @{1}s, hitting a marked enemy grants @{2} stacks of increased damage	ภายใน @{1} วินาที การโจมตีโดนศัตรูที่ถูกทำเครื่องหมายมอบการเพิ่มดาเมจ @{2} stacks
10220300620	Grants Call Thunder buff Lv. @{1}	ได้รับบัฟ Call Thunder Lv. @{1}
10220300619	Increases the next instance of damage taken by ${1}%.	เพิ่มดาเมจครั้งถัดไปที่ได้รับขึ้น ${1}%
10220300618	Increases the next instance of damage dealt by ${1}%.	เพิ่มดาเมจครั้งถัดไปที่ทำได้ขึ้น ${1}%
10220300616	Granted by Popo. Increases this unit's DEF.	Popo มอบให้ เพิ่ม DEF ของยูนิตนี้
10220300615	Popo's Bubble Shield for its master.	Bubble Shield ที่ Popo มอบให้เจ้าของ
10220300612	If Physical ATK is higher than Magic ATK, attacks deal Physical damage. If Magic ATK is higher, attacks deal Magic damage.	หาก P.ATK สูงกว่า M.ATK การโจมตีจะสร้างดาเมจกายภาพ หาก M.ATK สูงกว่า การโจมตีจะสร้างดาเมจเวท
10220300611	Uses the higher of Physical ATK and Magic ATK when calculating ATK.	ใช้ค่าที่สูงกว่าระหว่าง P.ATK และ M.ATK ในการคำนวณ ATK
10220300610	Increases Attack Speed. Normal Attacks have a Chance to trigger Cursed Slash.	เพิ่ม ASPD การโจมตีปกติมีโอกาสใช้ Cursed Slash
10220300609	Inflicted by Baphomet Jr. Reduces this unit's Movement Speed.	ผลจาก Baphomet Jr. ลด MSPD ของยูนิตนี้
10220300608	Inflicted by the Fox Fairy. Reduces this unit's Wind damage dealt by ^{1}${1}%^{2}.	ผลจาก Fox Fairy ลดดาเมจธาตุ Wind ที่ยูนิตนี้ทำได้ลง ^{1}${1}%^{2}
10220300607	Granted by the Fox Fairy. Increases damage dealt by ^{1}${1}%^{2}.	Fox Fairy มอบให้ เพิ่มดาเมจที่ทำได้ขึ้น ^{1}${1}%^{2}
10220300606	Granted by Angel Popo. Increases this unit's healing received.	Angel Popo มอบให้ เพิ่มการฮีลที่ยูนิตนี้ได้รับ
10220300605	Nearby allies recover continuously.	พันธมิตรใกล้เคียงฟื้นฟูอย่างต่อเนื่อง
10220300604	Inflicted by Evilheart Hunter Eve. Reduces Physical DEF and Magic DEF by ^{1}${1}%^{2}.	ผลจาก Evilheart Hunter Eve ลด P.DEF และ M.DEF ลง ^{1}${1}%^{2}
10220300603	A shield granted by Little Isis. Increases DEF while the shield is active.	โล่ที่ Little Isis มอบให้ เพิ่ม DEF ขณะโล่คงอยู่
10220300602	Increases the target's Physical DEF and Magic DEF by ^{1}${1}%^{2}.	เพิ่ม P.DEF และ M.DEF ของเป้าหมายขึ้น ^{1}${1}%^{2}
10220300601	Reduces Movement Speed by @{1}% and increases damage taken from all elements by @{2}%.	ลด MSPD ลง @{1}% และเพิ่มดาเมจที่ได้รับจากทุกธาตุขึ้น @{2}%
10220300600	Reduces Movement Speed by @{1}% and damage dealt by @{2}%.	ลด MSPD ลง @{1}% และดาเมจที่ทำได้ลง @{2}%
10220300599	Increases damage taken from all elements by @{1}%.	เพิ่มดาเมจที่ได้รับจากทุกธาตุขึ้น @{1}%
10220300598	Increases damage dealt with all elements by @{1}%.	เพิ่มดาเมจที่ทำได้ด้วยทุกธาตุขึ้น @{1}%
10220300597	Granted by Alio. This unit's attacks gain the Surgical Mark effect.	Alio มอบให้ การโจมตีของยูนิตนี้ได้รับผล Surgical Mark
10220300596	Inflicted by the Death Witch. Reduces this unit's Magic DEF and healing received.	ผลจาก Death Witch ลด M.DEF และการฮีลที่ยูนิตนี้ได้รับ
10220300595	Damages all allies within a @{2}-meter radius every @{1} seconds for @{3} seconds	สร้างดาเมจแก่พันธมิตรทั้งหมดในรัศมี @{2} เมตร ทุก @{1} วินาที เป็นเวลา @{3} วินาที
10220300593	Orc Lord's Basic Attack deals area damage	การโจมตีปกติของ Orc Lord สร้างดาเมจแบบพื้นที่
10220300591	Locks HP at the fixed value @{1}	ล็อก HP ที่ค่าคงที่ @{1}
10220300590	Movement Speed Increase When Out of Combat	MSPD เพิ่มขึ้นขณะอยู่นอกการต่อสู้
10220300588	Vines created by Mandragora attacks destroy themselves	เถาวัลย์ที่สร้างจากการโจมตีของ Mandragora ทำลายตัวเอง
10220300587	Resets all skills upon leaving combat	รีเซ็ตสกิลทั้งหมดเมื่อออกจากการต่อสู้
10110300907	Using 【Shadow Command】, 【Thousand Shadows】, or 【Circling Shadow】 grants 【Shadow Chain】 for @{1} sec, stacking up to @{2} times. While 【Shadow Chain】 is active, damage dealt increases by @{3}% per stack.	การใช้ [ Shadow Command ], [ Thousand Shadows ] หรือ [ Circling Shadow ] มอบ [ Shadow Chain ] เป็นเวลา @{1} วินาที สะสมได้สูงสุด @{2} ครั้ง ขณะ [ Shadow Chain ] คงอยู่ ดาเมจที่ทำได้เพิ่มขึ้น @{3}% ต่อแต่ละ stacks
10110300941	When Highness Heal HITs an allied target, it triggers 【Equal Blessing】, chaining to @{2} targets within @{1} meters of the target. If a chained target is a party Member, they receive Extra healing.	เมื่อ Highness Heal โจมตีโดนเป้าหมายพันธมิตร ทำให้เกิด [ Equal Blessing ] เชื่อมต่อถึงเป้าหมาย @{2} คน ในระยะ @{1} เมตรรอบเป้าหมาย หากเป้าหมายที่เชื่อมเป็นสมาชิกปาร์ตี้ จะได้รับฮีลเพิ่มเติม
10110300942	Every @{1} casts, Highness Heal will Level-up into 【Manifestation】. When cast, it manifests a shattered Orbit and chains once to up to @{3} allies within @{2} meters of the target. If a chained target is a party Member, they receive Extra healing.	ทุกการใช้ @{1} ครั้ง Highness Heal จะยกระดับเป็น [ Manifestation ] เมื่อใช้ สร้างวงโคจรแตกสลายและเชื่อมต่อหนึ่งครั้งถึงพันธมิตรสูงสุด @{3} คน ในระยะ @{2} เมตรรอบเป้าหมาย หากเป้าหมายที่เชื่อมเป็นสมาชิกปาร์ตี้ จะได้รับฮีลเพิ่มเติม
10110300943	For @{1}s after casting [Radiant Holy Light], Manifestation shatters Orbit. During this time, the next @{2} casts of Highness Heal summon translucent petals, restoring Life to allies within @{3}m of you.	ภายใน @{1} วินาทีหลังใช้ [ Radiant Holy Light ] Manifestation ทำลายวงโคจร ระหว่างนี้ การใช้ Highness Heal @{2} ครั้งถัดไปจะเรียกกลีบดอกไม้โปร่งแสง ฟื้นฟู HP ให้พันธมิตรในระยะ @{3} เมตรรอบตัวคุณ
10110300944	【Brilliant Holy Light】can be Enhanced into 【Angel Incarnate】, reducing its Cooldown. Upon casting, transform into an Angel of Divine Light and convert Highness Heal into 【Manifestation】 for @{1}s. During this time, gain damage reduction and bonus Move SPD, float, and cast while moving.	[ Brilliant Holy Light ] สามารถเสริมพลังเป็น [ Angel Incarnate ] ลด Cooldown เมื่อใช้ แปลงร่างเป็น Angel of Divine Light และเปลี่ยน Highness Heal เป็น [ Manifestation ] เป็นเวลา @{1} วินาที ระหว่างนี้ ได้รับการลดดาเมจและโบนัส MSPD ลอยตัว และร่ายขณะเคลื่อนที่ได้
10110300948	【Holy Spirit Surge】 becomes 【Evil Spirit Possession】. When activated, you enter the 【Embrace of Sin】 state, raising a cross behind you that launches a coordinated attack whenever you deal damage. (Cooldown: @{1}s)\nWhen the coordinated attack scores a HIT, a wisp of 【Will】 flies back and restores charge to 【Stigmata】.	[ Holy Spirit Surge ] เปลี่ยนเป็น [ Evil Spirit Possession ] เมื่อเปิดใช้ เข้าสู่สถานะ [ Embrace of Sin ] ยกกางเขนขึ้นด้านหลังเพื่อโจมตีประสานทุกครั้งที่คุณสร้างดาเมจ (Cooldown: @{1} วินาที)\nเมื่อการโจมตีประสานโจมตีโดน เศษเสี้ยว [ Will ] จะบินกลับมาเติมชาร์จให้ [ Stigmata ]
10110301055	When equipped with a dagger, increases Attack Speed by ^{1}${1}^{2} and AGI by ^{3}${2}^{4}.	เมื่อสวมมีด เพิ่ม ASPD ขึ้น ^{1}${1}^{2} และ AGI ขึ้น ^{3}${2}^{4}
10800100073	^{1}^{2}[Grand Cross]^{3}^{4} and ^{5}^{6}[Holy Cross]^{7}^{8} additionally cast [Absolute Judex] on the target, dealing PATK*${3}%+${4} Neutral melee Physical damage to the target and a total of ${2} enemies within ${1} meters. Internal Cooldown: ${5} seconds.	^{1}^{2}[ Grand Cross ]^{3}^{4} และ ^{5}^{6}[ Holy Cross ]^{7}^{8} ใช้ [ Absolute Judex ] เพิ่มใส่เป้าหมาย สร้างดาเมจกายภาพระยะประชิดไร้ธาตุเท่ากับ P.ATK*${3}%+${4} แก่เป้าหมายและศัตรูรวม ${2} ตัว ในระยะ ${1} เมตร CD ภายใน: ${5} วินาที
10800100118	While ^{1}^{2}[Aura Blade]^{3}^{4} is active, ^{5}^{6}[Bash]^{7}^{8}'s percentage damage multiplier increases by ${1}% and its fixed damage increases by ${2}; ^{9}^{10}[Magnum Break]^{11}^{12}'s percentage damage multiplier increases by ${3}% and its fixed damage increases by ${4}; and ^{13}^{14}[Bowling Bash]^{15}^{16}'s percentage damage multiplier increases by ${5}% and its fixed damage increases by ${6}.	ขณะ ^{1}^{2}[ Aura Blade ]^{3}^{4} ทำงาน ตัวคูณดาเมจแบบเปอร์เซ็นต์ของ ^{5}^{6}[ Bash ]^{7}^{8} เพิ่มขึ้น ${1}% และดาเมจส่วนค่าคงที่เพิ่มขึ้น ${2}; ตัวคูณดาเมจแบบเปอร์เซ็นต์ของ ^{9}^{10}[ Magnum Break ]^{11}^{12} เพิ่มขึ้น ${3}% และดาเมจส่วนค่าคงที่เพิ่มขึ้น ${4}; ตัวคูณดาเมจแบบเปอร์เซ็นต์ของ ^{13}^{14}[ Bowling Bash ]^{15}^{16} เพิ่มขึ้น ${5}% และดาเมจส่วนค่าคงที่เพิ่มขึ้น ${6}
10800100135	Magic ATK +【Your Level*@{1}】	M.ATK +[ Your Level*@{1} ]
10800100136	When HP is below @{1}%, Physical DEF +【Your Level*@{2}】	เมื่อ HP ต่ำกว่า @{1}% P.DEF +[ Your Level*@{2} ]
10800100139	For buffs with the @{1} tag, maximum buff Floors +@{2}	สำหรับบัฟที่มีแท็ก @{1} จำนวนชั้นสูงสุดของบัฟ +@{2}
10800100247	After casting ^{1}^{2}[Grimtooth]^{3}^{4}, there is a ${1}% Chance to Deals DMG equal to PATK * ${4}% + ${5} as Neutral Melee Physical damage to up to ${3} enemies within a ${2}-meter radius of the target. Cooldown: ${6} seconds. ^{5}^{6}[Grimtooth]^{7}^{8}'s percentage damage multiplier increases by ${7}%, and its fixed damage increases by ${8}.	หลังใช้ ^{1}^{2}[ Grimtooth ]^{3}^{4} มีโอกาส ${1}% สร้างดาเมจกายภาพระยะประชิดไร้ธาตุเท่ากับ P.ATK * ${4}% + ${5} แก่ศัตรูสูงสุด ${3} ตัว ในรัศมี ${2} เมตรรอบเป้าหมาย Cooldown: ${6} วินาที ตัวคูณดาเมจแบบเปอร์เซ็นต์ของ ^{5}^{6}[ Grimtooth ]^{7}^{8} เพิ่มขึ้น ${7}% และดาเมจส่วนค่าคงที่เพิ่มขึ้น ${8}
10220300051	After using ^{1}^{2}【Cart Revolution】^{3}^{4}, immediately trigger @{1} instances of 【Gunpowder Throw】, dealing Fire melee Physical damage equal to PATK * ${3}% + ${4} to up to ${2} enemies within ${1} meters. This effect has a ${5}-second Cooldown.	หลังใช้ ^{1}^{2}[ Cart Revolution ]^{3}^{4} ใช้เพิ่มทันที @{1} ครั้งของ [ Gunpowder Throw ] สร้างดาเมจกายภาพระยะประชิดธาตุ Fire เท่ากับ P.ATK * ${3}% + ${4} แก่ศัตรูสูงสุด ${2} ตัว ในระยะ ${1} เมตร ผลนี้มี Cooldown ${5} วินาที
10220300055	^{1}^{2}【Hammer Fall】^{3}^{4} strikes ${1} enemies within range with 【Earth Spike】, dealing Neutral melee Physical damage equal to PATK * ${2}% + ${3}, with a ${4}% Chance to inflict ^{5}^{6}【Stun】^{7}^{8} for ${5} seconds. This effect has a ${6}-second Cooldown.	^{1}^{2}[ Hammer Fall ]^{3}^{4} โจมตีศัตรู ${1} ตัวในระยะด้วย [ Earth Spike ] สร้างดาเมจกายภาพระยะประชิดไร้ธาตุเท่ากับ P.ATK * ${2}% + ${3} มีโอกาส ${4}% ทำให้ติดสถานะ ^{5}^{6}[ Stun ]^{7}^{8} เป็นเวลา ${5} วินาที ผลนี้มี Cooldown ${6} วินาที
10220300066	^{1}^{2}[High Speed Cart Ram]^{3}^{4}performs @{1} Extra [Cart Clash] attacks against targets below ${1}% HP, dealing PATK*${2}%+${3} Neutral melee Physical damage and inflicting ^{5}^{6}[Stun]^{7}^{8} for @{2} seconds. This effect has a ${4}-second Cooldown.	^{1}^{2}[ High Speed Cart Ram ]^{3}^{4} โจมตีเพิ่มอีก @{1} ครั้งด้วย [ Cart Clash ] ใส่เป้าหมายที่มี HP ต่ำกว่า ${1}% สร้างดาเมจกายภาพระยะประชิดไร้ธาตุเท่ากับ P.ATK*${2}%+${3} และทำให้ติดสถานะ ^{5}^{6}[ Stun ]^{7}^{8} เป็นเวลา @{2} วินาที ผลนี้มี Cooldown ${4} วินาที
10220300067	^{1}^{2}【High Speed Cart Ram】^{3}^{4} triggers 【Explosive Strike】 an Extra @{1} times when cast, dealing Neutral melee Physical damage equal to PATK * ${3}% + ${4} to up to ${2} enemies within ${1} meters. This effect has a ${5}-second Cooldown.	เมื่อใช้ ^{1}^{2}[ High Speed Cart Ram ]^{3}^{4} ใช้ [ Explosive Strike ] เพิ่มอีก @{1} ครั้ง สร้างดาเมจกายภาพระยะประชิดไร้ธาตุเท่ากับ P.ATK * ${3}% + ${4} แก่ศัตรูสูงสุด ${2} ตัว ในระยะ ${1} เมตร ผลนี้มี Cooldown ${5} วินาที
10220300131	Melee Basic Attacks have a @{1}% Chance to trigger a Splash effect within a @{2}-meter radius. (This Splash does not count as a Normal Attack effect.) Affects up to @{3} Extra targets, with damage reduced to @{4}% of the original. Internal Cooldown: @{5} seconds.	การโจมตีปกติระยะประชิดมีโอกาส @{1}% ทำให้เกิดดาเมจกระจายในรัศมี @{2} เมตร (ดาเมจกระจายนี้ไม่นับเป็นผลการโจมตีปกติ) มีผลต่อเป้าหมายเพิ่มเติมสูงสุด @{3} ตัว โดยดาเมจลดเหลือ @{4}% ของเดิม CD ภายใน: @{5} วินาที
10220300132	Melee Basic Attacks trigger a Splash effect within a @{1}-meter radius. (This Splash does not count as a Normal Attack effect.) Affects up to @{2} Extra targets, with damage reduced to @{3}% of the original. Internal Cooldown: @{4} seconds.	การโจมตีปกติระยะประชิดทำให้เกิดดาเมจกระจายในรัศมี @{1} เมตร (ดาเมจกระจายนี้ไม่นับเป็นผลการโจมตีปกติ) มีผลต่อเป้าหมายเพิ่มเติมสูงสุด @{2} ตัว โดยดาเมจลดเหลือ @{3}% ของเดิม CD ภายใน: @{4} วินาที
10220300143	After taking lethal skill damage, you may choose whether to Revive. After Revive, Life becomes @{1}. You are Invincible and Cannot move or Cannot use skill for @{2} seconds. After @{3} seconds, Life/MP is restored to @{4}%. Internal Cooldown: @{5} minutes.	หลังได้รับดาเมจสกิลถึงตาย คุณเลือกได้ว่าจะชุบชีวิตหรือไม่ หลังชุบชีวิต HP เปลี่ยนเป็น @{1} คุณเป็นอมตะและไม่สามารถเคลื่อนที่หรือใช้สกิลได้เป็นเวลา @{2} วินาที หลังผ่านไป @{3} วินาที ฟื้นฟู HP/MP เป็น @{4}% CD ภายใน: @{5} นาที
10220300145	After taking lethal skill damage, you may choose whether to Revive. After Revive, Life/MP is immediately restored to @{1}%. Internal Cooldown: @{2} minutes. After the death-prevention effect triggers, Physical/Magic damage taken is reduced by @{3}% for @{4} seconds.	หลังได้รับดาเมจสกิลถึงตาย คุณเลือกได้ว่าจะชุบชีวิตหรือไม่ หลังชุบชีวิต ฟื้นฟู HP/MP ทันทีเป็น @{1}% CD ภายใน: @{2} นาที หลังผลป้องกันการตายทำงาน ลดดาเมจกายภาพ/เวทที่ได้รับลง @{3}% เป็นเวลา @{4} วินาที
10220300213	Become Ultimate Giant for @{1} sec., recovering @{2}% Max Life per sec., increasing Movement Speed by @{3}%, and increasing damage by @{4}%. (Triggers immediately while both Giant and Super Giant are active. Gaining this effect removes Giant and Super Giant.)	แปลงร่างเป็น Ultimate Giant เป็นเวลา @{1} วินาที ฟื้นฟู @{2}% ของ Max HP ทุกวินาที เพิ่ม MSPD ขึ้น @{3}% และเพิ่มดาเมจขึ้น @{4}% (เกิดผลทันทีขณะ Giant และ Super Giant ทำงานพร้อมกัน การได้รับผลนี้ยกเลิก Giant และ Super Giant)
12390100727	Ore from the dwarven realm of Vartalheim, blessed by a legendary armorsmith.\n^{1}Use: Used to refine armor. On failure, the Refine Level will not decrease^{2}	แร่จากอาณาจักรคนแคระ Vartalheim ที่ได้รับพรจากช่างเกราะในตำนาน\n^{1}การใช้งาน: ใช้ตีบวกเกราะ เมื่อล้มเหลว เลเวลการตีบวกจะไม่ลดลง^{2}
12390100726	Secret ore from the dwarven realm of Vartalheim, said in Legend to share the same origin as the world itself. It is every craftsperson's lifelong pursuit.\n^{1}Use: Used to refine weapons and accessories. Increases the refinement success rate; on failure, the Refine Level will not decrease and the equipment will not be damaged^{2}	แร่ลับจากอาณาจักรคนแคระ Vartalheim ตามตำนานมีต้นกำเนิดร่วมกับโลก เป็นสิ่งที่ช่างฝีมือทุกคนใฝ่หาตลอดชีวิต\n^{1}การใช้งาน: ใช้ตีบวกอาวุธและเครื่องประดับ เพิ่มอัตราสำเร็จ เมื่อล้มเหลว เลเวลการตีบวกจะไม่ลดลงและอุปกรณ์จะไม่เสียหาย^{2}
12390100725	Ore from the dwarven realm of Vartalheim, blessed by a legendary weaponsmith.\n^{1}Use: Used to refine weapons and accessories. On failure, the Refine Level will not decrease^{2}	แร่จากอาณาจักรคนแคระ Vartalheim ที่ได้รับพรจากช่างอาวุธในตำนาน\n^{1}การใช้งาน: ใช้ตีบวกอาวุธและเครื่องประดับ เมื่อล้มเหลว เลเวลการตีบวกจะไม่ลดลง^{2}
12390100724	A lightweight, nontoxic Metal that makes any armor refined with it stronger.\n^{1}Use: Can be used to refine armor and accessories from +@{1} to +@{2}^{2}	โลหะน้ำหนักเบาที่ไม่มีพิษ ทำให้เกราะที่ตีบวกด้วยโลหะนี้แข็งแกร่งขึ้น\n^{1}การใช้งาน: ใช้ตีบวกเกราะและเครื่องประดับจาก +@{1} ถึง +@{2}^{2}
12390100723	High-density Oridecon formed over many years deep underground. It can refine weapons and accessories with a higher Refine Level.\n^{1}Use: Can be used to refine weapons and accessories from +@{1} to +@{2}^{2}	Oridecon ความหนาแน่นสูงที่ก่อตัวใต้ดินลึกเป็นเวลาหลายปี ใช้ตีบวกอาวุธและเครื่องประดับที่มีเลเวลการตีบวกสูงขึ้นได้\n^{1}การใช้งาน: ใช้ตีบวกอาวุธและเครื่องประดับจาก +@{1} ถึง +@{2}^{2}
12390100722	A mysterious Metal known as Oridecon. Harder than anything else, it was discovered by the Enhance Association to be useful for refining weapons and accessories.\n^{1} Use: Can be used to refine weapons and accessories from +@{1} to +@{2} ^{2}	โลหะลึกลับที่เรียกว่า Oridecon แข็งกว่าสิ่งอื่นทั้งหมด Enhance Association ค้นพบว่าใช้ตีบวกอาวุธและเครื่องประดับได้\n^{1} การใช้งาน: ใช้ตีบวกอาวุธและเครื่องประดับจาก +@{1} ถึง +@{2} ^{2}
12390100708	Open this gift box for a chance to obtain a large amount of Diamonds, Equipment Refining Materials, and Rare Cards.	เปิดกล่องของขวัญนี้เพื่อลุ้นรับเพชรจำนวนมาก วัตถุดิบตีบวกอุปกรณ์ และการ์ดหายาก
12390100707	Open this Pack to obtain a Tier @{1} Weapon Crafting Blueprint, an Armor Crafting Blueprint, and the corresponding Crafting Materials.	เปิดแพ็กนี้เพื่อรับพิมพ์เขียวสร้างอาวุธ Tier @{1} พิมพ์เขียวสร้างเกราะ และวัตถุดิบสร้างที่ตรงกัน
12390100640	An accessory mold carefully carved from solid wood. Every detail has been meticulously refined to ensure a flawless finished product.	แม่พิมพ์เครื่องประดับที่แกะสลักอย่างประณีตจากไม้เนื้อแข็ง ทุกรายละเอียดผ่านการขัดเกลาอย่างพิถีพิถันเพื่อให้ชิ้นงานสำเร็จสมบูรณ์แบบ
12390100330	On the ^{3}oldest stone bridge^{4} in ^{1}Geffen^{2}, examine the joint in the central support beam. A gift lies within a carefully crafted hidden recess.	บน ^{3}สะพานหินที่เก่าแก่ที่สุด^{4} ใน ^{1}Geffen^{2} ตรวจดูรอยต่อในคานค้ำกลางสะพาน มีของขวัญอยู่ในช่องลับที่สร้างอย่างประณีต
10110300619	Silver Moon Witch Summons Moonlight to strike the selected location, dealing Neutral Ranged ^{5}Adaptive Damage^{6} equal to the owner's ^{1}Adaptive Attack^{2}*^{3}${4}%^{4} to up to ${3} enemies within the designated ${2}-meter-radius area within ${1} meters of the owner. For the next ${5} sec, hitting an enemy has a ^{7}${6}%^{8} Chance to grant the owner ^{9}^{10}【Moonlight】^{11}^{12}, increasing damage by ^{13}${7}%^{14} for ${8} sec. This DMG Bonus is guaranteed if the target hit is more than ${9} meters away from You.	Silver Moon Witch เรียกแสงจันทร์โจมตีตำแหน่งที่เลือก สร้างความเสียหายกายภาพไร้ธาตุระยะไกลแบบ ^{5}Adaptive Damage^{6} เท่ากับ ^{1}Adaptive Attack^{2} ของเจ้าของ*^{3}${4}%^{4} แก่ศัตรูสูงสุด ${3} ตัว ในพื้นที่เป้าหมายรัศมี ${2} เมตร ซึ่งอยู่ในระยะ ${1} เมตรรอบเจ้าของ ใน ${5} วินาทีถัดไป การโจมตีโดนศัตรูมีโอกาส ^{7}${6}%^{8} มอบ ^{9}^{10}[ Moonlight ]^{11}^{12} ให้เจ้าของ เพิ่มดาเมจขึ้น ^{13}${7}%^{14} เป็นเวลา ${8} วินาที ได้รับโบนัสดาเมจนี้แน่นอนหากเป้าหมายที่ถูกโจมตีอยู่ห่างจากคุณเกิน ${9} เมตร
10110300622	The Silver Moon Witch summons moonlight to strike enemies, increasing the ranged damage of up to ${3} allies within ${2} meters by ^{1}${5}%^{2} for ${6} seconds and dealing Neutral ranged magic damage equal to Pet Magic ATK * ^{3}${4}%^{4} to up to ${3} enemies in a ${1}-meter-by-${2}-meter area in front of her.	Silver Moon Witch เรียกแสงจันทร์โจมตีศัตรู เพิ่มดาเมจระยะไกลให้พันธมิตรสูงสุด ${3} คน ในระยะ ${2} เมตรขึ้น ^{1}${5}%^{2} เป็นเวลา ${6} วินาที และสร้างดาเมจเวทระยะไกลไร้ธาตุเท่ากับ M.ATK ของสัตว์เลี้ยง * ^{3}${4}%^{4} แก่ศัตรูสูงสุด ${3} ตัว ในพื้นที่ขนาด ${1} เมตรคูณ ${2} เมตรด้านหน้าเธอ
10110300623	Demon Maid appears beside the master, removing their control effects and granting them ^{1}^{2}[Control Immunity]^{3}^{4} for ${1} seconds. She deals Neutral melee ^{9}Adaptive Damage^{10} equal to the master's ^{5}Adaptive ATK^{6}*^{7}${4}%^{8} to up to ${3} enemies within a ${2}-meter radius and inflicts ^{11}^{12}[Silence]^{13}^{14} on enemies hit for ${6} seconds.	Demon Maid ปรากฏข้างเจ้าของ ล้างผลควบคุมและมอบ ^{1}^{2}[ Control Immunity ]^{3}^{4} ให้เจ้าของเป็นเวลา ${1} วินาที พร้อมสร้างความเสียหายกายภาพไร้ธาตุระยะประชิดแบบ ^{9}Adaptive Damage^{10} เท่ากับ ^{5}Adaptive ATK^{6} ของเจ้าของ*^{7}${4}%^{8} แก่ศัตรูสูงสุด ${3} ตัว ในรัศมี ${2} เมตร และทำให้ศัตรูที่ถูกโจมตีติด ^{11}^{12}[ Silence ]^{13}^{14} เป็นเวลา ${6} วินาที
10110300658	Goddess of Hope briefly gathers flames before charging forward, dealing Neutral melee Physical damage equal to PATK*^{1}${4}%^{2} to up to ${3} enemies in a ${1}-meter-by-${2}-meter area in the designated direction. Grants the owner ^{3}【Divine Hope】^{4} for ${5} sec: increases Physical DEF and MDEF by ^{5}${6}%^{6}. While Active, the owner's HP cannot fall below ^{7}${7}%^{8}.	Goddess of Hope รวบรวมเปลวไฟช่วงสั้นๆ ก่อนพุ่งไปด้านหน้า สร้างดาเมจกายภาพระยะประชิดไร้ธาตุเท่ากับ P.ATK*^{1}${4}%^{2} แก่ศัตรูสูงสุด ${3} ตัว ในพื้นที่ขนาด ${1} เมตรคูณ ${2} เมตรตามทิศทางที่กำหนด มอบ ^{3}[ Divine Hope ]^{4} ให้เจ้าของเป็นเวลา ${5} วินาที: เพิ่ม P.DEF และ M.DEF ขึ้น ^{5}${6}%^{6} ขณะคงอยู่ HP ของเจ้าของไม่สามารถลดต่ำกว่า ^{7}${7}%^{8}
10110300843	Can only be used during Madogear Pilot Ride. In a Two-Handed setup, equips ${1} Vulcan Arm in each hand and Launches attacks at ${3} designated enemies within ${2} meters, dealing ${4} hits of Neutral Ranged Physical damage equal to PATK * ^{1}${5}%^{2}. Damage dealt to enemies carrying 【Melody Bubble】 is increased by an Extra ^{3}${6}%^{4}. Every ${7} Launches of 【Vulcan Arm】 triggers @{1} stack of 【Firepower Loaded】.\n【Firepower Loaded】: Each Launch from 【Melody Cannon】 fires ${8} Cannon rounds for ${9} activations.	ใช้ได้เฉพาะขณะขี่ Madogear Pilot ในรูปแบบสองมือ ติดตั้ง Vulcan Arm ${1} กระบอกในมือแต่ละข้าง แล้วโจมตีศัตรูที่กำหนด ${3} ตัว ในระยะ ${2} เมตร สร้างดาเมจกายภาพระยะไกลไร้ธาตุ ${4} ครั้ง เท่ากับ P.ATK * ^{1}${5}%^{2} ดาเมจที่ทำต่อศัตรูซึ่งมี [ Melody Bubble ] เพิ่มขึ้นอีก ^{3}${6}%^{4} ทุกการยิง ${7} ครั้งของ [ Vulcan Arm ] ทำให้ได้รับ @{1} stacks ของ [ Firepower Loaded ]\n[ Firepower Loaded ]: การใช้ [ Melody Cannon ] แต่ละครั้งยิงกระสุนปืนใหญ่ ${8} นัด มีผล ${9} ครั้ง
10110300844	"Can only be used in Madogear Pilot Ride mode. With a Two-Handed setup, equip ${1} Vulcan Arm in each hand, then Launch at ${3} designated enemies within ${2} meters, dealing ${4} hits of Neutral Ranged Physical damage equal to PATK *^{1}${5}%^{2}. Damage dealt to enemies carrying 【Melody Bubble】 is increased by an Extra ^{3}${6}%^{4}. Every ${7} Launches of 【Vulcan Arm】 trigger 【Firepower Loaded】 @{1} time.\n【Firepower Loaded】: Each Launch of 【Melody Cannon】 increases the number of Cannons fired to ${8} for ${9} Launches and increases Crit Chance by ^{5}${10}%^{6}."""	"ใช้ได้เฉพาะในโหมดขี่ Madogear Pilot ในรูปแบบสองมือ ติดตั้ง Vulcan Arm ${1} กระบอกในมือแต่ละข้าง แล้วโจมตีศัตรูที่กำหนด ${3} ตัว ในระยะ ${2} เมตร สร้างดาเมจกายภาพระยะไกลไร้ธาตุ ${4} ครั้ง เท่ากับ P.ATK *^{1}${5}%^{2} ดาเมจที่ทำต่อศัตรูซึ่งมี [ Melody Bubble ] เพิ่มขึ้นอีก ^{3}${6}%^{4} ทุกการยิง ${7} ครั้งของ [ Vulcan Arm ] ทำให้เกิด [ Firepower Loaded ] @{1} ครั้ง\n[ Firepower Loaded ]: การใช้ [ Melody Cannon ] แต่ละครั้งเพิ่มจำนวนกระสุนปืนใหญ่ที่ยิงเป็น ${8} นัด มีผล ${9} ครั้ง และเพิ่ม CRIT ขึ้น ^{5}${10}%^{6}"""
10110300923	Sequentially deals Water, Fire, Earth, and Wind Ranged Magic damage totaling MATK * ^{1}${4}%^{2} over @{1} hits to up to ${3} enemies within a ${2}-meter radius of the target within ${1} meters of You, while applying ^{3}【Pull】^{4}. Each attack has a ${5}% Chance to inflict ^{5}^{6}【Frozen】^{7}^{8}, ^{9}^{10}【Meteorite】^{11}^{12}, ^{13}^{14}【Petrify】^{15}^{16}, or ^{17} ^{18}【Stun】^{19} ^{20}. This skill is guaranteed to inflict at least 1 of these Status Effects. While in the ^{21}^{22}【Reading】^{23}^{24} state, consumes ${6} stacks of ^{25}【Book Page】^{26} to cast this skill 1 Extra time.	สร้างดาเมจเวทระยะไกลธาตุ Water, Fire, Earth และ Wind ตามลำดับ รวมเท่ากับ M.ATK * ^{1}${4}%^{2} ในการโจมตี @{1} ครั้ง แก่ศัตรูสูงสุด ${3} ตัว ในรัศมี ${2} เมตรรอบเป้าหมายที่อยู่ในระยะ ${1} เมตรจากคุณ พร้อมทำให้ติด ^{3}[ Pull ]^{4} แต่ละครั้งมีโอกาส ${5}% ทำให้ติด ^{5}^{6}[ Frozen ]^{7}^{8}, ^{9}^{10}[ Meteorite ]^{11}^{12}, ^{13}^{14}[ Petrify ]^{15}^{16} หรือ ^{17} ^{18}[ Stun ]^{19} ^{20} สกิลนี้ทำให้ติดสถานะเหล่านี้อย่างน้อย 1 สถานะแน่นอน ขณะอยู่ในสถานะ ^{21}^{22}[ Reading ]^{23}^{24} ใช้ ${6} stacks ของ ^{25}[ Book Page ]^{26} เพื่อใช้สกิลนี้เพิ่มอีก 1 ครั้ง
10110300970	Swing your weapon to unleash a blade of energy, dealing ${3} hits of Neutral melee Physical damage equal to Physical ATK * ^{1}${4}%^{2} to up to ${2} enemies within a ${1}-meter radius. Increases your Movement Speed by ^{3}${5}%^{4} for ${6} seconds. This skill is treated as a Normal Attack and is affected by ^{5}${7}%^{6} of your Attack Speed.	แกว่งอาวุธปล่อยคมดาบพลังงาน โจมตี ${3} ครั้งด้วยดาเมจกายภาพระยะประชิดไร้ธาตุเท่ากับ P.ATK * ^{1}${4}%^{2} แก่ศัตรูสูงสุด ${2} ตัว ในรัศมี ${1} เมตร เพิ่ม MSPD ของคุณขึ้น ^{3}${5}%^{4} เป็นเวลา ${6} วินาที สกิลนี้ถือเป็นการโจมตีปกติและได้รับผลจาก ^{5}${7}%^{6} ของ ASPD ของคุณ
10110300989	Within ${1} meters of yourself, sequentially deal @{1}% Wind, Earth, Fire, Water, and Ghost magic damage ${4} times each to enemies within a circular ${2}-meter radius	ในระยะ ${1} เมตรจากตัวคุณ สร้างดาเมจเวท @{1}% ธาตุ Wind, Earth, Fire, Water และ Ghost ตามลำดับ ธาตุละ ${4} ครั้ง แก่ศัตรูในพื้นที่วงกลมรัศมี ${2} เมตร
10110300993	Summons a meteor, dealing Magic ATK * ^{1}${3}%^{2} Fire-element ranged magic damage to up to ${8} enemies within a ${2}-meter radius around the target within ${1} meters of you, with a ${4}% Chance to trigger ^{3}【Falling Star】^{4}. While you are in the ^{5}【Reading】^{6} state, if the ^{7}【Pages】^{8} Floors reach ${9} or higher, this skill is cast one Extra time, then consumes ${9} Floors of ^{9}【Pages】^{10}. ^{11}【Falling Star】^{12}: Deals Fire-element ranged magic damage equal to the caster's Magic ATK * ^{13}${7}%^{14}.	เรียกอุกกาบาต สร้างดาเมจเวทระยะไกลธาตุ Fire เท่ากับ M.ATK * ^{1}${3}%^{2} แก่ศัตรูสูงสุด ${8} ตัว ในรัศมี ${2} เมตรรอบเป้าหมายที่อยู่ในระยะ ${1} เมตรจากคุณ มีโอกาส ${4}% ทำให้เกิด ^{3}[ Falling Star ]^{4} ขณะอยู่ในสถานะ ^{5}[ Reading ]^{6} หากจำนวนชั้นของ ^{7}[ Pages ]^{8} ถึง ${9} ขึ้นไป จะใช้สกิลนี้เพิ่มอีกหนึ่งครั้ง จากนั้นใช้ ${9} ชั้นของ ^{9}[ Pages ]^{10} ^{11}[ Falling Star ]^{12}: สร้างดาเมจเวทระยะไกลธาตุ Fire เท่ากับ M.ATK ของผู้ใช้ * ^{13}${7}%^{14}
10110301094	Deals 【${1}%*Physical ATK】 Physical damage. Each time 【Shadow Strike】 triggers, you gain 1 stack of 【Shadow Strike】, granting ${2}% Attack Speed/${3} CRIT for @{1} sec, up to @{2} stacks	สร้างดาเมจกายภาพเท่ากับ [ ${1}%*Physical ATK ] ทุกครั้งที่ [ Shadow Strike ] เกิดผล คุณได้รับ 1 stacks ของ [ Shadow Strike ] มอบ ASPD ${2}%/CRIT ${3} เป็นเวลา @{1} วินาที สูงสุด @{2} stacks
10110301108	When using Sonic Blow, unleashes an Extra mini “Sonic Blow” on up to two targets within @{1} meters (internal cooldown: @{2} sec.)	เมื่อใช้ Sonic Blow ปล่อย “Sonic Blow” ขนาดเล็กเพิ่มใส่เป้าหมายสูงสุดสองตัวในระยะ @{1} เมตร (CD ภายใน: @{2} วินาที)
10110301167	Increases your Neutral, Ghost, Fire, Water, Wind, and Earth Element DMG Bonus by ^{1}${1}%^{2}. When a Boss target resists your ^{3}^{4}【Frozen】^{5}^{6}, ^{7}^{8}【Petrify】^{9}^{10}, or ^{11}^{12}【Stun】^{13}^{14}, respectively deals Water/Earth/Wind Ranged Magic damage equal to your MATK * ^{15}${2}%^{16} to the target.	เพิ่มโบนัสดาเมจธาตุ Neutral, Ghost, Fire, Water, Wind และ Earth ของคุณขึ้น ^{1}${1}%^{2} เมื่อเป้าหมายบอสต้านทาน ^{3}^{4}[ Frozen ]^{5}^{6}, ^{7}^{8}[ Petrify ]^{9}^{10} หรือ ^{11}^{12}[ Stun ]^{13}^{14} ของคุณ จะสร้างดาเมจเวทระยะไกลธาตุ Water/Earth/Wind ตามลำดับ เท่ากับ M.ATK ของคุณ * ^{15}${2}%^{16} แก่เป้าหมาย
10110300601	Alicel uses Launch to send blades outward from herself, dealing Neutral melee ^{5}Adaptive Damage^{6} equal to the master's ^{1}Adaptive ATK^{2}*^{3}${3}%^{4} to up to ${2} enemies within a ${1}-meter radius.	Alicel ปล่อยคมดาบออกจากตัว สร้างความเสียหายกายภาพไร้ธาตุระยะประชิดแบบ ^{5}Adaptive Damage^{6} เท่ากับ ^{1}Adaptive ATK^{2} ของเจ้าของ*^{3}${3}%^{4} แก่ศัตรูสูงสุด ${2} ตัว ในรัศมี ${1} เมตร
10110301083	When 【Basic Attack】 lands a critical hit, casts 【Cross Impact】 on the target, dealing melee Physical damage equal to 【${1}% Physical ATK】	เมื่อ [ Basic Attack ] โจมตีติดคริติคอล ใช้ [ Cross Impact ] ใส่เป้าหมาย สร้างดาเมจกายภาพระยะประชิดเท่ากับ [ ${1}% Physical ATK ]
10110301084	After a critical hit with 【Basic Attack】, casts 【Cross Impact】 on the target, dealing melee Physical DMG equal to 【${2}% Physical ATK】	เมื่อ [ Basic Attack ] โจมตีติดคริติคอล ใช้ [ Cross Impact ] ใส่เป้าหมาย สร้างดาเมจกายภาพระยะประชิดเท่ากับ [ ${2}% Physical ATK ]
10110301085	When 【Basic Attack】 lands a critical hit, casts 【Cross Impact】 on the target, dealing 【${3}% Physical ATK】 melee Physical damage	เมื่อ [ Basic Attack ] โจมตีติดคริติคอล ใช้ [ Cross Impact ] ใส่เป้าหมาย สร้างดาเมจกายภาพระยะประชิดเท่ากับ [ ${3}% Physical ATK ]
10110301086	When a 【Basic Attack】 lands a critical hit, casts 【Cross Impact】 on the target, dealing 【${4}% Physical ATK】 as melee Physical damage	เมื่อ [ Basic Attack ] โจมตีติดคริติคอล ใช้ [ Cross Impact ] ใส่เป้าหมาย สร้างดาเมจกายภาพระยะประชิดเท่ากับ [ ${4}% Physical ATK ]
10110301087	After a 【Basic Attack】 critically hits, casts 【Cross Impact】 on the target, dealing 【${5}% Physical ATK】 as melee Physical damage	เมื่อ [ Basic Attack ] โจมตีติดคริติคอล ใช้ [ Cross Impact ] ใส่เป้าหมาย สร้างดาเมจกายภาพระยะประชิดเท่ากับ [ ${5}% Physical ATK ]
10110301088	After 【Basic Attack】 lands a critical hit, cast 【Cross Impact】 on the target, dealing 【${6}% Physical ATK】 melee Physical damage	เมื่อ [ Basic Attack ] โจมตีติดคริติคอล ใช้ [ Cross Impact ] ใส่เป้าหมาย สร้างดาเมจกายภาพระยะประชิดเท่ากับ [ ${6}% Physical ATK ]
10110301089	After 【Basic Attack】 lands a critical hit, unleash 【Cross Impact】 on the target, dealing 【${7}% Physical ATK】 as melee Physical damage	เมื่อ [ Basic Attack ] โจมตีติดคริติคอล ใช้ [ Cross Impact ] ใส่เป้าหมาย สร้างดาเมจกายภาพระยะประชิดเท่ากับ [ ${7}% Physical ATK ]
10110301090	When 【Basic Attack】 lands a critical hit, casts 【Cross Impact】 on the target, dealing melee Physical damage equal to 【${8}% Physical ATK】	เมื่อ [ Basic Attack ] โจมตีติดคริติคอล ใช้ [ Cross Impact ] ใส่เป้าหมาย สร้างดาเมจกายภาพระยะประชิดเท่ากับ [ ${8}% Physical ATK ]
10110301091	When 【Basic Attack】 lands a critical hit, casts 【Cross Impact】 on the target, dealing 【${9}% Physical ATK】 melee Physical damage	เมื่อ [ Basic Attack ] โจมตีติดคริติคอล ใช้ [ Cross Impact ] ใส่เป้าหมาย สร้างดาเมจกายภาพระยะประชิดเท่ากับ [ ${9}% Physical ATK ]
10110301092	After 【Basic Attack】 lands a critical hit, cast 【Cross Impact】 on the target, dealing melee Physical damage equal to 【${10}% Physical ATK】	เมื่อ [ Basic Attack ] โจมตีติดคริติคอล ใช้ [ Cross Impact ] ใส่เป้าหมาย สร้างดาเมจกายภาพระยะประชิดเท่ากับ [ ${10}% Physical ATK ]
10220300803	【Stigma】 becomes 【Black Feather Burst】, with enhanced visuals and damage. When 【Black Feather Burst】 has two charges, it becomes Enhanced. Casting it consumes both charges at once and deals skill damage twice, with the second hit covering a larger area. 【Divine Retribution】 becomes 【Demonic Judgment】. After it is cast, 【Black Feather Burst】 is automatically cast at the target's location.	[ Stigma ] เปลี่ยนเป็น [ Black Feather Burst ] พร้อมเอฟเฟกต์ภาพที่ดีขึ้นและดาเมจเพิ่มขึ้น เมื่อ [ Black Feather Burst ] มีสองชาร์จ จะเข้าสู่รูปแบบเสริมพลัง การใช้สกิลจะใช้ทั้งสองชาร์จพร้อมกันและสร้างดาเมจสกิลสองครั้ง โดยการโจมตีครั้งที่สองครอบคลุมพื้นที่กว้างขึ้น [ Divine Retribution ] เปลี่ยนเป็น [ Demonic Judgment ] หลังใช้สกิลนี้ จะใช้ [ Black Feather Burst ] ที่ตำแหน่งเป้าหมายโดยอัตโนมัติ
10220300801	【Judex】transforms into 【Enlightenment】, gaining enhanced visuals and increased damage. When cast, it deals one instance of Extra ST damage to up to @{2} enemies within @{1} meters of the target.\n【Second Holy Light】transforms into 【Interwoven Light and Shadow】 and has a Chance to be triggered by the initial hit of 【Enlightenment】, dealing Physical or Magic damage. While in 【Divine Stance】, the trigger Chance becomes @{3}%.	[ Judex ] เปลี่ยนเป็น [ Enlightenment ] พร้อมเอฟเฟกต์ภาพที่ดีขึ้นและดาเมจเพิ่มขึ้น เมื่อใช้ จะสร้างดาเมจ Single Target เพิ่มอีกหนึ่งครั้งแก่ศัตรูสูงสุด @{2} ตัว ในระยะ @{1} เมตรรอบเป้าหมาย\n[ Second Holy Light ] เปลี่ยนเป็น [ Interwoven Light and Shadow ] และมีโอกาสเกิดผลจากการโจมตีครั้งแรกของ [ Enlightenment ] สร้างดาเมจกายภาพหรือเวท ขณะอยู่ใน [ Divine Stance ] โอกาสเกิดผลจะเป็น @{3}%
10220300658	Fire damage taken +@{1}%.	ดาเมจธาตุ Fire ที่ได้รับ +@{1}%
10220300622	Triggers Call Thunder Lv. @{1}	ทำให้ Call Thunder Lv. @{1} เกิดผล
10220300617	Popo's Bubble Shield.	โล่ฟองสบู่ของ Popo
10220300594	Enters Blind status	ติดสถานะ Blind
10220300586	Take damage once every @{1} seconds.	ได้รับดาเมจหนึ่งครั้งทุก @{1} วินาที
10220300691	Debuff Immunity	ป้องกันดีบัฟ
10220300667	PATK increased	P.ATK เพิ่มขึ้น
10220300578	Hidden and cannot be seen or targeted\nRevealed after taking damage @{1} times	ซ่อนตัว ไม่สามารถมองเห็นหรือเลือกเป็นเป้าหมายได้\nเผยตัวหลังได้รับดาเมจ @{1} ครั้ง
10220300577	Creates a Light Field underfoot after @{1} seconds	สร้างสนามแสงใต้เท้าหลังจาก @{1} วินาที
10220300576	Takes damage every @{1} seconds. Each stack reduces damage dealt by @{2}%	ได้รับดาเมจทุก @{1} วินาที แต่ละ stacks ลดดาเมจที่ทำลง @{2}%
10220300575	Knockback Immunity	ป้องกันการกระเด็น
10220300573	Increases damage reduction from Demi-Human monsters by ${1}%~${2}%	เพิ่มการลดดาเมจที่ได้รับจากมอนสเตอร์เผ่า Demi-Human ขึ้น ${1}%~${2}%
10220300585	Creates a Dark Field underfoot after @{1} seconds	สร้างสนามมืดใต้เท้าหลังจาก @{1} วินาที
10220300584	Takes damage every @{1} seconds. Each stack reduces Healing Volume received by @{2}%	ได้รับดาเมจทุก @{1} วินาที แต่ละ stacks ลดปริมาณการรักษาที่ได้รับลง @{2}%
10220300583	Cannot move or attack	ไม่สามารถเคลื่อนที่หรือโจมตีได้
10220300582	Applies Petrify at @{1} stacks	ทำให้ติด Petrify เมื่อครบ @{1} stacks
10220300581	Reduces Movement Speed by @{1}% and continuously damages nearby enemies	ลด MSPD ลง @{1}% และสร้างดาเมจแก่ศัตรูใกล้เคียงอย่างต่อเนื่อง
10220300579	Enters Delusion, greatly increasing ATK and Attack Speed, but also increasing damage taken	เข้าสู่ Delusion เพิ่ม ATK และ ASPD อย่างมาก แต่เพิ่มดาเมจที่ได้รับด้วย
10220300566	Increases Magic ATK by ${1}~${2}	เพิ่ม M.ATK ขึ้น ${1}~${2}
10220300565	Increases Physical ATK by ${1}~${2}	เพิ่ม P.ATK ขึ้น ${1}~${2}
10220300564	Restores @{1} HP to self per second.	ฟื้นฟู HP ให้ตนเอง @{1} แต้มต่อวินาที
10220300563	Poring's bubble shield for its master.	โล่ฟองสบู่ที่ Poring มอบให้เจ้าของ
10220300562	^{1}^{2}【Mystical Amplification】^{3}^{4} grants ^{5}${1}^{6} Extra MATK.	^{1}^{2}[ Mystical Amplification ]^{3}^{4} มอบ M.ATK เพิ่มเติม ^{5}${1}^{6}
10220300560	When ^{1}^{2}【Gravitation Field】^{3}^{4} ends, inflicts ^{7}^{8}【Immobilize】^{9}^{10} on enemies in the area for ^{5}${1}^{6} seconds.	เมื่อ ^{1}^{2}[ Gravitation Field ]^{3}^{4} สิ้นสุด ทำให้ศัตรูในพื้นที่ติด ^{7}^{8}[ Immobilize ]^{9}^{10} เป็นเวลา ^{5}${1}^{6} วินาที
10220300572	Increases damage to Demi-Human monsters by ${1}%~${2}%	เพิ่มดาเมจที่ทำต่อมอนสเตอร์เผ่า Demi-Human ขึ้น ${1}%~${2}%
10220300571	Increases damage reduction from Medium Monsters by ${1}%~${2}%	เพิ่มการลดดาเมจที่ได้รับจากมอนสเตอร์ขนาดกลางขึ้น ${1}%~${2}%
10220300570	Increases Increased Damage to Medium Monsters by ${1}%~${2}%	เพิ่มโบนัสดาเมจที่ทำต่อมอนสเตอร์ขนาดกลางขึ้น ${1}%~${2}%
10220300569	Increases Magic DEF by ${1}~${2}	เพิ่ม M.DEF ขึ้น ${1}~${2}
10220300568	Increases Physical DEF by ${1}~${2}	เพิ่ม P.DEF ขึ้น ${1}~${2}
10220300567	Increases Life by ${1}~${2} when used	เพิ่ม HP ขึ้น ${1}~${2} เมื่อใช้
10220300559	After using ^{1}^{2}【Gravitation Field】^{3}^{4}, trigger 【Spatial Distortion】 @{1} times, dealing Ghost Ranged Magic damage equal to MATK * ^{9}${3}% + ${4}^{10} to up to ^{7}${2}^{8} enemies within a ^{5}${1}^{6}-meter radius. Has a ^{11}${5}%^{12} Chance to inflict 【Slow】 for ^{13}${6}^{14} seconds, reducing the target's MSPD by ^{15}${7}%^{16}.	หลังใช้ ^{1}^{2}[ Gravitation Field ]^{3}^{4} ทำให้ [ Spatial Distortion ] เกิดผล @{1} ครั้ง สร้างดาเมจเวทระยะไกลธาตุ Ghost เท่ากับ M.ATK * ^{9}${3}% + ${4}^{10} แก่ศัตรูสูงสุด ^{7}${2}^{8} ตัว ในรัศมี ^{5}${1}^{6} เมตร มีโอกาส ^{11}${5}%^{12} ทำให้ติด [ Slow ] เป็นเวลา ^{13}${6}^{14} วินาที ลด MSPD ของเป้าหมายลง ^{15}${7}%^{16}
10220300558	^{1}^{2}【Gravitation Field】^{3}^{4} DMG multiplier +^{5}${1}%^{6} and fixed skill damage +^{7}${2}^{8}.	^{1}^{2}[ Gravitation Field ]^{3}^{4} ได้รับตัวคูณดาเมจ +^{5}${1}%^{6} และดาเมจสกิลค่าคงที่ +^{7}${2}^{8}
10220300557	Each stack grants ^{1}${1}^{2} MATK, up to ^{3}${2}^{4} stacks.	แต่ละ stacks มอบ M.ATK ^{1}${1}^{2} สูงสุด ^{3}${2}^{4} stacks
10220300555	When ^{1}^{2}【Soul Drain】^{3}^{4} scores a Kill, gain ^{5}${1}^{6} MATK, up to ^{7}${2}^{8}. The amount gained is doubled when you Kill Players. Resets upon death, switching Locations, or going offline.	เมื่อ ^{1}^{2}[ Soul Drain ]^{3}^{4} สังหารเป้าหมายสำเร็จ ได้รับ M.ATK ^{5}${1}^{6} สูงสุด ^{7}${2}^{8} ได้รับเป็นสองเท่าเมื่อสังหารผู้เล่น รีเซ็ตเมื่อตาย เปลี่ยนพื้นที่ หรือออกจากเกม
10220300554	Increases Wind/Earth/Water/Fire/Neutral/Ghost damage dealt by ^{1}${1}%^{2}.	เพิ่มดาเมจธาตุ Wind/Earth/Water/Fire/Neutral/Ghost ที่ทำขึ้น ^{1}${1}%^{2}
10220300553	^{1}^{2}【Mystical Amplification】^{3}^{4} grants ^{5}${1}^{6} Extra Cast Speed.	^{1}^{2}[ Mystical Amplification ]^{3}^{4} มอบความเร็วร่ายเพิ่มเติม ^{5}${1}^{6}
10220300552	For each enemy hit by ^{1}^{2}【Napalm Vulcan】^{3}^{4}, its DMG Bonus increases by ^{5}${1}%^{6}, up to ^{7}${2}%^{8}, for every @{1} enemy hit.	แต่ละศัตรูที่ ^{1}^{2}[ Napalm Vulcan ]^{3}^{4} โจมตีโดน ทำให้โบนัสดาเมจของสกิลเพิ่มขึ้น ^{5}${1}%^{6} สูงสุด ^{7}${2}%^{8} ต่อศัตรูที่โจมตีโดนทุก @{1} ตัว
10220300551	After casting ^{3}^{4}【Magic Crasher】^{5}^{6} ^{1}${1}^{2} times, the next @{1} casts of ^{7}^{8}【Magic Crasher】^{9}^{10} gain a ^{11}${2}%^{12} skill damage multiplier and ^{13}${3}^{14} fixed damage.	หลังใช้ ^{3}^{4}[ Magic Crasher ]^{5}^{6} ^{1}${1}^{2} ครั้ง การใช้สกิล @{1} ครั้งถัดไปของ ^{7}^{8}[ Magic Crasher ]^{9}^{10} ได้รับตัวคูณดาเมจสกิล ^{11}${2}%^{12} และดาเมจค่าคงที่ ^{13}${3}^{14}
10220300550	^{1}^{2}【Magic Crasher】^{3}^{4} and ^{5}^{6}【Napalm Vulcan】^{7}^{8} gain a ^{9}${1}%^{10} skill damage multiplier and ^{11}${2}^{12} fixed damage.	^{1}^{2}[ Magic Crasher ]^{3}^{4} และ ^{5}^{6}[ Napalm Vulcan ]^{7}^{8} ได้รับตัวคูณดาเมจสกิล ^{9}${1}%^{10} และดาเมจค่าคงที่ ^{11}${2}^{12}
10220300549	For each enemy hit by ^{1}^{2}【Lord of Vermilion】^{3}^{4}, its DMG Bonus increases by ^{5}${1}%^{6}, up to ^{7}${2}%^{8}, for every @{1} enemy hit.	แต่ละศัตรูที่ ^{1}^{2}[ Lord of Vermilion ]^{3}^{4} โจมตีโดน ทำให้โบนัสดาเมจของสกิลเพิ่มขึ้น ^{5}${1}%^{6} สูงสุด ^{7}${2}%^{8} ต่อศัตรูที่โจมตีโดนทุก @{1} ตัว
10220300548	After using ^{1}^{2}【Storm Gust】^{3}^{4}, immediately triggers 【Frost Explosion】 @{1} times, dealing Water Ranged Magic damage equal to MATK*^{9}${3}%+${4}^{10} to up to ^{7}${2}^{8} enemies within a ^{5}${1}^{6}-meter radius, with a ^{11}${5}%^{12} Chance to inflict ^{13}^{14}【Frozen】^{15}^{16} for ^{17}${6}^{18} seconds.	หลังใช้ ^{1}^{2}[ Storm Gust ]^{3}^{4} ทำให้ [ Frost Explosion ] เกิดผลทันที @{1} ครั้ง สร้างดาเมจเวทระยะไกลธาตุ Water เท่ากับ M.ATK*^{9}${3}%+${4}^{10} แก่ศัตรูสูงสุด ^{7}${2}^{8} ตัว ในรัศมี ^{5}${1}^{6} เมตร มีโอกาส ^{11}${5}%^{12} ทำให้ติด ^{13}^{14}[ Frozen ]^{15}^{16} เป็นเวลา ^{17}${6}^{18} วินาที
10220300547	^{1}^{2}【Storm Gust】^{3}^{4} gains a ^{5}${1}%^{6} skill damage multiplier and ^{7}${2}^{8} fixed damage; ^{9}^{10}【Lord of Vermilion】^{11}^{12} gains a ^{13}${3}%^{14} skill damage multiplier and ^{15}${4}^{16} fixed damage.	^{1}^{2}[ Storm Gust ]^{3}^{4} ได้รับตัวคูณดาเมจสกิล ^{5}${1}%^{6} และดาเมจค่าคงที่ ^{7}${2}^{8}; ^{9}^{10}[ Lord of Vermilion ]^{11}^{12} ได้รับตัวคูณดาเมจสกิล ^{13}${3}%^{14} และดาเมจค่าคงที่ ^{15}${4}^{16}
10220300546	After using ^{1}^{2}【Heaven's Drive】^{3}^{4}, the next ^{5}^{6}【Meteor Storm】^{7}^{8} used within ${1} seconds creates an 【Ember Zone】 lasting ^{9}${2}^{10} seconds. Every ^{11}${3}^{12} seconds, it deals Fire Ranged Magic damage equal to MATK*^{15}${5}%+${6}^{16} to up to ^{13}${4}^{14} enemies within the area.	หลังใช้ ^{1}^{2}[ Heaven's Drive ]^{3}^{4} การใช้ ^{5}^{6}[ Meteor Storm ]^{7}^{8} ครั้งถัดไปภายใน ${1} วินาที จะสร้าง [ Ember Zone ] คงอยู่ ^{9}${2}^{10} วินาที ทุก ^{11}${3}^{12} วินาที สร้างดาเมจเวทระยะไกลธาตุ Fire เท่ากับ M.ATK*^{15}${5}%+${6}^{16} แก่ศัตรูสูงสุด ^{13}${4}^{14} ตัว ในพื้นที่
10220300545	After using ^{1}^{2}【Meteor Storm】^{3}^{4}, immediately triggers 【Fire Explosion】 @{1} times, dealing Fire Ranged Magic damage equal to MATK*^{9}${3}%+${4}^{10} to up to ^{7}${2}^{8} enemies within a ^{5}${1}^{6}-meter radius.	หลังใช้ ^{1}^{2}[ Meteor Storm ]^{3}^{4} ทำให้ [ Fire Explosion ] เกิดผลทันที @{1} ครั้ง สร้างดาเมจเวทระยะไกลธาตุ Fire เท่ากับ M.ATK*^{9}${3}%+${4}^{10} แก่ศัตรูสูงสุด ^{7}${2}^{8} ตัว ในรัศมี ^{5}${1}^{6} เมตร
10220300544	^{1}^{2}【Meteor Storm】^{3}^{4} gains a ^{5}${1}%^{6} skill damage multiplier and ^{7}${2}^{8} fixed damage; ^{9}^{10}【Heaven's Drive】^{11}^{12} gains a ^{13}${3}%^{14} skill damage multiplier and ^{15}${4}^{16} fixed damage.	^{1}^{2}[ Meteor Storm ]^{3}^{4} ได้รับตัวคูณดาเมจสกิล ^{5}${1}%^{6} และดาเมจค่าคงที่ ^{7}${2}^{8}; ^{9}^{10}[ Heaven's Drive ]^{11}^{12} ได้รับตัวคูณดาเมจสกิล ^{13}${3}%^{14} และดาเมจค่าคงที่ ^{15}${4}^{16}
10220300543	When ^{1}^{2}【Jupitel Thunder】^{3}^{4} hits, it triggers 【Thunderbolt】, dealing Wind Ranged Magic damage equal to MATK*^{5}${1}%+${2}^{6} to the target.	เมื่อ ^{1}^{2}[ Jupitel Thunder ]^{3}^{4} โจมตีโดน ทำให้ [ Thunderbolt ] เกิดผล สร้างดาเมจเวทระยะไกลธาตุ Wind เท่ากับ M.ATK*^{5}${1}%+${2}^{6} แก่เป้าหมาย
10220300540	After ^{1}^{2}【Fire Ball】^{3}^{4} hits the primary target, it deals Fire Ranged Magic damage equal to MATK*^{9}${3}%+${4}^{10} to up to ^{7}${2}^{8} enemies within a ^{5}${1}^{6}-meter radius.	หลัง ^{1}^{2}[ Fire Ball ]^{3}^{4} โจมตีโดนเป้าหมายหลัก สร้างดาเมจเวทระยะไกลธาตุ Fire เท่ากับ M.ATK*^{9}${3}%+${4}^{10} แก่ศัตรูสูงสุด ^{7}${2}^{8} ตัว ในรัศมี ^{5}${1}^{6} เมตร
10220300539	After ^{1}^{2}【Fire Ball】^{3}^{4} hits the primary target, it has a ^{5}${1}%^{6} Chance to trigger ^{7}^{8}【Fire Bolt】^{9}^{10} Lv. ^{11}${2}^{12} @{1} times.	หลัง ^{1}^{2}[ Fire Ball ]^{3}^{4} โจมตีโดนเป้าหมายหลัก มีโอกาส ^{5}${1}%^{6} ทำให้ ^{7}^{8}[ Fire Bolt ]^{9}^{10} Lv. ^{11}${2}^{12} เกิดผล @{1} ครั้ง
10220300538	^{1}^{2}【Fire Ball】^{3}^{4} and ^{5}^{6}【Sightrasher】^{7}^{8} gain a ^{9}${1}%^{10} skill damage multiplier and ^{11}${2}^{12} fixed damage.	^{1}^{2}[ Fire Ball ]^{3}^{4} และ ^{5}^{6}[ Sightrasher ]^{7}^{8} ได้รับตัวคูณดาเมจสกิล ^{9}${1}%^{10} และดาเมจค่าคงที่ ^{11}${2}^{12}
10220300534	After ^{1}^{2}【Fire Bolt】^{3}^{4}, ^{5}^{6}【Cold Bolt】^{7}^{8}, ^{9}^{10}【Lightning Bolt】^{11}^{12}, or ^{13}^{14}【Earth Spike】^{15}^{16} hits, it triggers 【Elemental Shock】 @{1} times, dealing Neutral Ranged Magic damage equal to MATK*^{21}${3}%+${4}^{22} to up to ^{19}${2}^{20} enemies within a ^{17}${1}^{18}-meter radius. Cooldown: ^{23}${5}^{24} seconds.	หลัง ^{1}^{2}[ Fire Bolt ]^{3}^{4}, ^{5}^{6}[ Cold Bolt ]^{7}^{8}, ^{9}^{10}[ Lightning Bolt ]^{11}^{12} หรือ ^{13}^{14}[ Earth Spike ]^{15}^{16} โจมตีโดน ทำให้ [ Elemental Shock ] เกิดผล @{1} ครั้ง สร้างดาเมจเวทระยะไกลธาตุ Neutral เท่ากับ M.ATK*^{21}${3}%+${4}^{22} แก่ศัตรูสูงสุด ^{19}${2}^{20} ตัว ในรัศมี ^{17}${1}^{18} เมตร CD: ^{23}${5}^{24} วินาที
10220300533	After ^{1}^{2}【Fire Bolt】^{3}^{4}, ^{5}^{6}【Cold Bolt】^{7}^{8}, ^{9}^{10}【Lightning Bolt】^{11}^{12}, or ^{13}^{14}【Earth Spike】^{15}^{16} hits, it triggers 【Elemental Pursuit】 @{1} times, dealing Neutral Ranged Magic damage equal to MATK*^{17}${1}%+${2}^{18} to the target. Cooldown: ^{19}${3}^{20} seconds.	หลัง ^{1}^{2}[ Fire Bolt ]^{3}^{4}, ^{5}^{6}[ Cold Bolt ]^{7}^{8}, ^{9}^{10}[ Lightning Bolt ]^{11}^{12} หรือ ^{13}^{14}[ Earth Spike ]^{15}^{16} โจมตีโดน ทำให้ [ Elemental Pursuit ] เกิดผล @{1} ครั้ง สร้างดาเมจเวทระยะไกลธาตุ Neutral เท่ากับ M.ATK*^{17}${1}%+${2}^{18} แก่เป้าหมาย CD: ^{19}${3}^{20} วินาที
10220300532	^{1}^{2}【Fire Bolt】^{3}^{4}, ^{5}^{6}【Cold Bolt】^{7}^{8}, ^{9}^{10}【Lightning Bolt】^{11}^{12}, and ^{13}^{14}【Earth Spike】^{15}^{16} are no longer affected by Cast Speed, and their CT is fixed at ^{17}${1}^{18} seconds.	^{1}^{2}[ Fire Bolt ]^{3}^{4}, ^{5}^{6}[ Cold Bolt ]^{7}^{8}, ^{9}^{10}[ Lightning Bolt ]^{11}^{12} และ ^{13}^{14}[ Earth Spike ]^{15}^{16} ไม่ได้รับผลจากความเร็วร่ายอีกต่อไป และมี CT คงที่ ^{17}${1}^{18} วินาที
10220300531	^{1}^{2}【Fire Bolt】^{3}^{4}, ^{5}^{6}【Cold Bolt】^{7}^{8}, ^{9}^{10}【Lightning Bolt】^{11}^{12}, and ^{13}^{14}【Earth Spike】^{15}^{16} have their damage multipliers increased by ^{17}${1}%^{18} and their fixed skill damage increased by ^{19}${2}^{20} points.	^{1}^{2}[ Fire Bolt ]^{3}^{4}, ^{5}^{6}[ Cold Bolt ]^{7}^{8}, ^{9}^{10}[ Lightning Bolt ]^{11}^{12} และ ^{13}^{14}[ Earth Spike ]^{15}^{16} ได้รับตัวคูณดาเมจเพิ่มขึ้น ^{17}${1}%^{18} และดาเมจสกิลค่าคงที่เพิ่มขึ้น ^{19}${2}^{20} แต้ม
10220300530	Increases Ghost damage dealt by ^{1}${1}%^{2}, reduces Soul Burst Cooldown by ${2}%, and increases the acquisition rate of Psychic Astral Bodies by ${3}%.	เพิ่มดาเมจธาตุ Ghost ที่ทำขึ้น ^{1}${1}%^{2} ลด CD ของ Soul Burst ลง ${2}% และเพิ่มอัตราการได้รับ Psychic Astral Bodies ขึ้น ${3}%
10220300522	Increases Ghost damage dealt by @{1}% and Cast Speed by @{2}.	เพิ่มดาเมจธาตุ Ghost ที่ทำขึ้น @{1}% และความเร็วร่ายขึ้น @{2}
10220300519	Damage taken from the caster increases by ${1}%.	ดาเมจที่ได้รับจากผู้ใช้สกิลเพิ่มขึ้น ${1}%
10220300518	Reduces Movement Speed by @{1}% and increases Ghost magic damage taken by @{2}%	ลด MSPD ลง @{1}% และเพิ่มดาเมจเวทธาตุ Ghost ที่ได้รับขึ้น @{2}%
10220300517	SP restored	ฟื้นฟู SP
10220300516	Restores a certain amount of SP upon Killing an enemy unit	ฟื้นฟู SP จำนวนหนึ่งเมื่อสังหารศัตรู
10220300529	After gaining @{1} Floors, the next 【Soul Burst】 triggers @{2} astral bodies to attack the target.	หลังได้รับ @{1} ชั้น การใช้ [ Soul Burst ] ครั้งถัดไปทำให้ร่างวิญญาณ @{2} ร่างโจมตีเป้าหมาย
10220300528	When using certain Job Talents, consumes corresponding ^{1}【Pages】^{2} Floors to cast them an Extra @{1} time(s).	เมื่อใช้ Job Talents บางอย่าง ใช้จำนวนชั้นของ ^{1}[ Pages ]^{2} ที่เกี่ยวข้อง เพื่อใช้ซ้ำเพิ่มอีก @{1} ครั้ง
10220300527	Reduces MSPD.	ลด MSPD
10220300526	Deals damage and inflicts Paralyze	สร้างดาเมจและทำให้ติด Paralyze
10220300524	Reduces Physical DEF and Magic DEF	ลด P.DEF และ M.DEF
10220300509	Blocks melee Physical damage	ป้องกันดาเมจกายภาพระยะประชิด
10220300507	Reveals hidden targets within a @{1}-meter radius	เผยเป้าหมายที่ซ่อนตัวในรัศมี @{1} เมตร
10220300506	Changes armor property to Water. Active only for the caster	เปลี่ยนธาตุเกราะเป็น Water มีผลเฉพาะผู้ใช้สกิล
10220300505	Changes armor property to Earth. Active only for the caster	เปลี่ยนธาตุเกราะเป็น Earth มีผลเฉพาะผู้ใช้สกิล
10220300504	Increases Wind damage taken by @{1}%	เพิ่มดาเมจธาตุ Wind ที่ได้รับขึ้น @{1}%
10220300503	Increases Fire damage taken by @{1}%	เพิ่มดาเมจธาตุ Fire ที่ได้รับขึ้น @{1}%
10220300515	Increases Magic ATK by ${1} and Cast Speed by ${2}	เพิ่ม M.ATK ขึ้น ${1} และความเร็วร่ายขึ้น ${2}
10220300514	Immobilize effect	เอฟเฟกต์ Immobilize
10220300513	Inflicts Blind, reducing Physical/Magic DEF by @{1}%	ทำให้ติด Blind ลด P.DEF/M.DEF ลง @{1}%
10220300512	Reduces Attack Speed by ${1}% and Movement Speed by ${2}%	ลด ASPD ลง ${1}% และ MSPD ลง ${2}%
10220300511	Blind effect	เอฟเฟกต์ Blind
10220300510	Stun effect	เอฟเฟกต์ Stun
10220300495	Brief Revive and recovery from a Yggdrasil Leaf Revive	ฟื้นคืนชีพชั่วคราวและฟื้นฟูจากการคืนชีพด้วย Yggdrasil Leaf
10220300494	Restores @{1} Life per sec. for @{2} sec.	ฟื้นฟู HP @{1} แต้มต่อวินาที เป็นเวลา @{2} วินาที
10220300498	Physical DEF increased by ${1} and Magic DEF by ${2}	P.DEF เพิ่มขึ้น ${1} และ M.DEF เพิ่มขึ้น ${2}
10220300496	Magic ATK increased by ${1} and Physical ATK by ${2}	M.ATK เพิ่มขึ้น ${1} และ P.ATK เพิ่มขึ้น ${2}
10220300487	Healing received reduced by ${1}%.	ปริมาณการรักษาที่ได้รับลดลง ${1}%
10220300484	While active, [Warg Strike], [Warg Bite], and [Warg Hunt] summon Extra Warg companions.	ขณะมีผล [ Warg Strike ], [ Warg Bite ] และ [ Warg Hunt ] เรียก Warg ผู้ช่วยเพิ่ม
10220300480	Detects hidden enemies within @{1} meters of the Ranger.	ตรวจจับศัตรูที่ซ่อนตัวในระยะ @{1} เมตรรอบ Ranger
10220300493	For every @{1} LUK, this skill's percentage damage multiplier gains an Extra increase equal to this Resonance's percentage. This effect is Active for up to @{2} LUK; LUK beyond @{3} grants no further Extra increase to the percentage damage multiplier.	ทุก LUK @{1} แต้ม ตัวคูณดาเมจแบบเปอร์เซ็นต์ของสกิลนี้เพิ่มขึ้นอีกเท่ากับเปอร์เซ็นต์ของ Resonance นี้ มีผลจนถึง LUK @{2} แต้ม; LUK ส่วนที่เกิน @{3} แต้มไม่เพิ่มตัวคูณดาเมจแบบเปอร์เซ็นต์อีก
10220300492	For every @{1} VIT, this skill's percentage damage multiplier gains an Extra increase equal to this Resonance's percentage. This effect is Active for up to @{2} VIT; VIT beyond @{3} grants no further Extra increase to the percentage damage multiplier.	ทุก VIT @{1} แต้ม ตัวคูณดาเมจแบบเปอร์เซ็นต์ของสกิลนี้เพิ่มขึ้นอีกเท่ากับเปอร์เซ็นต์ของ Resonance นี้ มีผลจนถึง VIT @{2} แต้ม; VIT ส่วนที่เกิน @{3} แต้มไม่เพิ่มตัวคูณดาเมจแบบเปอร์เซ็นต์อีก
10220300491	For every @{1} DEX, this skill's percentage damage multiplier gains an Extra increase equal to this Resonance's percentage. This effect is Active for up to @{2} DEX; DEX beyond @{3} grants no further Extra increase to the percentage damage multiplier.	ทุก DEX @{1} แต้ม ตัวคูณดาเมจแบบเปอร์เซ็นต์ของสกิลนี้เพิ่มขึ้นอีกเท่ากับเปอร์เซ็นต์ของ Resonance นี้ มีผลจนถึง DEX @{2} แต้ม; DEX ส่วนที่เกิน @{3} แต้มไม่เพิ่มตัวคูณดาเมจแบบเปอร์เซ็นต์อีก
10220300490	For every @{1} INT, this skill's percentage damage multiplier gains an Extra increase equal to this Resonance's percentage. This effect is Active for up to @{2} INT; INT beyond @{3} grants no further Extra increase to the percentage damage multiplier.	ทุก INT @{1} แต้ม ตัวคูณดาเมจแบบเปอร์เซ็นต์ของสกิลนี้เพิ่มขึ้นอีกเท่ากับเปอร์เซ็นต์ของ Resonance นี้ มีผลจนถึง INT @{2} แต้ม; INT ส่วนที่เกิน @{3} แต้มไม่เพิ่มตัวคูณดาเมจแบบเปอร์เซ็นต์อีก
10220300489	For every @{1} AGI, this skill's percentage damage multiplier gains an Extra increase equal to this Resonance's percentage. This effect is Active for up to @{2} AGI; AGI beyond @{3} grants no further Extra increase to the percentage damage multiplier.	ทุก AGI @{1} แต้ม ตัวคูณดาเมจแบบเปอร์เซ็นต์ของสกิลนี้เพิ่มขึ้นอีกเท่ากับเปอร์เซ็นต์ของ Resonance นี้ มีผลจนถึง AGI @{2} แต้ม; AGI ส่วนที่เกิน @{3} แต้มไม่เพิ่มตัวคูณดาเมจแบบเปอร์เซ็นต์อีก
10220300488	For every @{1} STR, this skill's percentage damage multiplier gains an Extra increase equal to this Resonance's percentage. This effect is Active for up to @{2} STR; STR beyond @{3} grants no further Extra increase to the percentage damage multiplier.	ทุก STR @{1} แต้ม ตัวคูณดาเมจแบบเปอร์เซ็นต์ของสกิลนี้เพิ่มขึ้นอีกเท่ากับเปอร์เซ็นต์ของ Resonance นี้ มีผลจนถึง STR @{2} แต้ม; STR ส่วนที่เกิน @{3} แต้มไม่เพิ่มตัวคูณดาเมจแบบเปอร์เซ็นต์อีก
12390100694	Also known as mandarin fish. An aggressive predator that feeds on other fish. It stops feeding in winter, making that a poor time to catch it.	มีอีกชื่อว่าปลาแมนดาริน เป็นปลานักล่าดุร้ายที่กินปลาอื่นเป็นอาหาร หยุดกินอาหารในฤดูหนาว จึงไม่เหมาะจะจับในช่วงนั้น
12390100693	Also known as blackfish, snakehead, or fortune fish. Its wide distribution, high yield, and rapid reproduction make it valuable for aquaculture.	มีอีกชื่อว่าปลาแบล็กฟิช ปลาช่อน หรือปลานำโชค พบได้แพร่หลาย ให้ผลผลิตสูงและขยายพันธุ์รวดเร็ว จึงมีคุณค่าในการเพาะเลี้ยงสัตว์น้ำ
12390100689	A versatile carp raised for food, medicine, and decoration. In some regions, it is considered a sign of good fortune.	ปลาคาร์พสารพัดประโยชน์ที่เลี้ยงเพื่อเป็นอาหาร ยา และปลาสวยงาม บางภูมิภาคถือว่าเป็นสัญลักษณ์แห่งโชคลาภ
12390100680	A semi-finished sacred cloth material for footwear, offering both a blessing bonus and comfortable protection.	วัสดุผ้าศักดิ์สิทธิ์กึ่งสำเร็จรูปสำหรับรองเท้า ให้ทั้งโบนัสพรและการปกป้องที่สวมใส่สบาย
12390100678	A semi-finished material processed from sacred cloth rolls. Used to craft advanced clothing or armor with blessing effects.	วัสดุกึ่งสำเร็จรูปที่แปรรูปจากม้วนผ้าศักดิ์สิทธิ์ ใช้สร้างเสื้อผ้าหรือเกราะระดับสูงที่มีเอฟเฟกต์พร
12390100673	A semi-finished silk material designed for shoulder armor. Used to craft fine shoulder equipment or armor.	วัสดุไหมกึ่งสำเร็จรูปสำหรับเกราะไหล่ ใช้สร้างอุปกรณ์ไหล่หรือเกราะคุณภาพดี
12390100706	Normal Gift Box	กล่องของขวัญธรรมดา
12390100705	Deluxe Gift Box	กล่องของขวัญหรูหรา
12390100704	Advanced Treasure Chest	หีบสมบัติระดับสูง
12390100703	Mysterious Treasure Chest	หีบสมบัติลึกลับ
12390100702	Surprise Pack	แพ็กเซอร์ไพรส์
12390100701	A large carnivorous fish that requires high-quality water. Its meat is delicious and said to be good for your health.	ปลากินเนื้อขนาดใหญ่ที่ต้องอาศัยในน้ำคุณภาพดี เนื้ออร่อยและว่ากันว่าดีต่อสุขภาพ
12390100663	Liquid extracted from a sacred plant. Its Divine Light and purification properties make it useful for crafting advanced equipment.	ของเหลวสกัดจากพืชศักดิ์สิทธิ์ คุณสมบัติแห่งแสงศักดิ์สิทธิ์และการชำระล้างทำให้เหมาะสำหรับสร้างอุปกรณ์ระดับสูง
12390100662	A bundle of high-quality fibers refined through multiple processes for a smooth, durable finish. Used to make advanced fabric or light armor.	มัดเส้นใยคุณภาพสูงที่ผ่านการปรับปรุงหลายขั้นตอนจนเรียบเนียนและทนทาน ใช้ทำผ้าหรือเกราะเบาระดับสูง
12390100661	Spirit-infused thread used to sew robes or craft Enchant equipment, enhancing the equipment's magical responsiveness.	ด้ายที่อัดพลังวิญญาณ ใช้เย็บเสื้อคลุมหรือสร้างอุปกรณ์ Enchant ช่วยให้อุปกรณ์ตอบสนองต่อเวทมนตร์ดีขึ้น
12390100649	Core Wood taken from within a Sacred Wood Chunk. Its spiritual energy is pure, and it is used to craft advanced equipment.	แก่นไม้ที่ได้จากภายใน Sacred Wood Chunk มีพลังวิญญาณบริสุทธิ์ ใช้สร้างอุปกรณ์ระดับสูง
12390100648	A partially finished piece processed from a Sacred Wood block, retaining the wood's resilience and sacred properties.	ชิ้นงานกึ่งสำเร็จรูปที่แปรรูปจากท่อนไม้ Sacred Wood ยังคงความเหนียวและคุณสมบัติศักดิ์สิทธิ์ของไม้ไว้
12390100644	Core material extracted from an Ironwood block. Hard and resistant to breaking, it is ideal for crafting fine equipment.	วัสดุแก่นที่สกัดจากท่อนไม้ Ironwood แข็งและแตกหักยาก เหมาะสำหรับสร้างอุปกรณ์คุณภาพดี
12390100643	A high-strength coating applied in multiple layers, providing excellent protection and corrosion resistance.	สารเคลือบความแข็งแรงสูงที่ทาหลายชั้น ให้การปกป้องและทนต่อการกัดกร่อนได้ดีเยี่ยม
12390100642	A partially finished piece made from an Ironwood block. It can be further polished into a fine equipment component.	ชิ้นงานกึ่งสำเร็จรูปจากท่อนไม้ Ironwood สามารถขัดแต่งต่อเป็นชิ้นส่วนอุปกรณ์คุณภาพดี
12390100618	A hilt forged from Meteor Metal and imbued with the power of a falling star. It greatly improves weapon performance and handling.	ด้ามอาวุธที่ตีขึ้นจาก Meteor Metal และอัดพลังดาวตก ช่วยเพิ่มประสิทธิภาพและความคล่องตัวในการใช้อาวุธอย่างมาก
12390100617	A dense Meteor Metal block compressed using a special process. Its energy purity and strength have reached their peak, making it ideal for crafting advanced weapons.	ก้อน Meteor Metal เนื้อแน่นที่อัดด้วยกระบวนการพิเศษ มีความบริสุทธิ์ของพลังงานและความแข็งแรงสูงสุด เหมาะสำหรับสร้างอาวุธระดับสูง
12390100616	A sharp blade forged from Meteor Metal. Its potential to pierce anything makes it a vital component of advanced weapons.	คมดาบที่ตีขึ้นจาก Meteor Metal ด้วยศักยภาพที่จะเจาะทะลุทุกสิ่ง จึงเป็นชิ้นส่วนสำคัญของอาวุธระดับสูง
12390100615	A Metal block taken from the core of a meteorite. Its exceptional purity and energy make it a precious material for crafting advanced equipment.	ก้อนโลหะจากแกนอุกกาบาต ความบริสุทธิ์และพลังงานอันยอดเยี่ยมทำให้เป็นวัสดุล้ำค่าสำหรับสร้างอุปกรณ์ระดับสูง
12390100614	A high-grade grinding wheel made with precision techniques, capable of ultra-fine polishing when crafting advanced weapons.	หินเจียรระดับสูงที่ผลิตด้วยเทคนิคแม่นยำ สามารถขัดละเอียดเป็นพิเศษในการสร้างอาวุธระดับสูง
12390100613	A hilt forged from a dense Radiant Gold block. Its smooth, sturdy finish makes it ideal for crafting fine weapons.	ด้ามอาวุธที่ตีขึ้นจากก้อน Radiant Gold เนื้อแน่น ผิวเรียบและแข็งแรง เหมาะสำหรับสร้างอาวุธคุณภาพดี
12390100612	A Radiant Gold block refined under extreme heat and pressure for optimal Metal purity and strength, ideal for crafting fine weapon parts.	ก้อน Radiant Gold ที่ผ่านความร้อนและแรงดันสูงมากเพื่อให้โลหะมีความบริสุทธิ์และความแข็งแรงเหมาะสมที่สุด เหมาะสำหรับสร้างชิ้นส่วนอาวุธคุณภาพดี
12390100609	A grip forged from mithril that improves a weapon's handling and durability. Suitable for crafting standard weapons.	ด้ามจับที่ตีขึ้นจากมิธริล ช่วยเพิ่มความคล่องตัวในการใช้และความทนทานของอาวุธ เหมาะสำหรับสร้างอาวุธมาตรฐาน
12390100608	Made from rough stone, it grinds efficiently but provides only an average polish. Suitable for sharpening standard weapons.	ทำจากหินหยาบ เจียรได้มีประสิทธิภาพแต่ขัดผิวได้เพียงระดับปานกลาง เหมาะสำหรับลับอาวุธมาตรฐาน
12390100606	Soaking iron several times in a special solution increases its strength, producing harder weapons and armor.	การแช่เหล็กในสารละลายพิเศษหลายครั้งช่วยเพิ่มความแข็งแรง ทำให้อาวุธและเกราะแข็งขึ้น
12390100605	High-quality compressed coal that burns at extremely high temperatures. Combining it with iron produces stronger steel.	ถ่านหินอัดคุณภาพสูงที่เผาไหม้ด้วยอุณหภูมิสูงมาก เมื่อนำไปรวมกับเหล็กจะได้เหล็กกล้าที่แข็งแรงขึ้น
12390100593	An official certificate issued by the workshop, signifying that the holder has passed the Job Advance assessment and is qualified to independently pursue a Life Skill.	ใบรับรองอย่างเป็นทางการจากโรงงาน แสดงว่าผู้ถือผ่านการประเมินเลื่อนอาชีพและมีคุณสมบัติประกอบทักษะชีวิตด้วยตนเอง
12390100588	A shell from a turtle's back. Once dried, it becomes extremely hard and can be processed into many useful items. Available from the Collector.	กระดองจากหลังเต่า เมื่อทำให้แห้งจะแข็งมาก สามารถแปรรูปเป็นไอเทมที่มีประโยชน์ได้หลายชนิด หาซื้อได้จาก Collector
12390100587	A geometrically shaped fragment of Sobbing Starlight. It might be restored if the pieces are carefully reassembled.	เศษ Sobbing Starlight รูปทรงเรขาคณิต อาจฟื้นสภาพได้หากประกอบชิ้นส่วนกลับอย่างระมัดระวัง
12390100586	A fragment of a star cluster suspended in the sky. It can increase a weapon's strength when used in crafting.	เศษกระจุกดาวที่ลอยอยู่บนฟ้า ใช้สร้างอาวุธเพื่อเพิ่มความแข็งแรงได้
12390100583	A piece of a star that can be refined into Star Crumbs.	ชิ้นส่วนดาวที่สามารถแปรรูปเป็น Star Crumbs
12390100582	A canine tooth obtained from a creature called an Orc. Available from the Collector.	เขี้ยวที่ได้จากสิ่งมีชีวิตชื่อ Orc หาซื้อได้จาก Collector
12390100581	A toenail clipped from a wolf's paw. Available from the Collector.	เล็บที่ตัดจากอุ้งเท้าหมาป่า หาซื้อได้จาก Collector
12390100580	Rare mane taken from a monster. Tough and magical, it can be used to make high-grade fabric or in alchemical formulas.	แผงคอหายากจากมอนสเตอร์ เหนียวและมีเวทมนตร์ ใช้ทำผ้าระดับสูงหรือเป็นส่วนผสมในการเล่นแร่แปรธาตุได้
12390100579	Mysterious powder infused with magical energy. An essential material for Enchant and alchemy.	ผงลึกลับที่อัดพลังเวท เป็นวัสดุสำคัญสำหรับ Enchant และการเล่นแร่แปรธาตุ
12390100578	A shattered black Sobbing Starlight. Though it has lost its full power, it still has special uses.	Sobbing Starlight สีดำที่แตกสลาย แม้สูญเสียพลังเต็มรูปแบบไปแล้ว แต่ยังใช้ประโยชน์พิเศษได้
12390100577	Crude mineral powder commonly used in basic alchemy or Easy Enchant, though its effects are limited.	ผงแร่หยาบที่มักใช้ในการเล่นแร่แปรธาตุพื้นฐานหรือ Enchant แบบง่าย แม้ให้ผลจำกัด
12390100576	Damaged Metal fragments of low purity. They can be smelted down for Reforge or used in alchemical experiments.	เศษโลหะเสียหายที่มีความบริสุทธิ์ต่ำ สามารถหลอมเพื่อ Reforge หรือใช้ในการทดลองเล่นแร่แปรธาตุ
12390100575	Supplies used in Territory War.	เสบียงที่ใช้ใน Territory War
12390100574	Item used to Level-up a Soul Echo. Grants @{1} EXP.	ไอเทมสำหรับเพิ่มเลเวล Soul Echo มอบ EXP @{1}
12390100573	Obtained by Dismantling Divine Arts Totems. Used to exchange for items in the Divine Arts Totem Shop.	ได้รับจากการแยกชิ้นส่วน Divine Arts Totems ใช้แลกไอเทมใน Divine Arts Totem Shop
12390100572	Divine Arts Totem Reset Materials.	วัสดุรีเซ็ต Divine Arts Totem
12390100571	Item used to Level-up a Divine Arts Totem. Grants @{1} EXP.	ไอเทมสำหรับเพิ่มเลเวล Divine Arts Totem มอบ EXP @{1}
12390100570	Reset Materials for a Divine Arts Totem.	วัสดุรีเซ็ต Divine Arts Totem
12390100569	Grants a chance to obtain Tier @{1} Equipment of varying Rarity.	มีโอกาสได้รับอุปกรณ์ Tier @{1} ที่มีระดับความหายากแตกต่างกัน
12390100568	The finest Tier @{1} Red Equipment.	อุปกรณ์สีแดง Tier @{1} คุณภาพเยี่ยมที่สุด
12390100567	The finest Red Equipment.	อุปกรณ์สีแดงคุณภาพเยี่ยมที่สุด
12390100566	Brilliant Tier @{1} Orange Equipment with impressive offensive and defensive capabilities.	อุปกรณ์สีส้ม Tier @{1} อันเจิดจ้า มีความสามารถในการโจมตีและป้องกันที่น่าประทับใจ
12390100565	Brilliant Orange Equipment with impressive offensive and defensive capabilities.	อุปกรณ์สีส้มอันเจิดจ้า มีความสามารถในการโจมตีและป้องกันที่น่าประทับใจ
12390100564	Magnificent Purple Equipment, clearly crafted by a Moonlit Challenger.	อุปกรณ์สีม่วงอันงดงาม เห็นได้ชัดว่าสร้างโดย Moonlit Challenger
12390100563	Fine Blue Equipment with impressive offensive and defensive capabilities.	อุปกรณ์สีน้ำเงินคุณภาพดี มีความสามารถในการโจมตีและป้องกันที่น่าประทับใจ
12390100562	Fine Tier @{1} Green Equipment with impressive ATK and DEF.	อุปกรณ์สีเขียว Tier @{1} คุณภาพดี มี ATK และ DEF ที่น่าประทับใจ
12390100561	Fine Green Equipment with impressive ATK and DEF.	อุปกรณ์สีเขียวคุณภาพดี มี ATK และ DEF ที่น่าประทับใจ
12390100560	Obtain a full set of Tier @{1} Equipment Crafting Blueprints and Crafting Materials.	ได้รับพิมพ์เขียวสร้างอุปกรณ์ Tier @{1} ครบชุด พร้อมวัสดุสร้าง
12390100559	Randomly obtain either Oridecon or Elunium.	สุ่มได้รับ Oridecon หรือ Elunium
12390100558	Chance to obtain Orange Quality Headwear.	มีโอกาสได้รับอุปกรณ์ศีรษะคุณภาพสีส้ม
12390100557	Chance to obtain Purple Quality Headwear.	มีโอกาสได้รับอุปกรณ์ศีรษะคุณภาพสีม่วง
12390100556	Chance to obtain Blue Quality Headwear.	มีโอกาสได้รับอุปกรณ์ศีรษะคุณภาพสีน้ำเงิน
12390100555	Obtain the specified Soul Echo.	ได้รับ Soul Echo ที่ระบุ
12390100554	Grants one of the following mounts based on your class.	มอบหนึ่งในพาหนะต่อไปนี้ตามอาชีพของคุณ
12390100553	Orange material used to craft headgear.	วัสดุสีส้มสำหรับสร้างอุปกรณ์ศีรษะ
12390100552	Purple material used to craft headgear.	วัสดุสีม่วงสำหรับสร้างอุปกรณ์ศีรษะ
12390100551	Blue material used to craft headgear.	วัสดุสีน้ำเงินสำหรับสร้างอุปกรณ์ศีรษะ
12390100550	Green material used to craft headgear.	วัสดุสีเขียวสำหรับสร้างอุปกรณ์ศีรษะ
12390100549	Grants forging blueprints for a Tier @{1} equipment set.	มอบพิมพ์เขียวตีอุปกรณ์ Tier @{1} หนึ่งชุด
12390100548	Grants Equipment Forging materials.	มอบวัสดุตีอุปกรณ์
12390100541	Grants a chance to obtain an Orange Quality Card.	มีโอกาสได้รับการ์ดคุณภาพสีส้ม
12390100540	Grants a chance to obtain a Purple Quality Card.	มีโอกาสได้รับการ์ดคุณภาพสีม่วง
12390100539	Grants a chance to obtain a Blue Quality Card.	มีโอกาสได้รับการ์ดคุณภาพสีน้ำเงิน
12390100538	A radiant Soul Echo.	Soul Echo อันเจิดจ้า
12390100537	An ornate Soul Echo.	Soul Echo อันวิจิตร
12390100536	A fine Soul Echo.	Soul Echo คุณภาพดี
12390100547	Grants a Tier @{1} blue weapon for your class.	มอบอาวุธสีน้ำเงิน Tier @{1} สำหรับอาชีพของคุณ
12390100546	Grants various types of Equipment Forging blueprints.	มอบพิมพ์เขียวตีอุปกรณ์หลายประเภท
12390100545	Grants a Job Advance Weapon.	มอบอาวุธเลื่อนอาชีพ
12390100544	Randomly grants a card of varying quality.	สุ่มมอบการ์ดที่มีคุณภาพแตกต่างกัน
12390100737	Commemorative Medal E Description	คำอธิบายเหรียญที่ระลึก E
12390100736	Commemorative Medal D Description	คำอธิบายเหรียญที่ระลึก D
12390100735	Commemorative Medal C Description	คำอธิบายเหรียญที่ระลึก C
12390100734	Commemorative Medal B Description	คำอธิบายเหรียญที่ระลึก B
12390100733	Commemorative Medal A Description	คำอธิบายเหรียญที่ระลึก A
12390100637	A juicy, bright Red Strawberry used to decorate desserts and flavor dishes.\nObtainable through ^{1}Life Skill - Gardener^{2}. Used by the Life Skill - Chef for Cooking.	สตรอว์เบอร์รีสีแดงสดฉ่ำ ใช้ตกแต่งของหวานและปรุงรสอาหาร\nได้รับจาก ^{1}ทักษะชีวิต - Gardener^{2} ใช้ทำอาหารด้วยทักษะชีวิต - Chef
12390100635	A Yellow, oval-shaped fruit used to season dishes and enhance their aroma.\nObtainable through ^{1}Life Skill - Gardener^{2}. Used by the Life Skill - Chef for Cooking.	ผลไม้สีเหลืองรูปทรงรี ใช้ปรุงรสอาหารและเพิ่มกลิ่นหอม\nได้รับจาก ^{1}ทักษะชีวิต - Gardener^{2} ใช้ทำอาหารด้วยทักษะชีวิต - Chef
12390100632	An umbrella-shaped mushroom with thick, savory flesh, often used in stews and stir-fries.\nObtainable through ^{1}Life Skill - Gardener^{2}. Used by the Life Skill - Chef for Cooking.	เห็ดรูปทรงร่ม เนื้อหนาและรสกลมกล่อม มักใช้ทำสตูว์และผัด\nได้รับจาก ^{1}ทักษะชีวิต - Gardener^{2} ใช้ทำอาหารด้วยทักษะชีวิต - Chef
12390100631	A juicy, bright Red fruit with a sweet-and-sour flavor, perfect for stews or soup bases.\nObtainable through ^{1}Life Skill - Gardener^{2}. Used by the Life Skill - Chef for Cooking.	ผลไม้สีแดงสดฉ่ำ รสหวานอมเปรี้ยว เหมาะสำหรับสตูว์หรือน้ำซุป\nได้รับจาก ^{1}ทักษะชีวิต - Gardener^{2} ใช้ทำอาหารด้วยทักษะชีวิต - Chef
12390100630	Dark brown beans that can be ground into Cacao powder for making desserts.\nObtainable through ^{1}Life Skill - Gardener^{2}. Used by the Life Skill - Chef for Cooking.	เมล็ดสีน้ำตาลเข้มที่สามารถบดเป็นผงคาเคาเพื่อทำของหวาน\nได้รับจาก ^{1}ทักษะชีวิต - Gardener^{2} ใช้ทำอาหารด้วยทักษะชีวิต - Chef
12390100629	A round Purple fruit that can be made into fine wine or desserts.\nObtainable through ^{1}Life Skill - Gardener^{2}. Used by the Life Skill - Chef for Cooking.	ผลไม้สีม่วงทรงกลม สามารถทำเป็นไวน์หรือของหวานชั้นดี\nได้รับจาก ^{1}ทักษะชีวิต - Gardener^{2} ใช้ทำอาหารด้วยทักษะชีวิต - Chef
12390100628	Bright Red and spicy, it adds heat and aroma to Cooking.\nObtainable through ^{1}Life Skill - Gardener^{2}. Used by the Life Skill - Chef for Cooking.	สีแดงสดและเผ็ดร้อน เพิ่มความเผ็ดและกลิ่นหอมให้อาหาร\nได้รับจาก ^{1}ทักษะชีวิต - Gardener^{2} ใช้ทำอาหารด้วยทักษะชีวิต - Chef
12390100627	Golden Grains that can be ground into flour for noodles, pastries, and other dishes.\nObtainable through ^{1}Life Skill - Gardener^{2}. Used by the Life Skill - Chef for Cooking.	ธัญพืชสีทองที่สามารถบดเป็นแป้งเพื่อทำเส้น ขนมอบ และอาหารอื่นๆ\nได้รับจาก ^{1}ทักษะชีวิต - Gardener^{2} ใช้ทำอาหารด้วยทักษะชีวิต - Chef
12390100626	Tender Green leaves from a Basic herb that adds aroma and flavor to Cooking.\nObtainable through ^{1}Life Skill - Gardener^{2}. Used by the Life Skill - Chef for Cooking.	ใบเขียวอ่อนของสมุนไพรพื้นฐาน ช่วยเพิ่มกลิ่นหอมและรสชาติให้อาหาร\nได้รับจาก ^{1}ทักษะชีวิต - Gardener^{2} ใช้ทำอาหารด้วยทักษะชีวิต - Chef
12390100625	White Herb: Its pure White leaves add a subtle herbal aroma to Cooking.\nObtainable through ^{1}Life Skill - Gardener^{2}. Used by the Life Skill - Chef for Cooking.	White Herb: ใบสีขาวบริสุทธิ์เพิ่มกลิ่นสมุนไพรอ่อนๆ ให้อาหาร\nได้รับจาก ^{1}ทักษะชีวิต - Gardener^{2} ใช้ทำอาหารด้วยทักษะชีวิต - Chef
12390100624	Yellow Herb: Golden in color, it enhances the aroma and flavor of Cooking.\nObtainable through ^{1}Life Skill - Gardener^{2}. Used by the Life Skill - Chef for Cooking.	Yellow Herb: สีทองอร่าม เพิ่มกลิ่นหอมและรสชาติให้อาหาร\nได้รับจาก ^{1}ทักษะชีวิต - Gardener^{2} ใช้ทำอาหารด้วยทักษะชีวิต - Chef
12390100623	A bright Red Herb that adds a unique flavor and medicinal properties to Cooking.\nObtainable through ^{1}Life Skill - Gardener^{2}. Used by the Life Skill - Chef for Cooking.	Red Herb สีแดงสด เพิ่มรสชาติเฉพาะตัวและสรรพคุณทางยาให้อาหาร\nได้รับจาก ^{1}ทักษะชีวิต - Gardener^{2} ใช้ทำอาหารด้วยทักษะชีวิต - Chef
12390100622	Legendary sharpening Material imbued with the power of a meteorite. It grants Weapons devastating power.\nObtainable through ^{1}Life Skill - Miner^{2}. Used to Craft T@{1} Equipment.	วัสดุลับคมระดับตำนานที่อัดพลังอุกกาบาต มอบพลังทำลายล้างแก่อาวุธ\nได้รับจาก ^{1}ทักษะชีวิต - Miner^{2} ใช้สร้างอุปกรณ์ T@{1}
12390100621	Premium sharpening Material infused with the essence of luminous gold. It gives Weapons astonishing sharpness.\nObtainable through ^{1}Life Skill - Miner^{2}. Used to Craft T@{1} Equipment.	วัสดุลับคมระดับพรีเมียมที่อัดแก่นพลังทองเรืองแสง ทำให้อาวุธคมอย่างน่าอัศจรรย์\nได้รับจาก ^{1}ทักษะชีวิต - Miner^{2} ใช้สร้างอุปกรณ์ T@{1}
12390100619	A whetstone made using a special process. It improves a Weapon's sharpness.\nObtainable through ^{1}Life Skill - Miner^{2}. Used to Craft T@{1} Equipment.	หินลับมีดที่ผลิตด้วยกระบวนการพิเศษ ช่วยเพิ่มความคมของอาวุธ\nได้รับจาก ^{1}ทักษะชีวิต - Miner^{2} ใช้สร้างอุปกรณ์ T@{1}
12390100603	Ore containing meteorite that can be refined into a Meteorite Chunk.\nObtainable through ^{1}Life Skill - Miner^{2}. Used to Craft T@{1} Equipment.	แร่ที่มีอุกกาบาต สามารถถลุงเป็น Meteorite Chunk\nได้รับจาก ^{1}ทักษะชีวิต - Miner^{2} ใช้สร้างอุปกรณ์ T@{1}
12390100602	A precious gemstone that gleams like a cat's eye and radiates a beautiful light.\nObtainable through ^{1}Life Skill - Miner^{2}. Used to Craft T@{1} Equipment.	อัญมณีล้ำค่าที่เปล่งประกายดุจดวงตาแมวและส่องแสงงดงาม\nได้รับจาก ^{1}ทักษะชีวิต - Miner^{2} ใช้สร้างอุปกรณ์ T@{1}
12390100601	An extremely sturdy stone with exceptional hardness, used to make Weapons.\nObtainable through ^{1}Life Skill - Miner^{2}. Used to Craft T@{1} Equipment.	หินที่แข็งแกร่งมากและมีความแข็งเป็นพิเศษ ใช้ทำอาวุธ\nได้รับจาก ^{1}ทักษะชีวิต - Miner^{2} ใช้สร้างอุปกรณ์ T@{1}
12390100600	Ore containing luminous gold that can be refined into a Luminous Gold Ingot.\nObtainable through ^{1}Life Skill - Miner^{2}. Used to Craft T@{1} Equipment.	แร่ที่มีทองเรืองแสง สามารถถลุงเป็น Luminous Gold Ingot\nได้รับจาก ^{1}ทักษะชีวิต - Miner^{2} ใช้สร้างอุปกรณ์ T@{1}
12390100599	Ore containing mithril that can be refined into a Mithril Ingot.\nObtainable through ^{1}Life Skill - Miner^{2}. Used to Craft T@{1} Equipment.	แร่ที่มีมิธริล สามารถถลุงเป็น Mithril Ingot\nได้รับจาก ^{1}ทักษะชีวิต - Miner^{2} ใช้สร้างอุปกรณ์ T@{1}
12390100598	As night falls, the stars resemble carefully Collected gemstones. Awed by their light rippling like water, people named this stone Sobbing Starlight.\nObtainable through ^{1}Life Skill - Miner^{2}. Used to Craft T@{1} Equipment.	ยามค่ำคืน ดวงดาวดูราวกับอัญมณีที่เก็บรวบรวมไว้อย่างประณีต ผู้คนตะลึงกับแสงที่พลิ้วไหวดั่งสายน้ำ จึงตั้งชื่อหินนี้ว่า Sobbing Starlight\nได้รับจาก ^{1}ทักษะชีวิต - Miner^{2} ใช้สร้างอุปกรณ์ T@{1}
12390100597	A Normal stone found almost anywhere. It may look unremarkable, but it still has its uses.\nObtainable through ^{1}Life Skill - Miner^{2}. Used to Craft T@{1} Equipment.	หินธรรมดาที่พบได้แทบทุกแห่ง แม้ดูไม่โดดเด่น แต่ก็ยังมีประโยชน์\nได้รับจาก ^{1}ทักษะชีวิต - Miner^{2} ใช้สร้างอุปกรณ์ T@{1}
12390100596	Ore rich in carbon. The coal extracted from it can be refined with iron to produce Steel.\nObtainable through ^{1}Life Skill - Miner^{2}. Used to Craft T@{1} Equipment.	แร่ที่อุดมด้วยคาร์บอน ถ่านหินที่สกัดได้สามารถถลุงร่วมกับเหล็กเพื่อผลิต Steel\nได้รับจาก ^{1}ทักษะชีวิต - Miner^{2} ใช้สร้างอุปกรณ์ T@{1}
12390100595	Ore containing iron that can be refined into an Iron Ingot.\nObtainable through ^{1}Life Skill - Miner^{2}. Used to Craft T@{1} Equipment.	แร่ที่มีเหล็ก สามารถถลุงเป็น Iron Ingot\nได้รับจาก ^{1}ทักษะชีวิต - Miner^{2} ใช้สร้างอุปกรณ์ T@{1}
10110300188	Deals ATK * ^{1}@{2}%^{2} damage to the designated ST enemy within @{1} m.	สร้างดาเมจเท่ากับ ATK * ^{1}@{2}%^{2} แก่ศัตรู Single Target ที่กำหนดในระยะ @{1} เมตร
10110300194	Deals ATK * ^{1}@{3}%^{2} damage to up to @{2} enemies within a @{1} m radius.	สร้างดาเมจเท่ากับ ATK * ^{1}@{3}%^{2} แก่ศัตรูสูงสุด @{2} ตัว ในรัศมี @{1} เมตร
10110300205	Raise your Shield for @{1} seconds to Fortify yourself, reducing DMG taken by ^{1}@{2}%^{2}. During this time, your MSPD is ^{3}【reduced】^{4} by @{3}%, but you have ^{5}Immunity^{6}. Every @{6} seconds, inflict a @{7}-meter ^{7}【Knockback】^{8} in the direction you are Facing on up to @{5} members of the Enemy Team within @{4} meters in front of you and Deals DMG equal to your ATK * ^{9}@{8}%^{10}.	ยกโล่เป็นเวลา @{1} วินาทีเพื่อเสริมการป้องกันตนเอง ลดดาเมจที่ได้รับลง ^{1}@{2}%^{2} ระหว่างนี้ MSPD ของคุณติด ^{3}[ reduced ]^{4} ลดลง @{3}% แต่ได้รับ ^{5}Immunity^{6} ทุก @{6} วินาที ทำให้ศัตรูกระเด็น @{7} เมตรด้วย ^{7}[ Knockback ]^{8} ตามทิศที่หันหน้าอยู่ ใส่สมาชิกฝ่ายศัตรูสูงสุด @{5} คน ในระยะ @{4} เมตรด้านหน้า และสร้างดาเมจเท่ากับ ATK ของคุณ * ^{9}@{8}%^{10}
10110300254	Cross-shaped AoE, vertical first, then horizontal	พื้นที่รูปกากบาท เริ่มแนวตั้งก่อนแล้วจึงแนวนอน
10110300255	Summon a storm, sending it Flying in the designated direction. It deals ^{1}@{2}%^{2} damage to enemies within a @{1}-meter radius along its path and inflicts ^{3}【Knockback】^{4}. After ^{5}【Knockback】^{6}, four equipped items are selected at random, each with a @{3}% Chance to ^{7}【drop】^{8}, with a guaranteed ^{9}【drop】^{10} of ^{11}@{4}^{12} items.	เรียกพายุพุ่งไปตามทิศที่กำหนด สร้างดาเมจ ^{1}@{2}%^{2} แก่ศัตรูในรัศมี @{1} เมตรตลอดเส้นทาง และทำให้ติด ^{3}[ Knockback ]^{4} หลัง ^{5}[ Knockback ]^{6} จะสุ่มเลือกอุปกรณ์ที่สวมใส่สี่ชิ้น แต่ละชิ้นมีโอกาส @{3}% ที่จะ ^{7}[ drop ]^{8} และรับประกันการ ^{9}[ drop ]^{10} ^{11}@{4}^{12} ชิ้น
10110300262	Temporarily play a BGM track	เล่นเพลง BGM ชั่วคราว
10110300264	Revive the ID tag's owner	ฟื้นคืนชีพเจ้าของป้าย ID
10110300271	Randomly transform into one of @{1} Porings, with @{2} possible forms	สุ่มแปลงร่างเป็นหนึ่งใน Poring @{1} ตัว โดยมีรูปแบบที่เป็นไปได้ @{2} แบบ
10110300272	End Transform: Poring	สิ้นสุดการแปลงร่าง: Poring
10110300273	Throw the supply cart forward, inflicting Stun on enemies in its path.	โยนรถเสบียงไปด้านหน้า ทำให้ศัตรูในเส้นทางติด Stun
10110300274	Provides the player and the Supply Cart with an exceptional speed boost.	เพิ่มความเร็วให้ผู้เล่นและรถเสบียงอย่างมาก
10110300279	Outpost Area Detection Skill	สกิลตรวจจับพื้นที่ของ Outpost
10110300280	Outpost's Group Warp Skill	สกิลวาร์ปเป็นกลุ่มของ Outpost
10110300283	Allies within ${1} meters of the supply cart gain ${2}% ATK for ${3} seconds.	พันธมิตรในระยะ ${1} เมตรรอบรถเสบียงได้รับ ATK ${2}% เป็นเวลา ${3} วินาที
10110300285	Fireworks launched after delivering the supply cart	จุดพลุหลังส่งรถเสบียงสำเร็จ
10110300286	Strike the target with soul power, Launching ${2} bursts of soul energy at the designated ST enemy within ${1} meters and dealing @{1} instances of Ghost-property ranged magic damage equal to Magic ATK *^{1}${3}%^{2}; while in the ^{3}^{4}【Reading】^{5}^{6} state, consume @{2} stacks of ^{7}【Book Page】^{8} to cast this skill 1 Extra time.	โจมตีเป้าหมายด้วยพลังวิญญาณ ปล่อยพลังวิญญาณ ${2} ชุดใส่ศัตรู Single Target ที่กำหนดในระยะ ${1} เมตร สร้างดาเมจเวทระยะไกลธาตุ Ghost @{1} ครั้ง เท่ากับ M.ATK *^{1}${3}%^{2}; ขณะอยู่ในสถานะ ^{3}^{4}[ Reading ]^{5}^{6} ใช้ @{2} stacks ของ ^{7}[ Book Page ]^{8} เพื่อใช้สกิลนี้เพิ่มอีก 1 ครั้ง
10110300308	Pick up the Dragon Scales dropped by the fire dragon	เก็บ Dragon Scales ที่มังกรไฟทำตก
10110300309	Discard the Dragon Scales dropped by the fire dragon	ทิ้ง Dragon Scales ที่มังกรไฟทำตก
10110300310	Build a shield wall with Dragon Scales	สร้างกำแพงโล่ด้วย Dragon Scales
10110300311	Carry a fire shell from the ammunition crate	ถือกระสุนไฟจากลังบรรจุกระสุน
10110300312	Repair the damaged Turret	ซ่อมป้อมปืนที่เสียหาย
10110300313	Board the prepared Turret	ขึ้นป้อมปืนที่เตรียมไว้
10110300287	Use telekinesis to Summon White Imprison around ${1} enemies within ${2} meters of you, dealing Ghost Ranged Magic DMG equal to MATK * ^{1}${3}%^{2}, inflicting ^{3}^{4}【Immobilize】^{5}^{6} for ${4} seconds, and applying ^{7}^{8}【Prison】^{9}^{10} for ${5} seconds. Targets with 【Prison】 take ${6}% increased DMG from the caster.	ใช้พลังจิตเรียก White Imprison ล้อมศัตรู ${1} ตัว ในระยะ ${2} เมตรรอบตัว สร้างดาเมจเวทระยะไกลธาตุ Ghost เท่ากับ M.ATK * ^{1}${3}%^{2} ทำให้ติด ^{3}^{4}[ Immobilize ]^{5}^{6} เป็นเวลา ${4} วินาที และติด ^{7}^{8}[ Prison ]^{9}^{10} เป็นเวลา ${5} วินาที เป้าหมายที่ติด [ Prison ] ได้รับดาเมจจากผู้ใช้สกิลเพิ่มขึ้น ${6}%
10110300290	Concentrate your Soul Buster to distort space, dealing @{1} hits of Ghost Ranged Magic DMG equal to MATK * ^{1}${4}%^{2} (^{3}^{4}Dexterity Resonance ${8}%^{5}^{6}) to a selected ST enemy within a ${1}-meter radius of you and up to ${3} enemies in total within ${2} meters of that enemy, continuously ^{7}【pulling them in】^{8}. Then Terminate the distortion with a Burst, dealing @{2} hits of Ghost Ranged Magic DMG equal to MATK * ^{9}${5}%^{10} (^{11}^{12}Dexterity Resonance ${8}%^{13}^{14}). While ^{15}^{16}【Reading】^{17}^{18} is Active, consumes ${6} stacks of ^{19}【Book Page】^{20} to cast this skill ${7} Extra times.	รวมพลัง Soul Buster เพื่อบิดเบือนมิติ สร้างดาเมจเวทระยะไกลธาตุ Ghost @{1} ครั้ง เท่ากับ M.ATK * ^{1}${4}%^{2} (^{3}^{4}Dexterity Resonance ${8}%^{5}^{6}) แก่ศัตรู Single Target ที่เลือกในรัศมี ${1} เมตรรอบตัว และศัตรูรวมสูงสุด ${3} ตัว ในระยะ ${2} เมตรรอบศัตรูตัวนั้น พร้อม ^{7}[ pulling them in ]^{8} ดึงเข้ามาอย่างต่อเนื่อง จากนั้นยุติการบิดเบือนด้วยการระเบิด สร้างดาเมจเวทระยะไกลธาตุ Ghost @{2} ครั้ง เท่ากับ M.ATK * ^{9}${5}%^{10} (^{11}^{12}Dexterity Resonance ${8}%^{13}^{14}) ขณะ ^{15}^{16}[ Reading ]^{17}^{18} มีผล ใช้ ${6} stacks ของ ^{19}[ Book Page ]^{20} เพื่อใช้สกิลนี้เพิ่มอีก ${7} ครั้ง
10110300291	The Warlock periodically gathers energy, Auto-generating ${2} ^{1}^{2}【Psychokinetic Astral Bodies】^{3}^{4} every ${1} seconds, up to ${3}. If you already have ${4} ^{5}^{6}【Psychokinetic Astral Bodies】^{7}^{8}, hitting with Soul Expansion Launches all ^{9}^{10}【Psychokinetic Astral Bodies】^{11}^{12}. Each Deals Ghost Ranged Magic DMG equal to MATK * ^{13}${5}%^{14} to the target enemy.	Warlock รวบรวมพลังเป็นระยะ สร้าง ${2} ร่างของ ^{1}^{2}[ Psychokinetic Astral Bodies ]^{3}^{4}โดยอัตโนมัติทุก ${1} วินาที สูงสุด ${3} ร่าง หากมี ${4} ร่างของ ^{5}^{6}[ Psychokinetic Astral Bodies ]^{7}^{8} แล้ว การโจมตีโดนด้วย Soul Expansion จะปล่อย ^{9}^{10}[ Psychokinetic Astral Bodies ]^{11}^{12} ทั้งหมด แต่ละร่างสร้างดาเมจเวทระยะไกลธาตุ Ghost เท่ากับ M.ATK * ^{13}${5}%^{14} แก่ศัตรูเป้าหมาย
10110300301	Knocks back all enemies within ${1}m of you when used.	เมื่อใช้ ทำให้ศัตรูทั้งหมดในระยะ ${1} เมตรรอบตัวกระเด็น
10110300306	Charges a full-screen attack for @{1}s. Deals no damage.	ชาร์จการโจมตีเต็มหน้าจอเป็นเวลา @{1} วินาที ไม่สร้างดาเมจ
10110300307	The dragon flies low, continuously breathing fireballs.	มังกรบินต่ำและพ่นลูกไฟอย่างต่อเนื่อง
10110300337	After a brief cast, summons several Thief Bugs to follow and attack	หลังร่ายช่วงสั้นๆ เรียก Thief Bug หลายตัวให้ติดตามและโจมตี
10110300339	Delivers a heavy blow to the currently targeted player within the grid	โจมตีอย่างหนักใส่ผู้เล่นที่เป็นเป้าหมายปัจจุบันภายในช่องตาราง
10110300340	Drops a meteor at the locations of the @{1} farthest players	ปล่อยอุกกาบาตลงที่ตำแหน่งผู้เล่น @{1} คนที่อยู่ไกลที่สุด
10110300341	Use Lope to clear the obstacle	ใช้ Lope เพื่อข้ามสิ่งกีดขวาง
10110300342	After use, increases PATK and MATK by @{1}%.	หลังใช้ เพิ่ม P.ATK และ M.ATK ขึ้น @{1}%
10110300343	After use, increases DMG Reduction by @{1}% and grants Endure.	หลังใช้ เพิ่มการลดดาเมจที่ได้รับขึ้น @{1}% และมอบ Endure
10110300314	Launch a shell at the target!	ยิงกระสุนใส่เป้าหมาย!
10110300315	Leave the Turret	ออกจากป้อมปืน
10110300316	Load the shell into the Turret	บรรจุกระสุนในป้อมปืน
10110300317	Discard the shell being carried	ทิ้งกระสุนที่ถืออยู่
10110300318	Switch to launching ice shells	เปลี่ยนเป็นยิงกระสุนน้ำแข็ง
10110300319	Switch to launching fire shells	เปลี่ยนเป็นยิงกระสุนไฟ
10110300344	After use, reduces Cooldown reduction by @{1}%.	หลังใช้ ลดค่าการลด CD ลง @{1}%
10110300345	After use, increases CRIT Chance by @{1}% and CRIT DMG by @{2}%.	หลังใช้ เพิ่มโอกาส CRIT ขึ้น @{1}% และดาเมจ CRIT ขึ้น @{2}%
10110300346	After use, increases MSPD by @{1}%.	หลังใช้ เพิ่ม MSPD ขึ้น @{1}%
10110300347	After use, restores @{1}% HP.	หลังใช้ ฟื้นฟู HP @{1}%
10110300352	After use, increases the selected Guild Battlefield Boss's DEF.	หลังใช้ เพิ่ม DEF ของบอส Guild Battlefield ที่เลือก
10110300353	After use, causes the selected Guild Battlefield Boss to Enter Berserk.	หลังใช้ ทำให้บอส Guild Battlefield ที่เลือกเข้าสู่ Berserk
10110300358	Board this vehicle.	ขึ้นพาหนะนี้
10110300359	Deals extremely High Damage in a rectangular area ahead.	สร้างดาเมจสูงมากในพื้นที่สี่เหลี่ยมด้านหน้า
10110300360	Lope to the target area, dealing High Damage.	ใช้ Lope ไปยังพื้นที่เป้าหมายและสร้างดาเมจสูง
10110300361	Deals 2 hits of High Damage to the target area, with a Chance to inflict Frozen.	สร้างดาเมจสูง 2 ครั้งในพื้นที่เป้าหมาย มีโอกาสทำให้ติด Frozen
10110300362	Controls the Madogear Pilot to swing its weapon at enemies ahead in a three-hit combo. The first hit deals ^{1}@{3}%^{2} damage to up to @{2} enemies within @{1} meters, the second deals ^{3}@{6}%^{4} damage to up to @{5} enemies within @{4} meters, and the third deals ^{5}@{9}%^{6} damage to up to @{8} enemies within @{7} meters and inflicts ^{7}Slow^{8}.	ควบคุม Madogear Pilot ให้แกว่งอาวุธโจมตีศัตรูด้านหน้าเป็นคอมโบสามครั้ง ครั้งแรกสร้างดาเมจ ^{1}@{3}%^{2} แก่ศัตรูสูงสุด @{2} ตัว ในระยะ @{1} เมตร ครั้งที่สองสร้างดาเมจ ^{3}@{6}%^{4} แก่ศัตรูสูงสุด @{5} ตัว ในระยะ @{4} เมตร และครั้งที่สามสร้างดาเมจ ^{5}@{9}%^{6} แก่ศัตรูสูงสุด @{8} ตัว ในระยะ @{7} เมตร พร้อมทำให้ติด ^{7}Slow^{8}
10110300363	Controls the Madogear Pilot to charge @{1} meters, ^{1}knocking back^{2} enemies in its path and dealing ^{3}@{3}%^{4} damage to up to @{2} enemies within range.	ควบคุม Madogear Pilot ให้พุ่งไป @{1} เมตร ทำให้ศัตรูในเส้นทาง ^{1}กระเด็น^{2} และสร้างดาเมจ ^{3}@{3}%^{4} แก่ศัตรูสูงสุด @{2} ตัว ในระยะ
10110300364	Controls the Madogear Pilot to slam the ground, dealing ^{1}@{3}%^{2} damage to up to @{2} enemies within @{1} meters and inflicting ^{3}Slow^{4} for @{4} seconds.	ควบคุม Madogear Pilot ให้ทุบพื้น สร้างดาเมจ ^{1}@{3}%^{2} แก่ศัตรูสูงสุด @{2} ตัว ในระยะ @{1} เมตร พร้อมทำให้ติด ^{3}Slow^{4} เป็นเวลา @{4} วินาที
10110300365	Controls the Madogear Pilot to spin its weapon, dealing ^{1}@{3}%^{2} damage to up to @{2} enemies within @{1} meters.	ควบคุม Madogear Pilot ให้หมุนอาวุธ สร้างดาเมจ ^{1}@{3}%^{2} แก่ศัตรูสูงสุด @{2} ตัว ในระยะ @{1} เมตร
10110300366	Grants the Madogear Pilot an Orbit for @{1} seconds, granting allies within @{2} meters ^{1}Increased Movement Speed^{2} while the Madogear Pilot gains @{3}% ^{3}Damage Reduction^{4}.	มอบ Orbit ให้ Madogear Pilot เป็นเวลา @{1} วินาที ทำให้พันธมิตรในระยะ @{2} เมตรได้รับ ^{1}MSPD เพิ่มขึ้น^{2} ส่วน Madogear Pilot ได้รับ @{3}% ของ ^{3}การลดดาเมจที่ได้รับ^{4}
10110300367	Controls the Madogear Pilot to leap into the air and slam the ground, dealing ^{1}@{3}%^{2} damage to up to @{2} enemies within @{1} meters and ^{3}knocking them back^{4}.	ควบคุม Madogear Pilot ให้กระโดดขึ้นและกระแทกพื้น สร้างดาเมจ ^{1}@{3}%^{2} แก่ศัตรูสูงสุด @{2} ตัว ในระยะ @{1} เมตร พร้อมทำให้ ^{3}กระเด็น^{4}
10110300368	Gains DMG Reduction, periodically Deals DMG to nearby enemies and inflicts Burn.	ได้รับการลดดาเมจที่ได้รับ สร้างดาเมจแก่ศัตรูใกล้เคียงเป็นระยะและทำให้ติด Burn
10110300369	Gains Accelerate, periodically Deals low DMG to nearby enemies and inflicts Slow.	ได้รับ Accelerate สร้างดาเมจเล็กน้อยแก่ศัตรูใกล้เคียงเป็นระยะและทำให้ติด Slow
10110300370	Provides continuous Healing to allies in a large area.	รักษาพันธมิตรในพื้นที่กว้างอย่างต่อเนื่อง
10110300371	Gains DMG Reduction	ได้รับการลดดาเมจที่ได้รับ
10110300372	Gains ATK.	ได้รับ ATK
10110300373	Summon Madogear Pilot	เรียก Madogear Pilot
10110300374	Operate the Turret to attack with shells.	ควบคุมป้อมปืนเพื่อยิงกระสุนโจมตี
10110300375	Use to leap back onto the city wall.	ใช้เพื่อกระโดดกลับขึ้นกำแพงเมือง
10110300376	Use to leap down from the city wall.	ใช้เพื่อกระโดดลงจากกำแพงเมือง
10110300377	Grants Endure to yourself and all allies within a @{1}-meter radius, making them immune to crowd control, knock-up, and knockback effects for @{2} seconds.	มอบ Endure ให้ตนเองและพันธมิตรทั้งหมดในรัศมี @{1} เมตร ทำให้ป้องกันผลควบคุม การกระแทกขึ้น และการกระเด็น เป็นเวลา @{2} วินาที
10110300378	Increases the STR, INT, and DEX of yourself and allies within a @{1}-meter radius by @{2} for @{3} seconds.	เพิ่ม STR, INT และ DEX ให้ตนเองและพันธมิตรในรัศมี @{1} เมตรขึ้น @{2} เป็นเวลา @{3} วินาที
10110300379	Revive up to @{2} fallen allies within a @{1}-meter radius with @{3}% HP and MP.	ฟื้นคืนชีพพันธมิตรที่ล้มลงสูงสุด @{2} คน ในรัศมี @{1} เมตร ด้วย HP และ MP @{3}%
10110300380	Summons up to @{1} guild members on the same map to the caster.	เรียกสมาชิกกิลด์ในแผนที่เดียวกันสูงสุด @{1} คนมาหาผู้ใช้สกิล
10110300381	Phreeoni spits upward, causing multiple masses of Unidentified Digestive Matter to fall around itself and damage players on HIT. Players within the Unidentified Digestive Matter are slowed by @{1}% and gain one stack of 【Stomach Acid Corrosion】 every second.	Phreeoni พ่นขึ้นด้านบน ทำให้ Unidentified Digestive Matter หลายก้อนตกลงรอบตัวและสร้างดาเมจแก่ผู้เล่นที่ถูกโจมตี ผู้เล่นใน Unidentified Digestive Matter จะเคลื่อนที่ช้าลง @{1}% และได้รับ [ Stomach Acid Corrosion ] หนึ่ง stacks ทุกวินาที
10110300388	Bow-exclusive skill. Fires a dense volley of Arrows, dealing PATK * ^{1}${4}% + ${5}^{2} Neutral Ranged Physical DMG to up to ${3} enemies in a target area with a radius of ${2} meters within ${1} meters of you.	สกิลเฉพาะธนู ยิงลูกธนูเป็นชุดหนาแน่น สร้างดาเมจกายภาพระยะไกลธาตุ Neutral เท่ากับ P.ATK * ^{1}${4}% + ${5}^{2} แก่ศัตรูสูงสุด ${3} ตัว ในพื้นที่เป้าหมายรัศมี ${2} เมตร ซึ่งอยู่ในระยะ ${1} เมตรจากคุณ
10110300389	Bow-exclusive skill. Launch a Charge Arrow at the designated ST enemy within ${1} meters, dealing PATK * ^{1}${2}% + ${3}^{2} Neutral Ranged Physical DMG and inflicting ^{3}【Knockback】^{4} for ${4} meters.	สกิลเฉพาะธนู ยิง Charge Arrow ใส่ศัตรู Single Target ที่กำหนดในระยะ ${1} เมตร สร้างดาเมจกายภาพระยะไกลธาตุ Neutral เท่ากับ P.ATK * ^{1}${2}% + ${3}^{2} และทำให้ติด ^{3}[ Knockback ]^{4} กระเด็นไป ${4} เมตร
10110300421	The Starshatter Dragon spreads its wings and soars toward a glorious future!	Starshatter Dragon กางปีกและทะยานสู่อนาคตอันรุ่งโรจน์!
10110300422	Treasure Hunting	ค้นหาสมบัติ
10110300423	Mining	ขุดแร่
10110300424	Logging	ตัดไม้
10110300382	Phreeoni detonates the acid around itself, damaging players on HIT and applying 【Stomach Acid Corrosion】.	Phreeoni ทำให้กรดรอบตัวระเบิด สร้างดาเมจแก่ผู้เล่นที่ถูกโจมตีและทำให้ติด [ Stomach Acid Corrosion ]
10110300383	Phreeoni sprays its stomach acid, applying 【Stomach Acid Corrosion】 to players within a large area around itself.	Phreeoni พ่นกรดในกระเพาะ ทำให้ผู้เล่นในพื้นที่กว้างรอบตัวติด [ Stomach Acid Corrosion ]
10110300384	Phreeoni releases acid forward, damaging players on HIT.	Phreeoni ปล่อยกรดไปด้านหน้า สร้างดาเมจแก่ผู้เล่นที่ถูกโจมตี
10110300385	Permanently increases Physical ATK by ^{1}${1}^{2} and DEX by ^{3}${2}^{4}.	เพิ่ม P.ATK ขึ้น ^{1}${1}^{2} และ DEX ขึ้น ^{3}${2}^{4} อย่างถาวร
10110300386	Permanently increases Physical ATK by ^{1}${1}^{2}, AGI by ^{3}${2}^{4}, and Attack Speed by ^{5}${3}%^{6}.	เพิ่ม P.ATK ขึ้น ^{1}${1}^{2}, AGI ขึ้น ^{3}${2}^{4} และ ASPD ขึ้น ^{5}${3}%^{6} อย่างถาวร
10110300387	Bow-exclusive skill. Fires 2 Arrows simultaneously, dealing ${2} hits of PATK * ^{1}${3}% + ${4}^{2} Neutral Ranged Physical DMG to the designated ST enemy within ${1} meters.	สกิลเฉพาะธนู ยิงลูกธนู 2 ดอกพร้อมกัน สร้างดาเมจกายภาพระยะไกลธาตุ Neutral ${2} ครั้ง เท่ากับ P.ATK * ^{1}${3}% + ${4}^{2} แก่ศัตรู Single Target ที่กำหนดในระยะ ${1} เมตร
10110300425	Normal Attack @{1}	การโจมตีปกติ @{1}
10110300428	Earthquake	แผ่นดินไหว
10110300429	Break Free from Maya's Bind	หลุดจากการพันธนาการของ Maya
10110300430	Jump into the Cave to Rescue Bobo	กระโดดเข้าถ้ำเพื่อช่วย Bobo
10110300431	Check on Bobo	ดูอาการ Bobo
10110300432	Free the Shaking Ant Egg	ปล่อยไข่มดที่กำลังสั่นให้เป็นอิสระ
10110300433	Help the fallen Professor to their feet.	ช่วยพยุง Professor ที่ล้มลงให้ยืนขึ้น
10110300434	Open the Treasure in Maya's Nest	เปิดสมบัติในรัง Maya
10110300435	Ride the Deniro	ขี่ Deniro
10110300436	Dismount the Deniro	ลงจาก Deniro
10110300437	Feed the Deniro Fluorescent Supplies	ให้อาหาร Deniro ด้วย Fluorescent Supplies
10110300438	Collect the fluorescent substance	เก็บสารเรืองแสง
10110300492	Angeling summons a radiant halo, restoring ^{1}Adaptive ATK^{2}*^{3}${3}%^{4} ^{5}Life^{6} to up to ${2} allies within ${1} meters and granting the master a ${4}-meter-radius ^{7}[Radiant Ring]^{8}. Allies within the area receive ^{9}${5}%^{10} more healing and periodically recover ^{11}Adaptive ATK^{12}*^{13}${6}%^{14} ^{15}Life^{16} for ${7} seconds.	Angeling เรียกวงแหวนแสง ฟื้นฟู ^{1}Adaptive ATK^{2}*^{3}${3}%^{4} ของ ^{5}HP^{6} ให้พันธมิตรสูงสุด ${2} คน ในระยะ ${1} เมตร และมอบวงแหวนรัศมี ${4} เมตร ^{7}[ Radiant Ring ]^{8}ให้เจ้าของ พันธมิตรในพื้นที่ได้รับการรักษาเพิ่มขึ้น ^{9}${5}%^{10} และฟื้นฟู ^{11}Adaptive ATK^{12}*^{13}${6}%^{14} ของ ^{15}HP^{16} เป็นระยะ เป็นเวลา ${7} วินาที
10110300496	Fox Immortal summons a refreshing breeze in a ${1}-meter-by-${2}-meter rectangular area ahead, dealing a total of ^{1}Adaptive ATK^{2}*^{3}${4}%^{4} Neutral ranged ^{5}Adaptive Damage^{6} to up to ${3} enemies. Hit enemies deal ^{7}${5}%^{8} less Wind damage, while the master's damage increases by ^{9}${6}%^{10} for ${7} seconds.	Fox Immortal เรียกสายลมเย็นในพื้นที่สี่เหลี่ยมขนาด ${1} เมตรคูณ ${2} เมตรด้านหน้า สร้างดาเมจรวมเท่ากับ ^{1}Adaptive ATK^{2}*^{3}${4}%^{4} เป็น ^{5}Adaptive Damage^{6} ระยะไกลธาตุ Neutral แก่ศัตรูสูงสุด ${3} ตัว ศัตรูที่ถูกโจมตีทำดาเมจธาตุ Wind ลดลง ^{7}${5}%^{8} ส่วนดาเมจของเจ้าของเพิ่มขึ้น ^{9}${6}%^{10} เป็นเวลา ${7} วินาที
10110300500	Summons Baphomet Jr. to a designated location within ${1} meters, dealing ^{1}Adaptive ATK^{2}*^{3}${4}%^{4} Neutral ranged ^{5}Adaptive Damage^{6} to up to ${3} enemies within ${2} meters and applying a ^{7}${5}%^{8} ^{9}[Slow]^{10} for ${6} seconds. If a target is already ^{11}[Slowed]^{12}, there is a ^{13}${7}%^{14} Chance to apply the Extra ^{15}[Immobilize]^{16} effect for ${8} seconds.	เรียก Baphomet Jr. ไปยังตำแหน่งที่กำหนดในระยะ ${1} เมตร สร้างดาเมจเท่ากับ ^{1}Adaptive ATK^{2}*^{3}${4}%^{4} เป็น ^{5}Adaptive Damage^{6} ระยะไกลธาตุ Neutral แก่ศัตรูสูงสุด ${3} ตัว ในระยะ ${2} เมตร และลดความเร็วลง ^{7}${5}%^{8} ด้วย ^{9}[ Slow ]^{10} เป็นเวลา ${6} วินาที หากเป้าหมายติด ^{11}[ Slowed ]^{12} อยู่แล้ว มีโอกาส ^{13}${7}%^{14} ทำให้ติด ^{15}[ Immobilize ]^{16} เพิ่มเติม เป็นเวลา ${8} วินาที
10110300516	Zherlthsh attacks with her Whip, dealing a total of PATK * ^{1}${5}%^{2} Neutral melee Physical DMG to ${2} designated enemies within ${1} meters of the target area and up to ${4} targets within a ${3}-meter radius of them. Grants her a ^{3}${6}%^{4} DMG Bonus for ${7} seconds, and the final hit inflicts ^{5}${8}^{6} meters of Knockback.	Zherlthsh ใช้แส้โจมตี สร้างดาเมจกายภาพระยะประชิดธาตุ Neutral รวมเท่ากับ P.ATK * ^{1}${5}%^{2} แก่ศัตรูที่กำหนด ${2} ตัว ในระยะ ${1} เมตรจากพื้นที่เป้าหมาย และเป้าหมายสูงสุด ${4} ตัว ในรัศมี ${3} เมตรรอบศัตรูเหล่านั้น มอบโบนัสดาเมจให้เธอ ^{3}${6}%^{4} เป็นเวลา ${7} วินาที และการโจมตีครั้งสุดท้ายทำให้กระเด็น ^{5}${8}^{6} เมตร
10110300540	Bongun claps its hands together to unleash demonic energy, dealing Neutral melee ^{5}adaptive damage^{6} equal to the master's ^{1}Adaptive ATK^{2}*^{3}${3}%^{4} to up to ${2} enemies within ${1} meters of the master, plus Poison melee ^{11}adaptive damage^{12} totaling the master's ^{7}Adaptive ATK^{8}*^{9}${4}%^{10}.	Bongun ประกบมือปล่อยพลังปีศาจ สร้าง ^{5}Adaptive Damage^{6} ระยะประชิดธาตุ Neutral เท่ากับ ^{1}Adaptive ATK^{2} ของเจ้าของ*^{3}${3}%^{4} แก่ศัตรูสูงสุด ${2} ตัว ในระยะ ${1} เมตรรอบเจ้าของ และสร้าง ^{11}Adaptive Damage^{12} ระยะประชิดธาตุ Poison รวมเท่ากับ ^{7}Adaptive ATK^{8} ของเจ้าของ*^{9}${4}%^{10}
10220300171	Endure	สถานะ Endure
10220300175	Stun	สถานะ Stun
10220300087	Dance Move Check	ตรวจสอบท่าเต้น
10220300124	Skills @{1}–@{2} have already been used. Don't use them again.	ใช้สกิล @{1}–@{2} ไปแล้ว ห้ามใช้ซ้ำ
10220300368	Blessing Angel Persistent Magic Circle	วงเวทคงอยู่ของ Blessing Angel
10220300369	Blessing Angel Surrounding Effect	เอฟเฟกต์รอบตัว Blessing Angel
10220300370	Blessing Angel Large-Area Surrounding Effect	เอฟเฟกต์รอบตัวพื้นที่กว้างของ Blessing Angel
10220300371	Inner-Arena Player-Exclusive Buff	บัฟเฉพาะผู้เล่นในลานประลองชั้นใน
10220300372	Dragon's Highest-Aggro Target Effect	เอฟเฟกต์เป้าหมายที่มี Aggro สูงสุดของมังกร
10220300199	Permanent Joint Passive	พาสซีฟร่วมแบบถาวร
10220300230	Check whether this is needed; currently, it doesn't appear to be	ตรวจสอบว่าจำเป็นหรือไม่ ปัจจุบันดูเหมือนไม่จำเป็น
10220300261	Equipment Drop	อุปกรณ์ดรอป
10220300284	Cart Damage Lv. @{1} visual effect buff	บัฟเอฟเฟกต์ภาพ Cart Damage Lv. @{1}
10220300367	Blessing Angel Overhead Arrow	ลูกศรเหนือศีรษะ Blessing Angel
10800100131	Hodgepodge	สิ่งผสมปนเป
10220300389	Lope	สกิล Lope
10220300391	Lope-related	เกี่ยวข้องกับ Lope
10220300393	Double Lope	Lope สองครั้ง
10220300962	Purple Chance Buff	บัฟโอกาสสีม่วง
10220300746	Damage +@{1}%. Stacks.	ดาเมจ +@{1}% สะสม stacks ได้
10220300743	Pharaoh AoE marker	เครื่องหมายพื้นที่ AoE ของ Pharaoh
10220300741	Coffin uses skill @{1}	โลงศพใช้สกิล @{1}
10220300740	Detect ally—add derived skill	ตรวจจับพันธมิตร—เพิ่มสกิลต่อยอด
10220300738	Coffin uses skill	โลงศพใช้สกิล
10220300737	Coffin Summoned marker	เครื่องหมายเรียกโลงศพ
10220300961	Orange Chance Buff	บัฟโอกาสสีส้ม
10220300854	Ten Kills in One Step (Indiscriminate Attack)	สิบสังหารในหนึ่งก้าว (โจมตีไม่เลือกเป้าหมาย)
10220300787	Checks the target's status before damage is dealt and increases the damage.	ตรวจสถานะเป้าหมายก่อนสร้างดาเมจและเพิ่มดาเมจ
10220300784	Checks the target's status before damage is dealt and increases the damage.	ตรวจสถานะเป้าหมายก่อนสร้างดาเมจและเพิ่มดาเมจ
10220300589	Hitstun	อาการชะงักเมื่อถูกโจมตี
10220300730	Looping VFX for the stone blade left on the ground	เอฟเฟกต์ภาพวนซ้ำของคมดาบหินที่เหลือบนพื้น
10220300726	Greatsword effect on the ground	เอฟเฟกต์ดาบใหญ่บนพื้น
10220300724	Full-screen Shield AoE	พื้นที่ AoE โล่เต็มหน้าจอ
10220300676	Reduces Attack Speed by XX%	ลด ASPD ลง XX%
10220300574	Training Dummy Auto-Recovery	หุ่นฝึกฟื้นฟูอัตโนมัติ
10220300523	Silence	สถานะ Silence
10220300525	Burn	สถานะ Burn
10220300502	Blind	สถานะ Blind
10220300501	Slow	สถานะ Slow
10220300500	Immobilize	สถานะ Immobilize
10220300499	Frozen	สถานะ Frozen
10110300945	【Judex】transforms into 【Enlightenment】, gaining enhanced visuals and increased damage. When cast, it deals one instance of Extra ST damage to up to @{2} enemies within @{1} meters of the target.\n【Second Holy Light】transforms into 【Interwoven Light and Shadow】 and has a Chance to be triggered by the initial hit of 【Enlightenment】, dealing Physical or Magic damage. While in 【Divine Stance】, the trigger Chance becomes @{3}%.	[ Judex ] เปลี่ยนเป็น [ Enlightenment ] พร้อมเอฟเฟกต์ภาพที่ดีขึ้นและดาเมจเพิ่มขึ้น เมื่อใช้ จะสร้างดาเมจ Single Target เพิ่มอีกหนึ่งครั้งแก่ศัตรูสูงสุด @{2} ตัว ในระยะ @{1} เมตรรอบเป้าหมาย\n[ Second Holy Light ] เปลี่ยนเป็น [ Interwoven Light and Shadow ] และมีโอกาสเกิดผลจากการโจมตีครั้งแรกของ [ Enlightenment ] สร้างดาเมจกายภาพหรือเวท ขณะอยู่ใน [ Divine Stance ] โอกาสเกิดผลจะเป็น @{3}%
12390100543	Grants a chance to obtain a green-quality Card.	มีโอกาสได้รับการ์ดคุณภาพสีเขียว
12390100542	Grants a chance to obtain a Red Quality Card.	มีโอกาสได้รับการ์ดคุณภาพสีแดง
12390100529	A tiny bow that looks like it could only fit around a cat's or dog's neck. It smells a little funky...	โบเล็กๆ ที่ดูเหมือนจะผูกได้แค่รอบคอแมวหรือสุนัข มีกลิ่นแปลกๆ เล็กน้อย...
12390100528	A device used to Hatch Eggs, but you have no idea how to use it yet.	อุปกรณ์สำหรับฟักไข่ แต่คุณยังไม่รู้วิธีใช้
12390100527	Whoa! A surprise drop—it looks like something incredible!	ว้าว! ของดรอปเซอร์ไพรส์ ดูเหมือนจะเป็นของสุดยอด!
12390100526	A very revealing vest. No idea who Discarded it on the ground.	เสื้อกั๊กที่เปิดเผยเนื้อหนังมาก ไม่รู้ว่าใครทิ้งไว้บนพื้น
12390100525	A filthy uniform and pair of shoes. Who knows who left them lying here?	เครื่องแบบและรองเท้าที่สกปรกมาก ใครกันทิ้งไว้ตรงนี้?
12390100524	This instrument is said to extract particles of longing, and it's the only one on the entire continent.	ว่ากันว่าเครื่องมือนี้สกัดอนุภาคแห่งความคิดถึงได้ และมีเพียงชิ้นเดียวในทั้งทวีป
12390100535	Grants a chance to obtain the following items.	มีโอกาสได้รับไอเทมต่อไปนี้
12390100534	Ornate Tier @{1} Purple Equipment, clearly crafted by the Moonlit Challenger.	อุปกรณ์สีม่วง Tier @{1} อันวิจิตร เห็นได้ชัดว่าสร้างโดย Moonlit Challenger
12390100533	Fine Tier @{1} Blue Equipment with impressive ATK and DEF.	อุปกรณ์สีน้ำเงิน Tier @{1} คุณภาพดี มี ATK และ DEF ที่น่าประทับใจ
12390100532	Common Tier @{1} Blue Equipment that can protect against ordinary enemies.	อุปกรณ์สีน้ำเงิน Tier @{1} ทั่วไป สามารถป้องกันศัตรูธรรมดาได้
12390100531	A Normal Tier @{1} Green Weapon capable of handling Low-grade monsters.	อาวุธสีเขียว Tier @{1} ธรรมดา สามารถรับมือมอนสเตอร์ระดับต่ำได้
12390100530	A detailed Equipment Crafting Blueprint used for Equipment Forging.	พิมพ์เขียวสร้างอุปกรณ์อย่างละเอียด ใช้สำหรับตีอุปกรณ์
12390100517	Quest Items: Fabre slime.	ไอเทมเควสต์: เมือก Fabre
12390100516	Quest Items: Poring's medicinal herbs.	ไอเทมเควสต์: สมุนไพรของ Poring
12390100515	A shimmering liquid.	ของเหลวระยิบระยับ
12390100514	Similar to a Big Scell, but with a brighter crystal.	คล้าย Big Scell แต่ผลึกสว่างกว่า
12390100513	A crystal that emits a mysterious glow.	ผลึกที่เปล่งแสงลึกลับ
12390100512	A colorful Worm Peeling.	Worm Peeling สีสันสดใส
12390100523	A mysterious compass given to you by a mysterious woman. It clearly hides some secret!	เข็มทิศลึกลับที่หญิงลึกลับมอบให้คุณ เห็นได้ชัดว่าซ่อนความลับบางอย่าง!
12390100522	"An extremely intricate component stamped ""Made in Juno"" on the bottom."	"ชิ้นส่วนที่ซับซ้อนประณีตมาก ด้านล่างมีตรา ""Made in Juno"""
12390100521	A colorful Tiger Pelt from Eddga.	Tiger Pelt สีสันสดใสจาก Eddga
12390100520	A makeshift litter box.	กระบะทรายแมวแบบชั่วคราว
12390100519	A highly intelligent, purple-skinned Demon Poring who's very close to you!	Demon Poring ผิวสีม่วงที่ฉลาดมากและสนิทกับคุณ!
12390100518	An Airship Ticket sold by a Black Market Merchant.	Airship Ticket ที่ขายโดย Black Market Merchant
12390100505	A four-leaf Lucky Clover.	Lucky Clover สี่ใบ
12390100504	A gemstone that emits a pink glow.	อัญมณีที่เปล่งแสงสีชมพู
12390100503	A gemstone that emits a purple glow.	อัญมณีที่เปล่งแสงสีม่วง
12390100502	A viscous liquid with a glaring color. It really stands out at night.	ของเหลวเหนียวหนืดสีฉูดฉาด มองเห็นเด่นชัดมากยามกลางคืน
12390100501	A large piece of Scell.	Scell ชิ้นใหญ่
12390100500	Yellow quartz.	ควอตซ์สีเหลือง
12390100511	Beautiful silver fur.	ขนสีเงินงดงาม
12390100510	Similar to a Large Jellopy, but with a brighter crystalline glow.	คล้าย Large Jellopy แต่มีแสงผลึกสว่างกว่า
12390100509	Extremely tough Animal Skin.	Animal Skin ที่เหนียวมาก
12390100508	An item that inspires unwavering loyalty to the army.	ไอเทมที่ปลุกความภักดีต่อกองทัพอย่างแน่วแน่
12390100507	An item Assassins use to erase human emotion.	ไอเทมที่ Assassin ใช้ลบอารมณ์ความรู้สึกของมนุษย์
12390100506	Metal that shines as brilliantly as the sun.	โลหะที่เปล่งประกายเจิดจ้าดั่งดวงอาทิตย์
12390100499	A sturdy-looking Insect shell.	เปลือกแมลงที่ดูแข็งแรง
12390100498	Dried hides curled up into the shape of a circle.	หนังแห้งที่ขดเป็นวง
12390100497	A feather imbued with alluring magic.	ขนนกที่อัดเวทมนตร์ชวนหลงใหล
12390100496	Sweet Bananas made by preserving ripe bananas in syrup.	กล้วยหวานที่ทำโดยแช่กล้วยสุกในน้ำเชื่อม
12390100495	A high-quality silver Pocket Watch.	Pocket Watch เงินคุณภาพสูง
12390100494	A large, beautiful, and extremely Rare Feather from a Peco Peco's wing.	ขนนกจากปีก Peco Peco ที่ใหญ่ งดงาม และหายากมาก
12390100493	An item collected from a Beehive.	ไอเทมที่เก็บจากรังผึ้ง
12390100492	A large piece of Jellopy.	Jellopy ชิ้นใหญ่
12390100491	A tiny wing from a Deviruchi.	ปีกเล็กๆ จาก Deviruchi
12390100490	An item made by exploiting the habits of Thief Bugs.	ไอเทมที่ทำโดยใช้ประโยชน์จากพฤติกรรมของ Thief Bug
12390100489	A beautiful Crystal Fragment. Look closely, and you'll see an eye-shaped Astral Sign at its center.	Crystal Fragment งดงาม หากมองใกล้ๆ จะเห็น Astral Sign รูปดวงตาที่ใจกลาง
12390100488	A clear, transparent gemstone.	อัญมณีใสโปร่งแสง
12390100487	A mysterious, transparent cloth that glows.	ผ้าโปร่งแสงลึกลับที่เรืองแสง
12390100486	A sweet, highly nutritious liquid.	ของเหลวรสหวานที่มีคุณค่าทางอาหารสูง
12390100485	An unidentified viscous liquid.	ของเหลวเหนียวหนืดที่ไม่ทราบชนิด
12390100484	Obtained by skinning an animal.	ได้จากการถลกหนังสัตว์
12390100483	Quite soft fur.	ขนที่ค่อนข้างนุ่ม
12390100482	A plant with three heart-shaped leaves.	พืชที่มีใบรูปหัวใจสามใบ
12390100481	Juice pressed from apples.	น้ำคั้นจากแอปเปิล
12390100480	A crystal obtained from certain monsters.	ผลึกที่ได้จากมอนสเตอร์บางชนิด
12390100479	A tough piece of hide from a monster.	หนังเหนียวจากมอนสเตอร์
12390100478	A bone from an undead Skeleton Soldier.	กระดูกจาก Skeleton Soldier อันเดด
12390100477	The hard shell of a monster.	เปลือกแข็งของมอนสเตอร์
12390100476	A crystal obtained from certain monsters.	ผลึกที่ได้จากมอนสเตอร์บางชนิด
12390100475	A Rare mineral that emits a blue glow.	แร่หายากที่เปล่งแสงสีน้ำเงิน
12390100474	An empty bottle.	ขวดเปล่า
12390100473	Trunk.	ลำต้น
12390100472	A special Magic item that can predict and reveal the distant future.	ไอเทมเวทมนตร์พิเศษที่ทำนายและเปิดเผยอนาคตอันไกลโพ้นได้
12390100471	A golden crystal that looks as though it contains the sun.	ผลึกสีทองที่ดูราวกับบรรจุดวงอาทิตย์ไว้
12390100470	A small bead made of glass.	ลูกปัดแก้วเล็กๆ
12390100469	A Rare Ore that glows Red.	แร่หายากที่เรืองแสงสีแดง
12390100468	A fragment of Yellow jade.	เศษหยกสีเหลือง
12390100467	A hard, crystal-clear gemstone.	อัญมณีแข็งและใสดุจผลึก
12390100466	A Rare material used for Special Talent Level-up.\nOnce your understanding of a Talent reaches a stable stage,\nits power is formally engraved, becoming an unmistakable mark.	วัสดุหายากสำหรับเพิ่มเลเวล Special Talent\nเมื่อความเข้าใจ Talent ของคุณถึงขั้นมั่นคง\nพลังจะถูกสลักอย่างเป็นทางการ กลายเป็นเครื่องหมายที่ชัดเจน
12390100465	A common material used for Talent Level-up.\nA faint trace left behind through the continued use and understanding of a Talent.	วัสดุทั่วไปสำหรับเพิ่มเลเวล Talent\nร่องรอยจางๆ ที่หลงเหลือจากการใช้งานและทำความเข้าใจ Talent อย่างต่อเนื่อง
12390100464	Rare materials for title promotion.	วัสดุหายากสำหรับเลื่อนตำแหน่งฉายา
12390100463	A Rare Material used to Advance titles.\nIt can also be Dismantled into a lower-Rarity ^{1}Crest of Freedom^{2}.	วัสดุหายากสำหรับเลื่อนขั้นฉายา\nสามารถแยกชิ้นส่วนเป็น ^{1}Crest of Freedom^{2} ที่มีระดับความหายากต่ำกว่าได้ด้วย
12390100462	A Rare Material used to Advance titles.\nIt can be Combined into a higher-Rarity ^{1}Crest of Moon^{2}, which is used to Advance higher-ranking titles.\nIt can also be Dismantled into a lower-Rarity ^{3}Crest of Conquer^{4}.	วัสดุหายากสำหรับเลื่อนขั้นฉายา\nสามารถรวมเป็น ^{1}Crest of Moon^{2} ที่มีระดับความหายากสูงกว่า เพื่อเลื่อนขั้นฉายาระดับสูงขึ้น\nสามารถแยกชิ้นส่วนเป็น ^{3}Crest of Conquer^{4} ที่มีระดับความหายากต่ำกว่าได้ด้วย
12390100461	A Rare Material used to Advance titles.\nIt can be Combined into a higher-Rarity ^{1}Crest of Freedom^{2}, which is used to Advance higher-ranking titles.\nIt can also be Dismantled into a lower-Rarity ^{3}Crest of Venture^{4}.	วัสดุหายากสำหรับเลื่อนขั้นฉายา\nสามารถรวมเป็น ^{1}Crest of Freedom^{2} ที่มีระดับความหายากสูงกว่า เพื่อเลื่อนขั้นฉายาระดับสูงขึ้น\nสามารถแยกชิ้นส่วนเป็น ^{3}Crest of Venture^{4} ที่มีระดับความหายากต่ำกว่าได้ด้วย
12390100460	A Rare Material used to Advance titles.\nIt can be Combined into a higher-Rarity ^{1}Crest of Conquer^{2}, which is used to Advance higher-ranking titles.\nIt can also be Dismantled into a lower-Rarity ^{3}Crest of Journey^{4}.	วัสดุหายากสำหรับเลื่อนขั้นฉายา\nสามารถรวมเป็น ^{1}Crest of Conquer^{2} ที่มีระดับความหายากสูงกว่า เพื่อเลื่อนขั้นฉายาระดับสูงขึ้น\nสามารถแยกชิ้นส่วนเป็น ^{3}Crest of Journey^{4} ที่มีระดับความหายากต่ำกว่าได้ด้วย
12390100459	A Rare Material used to Advance titles.\nIt can also be Combined into a higher-Rarity ^{1}Crest of Venture^{2}, which is used to Advance higher-ranking titles.	วัสดุหายากสำหรับเลื่อนขั้นฉายา\nสามารถรวมเป็น ^{1}Crest of Venture^{2} ที่มีระดับความหายากสูงกว่าได้ด้วย
12390100458	Some say this dew occasionally forms on the leaves of Yggdrasil. It contains the primal, creative power of Life and can be used for a Pet's Breakthrough.	บางคนว่าหยาดน้ำค้างนี้ก่อตัวบนใบ Yggdrasil เป็นครั้งคราว บรรจุพลังสร้างสรรค์แห่งชีวิตดั้งเดิม ใช้ทะลุขีดจำกัดสัตว์เลี้ยงได้
12390100457	A by-product of alchemical Pet Hatching. Dismantle to receive @{1} Proficiency.	ผลพลอยได้จากการฟักสัตว์เลี้ยงด้วยการเล่นแร่แปรธาตุ แยกชิ้นส่วนเพื่อรับความชำนาญ @{1}
12390100456	"A catalytic medium created from the theoretical ""fifth Element."" It can Accelerate the creation of a Pet Egg."	"ตัวกลางเร่งปฏิกิริยาที่สร้างจาก ""ธาตุที่ห้า"" ตามทฤษฎี ช่วยเร่งการสร้างไข่สัตว์เลี้ยงได้"
12390100455	An unusual salt with large grains. One of the Materials used to create a Pet Egg.	เกลือเม็ดใหญ่ที่ไม่ธรรมดา หนึ่งในวัสดุสำหรับสร้างไข่สัตว์เลี้ยง
12390100454	A strangely shaped Green, root-like object. One of the Materials used to create a Pet Egg.	วัตถุสีเขียวรูปร่างแปลกคล้ายรากไม้ หนึ่งในวัสดุสำหรับสร้างไข่สัตว์เลี้ยง
12390100453	A long Feather from a raven's tail that shimmers with colorful light. One of the Materials used to create a Pet Egg.	ขนหางยาวของอีกาที่สะท้อนแสงหลากสี หนึ่งในวัสดุสำหรับสร้างไข่สัตว์เลี้ยง
12390100452	Obtained from Mine Planet Treasure Hunt. Used to purchase appearances from the Appearance Shop.	ได้รับจาก Mine Planet Treasure Hunt ใช้ซื้อรูปลักษณ์ใน Appearance Shop
12390100451	A feline favorite used to draw items in Mine Planet Treasure Hunt.	ของโปรดของแมว ใช้สุ่มไอเทมใน Mine Planet Treasure Hunt
12390100450	A reward obtained by helping with Guild Caravan submissions.	รางวัลจากการช่วยส่งของ Guild Caravan
12390100449	Select one S-Rank pet.	เลือกสัตว์เลี้ยงระดับ S หนึ่งตัว
12390100448	An Emperium that shines brilliantly. According to ancient texts, it appears only before those destined to change the world. Required to create a guild.	Emperium ที่เปล่งประกายเจิดจ้า ตามคัมภีร์โบราณจะปรากฏต่อหน้าผู้ถูกลิขิตให้เปลี่ยนโลกเท่านั้น จำเป็นต่อการสร้างกิลด์
12390100447	Obtained through Pet Hatching and Pet Shard Dismantling. Can be exchanged for items in the Pet Shop.	ได้รับจากการฟักสัตว์เลี้ยงและแยกชิ้นส่วน Pet Shard ใช้แลกไอเทมใน Pet Shop
12390100446	An egg used for Pet Hatching.	ไข่สำหรับฟักสัตว์เลี้ยง
12390100445	Use to Change Guild Name.	ใช้เปลี่ยนชื่อกิลด์
12390100444	A Pet Care Guide that Records how to form a close bond with a Pet. Use it to grant a Pet @{1} EXP.	คู่มือดูแลสัตว์เลี้ยงที่บันทึกวิธีสร้างสายสัมพันธ์ใกล้ชิด ใช้เพื่อมอบ EXP @{1} ให้สัตว์เลี้ยง
12390100443	A pink gemstone from Daidai's Collector's collection. Can be used for prize wheel draws.	อัญมณีสีชมพูจากคอลเลกชัน Collector ของ Daidai ใช้สุ่มรางวัลจากวงล้อได้
12390100442	A gemstone that glows Green. Can be exchanged for Headwear.	อัญมณีที่เรืองแสงสีเขียว ใช้แลกอุปกรณ์ศีรษะได้
12390100441	A gemstone that glows Purple. Can be exchanged for Headwear.	อัญมณีที่เรืองแสงสีม่วง ใช้แลกอุปกรณ์ศีรษะได้
12390100440	A gemstone that glows turquoise. Can be exchanged for Headwear.	อัญมณีที่เรืองแสงสีฟ้าอมเขียว ใช้แลกอุปกรณ์ศีรษะได้
12390100439	A gemstone that glows Yellow. Can be exchanged for Headwear.	อัญมณีที่เรืองแสงสีเหลือง ใช้แลกอุปกรณ์ศีรษะได้
12390100438	A gemstone that emits a White glow. Can be exchanged for Headwear.	อัญมณีที่เปล่งแสงสีขาว ใช้แลกอุปกรณ์ศีรษะได้
12390100437	A gemstone that emits a Blue glow. Can be exchanged for Headwear.	อัญมณีที่เปล่งแสงสีน้ำเงิน ใช้แลกอุปกรณ์ศีรษะได้
12390100436	A gemstone that emits a deep Red glow. Can be exchanged for Headwear.	อัญมณีที่เปล่งแสงสีแดงเข้ม ใช้แลกอุปกรณ์ศีรษะได้
12390100435	A gemstone that emits a pink glow. Can be exchanged for Headwear.	อัญมณีที่เปล่งแสงสีชมพู ใช้แลกอุปกรณ์ศีรษะได้
12390100434	A fragment of a star. Can be exchanged for Headwear.	เศษดวงดาว ใช้แลกอุปกรณ์ศีรษะได้
12390100433	An orb symbolizing the sun god. Its dazzling Gold radiance is almost blinding. Can be exchanged for Headwear.	ลูกแก้วที่เป็นสัญลักษณ์เทพแห่งดวงอาทิตย์ แสงสีทองเจิดจ้าจนแทบแสบตา ใช้แลกอุปกรณ์ศีรษะได้
12390100432	A small glass bead often used as a toy by children. Can be exchanged for Headwear.	ลูกปัดแก้วเล็กๆ ที่เด็กมักใช้เป็นของเล่น ใช้แลกอุปกรณ์ศีรษะได้
12390100431	A four-leaf Lucky Clover. Legend says it brings good LUK. Can be exchanged for Headwear.	Lucky Clover สี่ใบ ตำนานกล่าวว่านำโชคดีมาให้ ใช้แลกอุปกรณ์ศีรษะได้
12390100430	A Hand of God imbued with profound religious significance. Can be exchanged for Headwear.	Hand of God ที่มีความสำคัญทางศาสนาอย่างลึกซึ้ง ใช้แลกอุปกรณ์ศีรษะได้
12390100429	A Trunk. Can be exchanged for Headwear.	ลำต้น ใช้แลกอุปกรณ์ศีรษะได้
12390100428	Beautiful silver fur. Can be exchanged for Headwear.	ขนสีเงินงดงาม ใช้แลกอุปกรณ์ศีรษะได้
12390100427	The Red heart of an Obeaune. It always looks like it's still beating. Can be exchanged for Headwear.	หัวใจสีแดงของ Obeaune ดูเหมือนยังเต้นอยู่เสมอ ใช้แลกอุปกรณ์ศีรษะได้
12390100426	A dragon scale as hard as Steel. Legend says it provides exceptional resistance to both cold and heat. Can be exchanged for Headwear.	เกล็ดมังกรที่แข็งดั่ง Steel ตำนานกล่าวว่าต้านทานทั้งความเย็นและความร้อนได้ดีเยี่ยม ใช้แลกอุปกรณ์ศีรษะได้
12390100425	A Metal that shines as brilliantly as the sun. Though difficult to work with, its rarity undoubtedly makes it extremely valuable among metals. Can be exchanged for Headwear.	โลหะที่เปล่งประกายเจิดจ้าดั่งดวงอาทิตย์ แม้แปรรูปยาก แต่ความหายากทำให้มีมูลค่าสูงมากในบรรดาโลหะ ใช้แลกอุปกรณ์ศีรษะได้
12390100424	A crystal obtained from certain monsters. Can be exchanged for Headwear.	ผลึกจากมอนสเตอร์บางชนิด ใช้แลกอุปกรณ์ศีรษะได้
12390100423	A Plant that glows alone at midnight in a forest seldom visited by people. It is said that heaven can be seen in its light, but its glow fades if the flower is picked. Can be exchanged for Headwear.	พืชที่เรืองแสงตามลำพังตอนเที่ยงคืนในป่าที่คนไม่ค่อยมาเยือน ว่ากันว่ามองเห็นสวรรค์ในแสงนั้น แต่แสงจะดับหากเด็ดดอก ใช้แลกอุปกรณ์ศีรษะได้
12390100422	A fairy's whiskers. Can be exchanged for Headwear.	หนวดของภูต ใช้แลกอุปกรณ์ศีรษะได้
12390100421	A Single Cell. Can be exchanged for Headwear.	Single Cell ใช้แลกอุปกรณ์ศีรษะได้
12390100420	A Deviruchi horn. Can be exchanged for Headwear.	เขาของ Deviruchi ใช้แลกอุปกรณ์ศีรษะได้
12390100419	Iron strengthened by repeatedly soaking it in a special Potion. Can be exchanged for Headwear.	เหล็กที่แข็งแรงขึ้นจากการแช่ในน้ำยาพิเศษซ้ำๆ ใช้แลกอุปกรณ์ศีรษะได้
12390100418	Alice's Apron. Can be exchanged for Headwear.	ผ้ากันเปื้อนของ Alice ใช้แลกอุปกรณ์ศีรษะได้
12390100417	A Tiger's Footskin said to be very beneficial to one's health. Can be exchanged for Headwear.	หนังเท้าเสือที่ว่ากันว่าดีต่อสุขภาพมาก ใช้แลกอุปกรณ์ศีรษะได้
12390100416	A Plant with three heart-shaped leaves that blooms with White flowers from month @{1} to month @{2}. Four-leaf specimens can sometimes be found. This Plant is called a Lucky Clover, and Legend says it brings good LUK. Can be exchanged for Headwear.	พืชที่มีใบรูปหัวใจสามใบ ออกดอกสีขาวตั้งแต่เดือน @{1} ถึงเดือน @{2} บางครั้งพบต้นที่มีสี่ใบ พืชนี้ชื่อ Lucky Clover และตำนานกล่าวว่านำโชคดีมาให้ ใช้แลกอุปกรณ์ศีรษะได้
12390100415	A Fox tail. Can be exchanged for Headwear.	หางจิ้งจอก ใช้แลกอุปกรณ์ศีรษะได้
12390100414	A crystal obtained from certain monsters. Can be exchanged for Headwear.	ผลึกจากมอนสเตอร์บางชนิด ใช้แลกอุปกรณ์ศีรษะได้
12390100413	An empty bottle. Can be exchanged for Headwear.	ขวดเปล่า ใช้แลกอุปกรณ์ศีรษะได้
12390100412	A Plant's long, slender stem. Can be exchanged for Headwear.	ลำต้นพืชที่ยาวเรียว ใช้แลกอุปกรณ์ศีรษะได้
12390100411	Liquid oozing from damaged Tree Bark. Can be exchanged for Headwear.	ของเหลวที่ซึมจากเปลือกไม้เสียหาย ใช้แลกอุปกรณ์ศีรษะได้
12390100410	A tuft of hair dropped by Muffin. It still has a bit of a smell. Can be exchanged for Headwear.	กระจุกขนที่ Muffin ทำตก ยังมีกลิ่นเล็กน้อย ใช้แลกอุปกรณ์ศีรษะได้
12390100409	Soft mold powder. Can be exchanged for Headwear.	ผงรานุ่ม ใช้แลกอุปกรณ์ศีรษะได้
12390100408	A hard beak obtained from a Flying monster or Brute. Can be exchanged for Headwear.	จะงอยปากแข็งจากมอนสเตอร์บินหรือเผ่า Brute ใช้แลกอุปกรณ์ศีรษะได้
12390100407	Cow's milk, considered the most nutritious food for a Child during the Growth Stage. Can be exchanged for Headwear.	นมวัว ซึ่งถือเป็นอาหารที่มีคุณค่าทางโภชนาการที่สุดสำหรับเด็กในวัยเจริญเติบโต ใช้แลกอุปกรณ์ศีรษะได้
12390100406	Fur skinned from a Brute. Can be exchanged for Headwear.	ขนที่ถลกจากเผ่า Brute ใช้แลกอุปกรณ์ศีรษะได้
12390100405	Fur from a Flying monster or Brute. Can be exchanged for Headwear.	ขนจากมอนสเตอร์บินหรือเผ่า Brute ใช้แลกอุปกรณ์ศีรษะได้
12390100404	A monster's hard shell. Can be exchanged for Headwear.	เปลือกแข็งของมอนสเตอร์ ใช้แลกอุปกรณ์ศีรษะได้
12390100403	A common Arrow that can be found anywhere. Can be exchanged for Headwear.	ลูกธนูธรรมดาที่พบได้ทุกที่ ใช้แลกอุปกรณ์ศีรษะได้
12390100402	Used to unlock Muka Emotes.	ใช้ปลดล็อกอีโมต Muka
12390100401	Used to unlock Deviling Emotes.	ใช้ปลดล็อกอีโมต Deviling
12390100400	Used to unlock various Emotes.	ใช้ปลดล็อกอีโมตต่างๆ
12390100399	Use to receive Advanced Guild Benefits.	ใช้รับสวัสดิการกิลด์ระดับสูง
12390100398	Use to receive Intermediate Guild Benefits.	ใช้รับสวัสดิการกิลด์ระดับกลาง
12390100397	Use to receive Beginner Guild Benefits.	ใช้รับสวัสดิการกิลด์ระดับเริ่มต้น
12390100376	In the glow of the Bonfire, the words in the manual seem to dance. After reading a few lines, your body begins to feel unfamiliar yet adorable again...\n^{1}Effect: Can only be used after you Transform at the Poring Party. Use it to randomly change your transformed appearance again.^{2}	ใต้แสงกองไฟ ตัวอักษรในคู่มือดูราวกับเต้นรำ อ่านไปเพียงไม่กี่บรรทัด ร่างกายก็เริ่มรู้สึกแปลกไปแต่กลับน่ารักอีกครั้ง...\n^{1}ผล: ใช้ได้เฉพาะหลังแปลงร่างใน Poring Party ใช้เพื่อสุ่มเปลี่ยนรูปลักษณ์ที่แปลงร่างอีกครั้ง^{2}
12390100372	Equip it to a Constellation in Astral Level to gain attribute bonuses.	ติดตั้งในกลุ่มดาวของ Astral Level เพื่อรับโบนัสค่าสถานะ
12390100371	An Adventurer Guild profile card unlock item. Use it to unlock the ^{1}Netherworld - Shattered Tower^{2} Adventurer Guild profile card.	ไอเทมปลดล็อกการ์ดโปรไฟล์ Adventurer Guild ใช้ปลดล็อกการ์ดโปรไฟล์ ^{1}Netherworld - Shattered Tower^{2}
12390100368	Material used to Craft an Accessory.	วัสดุสำหรับสร้างเครื่องประดับ
12390100361	Obtained by dismantling Purple Cards. Can be used for the Level-up of red and Orange Cards.	ได้จากการแยกชิ้นส่วนการ์ดสีม่วง ใช้เพิ่มเลเวลการ์ดสีแดงและสีส้ม
12390100360	Obtained by dismantling blue and green cards. Can be used to purchase cards.	ได้จากการแยกชิ้นส่วนการ์ดสีน้ำเงินและสีเขียว ใช้ซื้อการ์ดได้
12390100359	A ticket that increases the maximum number of storage slots.	ตั๋วเพิ่มจำนวนช่องสูงสุดในคลัง
12390100358	A ticket that increases the maximum number of Backpack slots.	ตั๋วเพิ่มจำนวนช่องสูงสุดในกระเป๋า
12390100357	Pressing the button produces a blue flash. Anyone who sees the light seems to forget part of their memory, allowing their skill tree to be wiped clean.\n^{1}Use: Resets allocated skill points^{2}	กดปุ่มแล้วเกิดแสงวาบสีน้ำเงิน ใครที่เห็นแสงดูเหมือนจะลืมความทรงจำบางส่วน ทำให้สามารถล้างต้นไม้สกิลได้\n^{1}การใช้งาน: รีเซ็ตแต้มสกิลที่จัดสรรแล้ว^{2}
12390100356	Rumor has it that anyone who understands this fragment can return their attributes to their Initial state.\n^{1}Use: Resets allocated stat points^{2}	เล่าลือว่าผู้ที่เข้าใจชิ้นส่วนนี้จะคืนค่าสถานะสู่สภาพเริ่มต้นได้\n^{1}การใช้งาน: รีเซ็ตแต้มสถานะที่จัดสรรแล้ว^{2}
12390100367	Material used to Craft Clothes, Pauldrons, or Shoes.	วัสดุสำหรับสร้างเสื้อผ้า เกราะไหล่ หรือรองเท้า
12390100366	Material used to Craft a Weapon or shield.	วัสดุสำหรับสร้างอาวุธหรือโล่
12390100365	A hard, lustrous crystal. Can be used for Equipment Forging.	ผลึกแข็งเป็นเงา ใช้ตีอุปกรณ์ได้
12390100364	An Astral Sign imbued with mysterious power. Can be used for Equipment Forging.	Astral Sign ที่อัดพลังลึกลับ ใช้ตีอุปกรณ์ได้
12390100363	A sturdy yet beautiful stone used to add sockets to equipment.	หินที่แข็งแรงและงดงาม ใช้เพิ่มช่องใส่การ์ดให้อุปกรณ์
12390100362	Used for card Level-up.	ใช้เพิ่มเลเวลการ์ด
12390100327	At the very back of the ^{1}Prontera Library^{2}, find the ^{3}bookshelf^{4} that looks untouched. Its corners are sealed beneath thick dust, and the secret lies within.	ที่ด้านในสุดของ ^{1}Prontera Library^{2} หา ^{3}ชั้นหนังสือ^{4} ที่ดูไม่เคยถูกแตะต้อง มุมชั้นถูกปกคลุมด้วยฝุ่นหนา ความลับซ่อนอยู่ภายใน
12390100326	In the most peaceful corner of the courtyard behind the ^{1}Prontera Inn^{2}, look ^{3}between the bench and the flowers^{4} for the patch of ground most often brushed by birds' wings.	ในมุมที่สงบที่สุดของลานหลัง ^{1}Prontera Inn^{2} มองหา ^{3}ระหว่างม้านั่งกับดอกไม้^{4} ตรงพื้นดินที่ปีกนกมักปัดผ่านบ่อยที่สุด
12390100325	Beneath the dappled shade of the ^{3}third tree^{4} in front of the ^{1}Prontera Church^{2}, seek the spot where the most devout monk once stood for hours. His personal gift is hidden there.	ใต้ร่มเงาด่างของ ^{3}ต้นไม้ต้นที่สาม^{4} หน้า ^{1}Prontera Church^{2} หาจุดที่พระผู้เคร่งศรัทธาที่สุดเคยยืนอยู่นานหลายชั่วโมง ของขวัญส่วนตัวของเขาซ่อนอยู่ที่นั่น
12390100324	The target lies ^{1}in front of the statue of Odin in Prontera Plaza^{2}. Follow the direction indicated by the tip of its hoof to Discover the hidden object ^{3}in the gap between the bench and the stone steps^{4}.	เป้าหมายอยู่ ^{1}หน้ารูปปั้น Odin ใน Prontera Plaza^{2} ตามทิศที่ปลายกีบชี้เพื่อพบของที่ซ่อน ^{3}ในช่องระหว่างม้านั่งกับขั้นบันไดหิน^{4}
12390100323	Part of what appears to be a map. It radiates a magical aura.	ส่วนหนึ่งของสิ่งที่ดูเหมือนแผนที่ แผ่กลิ่นอายเวทมนตร์
12390100322	A map drawn by ancient emperors to mark their most precious treasures. To keep others from coveting them, they tore the map into fragments and hid them in different places.	แผนที่ที่จักรพรรดิโบราณวาดเพื่อระบุสมบัติล้ำค่าที่สุด เพื่อไม่ให้ผู้อื่นอยากได้ จึงฉีกเป็นชิ้นและซ่อนไว้ตามที่ต่างๆ
12390100355	Fabric woven from threads that have bathed in starlight for years, gathering the mysterious power of the stars. It grants greater power to armor.\n^{1}Use: Can be used to Enhance armor from +@{1} to +@{2}^{2}	ผ้าที่ทอจากเส้นด้ายซึ่งอาบแสงดาวมาหลายปี รวบรวมพลังลึกลับแห่งดวงดาว มอบพลังให้เกราะมากขึ้น\n^{1}การใช้งาน: ใช้เสริมพลังเกราะจาก +@{1} ถึง +@{2}^{2}
12390100354	A premium @{1}-carat diamond whose dazzling, laser-like brilliance grants greater power to weapons and accessories.\n^{1}Use: Can be used to Enhance weapons and accessories from +@{2} to +@{3}^{2}	เพชรระดับพรีเมียม @{1} กะรัต ประกายเจิดจ้าดุจเลเซอร์มอบพลังให้กับอาวุธและเครื่องประดับมากขึ้น\n^{1}การใช้งาน: ใช้เสริมพลังอาวุธและเครื่องประดับจาก +@{2} ถึง +@{3}^{2}
12390100353	An extremely precious ore from the dwarven realm of Wat Alheim, coveted by every craftsman.\n^{1}Effect: Used to Refine an Accessory. Increases the Success Rate and prevents level loss or damage if Refinement Failed.^{2}	แร่ล้ำค่ามากจากอาณาจักรคนแคระ Wat Alheim ซึ่งช่างทุกคนปรารถนา\n^{1}ผล: ใช้ตีบวกเครื่องประดับ เพิ่มอัตราสำเร็จและป้องกันระดับลดหรือเสียหายเมื่อตีบวกล้มเหลว^{2}
12390100352	An ore from the dwarven realm of Wat Alheim, said to have received the Blessing of a legendary dwarven craftsman.\n^{1}Effect: Used to Refine an Accessory. Prevents level loss if Refinement Failed.^{2}	แร่จากอาณาจักรคนแคระ Wat Alheim ว่ากันว่าได้รับพรจากช่างคนแคระในตำนาน\n^{1}ผล: ใช้ตีบวกเครื่องประดับ ป้องกันระดับลดเมื่อตีบวกล้มเหลว^{2}
12390100329	At the ^{3}northeasternmost corner^{4} of the fields ^{1}outside Prontera West Gate^{2}, an abandoned ^{5}camp Bonfire^{6} sits on a grassy slope. The mix of fresh and old straw nearby warrants a closer look.	ที่ ^{3}มุมตะวันออกเฉียงเหนือสุด^{4} ของทุ่ง ^{1}นอก Prontera West Gate^{2} มี ^{5}กองไฟค่าย^{6} ที่ถูกทิ้งไว้บนเนินหญ้า ฟางเก่าและใหม่ที่ปะปนกันใกล้ๆ ควรตรวจดูให้ละเอียด
12390100328	The ^{1}northwestern corner of Prontera^{2} is a favorite gathering place for knights. The treasure is buried ^{3}beneath the large tree beside the shop directly behind them^{4}.	^{1}มุมตะวันตกเฉียงเหนือของ Prontera^{2} เป็นจุดนัดพบยอดนิยมของอัศวิน สมบัติฝังอยู่ ^{3}ใต้ต้นไม้ใหญ่ข้างร้านที่อยู่ด้านหลังพวกเขาตรงๆ^{4}
12390100321	An old Treasure Map that may just be someone's idle scribbling.	แผนที่สมบัติเก่าที่อาจเป็นแค่ลายเส้นขีดเล่นของใครบางคน
12390100320	Contains valuable progression resources for the next Season. Can be opened and used next Season. Be sure to keep it safe.	บรรจุทรัพยากรพัฒนาตัวละครอันมีค่าสำหรับฤดูกาลหน้า เปิดและใช้ได้ในฤดูกาลหน้า เก็บไว้ให้ดี
12390100314	Used to purchase items from the shop during the Novice Challenge event.	ใช้ซื้อไอเทมในร้านค้าระหว่างกิจกรรม Novice Challenge
12390100313	Tap to gift a pass to a friend.	แตะเพื่อมอบพาสให้เพื่อน
12390100312	A scroll imbued with Magic that can be used for Equipment Enchantment.\n^{1}Effect: Can be used for Equipment Enchantment^{2}	ม้วนคัมภีร์ที่อัดเวทมนตร์ ใช้ Enchant อุปกรณ์ได้\n^{1}ผล: ใช้ Enchant อุปกรณ์ได้^{2}
12390100311	A mane dropped by the boss. Exceptionally tough.	แผงคอที่บอสดรอป เหนียวเป็นพิเศษ
12390100310	The snake that laid this egg must be huge.	งูที่วางไข่นี้ต้องตัวใหญ่มากแน่ๆ
12390100303	A precious flower that murmurs to itself even when no one is listening. It's the Rocker's favorite item.	ดอกไม้ล้ำค่าที่พึมพำกับตัวเองแม้ไม่มีใครฟัง เป็นไอเทมโปรดของ Rocker
12390100302	Eddga surely never imagined someone would do this to him for such a reason	Eddga คงไม่เคยคิดว่าจะมีใครทำกับเขาแบบนี้ด้วยเหตุผลเช่นนั้น
12390100301	An extremely sticky liquid obtained from a Willow.	ของเหลวเหนียวมากจาก Willow
12390100300	Testimony obtained by investigating Clive.	คำให้การที่ได้จากการสอบสวน Clive
12390100299	Testimony obtained by investigating Nita.	คำให้การที่ได้จากการสอบสวน Nita
12390100298	Testimony obtained by investigating Hollgrehenn.	คำให้การที่ได้จากการสอบสวน Hollgrehenn
12390100309	They say this is an extremely expensive medicinal ingredient in Payon.	ว่ากันว่าเป็นวัตถุดิบยาราคาแพงมากใน Payon
12390100308	Willow bark really is tougher than ordinary Tree Bark!	เปลือก Willow เหนียวกว่าเปลือกไม้ทั่วไปจริงๆ!
12390100307	Professor Ryan's experimental results.	ผลการทดลองของ Professor Ryan
12390100306	Professor Ryan's notebook.	สมุดบันทึกของ Professor Ryan
12390100305	Proof that you passed the Novice Trial! You'll need it for your Job Advance~	หลักฐานว่าคุณผ่าน Novice Trial! จำเป็นต่อการเลื่อนอาชีพ~
12390100304	A flatbread left sitting for a long time. It can stave off hunger and provide a beneficial effect.	ขนมปังแผ่นที่วางทิ้งไว้นาน ช่วยบรรเทาความหิวและมอบผลที่เป็นประโยชน์
12390100289	Use to create a Madogear Pilot repair zone for @{1} seconds. Madogear Pilots within the zone can be repaired.	ใช้สร้างเขตซ่อม Madogear Pilot เป็นเวลา @{1} วินาที Madogear Pilot ในเขตนี้สามารถซ่อมได้
12390100288	A Peco Peco equipped with a Vulcan cannon.	Peco Peco ที่ติดตั้งปืน Vulcan
12390100287	A steel tank equipped with weapons such as a flamethrower and mortar. Operated by a crew of three.	รถถังเหล็กกล้าที่ติดตั้งอาวุธ เช่น เครื่องพ่นไฟและปืนครก ควบคุมโดยลูกเรือสามคน
12390100286	A Madogear Pilot made of adamantine, a material ten times heavier than steel. It represents the pinnacle of Physical DEF.	Madogear Pilot ที่สร้างจากอดาแมนไทน์ วัสดุที่หนักกว่าเหล็กกล้าสิบเท่า แสดงถึงจุดสูงสุดของ P.DEF
12390100297	Maya's loyal servant. It can smell its master even from thousands of miles away.	ผู้รับใช้ผู้ภักดีของ Maya ได้กลิ่นเจ้าของแม้อยู่ห่างหลายพันไมล์
12390100296	Use on a map where Caravan Escort is active to Go to Map's nearest Teleport station	ใช้บนแผนที่ที่มี Caravan Escort เพื่อไปยังสถานีเทเลพอร์ตที่ใกล้ที่สุดในแผนที่
12390100295	Use on a map where Caravan Escort is active to Go to Map's nearest outpost	ใช้บนแผนที่ที่มี Caravan Escort เพื่อไปยัง Outpost ที่ใกล้ที่สุดในแผนที่
12390100285	A Madogear Pilot made of exceptionally Rare mithril with incredible hardness.	Madogear Pilot ที่สร้างจากมิธริลหายากยิ่ง มีความแข็งอันน่าทึ่ง
12390100284	A Madogear Pilot crafted from Steel refined and combined from Iron Ore. The Material is @{1}% stronger than pure iron.	Madogear Pilot ที่สร้างจาก Steel ซึ่งถลุงและผสมจาก Iron Ore วัสดุแข็งแรงกว่าเหล็กบริสุทธิ์ @{1}%
12390100267	A silver arrow imbued with holy power.\n^{1}Equipping Silver Arrow with a bow changes your attack property to Holy.^{2}	ลูกธนูเงินที่อัดพลังศักดิ์สิทธิ์\n^{1}สวม Silver Arrow พร้อมธนูเพื่อเปลี่ยนธาตุการโจมตีเป็น Holy^{2}
12390100266	An arrow made of Crystal and imbued with the power of water.\n^{1}Equipping Crystal Arrow with a bow changes your attack property to Water.^{2}	ลูกธนูผลึกที่อัดพลังน้ำ\n^{1}สวม Crystal Arrow พร้อมธนูเพื่อเปลี่ยนธาตุการโจมตีเป็น Water^{2}
12390100265	An arrow with a tip that can be set ablaze.\n^{1}Equipping Fire Arrow with a bow changes your attack property to Fire.^{2}	ลูกธนูที่จุดไฟตรงหัวได้\n^{1}สวม Fire Arrow พร้อมธนูเพื่อเปลี่ยนธาตุการโจมตีเป็น Fire^{2}
12390100264	An arrow made of steel with considerable attack power.	ลูกธนูเหล็กกล้าที่มีพลังโจมตีสูง
12390100263	A common Arrow that can be obtained anywhere.	ลูกธนูธรรมดาที่หาได้ทุกที่
12390100262	Legend says this leaf fell from Yggdrasil. It contains immense Life energy and can Revive a Character who can no longer Battle	ตำนานกล่าวว่าใบไม้นี้ร่วงจาก Yggdrasil มีพลังชีวิตมหาศาล สามารถฟื้นคืนชีพตัวละครที่ไม่สามารถต่อสู้ได้
12390100272	Toot, toot, toot! Use this special Lunatic Horn to shout to everyone and trigger a special shout effect	ปู๊น ปู๊น ปู๊น! ใช้ Lunatic Horn พิเศษนี้ตะโกนให้ทุกคนได้ยิน พร้อมแสดงเอฟเฟกต์ตะโกนพิเศษ
12390100396	Use to send every guild Member except each Temporary Member an Advanced Pack by mail. The Pack contains advanced growth Material.	ใช้ส่งแพ็กระดับสูงทางจดหมายให้สมาชิกกิลด์ทุกคน ยกเว้นสมาชิกชั่วคราว แพ็กบรรจุวัสดุพัฒนาระดับสูง
12390100395	Use to send every guild Member except each Temporary Member an Intermediate Pack by mail. The Pack contains intermediate growth Material.	ใช้ส่งแพ็กระดับกลางทางจดหมายให้สมาชิกกิลด์ทุกคน ยกเว้นสมาชิกชั่วคราว แพ็กบรรจุวัสดุพัฒนาระดับกลาง
12390100394	Use to send every guild Member except each Temporary Member a Basic Pack by mail. The Pack contains basic growth Material.	ใช้ส่งแพ็กระดับพื้นฐานทางจดหมายให้สมาชิกกิลด์ทุกคน ยกเว้นสมาชิกชั่วคราว แพ็กบรรจุวัสดุพัฒนาระดับพื้นฐาน
12390100393	Use to unlock the guild Frame: Hunting Emblem · Executioner.	ใช้ปลดล็อกกรอบกิลด์: Hunting Emblem · Executioner
12390100392	Use to unlock the guild Frame: Hunting Emblem · Conqueror.	ใช้ปลดล็อกกรอบกิลด์: Hunting Emblem · Conqueror
12390100391	Use to unlock the guild Frame: Hunting Emblem · Pursuer.	ใช้ปลดล็อกกรอบกิลด์: Hunting Emblem · Pursuer
12390100390	Use to unlock the guild Frame: Hunting Emblem · Warden.	ใช้ปลดล็อกกรอบกิลด์: Hunting Emblem · Warden
12390100389	Use to unlock the guild emblem frame: Starcrown Ring.	ใช้ปลดล็อกกรอบตรากิลด์: Starcrown Ring
12390100388	Use to unlock the guild emblem frame: Dark Crystal Ring.	ใช้ปลดล็อกกรอบตรากิลด์: Dark Crystal Ring
12390100387	Use to unlock the guild emblem frame: Frostsky Ring.	ใช้ปลดล็อกกรอบตรากิลด์: Frostsky Ring
12390100386	Use to unlock the Guild Emblem: Proof of the Hunt · Executioner.	ใช้ปลดล็อกตรากิลด์: Proof of the Hunt · Executioner
12390100385	Use to unlock the Guild Emblem: Proof of the Hunt · Conqueror.	ใช้ปลดล็อกตรากิลด์: Proof of the Hunt · Conqueror
12390100384	Use to unlock the Guild Emblem: Proof of the Hunt · Pursuer.	ใช้ปลดล็อกตรากิลด์: Proof of the Hunt · Pursuer
12390100383	Use to unlock the Guild Emblem: Proof of the Hunt · Warden.	ใช้ปลดล็อกตรากิลด์: Proof of the Hunt · Warden
12390100382	Use to unlock the guild emblem design: Little Flower.	ใช้ปลดล็อกลวดลายตรากิลด์: Little Flower
12390100381	Use to unlock the guild emblem design: Castle.	ใช้ปลดล็อกลวดลายตรากิลด์: Castle
12390100380	Use to unlock the guild emblem design: Shield.	ใช้ปลดล็อกลวดลายตรากิลด์: Shield
12390100379	Use to unlock the guild emblem design: Order of Ten Thousand Cities.	ใช้ปลดล็อกลวดลายตรากิลด์: Order of Ten Thousand Cities
12390100378	Use to unlock the guild emblem design: Primordial Chaos.	ใช้ปลดล็อกลวดลายตรากิลด์: Primordial Chaos
12390100377	Use to unlock the guild emblem design: God of Nature.	ใช้ปลดล็อกลวดลายตรากิลด์: God of Nature
12390100375	Place it in the Guild Bonfire to generate @{1} random Orange Quality stat, which will randomly replace @{2} of the Bonfire's current stats.	ใส่ใน Guild Bonfire เพื่อสุ่มค่าสถานะคุณภาพสีส้ม @{1} ค่า และสุ่มแทนที่ค่าสถานะเดิมของกองไฟ @{2} ค่า
12390100374	Place it in the Guild Bonfire to generate @{1} random Purple Quality stat, which will randomly replace @{2} of the Bonfire's current stats.	ใส่ใน Guild Bonfire เพื่อสุ่มค่าสถานะคุณภาพสีม่วง @{1} ค่า และสุ่มแทนที่ค่าสถานะเดิมของกองไฟ @{2} ค่า
12390100373	Place it in the Guild Bonfire to generate @{1} random Blue Quality stat, which will randomly replace @{2} of the Bonfire's current stats.	ใส่ใน Guild Bonfire เพื่อสุ่มค่าสถานะคุณภาพสีน้ำเงิน @{1} ค่า และสุ่มแทนที่ค่าสถานะเดิมของกองไฟ @{2} ค่า
12390100370	A Tavern gift item purchased from the Shop.\nSelect a player in a Tavern room to send them this gift. The recipient gains ^{1}@{1} Star Power^{2}, while the room gains ^{3}@{2} Popularity^{4}.	ไอเทมของขวัญ Tavern ที่ซื้อจากร้านค้า\nเลือกผู้เล่นในห้อง Tavern เพื่อส่งของขวัญนี้ ผู้รับได้รับ ^{1}@{1} Star Power^{2} ส่วนห้องได้รับ ^{3}@{2} Popularity^{4}
12390100369	A Tavern gift item obtained by completing daily Tavern quests.\nSelect a player in a Tavern room to send them this gift. The recipient gains ^{1}@{1} Star Power^{2}, while the room gains ^{3}@{2} Popularity^{4}.	ไอเทมของขวัญ Tavern ที่ได้รับจากการทำเควสต์ประจำวัน Tavern\nเลือกผู้เล่นในห้อง Tavern เพื่อส่งของขวัญนี้ ผู้รับได้รับ ^{1}@{1} Star Power^{2} ส่วนห้องได้รับ ^{3}@{2} Popularity^{4}
12390100319	A translucent, emerald-green Crystal orb with a new sprout growing inside. Can be used to craft a Memory Coffer during the Gift of Time event.	ลูกแก้วผลึกสีเขียวมรกตโปร่งแสง มีต้นอ่อนงอกอยู่ภายใน ใช้สร้าง Memory Coffer ในกิจกรรม Gift of Time ได้
12390100318	A translucent, dark-purple Crystal orb containing embers that have yet to burn out. Can be used to craft a Memory Coffer during the Gift of Time event.	ลูกแก้วผลึกสีม่วงเข้มโปร่งแสง มีถ่านคุกรุ่นที่ยังไม่มอดอยู่ภายใน ใช้สร้าง Memory Coffer ในกิจกรรม Gift of Time ได้
12390100317	A translucent, silver-gray Crystal orb with mist swirling inside. Can be used to craft a Memory Coffer during the Gift of Time event.	ลูกแก้วผลึกสีเทาเงินโปร่งแสง มีหมอกหมุนวนอยู่ภายใน ใช้สร้าง Memory Coffer ในกิจกรรม Gift of Time ได้
12390100316	A translucent, golden Crystal orb filled with shimmering, dancing starlight. Can be used to craft a Memory Coffer during the Gift of Time event.	ลูกแก้วผลึกสีทองโปร่งแสง บรรจุแสงดาวระยิบระยับที่เต้นรำ ใช้สร้าง Memory Coffer ในกิจกรรม Gift of Time ได้
12390100315	A translucent, deep-blue Crystal orb with what appears to be waves rolling inside. Can be used to craft a Memory Coffer during the Gift of Time event.	ลูกแก้วผลึกสีน้ำเงินเข้มโปร่งแสง ดูเหมือนมีคลื่นซัดอยู่ภายใน ใช้สร้าง Memory Coffer ในกิจกรรม Gift of Time ได้
12390100291	Range: @{1}-@{2} m\nVertical Firing Arc: @{3}-@{4} degrees\nHorizontal Firing Arc: @{5} degrees\nAmmo Capacity: @{6} rounds\nRounds per Launch: @{7}\nAim Time: @{8} sec\nReload Time: @{9} sec\nDamage: Low\nAdditional Effect: Heals allied targets\nCannot move after construction. Find a good spot to build it and unleash its full firepower.	ระยะ: @{1}-@{2} เมตร\nมุมยิงแนวตั้ง: @{3}-@{4} องศา\nมุมยิงแนวนอน: @{5} องศา\nความจุกระสุน: @{6} นัด\nกระสุนต่อการยิง: @{7}\nเวลาเล็ง: @{8} วินาที\nเวลาบรรจุกระสุน: @{9} วินาที\nดาเมจ: ต่ำ\nผลเพิ่มเติม: รักษาเป้าหมายฝ่ายพันธมิตร\nเคลื่อนย้ายไม่ได้หลังสร้าง เลือกจุดสร้างที่เหมาะสมเพื่อปลดปล่อยพลังยิงเต็มที่
12390100290	Range: @{1}-@{2} m\nVertical Firing Arc: @{3}-@{4} degrees\nHorizontal Firing Arc: @{5} degrees\nAmmo Capacity: @{6} rounds\nRounds per Launch: @{7}\nAim Time: @{8} sec\nReload Time: @{9} sec\nDamage: Medium\nAdditional Effect: Poring shells Split into more Poring shells upon landing\nCannot move after construction. Find a good spot to build it and unleash its full firepower.	ระยะ: @{1}-@{2} เมตร\nมุมยิงแนวตั้ง: @{3}-@{4} องศา\nมุมยิงแนวนอน: @{5} องศา\nความจุกระสุน: @{6} นัด\nกระสุนต่อการยิง: @{7}\nเวลาเล็ง: @{8} วินาที\nเวลาบรรจุกระสุน: @{9} วินาที\nดาเมจ: ปานกลาง\nผลเพิ่มเติม: กระสุน Poring แตกเป็นกระสุน Poring เพิ่มเติมเมื่อตกถึงพื้น\nเคลื่อนย้ายไม่ได้หลังสร้าง เลือกจุดสร้างที่เหมาะสมเพื่อปลดปล่อยพลังยิงเต็มที่
12390100294	Range: @{1}-@{2} m\nVertical Firing Arc: @{3}-@{4} degrees\nHorizontal Firing Arc: @{5} degrees\nAmmo Capacity: @{6} rounds\nRounds per Launch: @{7}\nAim Time: @{8} sec\nReload Time: @{9} sec\nDamage: High\nAdditional Effect: Blind\nCannot move after construction. Find a good spot to build it and unleash its full firepower.	ระยะ: @{1}-@{2} เมตร\nมุมยิงแนวตั้ง: @{3}-@{4} องศา\nมุมยิงแนวนอน: @{5} องศา\nความจุกระสุน: @{6} นัด\nกระสุนต่อการยิง: @{7}\nเวลาเล็ง: @{8} วินาที\nเวลาบรรจุกระสุน: @{9} วินาที\nดาเมจ: สูง\nผลเพิ่มเติม: Blind\nเคลื่อนย้ายไม่ได้หลังสร้าง เลือกจุดสร้างที่เหมาะสมเพื่อปลดปล่อยพลังยิงเต็มที่
12390100293	Range: @{1}-@{2} m\nVertical Firing Arc: @{3}-@{4} degrees\nHorizontal Firing Arc: @{5} degrees\nAmmo Capacity: @{6} rounds\nRounds per Launch: @{7}\nAim Time: @{8} sec\nReload Time: @{9} sec\nDamage: High\nAdditional Effect: Heals allied targets\nCannot move after construction. Find a good spot to build it and unleash its full firepower.	ระยะ: @{1}-@{2} เมตร\nมุมยิงแนวตั้ง: @{3}-@{4} องศา\nมุมยิงแนวนอน: @{5} องศา\nความจุกระสุน: @{6} นัด\nกระสุนต่อการยิง: @{7}\nเวลาเล็ง: @{8} วินาที\nเวลาบรรจุกระสุน: @{9} วินาที\nดาเมจ: สูง\nผลเพิ่มเติม: รักษาเป้าหมายฝ่ายพันธมิตร\nเคลื่อนย้ายไม่ได้หลังสร้าง เลือกจุดสร้างที่เหมาะสมเพื่อปลดปล่อยพลังยิงเต็มที่
12390100292	Range: @{1}-@{2} m\nVertical Firing Arc: @{3}-@{4} degrees\nHorizontal Firing Arc: @{5} degrees\nAmmo Capacity: @{6} rounds\nRounds per Launch: @{7}\nAim Time: @{8} sec\nReload Time: @{9} sec\nDamage: High\nAdditional Effect: Chain Lightning\nCannot move after construction. Find a good spot to build it and unleash its full firepower.	ระยะ: @{1}-@{2} เมตร\nมุมยิงแนวตั้ง: @{3}-@{4} องศา\nมุมยิงแนวนอน: @{5} องศา\nความจุกระสุน: @{6} นัด\nกระสุนต่อการยิง: @{7}\nเวลาเล็ง: @{8} วินาที\nเวลาบรรจุกระสุน: @{9} วินาที\nดาเมจ: สูง\nผลเพิ่มเติม: Chain Lightning\nเคลื่อนย้ายไม่ได้หลังสร้าง เลือกจุดสร้างที่เหมาะสมเพื่อปลดปล่อยพลังยิงเต็มที่
12390100283	Range: @{1}-@{2} m\nVertical Firing Arc: @{3}-@{4} degrees\nHorizontal Firing Arc: @{5} degrees\nAmmo Capacity: @{6} rounds\nRounds per Launch: @{7}\nAim Time: @{8} sec\nReload Time: @{9} sec\nDamage: Low\nAdditional Effect: Burn\nCannot move after construction. Find a good spot to build it and unleash its full firepower.	ระยะ: @{1}-@{2} เมตร\nมุมยิงแนวตั้ง: @{3}-@{4} องศา\nมุมยิงแนวนอน: @{5} องศา\nความจุกระสุน: @{6} นัด\nกระสุนต่อการยิง: @{7}\nเวลาเล็ง: @{8} วินาที\nเวลาบรรจุกระสุน: @{9} วินาที\nดาเมจ: ต่ำ\nผลเพิ่มเติม: Burn\nเคลื่อนย้ายไม่ได้หลังสร้าง เลือกจุดสร้างที่เหมาะสมเพื่อปลดปล่อยพลังยิงเต็มที่
12390100282	Range: @{1}-@{2} m\nVertical Firing Arc: @{3}-@{4} degrees\nHorizontal Firing Arc: @{5} degrees\nAmmo Capacity: @{6} rounds\nRounds per Launch: @{7}\nAim Time: @{8} sec\nReload Time: @{9} sec\nDamage: High\nAdditional Effect: Knockback\nCannot move after construction. Find a good spot to build it and unleash its full firepower.	ระยะ: @{1}-@{2} เมตร\nมุมยิงแนวตั้ง: @{3}-@{4} องศา\nมุมยิงแนวนอน: @{5} องศา\nความจุกระสุน: @{6} นัด\nกระสุนต่อการยิง: @{7}\nเวลาเล็ง: @{8} วินาที\nเวลาบรรจุกระสุน: @{9} วินาที\nดาเมจ: สูง\nผลเพิ่มเติม: Knockback\nเคลื่อนย้ายไม่ได้หลังสร้าง เลือกจุดสร้างที่เหมาะสมเพื่อปลดปล่อยพลังยิงเต็มที่
12390100281	Range: @{1}-@{2} m\nVertical Firing Arc: @{3}-@{4} degrees\nHorizontal Firing Arc: @{5} degrees\nAmmo Capacity: @{6} rounds\nRounds per Launch: @{7}\nAim Time: @{8} sec\nReload Time: @{9} sec\nDamage: High\nAdditional Effect: Burn\nCannot move after construction. Find a good spot to build it and unleash its full firepower.	ระยะ: @{1}-@{2} เมตร\nมุมยิงแนวตั้ง: @{3}-@{4} องศา\nมุมยิงแนวนอน: @{5} องศา\nความจุกระสุน: @{6} นัด\nกระสุนต่อการยิง: @{7}\nเวลาเล็ง: @{8} วินาที\nเวลาบรรจุกระสุน: @{9} วินาที\nดาเมจ: สูง\nผลเพิ่มเติม: Burn\nเคลื่อนย้ายไม่ได้หลังสร้าง เลือกจุดสร้างที่เหมาะสมเพื่อปลดปล่อยพลังยิงเต็มที่
12390100280	Range: @{1}-@{2} m\nVertical Firing Arc: @{3}-@{4} degrees\nHorizontal Firing Arc: @{5} degrees\nAmmo Capacity: @{6} rounds\nRounds per Launch: @{7}\nAim Time: @{8} sec\nReload Time: @{9} sec\nDamage: Medium\nAdditional Effect: Knockback\nCannot move after construction. Find a good spot to build it and unleash its full firepower.	ระยะ: @{1}-@{2} เมตร\nมุมยิงแนวตั้ง: @{3}-@{4} องศา\nมุมยิงแนวนอน: @{5} องศา\nความจุกระสุน: @{6} นัด\nกระสุนต่อการยิง: @{7}\nเวลาเล็ง: @{8} วินาที\nเวลาบรรจุกระสุน: @{9} วินาที\nดาเมจ: ปานกลาง\nผลเพิ่มเติม: Knockback\nเคลื่อนย้ายไม่ได้หลังสร้าง เลือกจุดสร้างที่เหมาะสมเพื่อปลดปล่อยพลังยิงเต็มที่
12390100279	Even a tiny balloon can express your feelings~\n^{1}Intimacy +@{1}, recipient's Popularity +@{2}, your Hearts +@{3}	แม้ลูกโป่งเล็กๆ ก็สื่อความรู้สึกของคุณได้~\n^{1}ความสนิทสนม +@{1}, Popularity ของผู้รับ +@{2}, Hearts ของคุณ +@{3}
12390100278	"Twinkling stars and blooming Fireworks are all saying, ""I love you""~\n^{1}Intimacy +@{1}, recipient's Popularity +@{2}, your Hearts +@{3}\nGiving this gift will trigger an Entire Server announcement!"	"ดวงดาวระยิบระยับและพลุที่เบ่งบานต่างพูดว่า ""ฉันรักเธอ""~\n^{1}ความสนิทสนม +@{1}, Popularity ของผู้รับ +@{2}, Hearts ของคุณ +@{3}\nการมอบของขวัญนี้จะประกาศไปทั่วทั้งเซิร์ฟเวอร์!"
12390100277	Fireworks dance like dreams upon the breeze as the tender night keeps you company.\n^{1}Intimacy +@{1}, recipient's Popularity +@{2}, your Hearts +@{3}\nGiving this gift will trigger an Entire Server announcement!	พลุเต้นรำดั่งความฝันบนสายลม โดยมีค่ำคืนอ่อนโยนอยู่เป็นเพื่อน\n^{1}ความสนิทสนม +@{1}, Popularity ของผู้รับ +@{2}, Hearts ของคุณ +@{3}\nการมอบของขวัญนี้จะประกาศไปทั่วทั้งเซิร์ฟเวอร์!
12390100276	Fireworks and love both last forever in a single fleeting moment!\n^{1}Intimacy +@{1}, recipient's Popularity +@{2}, your Hearts +@{3}\nGiving this gift will trigger an Entire Server announcement!	พลุและความรักคงอยู่ตลอดกาลในชั่วขณะอันแสนสั้น!\n^{1}ความสนิทสนม +@{1}, Popularity ของผู้รับ +@{2}, Hearts ของคุณ +@{3}\nการมอบของขวัญนี้จะประกาศไปทั่วทั้งเซิร์ฟเวอร์!
12390100275	An extravagant, sparkly balloon that brings happiness to its recipient. Give it to someone special!\n^{1}Intimacy +@{1}, recipient's Popularity +@{2}, your Hearts +@{3}\nGiving this gift will trigger an Entire Server announcement!	ลูกโป่งหรูหราระยิบระยับที่ทำให้ผู้รับมีความสุข มอบให้คนพิเศษสิ!\n^{1}ความสนิทสนม +@{1}, Popularity ของผู้รับ +@{2}, Hearts ของคุณ +@{3}\nการมอบของขวัญนี้จะประกาศไปทั่วทั้งเซิร์ฟเวอร์!
12390100274	A cute, sparkly balloon. Give it to someone special!\n^{1}Intimacy +@{1}, recipient's Popularity +@{2}, your Hearts +@{3}\nGiving this gift will trigger an Entire Server announcement!	ลูกโป่งน่ารักระยิบระยับ มอบให้คนพิเศษสิ!\n^{1}ความสนิทสนม +@{1}, Popularity ของผู้รับ +@{2}, Hearts ของคุณ +@{3}\nการมอบของขวัญนี้จะประกาศไปทั่วทั้งเซิร์ฟเวอร์!
12390100273	A sparkly balloon that everyone is sure to love~\n^{1}Intimacy +@{1}, recipient's Popularity +@{2}, your Hearts +@{3}^{2}Dear\nGiving this gift will trigger an Entire Server announcement!	ลูกโป่งระยิบระยับที่ทุกคนต้องรัก~\n^{1}ความสนิทสนม +@{1}, Popularity ของผู้รับ +@{2}, Hearts ของคุณ +@{3}^{2}ที่รัก\nการมอบของขวัญนี้จะประกาศไปทั่วทั้งเซิร์ฟเวอร์!
12390100271	Toot, toot, toot! Use this special Deviruchi Horn to shout to everyone and trigger a special shout effect.	ปู๊น ปู๊น ปู๊น! ใช้ Deviruchi Horn พิเศษนี้ตะโกนให้ทุกคนได้ยิน พร้อมแสดงเอฟเฟกต์ตะโกนพิเศษ
12390100270	Toot, toot, toot! Use a Small Horn to shout to everyone.	ปู๊น ปู๊น ปู๊น! ใช้ Small Horn ตะโกนให้ทุกคนได้ยิน
12390100269	An arrow made of solid rock and imbued with the power of earth.\n^{1}Equipping Stone Arrow with a bow changes your attack property to Earth.^{2}	ลูกธนูหินแข็งที่อัดพลังดิน\n^{1}สวม Stone Arrow พร้อมธนูเพื่อเปลี่ยนธาตุการโจมตีเป็น Earth^{2}
12390100268	A Magic Arrow imbued with the power of a raging gale and the power of Wind.\n^{1}When Arrow of Wind is equipped on a Bow, attacks become Wind property.^{2}	ลูกธนูเวทที่อัดพายุรุนแรงและพลังลม\n^{1}สวม Arrow of Wind พร้อมธนูเพื่อเปลี่ยนธาตุการโจมตีเป็น Wind^{2}
12390100225	The result of a cooking failure. Eating it may bring misfortune.	ผลจากการทำอาหารล้มเหลว กินแล้วอาจนำโชคร้ายมาให้
12390100224	A mysterious potion that cures nearly every negative status effect.	น้ำยาลึกลับที่รักษาสถานะผิดปกติด้านลบได้เกือบทุกชนิด
12390100223	A mysterious liquid shimmering with every color of the rainbow. Instantly restores @{1}% HP. Cooldown: @{2} seconds.	ของเหลวลึกลับที่เปล่งประกายทุกสีของสายรุ้ง ฟื้นฟู HP @{1}% ทันที CD: @{2} วินาที
12390100261	A branch steeped in countless years of suffering and bound by a blood pact. It can summon more powerful monsters. (This item can only be used on certain maps.)	กิ่งไม้ที่จมอยู่ในความทุกข์ทรมานนับไม่ถ้วนและผูกพันด้วยสัญญาเลือด สามารถเรียกมอนสเตอร์ที่แข็งแกร่งขึ้นได้ (ใช้ไอเทมนี้ได้เฉพาะบางแผนที่)
12390100260	An ancient branch imbued with magic. Its mysterious power can summon any living creature. (This item can only be used on certain maps.)	กิ่งไม้โบราณที่อัดเวทมนตร์ พลังลึกลับสามารถเรียกสิ่งมีชีวิตใดก็ได้ (ใช้ไอเทมนี้ได้เฉพาะบางแผนที่)
12390100259	A Fly Wing imbued with spatial Magic. Use it to Move to a random location on the current map.	Fly Wing ที่อัดเวทมิติ ใช้ย้ายไปตำแหน่งสุ่มในแผนที่ปัจจุบัน
12390100258	A Butterfly Wing imbued with spatial Magic. Use it to Move to a selected town or Field on the Midgard continent.	Butterfly Wing ที่อัดเวทมิติ ใช้ย้ายไปเมืองหรือทุ่งที่เลือกในทวีป Midgard
12390100257	A sparkling, translucent green seed. Use to permanently increase Max Life by @{1}.	เมล็ดสีเขียวใสระยิบระยับ ใช้เพิ่ม HP สูงสุดขึ้น @{1} อย่างถาวร
12390100256	A faintly glowing Crystal shield. Use to permanently increase Magic DEF by @{1}.	โล่ผลึกเรืองแสงจางๆ ใช้เพิ่ม M.DEF ขึ้น @{1} อย่างถาวร
12390100208	Restores the character's Life by @{1} HP per second for @{2} sec. Cooldown: @{3} sec.	ฟื้นฟู HP ให้ตัวละคร @{1} แต้มต่อวินาที เป็นเวลา @{2} วินาที CD: @{3} วินาที
12390100207	Restores the character's Life, instantly restoring @{1}% HP. Cooldown: @{2} sec.	ฟื้นฟูพลังชีวิตตัวละคร โดยฟื้นฟู HP @{1}% ทันที CD: @{2} วินาที
12390100206	Restores Character HP. Instantly restores @{1} HP. Cooldown: @{2} seconds	ฟื้นฟู HP ตัวละคร @{1} แต้มทันที CD: @{2} วินาที
12390100205	Magical Stickers that can be used to decorate your Profile once obtained	สติกเกอร์เวทมนตร์ที่ใช้ตกแต่งโปรไฟล์ได้เมื่อได้รับ
12390100204	A luxurious ring set with a diamond.	แหวนหรูหราประดับเพชร
12390100203	A ring made of gold.	แหวนทอง
12390100202	An ornament used to decorate clothing and fabric.	เครื่องประดับสำหรับตกแต่งเสื้อผ้าและผืนผ้า
12390100201	Gloves worn on the hands that make delicate work easier.	ถุงมือที่ช่วยให้ทำงานละเอียดด้วยมือได้ง่ายขึ้น
12390100200	A magical necklace that fills your entire body with Vivify when worn.	สร้อยคอเวทมนตร์ที่เติมความมีชีวิตชีวาให้ทั่วร่างเมื่อสวม
12390100199	Wearing this on your ear fills you with a mysterious power.	สวมที่หูแล้วเต็มไปด้วยพลังลึกลับ
12390100198	A ring imbued with mysterious magic.	แหวนที่อัดเวทมนตร์ลึกลับ
12390100197	Boots crafted by Goibne for a wager with his bitter rival, Dov.	รองเท้าที่ Goibne สร้างเพื่อเดิมพันกับ Dov คู่ปรับที่เขาเกลียดชัง
12390100196	Boots blessed by the earth through Fey, son of Mjolnir.	รองเท้าที่ได้รับพรจากผืนดินผ่าน Fey บุตรของ Mjolnir
12390100195	Lightweight yet sturdy boots reinforced with iron plates around the ankles to protect the feet from impacts.	รองเท้าเบาแต่แข็งแรง เสริมแผ่นเหล็กรอบข้อเท้าเพื่อป้องกันเท้าจากแรงกระแทก
12390100194	Long boots made of sturdy fabric.	รองเท้ายาวที่ทำจากผ้าแข็งแรง
12390100193	Steel boots designed with protection in mind, without regard for practicality or comfort.	รองเท้าเหล็กกล้าที่ออกแบบเพื่อการป้องกัน โดยไม่คำนึงถึงความสะดวกใช้หรือความสบาย
12390100192	Long boots that protect the ankles.	รองเท้ายาวที่ปกป้องข้อเท้า
12390100191	Shoes that are easy to put on but offer little protection.	รองเท้าที่สวมง่ายแต่ปกป้องได้น้อย
12390100190	A cloak once worn by Vali, one of Odin's sons. Though blind, he slew the warrior Hodr. It bears the marks of Vali's struggle.	ผ้าคลุมที่ Vali บุตรคนหนึ่งของ Odin เคยสวม แม้ตาบอดแต่เขาสังหารนักรบ Hodr ได้ มีร่องรอยการต่อสู้ของ Vali
12390100189	Made from the shoulder section of a suit of armor, this protective shoulder covering offers considerable protection.	แผ่นคลุมไหล่ป้องกันที่ทำจากส่วนไหล่ของชุดเกราะ ให้การปกป้องได้มาก
12390100188	A cloak that dramatically increases the wearer's chances of survival in any situation.	ผ้าคลุมที่เพิ่มโอกาสรอดของผู้สวมอย่างมากในทุกสถานการณ์
12390100187	A cloak that gives its wearer a menacing aura.	ผ้าคลุมที่ทำให้ผู้สวมแผ่กลิ่นอายคุกคาม
12390100186	Made of sturdy fabric, this cloak covers the neck, shoulders, and back for added protection.	ผ้าคลุมเนื้อแข็งแรงที่ปกคลุมคอ ไหล่ และหลังเพื่อเพิ่มการปกป้อง
12390100185	A scarf-like cloak.	ผ้าคลุมคล้ายผ้าพันคอ
12390100184	A hooded Muffler that protects the shoulders and head.	Muffler มีฮู้ดที่ปกป้องไหล่และศีรษะ
12390100183	Clothing made from high-quality fabric.	เสื้อผ้าที่ทำจากผ้าคุณภาพสูง
12390100182	Armor woven from sturdy Metal.	เกราะที่ถักจากโลหะแข็งแรง
12390100181	Armor made from sturdy Metal.	เกราะที่ทำจากโลหะแข็งแรง
12390100177	Clothing made especially for Adventurers.	เสื้อผ้าที่ทำขึ้นสำหรับนักผจญภัยโดยเฉพาะ
12390100170	A stone shield obtained by Thor after he slew Hrungnir, king of the giants.	โล่หินที่ Thor ได้หลังสังหาร Hrungnir ราชาแห่งยักษ์
12390100169	A somewhat rugged-looking shield with its entire front covered in spikes.	โล่ที่ดูบึกบึนเล็กน้อย ด้านหน้าทั้งหมดปกคลุมด้วยหนาม
12390100168	A piece of defensive equipment made from sturdy Metal.	อุปกรณ์ป้องกันที่ทำจากโลหะแข็งแรง
12390100167	An Easy-to-make, easy-to-use round shield that is widely used.	โล่กลมที่ทำง่าย ใช้ง่าย และใช้กันแพร่หลาย
12390100166	A shield that can block enemy attacks.	โล่ที่ป้องกันการโจมตีของศัตรูได้
12390100165	A katar said to have been created by a Lich who gathered the resentment of the dead.	คาตาร์ที่ว่ากันว่าลิชสร้างขึ้นด้วยการรวบรวมความแค้นของผู้ตาย
12390100176	A knee-length coat that protects against the cold, though it gets very hot in summer.	เสื้อคลุมยาวถึงเข่าที่ป้องกันความหนาว แต่ร้อนมากในฤดูร้อน
12390100175	An inexpensive leather jacket that develops a distinctive patina with age.	แจ็กเก็ตหนังราคาไม่แพงที่เกิดสีผิวเฉพาะตัวเมื่อเก่า
12390100174	A pure cotton garment that is exceptionally comfortable to wear.	เสื้อผ้าฝ้ายบริสุทธิ์ที่สวมสบายเป็นพิเศษ
12390100173	A symbolic shield bearing the will of God, bestowed directly through a divine messenger.	โล่เชิงสัญลักษณ์ที่มีพระประสงค์ของพระเจ้า มอบให้โดยตรงผ่านผู้ส่งสารศักดิ์สิทธิ์
12390100172	An extremely large and heavy shield.	โล่ที่ใหญ่และหนักมาก
12390100171	A shield used in battle by Gna, an attendant of Frigg, during her time as a Valkyrie. It radiates the fighting spirit of a Valkyrie, a divine warrior.	โล่ที่ Gna ผู้ติดตาม Frigg ใช้ในการรบเมื่อเป็น Valkyrie แผ่จิตวิญญาณการต่อสู้ของ Valkyrie นักรบศักดิ์สิทธิ์
12390100158	A katar designed to allow easy movement.	คาตาร์ที่ออกแบบให้เคลื่อนไหวได้ง่าย
12390100157	A bow adorned with pure white wings as beautiful as a peacock's fanned tail.	ธนูประดับปีกขาวบริสุทธิ์งดงามดั่งหางนกยูงที่รำแพน
12390100156	A bow shining with holy radiance that can Launch searing arrows of light to pierce the darkness and bring hope and salvation.	ธนูที่ส่องรัศมีศักดิ์สิทธิ์ ยิงลูกธนูแสงแผดเผาเพื่อทะลวงความมืด นำความหวังและการช่วยให้รอด
12390100155	A bow made from animal horns, offering high damage and accuracy.	ธนูที่ทำจากเขาสัตว์ ให้ดาเมจและความแม่นยำสูง
12390100154	Its accurate shots and high damage make it a favorite among its users.	ความแม่นยำและดาเมจสูงทำให้เป็นของโปรดในหมู่ผู้ใช้
12390100153	A massive bow that looks difficult to handle.	ธนูมหึมาที่ดูใช้งานยาก
12390100164	A katar with a double-layered blade. Its cuts leave wounds that cannot be stitched closed, slowly leading its victims to death.	คาตาร์ใบมีดสองชั้น บาดแผลที่เกิดไม่สามารถเย็บปิดได้ ทำให้เหยื่อค่อยๆ ตาย
12390100163	A katar designed for assassination that seeks out an enemy's weak points.	คาตาร์สำหรับลอบสังหารที่มุ่งโจมตีจุดอ่อนศัตรู
12390100162	An Undead katar made from the bones of Osiris and shrouded in an aura of death.	คาตาร์อันเดดที่ทำจากกระดูก Osiris และปกคลุมด้วยกลิ่นอายความตาย
12390100161	A katar made from sharp, thorny vines.	คาตาร์ที่ทำจากเถาวัลย์หนามคม
12390100160	A weapon fitted with numerous blades.	อาวุธที่ติดใบมีดจำนวนมาก
12390100159	A katar crafted using ancient secret arts. Its blades constantly vibrate.	คาตาร์ที่สร้างด้วยศาสตร์ลับโบราณ ใบมีดสั่นอยู่ตลอดเวลา
12390100152	A bow made from a blend of various materials, designed to deal high damage.	ธนูที่ผสมวัสดุหลากหลาย ออกแบบให้สร้างดาเมจสูง
12390100151	A bow that does not deal much damage but is easy to use.	ธนูที่สร้างดาเมจไม่มากแต่ใช้ได้ง่าย
12390100150	A long staff carved in the likeness of a goddess.	ไม้เท้ายาวที่แกะเป็นรูปเทพธิดา
12390100149	Adorned with a golden dragon fragment that controls time and space and a Crystal orb brimming with immense magic. It looks impressive, but it's incredibly heavy.	ประดับชิ้นส่วนมังกรทองที่ควบคุมเวลาและมิติ พร้อมลูกแก้วผลึกเปี่ยมเวทมหาศาล ดูน่าประทับใจแต่หนักมาก
12390100148	When swung, it unleashes a devastating wave of energy that tears across the battlefield. Only a truly fearless hero can master its violent divine power.	เมื่อเหวี่ยงจะปล่อยคลื่นพลังทำลายล้างกวาดสนามรบ มีเพียงวีรบุรุษผู้ไร้ความกลัวอย่างแท้จริงที่ควบคุมพลังศักดิ์สิทธิ์อันรุนแรงนี้ได้
12390100147	A staff said to have been created by a great mage. Its power approaches that of a god.	ไม้เท้าที่ว่ากันว่าจอมเวทยิ่งใหญ่สร้างขึ้น พลังใกล้เคียงเทพเจ้า
12390100146	A staff forged from lost souls.	ไม้เท้าที่สร้างจากวิญญาณหลงทาง
12390100145	A staff covered in ancient runes that can unleash powerful elemental magic.	ไม้เท้าที่ปกคลุมด้วยอักขระโบราณ สามารถปล่อยเวทธาตุทรงพลัง
12390100144	A staff made from a mistletoe branch and imbued with the power of nature.	ไม้เท้าจากกิ่งมิสเซิลโทที่อัดพลังธรรมชาติ
12390100143	A short pine staff entwined with fresh green vines, with a dormant Forest Crystal set into its head.	ไม้เท้าสนสั้นที่พันด้วยเถาวัลย์เขียวสด มี Forest Crystal ที่หลับใหลฝังบนหัว
12390100142	A hypnotist's wand that uses hypnosis to make novices feel like great mages.	ไม้กายสิทธิ์ของนักสะกดจิต ใช้การสะกดจิตทำให้มือใหม่รู้สึกเป็นจอมเวทยิ่งใหญ่
12390100141	A staff made from the skull of a powerful Lich. An aura of Curse continually pours from it.	ไม้เท้าจากกะโหลกลิชทรงพลัง กลิ่นอายคำสาปไหลออกมาตลอดเวลา
12390100134	A light, compact wand.	ไม้กายสิทธิ์เบากะทัดรัด
12390100133	A club made of mithril.	กระบองมิธริล
12390100132	A club made of gold.	กระบองทอง
12390100131	A club with iron chains hanging from it.	กระบองที่มีโซ่เหล็กห้อย
12390100130	An imposing club adorned with hanging iron chains.	กระบองน่าเกรงขามที่ประดับโซ่เหล็กห้อย
12390100129	A large club with a truly vicious appearance.	กระบองใหญ่ที่ดูดุร้ายอย่างยิ่ง
12390100140	A staff jointly created by the Mage Guild and the Church for ascetic practitioners.	ไม้เท้าที่ Mage Guild กับ Church ร่วมกันสร้างให้ผู้บำเพ็ญเพียร
12390100139	A wand inhabited by a wind spirit.	ไม้กายสิทธิ์ที่มีวิญญาณลมสถิต
12390100138	A wand steeped in an evil aura.	ไม้กายสิทธิ์ที่อัดกลิ่นอายชั่วร้าย
12390100137	A Rod containing magical powers.	Rod ที่มีพลังเวท
12390100136	A weapon more powerful than an ordinary wand.	อาวุธที่ทรงพลังกว่าไม้กายสิทธิ์ทั่วไป
12390100135	A wand imbued with magical power.	ไม้กายสิทธิ์ที่อัดพลังเวท
12390100128	A club that makes each blow feel like several clubs striking at once.	กระบองที่ทำให้แต่ละการฟาดรู้สึกเหมือนกระบองหลายอันโจมตีพร้อมกัน
12390100127	A club that can inflict Stun when it strikes.	กระบองที่ทำให้ติด Stun เมื่อโจมตีได้
12390100126	An iron club capable of delivering a crushing blow.	กระบองเหล็กที่ฟาดบดขยี้ได้
12390100125	A wooden club that anyone can use with ease.	กระบองไม้ที่ใครก็ใช้ง่าย
12390100124	A battle axe with a long blade. Its reinforced head is secured to a thick handle, giving it tremendous power in close combat.	ขวานรบใบมีดยาว หัวขวานเสริมความแข็งแรงยึดกับด้ามหนา ให้พลังมหาศาลในการต่อสู้ระยะใกล้
12390100123	"An enormous axe so massive and heavy that even ""oversized"" fails to describe it."	"ขวานที่ใหญ่และหนักจนคำว่า ""ใหญ่เกินขนาด"" ก็ยังบรรยายไม่พอ"
12390100122	Shaped like a guillotine used to behead the condemned.	มีรูปทรงเหมือนกิโยตินที่ใช้ตัดศีรษะนักโทษประหาร
12390100121	A massive two-handed axe with an enormous blade that strikes fear into all who see it.	ขวานสองมือมหึมาที่มีใบมีดใหญ่ ทำให้ทุกคนที่เห็นหวาดกลัว
12390100120	An axe imbued with demonic power.	ขวานที่อัดพลังปีศาจ
12390100119	An axe capable of cutting through anything.	ขวานที่ตัดผ่านทุกสิ่งได้
12390100118	An extremely powerful hammer.	ค้อนที่ทรงพลังมาก
12390100117	A two-handed axe used in battles against multiple foes.	ขวานสองมือสำหรับต่อสู้กับศัตรูหลายตัว
12390100110	A large, heavy axe.	ขวานใหญ่และหนัก
12390100109	An axe made of iron.	ขวานเหล็ก
12390100108	An axe that is Easy to use, making it suitable for anyone.	ขวานที่ใช้ง่าย เหมาะกับทุกคน
12390100107	A Spear with a curved blade that can slash as well as thrust.	หอกใบมีดโค้งที่ใช้ทั้งฟันและแทงได้
12390100106	Its curved blade resembles a bolt of lightning.	ใบมีดโค้งดูคล้ายสายฟ้า
12390100105	The Spear used by a Soldier named Longinus to kill a saint.	หอกที่ทหารชื่อ Longinus ใช้สังหารนักบุญ
12390100116	An axe stained with blood from being swung across the battlefield, radiating a terrifying bloodlust.	ขวานเปื้อนเลือดจากการกวัดแกว่งทั่วสนามรบ แผ่ความกระหายเลือดน่าหวาดกลัว
12390100115	An axe with enhanced power.	ขวานที่เสริมพลังแล้ว
12390100114	An axe finished entirely in red, giving it a refined appearance.	ขวานสีแดงทั้งชิ้น ดูประณีต
12390100113	An axe designed to overcome the slow attack speed common to axes.	ขวานที่ออกแบบเพื่อแก้การโจมตีช้าตามปกติของขวาน
12390100112	An axe used to butcher animals.	ขวานสำหรับชำแหละสัตว์
12390100111	An axe used by Orcs.	ขวานที่ Orc ใช้
12390100098	A Spear made from the horn of a sacred unicorn.	หอกที่ทำจากเขายูนิคอร์นศักดิ์สิทธิ์
12390100097	A large one-handed Spear combining a lance and a scythe, making it a versatile weapon capable of many different attacks.	หอกมือเดียวขนาดใหญ่ที่ผสานหอกทวนกับเคียว เป็นอาวุธอเนกประสงค์ที่โจมตีได้หลากหลาย
12390100096	A Spear with a hook-shaped tip.	หอกปลายตะขอ
12390100095	A Spear made for hunting, with a leaf-shaped tip.	หอกสำหรับล่าสัตว์ ปลายรูปใบไม้
12390100094	Improves the wielder's physical metabolism.	ช่วยปรับปรุงการเผาผลาญของผู้ถือ
12390100093	A Spear guaranteed to strike once it locks onto its target.	หอกที่รับประกันว่าจะโจมตีโดนเมื่อล็อกเป้าหมายแล้ว
12390100104	An easy-to-handle two-handed Spear that can be swung in many different ways.	หอกสองมือที่ใช้ง่าย กวัดแกว่งได้หลากหลาย
12390100103	A halberd made specifically for hunting, distinguished by its three blades.	ง้าวที่ทำสำหรับล่าสัตว์โดยเฉพาะ โดดเด่นด้วยใบมีดสามแฉก
12390100102	A halberd with two sharp projections on its broad blade.	ง้าวที่มีส่วนยื่นคมสองแฉกบนใบมีดกว้าง
12390100101	A Spear with such a large blade that it is hard to tell whether it is a sword or a Spear.	หอกใบมีดใหญ่จนแยกยากว่าเป็นดาบหรือหอก
12390100100	A Spear with an inward-curving blade.	หอกที่มีใบมีดโค้งเข้าด้านใน
12390100099	A Spear made exclusively for knights.	หอกที่ทำสำหรับอัศวินโดยเฉพาะ
12390100086	A sword forged to Function like a knife.	ดาบที่ตีขึ้นให้ทำงานเหมือนมีด
12390100085	A terrifying two-handed sword that has beheaded many condemned prisoners.	ดาบสองมือน่าหวาดกลัวที่เคยตัดศีรษะนักโทษประหารจำนวนมาก
12390100084	A massive two-handed sword.	ดาบสองมือมหึมา
12390100083	An enormous sword with a cross-shaped hilt.	ดาบมหึมาที่มีด้ามรูปกากบาท
12390100082	A versatile two-handed greatsword with a thick blade suited for both offense and defense.	ดาบใหญ่สองมืออเนกประสงค์ ใบมีดหนาเหมาะกับทั้งโจมตีและป้องกัน
12390100081	A massive two-handed sword that subdues enemies with its weight and swing speed.	ดาบสองมือมหึมาที่สยบศัตรูด้วยน้ำหนักและความเร็วเหวี่ยง
12390100092	TBD: A one-handed Spear used by infantry.	TBD: หอกมือเดียวที่ทหารราบใช้
12390100091	A one-handed Spear used by infantry.	หอกมือเดียวที่ทหารราบใช้
12390100090	TBD: A widely used one-handed Spear.	TBD: หอกมือเดียวที่ใช้กันแพร่หลาย
12390100089	A widely used one-handed Spear.	หอกมือเดียวที่ใช้กันแพร่หลาย
12390100088	Once used as a two-handed Spear, it was redesigned as a one-handed Spear.	เดิมใช้เป็นหอกสองมือ ก่อนออกแบบใหม่เป็นหอกมือเดียว
12390100087	"A sword made specifically for ""fighting."" Its hilt has a distinctive S shape."	"ดาบที่ทำขึ้นเพื่อ ""ต่อสู้"" โดยเฉพาะ ด้ามมีรูปตัว S ที่โดดเด่น"
12390100074	A sword forged in a mysterious island nation in the distant East. It is said to be useful not only for combat, but also for cultivating one's character.	ดาบที่ตีขึ้นในประเทศเกาะลึกลับทางตะวันออกอันไกลโพ้น ว่ากันว่ามีประโยชน์ทั้งต่อสู้และขัดเกลาจิตใจตนเอง
12390100073	A one-handed sword made exclusively for cavalry, though it is mostly used in cavalry ceremonies.	ดาบมือเดียวที่ทำสำหรับทหารม้าโดยเฉพาะ แต่ส่วนใหญ่ใช้ในพิธีของทหารม้า
12390100222	A superb Fountain of Life. Instantly restores @{1}+@{2}% HP. Cooldown: @{3} seconds.	Fountain of Life ชั้นยอด ฟื้นฟู HP @{1}+@{2}% ทันที CD: @{3} วินาที
12390100221	A superb Healing Potion imbued with the power of Blessing. Instantly restores @{1}+@{2}% HP. Cooldown: @{3} seconds.	น้ำยาฟื้นฟูชั้นยอดที่อัดพลังพร ฟื้นฟู HP @{1}+@{2}% ทันที CD: @{3} วินาที
12390100220	A superb Green Healing Potion. Instantly restores @{1}+@{2}% HP. Cooldown: @{3} seconds.	น้ำยาฟื้นฟูสีเขียวชั้นยอด ฟื้นฟู HP @{1}+@{2}% ทันที CD: @{3} วินาที
12390100219	A superb deep Red Healing Potion. Instantly restores @{1}+@{2}% HP. Cooldown: @{3} seconds.	น้ำยาฟื้นฟูสีแดงเข้มชั้นยอด ฟื้นฟู HP @{1}+@{2}% ทันที CD: @{3} วินาที
12390100218	A superb golden Yellow Healing Potion. Instantly restores @{1}+@{2}% HP. Cooldown: @{3} seconds.	น้ำยาฟื้นฟูสีเหลืองทองชั้นยอด ฟื้นฟู HP @{1}+@{2}% ทันที CD: @{3} วินาที
12390100217	A superb bright Red Healing Potion. Instantly restores @{1}+@{2}% HP. Cooldown: @{3} seconds.	น้ำยาฟื้นฟูสีแดงสดชั้นยอด ฟื้นฟู HP @{1}+@{2}% ทันที CD: @{3} วินาที
12390100216	A superb Green Healing Potion. Instantly restores @{1}+@{2}% HP. Cooldown: @{3} seconds.	น้ำยาฟื้นฟูสีเขียวชั้นยอด ฟื้นฟู HP @{1}+@{2}% ทันที CD: @{3} วินาที
12390100180	A coat made from soft animal fur. It has drawn heavy criticism from conservation groups, so please be kind to animals. Comes with a powerful defensive special effect.	เสื้อคลุมที่ทำจากขนสัตว์นุ่ม ถูกวิจารณ์อย่างหนักจากกลุ่มอนุรักษ์ จึงโปรดเมตตาสัตว์ มาพร้อมเอฟเฟกต์พิเศษการป้องกันที่ทรงพลัง
12390100179	A coat made from soft animal fur. It has drawn heavy criticism from conservation groups, so please be kind to animals. Comes with a powerful damage-dealing special effect.	เสื้อคลุมที่ทำจากขนสัตว์นุ่ม ถูกวิจารณ์อย่างหนักจากกลุ่มอนุรักษ์ จึงโปรดเมตตาสัตว์ มาพร้อมเอฟเฟกต์พิเศษสร้างดาเมจที่ทรงพลัง
12390100178	A coat made from soft animal fur. It has drawn heavy criticism from conservation groups, so please be kind to animals.	เสื้อคลุมที่ทำจากขนสัตว์นุ่ม ถูกวิจารณ์อย่างหนักจากกลุ่มอนุรักษ์ จึงโปรดเมตตาสัตว์
12390100072	A sword with a long, slender blade designed specifically for thrusting.	ดาบใบยาวเรียวที่ออกแบบสำหรับแทงโดยเฉพาะ
12390100071	A versatile sword with a thick blade.	ดาบอเนกประสงค์ใบหนา
12390100070	An ordinary-looking sword.	ดาบหน้าตาธรรมดา
12390100069	TBD	ยังไม่กำหนดรายละเอียด
12390100080	A two-handed sword equally effective for slashing and thrusting.	ดาบสองมือที่มีประสิทธิภาพเท่ากันทั้งฟันและแทง
12390100079	A two-handed sword highly effective at subduing enemies.	ดาบสองมือที่มีประสิทธิภาพสูงในการสยบศัตรู
12390100078	A greatsword that only a Boss may wield.	ดาบใหญ่ที่มีเพียงบอสเท่านั้นถือได้
12390100077	A sword commonly used by sailors.	ดาบที่กะลาสีใช้กันทั่วไป
12390100076	A unique sword with a beautiful, transparent blade. It feels as though monsters slain with it will drop something beautiful.	ดาบพิเศษใบใสงดงาม รู้สึกราวกับมอนสเตอร์ที่ถูกสังหารด้วยดาบนี้จะดรอปของงดงาม
12390100075	A sword embedded in a stone. It chooses its own wielder and possesses holy power.	ดาบที่ฝังในหิน เลือกผู้ถือของตนเองและมีพลังศักดิ์สิทธิ์
12390100068	A double-edged dagger designed with a practical blade.	มีดสั้นสองคมที่ออกแบบใบมีดเพื่อใช้งานจริง
12390100067	An exceptionally ornate dagger. Those of noble status often carry it as an accessory or use it in ceremonies.	มีดสั้นประดับประดาประณีตมาก ผู้สูงศักดิ์มักพกเป็นเครื่องประดับหรือใช้ในพิธี
12390100066	A dagger made of Damascus steel. When it reflects light, beautiful wave-like patterns appear on its blade.	มีดสั้นเหล็กดามัสกัส เมื่อสะท้อนแสงจะเห็นลวดลายคลื่นงดงามบนใบมีด
12390100065	A long-handled dagger once used in an ancient kingdom. Its blade is slightly longer than that of an ordinary dagger.	มีดสั้นด้ามยาวที่เคยใช้ในอาณาจักรโบราณ ใบมีดยาวกว่ามีดสั้นทั่วไปเล็กน้อย
12390100064	A dagger with a gently curved blade.	มีดสั้นใบโค้งอ่อนๆ
12390100063	A dagger once used in an ancient Western nation.	มีดสั้นที่เคยใช้ในประเทศตะวันตกโบราณ
12390100062	A dagger designed with multiple Functions in mind.	มีดสั้นที่ออกแบบให้ใช้งานได้หลายอย่าง
12390100061	A dagger designed specifically for cutting.	มีดสั้นที่ออกแบบสำหรับตัดโดยเฉพาะ
12390100060	A dagger designed for ease of use by anyone.	มีดสั้นที่ออกแบบให้ใครก็ใช้ง่าย
12390100059	Progress rewards based on the number of digs during Treasure Hunt events.	รางวัลความคืบหน้าตามจำนวนครั้งที่ขุดในกิจกรรม Treasure Hunt
12390100058	Pass Currency	สกุลเงินพาส
12390100057	Premium Monthly Pass Currency	สกุลเงินพาสรายเดือนพรีเมียม
12390100056	Standard Monthly Pass Currency	สกุลเงินพาสรายเดือนมาตรฐาน
12390100055	Guild Contribution Points for the Defense of Prontera.	แต้มบริจาคกิลด์สำหรับ Defense of Prontera
12390100054	Military Supplies for the Defense of Prontera.	เสบียงทหารสำหรับ Defense of Prontera
12390100043	A medal obtained by defeating monsters. Can be exchanged for various rewards in the shop.	เหรียญที่ได้รับจากการปราบมอนสเตอร์ ใช้แลกรางวัลต่างๆ ในร้านค้า
12390100042	Consumed during gathering and crafting.	ใช้ระหว่างเก็บรวบรวมและสร้าง
12390100041	Used for Life Skill Level-up.	ใช้เพิ่มเลเวลทักษะชีวิต
12390100040	Can be exchanged for rewards in the Contributor Shop.	ใช้แลกรางวัลใน Contributor Shop
12390100039	Ore containing special energy.	แร่ที่มีพลังงานพิเศษ
12390100038	EXP used for the Pass.	EXP สำหรับพาส
12390100037	Universal Currency for the Connect System. Obtained by completing quests in the Adventure Party and Mentorship systems, and used to exchange for items in the Connect Shop.	สกุลเงินกลางของ Connect System ได้รับจากการทำเควสต์ในระบบ Adventure Party และ Mentorship ใช้แลกไอเทมใน Connect Shop
12390100036	Adventure Party EXP obtained by completing Adventure Party quests. Increases the Adventure Party's level.	EXP ของ Adventure Party ที่ได้จากการทำเควสต์ Adventure Party ใช้เพิ่มเลเวล Adventure Party
12390100035	Supplies used by guilds to bid in War of Emperium, obtained through convoy escorts.	เสบียงที่กิลด์ใช้ประมูลใน War of Emperium ได้จากการคุ้มกันขบวนรถ
12390100034	Premium Currency for the Season Shop.	สกุลเงินพรีเมียมสำหรับ Season Shop
12390100033	Standard Currency for the Season Shop.	สกุลเงินมาตรฐานสำหรับ Season Shop
12390100032	Obtained from daily quests and convoy escorts in War of Emperium. Used for territory auctions and siege equipment purchases in War of Emperium. No translation needed ()	ได้จากเควสต์ประจำวันและการคุ้มกันขบวนรถใน War of Emperium ใช้ประมูลดินแดนและซื้ออุปกรณ์ล้อมเมืองใน War of Emperium ไม่ต้องแปล ()
12390100026	Used exclusively for Collection Book Level-up.	ใช้เพิ่มเลเวล Collection Book โดยเฉพาะ
12390100025	Used exclusively for Collection Card Level-up.	ใช้เพิ่มเลเวล Collection Card โดยเฉพาะ
12390100024	Used exclusively for Collection Overview Level-up.	ใช้เพิ่มเลเวล Collection Overview โดยเฉพาะ
12390100023	Novice Handbook Credits used in Novice Handbook events.	เครดิต Novice Handbook สำหรับกิจกรรม Novice Handbook
12390100022	Rewards for completing Guild Quests, used for guild building Level-up.	รางวัลจากการทำเควสต์กิลด์ ใช้เพิ่มเลเวลสิ่งปลูกสร้างกิลด์
12390100021	Rewards for completing Guild Quests, accumulated to claim weekly guild activity chests.	รางวัลจากการทำเควสต์กิลด์ สะสมเพื่อรับหีบกิจกรรมกิลด์รายสัปดาห์
12390100014	Used to offset Net Victory Points deducted in Battle of Dragon Coffin Island Misc	ใช้ชดเชยแต้มชัยชนะสุทธิที่ถูกหักใน Battle of Dragon Coffin Island Misc
12390100013	Battle of Dragon Coffin Island Misc Net Victory Points (Victory Points), used for Level-up	แต้มชัยชนะสุทธิ (แต้มชัยชนะ) ของ Battle of Dragon Coffin Island Misc ใช้เพิ่มเลเวล
12390100012	War Merit Points	แต้มเกียรติยศสงคราม
12390100010	Can be obtained by Killing MVPs.	ได้รับจากการสังหาร MVP
12390100009	Obtained from Final Trial activities in the Realm of the Gods. A symbol of Honor and glory!! Can be exchanged for Rare rewards in the Trial Shop.	ได้จากกิจกรรม Final Trial ใน Realm of the Gods เป็นสัญลักษณ์แห่งเกียรติและความรุ่งโรจน์!! ใช้แลกรางวัลหายากใน Trial Shop
12390100008	Used to offset Net Victory Points deducted in Survivor Battle Misc	ใช้ชดเชยแต้มชัยชนะสุทธิที่ถูกหักใน Survivor Battle Misc
12390100020	Points awarded for GVG victories, losses, and Kills, measuring a guild's combat strength.	แต้มจากชัยชนะ ความพ่ายแพ้ และการสังหารใน GVG ใช้วัดความแข็งแกร่งการต่อสู้ของกิลด์
12390100019	Guild Funds used to purchase guild supplies.	เงินทุนกิลด์สำหรับซื้อเสบียงกิลด์
12390100018	Guild Emblem used for Guild Skill Level-up (Deprecated)	Guild Emblem สำหรับเพิ่มเลเวลสกิลกิลด์ (เลิกใช้แล้ว)
12390100017	Guild Contribution used by Guild Members to purchase items from the Guild Shop.	แต้มบริจาคกิลด์ที่สมาชิกใช้ซื้อไอเทมใน Guild Shop
12390100016	Job EXP used for Job Level-up.	Job EXP สำหรับเพิ่ม Job Level
12390100015	Base EXP used for Base Level-up.	Base EXP สำหรับเพิ่ม Base Level
12390100001	Currency made of silver.	สกุลเงินที่ทำจากเงิน
12390100000	Monster transformation cards grant special effects when socketed in the corresponding slot	การ์ดแปลงร่างมอนสเตอร์มอบเอฟเฟกต์พิเศษเมื่อใส่ในช่องที่ตรงกัน
12390100253	A razor-sharp blade with an icy gleam. Use to permanently increase Physical ATK by @{1}.	ใบมีดคมกริบที่มีประกายเย็นเยียบ ใช้เพิ่ม P.ATK ขึ้น @{1} อย่างถาวร
12390100254	A heavy bronze shield. Use to permanently increase Physical DEF by @{1}.	โล่บรอนซ์หนัก ใช้เพิ่ม P.DEF ขึ้น @{1} อย่างถาวร
12390100255	A radiant magic orb. Use to permanently increase Magic ATK by @{1}.	ลูกแก้วเวทส่องประกาย ใช้เพิ่ม M.ATK ขึ้น @{1} อย่างถาวร
12390100007	Survivor Battle Misc Net Victory Points (Victory Points)	แต้มชัยชนะสุทธิ (แต้มชัยชนะ) ของ Survivor Battle Misc
12390100006	A reward for participating in Competition Misc. Can be exchanged for rewards in the shop.	รางวัลจากการเข้าร่วม Competition Misc ใช้แลกรางวัลในร้านค้า
12390100005	Obtainable by participating in daily activities.	ได้รับจากการเข้าร่วมกิจกรรมประจำวัน
12390100004	Credit Points	แต้มเครดิต
12390100003	A highly valuable Crystal infused with concentrated energy.	ผลึกมูลค่าสูงที่อัดพลังงานเข้มข้น
12390100002	A dazzling coin used to exchange for valuable items.	เหรียญเจิดจ้าที่ใช้แลกไอเทมมีค่า
12390100337	^{1}Outside Prontera North Gate^{2}, beside the path leading from the North Gate to Labyrinth Forest, the ^{3}dead-tree Dummy directly in front of the dilapidated cabin^{4} stands out. A traveler in a hurry once hid a bag of coins beneath it, but never returned.	^{1}นอก Prontera North Gate^{2} ข้างเส้นทางจากประตูเหนือไป Labyrinth Forest มี ^{3}หุ่นต้นไม้ตายตรงหน้ากระท่อมทรุดโทรม^{4} ที่สะดุดตา นักเดินทางเร่งรีบเคยซ่อนถุงเหรียญไว้ใต้หุ่น แต่ไม่กลับมาอีก
12390100338	Behind the ^{3}bakery visible on your left^{4} ^{1}outside Prontera South Gate^{2}, some stones at the ^{5}base of the city wall^{6} are loose. They say an indebted sailor hid his last bag of silver coins here.	หลัง ^{3}ร้านเบเกอรีที่เห็นทางซ้าย^{4} ^{1}นอก Prontera South Gate^{2} หินบางก้อนที่ ^{5}ฐานกำแพงเมือง^{6} หลวม ว่ากันว่ากะลาสีที่เป็นหนี้ซ่อนถุงเหรียญเงินใบสุดท้ายไว้ที่นี่
12390100339	A musical note formed from condensed natural energy. Used during the Season: Symphony of Genesis event.	โน้ตดนตรีที่เกิดจากพลังธรรมชาติควบแน่น ใช้ในกิจกรรม Season: Symphony of Genesis
12390100340	A singing conch shell found in parts unknown. Used during the Season: Symphony of Genesis event.	เปลือกหอยสังข์ร้องเพลงที่พบในสถานที่ไม่ทราบแน่ชัด ใช้ในกิจกรรม Season: Symphony of Genesis
12390100342	A mysterious Metal called Oridecon. It is the hardest known substance and can be used to Enhance Weapons and Accessories.\n^{1} Effect: Can be used to Refine +@{1} to +@{2} Weapons and Accessories ^{2}	โลหะลึกลับชื่อ Oridecon เป็นสารที่แข็งที่สุดเท่าที่ทราบ ใช้เสริมพลังอาวุธและเครื่องประดับได้\n^{1} ผล: ใช้ตีบวกอาวุธและเครื่องประดับ +@{1} ถึง +@{2} ^{2}
12390100343	High-density Oridecon that can be used to Enhance Weapons and Accessories with a higher Refine Level.\n^{1}Effect: Can be used to Refine +@{1} to +@{2} Weapons and Accessories^{2}	Oridecon ความหนาแน่นสูง ใช้เสริมพลังอาวุธและเครื่องประดับที่มีระดับตีบวกสูงกว่าได้\n^{1}ผล: ใช้ตีบวกอาวุธและเครื่องประดับ +@{1} ถึง +@{2}^{2}
12390100331	Beside the bench near the ^{1}Izlude shop^{2}, watch the ^{3}butterflies^{4} that refuse to leave. They seem drawn to an old man's unfinished gift and still flutter there, showing the way.	ข้างม้านั่งใกล้ ^{1}ร้านค้า Izlude^{2} เฝ้าดู ^{3}ผีเสื้อ^{4} ที่ไม่ยอมจากไป ดูเหมือนถูกดึงดูดด้วยของขวัญที่ชายชรายังทำไม่เสร็จ จึงยังบินวนชี้ทางอยู่
12390100332	"In ^{1}Izlude^{2}, the ^{5}small tree^{6} ^{3}outside the Blacksmith shop^{4} has listened to the ringing of hammers for years. They say a master craftsman buried one of his precious ""failures"" beneath the root closest to the shop."	"ใน ^{1}Izlude^{2} ^{5}ต้นไม้เล็ก^{6} ^{3}นอกร้านตีเหล็ก^{4} ฟังเสียงค้อนมานานหลายปี ว่ากันว่าช่างยอดฝีมือฝังหนึ่งใน ""ผลงานล้มเหลว"" ล้ำค่าไว้ใต้รากที่ใกล้ร้านที่สุด"
12390100333	In ^{1}Izlude's^{2} bustling ^{3}market^{4}, search the most inconspicuous corner of a fruit stall. The shrewd merchant likes to hide his most valuable earnings in the gaps between a pile of Lemons and potatoes.	ใน ^{1}Izlude^{2} ที่ ^{3}ตลาด^{4} พลุกพล่าน ค้นหามุมที่ไม่สะดุดตาที่สุดของแผงผลไม้ พ่อค้าฉลาดชอบซ่อนรายได้ล้ำค่าที่สุดในช่องระหว่างกองเลมอนกับมันฝรั่ง
12390100334	Beside the ^{3}wooden table^{4} in the southeastern tea pavilion of ^{1}Payon^{2} lies a gift from an elderly tea lover. He left a memento wrapped tightly in oilcloth behind the table leg for a friend who missed their meeting.	ข้าง ^{3}โต๊ะไม้^{4} ในศาลาชามุมตะวันออกเฉียงใต้ของ ^{1}Payon^{2} มีของขวัญจากผู้เฒ่าที่รักชา เขาทิ้งของที่ระลึกห่อผ้าน้ำมันแน่นไว้หลังขาโต๊ะให้เพื่อนที่พลาดนัด
12390100335	In ^{1}Payon^{2}, head to the ^{3}left side of the open area just inside the courtyard gate^{4}, behind Scholar Biko. A crack in the left boot heel of the ^{5}stone statue^{6} is large enough to conceal a small object. The secret waits there.	ใน ^{1}Payon^{2} ไปที่ ^{3}ด้านซ้ายของลานทันทีที่ผ่านประตูเข้าไป^{4} หลัง Scholar Biko รอยแตกที่ส้นรองเท้าซ้ายของ ^{5}รูปปั้นหิน^{6} ใหญ่พอซ่อนของเล็กๆ ความลับรออยู่ที่นั่น
12390100336	The ^{1}wooden bridge in Goblin Forest^{2} was once the site of a caravan raid. Amid the chaos, a small pouch of gems rolled away and became lodged in a crack between the planks at the center of the bridge.	^{1}สะพานไม้ใน Goblin Forest^{2} เคยเป็นจุดที่คาราวานถูกปล้น ระหว่างความโกลาหล ถุงอัญมณีเล็กๆ กลิ้งไปติดรอยแยกระหว่างแผ่นไม้กลางสะพาน
12390100350	An ore from the dwarven realm of Wat Alheim, said to have received the Blessing of a legendary dwarven craftsman.\n^{1}Effect: Used to Refine Armor. Prevents level loss if Refinement Failed.^{2}	แร่จากอาณาจักรคนแคระ Wat Alheim ว่ากันว่าได้รับพรจากช่างคนแคระในตำนาน\n^{1}ผล: ใช้ตีบวกเกราะ ป้องกันระดับลดเมื่อตีบวกล้มเหลว^{2}
12390100351	An extremely precious ore from the dwarven realm of Wat Alheim, coveted by every craftsman.\n^{1}Effect: Used to Refine Armor. Increases the Success Rate and prevents level loss or damage if Refinement Failed.^{2}	แร่ล้ำค่ามากจากอาณาจักรคนแคระ Wat Alheim ซึ่งช่างทุกคนปรารถนา\n^{1}ผล: ใช้ตีบวกเกราะ เพิ่มอัตราสำเร็จและป้องกันระดับลดหรือเสียหายเมื่อตีบวกล้มเหลว^{2}
12390100344	A lightweight, non-toxic Metal that can be used to Refine all Armor.\n^{1}Effect: Can be used to Refine +@{1} to +@{2} Armor and Accessories^{2}	โลหะเบาและไม่เป็นพิษ ใช้ตีบวกเกราะทั้งหมดได้\n^{1}ผล: ใช้ตีบวกเกราะและเครื่องประดับ +@{1} ถึง +@{2}^{2}
12390100345	A purer grade of Elunium Metal.\n^{1}Effect: Can be used to Refine +@{1} to +@{2} Armor and Accessories^{2}	โลหะ Elunium ที่บริสุทธิ์กว่า\n^{1}ผล: ใช้ตีบวกเกราะและเครื่องประดับ +@{1} ถึง +@{2}^{2}
12390100346	Extremely pure Oridecon that can Enhance Weapons and Accessories with a higher Refine Level.\n^{1}Effect: Can be used to Refine +@{1} to +@{2} Weapons and Accessories^{2}	Oridecon บริสุทธิ์มาก ใช้เสริมพลังอาวุธและเครื่องประดับที่มีระดับตีบวกสูงกว่าได้\n^{1}ผล: ใช้ตีบวกอาวุธและเครื่องประดับ +@{1} ถึง +@{2}^{2}
12390100347	Extremely pure Elunium Metal.\n^{1}Effect: Can be used to Refine +@{1} to +@{2} Armor and Accessories^{2}	โลหะ Elunium บริสุทธิ์มาก\n^{1}ผล: ใช้ตีบวกเกราะและเครื่องประดับ +@{1} ถึง +@{2}^{2}
12390100348	Ore from the dwarven realm of Vatar Alheim, said to have been blessed by a legendary dwarven artisan.\n^{1}Effect: Used to Refine Weapons and Accessories. Prevents Refine Level loss upon Refinement Failed^{2}	แร่จากอาณาจักรคนแคระ Vatar Alheim ว่ากันว่าได้รับพรจากช่างคนแคระในตำนาน\n^{1}ผล: ใช้ตีบวกอาวุธและเครื่องประดับ ป้องกันระดับตีบวกลดเมื่อตีบวกล้มเหลว^{2}
12390100349	An extremely precious ore from the dwarven realm of Wat Alheim, coveted by every craftsman.\n^{1}Effect: Used to Refine a Weapon or Accessory. Increases the Success Rate and prevents level loss or damage if Refinement Failed.^{2}	แร่ล้ำค่ามากจากอาณาจักรคนแคระ Wat Alheim ซึ่งช่างทุกคนปรารถนา\n^{1}ผล: ใช้ตีบวกอาวุธหรือเครื่องประดับ เพิ่มอัตราสำเร็จและป้องกันระดับลดหรือเสียหายเมื่อตีบวกล้มเหลว^{2}
12390100050	Points obtained by defeating monsters in the ^{1}Sunken Ship^{2} region.	แต้มที่ได้รับจากการปราบมอนสเตอร์ในพื้นที่ ^{1}Sunken Ship^{2}
12390100049	Points obtained by defeating monsters in the ^{1}Payon^{2} region.	แต้มที่ได้รับจากการปราบมอนสเตอร์ในพื้นที่ ^{1}Payon^{2}
12390100048	Points obtained by defeating monsters in the ^{1}Orc Village^{2} region.	แต้มที่ได้รับจากการปราบมอนสเตอร์ในพื้นที่ ^{1}Orc Village^{2}
12390100047	Points obtained by defeating monsters in the ^{1}Pharos Lighthouse^{2} region.	แต้มที่ได้รับจากการปราบมอนสเตอร์ในพื้นที่ ^{1}Pharos Lighthouse^{2}
12390100046	Points obtained by defeating monsters in the ^{1}Sograt Desert^{2} region.	แต้มที่ได้รับจากการปราบมอนสเตอร์ในพื้นที่ ^{1}Sograt Desert^{2}
12390100045	Points obtained by defeating monsters in the ^{1}Morroc^{2} region.	แต้มที่ได้รับจากการปราบมอนสเตอร์ในพื้นที่ ^{1}Morroc^{2}
12390100053	Points obtained by defeating monsters in the ^{1}Mt. Mjolnir^{2} region.	แต้มที่ได้รับจากการปราบมอนสเตอร์ในพื้นที่ ^{1}Mt. Mjolnir^{2}
12390100052	Points obtained by defeating monsters in the ^{1}Geffen^{2} region.	แต้มที่ได้รับจากการปราบมอนสเตอร์ในพื้นที่ ^{1}Geffen^{2}
12390100051	Points obtained by defeating monsters in the ^{1}Byalan Island^{2} region.	แต้มที่ได้รับจากการปราบมอนสเตอร์ในพื้นที่ ^{1}Byalan Island^{2}
12390100044	Points obtained by defeating monsters in the ^{1}Prontera^{2} region.	แต้มที่ได้รับจากการปราบมอนสเตอร์ในพื้นที่ ^{1}Prontera^{2}
12390100031	Used exclusively for Desert Monster Collection Level-up.	ใช้เพิ่มเลเวล Monster Collection ของ Desert โดยเฉพาะ
12390100030	Used exclusively for Mt. Mjolnir Monster Collection Level-up.	ใช้เพิ่มเลเวล Monster Collection ของ Mt. Mjolnir โดยเฉพาะ
12390100029	Used exclusively for Payon Monster Collection Level-up.	ใช้เพิ่มเลเวล Monster Collection ของ Payon โดยเฉพาะ
12390100028	Used exclusively for Geffen Monster Collection Level-up.	ใช้เพิ่มเลเวล Monster Collection ของ Geffen โดยเฉพาะ
12390100027	Used exclusively for Prontera Monster Collection Level-up.	ใช้เพิ่มเลเวล Monster Collection ของ Prontera โดยเฉพาะ
10110300439	Try to Ride the Deniro	ลองขี่ Deniro
10110300440	Use the Turret	ใช้ป้อมปืน
10110300466	Deals PATK * ^{1}${2}%^{2} Neutral melee Physical DMG to the designated ST enemy within ${1} meters. If you are more than ${6} meters from the target, you also Charge directly in front of it. This skill's cast speed is unaffected by ASPD, but every ${3}% ASPD grants an Extra ^{3}${4}%^{4} Skill Damage Multiplier, up to ${5}% ASPD.	สร้างดาเมจกายภาพระยะประชิดธาตุ Neutral เท่ากับ P.ATK * ^{1}${2}%^{2} แก่ศัตรู Single Target ที่กำหนดในระยะ ${1} เมตร หากอยู่ห่างจากเป้าหมายเกิน ${6} เมตร จะพุ่งไปตรงหน้าเป้าหมายด้วย ความเร็วใช้สกิลนี้ไม่ขึ้นกับ ASPD แต่ ASPD ทุก ${3}% มอบตัวคูณดาเมจสกิลเพิ่ม ^{3}${4}%^{4} โดยคิด ASPD สูงสุด ${5}%
10110300476	When cast, removes the master's ^{1}^{2}【Debuffs】^{3}^{4} and grants ^{5}^{6}【Crowd Control Immunity】^{7}^{8} for ${1} sec. The Death Witch then tears open a ${2}m-long void rift ahead, dealing @{1} hits of ^{9}Adaptive ATK^{10}*^{11}${4}%^{12} Neutral ranged ^{13}Adaptive Damage^{14} to up to ${3} enemies. Each enemy hit restores ^{15}Adaptive ATK^{16}*^{17}${5}%^{18} ^{19}Life^{20}.	เมื่อใช้ ล้าง ^{1}^{2}[ Debuffs ]^{3}^{4} ของเจ้าของ และมอบ ^{5}^{6}[ Crowd Control Immunity ]^{7}^{8} เป็นเวลา ${1} วินาที จากนั้น Death Witch ฉีกช่องว่างยาว ${2} เมตรด้านหน้า สร้างดาเมจ @{1} ครั้ง เท่ากับ ^{9}Adaptive ATK^{10}*^{11}${4}%^{12} เป็น ^{13}Adaptive Damage^{14} ระยะไกลธาตุ Neutral แก่ศัตรูสูงสุด ${3} ตัว ศัตรูแต่ละตัวที่โจมตีโดนฟื้นฟู ^{15}Adaptive ATK^{16}*^{17}${5}%^{18} ของ ^{19}HP^{20}
10110300478	The Death Witch summons a giant scythe to crash down, dealing her Magic ATK*^{1}${4}%^{2} Neutral ranged Magic damage to the designated ST enemy within ${1}m and up to ${3} enemies within ${2}m of the target. Enemies hit receive ^{3}${5}%^{4} less healing and have their Magic DEF reduced by ^{5}${6}%^{6} for ${7} sec.	Death Witch เรียกเคียวยักษ์ฟาดลง สร้างดาเมจเวทระยะไกลธาตุ Neutral เท่ากับ M.ATK ของเธอ*^{1}${4}%^{2} แก่ศัตรู Single Target ที่กำหนดในระยะ ${1} เมตร และศัตรูสูงสุด ${3} ตัว ในระยะ ${2} เมตรรอบเป้าหมาย ศัตรูที่ถูกโจมตีได้รับการรักษาลดลง ^{3}${5}%^{4} และ M.DEF ลดลง ^{5}${6}%^{6} เป็นเวลา ${7} วินาที
10110300488	Eve slashes the designated ST enemy within ${1} meters with her giant scythe @{1} times, then throws it, dealing @{3} hits to up to @{2} targets in a ^{1}${2}^{2}*^{3}${3}^{4}-meter rectangular area ahead. Deals a total of ^{5}Adaptive ATK^{6}*^{7}${4}%^{8} Neutral melee ^{9}Adaptive Damage^{10} and reduces Physical and Magic DEF by ^{11}${5}%^{12} for ${6} seconds.	Eve ใช้เคียวยักษ์ฟันศัตรู Single Target ที่กำหนดในระยะ ${1} เมตร @{1} ครั้ง แล้วขว้างเคียวโจมตี @{3} ครั้งใส่เป้าหมายสูงสุด @{2} ตัว ในพื้นที่สี่เหลี่ยมด้านหน้าขนาด ^{1}${2}^{2}*^{3}${3}^{4} เมตร สร้างดาเมจรวมเท่ากับ ^{5}Adaptive ATK^{6}*^{7}${4}%^{8} เป็น ^{9}Adaptive Damage^{10} ระยะประชิดธาตุ Neutral และลด P.DEF กับ M.DEF ลง ^{11}${5}%^{12} เป็นเวลา ${6} วินาที
10110300548	The Mutant roars loudly, dealing Neutral melee Physical damage equal to Pet Physical ATK*^{1}${3}%^{2} to up to ${2} enemies within a ${1}-meter radius, then increasing its Life Steal by ${4}%. Its Normal Attacks also trigger Extra area damage, dealing the same damage as the Normal Attack to the target and up to @{2} enemies within @{1} meters of it for ${5} seconds.	Mutant คำรามดัง สร้างดาเมจกายภาพระยะประชิดธาตุ Neutral เท่ากับ P.ATK ของสัตว์เลี้ยง*^{1}${3}%^{2} แก่ศัตรูสูงสุด ${2} ตัว ในรัศมี ${1} เมตร จากนั้นเพิ่มการดูด HP ของมันขึ้น ${4}% การโจมตีปกติของมันทำให้เกิดดาเมจพื้นที่เพิ่มเติมด้วย สร้างดาเมจเท่ากับการโจมตีปกติแก่เป้าหมายและศัตรูสูงสุด @{2} ตัว ในระยะ @{1} เมตรรอบเป้าหมาย เป็นเวลา ${5} วินาที
10110300549	Mummy uses Cursed Attack, dealing Neutral ranged ^{5}adaptive damage^{6} equal to the master's ^{1}Adaptive ATK^{2}*^{3}${4}%^{4} to up to ${3} enemies in a targeted area with a ${2}-meter radius within ${1} meters, and granting the master 【Evil Curse】 for ${5} seconds. When the master Kills an enemy, casts ^{7}^{8}【Malicious Curse】^{9}^{10} at that enemy's location. Can trigger up to ${6} times.	Mummy ใช้ Cursed Attack สร้าง^{5}Adaptive Damage^{6}เท่ากับ ^{1}Adaptive ATK^{2} ของเจ้าของ*^{3}${4}%^{4} ระยะไกลธาตุ Neutral แก่ศัตรูสูงสุด ${3} ตัว ในพื้นที่เป้าหมายรัศมี ${2} เมตร ซึ่งอยู่ในระยะ ${1} เมตร และมอบ [ Evil Curse ] ให้เจ้าของเป็นเวลา ${5} วินาที เมื่อเจ้าของสังหารศัตรู จะใช้ ^{7}^{8}[ Malicious Curse ]^{9}^{10} ที่ตำแหน่งศัตรูนั้น เกิดผลได้สูงสุด ${6} ครั้ง
10110300556	Corrupted Wander Man slashes, dealing ranged Neutral ^{5}adaptive damage^{6} equal to the master's ^{1}Adaptive ATK^{2}*^{3}${4}%^{4} to up to ${3} enemies in a targeted area with a ${2}-meter radius within ${1} meters, and inflicts 【Turbid Soul Impact】: reduces Physical and Magic DEF by ^{7}${5}%^{8} for ${6} seconds.	Corrupted Wander Man ฟันโจมตี สร้าง^{5}Adaptive Damage^{6}เท่ากับ ^{1}Adaptive ATK^{2} ของเจ้าของ*^{3}${4}%^{4} ระยะไกลธาตุ Neutral แก่ศัตรูสูงสุด ${3} ตัว ในพื้นที่เป้าหมายรัศมี ${2} เมตร ซึ่งอยู่ในระยะ ${1} เมตร และทำให้ติด [ Turbid Soul Impact ]: ลด P.DEF และ M.DEF ลง ^{7}${5}%^{8} เป็นเวลา ${6} วินาที
10110300557	When casting ^{1}any type^{2} of Primary Battle Skill, triggers 【Slash】: Deals Neutral melee ^{7}Adaptive Damage^{8} equal to the owner's ^{3}Adaptive Attack^{4}*^{5}${3}%^{6} to up to ${2} enemies within a ${1}-meter radius, and inflicts 【Corrupted Soul Impact】: reduces Physical and Magic DEF by ${4}% for ${5} sec.	เมื่อใช้สกิลต่อสู้หลัก ^{1}ประเภทใดก็ได้^{2} ทำให้ [ Slash ] เกิดผล: สร้าง^{7}Adaptive Damage^{8}เท่ากับ ^{3}Adaptive Attack^{4} ของเจ้าของ*^{5}${3}%^{6} ระยะประชิดธาตุ Neutral แก่ศัตรูสูงสุด ${2} ตัว ในรัศมี ${1} เมตร และทำให้ติด [ Corrupted Soul Impact ]: ลด P.DEF และ M.DEF ลง ${4}% เป็นเวลา ${5} วินาที
10110300563	Bokba unleashes a barrage, dealing @{2} hits of Neutral ranged ^{5}adaptive damage^{6} totaling the master's ^{1}Adaptive ATK^{2}*^{3}${4}%^{4} every @{1} seconds to up to ${3} enemies in a targeted area with a ${2}-meter radius within ${1} meters. Each hit reduces the target's healing dealt and received by ^{7}${5}%^{8} for ${6} seconds.	Bokba ยิงโจมตีเป็นชุด @{2} ครั้ง สร้าง^{5}Adaptive Damage^{6}รวมเท่ากับ ^{1}Adaptive ATK^{2} ของเจ้าของ*^{3}${4}%^{4} ระยะไกลธาตุ Neutral ทุก @{1} วินาที แก่ศัตรูสูงสุด ${3} ตัว ในพื้นที่เป้าหมายรัศมี ${2} เมตร ซึ่งอยู่ในระยะ ${1} เมตร แต่ละครั้งลดการรักษาที่เป้าหมายทำและได้รับลง ^{7}${5}%^{8} เป็นเวลา ${6} วินาที
10110300569	Sarah Irene unleashes a Multi-hit Flame Fist, dealing @{1} hits of Neutral Ranged ^{5}Adaptive Damage^{6} totaling the owner's ^{1}Adaptive Attack^{2}*^{3}${2}%^{4} to the selected ST enemy within ${1} meters and increasing the Fire Damage they take by ${4}% for ${3} sec. The owner gains 【Flame Fist】 for ${5} sec: when Deals DMG, deals @{2} hits of Fire Ranged ^{11}Adaptive Damage^{12} totaling the owner's ^{7}Adaptive Attack^{8}*^{9}${6}%^{10} to the enemy. Internal Cooldown: ${7} sec.	Sarah Irene ใช้ Flame Fist โจมตีหลายครั้ง รวม @{1} ครั้ง สร้าง^{5}Adaptive Damage^{6}รวมเท่ากับ ^{1}Adaptive Attack^{2} ของเจ้าของ*^{3}${2}%^{4} ระยะไกลธาตุ Neutral แก่ศัตรู Single Target ที่เลือกในระยะ ${1} เมตร และเพิ่มดาเมจธาตุ Fire ที่เป้าหมายได้รับขึ้น ${4}% เป็นเวลา ${3} วินาที เจ้าของได้รับ [ Flame Fist ] เป็นเวลา ${5} วินาที: เมื่อสร้างดาเมจ จะสร้างดาเมจเพิ่ม @{2} ครั้งเป็น ^{11}Adaptive Damage^{12} รวมเท่ากับ ^{7}Adaptive Attack^{8} ของเจ้าของ*^{9}${6}%^{10} ระยะไกลธาตุ Fire แก่ศัตรู CD ภายใน: ${7} วินาที
10110300616	Fire Ninja Shinobi appears beside its master and uses a ninja art, removing control effects from its master and granting them ^{1}^{2}【Control Immunity】^{3}^{4} for ${1} seconds. It also moves its master ${2} meters in the designated direction, then increases their Movement Speed by ^{5}${4}%^{6} and grants Stealth for ${3} seconds (dealing damage or taking damage ${5} times during Stealth ends the effect).	Fire Ninja Shinobi ปรากฏข้างเจ้าของและใช้วิชานินจา ล้างผลควบคุมของเจ้าของและมอบ ^{1}^{2}[ Control Immunity ]^{3}^{4} เป็นเวลา ${1} วินาที พร้อมย้ายเจ้าของไป ${2} เมตรตามทิศที่กำหนด จากนั้นเพิ่ม MSPD ขึ้น ^{5}${4}%^{6} และมอบการล่องหนเป็นเวลา ${3} วินาที (การสร้างดาเมจหรือได้รับดาเมจ ${5} ครั้งขณะล่องหนทำให้ผลสิ้นสุด)
10110300618	Fire Ninja Shinobi hurls a series of Dynamite blasts around itself, sequentially dealing Neutral ranged Physical damage equal to Pet Physical ATK * ^{1}${2}%^{2} to up to ${3} enemies within ${1}, ${4}, and ${5} meters and ^{3}knocking them back^{4}. The final hit also reduces the targets' Physical and Magic ATK by ^{5}${6}%^{6} for ${7} seconds.	Fire Ninja Shinobi ขว้าง Dynamite ระเบิดเป็นชุดรอบตัว สร้างดาเมจกายภาพระยะไกลธาตุ Neutral เท่ากับ P.ATK ของสัตว์เลี้ยง * ^{1}${2}%^{2} ตามลำดับแก่ศัตรูสูงสุด ${3} ตัว ในระยะ ${1}, ${4} และ ${5} เมตร พร้อมทำให้ ^{3}กระเด็น^{4} การโจมตีครั้งสุดท้ายลด P.ATK และ M.ATK ของเป้าหมายลง ^{5}${6}%^{6} เป็นเวลา ${7} วินาทีด้วย
10110300620	When an ^{1}Offensive-type^{2} Primary Battle Skill hits, increases the Ranged Damage the target takes by ^{3}${2}%^{4} for ${1} sec.	เมื่อสกิลต่อสู้หลักประเภท ^{1}Offensive-type^{2} โจมตีโดน เพิ่มดาเมจระยะไกลที่เป้าหมายได้รับขึ้น ^{3}${2}%^{4} เป็นเวลา ${1} วินาที
10110300621	The Silver Moon Witch summons moonlight to strike enemies, increasing the ranged damage of up to ${3} allies within ${7} meters by ^{1}${5}%^{2} for ${6} seconds and dealing Neutral ranged magic damage equal to Pet Magic ATK * ^{3}${4}%^{4} to up to ${3} enemies within a ${1}-meter by ${2}-meter area in front of her.	Silver Moon Witch เรียกแสงจันทร์โจมตีศัตรู เพิ่มดาเมจระยะไกลของพันธมิตรสูงสุด ${3} คน ในระยะ ${7} เมตรขึ้น ^{1}${5}%^{2} เป็นเวลา ${6} วินาที และสร้างดาเมจเวทระยะไกลธาตุ Neutral เท่ากับ M.ATK ของสัตว์เลี้ยง * ^{3}${4}%^{4} แก่ศัตรูสูงสุด ${3} ตัว ในพื้นที่ขนาด ${1} เมตรคูณ ${2} เมตรด้านหน้าเธอ
10110300624	When casting a ^{1}Dispel-type^{2} or ^{3}Immunity-type^{4} Primary Battle Skill, inflicts ^{5}^{6}【Silence】^{7}^{8} on up to ${2} enemies within ${1} meters of the owner for ${3} sec.	เมื่อใช้สกิลต่อสู้หลักประเภท ^{1}Dispel-type^{2} หรือ ^{3}Immunity-type^{4} ทำให้ติด ^{5}^{6}[ Silence ]^{7}^{8} แก่ศัตรูสูงสุด ${2} ตัว ในระยะ ${1} เมตรรอบเจ้าของ เป็นเวลา ${3} วินาที
10110300625	The Demon Maid uses Launch to fire “Charming Sweetheart” at an ST enemy within ${2} meters and up to ${4} enemies within ${3} meters of the target, dealing Neutral ranged magic damage equal to Pet Magic ATK*^{1}${1}%^{2} and inflicting ${5} sec of ^{3}^{4}【Stun】^{5}^{6}.	Demon Maid ใช้ Launch ยิง “Charming Sweetheart” ใส่ศัตรู Single Target ในระยะ ${2} เมตร และศัตรูสูงสุด ${4} ตัว ในระยะ ${3} เมตรรอบเป้าหมาย สร้างดาเมจเวทระยะไกลธาตุ Neutral เท่ากับ M.ATK ของสัตว์เลี้ยง*^{1}${1}%^{2} และทำให้ติดสถานะเป็นเวลา ${5} วินาที ^{3}^{4}[ Stun ]^{5}^{6}
10110300626	After the Wildcat Knight takes to the air, it dives at the target area, dealing the Master's^{1} Adaptive ATK^{2} * ^{3}${4}%^{4} Neutral melee ^{5}Adaptive DMG^{6} to up to ${3} enemies within a ${2}-meter radius inside a designated area within ${1} meters of the Master, and grants the Master a 【Vanguard Shield】 equal to the Master's Max Life * ^{7}${5}%^{8}. Each enemy HIT grants the Master an Extra 【Vanguard Shield】 equal to the Master's Max Life * ^{9}${5}%^{10} for ${6} sec., stacking up to ${7} times.	Wildcat Knight ทะยานขึ้นแล้วพุ่งลงพื้นที่เป้าหมาย สร้างดาเมจเท่ากับ ^{1} Adaptive ATK^{2} ของเจ้าของ * ^{3}${4}%^{4} เป็น ^{5}Adaptive DMG^{6} ระยะประชิดธาตุ Neutral แก่ศัตรูสูงสุด ${3} ตัว ในรัศมี ${2} เมตรภายในพื้นที่ที่กำหนดซึ่งอยู่ในระยะ ${1} เมตรจากเจ้าของ และมอบ [ Vanguard Shield ] เท่ากับ HP สูงสุดของเจ้าของ * ^{7}${5}%^{8} ศัตรูแต่ละตัวที่โจมตีโดนมอบ [ Vanguard Shield ] เพิ่มแก่เจ้าของเท่ากับ HP สูงสุดของเจ้าของ * ^{9}${5}%^{10} เป็นเวลา ${6} วินาที สะสมได้สูงสุด ${7} ครั้ง
10110300627	When casting a ^{1}Shield-type^{2} or ^{3}Dispel-type^{4} Primary Battle Skill, gains one 【Vanguard Shield】 equal to Max HP*^{5}${1}%^{6} for each nearby member of the Enemy Team. Lasts ${2} sec and stacks up to ${3} times.	เมื่อใช้สกิลต่อสู้หลักประเภท ^{1}Shield-type^{2} หรือ ^{3}Dispel-type^{4} ได้รับ [ Vanguard Shield ] หนึ่งโล่เท่ากับ HP สูงสุด*^{5}${1}%^{6} ต่อสมาชิกฝ่ายศัตรูที่อยู่ใกล้แต่ละคน คงอยู่ ${2} วินาที สะสมได้สูงสุด ${3} ครั้ง
10110300628	Gain ${1} stacks of Shield, each equal to your Max HP*^{1}${2}%^{2}, then charge toward the target area and ram back and forth. Each hit Deals Neutral melee Physical damage equal to PATK*^{3}${6}%^{4} to up to ${5} enemies in a ${3}-meter-by-${4}-meter area in the designated direction. Each hit grants an Extra ${7} Shield stacks, up to ${8} stacks, lasting ${9} sec.	ได้รับโล่ ${1} stacks แต่ละชั้นเท่ากับ HP สูงสุด*^{1}${2}%^{2} จากนั้นพุ่งไปพื้นที่เป้าหมายและชนกลับไปมา แต่ละครั้งสร้างดาเมจกายภาพระยะประชิดธาตุ Neutral เท่ากับ P.ATK*^{3}${6}%^{4} แก่ศัตรูสูงสุด ${5} ตัว ในพื้นที่ขนาด ${3} เมตรคูณ ${4} เมตรตามทิศที่กำหนด แต่ละครั้งมอบโล่เพิ่ม ${7} stacks สูงสุด ${8} stacks คงอยู่ ${9} วินาที
10110300629	The Demon Attendant appears beside its master and grants them 【Demonic Aura】 for ${2} seconds. 【Demonic Aura】: Reduces damage taken from all elements by ^{1}${5}%^{2}. Every ${7} seconds, deals Neutral melee ^{7}Adaptive Damage^{8} equal to the master's ^{3}Adaptive ATK^{4}*^{5}${3}%^{6} to up to ${6} enemies within ${1} meters.	Demon Attendant ปรากฏข้างเจ้าของและมอบ [ Demonic Aura ] เป็นเวลา ${2} วินาที [ Demonic Aura ]: ลดดาเมจที่ได้รับจากทุกธาตุลง ^{1}${5}%^{2} ทุก ${7} วินาที สร้าง^{7}Adaptive Damage^{8}เท่ากับ ^{3}Adaptive ATK^{4} ของเจ้าของ*^{5}${3}%^{6} ระยะประชิดธาตุ Neutral แก่ศัตรูสูงสุด ${6} ตัว ในระยะ ${1} เมตร
10110300630	When casting a ^{1}Buff-type^{2} Primary Battle Skill, grants the owner 【Demonic Aura】 for ${1} sec: reduces all Elemental Damage taken by ^{3}${2}%^{4} and, every ${3} sec, Deals Neutral melee ^{9}Adaptive Damage^{10} equal to the owner's ^{5}Adaptive Attack^{6}^{7}${6}%^{8} to up to ${5} members of the Enemy Team within ${4} meters.	เมื่อใช้สกิลต่อสู้หลักประเภท ^{1}Buff-type^{2} มอบ [ Demonic Aura ] ให้เจ้าของเป็นเวลา ${1} วินาที: ลดดาเมจธาตุทั้งหมดที่ได้รับลง ^{3}${2}%^{4} และทุก ${3} วินาที สร้าง^{9}Adaptive Damage^{10}เท่ากับ ^{5}Adaptive Attack^{6}^{7}${6}%^{8} ของเจ้าของ ระยะประชิดธาตุ Neutral แก่สมาชิกฝ่ายศัตรูสูงสุด ${5} คน ในระยะ ${4} เมตร
10110300631	Summons Demon Flame, dealing Neutral melee Magic damage equal to the enemy's Max HP*^{1}${3}%^{2} to up to ${2} enemies within a ${1}-meter radius, up to the Pet's MATK*^{3}${4}%^{4}, and inflicting 【Demonic Corrosion】: reduces all Elemental DMG Bonuses by ^{5}${5}%^{6} for ${6} sec.	เรียก Demon Flame สร้างดาเมจเวทระยะประชิดธาตุ Neutral เท่ากับ HP สูงสุดของศัตรู*^{1}${3}%^{2} แก่ศัตรูสูงสุด ${2} ตัว ในรัศมี ${1} เมตร สูงสุดไม่เกิน M.ATK ของสัตว์เลี้ยง*^{3}${4}%^{4} และทำให้ติด [ Demonic Corrosion ]: ลดโบนัสดาเมจธาตุทั้งหมดลง ^{5}${5}%^{6} เป็นเวลา ${6} วินาที
10110300632	Chimera summons a Holy Light Field for its master. Every ${1} sec., it grants the master and up to ${3} allies within ${2} meters a shield equal to the master's Max Life * ^{1}${4}%^{2}. While active, the master can gain ^{3}^{4}[Control Immunity]^{5}^{6} ${5} times. The Holy Light Field lasts ${6} sec.	Chimera เรียก Holy Light Field ให้เจ้าของ ทุก ${1} วินาที มอบโล่ให้เจ้าของและพันธมิตรสูงสุด ${3} คน ในระยะ ${2} เมตร เท่ากับ HP สูงสุดของเจ้าของ * ^{1}${4}%^{2} ขณะมีผล เจ้าของได้รับ ^{3}^{4}[ Control Immunity ]^{5}^{6} ได้ ${5} ครั้ง Holy Light Field คงอยู่ ${6} วินาที
10110300633	When casting a ^{1}Shield-type^{2} or ^{3}Immunity-type^{4} Primary Battle Skill, reduces the damage dealt by up to ${2} enemies within ${1} meters of the owner by ^{5}${3}%^{6} for ${4} sec.	เมื่อใช้สกิลต่อสู้หลักประเภท ^{1}Shield-type^{2} หรือ ^{3}Immunity-type^{4} ลดดาเมจที่ศัตรูสูงสุด ${2} ตัว ในระยะ ${1} เมตรรอบเจ้าของทำลง ^{5}${3}%^{6} เป็นเวลา ${4} วินาที
10110300634	Concentrate light to increase nearby allies' Magic ATK by ^{1}${2}%^{2} for ${1} seconds, then Launch a light wave that deals Neutral ranged magic damage equal to Magic ATK*^{3}${6}%^{4} to up to ${5} enemies within a ${3}m*${4}m area ahead. This damage ignores shields.	รวมแสงเพิ่ม M.ATK ให้พันธมิตรใกล้เคียงขึ้น ^{1}${2}%^{2} เป็นเวลา ${1} วินาที จากนั้นปล่อยคลื่นแสงสร้างดาเมจเวทระยะไกลธาตุ Neutral เท่ากับ M.ATK*^{3}${6}%^{4} แก่ศัตรูสูงสุด ${5} ตัว ในพื้นที่ด้านหน้าขนาด ${3} เมตร*${4} เมตร ดาเมจนี้ไม่สนใจโล่
10110300641	Increases the Maximum Number of Targets of ^{1}Recovery-type^{2} and ^{3}Offensive-type^{4} Primary Battle Skills by ${1} (the number of designated targets for ST skills remains unchanged), but reduces Healing and damage dealt to each target by ^{5}${2}%^{6}.	เพิ่มจำนวนเป้าหมายสูงสุดของสกิลต่อสู้หลักประเภท ^{1}Recovery-type^{2} และ ^{3}Offensive-type^{4} ขึ้น ${1} (จำนวนเป้าหมายที่เลือกของสกิล Single Target ไม่เปลี่ยน) แต่ลดการรักษาและดาเมจที่ทำต่อแต่ละเป้าหมายลง ^{5}${2}%^{6}
10110300642	Increases the Maximum Number of Targets of ^{1}Recovery-type^{2} and ^{3}Offensive-type^{4} Primary Battle Skills by ${1}. (The number of designated targets for ST skills remains unchanged.)	เพิ่มจำนวนเป้าหมายสูงสุดของสกิลต่อสู้หลักประเภท ^{1}Recovery-type^{2} และ ^{3}Offensive-type^{4} ขึ้น ${1} (จำนวนเป้าหมายที่เลือกของสกิล Single Target ไม่เปลี่ยน)
10110300643	Deals Neutral ranged magic damage equal to Magic ATK^{1}${3}%^{2} to up to ${7} enemies in a designated area with a ${2}-meter radius within ${1} meters of you, reducing their Physical and Magic DEF by ${4}% for ${6}s^{3}^{4} and giving them a ${5}% Chance to suffer one random effect for ${8}s^{5}:^{6}【Freeze】^{7}^{8} ^{9}^{10}【Petrify】^{11}^{12} ^{13}^{14}【Stun】^{15}^{16}.	สร้างดาเมจเวทระยะไกลธาตุ Neutral เท่ากับ M.ATK^{1}${3}%^{2} แก่ศัตรูสูงสุด ${7} ตัว ในพื้นที่ที่กำหนดรัศมี ${2} เมตร ซึ่งอยู่ในระยะ ${1} เมตรจากคุณ ลด P.DEF และ M.DEF ลง ${4}% เป็นเวลา ${6} วินาที^{3}^{4} และมีโอกาส ${5}% ทำให้ติดหนึ่งสถานะแบบสุ่มเป็นเวลา ${8} วินาที^{5}:^{6}[ Freeze ]^{7}^{8} ^{9}^{10}[ Petrify ]^{11}^{12} ^{13}^{14}[ Stun ]^{15}^{16}
10110300644	Summons Bloody Butterfly to continuously flap its wings, creating a storm at the target location that Deals Neutral Ranged ^{5}Adaptive Damage^{6} equal to the owner's ^{1}Adaptive Attack^{2}*^{3}${4}%^{4} to up to ${3} enemies within the designated ${2}-meter-radius area within ${1} meters of the owner. Each hit restores HP to the owner equal to the owner's ^{7}Adaptive Attack^{8}*^{9}${5}%^{10}. The final hit Deals Neutral Ranged ^{15}Adaptive Damage^{16} equal to the owner's ^{11}Adaptive Attack^{12}*^{13}${7}%^{14} and restores HP to the owner equal to the owner's ^{17}Adaptive Attack^{18}*^{19}${8}%^{20}.	เรียก Bloody Butterfly กระพือปีกอย่างต่อเนื่อง สร้างพายุที่ตำแหน่งเป้าหมาย สร้าง^{5}Adaptive Damage^{6}เท่ากับ ^{1}Adaptive Attack^{2} ของเจ้าของ*^{3}${4}%^{4} ระยะไกลธาตุ Neutral แก่ศัตรูสูงสุด ${3} ตัว ในพื้นที่ที่กำหนดรัศมี ${2} เมตร ซึ่งอยู่ในระยะ ${1} เมตรจากเจ้าของ แต่ละครั้งฟื้นฟู HP ให้เจ้าของเท่ากับ ^{7}Adaptive Attack^{8} ของเจ้าของ*^{9}${5}%^{10} ครั้งสุดท้ายสร้าง^{15}Adaptive Damage^{16}เท่ากับ ^{11}Adaptive Attack^{12} ของเจ้าของ*^{13}${7}%^{14} ระยะไกลธาตุ Neutral และฟื้นฟู HP ให้เจ้าของเท่ากับ ^{17}Adaptive Attack^{18} ของเจ้าของ*^{19}${8}%^{20}
10110300645	Increases the direct damage and direct Healing Done of ^{1}Offensive-type^{2} and ^{3}Recovery-type^{4} Primary Battle Skills by ^{5}${1}%^{6}.	เพิ่มดาเมจโดยตรงและการรักษาโดยตรงที่ทำของสกิลต่อสู้หลักประเภท ^{1}Offensive-type^{2} และ ^{3}Recovery-type^{4} ขึ้น ^{5}${1}%^{6}
10110300646	Bloody Butterfly dances, dealing @{1} hits of Neutral Ranged Magic damage equal to the Pet's MATK*^{1}${3}%^{2} to up to ${2} enemies within ${1} meters, then Deals Neutral Ranged Magic damage equal to the Pet's MATK*^{3}${7}%^{4} to up to ${6} enemies in a ${4}-meter-by-${5}-meter area ahead. Each hit restores Life equal to ${8}% of its Skill Damage Multiplier.	Bloody Butterfly เต้นรำ สร้างดาเมจเวทระยะไกลธาตุ Neutral @{1} ครั้ง เท่ากับ M.ATK ของสัตว์เลี้ยง*^{1}${3}%^{2} แก่ศัตรูสูงสุด ${2} ตัว ในระยะ ${1} เมตร จากนั้นสร้างดาเมจเวทระยะไกลธาตุ Neutral เท่ากับ M.ATK ของสัตว์เลี้ยง*^{3}${7}%^{4} แก่ศัตรูสูงสุด ${6} ตัว ในพื้นที่ด้านหน้าขนาด ${4} เมตรคูณ ${5} เมตร แต่ละครั้งฟื้นฟู HP เท่ากับ ${8}% ของตัวคูณดาเมจสกิล
10110300635	When the Active Skill is cast, the master gains a 【Fairy Shield】 equal to Max Life * ^{1}${1}%^{2} for ${3} seconds. Exclusive Trigger: 【Fairy Shield】's shield value is increased to ^{3}${2}%^{4}. While 【Fairy Shield】 is active, the master gains ^{5}^{6}【Debuff Immunity】^{7}^{8}.	เมื่อใช้สกิล Active เจ้าของได้รับ [ Fairy Shield ] เท่ากับ HP สูงสุด * ^{1}${1}%^{2} เป็นเวลา ${3} วินาที ผลเฉพาะ: ค่าโล่ของ [ Fairy Shield ] เพิ่มเป็น ^{3}${2}%^{4} ขณะ [ Fairy Shield ] มีผล เจ้าของได้รับ ^{5}^{6}[ Debuff Immunity ]^{7}^{8}
10110300636	The Fairy Enchantress performs the Dance of Immortal Grace, granting up to ${4} allies within ${1} meters a shield equal to ^{1}${2}%^{2} of her Max Life for ${3} seconds. While the shield is active, they gain ^{3}^{4}【Debuff Immunity】^{5}^{6}.	Fairy Enchantress ร่าย Dance of Immortal Grace มอบโล่ให้พันธมิตรสูงสุด ${4} คน ในระยะ ${1} เมตร เท่ากับ ^{1}${2}%^{2} ของ HP สูงสุดของเธอ เป็นเวลา ${3} วินาที ขณะโล่มีผล ได้รับ ^{3}^{4}[ Debuff Immunity ]^{5}^{6}
10110300637	The Evil Nymph performs a graceful dance, granting her master ^{1}^{2}【Debuff Immunity】^{3}^{4} for ${1} sec and 【Evil Nymph's Shield】 for ${2} sec. 【Evil Nymph's Shield】: A shield equal to the master's Max Life*^{5}${3}%^{6}.	Evil Nymph เต้นรำอย่างงดงาม มอบ ^{1}^{2}[ Debuff Immunity ]^{3}^{4} ให้เจ้าของเป็นเวลา ${1} วินาที และ [ Evil Nymph's Shield ] เป็นเวลา ${2} วินาที [ Evil Nymph's Shield ]: โล่เท่ากับ HP สูงสุดของเจ้าของ*^{5}${3}%^{6}
10110300638	When casting ^{1}any type^{2} of Primary Battle Skill, grants the owner 【Fairy Shield】 equal to ^{3}${1}%^{4} of Max HP for ${3} sec.	เมื่อใช้สกิลต่อสู้หลัก ^{1}ประเภทใดก็ได้^{2} มอบ [ Fairy Shield ] ให้เจ้าของเท่ากับ ^{3}${1}%^{4} ของ HP สูงสุด เป็นเวลา ${3} วินาที
10110300639	【Fairy Shield】's shield value is increased to ^{1}${2}%^{2}. While 【Fairy Shield】 is active, the owner^{3}^{4}【is immune to debuffs】^{5}^{6}.	ค่าโล่ของ [ Fairy Shield ] เพิ่มเป็น ^{1}${2}%^{2} ขณะ [ Fairy Shield ] มีผล เจ้าของ^{3}^{4}[ is immune to debuffs ]^{5}^{6} ป้องกันดีบัฟ
10110300640	Piamette summons a Bunny Doll, increasing the master's Physical and Magic DEF by ^{1}${2}%^{2} for ${1} sec. During this time, if the master is attacked while their Life is below ${3}% of Max Life, restores Life equal to Max Life * ^{3}${4}%^{4}. Can only trigger once per duration.	Piamette เรียก Bunny Doll เพิ่ม P.DEF และ M.DEF ของเจ้าของขึ้น ^{1}${2}%^{2} เป็นเวลา ${1} วินาที ระหว่างนี้ หากเจ้าของถูกโจมตีขณะ HP ต่ำกว่า ${3}% ของ HP สูงสุด ฟื้นฟู HP เท่ากับ HP สูงสุด * ^{3}${4}%^{4} เกิดผลได้ครั้งเดียวต่อช่วงเวลา
10110300647	Retribution summons the Executioner's Sword, dealing its master's ^{1}Adaptive ATK^{2}*^{3}${4}%^{4} as Neutral ranged ^{5}Adaptive Damage^{6} to up to ${3} enemies in a designated area with a ${2}-meter radius within ${1} meters of its master and ^{7}knocking them into the air^{8} for ${7} seconds. Its master also gains the ^{9}【Execution】^{10} effect for ${5} seconds. ^{11}【Execution】^{12}: On HIT, has a ${8}% Chance to inflict ${6}% ^{13}【Slow】^{14} for ${9} seconds.	Retribution เรียก Executioner's Sword สร้างดาเมจเท่ากับ ^{1}Adaptive ATK^{2} ของเจ้าของ*^{3}${4}%^{4} เป็น ^{5}Adaptive Damage^{6} ระยะไกลธาตุ Neutral แก่ศัตรูสูงสุด ${3} ตัว ในพื้นที่ที่กำหนดรัศมี ${2} เมตร ซึ่งอยู่ในระยะ ${1} เมตรจากเจ้าของ พร้อมทำให้ ^{7}ลอยขึ้นกลางอากาศ^{8} เป็นเวลา ${7} วินาที เจ้าของได้รับ ^{9}[ Execution ]^{10} เป็นเวลา ${5} วินาทีด้วย ^{11}[ Execution ]^{12}: เมื่อโจมตีโดน มีโอกาส ${8}% ทำให้ติดผลลดความเร็ว ${6}% ^{13}[ Slow ]^{14} เป็นเวลา ${9} วินาที
10110300648	Extends the Control duration of ^{1}Control-type^{2} Primary Battle Skills against the Enemy Team by ^{3}${1}^{4} sec.	เพิ่มระยะเวลาควบคุมของสกิลต่อสู้หลักประเภท ^{1}Control-type^{2} ต่อฝ่ายศัตรูขึ้น ^{3}${1}^{4} วินาที
10110300649	Retribution summons a sword formation, dealing Neutral ranged Physical damage equal to Pet Physical ATK * ^{1}${4}%^{2} to up to ${3} enemies within a ${2}-meter-radius target area located within ${1} meters, reducing their Physical and Magic ATK by ^{3}${5}%^{4}, Physical and Magic DEF by ^{5}${5}%^{6}, and inflicting ^{7}【Slow】^{8} by ${6}% for ${7} seconds.	Retribution เรียกขบวนดาบ สร้างดาเมจกายภาพระยะไกลธาตุ Neutral เท่ากับ P.ATK ของสัตว์เลี้ยง * ^{1}${4}%^{2} แก่ศัตรูสูงสุด ${3} ตัว ในพื้นที่เป้าหมายรัศมี ${2} เมตร ซึ่งอยู่ในระยะ ${1} เมตร ลด P.ATK และ M.ATK ลง ^{3}${5}%^{4}, P.DEF และ M.DEF ลง ^{5}${5}%^{6} และทำให้ติด ^{7}[ Slow ]^{8} ลดความเร็วลง ${6}% เป็นเวลา ${7} วินาที
10110300650	Vocal begins singing, healing up to ${3} allies within ${2} meters of its master for a total of the master's ^{1}Adaptive ATK^{2}*^{3}${4}%^{4} Life.	Vocal เริ่มร้องเพลง รักษาพันธมิตรสูงสุด ${3} คน ในระยะ ${2} เมตรรอบเจ้าของ ฟื้นฟู HP รวมเท่ากับ ^{1}Adaptive ATK^{2} ของเจ้าของ*^{3}${4}%^{4}
10110300651	When casting a ^{1}Recovery-type^{2} Primary Battle Skill, additionally restores HP to the owner equal to Max HP*^{3}${1}%^{4}.	เมื่อใช้สกิลต่อสู้หลักประเภท ^{1}Recovery-type^{2} ฟื้นฟู HP ให้เจ้าของเพิ่มเท่ากับ HP สูงสุด*^{3}${1}%^{4}
10110300652	Vocal begins singing, healing up to ${3} allies within a ${2}-meter radius for *^{1}${4}%^{2} of their maximum Life.	Vocal เริ่มร้องเพลง รักษาพันธมิตรสูงสุด ${3} คน ในรัศมี ${2} เมตร ฟื้นฟู *^{1}${4}%^{2} ของ HP สูงสุดของแต่ละคน
10110300653	Medusa opens her eyes, continuously dealing Neutral ranged ^{5}adaptive damage^{6} equal to her master's ^{1}Adaptive ATK^{2} * ^{3}${3}%^{4} to up to ${2} enemies within a ${1}-meter-radius cone in the specified direction and inflicting ^{7}^{8}【Petrify】^{9}^{10} for ${4} seconds. For the next ${5} seconds, whenever the master's Normal Attack-type skills HIT a target, they have a ${6}% Chance to inflict ^{11}^{12}【Petrify】^{13}^{14} for ${7} seconds. This effect has a ${8}-second Cooldown.	Medusa ลืมตา สร้าง ^{5}Adaptive Damage^{6} ต่อเนื่องเท่ากับ ^{1}Adaptive ATK^{2} ของเจ้าของ * ^{3}${3}%^{4} ระยะไกลธาตุ Neutral แก่ศัตรูสูงสุด ${2} ตัว ในพื้นที่กรวยรัศมี ${1} เมตรตามทิศที่กำหนด และทำให้ติด ^{7}^{8}[ Petrify ]^{9}^{10} เป็นเวลา ${4} วินาที ใน ${5} วินาทีถัดไป เมื่อสกิลประเภทโจมตีปกติของเจ้าของโจมตีโดนเป้าหมาย มีโอกาส ${6}% ทำให้ติด ^{11}^{12}[ Petrify ]^{13}^{14} เป็นเวลา ${7} วินาที ผลนี้มี CD ${8} วินาที
10110300654	When a ^{1}Control-type^{2} Primary Battle Skill Deals DMG, it has a ^{3}${1}%^{4} Chance to inflict ^{5}^{6}【Petrify】^{7}^{8} on the target for ${2} sec. For the next ${3} sec, the owner's DMG Bonus against enemies affected by ^{9}^{10}【Petrify】^{11}^{12} or ^{13}^{14}【Sluggish】^{15}^{16} increases by ^{17}${4}%^{18}.	เมื่อสกิลต่อสู้หลักประเภท ^{1}Control-type^{2} สร้างดาเมจ มีโอกาส ^{3}${1}%^{4} ทำให้เป้าหมายติด ^{5}^{6}[ Petrify ]^{7}^{8} เป็นเวลา ${2} วินาที ใน ${3} วินาทีถัดไป โบนัสดาเมจของเจ้าของต่อศัตรูที่ติด ^{9}^{10}[ Petrify ]^{11}^{12} หรือ ^{13}^{14}[ Sluggish ]^{15}^{16} เพิ่มขึ้น ^{17}${4}%^{18}
10110300655	Medusa releases a silver snake that ricochets between enemies, dealing Magic ATK*^{1}${2}%^{2} Neutral ranged magic damage to the first enemy within ${1}m and Magic ATK*^{3}${3}%^{4} Neutral ranged magic damage to subsequent targets. Ricochets up to ${4} times. Each HIT has a ^{5}${5}%^{6} Chance to inflict ^{7}^{8}【Petrify】^{9}^{10} for ${6} seconds.	Medusa ปล่อยงูเงินที่ชิ่งระหว่างศัตรู สร้างดาเมจเวทระยะไกลธาตุ Neutral เท่ากับ M.ATK*^{1}${2}%^{2} แก่ศัตรูตัวแรกในระยะ ${1} เมตร และเท่ากับ M.ATK*^{3}${3}%^{4} แก่เป้าหมายถัดไป ชิ่งสูงสุด ${4} ครั้ง แต่ละครั้งที่โจมตีโดนมีโอกาส ^{5}${5}%^{6} ทำให้ติด ^{7}^{8}[ Petrify ]^{9}^{10} เป็นเวลา ${6} วินาที
10110300656	Medusa deals Neutral ranged Physical damage equal to Physical ATK * ^{1}${2}%^{2} to a single target within ${1} meters.	Medusa สร้างดาเมจกายภาพระยะไกลธาตุ Neutral เท่ากับ P.ATK * ^{1}${2}%^{2} แก่เป้าหมายเดี่ยวในระยะ ${1} เมตร
10110300657	The Goddess of Hope swings her spear, dealing ^{1}${1}%^{2} Neutral melee Physical damage to the enemy.	Goddess of Hope แกว่งหอก สร้างดาเมจกายภาพระยะประชิดธาตุ Neutral ^{1}${1}%^{2} แก่ศัตรู
10110300665	Miyabi Doll recites an incantation, increasing the Physical and Magic ATK of up to ${2} nearby allies within a ${1}-meter radius by ^{1}${3}%^{2} for ${4} seconds and granting ^{3}^{4}【Endure】^{5}^{6} for ${5} seconds.	Miyabi Doll ท่องคาถา เพิ่ม P.ATK และ M.ATK ของพันธมิตรใกล้เคียงสูงสุด ${2} คน ในรัศมี ${1} เมตรขึ้น ^{1}${3}%^{2} เป็นเวลา ${4} วินาที และมอบ ^{3}^{4}[ Endure ]^{5}^{6} เป็นเวลา ${5} วินาที
10110300666	The Watcher flaps its wings, dealing Neutral melee Physical damage equal to Physical ATK*^{1}${1}%^{2} to the enemy.	Watcher กระพือปีก สร้างดาเมจกายภาพระยะประชิดธาตุ Neutral เท่ากับ P.ATK*^{1}${1}%^{2} แก่ศัตรู
10110300667	Increases the Maximum Number of Targets of ^{1}Debuff-type^{2} and ^{3}Control-type^{4} Primary Battle Skills by ^{5}${1}^{6} (the number of designated targets for ST skills remains unchanged), but increases their Cooldown by ^{7}${2}^{8} sec.	เพิ่มจำนวนเป้าหมายสูงสุดของสกิลต่อสู้หลักประเภท ^{1}Debuff-type^{2} และ ^{3}Control-type^{4} ขึ้น ^{5}${1}^{6} (จำนวนเป้าหมายที่เลือกของสกิล Single Target ไม่เปลี่ยน) แต่เพิ่ม CD ขึ้น ^{7}${2}^{8} วินาที
10110300668	Increases the Maximum Number of Targets of ^{1}Debuff-type^{2} and ^{3}Control-type^{4} Primary Battle Skills by ^{5}${1}^{6}. (The number of designated targets for ST skills remains unchanged.)	เพิ่มจำนวนเป้าหมายสูงสุดของสกิลต่อสู้หลักประเภท ^{1}Debuff-type^{2} และ ^{3}Control-type^{4} ขึ้น ^{5}${1}^{6} (จำนวนเป้าหมายที่เลือกของสกิล Single Target ไม่เปลี่ยน)
10110300669	The Watcher summons a curtain of light, dealing total Neutral ranged Magic damage equal to Magic ATK*^{1}${3}%^{2} to up to ${2} enemies within a ${1}-meter radius, inflicting ^{3}^{4}【Immobilize】^{5}^{6} for ${4} seconds, and reducing Physical and Magic ATK by ^{7}${5}%^{8} for ${6} seconds.	Watcher เรียกม่านแสง สร้างดาเมจเวทระยะไกลธาตุ Neutral รวมเท่ากับ M.ATK*^{1}${3}%^{2} แก่ศัตรูสูงสุด ${2} ตัว ในรัศมี ${1} เมตร ทำให้ติด ^{3}^{4}[ Immobilize ]^{5}^{6} เป็นเวลา ${4} วินาที และลด P.ATK กับ M.ATK ลง ^{7}${5}%^{8} เป็นเวลา ${6} วินาที
10110300670	The Watcher observes the target area, dealing Neutral ranged ^{5}Adaptive Damage^{6} equal to the master's ^{1}Adaptive ATK^{2}*^{3}${3}%^{4} to up to ${2} enemies within a ${1}-meter radius of the target area and reducing their Physical and Magic ATK by ^{7}${4}%^{8} for ${5} seconds.	Watcher เฝ้ามองพื้นที่เป้าหมาย สร้าง^{5}Adaptive Damage^{6}เท่ากับ ^{1}Adaptive ATK^{2} ของเจ้าของ*^{3}${3}%^{4} ระยะไกลธาตุ Neutral แก่ศัตรูสูงสุด ${2} ตัว ในรัศมี ${1} เมตรรอบพื้นที่เป้าหมาย และลด P.ATK กับ M.ATK ลง ^{7}${4}%^{8} เป็นเวลา ${5} วินาที
10110300659	When casting ^{1}any type^{2} of Primary Battle Skill, grants the owner ^{3}【Divine Hope】^{4}, increasing Physical DEF and MDEF by ^{5}${1}%^{6} for ${2} sec.	เมื่อใช้สกิลต่อสู้หลัก ^{1}ประเภทใดก็ได้^{2} มอบ ^{3}[ Divine Hope ]^{4} ให้เจ้าของ เพิ่ม P.DEF และ M.DEF ขึ้น ^{5}${1}%^{6} เป็นเวลา ${2} วินาที
10110300660	The Goddess of Hope slashes through the air with a dark blade, dealing Neutral melee ^{5}Adaptive Damage^{6} equal to the master's ^{1}Adaptive ATK^{2}*^{3}${3}%^{4} to up to ${2} enemies within a ${1}-meter radius of the target area, and grants the master ^{7}【Divine Hope】^{8}, increasing Physical and Magic DEF by ^{9}${4}%^{10} for ${5} seconds.	Goddess of Hope ใช้ดาบมืดฟันผ่านอากาศ สร้าง^{5}Adaptive Damage^{6}เท่ากับ ^{1}Adaptive ATK^{2} ของเจ้าของ*^{3}${3}%^{4} ระยะประชิดธาตุ Neutral แก่ศัตรูสูงสุด ${2} ตัว ในรัศมี ${1} เมตรรอบพื้นที่เป้าหมาย และมอบ ^{7}[ Divine Hope ]^{8} ให้เจ้าของ เพิ่ม P.DEF และ M.DEF ขึ้น ^{9}${4}%^{10} เป็นเวลา ${5} วินาที
10110300661	^{1}【Divine Hope】^{2} has an area effect and applies to up to ${2} allies within a ${1}-meter radius of the owner. Only the owner additionally gains HP Lock while ^{3}【Divine Hope】^{4} is Active, preventing their HP from falling below ^{5}${3}%^{6}. Cooldown: ${4} sec.	^{1}[ Divine Hope ]^{2} มีผลแบบพื้นที่และมีผลต่อพันธมิตรสูงสุด ${2} คน ในรัศมี ${1} เมตรรอบเจ้าของ เฉพาะเจ้าของได้รับ HP Lock เพิ่มขณะ ^{3}[ Divine Hope ]^{4} มีผล ป้องกัน HP ลดต่ำกว่า ^{5}${3}%^{6} CD: ${4} วินาที
10110300662	Miyabi Doll rapidly swings both arms, dealing Neutral melee Physical damage equal to Physical ATK*^{1}${1}%^{2} to the enemy.	Miyabi Doll แกว่งแขนทั้งสองอย่างรวดเร็ว สร้างดาเมจกายภาพระยะประชิดธาตุ Neutral เท่ากับ P.ATK*^{1}${1}%^{2} แก่ศัตรู
10110300663	When casting a ^{1}Shield-type^{2} or ^{3}Immunity-type^{4} Primary Battle Skill, grants ^{5}^{6}【Endure】^{7}^{8} to up to ${2} allies within a ${1}-meter radius of the owner for ${3} sec.	เมื่อใช้สกิลต่อสู้หลักประเภท ^{1}Shield-type^{2} หรือ ^{3}Immunity-type^{4} มอบ ^{5}^{6}[ Endure ]^{7}^{8} ให้พันธมิตรสูงสุด ${2} คน ในรัศมี ${1} เมตรรอบเจ้าของ เป็นเวลา ${3} วินาที
10110300664	Miyabi Doll offers a prayer of the soul, granting ^{1}^{2}【Endure】^{3}^{4} for ${3} seconds and ^{5}^{6}【Crowd-Control Immunity】^{7}^{8} for ${4} seconds to up to ${2} allied players within a ${1}-meter radius of the master.	Miyabi Doll สวดอธิษฐานแห่งวิญญาณ มอบ ^{1}^{2}[ Endure ]^{3}^{4} เป็นเวลา ${3} วินาที และ ^{5}^{6}[ Crowd-Control Immunity ]^{7}^{8} เป็นเวลา ${4} วินาที ให้ผู้เล่นฝ่ายพันธมิตรสูงสุด ${2} คน ในรัศมี ${1} เมตรรอบเจ้าของ
10110300671	The Headless Warrior slams the ground, dealing Neutral melee Physical damage equal to Physical ATK*^{1}${2}%^{2} to a designated ST enemy within ${1} meters.	Headless Warrior ทุบพื้น สร้างดาเมจกายภาพระยะประชิดธาตุ Neutral เท่ากับ P.ATK*^{1}${2}%^{2} แก่ศัตรู Single Target ที่กำหนดในระยะ ${1} เมตร
10110300672	When casting a ^{1}Debuff-type^{2} or ^{3}Control-type^{4} Primary Battle Skill, the owner's Normal Attacks and skills deal Neutral melee ^{9}Adaptive Damage^{10} equal to the owner's ^{5}Adaptive Attack^{6}*^{7}${2}%^{8} to @{1} enemies for ${1} sec. Cooldown: ${3} sec.	เมื่อใช้สกิลต่อสู้หลักประเภท ^{1}Debuff-type^{2} หรือ ^{3}Control-type^{4} การโจมตีปกติและสกิลของเจ้าของสร้าง^{9}Adaptive Damage^{10}เท่ากับ ^{5}Adaptive Attack^{6} ของเจ้าของ*^{7}${2}%^{8} ระยะประชิดธาตุ Neutral แก่ศัตรู @{1} ตัว เป็นเวลา ${1} วินาที CD: ${3} วินาที
10110300673	The Headless Knight summons a charging duplicate ahead, dealing Neutral melee Physical damage equal to Physical ATK*^{1}${1}%^{2} to up to ${6} enemies within a ${4}*${5} rectangular area. The master gains ^{3}${2}%^{4} damage reduction for ${3} seconds. Hitting a monster with this skill greatly increases its aggro toward the master.	Headless Knight เรียกร่างแยกพุ่งไปด้านหน้า สร้างดาเมจกายภาพระยะประชิดธาตุ Neutral เท่ากับ P.ATK*^{1}${1}%^{2} แก่ศัตรูสูงสุด ${6} ตัว ในพื้นที่สี่เหลี่ยมขนาด ${4}*${5} เจ้าของได้รับการลดดาเมจที่ได้รับ ^{3}${2}%^{4} เป็นเวลา ${3} วินาที การโจมตีมอนสเตอร์ด้วยสกิลนี้เพิ่ม Aggro ของมอนสเตอร์ที่มีต่อเจ้าของอย่างมาก
10110300675	The Rainbow Earth Dragon flicks the tip of its tail, dealing Neutral melee Physical damage equal to Physical ATK*^{1}${1}%^{2} to the enemy.	Rainbow Earth Dragon สะบัดปลายหาง สร้างดาเมจกายภาพระยะประชิดธาตุ Neutral เท่ากับ P.ATK*^{1}${1}%^{2} แก่ศัตรู
10110300679	Baby Ktullanux rolls forward, dealing Neutral melee Physical damage equal to Physical ATK*^{1}${1}%^{2} to the enemy.	Baby Ktullanux กลิ้งไปด้านหน้า สร้างดาเมจกายภาพระยะประชิดธาตุ Neutral เท่ากับ P.ATK*^{1}${1}%^{2} แก่ศัตรู
10110300680	Increases the Control duration of ^{1}Control-type^{2} Primary Battle Skills by ^{3}${1}^{4} sec.	เพิ่มระยะเวลาควบคุมของสกิลต่อสู้หลักประเภท ^{1}Control-type^{2} ขึ้น ^{3}${1}^{4} วินาที
10110300684	After casting a ^{1}Recovery-type^{2} Primary Battle Skill, reduces the Water Damage the owner takes by ^{3}${1}%^{4} for ${2} sec.	หลังใช้สกิลต่อสู้หลักประเภท ^{1}Recovery-type^{2} ลดดาเมจธาตุ Water ที่เจ้าของได้รับลง ^{3}${1}%^{4} เป็นเวลา ${2} วินาที
10110300686	Squidgitte deals Neutral melee Physical damage equal to Physical ATK*^{1}${2}%^{2} to a designated ST enemy within ${1} meters.	Squidgitte สร้างดาเมจกายภาพระยะประชิดธาตุ Neutral เท่ากับ P.ATK*^{1}${2}%^{2} แก่ศัตรู Single Target ที่กำหนดในระยะ ${1} เมตร
10110300688	Increases the direct Healing of ^{1}Recovery-type^{2} Primary Battle Skills by ^{3}${1}%^{4}.	เพิ่มการรักษาโดยตรงของสกิลต่อสู้หลักประเภท ^{1}Recovery-type^{2} ขึ้น ^{3}${1}%^{4}
10110300690	Alice deals Neutral melee Physical damage equal to Physical ATK*^{1}${2}%^{2} to a designated ST enemy within ${1} meters.	Alice สร้างดาเมจกายภาพระยะประชิดธาตุ Neutral เท่ากับ P.ATK*^{1}${2}%^{2} แก่ศัตรู Single Target ที่กำหนดในระยะ ${1} เมตร
10110300691	Monster Normal Attack	การโจมตีปกติของมอนสเตอร์
10110300692	Leaves a shadow in place. Cast in a selected direction to move ${1} meters in the opposite direction. Cast again within ${2} seconds to return to the shadow.	ทิ้งเงาไว้ที่เดิม ใช้สกิลตามทิศที่เลือกเพื่อเคลื่อนที่ ${1} เมตรในทิศตรงข้าม ใช้อีกครั้งภายใน ${2} วินาทีเพื่อกลับไปหาเงา
10110300693	Emerges from the other end of the Wormhole	ปรากฏจากปลายอีกด้านของ Wormhole
10110300694	The BOSS throws @{1} phantom Kunai. If players are within @{2} meters of one another, the Kunai ricochet between them.	บอสขว้าง Kunai เงา @{1} อัน หากผู้เล่นอยู่ห่างกันไม่เกิน @{2} เมตร Kunai จะชิ่งระหว่างผู้เล่น
10110300695	Ricochets to an ally if one is within @{1} meters.	ชิ่งไปหาพันธมิตรหากอยู่ในระยะ @{1} เมตร
10110300696	BOSS cast animation; drop the blade mountain.	แอนิเมชันร่ายของบอส; ปล่อยภูเขาดาบลง
10110300697	Drop real blades.	ปล่อยดาบจริงลง
10110300698	Drop fake blades.	ปล่อยดาบปลอมลง
10110300699	Blade Mountain.	ภูเขาดาบ
10110300700	None	ไม่มี
10110300701	Player casts a rectangular skill behind themselves.	ผู้เล่นใช้สกิลพื้นที่สี่เหลี่ยมด้านหลังตนเอง
10110300702	End Transform.	สิ้นสุดการแปลงร่าง
10110300703	Locate Orc Lord and use Auto Counter	ค้นหา Orc Lord แล้วใช้ Auto Counter
10110300704	Drop blades around the BOSS.	ปล่อยดาบลงรอบบอส
10110300705	Drop blades directly in front of and behind the BOSS.	ปล่อยดาบลงตรงหน้าและหลังบอส
10110300706	Lock on to a player; lock on again after hitting, chaining up to three times. End if it misses.	ล็อกผู้เล่น; ล็อกใหม่หลังโจมตีโดน ต่อเนื่องสูงสุดสามครั้ง สิ้นสุดเมื่อพลาด
10110300713	Summon puppet monsters.	เรียกมอนสเตอร์หุ่นเชิด
10110300714	Gangplank barrel chain.	ถังระเบิดต่อเนื่องของ Gangplank
10110300715	Kunkka ultimate.	สกิลสูงสุดของ Kunkka
10110300716	Drake minion Basic Attack.	การโจมตีพื้นฐานของลูกสมุน Drake
10110300717	Summon a circular water-pillar attack.	เรียกการโจมตีเสาน้ำเป็นวงกลม
10110300718	Lu Bu's first skill.	สกิลแรกของ Lu Bu
10110300707	Pick up the giant blade dropped by Orc Lord and launch a counterattack	เก็บดาบยักษ์ที่ Orc Lord ทำตก แล้วโต้กลับ
10110300708	Pick up the shield dropped by the Orc Lord to withstand the next attack.	เก็บโล่ที่ Orc Lord ทำตกเพื่อรับการโจมตีครั้งถัดไป
10110300709	Flying Blade Check	ตรวจสอบดาบบิน
10110300710	@{1}M warning circle.	วงเตือน @{1} เมตร
10110300711	Drake Basic Attack	การโจมตีพื้นฐานของ Drake
10110300712	Target three players and drop cannonballs on them.	เลือกผู้เล่นสามคนแล้วปล่อยกระสุนปืนใหญ่ลงใส่
10110300833	Launch a musical phrase from ^{1}【Sacrament】^{2} at a designated enemy (ST), dealing Holy ranged magic damage equal to Magic ATK *^{3}${1}%^{4}.	ปล่อยวลีดนตรีจาก ^{1}[ Sacrament ]^{2} ใส่ศัตรูที่กำหนด (Single Target) สร้างดาเมจเวทระยะไกลธาตุ Holy เท่ากับ M.ATK *^{3}${1}%^{4}
10110300834	Launch two musical phrases from ^{1}【Sacrament】^{2}, dealing Holy ranged magic damage equal to Magic ATK * ^{3}${1}%^{4} to the designated ST enemy.	ปล่อยวลีดนตรีสองชุดจาก ^{1}[ Sacrament ]^{2} สร้างดาเมจเวทระยะไกลธาตุ Holy เท่ากับ M.ATK * ^{3}${1}%^{4} แก่ศัตรู Single Target ที่กำหนด
10110300835	Launch three musical phrases from ^{1}【Sacrament】^{2}, dealing Holy ranged magic damage equal to Magic ATK * ^{3}${1}%^{4} to the target ST enemy.	ปล่อยวลีดนตรีสามชุดจาก ^{1}[ Sacrament ]^{2} สร้างดาเมจเวทระยะไกลธาตุ Holy เท่ากับ M.ATK * ^{3}${1}%^{4} แก่ศัตรู Single Target เป้าหมาย
10110300836	The Soul Burst skill is so cool!	สกิล Soul Burst เท่มาก!
10110300827	After your ^{1}【Stigmata】^{2} ends, trigger ^{3}^{4}【Organum】^{5}^{6} once more in the reverse direction.	หลัง ^{1}[ Stigmata ]^{2} ของคุณสิ้นสุด ทำให้ ^{3}^{4}[ Organum ]^{5}^{6} เกิดผลเพิ่มอีกหนึ่งครั้งในทิศตรงข้าม
10110300828	Deals Holy ranged magic damage equal to Magic ATK *^{1}${2}%^{2} to up to ${1} enemies within range.	สร้างดาเมจเวทระยะไกลธาตุ Holy เท่ากับ M.ATK *^{1}${2}%^{2} แก่ศัตรูสูงสุด ${1} ตัว ในระยะ
10110300830	On HIT, deals an Extra instance of ranged Holy magic damage equal to Magic ATK *^{1}${1}%^{2}	เมื่อโจมตีโดน สร้างดาเมจเวทระยะไกลธาตุ Holy เพิ่มหนึ่งครั้ง เท่ากับ M.ATK *^{1}${1}%^{2}
10110300845	Release a pulse in a ${1}-meter radius around you, dealing ${2} hits of Neutral melee Physical damage equal to PATK *^{1}${3}%^{2}.	ปล่อยคลื่นพัลส์ในรัศมี ${1} เมตรรอบตัว สร้างดาเมจกายภาพระยะประชิดธาตุ Neutral ${2} ครั้ง เท่ากับ P.ATK *^{1}${3}%^{2}
10110300848	[Melody Vulcan] Damage Increase ^{1}@{1}%^{2}. When attacking a target with [Melody Bubble], DMG Bonus ^{3}@{2}%^{4}.	ดาเมจ [ Melody Vulcan ] เพิ่มขึ้น ^{1}@{1}%^{2} เมื่อโจมตีเป้าหมายที่มี [ Melody Bubble ] ได้รับโบนัสดาเมจ ^{3}@{2}%^{4}
10110300849	When 【Melody Vulcan】 triggers 【Firepower Reload】, 【Melody Cannon - Enhance】 Crit Chance increases by ^{1}@{1}%^{2}.	เมื่อ [ Melody Vulcan ] ทำให้ [ Firepower Reload ] เกิดผล โอกาสคริติคอลของ [ Melody Cannon - Enhance ] เพิ่มขึ้น ^{1}@{1}%^{2}
10110300861	【Twilight Light】damage multiplier increases by ^{1}${1}%^{2} and applies 【Over Brand】 for an Extra ^{3}${2}^{4} sec.	ตัวคูณดาเมจ [ Twilight Light ] เพิ่มขึ้น ^{1}${1}%^{2} และมอบ [ Over Brand ] เพิ่มอีก ^{3}${2}^{4} วินาที
10110300863	After using 【Fearless Charge】, if you are under 【Over Brand】, Activate the second-stage skill^{1}^{2}【Earthshaker】^{3}^{4}.	หลังใช้ [ Fearless Charge ] หากมี [ Over Brand ] เปิดใช้สกิลขั้นที่สอง^{1}^{2}[ Earthshaker ]^{3}^{4}
10110300866	【Shield Block】's DEF and MDEF bonuses increase by ^{1}${1}%^{2}	โบนัส DEF และ M.DEF ของ [ Shield Block ] เพิ่มขึ้น ^{1}${1}%^{2}
10110300867	When 【Powerful Shield Bash】's 【Shield Stance】 reaches ^{1}${1}^{2} stacks, 【Shield Press】 becomes ^{3}^{4}【Enhanced Shield Press】^{5} ^{6}.	เมื่อ [ Powerful Shield Bash ] มี [ Shield Stance ] ครบ ^{1}${1}^{2} stacks [ Shield Press ] เปลี่ยนเป็น ^{3}^{4}[ Enhanced Shield Press ]^{5} ^{6}
10110300870	^{1}【Focused Arrow Strike】^{2}'s damage multiplier increases by ^{3}${1}%^{4}.	ตัวคูณดาเมจของ ^{1}[ Focused Arrow Strike ]^{2} เพิ่มขึ้น ^{3}${1}%^{4}
10110300893	After triggering ^{1}【Furious Storm】^{2}, the percentage damage multiplier of 【Hundred Spear - Enhance】 increases by ${1}%.	หลัง ^{1}[ Furious Storm ]^{2} เกิดผล ตัวคูณดาเมจแบบเปอร์เซ็นต์ของ [ Hundred Spear - Enhance ] เพิ่มขึ้น ${1}%
10110300903	After casting 【Dark Illusion】, gain ^{1}${1}% Move Speed^{2} and ^{3}${2} Slow Resistance^{4} for ${3} sec. Also ^{5}Silences the target for ${4} sec^{6}.	หลังใช้ [ Dark Illusion ] ได้รับ ^{1}MSPD ${1}%^{2} และ ^{3}ความต้านทาน Slow ${2}^{4} เป็นเวลา ${3} วินาที พร้อม ^{5}ทำให้เป้าหมายติด Silence เป็นเวลา ${4} วินาที^{6}
10110300908	The shadow left by 【Move back Shadow Echo】 mimics your 【Piercing Shadow】, dealing @{1}% of the original damage.	เงาที่ [ Move back Shadow Echo ] ทิ้งไว้เลียนแบบ [ Piercing Shadow ] ของคุณ สร้างดาเมจ @{1}% ของดาเมจเดิม
10110300910	Increases the effect radius of 【Shadow Guard】, 【Thousand Shadows】, and 【Circling Shadow】 by @{1} m and their percentage damage multipliers by @{2}%.	เพิ่มรัศมีผลของ [ Shadow Guard ], [ Thousand Shadows ] และ [ Circling Shadow ] ขึ้น @{1} เมตร และตัวคูณดาเมจแบบเปอร์เซ็นต์ขึ้น @{2}%
10110300924	Deals Neutral Magic damage equal to MATK * ^{1}${4}%^{2} to up to ${3} Enemy Team targets within a ${2}-meter radius of the target within ${1} meters of You.	สร้างดาเมจเวทธาตุ Neutral เท่ากับ M.ATK * ^{1}${4}%^{2} แก่เป้าหมายฝ่ายศัตรูสูงสุด ${3} คน ในรัศมี ${2} เมตรรอบเป้าหมายที่อยู่ในระยะ ${1} เมตรจากคุณ
10110300933	Increases the skill multiplier of each hit of 【Tetra Vortex】 by ^{1}${1}%^{2}. After casting it, You gain ${2} stacks of ^{3}^{4}Elemental Attunement^{5}^{6}.	เพิ่มตัวคูณสกิลของการโจมตีแต่ละครั้งของ [ Tetra Vortex ] ขึ้น ^{1}${1}%^{2} หลังใช้ ได้รับ ${2} stacks ของ ^{3}^{4}Elemental Attunement^{5}^{6}
10110300934	Increases the skill multiplier of 【Comet】 by ^{1}${1}%^{2}.	เพิ่มตัวคูณสกิลของ [ Comet ] ขึ้น ^{1}${1}%^{2}
10110300935	Invoke Divine Light, restoring ^{3}Life^{4} equal to your Magic ATK * ^{1}${2}%^{2} to yourself and a designated ST ally within ${1} meters.	เรียกแสงศักดิ์สิทธิ์ ฟื้นฟู ^{3}HP^{4} เท่ากับ M.ATK ของคุณ * ^{1}${2}%^{2} ให้ตนเองและพันธมิตร Single Target ที่กำหนดในระยะ ${1} เมตร
10110300937	New evil spirit possession—pretend there's a cross behind you.	วิญญาณชั่วร้ายสิงรูปแบบใหม่—ทำเหมือนมีกางเขนอยู่ด้านหลัง
10110300939	Channels healing around the target	ร่ายรักษาอย่างต่อเนื่องรอบเป้าหมาย
10110300940	Dual-Layer Stigma Skill	สกิล Stigma สองชั้น
10110300979	When casting 【Cross Ripper Slasher】, the blades become discs of light, each dealing @{1}% of a blade's damage	เมื่อใช้ [ Cross Ripper Slasher ] ใบมีดกลายเป็นจานแสง แต่ละจานสร้างดาเมจ @{1}% ของใบมีด
10110300980	When using [Rolling Cutter], Movement Speed increases by @{1}%, [Rolling Cutter] damage increases by @{2}%, and its radius increases by @{3} meters.	เมื่อใช้ [ Rolling Cutter ] MSPD เพิ่มขึ้น @{1}%, ดาเมจ [ Rolling Cutter ] เพิ่มขึ้น @{2}% และรัศมีเพิ่มขึ้น @{3} เมตร
10110300983	Splits into three clones to attack a small area, then creates a circular field of moonlight and summons a ring of shadows to attack nearby targets.	แยกเป็นร่างแยกสามร่างโจมตีพื้นที่เล็ก จากนั้นสร้างสนามแสงจันทร์วงกลมและเรียกวงแหวนเงาโจมตีเป้าหมายใกล้เคียง
10110300978	After casting [Dark Illusion], gain @{2}% Movement Speed and @{3} Slow Resistance for @{4} sec. after @{1} sec, and silence the target for @{5} sec.	หลังใช้ [ Dark Illusion ] ได้รับ MSPD @{2}% และความต้านทาน Slow @{3} เป็นเวลา @{4} วินาที หลังผ่านไป @{1} วินาที และทำให้เป้าหมายติด Silence เป็นเวลา @{5} วินาที
10110300997	Increases the percentage damage multiplier of ^{1}【Bash】^{2} by ^{3}${1}%^{4}.	เพิ่มตัวคูณดาเมจแบบเปอร์เซ็นต์ของ ^{1}[ Bash ]^{2} ขึ้น ^{3}${1}%^{4}
10110300999	Increases Physical DEF and Magic DEF by ^{1}${1}^{2} for ${2} sec. and grants ^{3} ^{4}【Endure】^{5} ^{6} for ${3} sec.	เพิ่ม P.DEF และ M.DEF ขึ้น ^{1}${1}^{2} เป็นเวลา ${2} วินาที และมอบ ^{3} ^{4}[ Endure ]^{5} ^{6} เป็นเวลา ${3} วินาที
10110301000	Permanently increases HP recover rate. Every ${1} sec., restores ^{1}Life^{2} equal to Max Life * ^{3}${2}%^{4} + ^{5}${3}^{6}.	เพิ่มอัตราฟื้นฟู HP อย่างถาวร ทุก ${1} วินาที ฟื้นฟู ^{1}HP^{2} เท่ากับ HP สูงสุด * ^{3}${2}%^{4} + ^{5}${3}^{6}
10110301001	Master swordsmanship. When equipped with a sword, Physical ATK increases by ^{1}${1}^{2}.	เชี่ยวชาญวิชาดาบ เมื่อสวมดาบ P.ATK เพิ่มขึ้น ^{1}${1}^{2}
10110301002	Mastery of Spear techniques. When equipped with a Spear, Physical damage increases by ^{1}${1}%^{2} and CRIT increases by ^{3}${2}%^{4}.	เชี่ยวชาญวิชาหอก เมื่อสวมหอก ดาเมจกายภาพเพิ่มขึ้น ^{1}${1}%^{2} และ CRIT เพิ่มขึ้น ^{3}${2}%^{4}
10110301003	Master the art of swordsmanship. When equipped with a sword, HIT increases by ^{1}${1}^{2} and Attack Speed increases by ^{3}${2}%^{4}.	เชี่ยวชาญวิชาดาบ เมื่อสวมดาบ HIT เพิ่มขึ้น ^{1}${1}^{2} และ ASPD เพิ่มขึ้น ^{3}${2}%^{4}
10110301014	Infuses your weapon with energy, increasing the percentage damage multiplier of Normal Attack skills by ^{1}${1}%^{2} for ${2} sec.	อัดพลังให้อาวุธ เพิ่มตัวคูณดาเมจแบบเปอร์เซ็นต์ของสกิลโจมตีปกติขึ้น ^{1}${1}%^{2} เป็นเวลา ${2} วินาที
10110301016	Rapidly restores Life, restoring ^{1}${2} Life^{2} per second for ${1} sec.	ฟื้นฟู HP อย่างรวดเร็ว ฟื้นฟู ^{1}${2} HP^{2} ต่อวินาที เป็นเวลา ${1} วินาที
10110301032	Passive: Empowers your attacks, increasing your Crit Chance by ^{1}${1}%^{2} and PATK by ^{3}${2}%^{4}.	พาสซีฟ: เสริมพลังการโจมตี เพิ่มโอกาสคริติคอลขึ้น ^{1}${1}%^{2} และ P.ATK ขึ้น ^{3}${2}%^{4}
10110301033	Imbues your weapon with rune magic, increasing your ASPD by ^{1}${1}%^{2}. After dealing damage, increases your DEF by ^{3}${2}%^{4} for @{1} seconds.	อัดเวทรูนให้อาวุธ เพิ่ม ASPD ขึ้น ^{1}${1}%^{2} หลังสร้างดาเมจ เพิ่ม DEF ขึ้น ^{3}${2}%^{4} เป็นเวลา @{1} วินาที
10110301036	Permanently increases Physical ATK by ${1} and DEX by ${2}.	เพิ่ม P.ATK ขึ้น ${1} และ DEX ขึ้น ${2} อย่างถาวร
10110301037	@{1} instances of circular damage	ดาเมจพื้นที่วงกลม @{1} ครั้ง
10110301038	Removes current control effects and grants immunity to control effects for the next @{1} seconds	ล้างผลควบคุมปัจจุบันและป้องกันผลควบคุมใน @{1} วินาทีถัดไป
10110301039	Immobilizes the target for @{1} sec.	ตรึงเป้าหมายเป็นเวลา @{1} วินาที
10110301040	Can be used after leaving Battle Status to slowly restore Life.	ใช้ได้หลังออกจากสถานะต่อสู้ เพื่อค่อยๆ ฟื้นฟู HP
10110301041	Deals ST Neutral melee Physical damage equal to Physical ATK * ^{1}${2}%^{2} to the target enemy within ${1} meters.	สร้างดาเมจกายภาพระยะประชิดธาตุ Neutral แบบ Single Target เท่ากับ P.ATK * ^{1}${2}%^{2} แก่ศัตรูเป้าหมายในระยะ ${1} เมตร
10110301042	Increases FLEE by ^{1}${1}^{2}, Movement Speed by ^{3}${2}%^{4}, and Physical ATK by ^{5}${3}^{6}.	เพิ่ม FLEE ขึ้น ^{1}${1}^{2}, MSPD ขึ้น ^{3}${2}%^{4} และ P.ATK ขึ้น ^{5}${3}^{6}
10110301046	Throw sand at the target, dealing Physical ATK *^{1}${2}%+${3}^{2} Earth-property melee Physical damage to the designated ST enemy within ${1}m.	ปาทรายใส่เป้าหมาย สร้างดาเมจกายภาพระยะประชิดธาตุ Earth เท่ากับ P.ATK *^{1}${2}%+${3}^{2} แก่ศัตรู Single Target ที่กำหนดในระยะ ${1} เมตร
10110301047	Grants the specified ST ally within ^{1}${1} meters^{2} ^{3}immunity to ^{4}^{5}^{6}【Poisoned】^{7}^{8} damage.	มอบให้พันธมิตร Single Target ที่กำหนดในระยะ ^{1}${1} เมตร^{2} ^{3}การป้องกันดาเมจ ^{4}^{5}^{6}[ Poisoned ]^{7}^{8}
10110301048	Linked special logic script buff	บัฟสคริปต์ตรรกะพิเศษที่เชื่อมโยง
10110301056	This is Left-Hand Mastery.	นี่คือ Left-Hand Mastery
10110301062	Deals Poison-element melee Physical damage equal to Physical ATK*^{1}${1}%^{2} to the specified ST enemy.	สร้างดาเมจกายภาพระยะประชิดธาตุ Poison เท่ากับ P.ATK*^{1}${1}%^{2} แก่ศัตรู Single Target ที่กำหนด
10110301063	After Learning Skills, your coordination with both hands improves, allowing You to equip a Dagger in your Off-Hand and use Katar Weapons.	หลังเรียนสกิล การประสานมือทั้งสองดีขึ้น ทำให้สวมมีดสั้นในมือรองและใช้อาวุธคาตาร์ได้
10110301074	Deals ${1}% Neutral Physical damage to the specified ST target	สร้างดาเมจกายภาพธาตุ Neutral ${1}% แก่เป้าหมาย Single Target ที่กำหนด
10110301082	After using 【Soul Destroyer】 ${1} times, damage dealt increases by ${2}% for ${3} sec.	หลังใช้ [ Soul Destroyer ] ${1} ครั้ง ดาเมจที่ทำเพิ่มขึ้น ${2}% เป็นเวลา ${3} วินาที
10110301106	Chance for Normal Attack to trigger AOE damage (internal CD: @{1}s), hitting up to @{2} targets	การโจมตีปกติมีโอกาสทำให้เกิดดาเมจ AoE (CD ภายใน: @{1} วินาที) โจมตีเป้าหมายสูงสุด @{2} ตัว
10110301107	Normal Attacks have a Chance to trigger an Extra ST Normal Attack (internal cooldown: @{1} sec.)	การโจมตีปกติมีโอกาสทำให้เกิดการโจมตีปกติ Single Target เพิ่ม (CD ภายใน: @{1} วินาที)
10110301112	When Virus Spread is cast, it deals one Extra instance of high damage to one enemy HIT, prioritizing enemies closer to the center.	เมื่อใช้ Virus Spread สร้างดาเมจสูงเพิ่มหนึ่งครั้งแก่ศัตรูหนึ่งตัวที่ถูกโจมตี โดยเลือกศัตรูใกล้ศูนย์กลางก่อน
10110301113	When Virus Spread is cast, cast mini “Virus Spread” @{1} more times at the target location\n(No Chance required)	เมื่อใช้ Virus Spread ใช้ “Virus Spread” ขนาดเล็กเพิ่ม @{1} ครั้งที่ตำแหน่งเป้าหมาย\n(ไม่ต้องสุ่มโอกาส)
10110301114	Soul Destroyer casting Distance +@{1}. On HIT, Launch two small spherical waves at each of @{2} targets near the target (very, very, very low damage).	ระยะใช้ Soul Destroyer +@{1} เมื่อโจมตีโดน ปล่อยคลื่นทรงกลมเล็กสองคลื่นใส่เป้าหมายใกล้เคียง @{2} ตัวแต่ละตัว (ดาเมจต่ำมากๆ)
10110301116	After casting Meteor Assault, cast a mini Meteor Assault at the same location.	หลังใช้ Meteor Assault ใช้ Meteor Assault ขนาดเล็กที่ตำแหน่งเดิม
10110301125	Pirate King Basic Attack	การโจมตีพื้นฐานของ Pirate King
10110301126	Cross-shaped AoE, first vertical, then horizontal	พื้นที่รูปกากบาท เริ่มแนวตั้งก่อนแล้วจึงแนวนอน
10110301127	Lu Bu's First Skill	สกิลแรกของ Lu Bu
10110301128	Permanently increases your ^{3}SP Recovery^{4} by ^{1}${1}^{2}, ^{7}Max SP Recovery^{8} by ^{5}${2}%^{6}, and ^{11}MATK^{12} by ^{9}${3}^{10}.	เพิ่ม ^{3}การฟื้นฟู SP^{4} ขึ้น ^{1}${1}^{2}, ^{7}การฟื้นฟู SP สูงสุด^{8} ขึ้น ^{5}${2}%^{6} และ ^{11}M.ATK^{12} ขึ้น ^{9}${3}^{10} อย่างถาวร
10110301129	Summons Sight around you, revealing hidden enemies within a ${2}-meter radius for ${1} seconds.	เรียก Sight รอบตัว เผยศัตรูที่ซ่อนตัวในรัศมี ${2} เมตร เป็นเวลา ${1} วินาที
10110301120	Unleashes an evil spirit, dealing Neutral melee Physical damage equal to Physical ATK * ^{1}${3}%^{2} to up to ${2} enemies within a ${1}-meter radius.	ปล่อยวิญญาณชั่วร้าย สร้างดาเมจกายภาพระยะประชิดธาตุ Neutral เท่ากับ P.ATK * ^{1}${3}%^{2} แก่ศัตรูสูงสุด ${2} ตัว ในรัศมี ${1} เมตร
10110301121	Removes the ^{1}【Poisoned】^{2} status from yourself.	ล้างสถานะ ^{1}[ Poisoned ]^{2} ของตนเอง
10110301122	Damage dealt to enemies afflicted with ^{1}status effects^{2} is increased by ^{3}${1}%^{4}.	ดาเมจที่ทำต่อศัตรูที่ติด ^{1}สถานะผิดปกติ^{2} เพิ่มขึ้น ^{3}${1}%^{4}
10110301131	Summons a flaming arrow from the sky, dealing a total of Magic ATK*^{1}${2}%+${3}^{2} Fire ranged magic damage to the targeted ST enemy within ${1}m.	เรียกลูกธนูเพลิงจากฟ้า สร้างดาเมจเวทระยะไกลธาตุ Fire รวมเท่ากับ M.ATK*^{1}${2}%+${3}^{2} แก่ศัตรู Single Target เป้าหมายในระยะ ${1} เมตร
10110301132	Calls down lightning from above, dealing a total of Magic ATK *^{1}${2}% + ${3}^{2} Wind ranged magic damage to a designated ST enemy within ${1} meters.	เรียกสายฟ้าลงจากด้านบน สร้างดาเมจเวทระยะไกลธาตุ Wind รวมเท่ากับ M.ATK *^{1}${2}% + ${3}^{2} แก่ศัตรู Single Target ที่กำหนดในระยะ ${1} เมตร
10110301142	Deals Earth-property ranged magic damage equal to a total of Magic ATK*^{1}${2}%^{2} to a target ST enemy within ${1}m.	สร้างดาเมจเวทระยะไกลธาตุ Earth รวมเท่ากับ M.ATK*^{1}${2}%^{2} แก่ศัตรู Single Target เป้าหมายในระยะ ${1} เมตร
10110301170	Ends the current ^{1}^{2}【Reading】^{3}^{4} state.	สิ้นสุดสถานะ ^{1}^{2}[ Reading ]^{3}^{4} ปัจจุบัน
10110301171	Increases your Neutral, Ghost, Fire, Water, Wind, and Earth damage by ^{1}${1}%^{2}	เพิ่มดาเมจธาตุ Neutral, Ghost, Fire, Water, Wind และ Earth ของคุณขึ้น ^{1}${1}%^{2}
10110301172	Deals ranged Fire magic damage equal to ^{1}${1}%^{2} of your Magic ATK to the target.	สร้างดาเมจเวทระยะไกลธาตุ Fire เท่ากับ ^{1}${1}%^{2} ของ M.ATK ของคุณแก่เป้าหมาย
10110301173	Deals Water ranged magic damage equal to Magic ATK * ^{1}${1}%^{2} to the target.	สร้างดาเมจเวทระยะไกลธาตุ Water เท่ากับ M.ATK * ^{1}${1}%^{2} แก่เป้าหมาย
10110301174	Deals ranged Wind magic damage equal to your MATK * ^{1}${1}%^{2} to the target.	สร้างดาเมจเวทระยะไกลธาตุ Wind เท่ากับ M.ATK ของคุณ * ^{1}${1}%^{2} แก่เป้าหมาย
10110301175	Deals Earth ranged magic damage equal to Magic ATK * ^{1}${1}%^{2} to the target.	สร้างดาเมจเวทระยะไกลธาตุ Earth เท่ากับ M.ATK * ^{1}${1}%^{2} แก่เป้าหมาย
10110301162	Deals ranged Wind magic damage equal to Magic ATK * ^{1}${1}% + ${2}^{2} to the target.	สร้างดาเมจเวทระยะไกลธาตุ Wind เท่ากับ M.ATK * ^{1}${1}% + ${2}^{2} แก่เป้าหมาย
10110301160	Deals Fire-element ranged magic damage equal to Magic ATK *^{5}${3}%+${4}^{6} to up to ^{3}${2}^{4} enemies within a ^{1}${1}^{2}-meter radius.	สร้างดาเมจเวทระยะไกลธาตุ Fire เท่ากับ M.ATK *^{5}${3}%+${4}^{6} แก่ศัตรูสูงสุด ^{3}${2}^{4} ตัว ในรัศมี ^{1}${1}^{2} เมตร
10110301158	Triggers @{1} instances of 【Elemental Pursuit】, dealing Magic ATK*^{1}${1}%+${2}^{2} Neutral ranged magic damage to the target.	ทำให้ [ Elemental Pursuit ] เกิดผล @{1} ครั้ง สร้างดาเมจเวทระยะไกลธาตุ Neutral เท่ากับ M.ATK*^{1}${1}%+${2}^{2} แก่เป้าหมาย
10110301157	Removes up to ${3} ground effects from a designated area with a radius of ${2} meters within ${1} meters of you.	ลบเอฟเฟกต์บนพื้นสูงสุด ${3} อย่าง ในพื้นที่ที่กำหนดรัศมี ${2} เมตร ซึ่งอยู่ในระยะ ${1} เมตรจากคุณ
10110301154	Permanently increases Max MP by ^{1}${1}%^{2} and Magic ATK by ^{3}${3}^{4}. Each Kill restores ^{5}${2}%^{6} of Max MP as ^{7}MP^{8}.	เพิ่ม MP สูงสุดขึ้น ^{1}${1}%^{2} และ M.ATK ขึ้น ^{3}${3}^{4} อย่างถาวร แต่ละการสังหารฟื้นฟู ^{5}${2}%^{6} ของ MP สูงสุดเป็น ^{7}MP^{8}
10110301153	Amplifies your magic power, increasing Magic ATK by ^{1}${1}^{2} and Cast Speed by ^{3}${2}^{4} for ${3} seconds.	ขยายพลังเวท เพิ่ม M.ATK ขึ้น ^{1}${1}^{2} และความเร็วร่ายขึ้น ^{3}${2}^{4} เป็นเวลา ${3} วินาที
10110301151	You Discover hidden enemy targets within a ${1}-meter radius.	เผยเป้าหมายศัตรูที่ซ่อนตัวในรัศมี ${1} เมตร
10110300824	Restores Life equal to Magic ATK *^{1}${3}%^{2} to up to ${2} allies within a ${1}-meter radius.	ฟื้นฟู HP เท่ากับ M.ATK *^{1}${3}%^{2} ให้พันธมิตรสูงสุด ${2} คน ในรัศมี ${1} เมตร
10110300822	Restores Life equal to Magic ATK*^{1}${1}%^{2}. If the unit is a ^{3}party Member^{4}, restores Life equal to ^{5}${2}%^{6} of Magic ATK.	ฟื้นฟู HP เท่ากับ M.ATK*^{1}${1}%^{2} หากเป็น ^{3}สมาชิกปาร์ตี้^{4} ฟื้นฟู HP เท่ากับ ^{5}${2}%^{6} ของ M.ATK
10110300821	When your ^{1}【Highness Heal】^{2} hits an ally, it casts ^{3}^{4}【Sound Stream】^{5}^{6} on up to ${2} allies within ${1}m of you.	เมื่อ ^{1}[ Highness Heal ]^{2} ของคุณโดนพันธมิตร จะใช้ ^{3}^{4}[ Sound Stream ]^{5}^{6} ใส่พันธมิตรสูงสุด ${2} คน ในระยะ ${1} เมตรจากคุณ
10110300826	^{1}【Radiant Holy Light】^{2}'s ATK coefficient for percentage-based HP recovery increases by ^{3}${1}%^{4}.	ค่าสัมประสิทธิ์ ATK ของการฟื้นฟู HP แบบเปอร์เซ็นต์ของ ^{1}[ Radiant Holy Light ]^{2} เพิ่มขึ้น ^{3}${1}%^{4}
10110300813	Coming Soon	เร็วๆ นี้
10110300808	Frontal rectangular AoE	พื้นที่สี่เหลี่ยมด้านหน้า
10110300807	Musical Instrument Death Animation	แอนิเมชันตายของเครื่องดนตรี
10110300806	Party-Wipe Skill	สกิลสังหารทั้งปาร์ตี้
10110300805	Mechanic Starts	กลไกเริ่มทำงาน
10110300804	Musical Instrument Full-Field AOE	พื้นที่ AoE เครื่องดนตรีทั่วสนาม
10110300803	Reflect Damage	สะท้อนดาเมจ
10110300802	Boss-Bound Projectile	กระสุนผูกกับบอส
10110300801	Compose Movement	แต่งท่อนเพลง
10110300800	Knockback	กระเด็น
10110300799	Party-Wipe Mechanic	กลไกสังหารทั้งปาร์ตี้
10110300798	Skill@{1}-Field-wide Musical Instrument	สกิล@{1}-เครื่องดนตรีทั่วสนาม
10110300797	Skill@{1}-Random Circle	สกิล@{1}-วงกลมสุ่ม
10110300796	Skill @{1}—Cone	สกิล @{1}—กรวย
10110300795	Skill @{1}—Circle	สกิล @{1}—วงกลม
10110300794	Skill @{1}—Rectangle	สกิล @{1}—สี่เหลี่ยม
10110300793	Normal Attack@{1}	การโจมตีปกติ@{1}
10110300792	Repeat Action	ทำซ้ำการกระทำ
10110300791	Turn Toward @{1}	หันไปทาง @{1}
10110300790	Turn Right @{1}	หันขวา @{1}
10110300789	Turn Left @{1}	หันซ้าย @{1}
10110300788	Outer Ring AOE	พื้นที่ AoE วงแหวนด้านนอก
10110300787	Inner Circular AOE	พื้นที่ AoE วงกลมด้านใน
10110300786	Right Rectangular AOE	พื้นที่ AoE สี่เหลี่ยมด้านขวา
10110300785	Left Rectangular AOE	พื้นที่ AoE สี่เหลี่ยมด้านซ้าย
10110300784	Rear Rectangular AOE	พื้นที่ AoE สี่เหลี่ยมด้านหลัง
10110300783	Front Rectangular AOE	พื้นที่ AoE สี่เหลี่ยมด้านหน้า
10110300782	Obtain Green Note	ได้รับโน้ตสีเขียว
10110300781	Obtain Yellow Note	ได้รับโน้ตสีเหลือง
10110300780	Obtain Blue Note	ได้รับโน้ตสีน้ำเงิน
10110300779	Obtain Red Note	ได้รับโน้ตสีแดง
10110300778	Spin with a Dance Move and stomp the music circles	หมุนตัวเต้นและเหยียบวงดนตรี
10110300777	Filler Skill	สกิลคั่น
10110300776	Launch a bubble of a random color	ปล่อยฟองสีสุ่ม
10110300775	Launch projectiles with an @{1}-hit combo	ปล่อยกระสุนเป็นคอมโบ @{1} ครั้ง
10110300774	Traps one player inside a Bell, then attacks the Bell with an AOE	ขังผู้เล่นหนึ่งคนในระฆัง แล้วโจมตีระฆังด้วย AoE
10110300773	After a @{1}-second warning, Launch a Dark Pulse at one player	หลังเตือน @{1} วินาที ปล่อย Dark Pulse ใส่ผู้เล่นหนึ่งคน
10110300772	Extends bandages from the Horong and lashes downward, creating @{1} rectangular AOEs around it	ยืดผ้าพันแผลจาก Horong แล้วฟาดลง สร้างพื้นที่ AoE สี่เหลี่ยม @{1} แห่งรอบตัว
10110300771	Detached VFX Asset Library	คลังเอฟเฟกต์ภาพแยกส่วน
10110300770	Determines whether the BOSS is at the center of the map	ตรวจว่าบอสอยู่กลางแผนที่หรือไม่
10110300763	Casts several large AOEs at random locations in the arena, leaving a Horong at each location	ใช้ AoE ขนาดใหญ่หลายครั้งที่ตำแหน่งสุ่มในลานประลอง ทิ้ง Horong ไว้แต่ละตำแหน่ง
10110300762	Normal Attack@{1}	การโจมตีปกติ@{1}
10110300760	Link Pull	ดึงด้วยการเชื่อมโยง
10110300759	Link Reddening Check @{1}	ตรวจการเปลี่ยนสีแดงของการเชื่อมโยง @{1}
10110300758	Silk Spit—@{1} Players	พ่นใย—ผู้เล่น @{1} คน
10110300757	Stone-Shaped Slash @{1}	ฟันรูปหิน @{1}
10110300769	Each existing Horong targets a random player's location with an AOE after a @{1}-second warning, then moves beneath that player	Horong ที่มีอยู่แต่ละตัวเลือกตำแหน่งผู้เล่นแบบสุ่มเพื่อโจมตี AoE หลังเตือน @{1} วินาที แล้วเคลื่อนที่ไปใต้ผู้เล่นนั้น
10110300768	Inflicts Damage over Time on all players and causes every Horong in the arena to move in a circle around the arena's center, damaging players on contact	สร้างดาเมจต่อเนื่องแก่ผู้เล่นทั้งหมดและทำให้ Horong ทุกตัวในลานเคลื่อนที่เป็นวงรอบศูนย์กลาง สร้างดาเมจเมื่อสัมผัสผู้เล่น
10110300767	Extends bandages from its body and lashes downward, creating @{1} rectangular AOEs around it	ยืดผ้าพันแผลจากร่างแล้วฟาดลง สร้างพื้นที่ AoE สี่เหลี่ยม @{1} แห่งรอบตัว
10110300766	Summons many Mummies around the arena. Players can group up and defeat them with AOE attacks	เรียก Mummy จำนวนมากรอบลาน ผู้เล่นสามารถรวมกลุ่มและกำจัดด้วยการโจมตี AoE
10110300765	Causes all Horongs in the arena to Launch @{1} energy orbs around them, damaging players on contact	ทำให้ Horong ทุกตัวในลานปล่อยลูกแก้วพลัง @{1} ลูกไปรอบตัว สร้างดาเมจเมื่อสัมผัสผู้เล่น
10110300750	Sandstorm Inner and Outer Rings	วงแหวนด้านในและด้านนอกของพายุทราย
10110300749	Silk Spit @{1}	พ่นใย @{1}
10110300748	New Ultimate	สกิลสูงสุดใหม่
10110300756	Stone-Shaped Slash Targeting—Easy	เลือกเป้าหมายฟันรูปหิน—ง่าย
10110300755	Tracking Petrify Mist—Easy	หมอก Petrify ติดตาม—ง่าย
10110300753	Player Link @{1}	เชื่อมโยงผู้เล่น @{1}
10110300752	Link Distance Check @{1}	ตรวจระยะการเชื่อมโยง @{1}
10110300736	Link Distance Check	ตรวจระยะการเชื่อมโยง
10110300735	Sandstorm (Deprecated)	พายุทราย (เลิกใช้แล้ว)
10110300734	Player Link	เชื่อมโยงผู้เล่น
10110300743	The BOSS selects @{1} players and creates @{3} circular AOEs with a @{4}-second warning and a radius of @{5}m every @{2} seconds, for a total of @{6} times	บอสเลือกผู้เล่น @{1} คนและสร้าง AoE วงกลม @{3} แห่ง โดยเตือน @{4} วินาทีและมีรัศมี @{5} เมตร ทุก @{2} วินาที รวม @{6} ครั้ง
10110300742	The BOSS targets all players and tracks them with rectangular AOEs after a @{1}-second warning (guaranteed HIT)	บอสเลือกผู้เล่นทั้งหมดและติดตามด้วย AoE สี่เหลี่ยมหลังเตือน @{1} วินาที (โจมตีโดนแน่นอน)
10110300740	Stone Pillar@{1} (Deprecated)	เสาหิน@{1} (เลิกใช้แล้ว)
10110300726	Normal Attack@{1}	การโจมตีปกติ@{1}
10110300725	Waterspouts appear at random locations.	พวยน้ำปรากฏที่ตำแหน่งสุ่ม
10110300724	Target three players and drop cross-shaped cannon blasts on them.	เลือกผู้เล่นสามคนแล้วปล่อยกระสุนปืนใหญ่เป็นกากบาทใส่
10110300723	Teleport back to the center of the arena.	เทเลพอร์ตกลับกลางลานประลอง
10110300722	Drake Minion Wave Attack	การโจมตีคลื่นของลูกสมุน Drake
10110300721	Launch water blades in the direction of the giant waterspout.	ปล่อยคมดาบน้ำตามทิศของพวยน้ำยักษ์
10110300732	Stone Pillar	เสาหิน
10110300731	The BOSS casts a circular AOE with a @{1}-second warning and a radius of @{2} meters	บอสใช้ AoE วงกลมโดยเตือน @{1} วินาทีและมีรัศมี @{2} เมตร
10110300730	Petrify Mist	หมอก Petrify
10110300728	Deprecated	เลิกใช้แล้ว
10110300727	Mistress Basic Attack.	การโจมตีพื้นฐานของ Mistress
10110300720	Waterspouts appear at random locations [	พวยน้ำปรากฏที่ตำแหน่งสุ่ม [
10110300719	Salted Fish Thrust.	แทงปลาตากแห้ง
10110300592	Dydre deals Neutral melee Physical damage equal to Physical ATK*^{1}${2}%^{2} to a designated ST enemy within ${1} meters.	Dydre สร้างดาเมจกายภาพระยะประชิดธาตุ Neutral เท่ากับ P.ATK*^{1}${2}%^{2} แก่ศัตรู Single Target ที่กำหนดในระยะ ${1} เมตร
10110300598	After casting an ^{1}Offensive-type^{2} or ^{3}Debuff-type^{4} Primary Battle Skill, increases the owner's ^{5}PATK by ${1}%^{6} for ${2} sec.	หลังใช้สกิลต่อสู้หลักประเภท ^{1}Offensive-type^{2} หรือ ^{3}Debuff-type^{4} เพิ่ม ^{5}P.ATK ของเจ้าของขึ้น ${1}%^{6} เป็นเวลา ${2} วินาที
10110300584	Deals ${2}% Neutral melee Physical damage to an ST enemy within ${1} meters.	สร้างดาเมจกายภาพระยะประชิดธาตุ Neutral ${2}% แก่ศัตรู Single Target ในระยะ ${1} เมตร
10110300581	Deals Neutral melee ^{5}adaptive damage^{6} equal to the master's ^{1}Adaptive ATK^{2}*^{3}${3}%^{4} to up to ${2} enemies within a ${1}-meter radius.	สร้าง ^{5}Adaptive Damage^{6} ระยะประชิดธาตุ Neutral เท่ากับ ^{1}Adaptive ATK^{2} ของเจ้าของ*^{3}${3}%^{4} แก่ศัตรูสูงสุด ${2} ตัว ในรัศมี ${1} เมตร
10110300579	Increases the damage of ^{1}Offensive-type^{2} Primary Battle Skills by ${1}%.	เพิ่มดาเมจของสกิลต่อสู้หลักประเภท ^{1}Offensive-type^{2} ขึ้น ${1}%
10110300576	When casting a ^{1}Control-type^{2} Primary Battle Skill, grants the owner a Shield equal to Max HP*^{3}${1}%^{4} for ${2} sec.	เมื่อใช้สกิลต่อสู้หลักประเภท ^{1}Control-type^{2} มอบโล่ให้เจ้าของเท่ากับ HP สูงสุด*^{3}${1}%^{4} เป็นเวลา ${2} วินาที
10110300331	Deals minor damage to players within a circular @{1}-meter area and applies one stack of Petrify	สร้างดาเมจเล็กน้อยแก่ผู้เล่นในพื้นที่วงกลม @{1} เมตร และมอบ Petrify หนึ่ง stacks
10110300323	After a @{1}-second warning, damages players within @{2} meters and reduces their Attack Speed	หลังเตือน @{1} วินาที สร้างดาเมจแก่ผู้เล่นในระยะ @{2} เมตรและลด ASPD
10110300322	Targets several players, then after a one-second warning, deals damage in a rectangular area @{1} meters wide and @{2} meters long	เลือกผู้เล่นหลายคน หลังเตือนหนึ่งวินาที สร้างดาเมจในพื้นที่สี่เหลี่ยมกว้าง @{1} เมตร ยาว @{2} เมตร
10110300320	Pass the Dynamite to the nearest player within @{1} meters	ส่ง Dynamite ให้ผู้เล่นที่ใกล้ที่สุดในระยะ @{1} เมตร
10110300326	After a brief cast, strikes players within the current grid area	หลังร่ายช่วงสั้นๆ โจมตีผู้เล่นในช่องพื้นที่ปัจจุบัน
10110300324	Surrounds itself with blades for @{1} seconds, dealing area damage within a @{3}-foot radius every @{2} seconds	สร้างดาบล้อมตัวเป็นเวลา @{1} วินาที สร้างดาเมจพื้นที่ในรัศมี @{3} ฟุตทุก @{2} วินาที
10110300232	Uses a falcon to Locate enemies in the ^{1}【Hiding】^{2} state within a @{1} m radius for @{2} sec. Skill Cooldown: ^{3}@{3}^{4} sec.	ใช้เหยี่ยวค้นหาศัตรูในสถานะ ^{1}[ Hiding ]^{2} ในรัศมี @{1} เมตร เป็นเวลา @{2} วินาที CD สกิล: ^{3}@{3}^{4} วินาที
10110300231	Launches a rain of arrows within @{1} m, dealing ^{1}@{4}%^{2} damage and inflicting @{5} m of ^{3}【Knockback】^{4} to up to @{3} enemies within a @{2} m radius.	ปล่อยฝนธนูในระยะ @{1} เมตร สร้างดาเมจ ^{1}@{4}%^{2} และทำให้กระเด็น @{5} เมตรด้วย ^{3}[ Knockback ]^{4} แก่ศัตรูสูงสุด @{3} ตัว ในรัศมี @{2} เมตร
10110300230	Launches Charge Arrow at a designated distant enemy within @{1} m, dealing ^{1}@{2}%^{2} damage and inflicting @{3} m of ^{3}【Knockback】^{4}.	ยิง Charge Arrow ใส่ศัตรูระยะไกลที่กำหนดในระยะ @{1} เมตร สร้างดาเมจ ^{1}@{2}%^{2} และทำให้กระเด็น @{3} เมตรด้วย ^{3}[ Knockback ]^{4}
10110300229	Launches @{1} arrows at the designated ST enemy within @{2} m, dealing ATK * ^{1}@{3}%^{2} damage.	ยิงลูกธนู @{1} ดอกใส่ศัตรู Single Target ที่กำหนดในระยะ @{2} เมตร สร้างดาเมจเท่ากับ ATK * ^{1}@{3}%^{2}
10110300228	Deals ranged Magic Damage equal to Magic ATK * ^{1}@{2}%^{2} to the designated ST enemy within @{1} m.	สร้างดาเมจเวทระยะไกลเท่ากับ M.ATK * ^{1}@{2}%^{2} แก่ศัตรู Single Target ที่กำหนดในระยะ @{1} เมตร
10110300225	Summons a Holy Light talisman from the heavens, dealing ATK * ^{1}@{2}%^{2} damage to the designated ST enemy within @{1} m.	เรียกยันต์แสงศักดิ์สิทธิ์จากฟ้า สร้างดาเมจเท่ากับ ATK * ^{1}@{2}%^{2} แก่ศัตรู Single Target ที่กำหนดในระยะ @{1} เมตร
10110300221	Invokes Divine Light, restoring ^{3}Life^{4} equal to own ATK * ^{1}@{2}%^{2} for self and the designated ST ally within @{1} m.	เรียกแสงศักดิ์สิทธิ์ ฟื้นฟู ^{3}HP^{4} เท่ากับ ATK ของตน * ^{1}@{2}%^{2} ให้ตนเองและพันธมิตร Single Target ที่กำหนดในระยะ @{1} เมตร
10110300159	Changes the armor element of yourself and up to ${3} allies within ${1} meters to Holy for ${2} seconds.	เปลี่ยนธาตุเกราะของตนเองและพันธมิตรสูงสุด ${3} คน ในระยะ ${1} เมตรเป็น Holy เป็นเวลา ${2} วินาที
10110300148	Deals @{2}% Physical ATK to enemies within @{1} m, inflicting Stun for @{3} sec. Also applies Over Brand to yourself for @{4} sec	สร้าง @{2}% ของ P.ATK แก่ศัตรูในระยะ @{1} เมตร ทำให้ติด Stun เป็นเวลา @{3} วินาที และมอบ Over Brand ให้ตนเองเป็นเวลา @{4} วินาที
10110300145	Deals damage equal to @{3}% of Physical ATK to enemies in a @{1}m-long, @{2}m-wide area ahead and moves @{4}m in that direction	สร้างดาเมจเท่ากับ @{3}% ของ P.ATK แก่ศัตรูในพื้นที่ด้านหน้ายาว @{1} เมตร กว้าง @{2} เมตร และเคลื่อนที่ @{4} เมตรในทิศนั้น
10110301077	Increases Poison damage dealt by ^{1}${1}%^{2}	เพิ่มดาเมจธาตุ Poison ที่ทำขึ้น ^{1}${1}%^{2}
10110301078	Increases Poison damage dealt by ^{1}${2}%^{2}	เพิ่มดาเมจธาตุ Poison ที่ทำขึ้น ^{1}${2}%^{2}
10110301079	Increases Poison damage dealt by ^{1}${3}%^{2}	เพิ่มดาเมจธาตุ Poison ที่ทำขึ้น ^{1}${3}%^{2}
10110301080	Increases Poison damage dealt by ^{1}${4}%^{2}	เพิ่มดาเมจธาตุ Poison ที่ทำขึ้น ^{1}${4}%^{2}
10110301081	Increases Poison damage dealt by ^{1}${5}%^{2}	เพิ่มดาเมจธาตุ Poison ที่ทำขึ้น ^{1}${5}%^{2}
10110301095	Lock on to an enemy at a Distance of ${1} cells and deal ${2}% melee Physical damage	เลือกศัตรูที่ระยะ ${1} ช่อง สร้างดาเมจกายภาพระยะประชิด ${2}%
10110301096	Target an enemy within a Distance of ${1} cells and deal ${3}% melee Physical damage	เลือกศัตรูที่ระยะ ${1} ช่อง สร้างดาเมจกายภาพระยะประชิด ${3}%
10110301097	Target an enemy at a Distance of ${1} cells, dealing ${4}% melee Physical damage	เลือกศัตรูที่ระยะ ${1} ช่อง สร้างดาเมจกายภาพระยะประชิด ${4}%
10110301098	Lock on to an enemy at a Distance of ${1} cells and deal ${5}% melee Physical damage	เลือกศัตรูที่ระยะ ${1} ช่อง สร้างดาเมจกายภาพระยะประชิด ${5}%
10110301099	Lock onto an enemy at a Distance of ${1} cells and deal ${6}% melee Physical damage	เลือกศัตรูที่ระยะ ${1} ช่อง สร้างดาเมจกายภาพระยะประชิด ${6}%
10110301100	Target an enemy at a Distance of ${1} cells and deal ${7}% melee Physical damage	เลือกศัตรูที่ระยะ ${1} ช่อง สร้างดาเมจกายภาพระยะประชิด ${7}%
10110301101	Target an enemy at a Distance of ${1} cells and deal ${8}% melee Physical damage	เลือกศัตรูที่ระยะ ${1} ช่อง สร้างดาเมจกายภาพระยะประชิด ${8}%
10110301102	Target an enemy at a Distance of ${1} cells, dealing ${9}% melee Physical damage	เลือกศัตรูที่ระยะ ${1} ช่อง สร้างดาเมจกายภาพระยะประชิด ${9}%
10110301103	Lock on to an enemy at a Distance of ${1} cells and deal ${10}% melee Physical damage	เลือกศัตรูที่ระยะ ${1} ช่อง สร้างดาเมจกายภาพระยะประชิด ${10}%
10110301104	Lock onto an enemy at a Distance of ${1} cells and deal ${11}% melee Physical damage. No Translation	เลือกศัตรูที่ระยะ ${1} ช่อง สร้างดาเมจกายภาพระยะประชิด ${11}% ไม่ต้องแปล
10110300820	Increases Physical ATK based on DEX. Every ${1} DEX increases Physical ATK by ${2}.	เพิ่มP.ATKตาม DEX ทุก DEX ${1} แต้มเพิ่มP.ATK ${2}
10110300819	Increases Magic ATK based on DEX. Every ${1} DEX increases Magic ATK by ${2}.	เพิ่มM.ATKตาม DEX ทุก DEX ${1} แต้มเพิ่มM.ATK ${2}
10110300818	Increases Magic ATK based on INT. Every ${1} INT increases Magic ATK by ${2}.	เพิ่มM.ATKตาม INT ทุก INT ${1} แต้มเพิ่มM.ATK ${2}
10110300817	Increases Max Life based on VIT. Every ${1} VIT increases Max Life by ${2}.	เพิ่มHP สูงสุดตาม VIT ทุก VIT ${1} แต้มเพิ่มHP สูงสุด ${2}
10110300816	Increases Physical ATK based on LUK. Every ${1} LUK increases Physical ATK by ${2}.	เพิ่มP.ATKตาม LUK ทุก LUK ${1} แต้มเพิ่มP.ATK ${2}
10110300815	Increases Physical ATK based on AGI. Every ${1} AGI increases Physical ATK by ${2}.	เพิ่มP.ATKตาม AGI ทุก AGI ${1} แต้มเพิ่มP.ATK ${2}
10110300814	Increases Physical ATK based on STR. Every ${1} STR increases Physical ATK by ${2}.	เพิ่มP.ATKตาม STR ทุก STR ${1} แต้มเพิ่มP.ATK ${2}
10110300674	The Headless Warrior unleashes its fury, striking a designated area with a ${2}-meter radius within ${1} meters three times and dealing total Neutral melee ^{5}Adaptive Damage^{6} equal to the master's ^{1}Adaptive ATK^{2}*^{3}${4}%^{4} to up to ${3} enemies. For the next ${5} seconds, the master's Normal Attacks and skills deal Extra Neutral melee ^{11}Adaptive Damage^{12} equal to the master's ^{7}Adaptive ATK^{8}*^{9}${6}%^{10}. This effect has a ${7}-second Cooldown.	Headless Warrior ปลดปล่อยความโกรธ โจมตีพื้นที่ที่กำหนดรัศมี ${2} เมตร ซึ่งอยู่ในระยะ ${1} เมตร สามครั้ง สร้าง ^{5}Adaptive Damage^{6} ระยะประชิดธาตุ Neutral รวมเท่ากับ ^{1}Adaptive ATK^{2} ของเจ้าของ*^{3}${4}%^{4} แก่ศัตรูสูงสุด ${3} ตัว ใน ${5} วินาทีถัดไป การโจมตีปกติและสกิลของเจ้าของสร้าง ^{11}Adaptive Damage^{12} เพิ่มระยะประชิดธาตุ Neutral เท่ากับ ^{7}Adaptive ATK^{8} ของเจ้าของ*^{9}${6}%^{10} ผลนี้มี CD ${7} วินาที
10110300676	Rainbow Ferus breathes flames, continuously dealing Neutral melee Physical damage equal to PATK*^{1}${4}%^{2} to up to ${3} enemies in a ${1}-meter-by-${2}-meter area in the designated direction.	Rainbow Ferus พ่นเปลวไฟ สร้างดาเมจกายภาพระยะประชิดธาตุ Neutral ต่อเนื่องเท่ากับ P.ATK*^{1}${4}%^{2} แก่ศัตรูสูงสุด ${3} ตัว ในพื้นที่ขนาด ${1} เมตรคูณ ${2} เมตรตามทิศที่กำหนด
10110300677	When an ^{1}Offensive-type^{2} or ^{3}Control-type^{4} Primary Battle Skill Deals DMG, it deals ${1} Extra hits of Fire melee ^{9}Adaptive Damage^{10} equal to the owner's ^{5}Adaptive Attack^{6}*^{7}${2}%^{8} to enemies damaged. Cooldown: ${3} sec.	เมื่อสกิลต่อสู้หลักประเภท ^{1}Offensive-type^{2} หรือ ^{3}Control-type^{4} สร้างดาเมจ จะสร้างดาเมจเพิ่ม ${1} ครั้งเป็น ^{9}Adaptive Damage^{10} ระยะประชิดธาตุ Fire เท่ากับ ^{5}Adaptive Attack^{6} ของเจ้าของ*^{7}${2}%^{8} แก่ศัตรูที่ถูกโจมตี CD: ${3} วินาที
10110300678	Rainbow Ferus breathes flames, continuously dealing Neutral melee ^{5}Adaptive Damage^{6} equal to the owner's ^{1}Adaptive Attack^{2}*^{3}${4}%^{4} to up to ${3} enemies in a ${1}-meter-by-${2}-meter area in the designated direction and reducing their damage dealt by ^{7}${5}%^{8} for ${6} sec.	Rainbow Ferus พ่นเปลวไฟ สร้าง ^{5}Adaptive Damage^{6} ระยะประชิดธาตุ Neutral ต่อเนื่องเท่ากับ ^{1}Adaptive Attack^{2} ของเจ้าของ*^{3}${4}%^{4} แก่ศัตรูสูงสุด ${3} ตัว ในพื้นที่ขนาด ${1} เมตรคูณ ${2} เมตรตามทิศที่กำหนด และลดดาเมจที่ศัตรูทำลง ^{7}${5}%^{8} เป็นเวลา ${6} วินาที
10110300681	Garm Baby breathes wintry air, continuously dealing Neutral melee Physical damage equal to PATK*^{1}${4}%^{2} to up to ${3} enemies in a ${1}-meter-by-${2}-meter area in the designated direction, with a ^{3}${5}%^{4} Chance to inflict ^{5}^{6}【Frozen】^{7}^{8} for ${6} sec.	Garm Baby พ่นไอหนาว สร้างดาเมจกายภาพระยะประชิดธาตุ Neutral ต่อเนื่องเท่ากับ P.ATK*^{1}${4}%^{2} แก่ศัตรูสูงสุด ${3} ตัว ในพื้นที่ขนาด ${1} เมตรคูณ ${2} เมตรตามทิศที่กำหนด มีโอกาส ^{3}${5}%^{4} ทำให้ติด ^{5}^{6}[ Frozen ]^{7}^{8} เป็นเวลา ${6} วินาที
10110300682	Garm Baby breathes wintry air, continuously dealing Neutral melee ^{5}Adaptive Damage^{6} equal to the owner's ^{1}Adaptive Attack^{2}*^{3}${4}%^{4} to up to ${3} enemies in a ${1}-meter-by-${2}-meter area in the designated direction, with a ^{7}${5}%^{8} Chance to inflict ^{9}^{10}【Frozen】^{11}^{12} for ${6} sec.	Garm Baby พ่นไอหนาว สร้าง ^{5}Adaptive Damage^{6} ระยะประชิดธาตุ Neutral ต่อเนื่องเท่ากับ ^{1}Adaptive Attack^{2} ของเจ้าของ*^{3}${4}%^{4} แก่ศัตรูสูงสุด ${3} ตัว ในพื้นที่ขนาด ${1} เมตรคูณ ${2} เมตรตามทิศที่กำหนด มีโอกาส ^{7}${5}%^{8} ทำให้ติด ^{9}^{10}[ Frozen ]^{11}^{12} เป็นเวลา ${6} วินาที
10110300683	Squidgitte restores ^{5}Life^{6} equal to the master's ^{1}Adaptive ATK^{2}*^{3}${3}%^{4} to the master and up to ${2} allies within ${1} meters, and reduces the Water damage they take by ^{7}${4}%^{8} for ${5} seconds.	Squidgitte ฟื้นฟู ^{5}HP^{6} เท่ากับ ^{1}Adaptive ATK^{2} ของเจ้าของ*^{3}${3}%^{4} ให้เจ้าของและพันธมิตรสูงสุด ${2} คน ในระยะ ${1} เมตร พร้อมลดดาเมจธาตุ Water ที่ได้รับลง ^{7}${4}%^{8} เป็นเวลา ${5} วินาที
10110300685	Squidgitte restores ^{3}Life^{4} equal to Magic ATK*^{1}${3}%^{2} to itself and up to ${2} allied targets within ${1} meters, reducing the Water damage they take by ^{5}${4}%^{6} for ${5} seconds.	Squidgitte ฟื้นฟู ^{3}HP^{4} เท่ากับ M.ATK*^{1}${3}%^{2} ให้ตนเองและเป้าหมายฝ่ายพันธมิตรสูงสุด ${2} คน ในระยะ ${1} เมตร พร้อมลดดาเมจธาตุ Water ที่ได้รับลง ^{5}${4}%^{6} เป็นเวลา ${5} วินาที
10110300687	Alice restores ^{5}Life^{6} equal to the master's ^{1}Adaptive ATK^{2}*^{3}${3}%^{4} to herself and up to ${2} allies within ${1} meters, granting all targets ^{7}${4}%^{8} ^{9}damage reduction^{10} for ${5} seconds.	Alice ฟื้นฟู ^{5}HP^{6} เท่ากับ ^{1}Adaptive ATK^{2} ของเจ้าของ*^{3}${3}%^{4} ให้ตนเองและพันธมิตรสูงสุด ${2} คน ในระยะ ${1} เมตร มอบให้ทุกเป้าหมาย ^{7}${4}%^{8} ของ ^{9}การลดดาเมจที่ได้รับ^{10} เป็นเวลา ${5} วินาที
10110300689	Alice restores ^{3}Life^{4} equal to the pet's Magic ATK*^{1}${3}%^{2} to herself and up to ${2} allies within ${1} meters, granting all targets ^{5}${4}%^{6} ^{7}damage reduction^{8} for ${5} seconds.	Alice ฟื้นฟู ^{3}HP^{4} เท่ากับ M.ATK ของสัตว์เลี้ยง*^{1}${3}%^{2} ให้ตนเองและพันธมิตรสูงสุด ${2} คน ในระยะ ${1} เมตร มอบให้ทุกเป้าหมาย ^{5}${4}%^{6} ของ ^{7}การลดดาเมจที่ได้รับ^{8} เป็นเวลา ${5} วินาที
10110300837	Only usable with an Axe or Mace. Rapidly spins the Axe, dealing total Neutral melee Physical damage equal to PATK * ^{1}${3}%^{2} (^{3}^{4}Vitality Resonance ${5}%^{5}^{6}) to up to ${2} enemies within a ${1}-meter radius and periodically pulling them toward the tornado's center. While Enhance is active, Axe Tornado lasts longer, increases MSPD by ${4}%, and grants 【Immunity】 for the duration.	ใช้ได้เฉพาะขวานหรือกระบอง หมุนขวานอย่างรวดเร็ว สร้างดาเมจกายภาพระยะประชิดธาตุ Neutral รวมเท่ากับ P.ATK * ^{1}${3}%^{2} (^{3}^{4}Vitality Resonance ${5}%^{5}^{6}) แก่ศัตรูสูงสุด ${2} ตัว ในรัศมี ${1} เมตร และดึงเข้าศูนย์กลางพายุเป็นระยะ ขณะ Enhance มีผล Axe Tornado คงอยู่นานขึ้น เพิ่ม MSPD ขึ้น ${4}% และมอบ [ Immunity ] ตลอดระยะเวลา
10110300838	Exclusive to Axe and Mace weapons. Rapidly spins the Axe, dealing total Neutral melee Physical damage equal to PATK*^{1}${3}%^{2} (^{3}^{4}Vitality Resonance ${6}%^{5}^{6}) to up to ${2} enemies within ${1} meters. The final hit's radius increases to ${5} meters. While Enhance is active, Axe Tornado's duration is extended, periodically pulling enemies within the damage area toward the center of the tornado. MSPD increases by ${4}%, and Immunity is granted for the duration of the skill.	ใช้ได้เฉพาะขวานและกระบอง หมุนขวานอย่างรวดเร็ว สร้างดาเมจกายภาพระยะประชิดธาตุ Neutral รวมเท่ากับ P.ATK*^{1}${3}%^{2} (^{3}^{4}Vitality Resonance ${6}%^{5}^{6}) แก่ศัตรูสูงสุด ${2} ตัว ในระยะ ${1} เมตร รัศมีการโจมตีครั้งสุดท้ายเพิ่มเป็น ${5} เมตร ขณะ Enhance มีผล Axe Tornado คงอยู่นานขึ้นและดึงศัตรูในพื้นที่ดาเมจเข้าศูนย์กลางพายุเป็นระยะ MSPD เพิ่มขึ้น ${4}% และได้รับ Immunity ตลอดระยะเวลาสกิล
10110300829	After your ^{1}【Judex】^{2} is cast, it triggers ^{3}^{4}【Low Hum】^{5}^{6} once and grants you stacks of the ^{7}^{8}【Low Hum】^{9}^{10} effect. At ${1} stacks, all stacks are removed, triggering ^{13}^{14}【Organum】^{15} at the ^{11}【Judex】^{12} impact location.	หลังใช้ ^{1}[ Judex ]^{2} ของคุณ ทำให้ ^{3}^{4}[ Low Hum ]^{5}^{6} เกิดผลหนึ่งครั้ง และได้รับ stacks ของ ^{7}^{8}[ Low Hum ]^{9}^{10} เมื่อครบ ${1} stacks ล้าง stacks ทั้งหมดและทำให้ ^{13}^{14}[ Organum ]^{15} เกิดผลที่ตำแหน่งกระทบของ ^{11}[ Judex ]^{12}
10110300831	Gain the accessory ^{1}【Sacrament】^{2}. Each time you cast ^{3}【Judex】^{4}, ^{5}【Sacrament】^{6} will Launch @{1}~@{2} ^{7}^{8}【Phrases】^{9}^{10} in sequence. Each HIT grants you one stack of ^{11}^{12}【Voice Part】^{13}^{14} and one stack of ^{15}^{16}【Low Hum】^{17}^{18}.	ได้รับเครื่องประดับ ^{1}[ Sacrament ]^{2} ทุกครั้งที่ใช้ ^{3}[ Judex ]^{4} ^{5}[ Sacrament ]^{6} จะปล่อย @{1}~@{2} ^{7}^{8}[ Phrases ]^{9}^{10} ตามลำดับ แต่ละครั้งที่โจมตีโดนได้รับ ^{11}^{12}[ Voice Part ]^{13}^{14} หนึ่ง stacks และ ^{15}^{16}[ Low Hum ]^{17}^{18} หนึ่ง stacks
10110300832	Extends the duration of your ^{1}【Holy Spirit Surge】^{2} to ${1} seconds. During this time, ^{3}【Part】^{4} will remain at its maximum Floors and cannot be removed.	ขยายระยะเวลา ^{1}[ Holy Spirit Surge ]^{2} ของคุณเป็น ${1} วินาที ระหว่างนี้ ^{3}[ Part ]^{4} จะคงจำนวนชั้นสูงสุดและไม่สามารถล้างได้
10110300841	Can only be used while in Madogear Pilot Ride mode. The Madogear Pilot equips ${1} Arm Cannons on its shoulders and Launches ${6} Cannon shots at ${3} designated enemies within ${2} meters and up to ${5} Other enemies within ${4} meters of them, Deals DMG equal to a total of PATK*^{1}${7}%^{2} as Neutral Ranged Physical DMG and applies 【Melody Bubble】 for ${8} seconds. 【Melody Bubble】: Each time an enemy carrying 【Melody Bubble】 takes damage, the Bubble gradually expands. At ${9} stacks, the Bubble explodes, Deals DMG ${10} times, each equal to PATK*^{3}${11}%^{4} as Neutral Ranged Physical DMG. If 【Melody Bubble】 does not fully expand and explode, it will explode and Deals DMG when its duration ends.	ใช้ได้เฉพาะโหมดขี่ Madogear Pilot ติดตั้ง Arm Cannon ${1} กระบอกบนไหล่ แล้วยิงกระสุนปืนใหญ่ ${6} นัดใส่ศัตรูที่กำหนด ${3} ตัว ในระยะ ${2} เมตร และศัตรูอื่นสูงสุด ${5} ตัว ในระยะ ${4} เมตรรอบศัตรูเหล่านั้น สร้างดาเมจกายภาพระยะไกลธาตุ Neutral รวมเท่ากับ P.ATK*^{1}${7}%^{2} และทำให้ติด [ Melody Bubble ] เป็นเวลา ${8} วินาที [ Melody Bubble ]: ทุกครั้งที่ศัตรูซึ่งมี [ Melody Bubble ] ได้รับดาเมจ ฟองจะค่อยๆ ขยาย เมื่อครบ ${9} stacks ฟองระเบิดสร้างดาเมจ ${10} ครั้ง แต่ละครั้งเป็นดาเมจกายภาพระยะไกลธาตุ Neutral เท่ากับ P.ATK*^{3}${11}%^{4} หาก [ Melody Bubble ] ไม่ขยายเต็มจนระเบิด จะระเบิดสร้างดาเมจเมื่อหมดระยะเวลา
10110300842	Can only be used while in Ride mode on the Madogear Pilot. With ${1} Arm Cannons mounted on its shoulders, Launch ${6} Cannon rounds at ${3} designated enemies within ${2} meters and up to ${5} Other enemies within ${4} meters around them, dealing total Neutral Ranged Physical damage equal to PATK*^{1}${7}%^{2}^{3}^{4}Luck Resonance ${8}%^{5}^{6}).	ใช้ได้เฉพาะโหมดขี่ Madogear Pilot ติดตั้ง Arm Cannon ${1} กระบอกบนไหล่ แล้วยิงกระสุนปืนใหญ่ ${6} นัดใส่ศัตรูที่กำหนด ${3} ตัว ในระยะ ${2} เมตร และศัตรูอื่นสูงสุด ${5} ตัว ในระยะ ${4} เมตรรอบศัตรูเหล่านั้น สร้างดาเมจกายภาพระยะไกลธาตุ Neutral รวมเท่ากับ P.ATK*^{1}${7}%^{2}^{3}^{4}Luck Resonance ${8}%^{5}^{6})
10110300846	Enhance 【Cannon】 into 【Melody Cannon】. After a successful HIT, applies 【Melody Bubble】 to the target for @{1} sec. 【Melody Bubble】: Each time an enemy carrying 【Melody Bubble】 takes damage, the bubble expands. Upon reaching ^{1}@{2}^{2} stacks, it explodes, dealing @{3} instances of Neutral Ranged Physical DMG equal to Physical ATK*^{3}@{4}%^{4}. If 【Melody Bubble】 does not fully expand and explode, it explodes and deals damage when its duration ends.	เสริม [ Cannon ] เป็น [ Melody Cannon ] หลังโจมตีโดน ทำให้เป้าหมายติด [ Melody Bubble ] เป็นเวลา @{1} วินาที [ Melody Bubble ]: ทุกครั้งที่ศัตรูซึ่งมี [ Melody Bubble ] ได้รับดาเมจ ฟองจะขยาย เมื่อครบ ^{1}@{2}^{2} stacks ฟองระเบิดสร้างดาเมจกายภาพระยะไกลธาตุ Neutral @{3} ครั้ง เท่ากับ P.ATK*^{3}@{4}%^{4} หาก [ Melody Bubble ] ไม่ขยายเต็มจนระเบิด จะระเบิดสร้างดาเมจเมื่อหมดระยะเวลา
10110300847	【Arm Cannon - Enhance】becomes【Melody Cannon - Enhance】, increasing the Cannon Launch count against the target to ^{1}@{1}^{2} and increasing Total DMG by ^{3}@{2}%^{4}.	[ Arm Cannon - Enhance ] เปลี่ยนเป็น [ Melody Cannon - Enhance ] เพิ่มจำนวนการยิงปืนใหญ่ใส่เป้าหมายเป็น ^{1}@{1}^{2} และเพิ่มดาเมจรวมขึ้น ^{3}@{2}%^{4}
10110300850	After casting 【High-Energy Impact】, the next 【Axe Tornado-Enhance】 increases your ATK by ^{1}@{2}%^{2} and Movement Speed by ^{3}@{3}%^{4} for every @{1} enemies hit. Stacks up to @{4} times and lasts @{5} sec.	หลังใช้ [ High-Energy Impact ] การใช้ [ Axe Tornado-Enhance ] ครั้งถัดไปเพิ่ม ATK ขึ้น ^{1}@{2}%^{2} และ MSPD ขึ้น ^{3}@{3}%^{4} ต่อศัตรูที่โจมตีโดนทุก @{1} ตัว สะสมสูงสุด @{4} ครั้ง คงอยู่ @{5} วินาที
10110300851	The damage radius of 【Melodic High-Energy Impact】 increases to ^{1}@{1}^{2} meters. Damage Increase: ^{3}@{2}%^{4}. Before it Deals DMG, it pulls up to ^{7}@{4}^{8} members of the Enemy Team within a ^{5}@{3}^{6}-meter radius toward the center of the damage area.	รัศมีดาเมจ [ Melodic High-Energy Impact ] เพิ่มเป็น ^{1}@{1}^{2} เมตร ดาเมจเพิ่มขึ้น: ^{3}@{2}%^{4} ก่อนสร้างดาเมจ ดึงสมาชิกฝ่ายศัตรูสูงสุด ^{7}@{4}^{8} คน ในรัศมี ^{5}@{3}^{6} เมตรเข้าศูนย์กลางพื้นที่ดาเมจ
10110300852	【Axe Tornado】 and 【Axe Tornado - Enhance】 gain ^{1}@{1}%^{2} DMG Bonus. While casting 【Axe Tornado - Enhance】, periodically pulls up to ^{5}@{3}^{6} Enemy Team targets within a ^{3}@{2}^{4}-meter radius toward the center of the tornado.	[ Axe Tornado ] และ [ Axe Tornado - Enhance ] ได้รับโบนัสดาเมจ ^{1}@{1}%^{2} ขณะใช้ [ Axe Tornado - Enhance ] ดึงเป้าหมายฝ่ายศัตรูสูงสุด ^{5}@{3}^{6} คน ในรัศมี ^{3}@{2}^{4} เมตรเข้าศูนย์กลางพายุเป็นระยะ
10110300853	【Melodic Axe Tornado - Enhance】spins more violently, increasing its Total DMG multiplier by ^{1}@{1}%^{2}. The final strike unleashes a massive sound wave with a radius of ^{3}@{2}^{4} meters, dealing heavy damage.	[ Melodic Axe Tornado - Enhance ] หมุนรุนแรงขึ้น เพิ่มตัวคูณดาเมจรวมขึ้น ^{1}@{1}%^{2} การโจมตีสุดท้ายปล่อยคลื่นเสียงมหึมารัศมี ^{3}@{2}^{4} เมตร สร้างดาเมจหนัก
10110300854	A Two-Handed Spear-exclusive skill. Deals Neutral melee Physical damage equal to PATK*^{1}${3}%^{2} to up to ${2} Enemy Team targets within a ${1}-meter radius around You (every ${6}% ASPD grants this damage a ^{3}${4}%^{4} DMG Bonus, Active up to @{1}% ASPD). This skill counts as a Normal Attack and has an ASPD scaling ratio of ^{5}${5}%^{6}.	สกิลเฉพาะหอกสองมือ สร้างดาเมจกายภาพระยะประชิดธาตุ Neutral เท่ากับ P.ATK*^{1}${3}%^{2} แก่เป้าหมายฝ่ายศัตรูสูงสุด ${2} คน ในรัศมี ${1} เมตรรอบตัว (ASPD ทุก ${6}% มอบโบนัสดาเมจ ^{3}${4}%^{4} คิด ASPD สูงสุด @{1}%) สกิลนี้ถือเป็นการโจมตีปกติและมีอัตราสเกล ASPD ^{5}${5}%^{6}
10110300855	Two-Handed Spear-exclusive skill. Leap high into the air and land in a designated area within ${2} meters, dealing a total of PATK *^{1}${3}%+${8}^{2} Neutral melee Physical DMG to up to ${7} targets on the Enemy Team within a ${1}-meter radius. (For every @{1}% ASPD, gain a ^{3}${9}%^{4} DMG Bonus, Active up to @{2}% ASPD.) Also inflicts ^{5}【Immobilize】^{6} for ${4} seconds. Gain ^{7}^{8}Immunity^{9}^{10} during the skill. For each Enemy Team target HIT, gain 1 stack of Shield equal to ^{11}${6}%^{12} of Max Life for ${10} seconds, stacking up to @{3} times.	สกิลเฉพาะหอกสองมือ กระโดดสูงและลงในพื้นที่ที่กำหนดภายในระยะ ${2} เมตร สร้างดาเมจกายภาพระยะประชิดธาตุ Neutral รวมเท่ากับ P.ATK *^{1}${3}%+${8}^{2} แก่เป้าหมายฝ่ายศัตรูสูงสุด ${7} คน ในรัศมี ${1} เมตร (ASPD ทุก @{1}% มอบโบนัสดาเมจ ^{3}${9}%^{4} คิด ASPD สูงสุด @{2}%) ทำให้ติด ^{5}[ Immobilize ]^{6} เป็นเวลา ${4} วินาทีด้วย ได้รับ ^{7}^{8}Immunity^{9}^{10} ระหว่างใช้สกิล เป้าหมายฝ่ายศัตรูแต่ละคนที่โจมตีโดนมอบโล่ 1 stacks เท่ากับ ^{11}${6}%^{12} ของ HP สูงสุด เป็นเวลา ${10} วินาที สะสมสูงสุด @{3} ครั้ง
10110300856	Shield-only skill. Deals Neutral melee Physical damage equal to PATK*^{3}${2}%^{4} and inflicts a ${1}-second^{1} Stun^{2} on up to ${5} enemies within a ${3}m*${4}m area in the target direction. This skill greatly increases the user's Monster aggro (more than Provoke) and increases its percentage-based damage multiplier against Monster targets by^{5}${6}%^{6}.	สกิลเฉพาะโล่ สร้างดาเมจกายภาพระยะประชิดธาตุ Neutral เท่ากับ P.ATK*^{3}${2}%^{4} และทำให้ติดสถานะ ${1} วินาที^{1} Stun^{2} แก่ศัตรูสูงสุด ${5} ตัว ในพื้นที่ขนาด ${3} เมตร*${4} เมตรตามทิศเป้าหมาย สกิลนี้เพิ่ม Aggro ของมอนสเตอร์ที่มีต่อผู้ใช้อย่างมาก (มากกว่า Provoke) และเพิ่มตัวคูณดาเมจแบบเปอร์เซ็นต์ต่อเป้าหมายมอนสเตอร์ขึ้น^{5}${6}%^{6}
10110300857	Shield-exclusive skill. Deals Neutral melee Physical damage equal to PATK*^{1}${1}%+${12}^{2} to up to ${8} Enemy Team targets within a ${11}-meter radius around You and grants You a 【Casting Shield】 equal to ${3}%^{4} of your maximum Life for ${2} seconds^{3}. 【Casting Shield】: When You are hit, triggers an Extra Auto Counter from 【Reflect Damage】. If the target is a Boss, it also Activate 【Holy Light Suppression】. Learn this skill to gain ^{5}${7}%^{6} Monster DMG Reduction. 【Holy Light Suppression】: Performs Movement in the target direction and deals Holy melee Physical damage equal to PATK*^{7}${6}%^{8} to up to ${8} Enemy Team targets within a ${9}-meter-by-${10}-meter area in front of You.	สกิลเฉพาะโล่ สร้างดาเมจกายภาพระยะประชิดธาตุ Neutral เท่ากับ P.ATK*^{1}${1}%+${12}^{2} แก่เป้าหมายฝ่ายศัตรูสูงสุด ${8} คน ในรัศมี ${11} เมตรรอบตัว และมอบ [ Casting Shield ] เท่ากับ ${3}%^{4} ของ HP สูงสุด เป็นเวลา ${2} วินาที^{3} [ Casting Shield ]: เมื่อถูกโจมตี จะโต้กลับเพิ่มจาก [ Reflect Damage ] หากเป้าหมายเป็นบอส ทำให้ [ Holy Light Suppression ] เกิดผลด้วย เรียนสกิลนี้เพื่อรับการลดดาเมจจากมอนสเตอร์ ^{5}${7}%^{6} [ Holy Light Suppression ]: เคลื่อนที่ตามทิศเป้าหมายและสร้างดาเมจกายภาพระยะประชิดธาตุ Holy เท่ากับ P.ATK*^{7}${6}%^{8} แก่เป้าหมายฝ่ายศัตรูสูงสุด ${8} คน ในพื้นที่ด้านหน้าขนาด ${9} เมตรคูณ ${10} เมตร
10110300858	Shield-exclusive skill. The Crusader invokes the power of Protection, using Dispel on You and redirecting ^{1}${1}%^{2} of the damage taken by up to ${2} allies within a ${7}-meter radius to You for ${8} seconds. During this time, when You take damage, You recover HP equal to ^{3}${4}%^{4} of the damage taken, and You and the selected allies gain ^{5}Debuff Immunity^{6}. Up to ${8} targets on the Enemy Team within range gain a ${5}% ^{7}Slow^{8} stack every ${9} seconds, up to ${10} stacks. At ${10} stacks, Slow becomes a ${6}-second ^{9}Stun^{10}, and all ^{11}Slow^{12} stacks are removed. Damage Sharing is not Active for allied targets under [Devotion].	สกิลเฉพาะโล่ Crusader เรียกพลังปกป้อง ล้างผลของคุณและโอน ^{1}${1}%^{2} ของดาเมจที่พันธมิตรสูงสุด ${2} คน ในรัศมี ${7} เมตรได้รับมาให้คุณ เป็นเวลา ${8} วินาที ระหว่างนี้ เมื่อคุณได้รับดาเมจ ฟื้นฟู HP เท่ากับ ^{3}${4}%^{4} ของดาเมจที่ได้รับ และคุณกับพันธมิตรที่เลือกได้รับ ^{5}Debuff Immunity^{6} เป้าหมายฝ่ายศัตรูสูงสุด ${8} คน ในระยะได้รับผลลดความเร็ว ${5}% ^{7}Slow^{8} หนึ่ง stacks ทุก ${9} วินาที สูงสุด ${10} stacks เมื่อครบ ${10} stacks Slow เปลี่ยนเป็นสถานะ ${6} วินาที ^{9}Stun^{10} และล้าง ^{11}Slow^{12} ทุก stacks การแบ่งดาเมจไม่มีผลต่อพันธมิตรที่มี [ Devotion ]
10110300859	Two-Handed Spear-exclusive skill. Continuously spins the spear, dealing a total of PATK * ^{5}${3}%^{6} Neutral melee Physical damage to up to ^{3}${2}^{4} targets on the Enemy Team within a ^{1}${1}^{2}-meter radius (for every ${8}% ASPD, gains ^{7}${10}%^{8} DMG Bonus, Active up to @{1}% ASPD) and slowing them by ^{9}${4}%^{10} for ${5} seconds, stacking up to ${9} times. The final HIT inflicts ^{11}Knockback^{12}. While the skill is Active, grants Immunity and reduces damage taken by ^{13}${7}%^{14}. (While mounted on a Gryphon, you can Move while casting this skill.)	สกิลเฉพาะหอกสองมือ หมุนหอกต่อเนื่อง สร้างดาเมจกายภาพระยะประชิดธาตุ Neutral รวมเท่ากับ P.ATK * ^{5}${3}%^{6} แก่เป้าหมายฝ่ายศัตรูสูงสุด ^{3}${2}^{4} คน ในรัศมี ^{1}${1}^{2} เมตร (ASPD ทุก ${8}% มอบโบนัสดาเมจ ^{7}${10}%^{8} คิด ASPD สูงสุด @{1}%) และลดความเร็วลง ^{9}${4}%^{10} เป็นเวลา ${5} วินาที สะสมสูงสุด ${9} ครั้ง การโจมตีสุดท้ายทำให้ ^{11}Knockback^{12} ขณะสกิลมีผล ได้รับ Immunity และลดดาเมจที่ได้รับลง ^{13}${7}%^{14} (ขณะขี่ Gryphon สามารถเคลื่อนที่ระหว่างใช้สกิลนี้ได้)
10110300860	【Spear Formation - Crescent Moon】causes 1 Extra pull, increases each hit's percentage damage multiplier by ^{1}${2}%^{2}, and changes the duration of the applied 【Over Brand】 to ^{3}${1}^{4} sec.	[ Spear Formation - Crescent Moon ] ดึงเพิ่ม 1 ครั้ง เพิ่มตัวคูณดาเมจแบบเปอร์เซ็นต์ของแต่ละครั้งขึ้น ^{1}${2}%^{2} และเปลี่ยนระยะเวลา [ Over Brand ] ที่มอบเป็น ^{3}${1}^{4} วินาที
10110300862	【Spear Formation - Blood Cross】's percentage damage multiplier increases by ^{1}${1}%^{2}. While 【Over Brand】 is active, 【Spear Formation - Blood Cross】 inflicts ^{5}Slow^{6} by ^{3}${3}% for ${2}^{4} seconds on targets hit. Cannot stack.	ตัวคูณดาเมจแบบเปอร์เซ็นต์ของ [ Spear Formation - Blood Cross ] เพิ่มขึ้น ^{1}${1}%^{2} ขณะ [ Over Brand ] มีผล [ Spear Formation - Blood Cross ] ทำให้เป้าหมายที่ถูกโจมตีติด ^{5}Slow^{6} ลดความเร็ว ^{3}${3}% เป็นเวลา ${2}^{4} วินาที สะสมไม่ได้
10110300864	【Reflect Damage】range increases to ^{1}${1}^{2} meters, Damage Reflection's percentage damage coefficient increases by ^{3}${4}%^{4}, and HIT applies ^{5}Slow^{6} by ${2}% to the target, stacking up to ${3} times.	ระยะ [ Reflect Damage ] เพิ่มเป็น ^{1}${1}^{2} เมตร ค่าสัมประสิทธิ์ดาเมจแบบเปอร์เซ็นต์ของการสะท้อนเพิ่มขึ้น ^{3}${4}%^{4} และเมื่อโจมตีโดนทำให้เป้าหมายติด ^{5}Slow^{6} ลดความเร็ว ${2}% สะสมสูงสุด ${3} ครั้ง
10110300865	[King's Grace] increases the percentage of damage shared with allies by ^{1}${1}%^{2} and grants you a Shield equal to Max HP * ^{3}${3}%^{4}. When [King's Grace] ends, restores HP equal to damage taken during its duration * ^{5}${2}%^{6}.	[ King's Grace ] เพิ่มเปอร์เซ็นต์แบ่งดาเมจกับพันธมิตรขึ้น ^{1}${1}%^{2} และมอบโล่ให้คุณเท่ากับ HP สูงสุด * ^{3}${3}%^{4} เมื่อ [ King's Grace ] สิ้นสุด ฟื้นฟู HP เท่ากับดาเมจที่ได้รับระหว่างมีผล * ^{5}${2}%^{6}
10110300868	Bow-only skill. Launches a powerful attack against a designated ST enemy within ${1} meters, dealing ^{1}${3}%^{2} PATK as Neutral Physical damage to the target and up to ${2} enemies in a straight line within Attack Range.	สกิลเฉพาะธนู โจมตีอย่างรุนแรงใส่ศัตรู Single Target ที่กำหนดในระยะ ${1} เมตร สร้างดาเมจกายภาพธาตุ Neutral เท่ากับ ^{1}${3}%^{2} ของ P.ATK แก่เป้าหมายและศัตรูสูงสุด ${2} ตัว ในแนวเส้นตรงภายในระยะโจมตี
10110300869	Can only be used while mounted on a Demonic Wolf. Command @{1} wolf companions to attack @{3} designated targets within @{2} meters, dealing @{4} hits of @{5}% Neutral Physical damage. If your Distance from the target exceeds @{6} meters, you will also charge toward the target. Every @{7} hits dealt by [Warg Strike] refreshes this skill's cooldown.	ใช้ได้เฉพาะขณะขี่ Demonic Wolf สั่งหมาป่าผู้ช่วย @{1} ตัวโจมตีเป้าหมายที่กำหนด @{3} ตัว ในระยะ @{2} เมตร สร้างดาเมจกายภาพธาตุ Neutral @{4} ครั้ง เท่ากับ @{5}% หากห่างจากเป้าหมายเกิน @{6} เมตร คุณจะพุ่งหาเป้าหมายด้วย ทุกการโจมตี @{7} ครั้งของ [ Warg Strike ] รีเซ็ต CD สกิลนี้
10110300871	While ^{1}【Unlimited Shooting】^{2} is active, ^{3}【Aimed Shot】^{4} deals ${4} hits of ^{5}${5}%^{6} Neutral Physical damage to up to ${3} enemies within a ${1}*${2}-meter area.	ขณะ ^{1}[ Unlimited Shooting ]^{2} มีผล ^{3}[ Aimed Shot ]^{4} สร้างดาเมจกายภาพธาตุ Neutral ${4} ครั้ง เท่ากับ ^{5}${5}%^{6} แก่ศัตรูสูงสุด ${3} ตัว ในพื้นที่ขนาด ${1}*${2} เมตร
10110300872	Casting ^{1}【Focused Arrow Strike】^{2} ${1} times will Enhance the next ^{3}【Focused Arrow Strike】^{4}, causing it to deal ^{5}${2}%^{6} Neutral Physical damage.	ใช้ ^{1}[ Focused Arrow Strike ]^{2} ${1} ครั้งเพื่อเสริมพลัง ^{3}[ Focused Arrow Strike ]^{4} ครั้งถัดไป ทำให้สร้างดาเมจกายภาพธาตุ Neutral ^{5}${2}%^{6}
10110300873	^{1}【Myriad Stars Chase the Moon】^{2} skill duration increases by ${2} seconds. When the skill ends, it deals one instance of ^{3}${3}%^{4} Neutral Physical damage.	ระยะเวลาสกิล ^{1}[ Myriad Stars Chase the Moon ]^{2} เพิ่มขึ้น ${2} วินาที เมื่อสิ้นสุด สร้างดาเมจกายภาพธาตุ Neutral หนึ่งครั้งเท่ากับ ^{3}${3}%^{4}
10110300874	When using ^{1}【Wolf Hunt】^{2} against an enemy more than @{1} meters away, summon an Extra @{2} wolf followers to charge the target, dealing Neutral melee Physical DMG equal to Physical ATK * ^{3}${1}%^{4}. Cooldown: @{3} sec. When used against Boss monsters, ^{5}【Wolf Hunt】^{6} ignores this Distance requirement.	เมื่อใช้ ^{1}[ Wolf Hunt ]^{2} ใส่ศัตรูที่ไกลเกิน @{1} เมตร เรียกหมาป่าผู้ติดตามเพิ่ม @{2} ตัวพุ่งใส่เป้าหมาย สร้างดาเมจกายภาพระยะประชิดธาตุ Neutral เท่ากับ P.ATK * ^{3}${1}%^{4} CD: @{3} วินาที เมื่อใช้ใส่มอนสเตอร์บอส ^{5}[ Wolf Hunt ]^{6} ไม่ต้องผ่านเงื่อนไขระยะนี้
10110300875	^{1}【King of the Pack】^{2} becomes ^{3}【Rhythmic King of the Pack】^{4}. While ^{5}【King of the Pack】^{6} is active, Physical damage dealt to non-player enemies increases by ^{7}${1}%^{8}. Killing a player resets the Cooldown of ^{9}【Warg Charge】【Warg Bite】^{10} and extends the duration of ^{11}【King of the Pack】^{12} by ${2} seconds. The duration of each ^{13}【King of the Pack】^{14} can be extended up to ${3} times.	^{1}[ King of the Pack ]^{2} เปลี่ยนเป็น ^{3}[ Rhythmic King of the Pack ]^{4} ขณะ ^{5}[ King of the Pack ]^{6} มีผล ดาเมจกายภาพที่ทำต่อศัตรูที่ไม่ใช่ผู้เล่นเพิ่มขึ้น ^{7}${1}%^{8} สังหารผู้เล่นเพื่อรีเซ็ต CD ของ ^{9}[ Warg Charge ][ Warg Bite ]^{10} และขยายระยะเวลา ^{11}[ King of the Pack ]^{12} ขึ้น ${2} วินาที แต่ละครั้งของ ^{13}[ King of the Pack ]^{14} ขยายได้สูงสุด ${3} ครั้ง
10110300876	Wolf Minions become Rhythmic Wargs, and the Wolf Minion Summon count for the ^{1}【King of the Wargs】^{2} effect increases by @{1}, while the skill's percentage damage multiplier increases by ^{3}${1}%^{4}.	หมาป่าลูกสมุนเปลี่ยนเป็น Rhythmic Warg และจำนวนเรียกหมาป่าลูกสมุนจากผล ^{1}[ King of the Wargs ]^{2} เพิ่มขึ้น @{1} พร้อมเพิ่มตัวคูณดาเมจแบบเปอร์เซ็นต์ของสกิลขึ้น ^{3}${1}%^{4}
10110300877	After casting ^{1}【Warg Bite】^{2}, the next ^{3}【Warg Hunt】^{4} also casts 【Dance Move: Wolf Pack】 on the target, summoning @{1} Rhythmic Wargs to attack the target and deal @{2} hits of Neutral melee Physical damage totaling Physical ATK * ^{5}${1}%^{6}.	หลังใช้ ^{1}[ Warg Bite ]^{2} การใช้ ^{3}[ Warg Hunt ]^{4} ครั้งถัดไปใช้ [ Dance Move: Wolf Pack ] ใส่เป้าหมายด้วย เรียก Rhythmic Warg @{1} ตัวโจมตีเป้าหมาย สร้างดาเมจกายภาพระยะประชิดธาตุ Neutral @{2} ครั้ง รวมเท่ากับ P.ATK * ^{5}${1}%^{6}
10110300878	Dive toward a designated location within ${1} meters. Upon landing, inflict a ^{1}${5}%【Slow】^{2} for ${4} seconds and deal Neutral melee Physical DMG equal to PATK * ^{3}${6}%^{4} to up to ${3} enemies within a ${2}-meter radius. For every @{1}% ASPD, DMG Bonus increases by ^{5}${11}%^{6}, Active for up to @{2}% ASPD. Also inflict ^{7}【Stun】^{8} for ${7} seconds. For each enemy hit, gain a ^{11}【Shield】^{12} equal to ^{9}${8}%^{10} of max HP for ${9} seconds, up to ^{13}${10}%^{14}.	พุ่งลงที่ตำแหน่งที่กำหนดในระยะ ${1} เมตร เมื่อลงพื้น ทำให้ติด ^{1}${5}%[ Slow ]^{2} เป็นเวลา ${4} วินาที และสร้างดาเมจกายภาพระยะประชิดธาตุ Neutral เท่ากับ P.ATK * ^{3}${6}%^{4} แก่ศัตรูสูงสุด ${3} ตัว ในรัศมี ${2} เมตร ASPD ทุก @{1}% เพิ่มโบนัสดาเมจ ^{5}${11}%^{6} คิด ASPD สูงสุด @{2}% ทำให้ติด ^{7}[ Stun ]^{8} เป็นเวลา ${7} วินาทีด้วย ศัตรูแต่ละตัวที่โจมตีโดนมอบ ^{11}[ Shield ]^{12} เท่ากับ ^{9}${8}%^{10} ของ HP สูงสุด เป็นเวลา ${9} วินาที สูงสุด ^{13}${10}%^{14}
10110300879	Swing your Weapon horizontally to unleash a blade of air, dealing ${3} hits of Neutral melee Physical DMG totaling PATK * ^{1}${4}%^{2} to up to ${2} enemies within a ${1}-meter radius. For every @{1}% ASPD, this attack gains ^{3}${8}%^{4} DMG Bonus, Active up to @{2}% ASPD. Increases your MSPD by ^{5}${5}%^{6} for ${6} seconds. This skill is treated as a Normal Attack, with ^{7}${7}%^{8} ASPD scaling.	แกว่งอาวุธแนวนอนปล่อยคมดาบอากาศ สร้างดาเมจกายภาพระยะประชิดธาตุ Neutral ${3} ครั้ง รวมเท่ากับ P.ATK * ^{1}${4}%^{2} แก่ศัตรูสูงสุด ${2} ตัว ในรัศมี ${1} เมตร ASPD ทุก @{1}% มอบโบนัสดาเมจ ^{3}${8}%^{4} คิด ASPD สูงสุด @{2}% เพิ่ม MSPD ของคุณขึ้น ^{5}${5}%^{6} เป็นเวลา ${6} วินาที สกิลนี้ถือเป็นการโจมตีปกติ มีอัตราสเกล ASPD ^{7}${7}%^{8}
10110300880	Harness wind pressure to Enhance yourself. For ${1} seconds after casting this skill, the percentage damage multipliers for skills and Basic Attack increase by ^{1}${2}%^{2}.	ใช้แรงดันลมเสริมตนเอง ใน ${1} วินาทีหลังใช้สกิลนี้ ตัวคูณดาเมจแบบเปอร์เซ็นต์ของสกิลและการโจมตีพื้นฐานเพิ่มขึ้น ^{1}${2}%^{2}
10110300881	Two-handed Spear skill. Charge up to generate spiraling energy, then hurl your Spear at the target, dealing Neutral ranged Physical damage equal to Physical ATK * ^{1}${2}%^{2} to the targeted enemy within ${1} meters. Pulls the enemy in front of you and inflicts ^{3}【Immobilize】^{4} for ${3} seconds.	สกิลหอกสองมือ ชาร์จเพื่อสร้างพลังหมุนวนแล้วขว้างหอกใส่เป้าหมาย สร้างดาเมจกายภาพระยะไกลธาตุ Neutral เท่ากับ P.ATK * ^{1}${2}%^{2} แก่ศัตรูเป้าหมายในระยะ ${1} เมตร ดึงศัตรูมาด้านหน้าคุณและทำให้ติด ^{3}[ Immobilize ]^{4} เป็นเวลา ${3} วินาที
10110300882	Two-handed Spear skill. Consumes @{1} charges of 【Hundred Spears】 to summon a barrage of spears toward the locked target, dealing ${4} hits of Neutral ranged Physical damage totaling Physical ATK*^{1}${5}%^{2} to up to ${3} enemies within a ${1}m*${2}m area in front of you. Restores @{2} charges of 【Hundred Spears】 every ${6} seconds.	สกิลหอกสองมือ ใช้ @{1} ชาร์จของ [ Hundred Spears ] เรียกหอกเป็นชุดใส่เป้าหมายที่ล็อก สร้างดาเมจกายภาพระยะไกลธาตุ Neutral ${4} ครั้ง รวมเท่ากับ P.ATK*^{1}${5}%^{2} แก่ศัตรูสูงสุด ${3} ตัว ในพื้นที่ด้านหน้าขนาด ${1} เมตร*${2} เมตร ฟื้นฟู [ Hundred Spears ] @{2} ชาร์จทุก ${6} วินาที
10110300889	While in the ^{1}【Dragon Form】^{2} state, each HIT on an enemy with 【Cleaving Slash】 has a Chance to reset 【Sky-Rending Impact】's cooldown. The Chance increases with each skill cast. This can only trigger once per ^{3}【Dragon Form】^{4}.	ขณะอยู่ใน ^{1}[ Dragon Form ]^{2} แต่ละครั้งที่ [ Cleaving Slash ] โจมตีโดนศัตรูมีโอกาสรีเซ็ต CD ของ [ Sky-Rending Impact ] โอกาสเพิ่มขึ้นตามการใช้สกิลแต่ละครั้ง เกิดผลได้ครั้งเดียวต่อ ^{3}[ Dragon Form ]^{4}
10110300890	【Phantom Thrust】's percentage damage multiplier increases by ^{1}${1}%^{2}. If Player is dead within ^{3}${2}^{4} seconds of being HIT, 【Phantom Thrust】's cooldown is immediately reset.	ตัวคูณดาเมจแบบเปอร์เซ็นต์ของ [ Phantom Thrust ] เพิ่มขึ้น ^{1}${1}%^{2} หากผู้เล่นตายภายใน ^{3}${2}^{4} วินาทีหลังถูกโจมตี รีเซ็ต CD ของ [ Phantom Thrust ] ทันที
10110300891	After using 【Sonic Burst】, you gain Musical Note for ${1} seconds. When 【Hundred Spear - Enhance】 hits, it adds ^{1}${2}^{2} stacks of Musical Note and refreshes the duration. Upon reaching ^{3}${3}^{4} stacks, your next 【Hundred Spear - Enhance】 becomes 【Ultimate Hundred Spear】, striking from multiple directions, and its percentage damage multiplier increases by ^{5}${4}%^{6}.	หลังใช้ [ Sonic Burst ] ได้รับ Musical Note เป็นเวลา ${1} วินาที เมื่อ [ Hundred Spear - Enhance ] โจมตีโดน เพิ่ม Musical Note ^{1}${2}^{2} stacks และรีเฟรชระยะเวลา เมื่อครบ ^{3}${3}^{4} stacks [ Hundred Spear - Enhance ] ครั้งถัดไปเปลี่ยนเป็น [ Ultimate Hundred Spear ] โจมตีหลายทิศ และตัวคูณดาเมจแบบเปอร์เซ็นต์เพิ่มขึ้น ^{5}${4}%^{6}
10110300892	The percentage damage multiplier of all forms of 【Rain of Spears】 is increased by ^{1}${1}%^{2}. The number of 【Precision Thrust】 casts required to gain ^{3}${2}^{4} stacks of 【Rain of Spears】 Charge is reduced from ^{5}${3}^{6} to ^{7}${4}^{8}.	ตัวคูณดาเมจแบบเปอร์เซ็นต์ของ [ Rain of Spears ] ทุกรูปแบบเพิ่มขึ้น ^{1}${1}%^{2} จำนวนการใช้ [ Precision Thrust ] เพื่อรับชาร์จ [ Rain of Spears ] ^{3}${2}^{4} stacks ลดจาก ^{5}${3}^{6} เป็น ^{7}${4}^{8}
10110300894	Dagger-only skill. The user's shadow transforms into illusory blades that swiftly circle them once, dealing Neutral melee Physical damage equal to PATK*^{1}${3}%*(${4}+ASPD*${5}%)^{2} to up to ${2} enemies within a ${1}-meter radius. The user gains ^{3}^{4}[Endure]^{5}^{6} while casting this skill.	สกิลเฉพาะมีดสั้น เงาของผู้ใช้เปลี่ยนเป็นคมดาบลวงหมุนรอบตัวอย่างรวดเร็วหนึ่งรอบ สร้างดาเมจกายภาพระยะประชิดธาตุ Neutral เท่ากับ P.ATK*^{1}${3}%*(${4}+ASPD*${5}%)^{2} แก่ศัตรูสูงสุด ${2} ตัว ในรัศมี ${1} เมตร ผู้ใช้ได้รับ ^{3}^{4}[ Endure ]^{5}^{6} ขณะใช้สกิล
10110300883	Two-Handed Spear skill. Consumes @{1} stack of 【Enhance Hundred Spear Pierce】 charge to summon a barrage of Spears toward the locked target, dealing ${4} hits of Neutral ranged Physical damage equal to Physical Attack*^{1}${5}%^{2} in total to up to ${3} enemies within a ${1}m*${2}m area in front of you.	สกิลหอกสองมือ ใช้ @{1} stacks ของชาร์จ [ Enhance Hundred Spear Pierce ] เพื่อเรียกหอกเป็นชุดใส่เป้าหมายที่ล็อก สร้างดาเมจกายภาพระยะไกลธาตุ Neutral ${4} ครั้ง รวมเท่ากับ P.ATK*^{1}${5}%^{2} แก่ศัตรูสูงสุด ${3} ตัว ในพื้นที่ด้านหน้าขนาด ${1} เมตร*${2} เมตร
10110300839	Can only be used in Madogear Pilot mode. Use the Madogear ignition device to become Flying and gain a Shield equal to ${1}% of your Max HP for ${2} seconds. During this time, you can Move and gain 【Immunity】. Tap the skill again or wait until the Flying duration ends to attack Below, dealing Neutral melee Physical damage equal to PATK *^{1}${5}%^{2} to up to ${4} enemies within a ${3}-meter radius and inflicting Stun for ${6} seconds. Also inflicts 【Severe Wound】 for @{1} seconds. For every ${7} enemies HIT by this attack, gain @{2} stacks of Shield, each equal to ${8}% of your Max HP, up to ${9} stacks, for ${10} seconds. This also applies Enhance to the next Axe Tornado, triggering 【High-Energy Pulse】 a number of times based on the number of enemies HIT by this attack. This also applies Enhance to the next Axe Tornado, triggering 【High-Energy Pulse】 a number of times based on the number of enemies HIT by this attack. In addition, for every ${11} enemies HIT during the skill, your damage and MSPD increase by ${12}% and ${13}%, respectively, up to ${14} stacks, for ${15} seconds.\n【Severe Wound】: Reduces Healing Done received by @{3}%.\n【High-Energy Pulse】: Deals Neutral melee Physical damage equal to PATK *^{3}@{6}%^{4} to up to @{5} enemies within a @{4}-meter radius around you.	ใช้ได้เฉพาะโหมด Madogear Pilot เปิดระบบจุดระเบิดเพื่อบินขึ้นและรับโล่เท่ากับ ${1}% ของ HP สูงสุด เป็นเวลา ${2} วินาที ระหว่างนี้เคลื่อนที่ได้และได้รับ [ Immunity ] แตะสกิลอีกครั้งหรือรอจนบินสิ้นสุดเพื่อโจมตีด้านล่าง สร้างดาเมจกายภาพระยะประชิดธาตุ Neutral เท่ากับ P.ATK *^{1}${5}%^{2} แก่ศัตรูสูงสุด ${4} ตัว ในรัศมี ${3} เมตร ทำให้ติด Stun เป็นเวลา ${6} วินาที และ [ Severe Wound ] เป็นเวลา @{1} วินาที ต่อศัตรูที่โจมตีโดนทุก ${7} ตัว ได้รับโล่ @{2} stacks แต่ละชั้นเท่ากับ ${8}% ของ HP สูงสุด สูงสุด ${9} stacks เป็นเวลา ${10} วินาที เสริมพลัง Axe Tornado ครั้งถัดไป ทำให้ [ High-Energy Pulse ] เกิดผลตามจำนวนศัตรูที่การโจมตีนี้โจมตีโดน เสริมพลัง Axe Tornado ครั้งถัดไป ทำให้ [ High-Energy Pulse ] เกิดผลตามจำนวนศัตรูที่การโจมตีนี้โจมตีโดน ระหว่างสกิล ต่อศัตรูที่โจมตีโดนทุก ${11} ตัว ดาเมจและ MSPD เพิ่มขึ้น ${12}% และ ${13}% ตามลำดับ สูงสุด ${14} stacks เป็นเวลา ${15} วินาที\n[ Severe Wound ]: การรักษาที่ได้รับลดลง @{3}%\n[ High-Energy Pulse ]: สร้างดาเมจกายภาพระยะประชิดธาตุ Neutral เท่ากับ P.ATK *^{3}@{6}%^{4} แก่ศัตรูสูงสุด @{5} ตัว ในรัศมี @{4} เมตรรอบตัว
10110300840	Can only be used while piloting Madogear Pilot. Activates the Madogear Pilot's ignition system to rise into the air and gain a Shield equal to ${1}% of max HP for ${2} seconds. You can Move and have 【Immunity】 during this time. Tap the skill again or wait until the Flying duration ends to attack Below, dealing Neutral melee Physical damage equal to PATK *^{1}${5}%^{2} to up to ${4} enemies within a ${3}-meter radius, pulling them toward the center of the attack, inflicting Stun for ${6} seconds, and applying 【Severe Wound】 for @{1} seconds. For every ${7} enemies HIT by this attack, gain @{2} stacks of Shield, each equal to ${8}% of max HP. Stacks up to ${9} times and lasts ${10} seconds. Also applies Enhance to the next Axe Tornado, releasing 【High-Energy Pulse】 a number of times based on the number of enemies HIT by this attack. Also applies Enhance to the next Axe Tornado, releasing 【High-Energy Pulse】 a number of times based on the number of enemies HIT by this attack. During the skill, for every ${11} enemies HIT, damage and MSPD increase by ${12}% and ${13}%, respectively. Stacks up to ${14} times and lasts ${15} seconds.\n【Severe Wound】: Healing Done received is reduced by @{3}%.\n【High-Energy Pulse】: Deals Neutral melee Physical damage equal to PATK *^{3}@{6}%^{4} to up to @{5} enemies within a @{4}-meter radius around you.	ใช้ได้เฉพาะขณะควบคุม Madogear Pilot เปิดระบบจุดระเบิดเพื่อบินขึ้นและรับโล่เท่ากับ ${1}% ของ HP สูงสุด เป็นเวลา ${2} วินาที ระหว่างนี้เคลื่อนที่ได้และได้รับ [ Immunity ] แตะสกิลอีกครั้งหรือรอจนบินสิ้นสุดเพื่อโจมตีด้านล่าง สร้างดาเมจกายภาพระยะประชิดธาตุ Neutral เท่ากับ P.ATK *^{1}${5}%^{2} แก่ศัตรูสูงสุด ${4} ตัว ในรัศมี ${3} เมตร และดึงเข้าศูนย์กลางการโจมตี ทำให้ติด Stun เป็นเวลา ${6} วินาที และ [ Severe Wound ] เป็นเวลา @{1} วินาที ต่อศัตรูที่โจมตีโดนทุก ${7} ตัว ได้รับโล่ @{2} stacks แต่ละชั้นเท่ากับ ${8}% ของ HP สูงสุด สูงสุด ${9} stacks เป็นเวลา ${10} วินาที เสริมพลัง Axe Tornado ครั้งถัดไป ทำให้ [ High-Energy Pulse ] เกิดผลตามจำนวนศัตรูที่การโจมตีนี้โจมตีโดน เสริมพลัง Axe Tornado ครั้งถัดไป ทำให้ [ High-Energy Pulse ] เกิดผลตามจำนวนศัตรูที่การโจมตีนี้โจมตีโดน ระหว่างสกิล ต่อศัตรูที่โจมตีโดนทุก ${11} ตัว ดาเมจและ MSPD เพิ่มขึ้น ${12}% และ ${13}% ตามลำดับ สูงสุด ${14} stacks เป็นเวลา ${15} วินาที\n[ Severe Wound ]: การรักษาที่ได้รับลดลง @{3}%\n[ High-Energy Pulse ]: สร้างดาเมจกายภาพระยะประชิดธาตุ Neutral เท่ากับ P.ATK *^{3}@{6}%^{4} แก่ศัตรูสูงสุด @{5} ตัว ในรัศมี @{4} เมตรรอบตัว
10110300884	A skill exclusive to two-handed spears. Deals ^{1}${2}^{2} hits totaling Physical ATK*^{3}${3}%^{4} as Neutral ranged Physical damage to an ST target within ${1}m. Gain @{2} stack(s) of 【Hundred Spear Pierce】 charge for every @{1} HIT(s) on the target.	สกิลเฉพาะหอกสองมือ โจมตี ^{1}${2}^{2} ครั้ง รวมเท่ากับ P.ATK*^{3}${3}%^{4} เป็นดาเมจกายภาพระยะไกลธาตุ Neutral แก่เป้าหมาย Single Target ในระยะ ${1} เมตร ได้รับชาร์จ [ Hundred Spear Pierce ] @{2} stacks ทุกการโจมตีเป้าหมายโดน @{1} ครั้ง
10110300885	Drive your Weapon forcefully into the ground, unleashing a massive shockwave toward the locked-on target that deals ${4} hits of Neutral Ranged Physical damage equal to PATK * ^{1}${5}%^{2} in total to up to ${3} enemies within a ${1}m × ${2}m area in front of you (^{3}^{4}Luck Resonance ${7}%^{5}^{6}), inflicting Knock-Up and ^{7}【Immobilize】^{8} for ${6} seconds. You gain ^{9}【Furious Storm】^{10}. ^{11}【Furious Storm】^{12}: Removes all current 【Rain of Spears】 charges and grants @{1} stacks of ^{13}^{14}【Hundred Spear - Enhance】^{15}^{16} charges.	ปักอาวุธลงพื้นอย่างแรง ปล่อยคลื่นกระแทกมหึมาไปหาเป้าหมายที่ล็อก สร้างดาเมจกายภาพระยะไกลธาตุ Neutral ${4} ครั้ง รวมเท่ากับ P.ATK * ^{1}${5}%^{2} แก่ศัตรูสูงสุด ${3} ตัว ในพื้นที่ด้านหน้าขนาด ${1} เมตร × ${2} เมตร (^{3}^{4}Luck Resonance ${7}%^{5}^{6}) ทำให้ลอยขึ้นและติด ^{7}[ Immobilize ]^{8} เป็นเวลา ${6} วินาที คุณได้รับ ^{9}[ Furious Storm ]^{10} ^{11}[ Furious Storm ]^{12}: ล้างชาร์จ [ Rain of Spears ] ปัจจุบันทั้งหมดและมอบชาร์จ @{1} stacks ของ ^{13}^{14}[ Hundred Spear - Enhance ]^{15}^{16}
10110300886	When casting 【Rift Impact】, Transfigure into an electronic dragon, increasing the percentage damage multiplier by ^{1}${1}%^{2} and inflicting ^{3}【Stun】^{4} on Enemy Team units HIT for ${2} seconds.	เมื่อใช้ [ Rift Impact ] แปลงร่างเป็นมังกรอิเล็กทรอนิกส์ เพิ่มตัวคูณดาเมจแบบเปอร์เซ็นต์ขึ้น ^{1}${1}%^{2} และทำให้หน่วยฝ่ายศัตรูที่ถูกโจมตีติด ^{3}[ Stun ]^{4} เป็นเวลา ${2} วินาที
10110300887	【Wind-Pressure Blade】becomes 【Dragon Claw Slam】. The percentage damage multiplier bonus that Wind-Pressure Blade grants to skills and Normal Attacks gains an Extra ^{1}${1}%^{2}.	[ Wind-Pressure Blade ] เปลี่ยนเป็น [ Dragon Claw Slam ] โบนัสตัวคูณดาเมจแบบเปอร์เซ็นต์ที่ Wind-Pressure Blade มอบให้สกิลและการโจมตีปกติเพิ่มอีก ^{1}${1}%^{2}
10110300888	For ${1} seconds after casting 【Wind-Pressure Blade】 or 【Dragon Claw Strike】, Enter the ^{1}【Dragon Transformation】^{2} state: 【Cleaving Slash】 transforms into 【Dragon Tail Sweep】, increasing its damage multiplier by ^{3}${2}%^{4}.	ใน ${1} วินาทีหลังใช้ [ Wind-Pressure Blade ] หรือ [ Dragon Claw Strike ] เข้าสู่ ^{1}[ Dragon Transformation ]^{2}: [ Cleaving Slash ] เปลี่ยนเป็น [ Dragon Tail Sweep ] เพิ่มตัวคูณดาเมจขึ้น ^{3}${2}%^{4}
10110300895	Requires a Dagger. Your shadow transforms into illusory blades and rapidly circles you, dealing a total of Physical ATK*^{1}${3}%*(${4}+Attack Speed*${5}%)^{2} Neutral melee Physical damage to up to ${2} enemies within a ${1}-meter radius. You gain ^{3}^{4}【Endure】^{5}^{6} while casting this skill.	ต้องใช้มีดสั้น เงาของคุณเปลี่ยนเป็นคมดาบลวงหมุนรอบตัวอย่างรวดเร็ว สร้างดาเมจกายภาพระยะประชิดธาตุ Neutral รวมเท่ากับ P.ATK*^{1}${3}%*(${4}+ASPD*${5}%)^{2} แก่ศัตรูสูงสุด ${2} ตัว ในรัศมี ${1} เมตร คุณได้รับ ^{3}^{4}[ Endure ]^{5}^{6} ขณะใช้สกิล
10110300896	Dagger-exclusive skill. Casting 【Shadow Guard】, 【Thousand Shadows】, or 【Circling Shadow】 will ^{1}reset this skill's cooldown^{2}. Choose a direction and dash in the Format of a phantom, gaining ${1} meters of Movement and dealing Neutral melee Physical damage equal to PATK*${4}% to up to @{1} enemies within a rectangular area ${2} meters wide and ${3} meters long in that direction. While casting this skill, you gain ^{3}^{4}【Endure】^{5}^{6}.	สกิลเฉพาะมีดสั้น การใช้ [ Shadow Guard ], [ Thousand Shadows ] หรือ [ Circling Shadow ] จะ ^{1}รีเซ็ต CD ของสกิลนี้^{2} เลือกทิศแล้วพุ่งในรูปร่างเงาลวง เคลื่อนที่ ${1} เมตรและสร้างดาเมจกายภาพระยะประชิดธาตุ Neutral เท่ากับ P.ATK*${4}% แก่ศัตรูสูงสุด @{1} ตัว ในพื้นที่สี่เหลี่ยมกว้าง ${2} เมตร ยาว ${3} เมตรตามทิศนั้น ขณะใช้ได้รับ ^{3}^{4}[ Endure ]^{5}^{6}
10110300897	Dagger-exclusive skill. Summon countless shadows to attack enemies, dealing a total of PATK*^{1}${3}%*(${4}+ASPD*${5}%)^{2} Neutral melee Physical damage to up to ${2} enemies within a ${1}-meter radius. Gain ^{3}^{4}【Endure】^{5}^{6} while casting this skill.	สกิลเฉพาะมีดสั้น เรียกเงานับไม่ถ้วนโจมตีศัตรู สร้างดาเมจกายภาพระยะประชิดธาตุ Neutral รวมเท่ากับ P.ATK*^{1}${3}%*(${4}+ASPD*${5}%)^{2} แก่ศัตรูสูงสุด ${2} ตัว ในรัศมี ${1} เมตร ได้รับ ^{3}^{4}[ Endure ]^{5}^{6} ขณะใช้สกิล
10110300898	Dagger-exclusive skill. Command a shadow to stomp down from above, dealing total Neutral melee Physical damage equal to PATK*^{1}${3}%*(${4}+ASPD*${5}%)^{2} to up to ${2} enemies within a ${1}-meter radius. Gain ^{3}^{4}[Endure]^{5}^{6} while casting this skill.	สกิลเฉพาะมีดสั้น สั่งเงาเหยียบลงจากด้านบน สร้างดาเมจกายภาพระยะประชิดธาตุ Neutral รวมเท่ากับ P.ATK*^{1}${3}%*(${4}+ASPD*${5}%)^{2} แก่ศัตรูสูงสุด ${2} ตัว ในรัศมี ${1} เมตร ได้รับ ^{3}^{4}[ Endure ]^{5}^{6} ขณะใช้สกิล
10110300899	Dagger-only skill. Initiate several shadow slashes around you, dealing a total of PATK*^{1}${3}%*(${4}+ASPD*${5}%)^{2} Neutral melee Physical damage to up to ${2} enemies within a ${1}-meter radius. You remain ^{3}^{4}[Invincible]^{5}^{6} during this time. Immediately ^{7}refreshes [Shadow Guard]^{8}.	สกิลเฉพาะมีดสั้น ฟันด้วยเงาหลายครั้งรอบตัว สร้างดาเมจกายภาพระยะประชิดธาตุ Neutral รวมเท่ากับ P.ATK*^{1}${3}%*(${4}+ASPD*${5}%)^{2} แก่ศัตรูสูงสุด ${2} ตัว ในรัศมี ${1} เมตร คุณคงสถานะ ^{3}^{4}[ Invincible ]^{5}^{6} ระหว่างนี้ และ ^{7}รีเฟรช [ Shadow Guard ]^{8} ทันที
10110300900	Stores ^{3}${2}^{4} stacks every ^{1}${1}^{2} sec, up to ^{5}${3}^{6} stacks. Dash to a position ${5}m in front of a targeted ST enemy within ${4}m, reducing their ^{7}Movement Speed by ${6}%^{8} for ${7} sec and dealing Physical ATK * ^{9}${8}%^{10} as Neutral melee Physical damage. Immediately gain ${9} Blade stacks. The number of blades in the next Cross Ripper Slasher is multiplied by ${10}, and each hit deals ^{11}${11}%^{12} more damage.	สะสม ^{3}${2}^{4} stacks ทุก ^{1}${1}^{2} วินาที สูงสุด ^{5}${3}^{6} stacks พุ่งไปตำแหน่ง ${5} เมตรด้านหน้าศัตรู Single Target ที่เลือกในระยะ ${4} เมตร ลด ^{7}MSPD ของเป้าหมายลง ${6}%^{8} เป็นเวลา ${7} วินาที และสร้างดาเมจกายภาพระยะประชิดธาตุ Neutral เท่ากับ P.ATK * ^{9}${8}%^{10} ได้รับ Blade ${9} stacks ทันที จำนวนใบมีดของ Cross Ripper Slasher ครั้งถัดไปคูณ ${10} และแต่ละครั้งสร้างดาเมจเพิ่ม ^{11}${11}%^{12}
10110300901	Katar-exclusive skill. Throws a row of Rolling Cutter blades, dealing blade count (minimum @{1}) * PATK * ^{1}${2}% * (${3} + ASPD * ${4}%)^{2} as Neutral melee Physical damage to the targeted ST enemy within ${1} meters. At ${5} blades, ^{3}resets^{4} this skill's cooldown.	สกิลเฉพาะคาตาร์ ขว้างแถวใบมีด Rolling Cutter สร้างดาเมจกายภาพระยะประชิดธาตุ Neutral เท่ากับจำนวนใบมีด (ขั้นต่ำ @{1}) * P.ATK * ^{1}${2}% * (${3} + ASPD * ${4}%)^{2} แก่ศัตรู Single Target เป้าหมายในระยะ ${1} เมตร เมื่อมี ${5} ใบมีด ^{3}รีเซ็ต^{4} CD สกิลนี้
10110300902	Katar-exclusive skill. Quickly spin in place, dealing PATK*^{1}${3}%*(${4}+ASPD*${5}%）^{2} Neutral melee Physical damage to up to ${2} enemies within a ${1}-meter radius, and gain ${6} Cross Ripper Slasher blades, up to ${7}. ^{3}This skill is considered a Normal Attack^{4}.	สกิลเฉพาะคาตาร์ หมุนตัวเร็วอยู่กับที่ สร้างดาเมจกายภาพระยะประชิดธาตุ Neutral เท่ากับ P.ATK*^{1}${3}%*(${4}+ASPD*${5}%）^{2} แก่ศัตรูสูงสุด ${2} ตัว ในรัศมี ${1} เมตร และได้รับใบมีด Cross Ripper Slasher ${6} ใบ สูงสุด ${7} ใบ ^{3}สกิลนี้ถือเป็นการโจมตีปกติ^{4}
10110300904	When casting 【Cross Ripper Slasher】, the blade transforms into a disc of light, and 【Cross Ripper Slasher】's percentage damage multiplier increases by ^{1}${1}%^{2}.	เมื่อใช้ [ Cross Ripper Slasher ] ใบมีดเปลี่ยนเป็นจานแสง และตัวคูณดาเมจแบบเปอร์เซ็นต์ของ [ Cross Ripper Slasher ] เพิ่มขึ้น ^{1}${1}%^{2}
10110300905	After using [Rolling Cutter], MSPD increases by ^{1}${1}%^{2} for ${2} seconds. [Rolling Cutter]'s percentage damage multiplier increases by ^{3}${3}%^{4}, and its effect radius increases by ^{5}${4} m. ^{6}	หลังใช้ [ Rolling Cutter ] MSPD เพิ่มขึ้น ^{1}${1}%^{2} เป็นเวลา ${2} วินาที ตัวคูณดาเมจแบบเปอร์เซ็นต์ของ [ Rolling Cutter ] เพิ่มขึ้น ^{3}${3}%^{4} และรัศมีผลเพิ่มขึ้น ^{5}${4} เมตร ^{6}
10110300906	When the 【Enhance Camouflage】 status is removed by dealing or taking damage, unleash a ring of discs around yourself, dealing Neutral melee Physical damage equal to Physical ATK * ^{1}${3}%^{2} to up to ${2} enemies within a ${1}-meter radius and reducing their Movement Speed by ^{3}${4}%^{4} for ${5} seconds.	เมื่อสถานะ [ Enhance Camouflage ] ถูกล้างจากการสร้างหรือได้รับดาเมจ ปล่อยวงจานแสงรอบตัว สร้างดาเมจกายภาพระยะประชิดธาตุ Neutral เท่ากับ P.ATK * ^{1}${3}%^{2} แก่ศัตรูสูงสุด ${2} ตัว ในรัศมี ${1} เมตร และลด MSPD ลง ^{3}${4}%^{4} เป็นเวลา ${5} วินาที
10110300909	【Shadow Pierce】 also grants you a stack of 【Delusion】 for @{1} sec. 【Delusion】: Kill an enemy while this effect is active to immediately reduce 【Shadow Pierce】's cooldown by @{2}%.	[ Shadow Pierce ] มอบ [ Delusion ] ให้คุณหนึ่ง stacks เป็นเวลา @{1} วินาทีด้วย [ Delusion ]: สังหารศัตรูขณะผลนี้มีอยู่เพื่อลด CD ของ [ Shadow Pierce ] ลง @{2}% ทันที
10110300911	Summons soul notes and Launches ${2} notes at a targeted ST enemy within ${1} meters, dealing @{1} hits of Ghost-property ranged magic damage equal to Magic ATK *^{1}${3}%^{2}. While in the ^{3}^{4}^{5}【Reading】^{6}^{7}^{8} state, consumes @{2} stacks of ^{9}【Pages】^{10} to cast this skill one Extra time. While in the ^{11}^{12}^{13}【Intensified Telekinesis】^{14}^{15}^{16} state, each note can ricochet up to @{4} times within @{3} meters of the target, with damage to subsequent targets reduced by @{5}%.	เรียกโน้ตวิญญาณและปล่อย ${2} โน้ตใส่ศัตรู Single Target เป้าหมายในระยะ ${1} เมตร สร้างดาเมจเวทระยะไกลธาตุ Ghost @{1} ครั้ง เท่ากับ M.ATK *^{1}${3}%^{2} ขณะอยู่ใน ^{3}^{4}^{5}[ Reading ]^{6}^{7}^{8} ใช้ @{2} stacks ของ ^{9}[ Pages ]^{10} เพื่อใช้สกิลเพิ่มหนึ่งครั้ง ขณะอยู่ใน ^{11}^{12}^{13}[ Intensified Telekinesis ]^{14}^{15}^{16} แต่ละโน้ตชิ่งสูงสุด @{4} ครั้งในระยะ @{3} เมตรรอบเป้าหมาย โดยดาเมจต่อเป้าหมายถัดไปลดลง @{5}%
10110300912	Shocks and imprisons targets with music, enveloping ${1} enemies within ${2} meters and dealing Ghost Ranged Magic DMG equal to MATK * ^{1}${3}%^{2}. The targets become ^{3}^{4}【Immobilize】^{5}^{6} for ${4} seconds and gain ^{7}^{8}【Prison】^{9}^{10} for ${5} seconds, granting the caster a ${6}% DMG Bonus against them. When a target takes damage from 【Soul Expansion】 within ${7} seconds, it triggers @{1} instance of Ghost Ranged Magic DMG equal to MATK * ^{11}${9}%^{12} within a ${8}-meter radius. This can trigger up to @{2} times every ${10} seconds.	ทำให้เป้าหมายสะเทือนและกักขังด้วยดนตรี ครอบคลุมศัตรู ${1} ตัว ในระยะ ${2} เมตรและสร้างดาเมจเวทระยะไกลธาตุ Ghost เท่ากับ M.ATK * ^{1}${3}%^{2} เป้าหมายติด ^{3}^{4}[ Immobilize ]^{5}^{6} เป็นเวลา ${4} วินาที และ ^{7}^{8}[ Prison ]^{9}^{10} เป็นเวลา ${5} วินาที ผู้ใช้ได้รับโบนัสดาเมจ ${6}% ต่อเป้าหมายเหล่านั้น เมื่อเป้าหมายได้รับดาเมจจาก [ Soul Expansion ] ภายใน ${7} วินาที ทำให้เกิดดาเมจเวทระยะไกลธาตุ Ghost @{1} ครั้ง เท่ากับ M.ATK * ^{11}${9}%^{12} ในรัศมี ${8} เมตร เกิดผลสูงสุด @{2} ครั้งทุก ${10} วินาที
10110300913	Unleashes psychic power, granting you the ^{1}【Intense Telekinesis】^{2} state for ${1} sec. While active, your Ghost damage increases by ^{3}${2}%^{4}, Soul Burst Cooldown is reduced by ${3}%, and the acquisition rate of Telekinetic Orbs increases by ${4}%.	ปลดปล่อยพลังจิต มอบสถานะ ^{1}[ Intense Telekinesis ]^{2} ให้คุณเป็นเวลา ${1} วินาที ขณะมีผล ดาเมจธาตุ Ghost เพิ่มขึ้น ^{3}${2}%^{4}, CD ของ Soul Burst ลดลง ${3}% และอัตรารับ Telekinetic Orbs เพิ่มขึ้น ${4}%
10110300914	Condense ice to unleash Ice Fog, dealing Water Ranged Magic damage equal to MATK * ^{1}${4}%^{2} to up to ${3} enemies within a designated ${2}-meter-radius area within ${1} meters.	ควบแน่นน้ำแข็งปล่อย Ice Fog สร้างดาเมจเวทระยะไกลธาตุ Water เท่ากับ M.ATK * ^{1}${4}%^{2} แก่ศัตรูสูงสุด ${3} ตัว ในพื้นที่ที่กำหนดรัศมี ${2} เมตร ซึ่งอยู่ในระยะ ${1} เมตร
10110300915	Unleashes a Burst of frost, dealing Water Ranged Magic damage equal to MATK * ^{1}${4}%^{2}^{3} to up to ${3} enemies within a ${2}-meter radius of the target within ${1} meters of You (^{4}^{5}Dexterity Resonance ${8}%^{6}^{7}), with a ${5}% Chance to inflict ^{8}^{9}【Frozen】^{10}^{11} for ${6} seconds. While in the ^{12}^{13}【Reading】^{14}^{15} state, consumes ${7} stacks of ^{16}【Book Page】^{17} to cast this skill 1 Extra time.	ปล่อยน้ำแข็งระเบิด สร้างดาเมจเวทระยะไกลธาตุ Water เท่ากับ M.ATK * ^{1}${4}%^{2}^{3} แก่ศัตรูสูงสุด ${3} ตัว ในรัศมี ${2} เมตรรอบเป้าหมายที่อยู่ในระยะ ${1} เมตรจากคุณ (^{4}^{5}Dexterity Resonance ${8}%^{6}^{7}) มีโอกาส ${5}% ทำให้ติด ^{8}^{9}[ Frozen ]^{10}^{11} เป็นเวลา ${6} วินาที ขณะอยู่ใน ^{12}^{13}[ Reading ]^{14}^{15} ใช้ ${7} stacks ของ ^{16}[ Book Page ]^{17} เพื่อใช้สกิลเพิ่ม 1 ครั้ง
10110300916	Concentrates Earth Element energy, dealing Earth Ranged Magic damage equal to MATK * ^{1}${4}%^{2} to up to ${3} enemies within a ${2}-meter radius of the target within ${1} meters of You.	รวมพลังธาตุ Earth สร้างดาเมจเวทระยะไกลธาตุ Earth เท่ากับ M.ATK * ^{1}${4}%^{2} แก่ศัตรูสูงสุด ${3} ตัว ในรัศมี ${2} เมตรรอบเป้าหมายที่อยู่ในระยะ ${1} เมตรจากคุณ
10110300917	Causes the earth to rise, dealing Earth Ranged Magic damage equal to MATK * ^{1}${4}%^{2} to up to ${3} enemies in a ${1}-meter by ${2}-meter area in front of You (^{3}^{4}Dexterity Resonance ${8}%^{5}^{6}), with a ${5}% Chance to inflict ^{7}^{8}【Petrify】^{9}^{10} for ${6} seconds. Also reveals targets in ^{11}【Hiding】^{12}. While in the ^{13}^{14}【Reading】^{15}^{16} state, consumes ${7} stacks of ^{17}【Book Page】^{18} to cast this skill 1 Extra time.	ทำให้พื้นดินยกตัว สร้างดาเมจเวทระยะไกลธาตุ Earth เท่ากับ M.ATK * ^{1}${4}%^{2} แก่ศัตรูสูงสุด ${3} ตัว ในพื้นที่ด้านหน้าขนาด ${1} เมตรคูณ ${2} เมตร (^{3}^{4}Dexterity Resonance ${8}%^{5}^{6}) มีโอกาส ${5}% ทำให้ติด ^{7}^{8}[ Petrify ]^{9}^{10} เป็นเวลา ${6} วินาที เผยเป้าหมายใน ^{11}[ Hiding ]^{12} ด้วย ขณะอยู่ใน ^{13}^{14}[ Reading ]^{15}^{16} ใช้ ${7} stacks ของ ^{17}[ Book Page ]^{18} เพื่อใช้สกิลเพิ่ม 1 ครั้ง
10110300918	Unleashes flames that burn enemies, dealing Fire Ranged Magic damage equal to MATK * ^{1}${4}%^{2} to up to ${3} enemies within a ${2}-meter radius of the target within ${1} meters of You.	ปล่อยเปลวไฟเผาศัตรู สร้างดาเมจเวทระยะไกลธาตุ Fire เท่ากับ M.ATK * ^{1}${4}%^{2} แก่ศัตรูสูงสุด ${3} ตัว ในรัศมี ${2} เมตรรอบเป้าหมายที่อยู่ในระยะ ${1} เมตรจากคุณ
10110300919	Summons a Meteor, dealing Fire Ranged Magic damage equal to MATK * ^{1}${4}%^{2} to up to ${3} enemies within a ${2}-meter radius of the target within ${1} meters of You (^{3}^{4}Dexterity Resonance ${7}%^{5}^{6}), with a ${5}% Chance to trigger ^{7}^{8}Meteorite^{9}^{10}. While in the ^{11}^{12}【Reading】^{13}^{14} state, consumes ${6} stacks of ^{15}【Book Page】^{16} to cast this skill 1 Extra time.	เรียกอุกกาบาต สร้างดาเมจเวทระยะไกลธาตุ Fire เท่ากับ M.ATK * ^{1}${4}%^{2} แก่ศัตรูสูงสุด ${3} ตัว ในรัศมี ${2} เมตรรอบเป้าหมายที่อยู่ในระยะ ${1} เมตรจากคุณ (^{3}^{4}Dexterity Resonance ${7}%^{5}^{6}) มีโอกาส ${5}% ทำให้เกิด ^{7}^{8}Meteorite^{9}^{10} ขณะอยู่ใน ^{11}^{12}[ Reading ]^{13}^{14} ใช้ ${6} stacks ของ ^{15}[ Book Page ]^{16} เพื่อใช้สกิลเพิ่ม 1 ครั้ง
10110300920	Throws a bolt of chain lightning, dealing Wind Ranged Magic damage equal to MATK * ^{1}${4}%^{2} to the designated ST enemy within ${1} meters and up to ${3} Other enemies within ${2} meters of the target.	ขว้างสายฟ้าลูกโซ่ สร้างดาเมจเวทระยะไกลธาตุ Wind เท่ากับ M.ATK * ^{1}${4}%^{2} แก่ศัตรู Single Target ที่กำหนดในระยะ ${1} เมตร และศัตรูอื่นสูงสุด ${3} ตัว ในระยะ ${2} เมตรรอบเป้าหมาย
10110300921	Unleashes the power of thunder, dealing Wind Ranged Magic damage equal to MATK * ^{1}${4}%^{2} to up to ${3} enemies within a ${2}-meter radius of the target within ${1} meters of You (^{3}^{4}Dexterity Resonance ${8}%^{5}^{6}), with a ${5}% Chance to inflict ^{7}^{8}【Stun】^{9}^{10} for ${6} seconds. While in the ^{11}^{12}【Reading】^{13}^{14} state, consumes ${7} stacks of ^{15}【Book Page】^{16} to cast this skill 1 Extra time.	ปล่อยพลังสายฟ้า สร้างดาเมจเวทระยะไกลธาตุ Wind เท่ากับ M.ATK * ^{1}${4}%^{2} แก่ศัตรูสูงสุด ${3} ตัว ในรัศมี ${2} เมตรรอบเป้าหมายที่อยู่ในระยะ ${1} เมตรจากคุณ (^{3}^{4}Dexterity Resonance ${8}%^{5}^{6}) มีโอกาส ${5}% ทำให้ติด ^{7}^{8}[ Stun ]^{9}^{10} เป็นเวลา ${6} วินาที ขณะอยู่ใน ^{11}^{12}[ Reading ]^{13}^{14} ใช้ ${7} stacks ของ ^{15}[ Book Page ]^{16} เพื่อใช้สกิลเพิ่ม 1 ครั้ง
10110300922	Summons a massive Comet from space, dealing Neutral Ranged Magic damage equal to MATK * ^{1}${4}%^{2} to up to ${3} enemies within a ${2}-meter radius of the target within ${1} meters of You (^{3}^{4}Dexterity Resonance ${6}%^{5}^{6}). While in the ^{7}^{8}【Reading】^{9}^{10} state, consumes ${5} stacks of ^{11}【Book Page】^{12} to cast this skill 1 Extra time.	เรียกดาวหางมหึมาจากอวกาศ สร้างดาเมจเวทระยะไกลธาตุ Neutral เท่ากับ M.ATK * ^{1}${4}%^{2} แก่ศัตรูสูงสุด ${3} ตัว ในรัศมี ${2} เมตรรอบเป้าหมายที่อยู่ในระยะ ${1} เมตรจากคุณ (^{3}^{4}Dexterity Resonance ${6}%^{5}^{6}) ขณะอยู่ใน ^{7}^{8}[ Reading ]^{9}^{10} ใช้ ${5} stacks ของ ^{11}[ Book Page ]^{12} เพื่อใช้สกิลเพิ่ม 1 ครั้ง
10110300925	Uses Soul Buster to gather all Musical Notes, dealing Ghost Ranged Magic damage equal to MATK * ^{1}${4}%^{2} over @{1} hits to the designated ST enemy within a ${1}-meter radius of You and up to ${3} enemies within ${2} meters of the target (^{3}^{4}Dexterity Resonance ${8}%^{5}^{6}), while continuously applying ^{7}【Pull】^{8}. It then Terminate with an explosion, dealing Ghost Ranged Magic damage equal to MATK * ^{9}${5}%^{10} over @{2} hits (^{11}^{12}Dexterity Resonance ${8}%^{13}^{14}). While in the ^{15}^{16}【Reading】^{17}^{18} state, consumes ${6} stacks of ^{19}【Book Page】^{20} to cast this skill ${7} Extra times.	ใช้ Soul Buster รวมโน้ตดนตรีทั้งหมด สร้างดาเมจเวทระยะไกลธาตุ Ghost เท่ากับ M.ATK * ^{1}${4}%^{2} รวม @{1} ครั้ง แก่ศัตรู Single Target ที่กำหนดในรัศมี ${1} เมตรรอบคุณ และศัตรูสูงสุด ${3} ตัว ในระยะ ${2} เมตรรอบเป้าหมาย (^{3}^{4}Dexterity Resonance ${8}%^{5}^{6}) พร้อมทำให้ติด ^{7}[ Pull ]^{8} ต่อเนื่อง จากนั้นจบด้วยการระเบิด สร้างดาเมจเวทระยะไกลธาตุ Ghost เท่ากับ M.ATK * ^{9}${5}%^{10} รวม @{2} ครั้ง (^{11}^{12}Dexterity Resonance ${8}%^{13}^{14}) ขณะอยู่ใน ^{15}^{16}[ Reading ]^{17}^{18} ใช้ ${6} stacks ของ ^{19}[ Book Page ]^{20} เพื่อใช้สกิลเพิ่ม ${7} ครั้ง
10110300926	The Warlock periodically gathers musical energy, automatically generating ${2} ^{1}^{2}【Psychokinetic Astral Body】^{3}^{4} every ${1} seconds, up to ${3}. If ${4} ^{5}^{6}【Psychokinetic Astral Body】^{7}^{8} are Owned when 【Soul Expansion】 hits, all ^{9}^{10}【Psychokinetic Astral Body】^{11}^{12} will Launch. Each deals Ghost Ranged Magic damage equal to MATK * ^{13}${5}%^{14} to the target enemy.	Warlock รวมพลังดนตรีเป็นระยะ สร้าง ${2} ร่างของ ^{1}^{2}[ Psychokinetic Astral Body ]^{3}^{4} อัตโนมัติทุก ${1} วินาที สูงสุด ${3} ร่าง หากมี ${4} ร่างของ ^{5}^{6}[ Psychokinetic Astral Body ]^{7}^{8} ขณะ [ Soul Expansion ] โจมตีโดน จะปล่อย ^{9}^{10}[ Psychokinetic Astral Body ]^{11}^{12} ทั้งหมด แต่ละร่างสร้างดาเมจเวทระยะไกลธาตุ Ghost เท่ากับ M.ATK * ^{13}${5}%^{14} แก่ศัตรูเป้าหมาย
10110300927	Replaces 【Soul Expansion】 with 【Voice of the Soul】, increasing each Musical Note's skill multiplier by ^{1}${1}%^{2}. During 【Intense Telekinesis】, each Musical Note can ricochet up to ^{5}${3}^{6} times among targets within ^{3}${2}^{4} meters, with damage to subsequent targets reduced by ^{7}${4}%^{8}.	แทนที่ [ Soul Expansion ] ด้วย [ Voice of the Soul ] เพิ่มตัวคูณสกิลของแต่ละโน้ตดนตรีขึ้น ^{1}${1}%^{2} ระหว่าง [ Intense Telekinesis ] แต่ละโน้ตชิ่งสูงสุด ^{5}${3}^{6} ครั้งระหว่างเป้าหมายในระยะ ^{3}${2}^{4} เมตร ดาเมจต่อเป้าหมายถัดไปลดลง ^{7}${4}%^{8}
10110300928	Replaces 【White Imprison】 with 【Resonance Focus】, increasing the duration of 【Immobilize】 by ^{1}${1}%^{2}. When the target takes damage from 【Soul Expansion】 within ^{3}${2}^{4} seconds, triggers @{1} instance of Ghost Ranged Magic damage equal to MATK * ^{7}${4}%^{8} in a ^{5}${3}^{6}-meter radius, up to @{2} times every ^{9}${5}^{10} seconds.	แทนที่ [ White Imprison ] ด้วย [ Resonance Focus ] เพิ่มระยะเวลา [ Immobilize ] ขึ้น ^{1}${1}%^{2} เมื่อเป้าหมายได้รับดาเมจจาก [ Soul Expansion ] ภายใน ^{3}${2}^{4} วินาที ทำให้เกิดดาเมจเวทระยะไกลธาตุ Ghost @{1} ครั้ง เท่ากับ M.ATK * ^{7}${4}%^{8} ในรัศมี ^{5}${3}^{6} เมตร สูงสุด @{2} ครั้งทุก ^{9}${5}^{10} วินาที
10110300929	【Psychic Astral Body】 is replaced with 【Neon Spotlight】, acquisition efficiency increases by ^{1}${1}%^{2}, and ST damage becomes circular AoE damage within a ^{3}${2}^{4}-meter radius.	[ Psychic Astral Body ] ถูกแทนที่ด้วย [ Neon Spotlight ] ประสิทธิภาพการได้รับเพิ่มขึ้น ^{1}${1}%^{2} และดาเมจ Single Target เปลี่ยนเป็นดาเมจพื้นที่วงกลมรัศมี ^{3}${2}^{4} เมตร
10110300930	Replaces 【Gravitational Impact】 with 【Finale Impact】, increasing the skill multiplier of the first @{1} hits by ^{1}${1}%^{2} and the Finishing Blow multiplier by ^{3}${2}%^{4}. Reduces MSPD. of damaged enemies by ^{7}${4}%^{8} for ^{5}${3}^{6} seconds.	แทนที่ [ Gravitational Impact ] ด้วย [ Finale Impact ] เพิ่มตัวคูณสกิลของการโจมตี @{1} ครั้งแรกขึ้น ^{1}${1}%^{2} และตัวคูณการโจมตีปิดท้ายขึ้น ^{3}${2}%^{4} ลด MSPD ของศัตรูที่ถูกโจมตีลง ^{7}${4}%^{8} เป็นเวลา ^{5}${3}^{6} วินาที
10110300931	After casting 【Destructive Flame】, 【Ice Fog】, 【Chain Lightning】, or 【Petrify Curse】 ^{1}${1}^{2} times, You gain @{1} stack of ^{3}^{4}Elemental Attunement^{5}^{6}, up to ${2} stacks.	หลังใช้ [ Destructive Flame ], [ Ice Fog ], [ Chain Lightning ] หรือ [ Petrify Curse ] ^{1}${1}^{2} ครั้ง ได้รับ @{1} stacks ของ ^{3}^{4}Elemental Attunement^{5}^{6} สูงสุด ${2} stacks
10110300932	^{1}^{2}Elemental Attunement^{3}^{4} will Enhance 【Comet】. After 【Comet】 is cast, it triggers 4 Extra small Meteors that respectively deal Fire, Water, Wind, and Earth Ranged Magic damage equal to MATK * ^{5}${1}%^{6}.	^{1}^{2}Elemental Attunement^{3}^{4} เสริมพลัง [ Comet ] หลังใช้ [ Comet ] เรียกอุกกาบาตเล็กเพิ่ม 4 ลูก สร้างดาเมจเวทระยะไกลธาตุ Fire, Water, Wind และ Earth ตามลำดับ เท่ากับ M.ATK * ^{5}${1}%^{6}
10110300936	Instantly unleashes a sacred primal chorus, restoring Life equal to Magic ATK * ^{1}${3}%^{2} for you and up to ${2} allies within a ${1}-meter radius (prioritizing party Members), and granting a universal damage absorption shield equal to Magic ATK * ^{3}${4}%^{4} for ${5} sec. While active, increases the targets' damage reduction by ^{5}${6}%^{6}.	ปล่อยเสียงประสานศักดิ์สิทธิ์ดั้งเดิมทันที ฟื้นฟู HP เท่ากับ M.ATK * ^{1}${3}%^{2} ให้คุณและพันธมิตรสูงสุด ${2} คน ในรัศมี ${1} เมตร (เลือกสมาชิกปาร์ตี้ก่อน) และมอบโล่ดูดซับดาเมจทุกประเภทเท่ากับ M.ATK * ^{3}${4}%^{4} เป็นเวลา ${5} วินาที ขณะมีผล เพิ่มการลดดาเมจที่ได้รับของเป้าหมายขึ้น ^{5}${6}%^{6}
10110300938	Draw a holy light magic circle with an Exorciser spell, dealing Holy ranged magic damage equal to Magic ATK*^{1}${4}%^{2} to up to ${3} enemies within a ${2}-meter radius within ${1} meters of you. This skill gains one ^{3}Uses:^{4} every ${5} seconds and can stack up to two times.	วาดวงเวทแสงศักดิ์สิทธิ์ด้วยคาถา Exorciser สร้างดาเมจเวทระยะไกลธาตุ Holy เท่ากับ M.ATK*^{1}${4}%^{2} แก่ศัตรูสูงสุด ${3} ตัว ในรัศมี ${2} เมตร ซึ่งอยู่ในระยะ ${1} เมตรจากคุณ สกิลนี้ได้รับ ^{3}จำนวนครั้งที่ใช้ได้:^{4} หนึ่งครั้งทุก ${5} วินาที สะสมสูงสุดสองครั้ง
10110300946	Every @{1} casts of 【Enlightenment】 causes all targets HIT to take damage again and increases your Move Speed.\nThe Extra damage sends a wisp of 【Will】 back to you, restoring a charge of 【Stigma】.	ทุกการใช้ [ Enlightenment ] @{1} ครั้ง ทำให้เป้าหมายทั้งหมดที่ถูกโจมตีได้รับดาเมจอีกครั้งและเพิ่ม MSPD ของคุณ\nดาเมจเพิ่มเติมส่งเสี้ยว [ Will ] กลับมาหาคุณ ฟื้นฟู [ Stigma ] หนึ่งชาร์จ
10110300947	@{1}. 【Stigma】transforms into 【Blackwing Burst】, gaining improved effects and increased damage.\n@{2}. When 【Blackwing Burst】 has two charges, it gains Enhance. Casting it consumes both charges at once, dealing skill damage twice, with a larger area on the second hit.\n@{3}. 【Divine Retribution】 transforms into 【Demonic Judgment】. After casting, automatically casts 【Blackwing Burst】 at the target location.	@{1}. [ Stigma ] เปลี่ยนเป็น [ Blackwing Burst ] ได้รับเอฟเฟกต์ที่ดีขึ้นและดาเมจเพิ่มขึ้น\n@{2}. เมื่อ [ Blackwing Burst ] มีสองชาร์จ ได้รับการเสริมพลัง ใช้ทั้งสองชาร์จพร้อมกันเพื่อสร้างดาเมจสกิลสองครั้ง โดยครั้งที่สองมีพื้นที่กว้างขึ้น\n@{3}. [ Divine Retribution ] เปลี่ยนเป็น [ Demonic Judgment ] หลังใช้ จะใช้ [ Blackwing Burst ] ที่ตำแหน่งเป้าหมายอัตโนมัติ
10110300949	You spin your battle axe to create a hurricane filled with axe trails. Targets hit are inflicted with ${1} stacks of ${2}% Slow (cannot stack) for ${3} seconds. The hurricane deals ${6} instances of ${7}% Physical damage to up to ${5} enemies within a ${4}-meter radius. Each instance that hits ${8} targets grants you ${9} stacks of 【Blade Mark】.	หมุนขวานรบสร้างพายุที่เต็มไปด้วยรอยขวาน เป้าหมายที่ถูกโจมตีได้รับ Slow ${1} stacks ลดความเร็ว ${2}% (สะสมไม่ได้) เป็นเวลา ${3} วินาที พายุสร้างดาเมจกายภาพ ${6} ครั้ง เท่ากับ ${7}% แก่ศัตรูสูงสุด ${5} ตัว ในรัศมี ${4} เมตร แต่ละครั้งที่โจมตีโดน ${8} เป้าหมายมอบ [ Blade Mark ] ${9} stacks ให้คุณ
10110300950	Can only be used while riding a Madogear Pilot. Mount ${1} cannons on its shoulders and Launch ${6} shells at ${3} designated enemies within ${2} meters and up to ${5} other enemies within ${4} meters of them, dealing total Neutral ranged Physical damage equal to Physical ATK*^{1}${7}%^{2}.	ใช้ได้เฉพาะขณะขี่ Madogear Pilot ติดปืนใหญ่ ${1} กระบอกบนไหล่ ยิงกระสุน ${6} นัดใส่ศัตรูที่กำหนด ${3} ตัว ในระยะ ${2} เมตร และศัตรูอื่นสูงสุด ${5} ตัว ในระยะ ${4} เมตรรอบศัตรูเหล่านั้น สร้างดาเมจกายภาพระยะไกลธาตุ Neutral รวมเท่ากับ P.ATK*^{1}${7}%^{2}
10110300951	Bombards a ${1} m * ${2} m area in the designated direction, continuously dealing Physical ATK * ^{1}${4}%^{2} Neutral ranged Physical DMG to up to ${3} enemies along the path and increasing Movement Speed by ^{3}${5}%^{4} for the skill's duration.	ระดมยิงในพื้นที่ขนาด ${1} เมตร * ${2} เมตรตามทิศที่กำหนด สร้างดาเมจกายภาพระยะไกลธาตุ Neutral ต่อเนื่องเท่ากับ P.ATK * ^{1}${4}%^{2} แก่ศัตรูสูงสุด ${3} ตัว ตลอดเส้นทาง และเพิ่ม MSPD ขึ้น ^{3}${5}%^{4} ตลอดระยะเวลาสกิล
10110300952	Can only be cast while riding a Madogear. Equips ${1} Vulcan Arm on each hand and fires at ${3} designated enemies within ${2} m, dealing Physical ATK * ^{1}${5}%^{2} Neutral ranged Physical DMG ${4} times. Every ${6} casts of 【Vulcan Arm】 triggers 【Firepower Loading】 ${7} times.\n【Firepower Loading】: Increases the number of shells fired by each 【Arm Cannon】 Launch to ${8} for ${9} Launches.	ใช้ได้เฉพาะขณะขี่ Madogear ติด Vulcan Arm ${1} กระบอกที่มือแต่ละข้าง ยิงใส่ศัตรูที่กำหนด ${3} ตัว ในระยะ ${2} เมตร สร้างดาเมจกายภาพระยะไกลธาตุ Neutral เท่ากับ P.ATK * ^{1}${5}%^{2} รวม ${4} ครั้ง ทุกการใช้ [ Vulcan Arm ] ${6} ครั้ง ทำให้ [ Firepower Loading ] เกิดผล ${7} ครั้ง\n[ Firepower Loading ]: เพิ่มจำนวนกระสุนที่การยิง [ Arm Cannon ] แต่ละครั้งยิงเป็น ${8} นัด มีผล ${9} การยิง
10110300953	"Can only be cast while riding a Madogear. Uses a flamethrower on ${2} designated enemies within ${1} m, dealing a total of Physical ATK * ^{1}${7}%^{2} Fire ranged Physical DMG over ${6} hits to up to ${5} targets in a ${3} * ${4} m rectangular area ahead. Immediately triggers 【Firepower Loading】 @{1} times after casting. 【Firepower Loading】: Increases the number of shells fired by each 【Arm Cannon】 Launch to ${8} for ""${9} Launches."	"ใช้ได้เฉพาะขณะขี่ Madogear ใช้เครื่องพ่นไฟใส่ศัตรูที่กำหนด ${2} ตัว ในระยะ ${1} เมตร สร้างดาเมจกายภาพระยะไกลธาตุ Fire รวมเท่ากับ P.ATK * ^{1}${7}%^{2} ใน ${6} ครั้ง แก่เป้าหมายสูงสุด ${5} ตัว ในพื้นที่สี่เหลี่ยมด้านหน้าขนาด ${3} * ${4} เมตร หลังใช้ทำให้ [ Firepower Loading ] เกิดผลทันที @{1} ครั้ง [ Firepower Loading ]: เพิ่มจำนวนกระสุนที่ [ Arm Cannon ] ยิงแต่ละครั้งเป็น ${8} นัด มีผล ""${9} การยิง"
10110300954	Dive toward a target location within ${1} meters. Upon landing, deal ${4}% Physical damage to up to ${3} enemies within a ${2}-meter radius and inflict Stun for ${5} seconds.	พุ่งลงตำแหน่งเป้าหมายในระยะ ${1} เมตร เมื่อลงพื้น สร้างดาเมจกายภาพ ${4}% แก่ศัตรูสูงสุด ${3} ตัว ในรัศมี ${2} เมตร และทำให้ติด Stun เป็นเวลา ${5} วินาที
10110300955	Quickly slash forward ${1} times, unleashing a massive blade of wind that deals ${3} hits of ${4}%, ${5}%, and ${6}% Physical damage to a single target within a ${2}-meter radius.\nThe third slash unleashes a blade of wind, dealing ${8}% Physical damage to up to ${7} targets in a rectangular area ahead. Each time damage hits ${9} targets, gain ${10} stacks of 【Blade Mark】.	ฟันไปด้านหน้าเร็ว ${1} ครั้ง ปล่อยคมดาบลมมหึมาสร้างดาเมจกายภาพ ${3} ครั้ง เท่ากับ ${4}%, ${5}% และ ${6}% แก่เป้าหมายเดี่ยวในรัศมี ${2} เมตร\nการฟันครั้งที่สามปล่อยคมดาบลม สร้างดาเมจกายภาพ ${8}% แก่เป้าหมายสูงสุด ${7} ตัว ในพื้นที่สี่เหลี่ยมด้านหน้า ทุกครั้งที่ดาเมจโจมตีโดน ${9} เป้าหมาย ได้รับ [ Blade Mark ] ${10} stacks
10110300956	Drive your weapon into the ground, continuously pulling in enemy targets within a @{1}-meter radius and dealing damage. Damage over Time deals a total of @{2}% melee Fire Physical damage. Then unleash a Burst attack that deals @{3}% melee Fire Physical damage and knocks enemies airborne	ปักอาวุธลงพื้น ดึงศัตรูในรัศมี @{1} เมตรเข้ามาและสร้างดาเมจอย่างต่อเนื่อง ดาเมจต่อเนื่องเป็นดาเมจกายภาพระยะประชิดธาตุ Fire รวม @{2}% จากนั้นโจมตีระเบิดสร้างดาเมจกายภาพระยะประชิดธาตุ Fire @{3}% และทำให้ศัตรูลอยขึ้น
10110300957	Deals Neutral melee Physical damage equal to Physical ATK *^{1}${3}%^{2} to up to ${2} enemy targets within a ${1}-meter radius around you (damage increases by ^{3}${4}%^{4} for every ${6}% Attack Speed you have). This skill is treated as a Normal Attack and has an Attack Speed scaling ratio of ^{5}${5}%^{6}.	สร้างดาเมจกายภาพระยะประชิดธาตุ Neutral เท่ากับ P.ATK *^{1}${3}%^{2} แก่ศัตรูสูงสุด ${2} ตัว ในรัศมี ${1} เมตรรอบคุณ (ดาเมจเพิ่มขึ้น ^{3}${4}%^{4} ต่อ ASPD ทุก ${6}%) สกิลนี้ถือเป็นการโจมตีปกติ มีอัตราสเกล ASPD ^{5}${5}%^{6}
10110300958	Deals Earth melee Physical damage equal to Physical ATK * ^{1}${1}%+${6}^{2} to up to ${5} enemies within ${4} meters and reduces their ^{3}Attack Speed and Move Speed by ${3}%^{4} for ${2} seconds. This skill reveals enemies in 【Hiding】 that it hits, greatly increases your threat toward monsters (more than Provoke), and increases damage dealt to monsters by ^{5}${7}%^{6}.	สร้างดาเมจกายภาพระยะประชิดธาตุ Earth เท่ากับ P.ATK * ^{1}${1}%+${6}^{2} แก่ศัตรูสูงสุด ${5} ตัว ในระยะ ${4} เมตร และลด ^{3}ASPD กับ MSPD ลง ${3}%^{4} เป็นเวลา ${2} วินาที สกิลนี้เผยศัตรูที่อยู่ใน [ Hiding ] ซึ่งถูกโจมตี เพิ่มภัยคุกคามของคุณต่อมอนสเตอร์อย่างมาก (มากกว่า Provoke) และเพิ่มดาเมจที่ทำต่อมอนสเตอร์ขึ้น ^{5}${7}%^{6}
10110300959	The Crusader unleashes their protective power, removing all crowd control effects from themselves and redirecting ^{1}${1}%^{2} of the damage taken by up to ${2} allies within a ${7}-meter radius to themselves for ${8} seconds. During this time, whenever the Crusader takes damage, they recover HP equal to ^{3}${4}%^{4} of the damage taken, and both the Crusader and the selected allies are ^{5}immune to debuffs^{6}. Up to ${2} enemies within range gain a stack of ${5}% ^{7}Slow^{8} every ${9} seconds, up to ${10} stacks. At ${10} stacks, Slow is converted into a ${6}-second ^{9}Stun^{10}, and all ^{11}Slow^{12} stacks are removed. This effect does not apply to allies under the effects of 【Devotion】.	Crusader ปลดปล่อยพลังปกป้อง ล้างผลควบคุมทั้งหมดของตนเองและโอน ^{1}${1}%^{2} ของดาเมจที่พันธมิตรสูงสุด ${2} คน ในรัศมี ${7} เมตรได้รับมาให้ตนเอง เป็นเวลา ${8} วินาที ระหว่างนี้ เมื่อ Crusader ได้รับดาเมจ ฟื้นฟู HP เท่ากับ ^{3}${4}%^{4} ของดาเมจที่ได้รับ และ Crusader กับพันธมิตรที่เลือก ^{5}ป้องกันดีบัฟ^{6} ศัตรูสูงสุด ${2} ตัว ในระยะได้รับผลลดความเร็ว ${5}% ^{7}Slow^{8} หนึ่ง stacks ทุก ${9} วินาที สูงสุด ${10} stacks เมื่อครบ ${10} stacks Slow เปลี่ยนเป็นสถานะ ${6} วินาที ^{9}Stun^{10} และล้าง ^{11}Slow^{12} ทั้งหมด ผลนี้ไม่มีผลต่อพันธมิตรที่มี [ Devotion ]
10110300960	Can only be cast while mounted on a Gryphon. Raise your shield for ${11} sec., protecting yourself and allies within a ${1}-meter radius and reducing damage taken by ^{1}${4}%^{2}. During this time, you are ^{3}【Slowed】^{4} by ${9}%. Every ${7} sec., knock back up to ${12} enemies within ${5} meters in front of you by ${5} meters ^{5}in the direction you are facing^{6}, dealing ^{7}${13}%^{8} of your Physical ATK as Neutral Melee Physical DMG. When an enemy in front of you damages you, trigger 【Spear Auto Counter】. 【Spear Auto Counter】: Deals Neutral Melee Physical DMG equal to ^{9}${6}%^{10} of your Physical ATK to up to ${12} enemies within ${14} meters in front of you and reduces 【Shield Defense】 Cooldown by ${7} sec. (Can only trigger once every ${8} sec.).	ใช้ได้เฉพาะขณะขี่ Gryphon ยกโล่เป็นเวลา ${11} วินาที ปกป้องตนเองและพันธมิตรในรัศมี ${1} เมตร ลดดาเมจที่ได้รับลง ^{1}${4}%^{2} ระหว่างนี้ คุณติด ^{3}[ Slowed ]^{4} ลดความเร็ว ${9}% ทุก ${7} วินาที ทำให้ศัตรูสูงสุด ${12} ตัว ในระยะ ${5} เมตรด้านหน้ากระเด็น ${5} เมตร ^{5}ตามทิศที่หันหน้า^{6} สร้างดาเมจกายภาพระยะประชิดธาตุ Neutral เท่ากับ ^{7}${13}%^{8} ของ P.ATK เมื่อศัตรูด้านหน้าสร้างดาเมจแก่คุณ ทำให้ [ Spear Auto Counter ] เกิดผล [ Spear Auto Counter ]: สร้างดาเมจกายภาพระยะประชิดธาตุ Neutral เท่ากับ ^{9}${6}%^{10} ของ P.ATK แก่ศัตรูสูงสุด ${12} ตัว ในระยะ ${14} เมตรด้านหน้า และลด CD ของ [ Shield Defense ] ลง ${7} วินาที (เกิดผลได้ครั้งเดียวทุก ${8} วินาที)
10110300968	Bombards a ${1}m * ${2}m area in the specified direction, continuously dealing Physical ATK *^{1}${4}%^{2} as Neutral ranged Physical damage to up to ${3} enemies in its path.	ระดมยิงในพื้นที่ขนาด ${1} เมตร * ${2} เมตรตามทิศที่กำหนด สร้างดาเมจกายภาพระยะไกลธาตุ Neutral ต่อเนื่องเท่ากับ P.ATK *^{1}${4}%^{2} แก่ศัตรูสูงสุด ${3} ตัว ตลอดเส้นทาง
10110300969	Dive toward a designated location within ${1} meters. Upon impact, deal Neutral Melee Physical DMG equal to ^{3}${6}%^{4} of Physical ATK to up to ${3} enemies within a ${2}-meter radius and inflict ^{1}${5}%【Slow】^{2} for ${4} seconds, plus ^{5}【Stun】^{6} for ${7} seconds. Each enemy hit grants a ^{9}【Shield】^{10} equal to ^{7}${7}%^{8} of your Max Life for ${8} seconds, up to ^{11}${9}%^{12}.	พุ่งลงตำแหน่งที่กำหนดในระยะ ${1} เมตร เมื่อกระแทก สร้างดาเมจกายภาพระยะประชิดธาตุ Neutral เท่ากับ ^{3}${6}%^{4} ของ P.ATK แก่ศัตรูสูงสุด ${3} ตัว ในรัศมี ${2} เมตร ทำให้ติด ^{1}${5}%[ Slow ]^{2} เป็นเวลา ${4} วินาที และ ^{5}[ Stun ]^{6} เป็นเวลา ${7} วินาที ศัตรูแต่ละตัวที่โจมตีโดนมอบ ^{9}[ Shield ]^{10} เท่ากับ ^{7}${7}%^{8} ของ HP สูงสุด เป็นเวลา ${8} วินาที สูงสุด ^{11}${9}%^{12}
10110300971	Two-handed Spear skill. Charge up spiral energy and hurl your Spear at a target enemy within ${1} meters, dealing Neutral ranged Physical damage equal to Physical ATK * ^{1}${2}%^{2}, pulling the enemy in front of you, and inflicting ^{3}【Immobilize】^{4} for ${3} seconds.	สกิลหอกสองมือ ชาร์จพลังเกลียวแล้วขว้างหอกใส่ศัตรูเป้าหมายในระยะ ${1} เมตร สร้างดาเมจกายภาพระยะไกลธาตุ Neutral เท่ากับ P.ATK * ^{1}${2}%^{2} ดึงศัตรูมาด้านหน้าและทำให้ติด ^{3}[ Immobilize ]^{4} เป็นเวลา ${3} วินาที
10110300972	Two-Handed Spear skill. Summons a barrage of Spears toward the locked target, dealing ${4} hits of Neutral ranged Physical damage equal to Physical ATK * ^{1}${5}%^{2} to up to ${3} enemies within a ${1}m * ${2}m area in front of you.	สกิลหอกสองมือ เรียกหอกเป็นชุดใส่เป้าหมายที่ล็อก สร้างดาเมจกายภาพระยะไกลธาตุ Neutral ${4} ครั้ง เท่ากับ P.ATK * ^{1}${5}%^{2} แก่ศัตรูสูงสุด ${3} ตัว ในพื้นที่ด้านหน้าขนาด ${1} เมตร * ${2} เมตร
10110300961	Deals ^{1}knockback^{2} and Physical ATK * ^{3}${3}% + ${7}^{4} Neutral melee Physical DMG to up to ${6} enemy targets in a ${2}m × ${1}m area ahead, then moves ${12}m in that direction and deals ^{5}knock-up^{6} and Physical ATK * ^{7}${5}% + ${7}^{8} Neutral melee Physical DMG to the targets. Immune to crowd control while casting.	ทำให้ ^{1}กระเด็น^{2} และสร้างดาเมจกายภาพระยะประชิดธาตุ Neutral เท่ากับ P.ATK * ^{3}${3}% + ${7}^{4} แก่ศัตรูสูงสุด ${6} ตัว ในพื้นที่ด้านหน้าขนาด ${2} เมตร × ${1} เมตร จากนั้นเคลื่อนที่ ${12} เมตรตามทิศนั้นและทำให้ ^{5}ลอยขึ้น^{6} พร้อมสร้างดาเมจกายภาพระยะประชิดธาตุ Neutral เท่ากับ P.ATK * ^{7}${5}% + ${7}^{8} แก่เป้าหมาย ป้องกันผลควบคุมขณะใช้
10110300962	Deals Neutral melee Physical damage equal to Physical ATK*^{1}${3}%^{2} to up to ${5} enemy targets within a ${1}-meter radius and ^{3}pulls them in^{4}, while granting you ^{5}【Over Brand】^{6} for ${4} seconds. You can move while using this skill.	สร้างดาเมจกายภาพระยะประชิดธาตุ Neutral เท่ากับ P.ATK*^{1}${3}%^{2} แก่ศัตรูสูงสุด ${5} ตัว ในรัศมี ${1} เมตรและ ^{3}ดึงเข้ามา^{4} พร้อมมอบ ^{5}[ Over Brand ]^{6} ให้คุณเป็นเวลา ${4} วินาที เคลื่อนที่ระหว่างใช้สกิลได้
10110300963	Raise your shield to block for ${1} sec. During this time, damage taken from monsters is reduced by an additional ^{1}${2}%^{2}, and damage taken from players is reduced by an additional ^{3}${3}%^{4}. Tap this skill again during its duration, or wait until the block ends, to cast ^{5}【Shield Auto Counter】^{6}. If you are hit while blocking, this will Enhance ^{7}【Shield Auto Counter】^{8} into ^{9}【Powerful Auto Counter】^{10}. ^{11}【Shield Auto Counter】^{12}: Deals Neutral melee Physical damage equal to Physical ATK * ^{13}${7}% + ${8}^{14} to up to ${6} enemies within a ${4}-degree, ${5}-meter area in front of you. During this time, damage taken from monsters is reduced by an additional ^{15}${2}%^{16}, and damage taken from players is reduced by an additional ^{17}${3}%^{18}. ^{19}【Powerful Auto Counter】^{20}: Deals Neutral melee Physical damage equal to Physical ATK * ^{21}${10}% + ${11}^{22} to up to ${6} enemies within a ${4}-degree, ${9}-meter area in front of you. During this time, damage taken from monsters is reduced by an additional ^{23}${2}%^{24}, and damage taken from players is reduced by an additional ^{25}${3}%^{26}.	ยกโล่ป้องกันเป็นเวลา ${1} วินาที ระหว่างนี้ ลดดาเมจจากมอนสเตอร์ที่ได้รับเพิ่มอีก ^{1}${2}%^{2} และจากผู้เล่นเพิ่มอีก ^{3}${3}%^{4} แตะสกิลอีกครั้งระหว่างมีผลหรือรอจนป้องกันสิ้นสุดเพื่อใช้ ^{5}[ Shield Auto Counter ]^{6} หากถูกโจมตีขณะป้องกัน เสริม ^{7}[ Shield Auto Counter ]^{8} เป็น ^{9}[ Powerful Auto Counter ]^{10} ^{11}[ Shield Auto Counter ]^{12}: สร้างดาเมจกายภาพระยะประชิดธาตุ Neutral เท่ากับ P.ATK * ^{13}${7}% + ${8}^{14} แก่ศัตรูสูงสุด ${6} ตัว ในพื้นที่ด้านหน้ามุม ${4} องศา ระยะ ${5} เมตร ระหว่างนี้ ลดดาเมจจากมอนสเตอร์เพิ่มอีก ^{15}${2}%^{16} และจากผู้เล่นเพิ่มอีก ^{17}${3}%^{18} ^{19}[ Powerful Auto Counter ]^{20}: สร้างดาเมจกายภาพระยะประชิดธาตุ Neutral เท่ากับ P.ATK * ^{21}${10}% + ${11}^{22} แก่ศัตรูสูงสุด ${6} ตัว ในพื้นที่ด้านหน้ามุม ${4} องศา ระยะ ${9} เมตร ระหว่างนี้ ลดดาเมจจากมอนสเตอร์เพิ่มอีก ^{23}${2}%^{24} และจากผู้เล่นเพิ่มอีก ^{25}${3}%^{26}
10110300964	Launches a powerful attack against a targeted ST enemy within ${1} meters, dealing Physical ATK * ^{1}${3}%^{2} Neutral Physical DMG to the target and up to ${2} enemies in a straight line.	โจมตีรุนแรงใส่ศัตรู Single Target เป้าหมายในระยะ ${1} เมตร สร้างดาเมจกายภาพธาตุ Neutral เท่ากับ P.ATK * ^{1}${3}%^{2} แก่เป้าหมายและศัตรูสูงสุด ${2} ตัว ในแนวเส้นตรง
10110300965	Draw on the power of the god of hunting and archery to increase ranged Physical ATK by ^{1}${1}%^{2}, Crit Chance by ^{3}${2}%^{4}, and Movement Speed by ^{5}${3}%^{6} for ${4} seconds. During this time, Enhance ^{7}【Aimed Shot】^{8}, increasing its damage multiplier by ^{9}${5}%^{10}.	ดึงพลังเทพแห่งการล่าและยิงธนู เพิ่ม P.ATK ระยะไกลขึ้น ^{1}${1}%^{2}, โอกาสคริติคอลขึ้น ^{3}${2}%^{4} และ MSPD ขึ้น ^{5}${3}%^{6} เป็นเวลา ${4} วินาที ระหว่างนี้เสริมพลัง ^{7}[ Aimed Shot ]^{8} เพิ่มตัวคูณดาเมจขึ้น ^{9}${5}%^{10}
10110300966	Unleashes a rain of arrows at a target area with a ${2}-meter radius within ${1} meters, dealing Neutral ranged Physical damage equal to Physical ATK *^{1}${4}%^{2} to up to ${3} enemies. Damage dealt to monsters increases by ^{3}${5}%^{4}.	ปล่อยฝนธนูในพื้นที่เป้าหมายรัศมี ${2} เมตร ซึ่งอยู่ในระยะ ${1} เมตร สร้างดาเมจกายภาพระยะไกลธาตุ Neutral เท่ากับ P.ATK *^{1}${4}%^{2} แก่ศัตรูสูงสุด ${3} ตัว ดาเมจต่อมอนสเตอร์เพิ่มขึ้น ^{3}${5}%^{4}
10110300981	When 【Enhance Camouflage】 ends, unleash a ring of light discs, dealing a total of @{3}% Physical damage to up to @{2} enemies within @{1} meters (the more targets in range, the less damage each target takes) and reducing their Movement Speed by @{4}% for @{5} seconds.	เมื่อ [ Enhance Camouflage ] สิ้นสุด ปล่อยวงจานแสง สร้างดาเมจกายภาพรวม @{3}% แก่ศัตรูสูงสุด @{2} ตัว ในระยะ @{1} เมตร (ยิ่งมีเป้าหมายในระยะมาก แต่ละเป้าหมายยิ่งได้รับดาเมจน้อย) และลด MSPD ลง @{4}% เป็นเวลา @{5} วินาที
10110300982	The shadows transform into mirage blades and rapidly circle you once, dealing a total of Physical ATK*^{1}${3}%*(@{1}+Attack Speed*@{2}）^{2} Neutral melee Physical damage to up to ${2} enemies within a ${1}-meter radius. You gain ^{3}Endure^{4} while casting this skill.	เงาเปลี่ยนเป็นคมดาบลวงหมุนรอบคุณอย่างรวดเร็วหนึ่งรอบ สร้างดาเมจกายภาพระยะประชิดธาตุ Neutral รวมเท่ากับ P.ATK*^{1}${3}%*(@{1}+ASPD*@{2}）^{2} แก่ศัตรูสูงสุด ${2} ตัว ในรัศมี ${1} เมตร คุณได้รับ ^{3}Endure^{4} ขณะใช้สกิล
10110300984	Using 【Shadowguard】, 【Thousand Shadows】, or 【Circling Shadow】 will ^{1}reset this skill's cooldown^{2}. Choose a direction to dash as a phantom. Movement: ${1} meters in the chosen direction. Gain ^{3}Endure^{4} while casting this skill.	การใช้ [ Shadowguard ], [ Thousand Shadows ] หรือ [ Circling Shadow ] จะ ^{1}รีเซ็ต CD ของสกิลนี้^{2} เลือกทิศเพื่อพุ่งในร่างเงาลวง เคลื่อนที่: ${1} เมตรตามทิศที่เลือก ได้รับ ^{3}Endure^{4} ขณะใช้
10110300973	Drive your weapon into the ground with tremendous force, unleashing a massive shockwave that deals ${4} hits of Neutral ranged Physical damage totaling Physical ATK *^{1}${5}%^{2} to up to ${3} enemies within a ${1}m * ${2}m area in front of you, knocking them airborne and inflicting ^{3}【Immobilize】^{4} for ${6} seconds. You enter ^{5}【Fury】^{6}. ^{7}【Fury】^{8}: Immediately gain @{1} charge of 【Enhance Hundred Spear】.	ปักอาวุธลงพื้นด้วยแรงมหาศาล ปล่อยคลื่นกระแทกใหญ่สร้างดาเมจกายภาพระยะไกลธาตุ Neutral ${4} ครั้ง รวมเท่ากับ P.ATK *^{1}${5}%^{2} แก่ศัตรูสูงสุด ${3} ตัว ในพื้นที่ด้านหน้าขนาด ${1} เมตร * ${2} เมตร ทำให้ลอยขึ้นและติด ^{3}[ Immobilize ]^{4} เป็นเวลา ${6} วินาที คุณเข้าสู่ ^{5}[ Fury ]^{6} ^{7}[ Fury ]^{8}: ได้รับชาร์จ [ Enhance Hundred Spear ] @{1} ทันที
10110300974	Stores ^{1}@{2}^{2} stacks every ^{3}@{1}^{4} sec, up to ^{5}@{3}^{6} stacks. Locks on to an enemy within @{4} meters and teleports to a position @{5} meters in front of the target, ^{7}slowing^{8} them by @{6}% for @{7} sec and dealing ^{9}@{8}%^{10} * Physical ATK as Neutral Physical damage. Immediately gains @{9} Blade stacks, and the next Cross Ripper Slasher's hit count is multiplied by @{10} and its damage increases by ^{11}@{11}%^{12}.	สะสม ^{1}@{2}^{2} stacks ทุก ^{3}@{1}^{4} วินาที สูงสุด ^{5}@{3}^{6} stacks ล็อกศัตรูในระยะ @{4} เมตรและเทเลพอร์ตไปตำแหน่ง @{5} เมตรด้านหน้าเป้าหมาย ทำให้ ^{7}ช้าลง^{8} @{6}% เป็นเวลา @{7} วินาที และสร้างดาเมจกายภาพธาตุ Neutral เท่ากับ ^{9}@{8}%^{10} * P.ATK ได้รับ Blade @{9} stacks ทันที จำนวนการโจมตีของ Cross Ripper Slasher ครั้งถัดไปคูณ @{10} และดาเมจเพิ่มขึ้น ^{11}@{11}%^{12}
10110300976	Katar-exclusive skill. Locks onto an enemy target within @{1} meters and launches a row of spinning blades, dealing Neutral Physical damage equal to the number of blades (minimum @{2}) * Physical ATK * ^{1}@{3}%^{2}. At @{4} blade stacks, this skill's cooldown is ^{3}reset^{4}.	สกิลเฉพาะคาตาร์ ล็อกศัตรูในระยะ @{1} เมตรแล้วปล่อยแถวใบมีดหมุน สร้างดาเมจกายภาพธาตุ Neutral เท่ากับจำนวนใบมีด (ขั้นต่ำ @{2}) * P.ATK * ^{1}@{3}%^{2} เมื่อมีใบมีด @{4} stacks จะ ^{3}รีเซ็ต^{4} CD สกิลนี้
10110300977	Katar-exclusive skill. Quickly spin in place, dealing ^{1}@{3}%^{2} Physical damage to up to @{2} enemies within @{1} meters and adding @{4} blades to Cross Ripper Slasher, up to a maximum of @{5}. ^{3}This skill is treated as a Normal Attack^{4}.	สกิลเฉพาะคาตาร์ หมุนตัวเร็วอยู่กับที่ สร้างดาเมจกายภาพ ^{1}@{3}%^{2} แก่ศัตรูสูงสุด @{2} ตัว ในระยะ @{1} เมตร และเพิ่มใบมีด Cross Ripper Slasher @{4} ใบ สูงสุด @{5} ใบ ^{3}สกิลนี้ถือเป็นการโจมตีปกติ^{4}
10110300985	Summons countless shadows to attack enemies, dealing a total of Physical ATK*^{1}${3}%*(@{1}+Attack Speed*@{2})^{2} Neutral melee Physical damage to up to ${2} enemies within ${1}m. Grants the caster ^{3}Endure^{4} while casting this skill.	เรียกเงานับไม่ถ้วนโจมตีศัตรู สร้างดาเมจกายภาพระยะประชิดธาตุ Neutral รวมเท่ากับ P.ATK*^{1}${3}%*(@{1}+ASPD*@{2})^{2} แก่ศัตรูสูงสุด ${2} ตัว ในระยะ ${1} เมตร ผู้ใช้ได้รับ ^{3}Endure^{4} ขณะใช้
10110300986	Command shadows to stomp down from above, dealing a total of Physical ATK*^{1}${3}%*(@{1}+Attack Speed*@{2}）^{2} as Neutral melee Physical damage to up to ${2} enemies within a ${1}-meter radius. Gain ^{3}Endure^{4} while using this skill.	สั่งเงาเหยียบลงจากด้านบน สร้างดาเมจกายภาพระยะประชิดธาตุ Neutral รวมเท่ากับ P.ATK*^{1}${3}%*(@{1}+ASPD*@{2}）^{2} แก่ศัตรูสูงสุด ${2} ตัว ในรัศมี ${1} เมตร ได้รับ ^{3}Endure^{4} ขณะใช้
10110300987	Unleashes several shadow slashes, dealing Neutral melee Physical damage equal to Physical ATK*^{1}${3}%*(@{1}+Attack Speed*@{2})^{2} to up to ${2} enemies within a ${1}-meter radius. You are ^{3}Invincible^{4} during this time. Immediately ^{5}refreshes 【Shadow Command】^{6}.	ฟันด้วยเงาหลายครั้ง สร้างดาเมจกายภาพระยะประชิดธาตุ Neutral เท่ากับ P.ATK*^{1}${3}%*(@{1}+ASPD*@{2})^{2} แก่ศัตรูสูงสุด ${2} ตัว ในรัศมี ${1} เมตร คุณเป็น ^{3}Invincible^{4} ระหว่างนี้ และ ^{5}รีเฟรช [ Shadow Command ]^{6} ทันที
10110300988	When 【Enhance Camouflage】 ends, unleash a ring of discs that deals a total of ^{1}@{3}%^{2} Physical damage to up to @{2} enemies within @{1} meters (the more targets within range, the less damage each target takes) and reduces their Movement Speed by ^{3}@{4}%^{4} for @{5} seconds	เมื่อ [ Enhance Camouflage ] สิ้นสุด ปล่อยวงจานแสง สร้างดาเมจกายภาพรวม ^{1}@{3}%^{2} แก่ศัตรูสูงสุด @{2} ตัว ในระยะ @{1} เมตร (ยิ่งมีเป้าหมายในระยะมาก แต่ละเป้าหมายยิ่งได้รับดาเมจน้อย) และลด MSPD ลง ^{3}@{4}%^{4} เป็นเวลา @{5} วินาที
10110300990	Strike the target with the power of the soul, dealing ranged Ghost magic damage equal to Magic ATK*^{1}${2}%^{2} to the designated ST enemy within ${1} meters. While in 【Reading】, consume @{1} stacks of 【Pages】 to cast this skill 1 Extra time.	โจมตีเป้าหมายด้วยพลังวิญญาณ สร้างดาเมจเวทระยะไกลธาตุ Ghost เท่ากับ M.ATK*^{1}${2}%^{2} แก่ศัตรู Single Target ที่กำหนดในระยะ ${1} เมตร ขณะอยู่ใน [ Reading ] ใช้ @{1} stacks ของ [ Pages ] เพื่อใช้สกิลเพิ่ม 1 ครั้ง
10110300991	Use psychic power to summon White Imprison, trapping ${1} enemies within ${2} meters and dealing Ghost-property ranged magic damage equal to Magic ATK*^{1}${3}%^{2}. Inflicts ^{3}【Immobilize】^{4} for ${4} seconds and 【Prison】 for ${5} seconds. 【Prison】: Physical and magic damage taken increases by ${6}%. 【Immobilize】: Interrupts movement. Cannot move.	ใช้พลังจิตเรียก White Imprison กักศัตรู ${1} ตัว ในระยะ ${2} เมตรและสร้างดาเมจเวทระยะไกลธาตุ Ghost เท่ากับ M.ATK*^{1}${3}%^{2} ทำให้ติด ^{3}[ Immobilize ]^{4} เป็นเวลา ${4} วินาที และ [ Prison ] เป็นเวลา ${5} วินาที [ Prison ]: ดาเมจกายภาพและเวทที่ได้รับเพิ่มขึ้น ${6}% [ Immobilize ]: ขัดจังหวะการเคลื่อนที่ ไม่สามารถเคลื่อนที่ได้
10110300992	Unleash psychic power, entering 【Intense Telekinesis】 for ${1} sec. While active, Ghost property damage increases by ^{1}${2}%^{2} and Movement Speed increases by ${3}%.	ปล่อยพลังจิต เข้าสู่ [ Intense Telekinesis ] เป็นเวลา ${1} วินาที ขณะมีผล ดาเมจธาตุ Ghost เพิ่มขึ้น ^{1}${2}%^{2} และ MSPD เพิ่มขึ้น ${3}%
10110300994	Focuses psychic power to distort space, dealing Magic ATK * ^{1}${4}%^{2} Ghost-property ranged magic damage to a designated ST enemy within ${1}m and up to ${3} other enemies within ${2}m of the target. While in ^{3}【Reading】^{4}, consumes ${5} stacks of ^{5}【Pages】^{6} to cast this skill ${6} Extra times.	รวมพลังจิตบิดเบือนมิติ สร้างดาเมจเวทระยะไกลธาตุ Ghost เท่ากับ M.ATK * ^{1}${4}%^{2} แก่ศัตรู Single Target ที่กำหนดในระยะ ${1} เมตร และศัตรูอื่นสูงสุด ${3} ตัว ในระยะ ${2} เมตรรอบเป้าหมาย ขณะอยู่ใน ^{3}[ Reading ]^{4} ใช้ ${5} stacks ของ ^{5}[ Pages ]^{6} เพื่อใช้สกิลเพิ่ม ${6} ครั้ง
10110300995	The Warlock periodically gathers energy, automatically generating ${2} ^{1}【Psychic Astral Body】^{2} every ${1} seconds, up to ${3}. If ${4} ^{3}【Psychic Astral Body】^{4} are Owned, the next ${5} times You deal Ghost Damage, all ^{5}【Psychic Astral Body】^{6} will Launch. Each deals Ghost Ranged Magic damage equal to MATK * ^{7}${8}%^{8} to the target enemy and up to ${7} Other enemies within ${6} meters, and applies a ${10}% Slow for ${9} seconds.	Warlock รวมพลังเป็นระยะ สร้าง ${2} ร่างของ ^{1}[ Psychic Astral Body ]^{2} อัตโนมัติทุก ${1} วินาที สูงสุด ${3} ร่าง หากมี ${4} ร่างของ ^{3}[ Psychic Astral Body ]^{4} ในการสร้างดาเมจ Ghost ${5} ครั้งถัดไป จะปล่อย ^{5}[ Psychic Astral Body ]^{6} ทั้งหมด แต่ละร่างสร้างดาเมจเวทระยะไกลธาตุ Ghost เท่ากับ M.ATK * ^{7}${8}%^{8} แก่ศัตรูเป้าหมายและศัตรูอื่นสูงสุด ${7} ตัว ในระยะ ${6} เมตร พร้อมลดความเร็ว ${10}% เป็นเวลา ${9} วินาที
10110300996	Deals Physical ATK*^{1}${3}%+${4}^{2} Fire-property melee Physical damage to up to ${2} enemies within a ${1}-meter radius, increases your Fire-property damage by ^{3}${5}%^{4}, and changes ^{5}^{6}【Basic Attack】^{7}^{8} to Fire property for ${6} sec.	สร้างดาเมจกายภาพระยะประชิดธาตุ Fire เท่ากับ P.ATK*^{1}${3}%+${4}^{2} แก่ศัตรูสูงสุด ${2} ตัว ในรัศมี ${1} เมตร เพิ่มดาเมจธาตุ Fire ของคุณขึ้น ^{3}${5}%^{4} และเปลี่ยน ^{5}^{6}[ Basic Attack ]^{7}^{8} เป็นธาตุ Fire เป็นเวลา ${6} วินาที
10110300998	Deals ^{1}${3}%+${4}^{2} Neutral Physical melee damage to up to ${2} enemies within ${1} meters, and increases your Physical DEF by ^{3}${5}^{4} for ${6} seconds. When this skill hits a monster, it greatly increases the monster's hatred toward you.	สร้างดาเมจกายภาพระยะประชิดธาตุ Neutral ^{1}${3}%+${4}^{2} แก่ศัตรูสูงสุด ${2} ตัว ในระยะ ${1} เมตร และเพิ่ม P.DEF ขึ้น ^{3}${5}^{4} เป็นเวลา ${6} วินาที เมื่อสกิลนี้โจมตีมอนสเตอร์ เพิ่มความเกลียดชังของมอนสเตอร์ที่มีต่อคุณอย่างมาก
10110301004	Deals three hits totaling Physical ATK*^{1}${3}%+${4}^{2} Neutral melee Physical damage to up to ${2} enemies in a designated area with a ${1}-meter radius within @{1} meters of you.	โจมตีสามครั้ง สร้างดาเมจกายภาพระยะประชิดธาตุ Neutral รวมเท่ากับ P.ATK*^{1}${3}%+${4}^{2} แก่ศัตรูสูงสุด ${2} ตัว ในพื้นที่ที่กำหนดรัศมี ${1} เมตร ซึ่งอยู่ในระยะ @{1} เมตรจากคุณ
10110301005	After casting, enter a Parry state for ${1} sec. While active, ^{1}^{2}【Immune to Debuffs】^{3}^{4}. When Parry ends, perform an Auto Counter against up to ${5} enemies within a ${6}m * ${7}m area ahead, dealing Physical ATK * ^{5}${2}% + ${3}^{6} Neutral melee Physical damage. If you take melee Physical damage while parrying, Auto Counter damage increases by ${4}%.	หลังใช้ เข้าสู่ Parry เป็นเวลา ${1} วินาที ขณะมีผล ^{1}^{2}[ Immune to Debuffs ]^{3}^{4} เมื่อ Parry สิ้นสุด โต้กลับศัตรูสูงสุด ${5} ตัว ในพื้นที่ด้านหน้าขนาด ${6} เมตร * ${7} เมตร สร้างดาเมจกายภาพระยะประชิดธาตุ Neutral เท่ากับ P.ATK * ^{5}${2}% + ${3}^{6} หากได้รับดาเมจกายภาพระยะประชิดขณะ Parry ดาเมจโต้กลับเพิ่มขึ้น ${4}%
10110301006	Taking melee Physical damage triggers Auto Counter, dealing Physical ATK*^{1}${1}%+${2}^{2} Neutral melee Physical damage to ${3} enemies in a ${4}m*${5}m area in front of you.	การได้รับดาเมจกายภาพระยะประชิดทำให้โต้กลับ สร้างดาเมจกายภาพระยะประชิดธาตุ Neutral เท่ากับ P.ATK*^{1}${1}%+${2}^{2} แก่ศัตรู ${3} ตัว ในพื้นที่ด้านหน้าขนาด ${4} เมตร*${5} เมตร
10110301007	Spear-exclusive skill. Attacks with a Spear, dealing Neutral Ranged Physical damage equal to PATK * ^{1}${3}%+${4}^{2} to the designated ST enemy within ${1} meters.	สกิลเฉพาะหอก ใช้หอกโจมตี สร้างดาเมจกายภาพระยะไกลธาตุ Neutral เท่ากับ P.ATK * ^{1}${3}%+${4}^{2} แก่ศัตรู Single Target ที่กำหนดในระยะ ${1} เมตร
10110301008	Spear-exclusive skill. Attacks with a Spear, dealing Neutral Ranged Physical damage equal to PATK * ^{1}${3}%+${4}^{2} to the designated ST enemy within ${1} meters and ${5} Other enemies within ${2} meters of the target.	สกิลเฉพาะหอก ใช้หอกโจมตี สร้างดาเมจกายภาพระยะไกลธาตุ Neutral เท่ากับ P.ATK * ^{1}${3}%+${4}^{2} แก่ศัตรู Single Target ที่กำหนดในระยะ ${1} เมตร และศัตรูอื่น ${5} ตัว ในระยะ ${2} เมตรรอบเป้าหมาย
10110301009	Spear-exclusive skill. Drives the Spear deep into the target, dealing Neutral Ranged Physical damage equal to PATK * ^{1}${2}%+${3}^{2} to the designated ST enemy within ${1} meters and applying ^{3}【Knockback】^{4} for ${4} meters.	สกิลเฉพาะหอก แทงหอกลึกเข้าเป้าหมาย สร้างดาเมจกายภาพระยะไกลธาตุ Neutral เท่ากับ P.ATK * ^{1}${2}%+${3}^{2} แก่ศัตรู Single Target ที่กำหนดในระยะ ${1} เมตร และทำให้ติด ^{3}[ Knockback ]^{4} กระเด็น ${4} เมตร
10110301010	Spear-exclusive skill. Uses Spear Throw on the target, dealing Neutral Ranged Physical damage totaling PATK * ^{1}${2}%+${3}^{2} over @{1} hits to the designated ST enemy within ${1} meters.	สกิลเฉพาะหอก ขว้างหอกใส่เป้าหมาย สร้างดาเมจกายภาพระยะไกลธาตุ Neutral รวมเท่ากับ P.ATK * ^{1}${2}%+${3}^{2} ใน @{1} ครั้ง แก่ศัตรู Single Target ที่กำหนดในระยะ ${1} เมตร
10110301011	Spear-exclusive skill. Throws an Explosive Spear at the target, dealing Neutral Ranged Physical damage equal to PATK * ^{1}${2}%+${3}^{2} to the designated ST enemy within ${1} meters and ${5} Other enemies within ${4} meters of the target.	สกิลเฉพาะหอก ขว้างหอกระเบิดใส่เป้าหมาย สร้างดาเมจกายภาพระยะไกลธาตุ Neutral เท่ากับ P.ATK * ^{1}${2}%+${3}^{2} แก่ศัตรู Single Target ที่กำหนดในระยะ ${1} เมตร และศัตรูอื่น ${5} ตัว ในระยะ ${4} เมตรรอบเป้าหมาย
10110301012	Charge at a designated ST enemy within ${1} meters, dealing Physical ATK*^{1}${2}%+${3}^{2} Neutral melee Physical damage and inflicting ${4} sec. of ^{3}^{4}【Stun】^{5} ^{6}.	พุ่งใส่ศัตรู Single Target ที่กำหนดในระยะ ${1} เมตร สร้างดาเมจกายภาพระยะประชิดธาตุ Neutral เท่ากับ P.ATK*^{1}${2}%+${3}^{2} และทำให้ติดสถานะ ${4} วินาที ^{3}^{4}[ Stun ]^{5} ^{6}
10110301013	Spear-exclusive skill. Thrusts at the target, dealing Neutral Ranged Physical damage totaling PATK * ^{1}${2}%^{2}+^{3}${3}^{4} over @{1} hits to the designated ST enemy within ${1} meters.	สกิลเฉพาะหอก แทงเป้าหมาย สร้างดาเมจกายภาพระยะไกลธาตุ Neutral รวมเท่ากับ P.ATK * ^{1}${2}%^{2}+^{3}${3}^{4} ใน @{1} ครั้ง แก่ศัตรู Single Target ที่กำหนดในระยะ ${1} เมตร
10110301015	Harness the power of a Knight to strike an enemy, dealing ^{1}${2}%+${3}^{2} Neutral ranged Physical damage to a designated ST target within ${1} meters and inflicting ${5}%^{3}【Slow】^{4} for ${4} seconds.	ใช้พลัง Knight โจมตีศัตรู สร้างดาเมจกายภาพระยะไกลธาตุ Neutral ^{1}${2}%+${3}^{2} แก่เป้าหมาย Single Target ที่กำหนดในระยะ ${1} เมตร และทำให้ติด ${5}%^{3}[ Slow ]^{4} เป็นเวลา ${4} วินาที
10110301017	Focus your energy and gain the ^{1}^{2}【Endure Lv.@{1}】^{3}^{4} effect for ${1} sec, increasing your HIT by ^{5}${2}^{6} and Physical ATK by ^{7}${3}^{8}, while reducing your Physical DEF by ^{9}${4}^{10} for ${5} sec.	รวมพลังและได้รับ ^{1}^{2}[ Endure Lv.@{1} ]^{3}^{4} เป็นเวลา ${1} วินาที เพิ่ม HIT ขึ้น ^{5}${2}^{6} และ P.ATK ขึ้น ^{7}${3}^{8} แต่ลด P.DEF ลง ^{9}${4}^{10} เป็นเวลา ${5} วินาที
10110301018	Two-Handed Sword-exclusive skill. Grants ^{1}【Parry】^{2} for ${1} seconds. While Active, increases your PDEF and MDEF by ^{3}${2}^{4}. When You take melee Physical damage, casts ^{5}^{6}【Auto Counter】^{7}^{8} in front of You. Internal cooldown: ${3} seconds.	สกิลเฉพาะดาบสองมือ มอบ ^{1}[ Parry ]^{2} เป็นเวลา ${1} วินาที ขณะมีผล เพิ่ม P.DEF และ M.DEF ขึ้น ^{3}${2}^{4} เมื่อได้รับดาเมจกายภาพระยะประชิด ใช้ ^{5}^{6}[ Auto Counter ]^{7}^{8} ด้านหน้า CD ภายใน: ${3} วินาที
10110301019	Spear-exclusive skill. Deals Neutral Ranged Physical damage totaling PATK * ^{3}${3}%+${4}^{4} over ^{1}${2}^{2} hits to the designated ST enemy within ${1} meters.	สกิลเฉพาะหอก สร้างดาเมจกายภาพระยะไกลธาตุ Neutral รวมเท่ากับ P.ATK * ^{3}${3}%+${4}^{4} ใน ^{1}${2}^{2} ครั้ง แก่ศัตรู Single Target ที่กำหนดในระยะ ${1} เมตร
10110301020	Spear-exclusive skill. Deals Neutral Ranged Physical damage totaling PATK * ^{3}${3}%+${4}^{4} over ^{1}${2}^{2} hits to the designated ST enemy within ${1} meters and ${6} Other enemies within ${5} meters of the target.	สกิลเฉพาะหอก สร้างดาเมจกายภาพระยะไกลธาตุ Neutral รวมเท่ากับ P.ATK * ^{3}${3}%+${4}^{4} ใน ^{1}${2}^{2} ครั้ง แก่ศัตรู Single Target ที่กำหนดในระยะ ${1} เมตร และศัตรูอื่น ${6} ตัว ในระยะ ${5} เมตรรอบเป้าหมาย
10110301027	Can only be cast while riding a dragon. The dragon mount lets out a roar, removing all status ailments, granting ^{1}^{2}【Debuff Immunity】^{3}^{4} for ${1} sec, and increasing DEF by ^{5}${2}%^{6}.	ใช้ได้เฉพาะขณะขี่มังกร พาหนะมังกรคำราม ล้างสถานะผิดปกติทั้งหมด มอบ ^{1}^{2}[ Debuff Immunity ]^{3}^{4} เป็นเวลา ${1} วินาที และเพิ่ม DEF ขึ้น ^{5}${2}%^{6}
10110301028	While riding a dragon, increases Movement Speed by ^{1}${1}%^{2} and increases the damage of ^{3}^{4}【Dragon Breath (Fire)】^{5}^{6} and ^{7}^{8}【Dragon Breath (Water)】^{9}^{10} by ^{11}${2}%^{12}.	ขณะขี่มังกร เพิ่ม MSPD ขึ้น ^{1}${1}%^{2} และเพิ่มดาเมจของ ^{3}^{4}[ Dragon Breath (Fire) ]^{5}^{6} กับ ^{7}^{8}[ Dragon Breath (Water) ]^{9}^{10} ขึ้น ^{11}${2}%^{12}
10110301029	A skill exclusive to two-handed Spears. Charge up to generate a spiral of energy, then hurl your Spear at the target, dealing Neutral ranged Physical damage equal to Physical ATK * ^{1}${2}%^{2} to the targeted enemy within ${1} meters, pulling them in front of you and inflicting ^{3}^{4}【Immobilize】^{5}^{6} for ${3} sec.	สกิลเฉพาะหอกสองมือ ชาร์จสร้างเกลียวพลังแล้วขว้างหอกใส่เป้าหมาย สร้างดาเมจกายภาพระยะไกลธาตุ Neutral เท่ากับ P.ATK * ^{1}${2}%^{2} แก่ศัตรูเป้าหมายในระยะ ${1} เมตร ดึงเข้าด้านหน้าและทำให้ติด ^{3}^{4}[ Immobilize ]^{5}^{6} เป็นเวลา ${3} วินาที
10110301030	Slash forward rapidly with your weapon, unleashing three massive shockwaves in succession that deal ${4} hits of Neutral ranged Physical damage equal to Physical ATK * ^{1}${5}%^{2} to up to ${3} enemies within a ${1}m × ${2}m area.	ฟันอาวุธไปด้านหน้าเร็ว ปล่อยคลื่นกระแทกมหึมาสามคลื่นต่อเนื่อง สร้างดาเมจกายภาพระยะไกลธาตุ Neutral ${4} ครั้ง เท่ากับ P.ATK * ^{1}${5}%^{2} แก่ศัตรูสูงสุด ${3} ตัว ในพื้นที่ขนาด ${1} เมตร × ${2} เมตร
10110301031	For ${1} sec after activating the skill, taking melee damage from an enemy player reflects the damage to nearby enemies, dealing Neutral Physical melee damage equal to *^{1}${4}%^{2} of the damage taken to up to ${3} enemies within a ${2}-meter radius. Can trigger once every ${5} sec.	ใน ${1} วินาทีหลังเปิดใช้ การได้รับดาเมจระยะประชิดจากผู้เล่นศัตรูสะท้อนดาเมจไปยังศัตรูใกล้เคียง สร้างดาเมจกายภาพระยะประชิดธาตุ Neutral เท่ากับ *^{1}${4}%^{2} ของดาเมจที่ได้รับ แก่ศัตรูสูงสุด ${3} ตัว ในรัศมี ${2} เมตร เกิดผลได้ครั้งเดียวทุก ${5} วินาที
10110301021	Gain ^{1}Slow Immunity^{2}, increasing the percentage damage multiplier of your ^{3}^{4}【Basic Attack】^{5}^{6} by ^{7}${1}%^{8} and that of ^{9}^{10}【Spiral Pierce】^{11}^{12} by ^{13}${2}%^{14} for ${3} sec.	ได้รับ ^{1}การป้องกัน Slow^{2} เพิ่มตัวคูณดาเมจแบบเปอร์เซ็นต์ของ ^{3}^{4}[ Basic Attack ]^{5}^{6} ขึ้น ^{7}${1}%^{8} และของ ^{9}^{10}[ Spiral Pierce ]^{11}^{12} ขึ้น ^{13}${2}%^{14} เป็นเวลา ${3} วินาที
10110301024	Dives toward a designated location within ${1} meters. Upon landing, deals Neutral melee Physical damage equal to PATK * ^{3}${6}%^{4} and applies a ^{1}${5}%【Slow】^{2} for ${4} seconds to up to ${3} enemies within a ${2}-meter radius. Every @{1}% ASPD increases this damage by ^{5}${10}%^{6}, up to @{2}% ASPD. For each enemy hit, You gain a ^{9}【Shield】^{10} equal to ^{7}${7}%^{8} of Max HP for ${8} seconds, up to ^{11}${9}%^{12}.	พุ่งลงตำแหน่งที่กำหนดในระยะ ${1} เมตร เมื่อลงพื้น สร้างดาเมจกายภาพระยะประชิดธาตุ Neutral เท่ากับ P.ATK * ^{3}${6}%^{4} และทำให้ติด ^{1}${5}%[ Slow ]^{2} เป็นเวลา ${4} วินาที แก่ศัตรูสูงสุด ${3} ตัว ในรัศมี ${2} เมตร ASPD ทุก @{1}% เพิ่มดาเมจนี้ ^{5}${10}%^{6} คิด ASPD สูงสุด @{2}% ศัตรูแต่ละตัวที่โจมตีโดนมอบ ^{9}[ Shield ]^{10} เท่ากับ ^{7}${7}%^{8} ของ HP สูงสุด เป็นเวลา ${8} วินาที สูงสุด ^{11}${9}%^{12}
10110301025	Can only be cast while riding a dragon. The dragon Mount breathes fire, dealing Fire Ranged Physical damage totaling PATK * ^{1}${5}%^{2} over ${4} hits to up to ${3} enemies in a ${1}-meter x ${2}-meter area in the designated direction, with a ^{3}${6}%^{4} Chance to Burn damaged enemies, dealing Fire Ranged Physical damage totaling PATK * ^{5}${7}%^{6} over @{1} hits.	ใช้ได้เฉพาะขณะขี่มังกร พาหนะมังกรพ่นไฟ สร้างดาเมจกายภาพระยะไกลธาตุ Fire รวมเท่ากับ P.ATK * ^{1}${5}%^{2} ใน ${4} ครั้ง แก่ศัตรูสูงสุด ${3} ตัว ในพื้นที่ขนาด ${1} เมตร x ${2} เมตรตามทิศที่กำหนด มีโอกาส ^{3}${6}%^{4} ทำให้ศัตรูที่ถูกโจมตีติด Burn สร้างดาเมจกายภาพระยะไกลธาตุ Fire รวมเท่ากับ P.ATK * ^{5}${7}%^{6} ใน @{1} ครั้ง
10110301026	Can only be cast while riding a dragon. The dragon mount breathes a wintry orb, dealing ${4} hits of Water ranged Physical damage totaling Physical ATK * ^{1}${5}%^{2} to up to ${3} enemies within a ${1}m x ${2}m area in the target direction, with a ^{3}${6}%^{4} Chance to inflict ^{5}^{6}【Frozen】^{7}^{8} for ${7} sec.	ใช้ได้เฉพาะขณะขี่มังกร พาหนะมังกรพ่นลูกแก้วหนาวเย็น สร้างดาเมจกายภาพระยะไกลธาตุ Water ${4} ครั้ง รวมเท่ากับ P.ATK * ^{1}${5}%^{2} แก่ศัตรูสูงสุด ${3} ตัว ในพื้นที่ขนาด ${1} เมตร x ${2} เมตรตามทิศเป้าหมาย มีโอกาส ^{3}${6}%^{4} ทำให้ติด ^{5}^{6}[ Frozen ]^{7}^{8} เป็นเวลา ${7} วินาที
10110301034	Draws power from a Rune, increasing your PATK by ^{1}${2}%^{2} and ASPD by ^{3}${3}%^{4} for ${1} seconds. At Skill Level ${4}, also increases HP recover efficiency by ^{5}${5}%^{6}.	ดึงพลังจากรูน เพิ่ม P.ATK ขึ้น ^{1}${2}%^{2} และ ASPD ขึ้น ^{3}${3}%^{4} เป็นเวลา ${1} วินาที ที่เลเวลสกิล ${4} เพิ่มประสิทธิภาพฟื้นฟู HP ขึ้น ^{5}${5}%^{6} ด้วย
10110301035	Drives the Weapon into the ground, unleashing a massive shockwave toward the locked-on target that deals Neutral Ranged Physical damage totaling PATK * ^{1}${5}%^{2} over ${4} hits to up to ${3} enemies in a ${1}-meter by ${2}-meter area in front of You (^{3}^{4}Luck Resonance ${7}%^{5}^{6}), inflicts Knock-Up and ^{7}^{8}【Immobilize】^{9}^{10} for ${6} seconds, and triggers ^{11}【Furious Storm】^{12} on You. ^{13}【Furious Storm】^{14}: Clears all current 【Rain of Spears】 charges and grants @{1} charges of ^{15}^{16}【Hundred Spear - Enhance】^{17}^{18}.	ปักอาวุธลงพื้น ปล่อยคลื่นกระแทกมหึมาไปหาเป้าหมายที่ล็อก สร้างดาเมจกายภาพระยะไกลธาตุ Neutral รวมเท่ากับ P.ATK * ^{1}${5}%^{2} ใน ${4} ครั้ง แก่ศัตรูสูงสุด ${3} ตัว ในพื้นที่ด้านหน้าขนาด ${1} เมตรคูณ ${2} เมตร (^{3}^{4}Luck Resonance ${7}%^{5}^{6}) ทำให้ลอยขึ้นและติด ^{7}^{8}[ Immobilize ]^{9}^{10} เป็นเวลา ${6} วินาที และทำให้คุณได้รับ ^{11}[ Furious Storm ]^{12} ^{13}[ Furious Storm ]^{14}: ล้างชาร์จ [ Rain of Spears ] ปัจจุบันทั้งหมด และมอบชาร์จ @{1} ของ ^{15}^{16}[ Hundred Spear - Enhance ]^{17}^{18}
10110301043	When a Dagger is equipped, each Basic Attack has a ^{1}${1}%^{2} Chance to deal ${2} Extra hits of Neutral melee Physical damage equal to PATK * ^{3}${3}%^{4} (this damage is not considered a Normal Attack).\nWhen a Katar is equipped, increases CRIT Stat by ^{5}${4}^{6}.	เมื่อสวมมีดสั้น การโจมตีพื้นฐานแต่ละครั้งมีโอกาส ^{1}${1}%^{2} สร้างดาเมจกายภาพระยะประชิดธาตุ Neutral เพิ่ม ${2} ครั้ง เท่ากับ P.ATK * ^{3}${3}%^{4} (ดาเมจนี้ไม่ถือเป็นการโจมตีปกติ)\nเมื่อสวมคาตาร์ เพิ่มค่าสถานะ CRIT ขึ้น ^{5}${4}^{6}
10110301044	After use, Movement Speed increases by ^{1}${1}%^{2} for ^{3}${2}^{4} seconds.\nThis speed boost is immediately removed after attacking or taking damage a total of ^{5}${3}^{6} times.	หลังใช้ MSPD เพิ่มขึ้น ^{1}${1}%^{2} เป็นเวลา ^{3}${2}^{4} วินาที\nล้างโบนัสความเร็วนี้ทันทีหลังโจมตีหรือได้รับดาเมจรวม ^{5}${3}^{6} ครั้ง
10110301045	Deals ${2}% Neutral melee Physical damage to the selected ST enemy within ${1} meters. Every ${3}% Attack Speed increases this damage by ${4}%. If cast while 【Hiding】, deals ${5}% Extra damage and ^{1}【Slows】^{2} the target by ${6}% for ${7} sec.	สร้างดาเมจกายภาพระยะประชิดธาตุ Neutral ${2}% แก่ศัตรู Single Target ที่เลือกในระยะ ${1} เมตร ASPD ทุก ${3}% เพิ่มดาเมจนี้ ${4}% หากใช้ขณะ [ Hiding ] สร้างดาเมจเพิ่ม ${5}% และทำให้เป้าหมายติด ^{1}[ Slows ]^{2} ลดความเร็ว ${6}% เป็นเวลา ${7} วินาที
10110301049	While equipped with a Katar-type weapon, increases Physical ATK by ^{1}${1}^{2} and increases the damage multiplier of [Assassin Normal Attack] by ^{3}${2}%^{4}.	เมื่อสวมอาวุธคาตาร์ เพิ่ม P.ATK ขึ้น ^{1}${1}^{2} และเพิ่มตัวคูณดาเมจของ [ Assassin Normal Attack ] ขึ้น ^{3}${2}%^{4}
10110301050	Katar-exclusive skill. Rapidly attacks the target, dealing Neutral melee Physical damage equal to PATK * ^{1}${2}%+${3}^{2} to the designated ST enemy within ${1} meters. If the target's HP is at or below ^{3}${4}%^{4}, increases the percentage damage multiplier of 【Sonic Blow】 by ^{5}${5}%^{6}.	สกิลเฉพาะคาตาร์ โจมตีเป้าหมายรวดเร็ว สร้างดาเมจกายภาพระยะประชิดธาตุ Neutral เท่ากับ P.ATK * ^{1}${2}%+${3}^{2} แก่ศัตรู Single Target ที่กำหนดในระยะ ${1} เมตร หาก HP เป้าหมายไม่เกิน ^{3}${4}%^{4} เพิ่มตัวคูณดาเมจแบบเปอร์เซ็นต์ของ [ Sonic Blow ] ขึ้น ^{5}${5}%^{6}
10110301051	Allows 【Sonic Blow】 to trigger its damage increase effect when the target's Life is at or below ^{1}${1}%^{2}, and changes the percentage damage multiplier increase to ^{3}${2}%^{4}.	ทำให้ [ Sonic Blow ] เกิดผลเพิ่มดาเมจเมื่อ HP เป้าหมายไม่เกิน ^{1}${1}%^{2} และเปลี่ยนค่าที่เพิ่มตัวคูณดาเมจแบบเปอร์เซ็นต์เป็น ^{3}${2}%^{4}
10110301052	Cast in a selected direction to perform Movement ${1} meters away from the target and enter the ^{1}^{2}【Hiding】^{3}^{4} state for ${2} seconds.\nDealing or taking damage a total of ^{5}${3}^{6} times immediately ends the ^{7}【Hiding】 state^{8}.	ใช้ตามทิศที่เลือกเพื่อเคลื่อนที่ห่างจากเป้าหมาย ${1} เมตรและเข้าสู่ ^{1}^{2}[ Hiding ]^{3}^{4} เป็นเวลา ${2} วินาที\nการสร้างหรือได้รับดาเมจรวม ^{5}${3}^{6} ครั้งทำให้สถานะ ^{7}[ Hiding ] สิ้นสุดทันที^{8}
10110301053	Dagger-exclusive skill. Throws a poisoned blade, dealing Poison Ranged Physical damage equal to PATK * ^{1}${2}%+${3}^{2} to the designated ST enemy within ${1} meters. Then Launches a poisoned blade at a random enemy within ${4} meters of the target, dealing Poison Ranged Physical damage equal to PATK * ^{3}${5}%+${6}^{4}, up to ^{5}${7}^{6} times.	สกิลเฉพาะมีดสั้น ขว้างใบมีดพิษ สร้างดาเมจกายภาพระยะไกลธาตุ Poison เท่ากับ P.ATK * ^{1}${2}%+${3}^{2} แก่ศัตรู Single Target ที่กำหนดในระยะ ${1} เมตร จากนั้นปล่อยใบมีดพิษใส่ศัตรูสุ่มในระยะ ${4} เมตรรอบเป้าหมาย สร้างดาเมจกายภาพระยะไกลธาตุ Poison เท่ากับ P.ATK * ^{3}${5}%+${6}^{4} สูงสุด ^{5}${7}^{6} ครั้ง
10110301054	Deals Physical ATK*^{1}${4}%+${5}^{2} ranged Poison Physical damage to up to ${3} enemies within a ${2}-meter radius around a target within ${1} meters of you, and inflicts ^{3}^{4}【Poisoned】^{5}^{6} damage on the target.	สร้างดาเมจกายภาพระยะไกลธาตุ Poison เท่ากับ P.ATK*^{1}${4}%+${5}^{2} แก่ศัตรูสูงสุด ${3} ตัว ในรัศมี ${2} เมตรรอบเป้าหมายที่อยู่ในระยะ ${1} เมตรจากคุณ และทำให้เป้าหมายได้รับดาเมจ ^{3}^{4}[ Poisoned ]^{5}^{6}
10110301057	Deals Physical ATK*^{1}${4}%+${5}^{2} Neutral melee Physical damage to the selected ST enemy within ${1} meters and up to ${3} other enemies within ${2} meters of it, and slows them by ^{3}【Slow】^{4}${6}% for ${7} seconds.	สร้างดาเมจกายภาพระยะประชิดธาตุ Neutral เท่ากับ P.ATK*^{1}${4}%+${5}^{2} แก่ศัตรู Single Target ที่เลือกในระยะ ${1} เมตร และศัตรูอื่นสูงสุด ${3} ตัว ในระยะ ${2} เมตรรอบเป้าหมาย พร้อมทำให้ติด ^{3}[ Slow ]^{4} ลดความเร็ว ${6}% เป็นเวลา ${7} วินาที
10110301058	Plants timed Dynamite on a designated ST enemy within ${1} meters. Each player can have up to @{1} timed Dynamite planted on them. After ${2} seconds, deals Physical ATK*^{1}${5}%+${6}^{2} Poison-element ranged Physical damage that ignores FLEE to the designated enemy and up to ${4} other enemies within a ${3}-meter radius, and inflicts ^{3}^{4}【Poisoned】^{5}^{6} damage on the targets.	วาง Dynamite ตั้งเวลาใส่ศัตรู Single Target ที่กำหนดในระยะ ${1} เมตร ผู้เล่นแต่ละคนถูกวางได้สูงสุด @{1} ลูก หลัง ${2} วินาที สร้างดาเมจกายภาพระยะไกลธาตุ Poison เท่ากับ P.ATK*^{1}${5}%+${6}^{2} โดยไม่สนใจ FLEE แก่ศัตรูที่กำหนดและศัตรูอื่นสูงสุด ${4} ตัว ในรัศมี ${3} เมตร และทำให้เป้าหมายได้รับดาเมจ ^{3}^{4}[ Poisoned ]^{5}^{6}
10110301059	After casting, gain an effect that lasts ${1} sec. While active, ^{1}Basic Attack becomes Poison-property^{2}. When your Basic Attack deals damage, there is a ^{3}${2}%^{4} Chance to inflict ^{5}^{6}【Poisoned】^{7}^{8} damage on the target.	หลังใช้ ได้รับผลเป็นเวลา ${1} วินาที ขณะมีผล ^{1}การโจมตีพื้นฐานเปลี่ยนเป็นธาตุ Poison^{2} เมื่อการโจมตีพื้นฐานสร้างดาเมจ มีโอกาส ^{3}${2}%^{4} ทำให้เป้าหมายได้รับดาเมจ ^{5}^{6}[ Poisoned ]^{7}^{8}
10110301060	Upon use, immediately enter the ^{1}^{2}【Camouflage】^{3} and ^{4}【Hiding】^{5}^{6} states, becoming invisible and untargetable and increasing Movement Speed by ^{7}${1}%^{8} for ${2} seconds.\nDealing or taking damage a total of ${3} times immediately ends 【Camouflage】 and 【Hiding】. Passive: Using Back Slide also grants 【Camouflage】 for ${4} seconds.	เมื่อใช้ เข้าสู่ ^{1}^{2}[ Camouflage ]^{3} และ ^{4}[ Hiding ]^{5}^{6} ทันที ล่องหนและไม่สามารถถูกเลือกเป็นเป้าหมาย เพิ่ม MSPD ขึ้น ^{7}${1}%^{8} เป็นเวลา ${2} วินาที\nการสร้างหรือได้รับดาเมจรวม ${3} ครั้งทำให้ [ Camouflage ] และ [ Hiding ] สิ้นสุดทันที พาสซีฟ: การใช้ Back Slide มอบ [ Camouflage ] เป็นเวลา ${4} วินาทีด้วย
10110301076	After casting, grants yourself 【Deadly Poison】 for ${1} sec., increasing your ^{1}${2}^{2} Physical ATK. After you attack, there is a ^{3}${3}%^{4} Chance to deal ^{5}^{6}【Venom】^{7}^{8} damage to the target.	หลังใช้ มอบ [ Deadly Poison ] ให้ตนเองเป็นเวลา ${1} วินาที เพิ่ม P.ATK ขึ้น ^{1}${2}^{2} หลังโจมตี มีโอกาส ^{3}${3}%^{4} สร้างดาเมจ ^{5}^{6}[ Venom ]^{7}^{8} แก่เป้าหมาย
10110301075	Launch a shockwave, dealing Physical ATK*^{1}${2}%^{2}+Magic ATK*^{3}${3}%^{4}+^{5}${4}^{6} Neutral ranged Physical damage to the designated ST enemy within ${1} meters.	ปล่อยคลื่นกระแทก สร้างดาเมจกายภาพระยะไกลธาตุ Neutral เท่ากับ P.ATK*^{1}${2}%^{2}+M.ATK*^{3}${3}%^{4}+^{5}${4}^{6} แก่ศัตรู Single Target ที่กำหนดในระยะ ${1} เมตร
10110301093	When a Basic Attack crits (internal cooldown: ${1}s), your ^{1}${2}^{2} Crit increases for ${3}s, stacking up to ${4} times. Your 【Assassin Normal Attack】 Crit Chance increases by ^{3}${5}%^{4}, but its damage is reduced by ^{5}${6}%^{6}.	เมื่อการโจมตีพื้นฐานติดคริติคอล (CD ภายใน: ${1} วินาที) CRIT เพิ่มขึ้น ^{1}${2}^{2} เป็นเวลา ${3} วินาที สะสมสูงสุด ${4} ครั้ง โอกาสคริติคอลของ [ Assassin Normal Attack ] เพิ่มขึ้น ^{3}${5}%^{4} แต่ดาเมจลดลง ^{5}${6}%^{6}
10110301105	After casting, deals Physical ATK*^{1}${3}%+${4}^{2} Neutral melee Physical damage to up to ${2} enemies within a ${1}-meter radius, with a ^{3}${5}%^{4} Chance to inflict ^{5}^{6}【Stun】^{7}^{8} for ${6} sec. or ^{9}^{10}【Blind】^{11}^{12} for ${7} sec.	หลังใช้ สร้างดาเมจกายภาพระยะประชิดธาตุ Neutral เท่ากับ P.ATK*^{1}${3}%+${4}^{2} แก่ศัตรูสูงสุด ${2} ตัว ในรัศมี ${1} เมตร มีโอกาส ^{3}${5}%^{4} ทำให้ติด ^{5}^{6}[ Stun ]^{7}^{8} เป็นเวลา ${6} วินาที หรือ ^{9}^{10}[ Blind ]^{11}^{12} เป็นเวลา ${7} วินาที
10110301109	Increases Shadowless Fang's base damage. On HIT, deals Extra AoE damage to up to @{2} enemies within a @{1}-meter radius of the target.\n(Triggers an AoE; its radius and maximum number of targets should be lower than the third job version.)	เพิ่มดาเมจพื้นฐานของ Shadowless Fang เมื่อโจมตีโดน สร้างดาเมจ AoE เพิ่มแก่ศัตรูสูงสุด @{2} ตัว ในรัศมี @{1} เมตรรอบเป้าหมาย\n(ทำให้เกิด AoE; รัศมีและจำนวนเป้าหมายสูงสุดควรน้อยกว่ารุ่นอาชีพขั้นสาม)
10110301064	Lock onto an enemy within ${1} meters, quickly dash ${2} meters toward the target, and slow up to ${4} enemies within a ${3}-meter radius of the target by ${5}% for ${6} seconds	ล็อกศัตรูในระยะ ${1} เมตร พุ่งเร็ว ${2} เมตรเข้าหาเป้าหมาย และลดความเร็วของศัตรูสูงสุด ${4} ตัว ในรัศมี ${3} เมตรรอบเป้าหมายลง ${5}% เป็นเวลา ${6} วินาที
10110301065	Lock onto an enemy within ${1} meters, quickly dash ${2} meters toward the target, and slow up to ${4} enemies within a ${3}-meter radius of the target by ${5}% for ${7} seconds	ล็อกศัตรูในระยะ ${1} เมตร พุ่งเร็ว ${2} เมตรเข้าหาเป้าหมาย และลดความเร็วของศัตรูสูงสุด ${4} ตัว ในรัศมี ${3} เมตรรอบเป้าหมายลง ${5}% เป็นเวลา ${7} วินาที
10110301066	Lock on to an enemy within ${1} meters, quickly dash ${2} meters toward the target, and slow up to ${4} enemies within a ${3}-meter radius of the target by ${5}% for ${8} seconds	ล็อกศัตรูในระยะ ${1} เมตร พุ่งเร็ว ${2} เมตรเข้าหาเป้าหมาย และลดความเร็วของศัตรูสูงสุด ${4} ตัว ในรัศมี ${3} เมตรรอบเป้าหมายลง ${5}% เป็นเวลา ${8} วินาที
10110301067	Locks onto an enemy unit within ${1} meters, quickly dashes ${2} meters toward the target, and slows up to ${4} enemies within a ${3}-meter radius of the target by ${5}% for ${9} seconds	ล็อกศัตรูในระยะ ${1} เมตร พุ่งเร็ว ${2} เมตรเข้าหาเป้าหมาย และลดความเร็วของศัตรูสูงสุด ${4} ตัว ในรัศมี ${3} เมตรรอบเป้าหมายลง ${5}% เป็นเวลา ${9} วินาที
10110301068	Locks onto an enemy within ${1} meters, quickly dashes ${2} meters toward the target, and slows up to ${4} enemies within a ${3}-meter radius of the target by ${5}% for ${10} seconds	ล็อกศัตรูในระยะ ${1} เมตร พุ่งเร็ว ${2} เมตรเข้าหาเป้าหมาย และลดความเร็วของศัตรูสูงสุด ${4} ตัว ในรัศมี ${3} เมตรรอบเป้าหมายลง ${5}% เป็นเวลา ${10} วินาที
10110301069	Lock on to an enemy unit within ${1} meters, quickly dash ${2} meters toward the target, and slow up to ${4} enemies within a ${3}-meter radius of the target by ${5}% for ${11} seconds	ล็อกศัตรูในระยะ ${1} เมตร พุ่งเร็ว ${2} เมตรเข้าหาเป้าหมาย และลดความเร็วของศัตรูสูงสุด ${4} ตัว ในรัศมี ${3} เมตรรอบเป้าหมายลง ${5}% เป็นเวลา ${11} วินาที
10110301070	Lock on to an enemy unit within ${1} meters, quickly dash ${2} meters toward the target, and slow up to ${4} enemies within a ${3}-meter radius of the target by ${5}% for ${12} seconds	ล็อกศัตรูในระยะ ${1} เมตร พุ่งเร็ว ${2} เมตรเข้าหาเป้าหมาย และลดความเร็วของศัตรูสูงสุด ${4} ตัว ในรัศมี ${3} เมตรรอบเป้าหมายลง ${5}% เป็นเวลา ${12} วินาที
10110301071	Lock onto an enemy within ${1} meters, quickly dash ${2} meters toward the target, and slow up to ${4} enemies within a ${3}-meter radius of the target by ${5}% for ${13} seconds	ล็อกศัตรูในระยะ ${1} เมตร พุ่งเร็ว ${2} เมตรเข้าหาเป้าหมาย และลดความเร็วของศัตรูสูงสุด ${4} ตัว ในรัศมี ${3} เมตรรอบเป้าหมายลง ${5}% เป็นเวลา ${13} วินาที
10110301072	Lock on to an enemy within ${1} meters, quickly dash ${2} meters toward the target, and slow up to ${4} enemies within a ${3}-meter radius of the target by ${5}% for ${14} seconds	ล็อกศัตรูในระยะ ${1} เมตร พุ่งเร็ว ${2} เมตรเข้าหาเป้าหมาย และลดความเร็วของศัตรูสูงสุด ${4} ตัว ในรัศมี ${3} เมตรรอบเป้าหมายลง ${5}% เป็นเวลา ${14} วินาที
10110301073	Lock onto an enemy unit within ${1} meters, quickly dash ${2} meters toward the target, and slow up to ${4} enemies within a ${3}-meter radius of the target by ${5}% for ${15} seconds	ล็อกศัตรูในระยะ ${1} เมตร พุ่งเร็ว ${2} เมตรเข้าหาเป้าหมาย และลดความเร็วของศัตรูสูงสุด ${4} ตัว ในรัศมี ${3} เมตรรอบเป้าหมายลง ${5}% เป็นเวลา ${15} วินาที
10110301022	Spear-exclusive skill. Deals Neutral Ranged Physical damage equal to PATK * ^{1}${2}%+${8}^{2} to the designated ST enemy within ${1} meters. Each hit against the same enemy shatters the target's body parts in sequence, applying the following effects for ${3} seconds: 【Shattered Ankle】Reduces MSPD. by ^{3}${4}%^{4}; 【Shattered Wrist】reduces ASPD by ^{5}${5}%^{6}; 【Shattered Lumbar】reduces PDEF by ^{7}${6}%^{8}; 【Shattered Neck】reduces DMG Reduction by ^{9}${7}%^{10}.	สกิลเฉพาะหอก สร้างดาเมจกายภาพระยะไกลธาตุ Neutral เท่ากับ P.ATK * ^{1}${2}%+${8}^{2} แก่ศัตรู Single Target ที่กำหนดในระยะ ${1} เมตร แต่ละครั้งที่โจมตีศัตรูเดิม ทำลายส่วนร่างกายตามลำดับ มอบผลต่อไปนี้เป็นเวลา ${3} วินาที: [ Shattered Ankle ] ลด MSPD ลง ^{3}${4}%^{4}; [ Shattered Wrist ] ลด ASPD ลง ^{5}${5}%^{6}; [ Shattered Lumbar ] ลด P.DEF ลง ^{7}${6}%^{8}; [ Shattered Neck ] ลดการลดดาเมจที่ได้รับลง ^{9}${7}%^{10}
10110301023	Spear-exclusive skill. Deals Neutral Ranged Physical damage equal to PATK * ^{1}${2}%+${8}^{2} to the designated ST enemy within ${1} meters and ${10} Other enemies within ${9} meters of the target. Each hit against the same enemy shatters the target's body parts in sequence, applying the following effects for ${3} seconds: 【Shattered Ankle】Reduces MSPD. by ^{3}${4}%^{4}; 【Shattered Wrist】reduces ASPD by ^{5}${5}%^{6}; 【Shattered Lumbar】reduces PDEF by ^{7}${6}%^{8}; 【Shattered Neck】reduces DMG Reduction by ^{9}${7}%^{10}.	สกิลเฉพาะหอก สร้างดาเมจกายภาพระยะไกลธาตุ Neutral เท่ากับ P.ATK * ^{1}${2}%+${8}^{2} แก่ศัตรู Single Target ที่กำหนดในระยะ ${1} เมตร และศัตรูอื่น ${10} ตัว ในระยะ ${9} เมตรรอบเป้าหมาย แต่ละครั้งที่โจมตีศัตรูเดิม ทำลายส่วนร่างกายตามลำดับ มอบผลต่อไปนี้เป็นเวลา ${3} วินาที: [ Shattered Ankle ] ลด MSPD ลง ^{3}${4}%^{4}; [ Shattered Wrist ] ลด ASPD ลง ^{5}${5}%^{6}; [ Shattered Lumbar ] ลด P.DEF ลง ^{7}${6}%^{8}; [ Shattered Neck ] ลดการลดดาเมจที่ได้รับลง ^{9}${7}%^{10}
10110301110	"While Camouflaged, your first attack deals Extra damage to the target called ""Sneak Attack"" (single target, high fixed damage Percentage; Description continues after the next Camouflage)."	"ขณะ Camouflage การโจมตีแรกสร้างดาเมจเพิ่มแก่เป้าหมายชื่อ ""Sneak Attack"" (เป้าหมายเดี่ยว ดาเมจค่าคงที่แบบเปอร์เซ็นต์สูง; คำอธิบายต่อหลัง Camouflage ครั้งถัดไป)"
10110301111	When Double Attack triggers, trigger an Extra 【Double Attack - AoE】 within @{1} meters of yourself (internal CD: @{2} sec.)\n(Changed to trigger due to performance issues)	เมื่อ Double Attack เกิดผล ทำให้ [ Double Attack - AoE ] เกิดผลเพิ่มในระยะ @{1} เมตรรอบตัว (CD ภายใน: @{2} วินาที)\n(เปลี่ยนให้เกิดผลเพราะปัญหาประสิทธิภาพ)
10110301115	Launch a shockwave at a designated ST enemy within ${1} meters, dealing Neutral ranged Physical damage equal to Physical ATK*^{1}${2}%^{2}+Magic ATK*^{3}${3}%^{4}.	ปล่อยคลื่นกระแทกใส่ศัตรู Single Target ที่กำหนดในระยะ ${1} เมตร สร้างดาเมจกายภาพระยะไกลธาตุ Neutral เท่ากับ P.ATK*^{1}${2}%^{2}+M.ATK*^{3}${3}%^{4}
10110301117	Stores ^{3}${2}^{4} stacks every ^{1}${1}^{2} sec, up to ^{5}${3}^{6} stacks. Charges to a point ${5} meters in front of the target ST enemy within ${4} meters, inflicting ^{7}【Slow】^{8} by ${6}% for ${7} sec and dealing Physical ATK * ^{9}${8}%^{10} as Neutral melee Physical damage. Immediately gains ${9} Blade stacks, multiplies the blade count of the next Cross Ripper Slasher by ${10}, and increases each hit's damage by ^{11}${11}%^{12}.	สะสม ^{3}${2}^{4} stacks ทุก ^{1}${1}^{2} วินาที สูงสุด ^{5}${3}^{6} stacks พุ่งไปจุด ${5} เมตรด้านหน้าศัตรู Single Target เป้าหมายในระยะ ${4} เมตร ทำให้ติด ^{7}[ Slow ]^{8} ลดความเร็ว ${6}% เป็นเวลา ${7} วินาที และสร้างดาเมจกายภาพระยะประชิดธาตุ Neutral เท่ากับ P.ATK * ^{9}${8}%^{10} ได้รับ Blade ${9} stacks ทันที จำนวนใบมีด Cross Ripper Slasher ครั้งถัดไปคูณ ${10} และดาเมจแต่ละครั้งเพิ่มขึ้น ^{11}${11}%^{12}
10110301124	Dagger-exclusive skill. Deals Neutral melee Physical damage totaling PATK * ^{1}${4}%*(${5}+ASPD*${6}%)^{2} to up to ${3} enemies within a ${2}-meter radius centered ${1} meters in front of You.	สกิลเฉพาะมีดสั้น สร้างดาเมจกายภาพระยะประชิดธาตุ Neutral รวมเท่ากับ P.ATK * ^{1}${4}%*(${5}+ASPD*${6}%)^{2} แก่ศัตรูสูงสุด ${3} ตัว ในรัศมี ${2} เมตร มีศูนย์กลาง ${1} เมตรด้านหน้าคุณ
10110301118	Katar-exclusive skill. Quickly spins in place, dealing Neutral melee Physical damage equal to PATK * ^{1}${3}%*(${4}+ASPD*${5}%)^{2} to up to ${2} enemies within a ${1}-meter radius of You, and adds ${6} blades to Cross Ripper Slasher, up to ${7} blades. ^{3}This skill is considered a Basic Attack^{4}.	สกิลเฉพาะคาตาร์ หมุนตัวเร็วอยู่กับที่ สร้างดาเมจกายภาพระยะประชิดธาตุ Neutral เท่ากับ P.ATK * ^{1}${3}%*(${4}+ASPD*${5}%)^{2} แก่ศัตรูสูงสุด ${2} ตัว ในรัศมี ${1} เมตรรอบคุณ และเพิ่มใบมีด Cross Ripper Slasher ${6} ใบ สูงสุด ${7} ใบ ^{3}สกิลนี้ถือเป็นการโจมตีพื้นฐาน^{4}
10110301119	The Level-up version of Cloaking. After casting, you enter the ^{1}^{2}【Enhance Cloaking】^{3}^{4} state for ${1} sec., increasing ^{5}Movement Speed by ${2}%^{6}. The state ends after taking damage ${3} times or dealing damage.	Cloaking รุ่นอัปเกรด หลังใช้ เข้าสู่ ^{1}^{2}[ Enhance Cloaking ]^{3}^{4} เป็นเวลา ${1} วินาที เพิ่ม ^{5}MSPD ขึ้น ${2}%^{6} สถานะสิ้นสุดหลังได้รับดาเมจ ${3} ครั้งหรือสร้างดาเมจ
10110301123	Dagger-exclusive skill. Casting 【Shadow Guard】, 【Thousand Shadows】, or 【Looping Shadow】 ^{1}resets this skill's cooldown^{2}. Choose a direction to dash ${1} meters as a phantom, dealing Neutral melee Physical damage equal to PATK * ^{3}${4}%^{4} to up to @{1} enemies in a ${2}-meter-wide, ${3}-meter-long rectangular area in that direction. You gain ^{5}^{6}【Endure】^{7}^{8} while casting this skill.	สกิลเฉพาะมีดสั้น การใช้ [ Shadow Guard ], [ Thousand Shadows ] หรือ [ Looping Shadow ] ^{1}รีเซ็ต CD สกิลนี้^{2} เลือกทิศเพื่อพุ่ง ${1} เมตรในร่างเงาลวง สร้างดาเมจกายภาพระยะประชิดธาตุ Neutral เท่ากับ P.ATK * ^{3}${4}%^{4} แก่ศัตรูสูงสุด @{1} ตัว ในพื้นที่สี่เหลี่ยมกว้าง ${2} เมตร ยาว ${3} เมตรตามทิศนั้น ได้รับ ^{5}^{6}[ Endure ]^{7}^{8} ขณะใช้
10110301130	Focus your mental energy to protect yourself. When you take damage, gain ^{1}^{2}【Energy Coat】^{3}^{4} for ${1} sec., increasing your damage reduction by ^{5}${2}%^{6}. Cooldown: ${3} sec.	รวมพลังจิตปกป้องตนเอง เมื่อได้รับดาเมจ ได้รับ ^{1}^{2}[ Energy Coat ]^{3}^{4} เป็นเวลา ${1} วินาที เพิ่มการลดดาเมจที่ได้รับขึ้น ^{5}${2}%^{6} CD: ${3} วินาที
10110301133	Summons a Frost Arrow from the sky, dealing Water-property ranged magic damage equal to Magic ATK*^{1}${2}%+${3}^{2} to the targeted ST enemy within ${1} meters.	เรียก Frost Arrow จากฟ้า สร้างดาเมจเวทระยะไกลธาตุ Water เท่ากับ M.ATK*^{1}${2}%+${3}^{2} แก่ศัตรู Single Target เป้าหมายในระยะ ${1} เมตร
10110301134	Summons a holy spirit to attack the designated ST enemy within ${1}m, dealing a total of Magic ATK*^{1}${2}%+${3}^{2} ranged Ghost magic damage. Deals an Extra ^{3}${4}%^{4} ranged Ghost magic damage to Undead enemies.	เรียกวิญญาณศักดิ์สิทธิ์โจมตีศัตรู Single Target ที่กำหนดในระยะ ${1} เมตร สร้างดาเมจเวทระยะไกลธาตุ Ghost รวมเท่ากับ M.ATK*^{1}${2}%+${3}^{2} สร้างดาเมจเวทระยะไกลธาตุ Ghost เพิ่ม ^{3}${4}%^{4} แก่ศัตรูอันเดด
10110301135	Creates ${9} rectangular Fire Walls, each ${3}*${2}, at a designated location within ${1} meters of you. Each time an enemy touches a Fire Wall, it deals Magic ATK *^{1}${4}%+${10}^{2} Fire-property ranged magic damage and ^{3}knocks the enemy back^{4} ${5} meters. Fire Walls last ${6} seconds and disappear early after being touched by enemies ${7} times. Up to ${8} Fire Walls can exist at once.	สร้าง Fire Wall สี่เหลี่ยม ${9} แห่ง แต่ละแห่งขนาด ${3}*${2} ที่ตำแหน่งกำหนดในระยะ ${1} เมตรจากคุณ ทุกครั้งที่ศัตรูสัมผัส Fire Wall สร้างดาเมจเวทระยะไกลธาตุ Fire เท่ากับ M.ATK *^{1}${4}%+${10}^{2} และทำให้ศัตรู ^{3}กระเด็น^{4} ${5} เมตร Fire Wall คงอยู่ ${6} วินาที และหายก่อนกำหนดหลังศัตรูสัมผัส ${7} ครั้ง มี Fire Wall พร้อมกันได้สูงสุด ${8} แห่ง
10110301136	Create a circular magic barrier with a ${2}-meter radius at a location within ${1} meters of yourself, protecting up to ${3} allies within the area from incoming melee Physical damage. The barrier lasts ^{1}${4}^{2} seconds and can block up to ^{3}${5}^{4} hits. Up to ${6} barriers can exist at once.	สร้างเกราะเวทวงกลมรัศมี ${2} เมตรที่ตำแหน่งในระยะ ${1} เมตรจากตัว ปกป้องพันธมิตรสูงสุด ${3} คน ในพื้นที่จากดาเมจกายภาพระยะประชิด เกราะคงอยู่ ^{1}${4}^{2} วินาที และป้องกันสูงสุด ^{3}${5}^{4} ครั้ง มีเกราะพร้อมกันสูงสุด ${6} แห่ง
10110301137	Summon fireballs to bombard enemies. Launch fireballs at a designated ST enemy within ${1} meters and up to ${3} other enemies within ${2} meters of the target, dealing Magic ATK*^{1}${4}%+${5}^{2} Fire ranged magic damage to each.	เรียกลูกไฟระดมโจมตีศัตรู ปล่อยใส่ศัตรู Single Target ที่กำหนดในระยะ ${1} เมตร และศัตรูอื่นสูงสุด ${3} ตัว ในระยะ ${2} เมตรรอบเป้าหมาย สร้างดาเมจเวทระยะไกลธาตุ Fire เท่ากับ M.ATK*^{1}${4}%+${5}^{2} แก่แต่ละตัว
10110301138	Summons a lightning strike, dealing Magic ATK *^{1}${4}% + ${5}^{2} Wind ranged magic damage to up to ${3} enemies within a ${2}-meter radius area within ${1} meters of you.	เรียกสายฟ้า สร้างดาเมจเวทระยะไกลธาตุ Wind เท่ากับ M.ATK *^{1}${4}% + ${5}^{2} แก่ศัตรูสูงสุด ${3} ตัว ในพื้นที่รัศมี ${2} เมตร ซึ่งอยู่ในระยะ ${1} เมตรจากคุณ
10110301139	Draw on the water element in the air to deal Magic ATK*^{1}${2}%+${3}^{2} Water ranged magic damage to a selected ST enemy within ${1} meters, with a ${4}% Chance to inflict ^{3}^{4}【Frozen】^{5}^{6} for ${5} seconds.	ใช้ธาตุน้ำในอากาศสร้างดาเมจเวทระยะไกลธาตุ Water เท่ากับ M.ATK*^{1}${2}%+${3}^{2} แก่ศัตรู Single Target ที่เลือกในระยะ ${1} เมตร มีโอกาส ${4}% ทำให้ติด ^{3}^{4}[ Frozen ]^{5}^{6} เป็นเวลา ${5} วินาที
10110301140	Concentrates the breath of the earth, with a ^{1}${1}%^{2} Chance to inflict ^{3}^{4}【Petrify】^{5}^{6} on the designated ST enemy within ${2} meters for ${3} seconds.	รวมลมหายใจผืนดิน มีโอกาส ^{1}${1}%^{2} ทำให้ติด ^{3}^{4}[ Petrify ]^{5}^{6} แก่ศัตรู Single Target ที่กำหนดในระยะ ${2} เมตร เป็นเวลา ${3} วินาที
10110301141	Manipulate psychic power to strike the designated ST enemy within ${1}m and up to ${3} enemies within ${2}m of it, dealing Ghost-property ranged magic damage equal to Magic ATK * ^{1}${4}%+${5}^{2}.	ควบคุมพลังจิตโจมตีศัตรู Single Target ที่กำหนดในระยะ ${1} เมตร และศัตรูสูงสุด ${3} ตัว ในระยะ ${2} เมตรรอบเป้าหมาย สร้างดาเมจเวทระยะไกลธาตุ Ghost เท่ากับ M.ATK * ^{1}${4}%+${5}^{2}
10110301143	Launch fireballs in all directions, dealing Magic ATK*^{1}${3}%+${4}^{2} Fire ranged magic damage to up to ${2} enemies within a ${1}-meter radius, and ^{3}knocking them back^{4} ${5} meters.	ปล่อยลูกไฟทุกทิศ สร้างดาเมจเวทระยะไกลธาตุ Fire เท่ากับ M.ATK*^{1}${3}%+${4}^{2} แก่ศัตรูสูงสุด ${2} ตัว ในรัศมี ${1} เมตร และทำให้ ^{3}กระเด็น^{4} ${5} เมตร
10110301144	Deals Water ranged magic damage equal to Magic ATK * ^{1}${3}% + ${4}^{2} to up to ${2} enemies within a ${1}-meter radius, with a ^{3}${5}%^{4} Chance to inflict ^{5}^{6}【Frozen】^{7}^{8} for ${6} seconds.	สร้างดาเมจเวทระยะไกลธาตุ Water เท่ากับ M.ATK * ^{1}${3}% + ${4}^{2} แก่ศัตรูสูงสุด ${2} ตัว ในรัศมี ${1} เมตร มีโอกาส ^{3}${5}%^{4} ทำให้ติด ^{5}^{6}[ Frozen ]^{7}^{8} เป็นเวลา ${6} วินาที
10110301168	Grants yourself the ^{1}【Reading】^{2} status. While active, the next time you cast 【Comet】, 【Tetra Vortex】, 【Frost Blast】, 【Earth Strain】, 【Crimson Rock】, 【Thunderbolt】, or 【White Imprison】, the corresponding skill effect triggers one Extra time.	มอบสถานะ ^{1}[ Reading ]^{2} ให้ตนเอง ขณะมีผล การใช้ [ Comet ], [ Tetra Vortex ], [ Frost Blast ], [ Earth Strain ], [ Crimson Rock ], [ Thunderbolt ] หรือ [ White Imprison ] ครั้งถัดไป ทำให้ผลสกิลนั้นเกิดเพิ่มหนึ่งครั้ง
10110301169	Activates the ^{1}^{2}【Reading】^{3}^{4} status. While active, casting 【Comet】, 【Tetra Vortex】, 【Frost Blast】, 【Earth Strain】, 【Crimson Rock】, 【Thunderbolt】, 【Soul Burst】, or 【Gravity Impact】 triggers the corresponding skill effect one Extra time and consumes the corresponding Floors of ^{5}【Book Pages】^{6}. The effect cannot be triggered without enough ^{7}【Book Pages】^{8}. Passive: Automatically gain 1 Floor of ^{9}【Book Pages】^{10} every @{1} seconds. ^{11}【Book Pages】^{12} can have up to @{2} Floors.	เปิดสถานะ ^{1}^{2}[ Reading ]^{3}^{4} ขณะมีผล การใช้ [ Comet ], [ Tetra Vortex ], [ Frost Blast ], [ Earth Strain ], [ Crimson Rock ], [ Thunderbolt ], [ Soul Burst ] หรือ [ Gravity Impact ] ทำให้ผลสกิลนั้นเกิดเพิ่มหนึ่งครั้งและใช้จำนวนชั้นของ ^{5}[ Book Pages ]^{6} ที่เกี่ยวข้อง ไม่เกิดผลหาก ^{7}[ Book Pages ]^{8} ไม่พอ พาสซีฟ: ได้รับ ^{9}[ Book Pages ]^{10} 1 ชั้นอัตโนมัติทุก @{1} วินาที ^{11}[ Book Pages ]^{12} มีได้สูงสุด @{2} ชั้น
10110301166	Deals ranged Ghost magic damage equal to Magic ATK * ^{1}${3}%^{2} to up to ${2} enemies within a ${1}-meter radius and inflicts ^{3}^{4}【Silence】^{5}^{6} for ${4} sec.	สร้างดาเมจเวทระยะไกลธาตุ Ghost เท่ากับ M.ATK * ^{1}${3}%^{2} แก่ศัตรูสูงสุด ${2} ตัว ในรัศมี ${1} เมตรและทำให้ติด ^{3}^{4}[ Silence ]^{5}^{6} เป็นเวลา ${4} วินาที
10110301165	Deals Ghost ranged magic damage equal to Magic ATK*^{5}${3}%+${4}^{6} to up to ^{3}${2}^{4} enemies within a ^{1}${1}^{2}-meter radius, with a ^{7}${5}%^{8} Chance to inflict ^{9}${6}^{10} sec. of 【Slow】, reducing the targets' Movement Speed by ^{11}${7}%^{12}.	สร้างดาเมจเวทระยะไกลธาตุ Ghost เท่ากับ M.ATK*^{5}${3}%+${4}^{6} แก่ศัตรูสูงสุด ^{3}${2}^{4} ตัว ในรัศมี ^{1}${1}^{2} เมตร มีโอกาส ^{7}${5}%^{8} ทำให้ติดสถานะ ^{9}${6}^{10} วินาที [ Slow ] ลด MSPD ลง ^{11}${7}%^{12}
10110301164	Deals Water ranged magic damage equal to Magic ATK * ^{5}${3}% + ${4}^{6} to up to ^{3}${2}^{4} enemies within a ^{1}${1}^{2}-meter radius, with a ^{7}${5}%^{8} Chance to inflict ^{9}^{10}【Freeze】^{11}^{12} for ^{13}${6}^{14} sec.	สร้างดาเมจเวทระยะไกลธาตุ Water เท่ากับ M.ATK * ^{5}${3}% + ${4}^{6} แก่ศัตรูสูงสุด ^{3}${2}^{4} ตัว ในรัศมี ^{1}${1}^{2} เมตร มีโอกาส ^{7}${5}%^{8} ทำให้ติด ^{9}^{10}[ Freeze ]^{11}^{12} เป็นเวลา ^{13}${6}^{14} วินาที
10110301163	Creates an ^{1}${1}^{2}-second 【Ember Zone】 that deals ranged Fire magic damage equal to Magic ATK * ^{7}${4}%+${5}^{8} to up to ^{5}${3}^{6} enemies within the area every ^{3}${2}^{4} seconds.	สร้าง [ Ember Zone ] คงอยู่ ^{1}${1}^{2} วินาที สร้างดาเมจเวทระยะไกลธาตุ Fire เท่ากับ M.ATK * ^{7}${4}%+${5}^{8} แก่ศัตรูสูงสุด ^{5}${3}^{6} ตัว ในพื้นที่ทุก ^{3}${2}^{4} วินาที
10110301161	Deals Water-property ranged magic damage equal to Magic Attack*^{1}${1}%+${2}^{2}. Hitting an enemy affected by ^{3}^{4}【Frozen】^{5}^{6} does not remove the effect.	สร้างดาเมจเวทระยะไกลธาตุ Water เท่ากับ M.ATK*^{1}${1}%+${2}^{2} การโจมตีศัตรูที่ติด ^{3}^{4}[ Frozen ]^{5}^{6} ไม่ล้างผลนั้น
10110301159	Triggers @{1} instances of 【Elemental Shock】, dealing Magic ATK*^{5}${3}%+${4}^{6} Neutral ranged magic damage to up to ^{3}${2}^{4} enemies within a ^{1}${1}^{2}-meter radius.	ทำให้ [ Elemental Shock ] เกิดผล @{1} ครั้ง สร้างดาเมจเวทระยะไกลธาตุ Neutral เท่ากับ M.ATK*^{5}${3}%+${4}^{6} แก่ศัตรูสูงสุด ^{3}${2}^{4} ตัว ในรัศมี ^{1}${1}^{2} เมตร
10110301156	Greatly increases gravity in a designated area with a ${2}-meter radius within ${1} meters, dealing Ghost-property ranged magic damage equal to Magic ATK*^{1}${4}%+${5}^{2} to up to ${3} enemies per wave. The gravity field lasts ${6} seconds and strikes a total of ${7} times.	เพิ่มแรงโน้มถ่วงอย่างมากในพื้นที่ที่กำหนดรัศมี ${2} เมตร ซึ่งอยู่ในระยะ ${1} เมตร สร้างดาเมจเวทระยะไกลธาตุ Ghost เท่ากับ M.ATK*^{1}${4}%+${5}^{2} แก่ศัตรูสูงสุด ${3} ตัว ต่อคลื่น สนามแรงโน้มถ่วงคงอยู่ ${6} วินาทีและโจมตีรวม ${7} ครั้ง
10110301155	Unleashes psychic power to attack a target within ${1} meters and up to ${3} enemies within ${2} meters of it, dealing Ghost-property ranged magic damage equal to Magic ATK * ^{1}${4}% + ${5}^{2}.	ปล่อยพลังจิตโจมตีเป้าหมายในระยะ ${1} เมตรและศัตรูสูงสุด ${3} ตัว ในระยะ ${2} เมตรรอบเป้าหมาย สร้างดาเมจเวทระยะไกลธาตุ Ghost เท่ากับ M.ATK * ^{1}${4}% + ${5}^{2}
10110301152	Deals Neutral Ranged Physical damage equal to MATK * ^{1}${2}%+${3}^{2} to the designated ST enemy within ${1} meters. This skill is affected by ASPD at ^{3}${4}%^{4} effectiveness.	สร้างดาเมจกายภาพระยะไกลธาตุ Neutral เท่ากับ M.ATK * ^{1}${2}%+${3}^{2} แก่ศัตรู Single Target ที่กำหนดในระยะ ${1} เมตร สกิลนี้ได้รับผลจาก ASPD ด้วยประสิทธิภาพ ^{3}${4}%^{4}
10110301150	Causes the ground to erupt, dealing a total of Magic ATK*^{1}${4}%+${5}^{2} Earth-property ranged magic damage to up to ${3} enemies in a ${2}-meter-radius area within ${1} meters of you. Can hit hidden enemies and reveal them.	ทำให้พื้นดินปะทุ สร้างดาเมจเวทระยะไกลธาตุ Earth รวมเท่ากับ M.ATK*^{1}${4}%+${5}^{2} แก่ศัตรูสูงสุด ${3} ตัว ในพื้นที่รัศมี ${2} เมตร ซึ่งอยู่ในระยะ ${1} เมตรจากคุณ สามารถโจมตีและเผยศัตรูที่ซ่อนตัว
10110301149	Summons Storm Gust, dealing Water-property ranged magic damage equal to Magic ATK *^{1}${4}%+${5}^{2} per wave to up to ${3} enemies in a circular area with a radius of ${2} meters within ${1} meters of you. Enemies within Storm Gust are afflicted with ${6}% ^{3}^{4}【Slow】^{5}^{6}. Storm Gust lasts ${7} seconds and strikes ${8} times. Each strike has a ${9}% Chance to inflict ^{7}^{8}【Frozen】^{9}^{10} for ${10} seconds.	เรียก Storm Gust สร้างดาเมจเวทระยะไกลธาตุ Water เท่ากับ M.ATK *^{1}${4}%+${5}^{2} ต่อคลื่น แก่ศัตรูสูงสุด ${3} ตัว ในพื้นที่วงกลมรัศมี ${2} เมตร ซึ่งอยู่ในระยะ ${1} เมตรจากคุณ ศัตรูใน Storm Gust ติด ${6}% ^{3}^{4}[ Slow ]^{5}^{6} Storm Gust คงอยู่ ${7} วินาที โจมตี ${8} ครั้ง แต่ละครั้งมีโอกาส ${9}% ทำให้ติด ^{7}^{8}[ Frozen ]^{9}^{10} เป็นเวลา ${10} วินาที
10110300823	Each HIT with your ^{1}【Highness Heal】^{2} grants one ^{3}^{4}【Rhythm】^{5}^{6} effect lasting ${1} seconds. Upon reaching ${2} Floors, you cast ^{7}^{8}【Resonance】^{9}^{10} on yourself and clear all ^{11}^{12}【Rhythm】^{13}^{14} Floors.	แต่ละครั้งที่ ^{1}[ Highness Heal ]^{2} ของคุณโดน มอบ ^{3}^{4}[ Rhythm ]^{5}^{6} หนึ่งผล คงอยู่ ${1} วินาที เมื่อครบ ${2} ชั้น ใช้ ^{7}^{8}[ Resonance ]^{9}^{10} ใส่ตนเองและล้างทุกชั้นของ ^{11}^{12}[ Rhythm ]^{13}^{14}
10110301148	Summon continuous lightning strikes that deal Magic ATK*^{1}${4}%+${5}^{2} Wind-property ranged magic damage per wave to up to ${3} enemy targets in a circular area with a ${2}-meter radius within ${1} meters of you. The lightning lasts ${6} seconds and strikes ${7} times, with a ${8}% Chance to inflict the ^{3}^{4}【Blind】^{5}^{6} status for ${9} seconds.	เรียกสายฟ้าต่อเนื่อง สร้างดาเมจเวทระยะไกลธาตุ Wind เท่ากับ M.ATK*^{1}${4}%+${5}^{2} ต่อคลื่น แก่ศัตรูสูงสุด ${3} ตัว ในพื้นที่วงกลมรัศมี ${2} เมตร ซึ่งอยู่ในระยะ ${1} เมตรจากคุณ สายฟ้าคงอยู่ ${6} วินาทีและโจมตี ${7} ครั้ง มีโอกาส ${8}% ทำให้ติด ^{3}^{4}[ Blind ]^{5}^{6} เป็นเวลา ${9} วินาที
10110301147	Summons a meteor shower within ${1} meters of you, dealing Magic ATK*^{1}${4}%+${5}^{2} Fire ranged magic damage per wave to up to ${3} targets in a circular area with a ${2}-meter radius. The meteor shower strikes in ${6} waves, each with a ${7}% Chance to inflict ^{3}^{4}【Stun】^{5}^{6} on targets for ${8} seconds.	เรียกฝนอุกกาบาตในระยะ ${1} เมตรจากคุณ สร้างดาเมจเวทระยะไกลธาตุ Fire เท่ากับ M.ATK*^{1}${4}%+${5}^{2} ต่อคลื่น แก่เป้าหมายสูงสุด ${3} ตัว ในพื้นที่วงกลมรัศมี ${2} เมตร ฝนอุกกาบาตโจมตี ${6} คลื่น แต่ละคลื่นมีโอกาส ${7}% ทำให้เป้าหมายติด ^{3}^{4}[ Stun ]^{5}^{6} เป็นเวลา ${8} วินาที
10110301146	Creates a pillar of fire with a ${2}-meter radius at a designated location within ${1} meters of you. Every second, it deals Magic ATK*^{1}${4}%+${5}^{2} Fire ranged magic damage to up to ${3} enemies within its area. The pillar lasts ${6} seconds. Up to ${7} pillars can exist at once.	สร้างเสาไฟรัศมี ${2} เมตรที่ตำแหน่งกำหนดในระยะ ${1} เมตรจากคุณ ทุกวินาทีสร้างดาเมจเวทระยะไกลธาตุ Fire เท่ากับ M.ATK*^{1}${4}%+${5}^{2} แก่ศัตรูสูงสุด ${3} ตัว ในพื้นที่ เสาคงอยู่ ${6} วินาที มีพร้อมกันสูงสุด ${7} เสา
10110301145	Summons a mud pit with a radius of ${2} meters at a designated area within ${1} meters of you, reducing the ASPD of up to ${3} enemies inside by ^{1}${4}%^{2} and their Movement Speed by ^{3}${5}%^{4}. Units entering the mud pit have their Movement Speed and ASPD buffs removed. The mud pit lasts ${6} seconds.	เรียกบ่อโคลนรัศมี ${2} เมตรในพื้นที่กำหนดซึ่งอยู่ในระยะ ${1} เมตรจากคุณ ลด ASPD ของศัตรูสูงสุด ${3} ตัว ภายในลง ^{1}${4}%^{2} และ MSPD ลง ^{3}${5}%^{4} หน่วยที่เข้าบ่อถูกล้างบัฟ MSPD และ ASPD บ่อคงอยู่ ${6} วินาที
10110300825	^{1}【Highness Heal】^{2} restores HP to you and the targeted ST ally, while granting both you and the target a damage-absorbing Shield equal to your MATK*${3}% for ${1} seconds. The Shield-granting effect has a ${2}-second Cooldown.	^{1}[ Highness Heal ]^{2} ฟื้นฟู HP ให้คุณและพันธมิตร Single Target เป้าหมาย พร้อมมอบโล่ดูดซับดาเมจให้ทั้งคู่เท่ากับ M.ATK ของคุณ*${3}% เป็นเวลา ${1} วินาที ผลมอบโล่มี CD ${2} วินาที
10110300812	Perform to manifest the Holy Spirit's true form, increasing your ^{1}${1}%^{2} Holy damage for ${2} seconds. During this time, ^{3}^{4}【Twin Holy Light】^{5}^{6} has a ^{7}${3}%^{8} Chance to trigger, and ^{9}^{10}【Voice Part】^{11}^{12} always remains at the maximum number of Floors.	บรรเลงเพื่อแสดงร่างแท้ของ Holy Spirit เพิ่มดาเมจธาตุ Holy ขึ้น ^{1}${1}%^{2} เป็นเวลา ${2} วินาที ระหว่างนี้ ^{3}^{4}[ Twin Holy Light ]^{5}^{6} มีโอกาส ^{7}${3}%^{8} เกิดผล และ ^{9}^{10}[ Voice Part ]^{11}^{12} คงจำนวนชั้นสูงสุดเสมอ
10110300811	Instantly unleashes a sacred chorus of primal notes, restoring HP equal to MATK*^{1}${3}%^{2} to yourself and ${2} allies within a ${1}-meter radius, with priority given to each party Member (^{3}^{4}Dexterity Resonance ${6}%^{5}^{6}), and granting a Shield equal to MATK*^{7}${4}%^{8} that absorbs all types of damage for ${5} seconds.	ปล่อยเสียงประสานศักดิ์สิทธิ์ของโน้ตดั้งเดิมทันที ฟื้นฟู HP เท่ากับ M.ATK*^{1}${3}%^{2} ให้ตนเองและพันธมิตร ${2} คน ในรัศมี ${1} เมตร เลือกสมาชิกปาร์ตี้ก่อน (^{3}^{4}Dexterity Resonance ${6}%^{5}^{6}) และมอบโล่เท่ากับ M.ATK*^{7}${4}%^{8} ที่ดูดซับดาเมจทุกประเภท เป็นเวลา ${5} วินาที
10110300810	Summon a hymn that flies toward an ally, restoring ^{3}HP^{4} equal to MATK*^{1}${2}%+${6}^{2} to yourself and a designated ST ally within a ${1}-meter radius, and granting yourself a ^{7}Shield^{8} equal to MATK*^{5}${3}%^{6} for ${4} seconds. (Cooldown: ${5} seconds)	เรียกเพลงสวดบินหาพันธมิตร ฟื้นฟู ^{3}HP^{4} เท่ากับ M.ATK*^{1}${2}%+${6}^{2} ให้ตนเองและพันธมิตร Single Target ที่กำหนดในรัศมี ${1} เมตร และมอบ ^{7}โล่^{8} ให้ตนเองเท่ากับ M.ATK*^{5}${3}%^{6} เป็นเวลา ${4} วินาที (CD: ${5} วินาที)
10110300764	After a @{1}-second warning, Launch a Dark Pulse at one player. After hitting the first player, the Dark Pulse launches toward other players until all players have been hit. Each launch damages players on HIT and destroys Horongs in its path	หลังเตือน @{1} วินาที ปล่อย Dark Pulse ใส่ผู้เล่นหนึ่งคน หลังโจมตีผู้เล่นคนแรก Dark Pulse พุ่งไปหาผู้เล่นอื่นจนทุกคนถูกโจมตี แต่ละการปล่อยสร้างดาเมจแก่ผู้เล่นที่ถูกโจมตีและทำลาย Horong ในเส้นทาง
10110300747	The BOSS first casts a cone AOE in front with a @{1}s warning, a radius of @{2}m, and an angle of @{3}°, then casts a cone AOE behind with a @{4}s warning, a radius of @{5}m, and an angle of @{6}°. Finally, it targets all players and casts a rectangular AOE at each player's current location with a @{7}-second warning, a width of @{8}m, and a length of @{9}m	บอสใช้ AoE กรวยด้านหน้าก่อน โดยเตือน @{1} วินาที รัศมี @{2} เมตร มุม @{3}° จากนั้นใช้กรวยด้านหลัง เตือน @{4} วินาที รัศมี @{5} เมตร มุม @{6}° สุดท้ายเลือกผู้เล่นทั้งหมดและใช้ AoE สี่เหลี่ยมที่ตำแหน่งปัจจุบันของแต่ละคน เตือน @{7} วินาที กว้าง @{8} เมตร ยาว @{9} เมตร
10110300746	The BOSS first casts a cone AOE in front with a @{1}s warning, a radius of @{2}m, and an angle of @{3}°, then casts one behind with a @{4}s warning, a radius of @{5}m, and an angle of @{6}°. It then casts one toward @{7}° with a @{8}s warning, a radius of @{9}m, and an angle of @{10}°, and finally casts one toward -@{11}° with a @{12}s warning, a radius of @{13}m, and an angle of @{14}°.	บอสใช้ AoE กรวยด้านหน้าก่อน โดยเตือน @{1} วินาที รัศมี @{2} เมตร มุม @{3}° จากนั้นใช้ด้านหลัง เตือน @{4} วินาที รัศมี @{5} เมตร มุม @{6}° แล้วใช้ไปทาง @{7}° เตือน @{8} วินาที รัศมี @{9} เมตร มุม @{10}° สุดท้ายใช้ไปทาง -@{11}° เตือน @{12} วินาที รัศมี @{13} เมตร มุม @{14}°
10110300745	The BOSS targets @{1} players and creates a sand tornado at each player's current location with a @{2}-second warning and a radius of @{3}m. It then locks onto the player farthest from the tornado and moves in that direction after @{4} seconds	บอสเลือกผู้เล่น @{1} คน สร้างพายุทรายที่ตำแหน่งปัจจุบันแต่ละคน โดยเตือน @{2} วินาทีและมีรัศมี @{3} เมตร จากนั้นล็อกผู้เล่นที่ไกลจากพายุมากที่สุดและเคลื่อนที่ไปทิศนั้นหลัง @{4} วินาที
10110300754	The BOSS randomly creates @{1}/@{2}/@{3} tornadoes in the arena (circular AOEs with a @{4}s warning and a radius of @{5}m), which Launch small tornado projectiles outward in random directions (radius: @{6}m; speed: @{7})	บอสสุ่มสร้างพายุ @{1}/@{2}/@{3} ลูกในลาน (AoE วงกลม เตือน @{4} วินาที รัศมี @{5} เมตร) ซึ่งปล่อยกระสุนพายุเล็กออกไปตามทิศสุ่ม (รัศมี: @{6} เมตร; ความเร็ว: @{7})
10110300751	The BOSS creates @{1} Stone Pillars, then pulls players toward the center. It simultaneously creates @{2} arena-wide circular AOEs from the edge. Finally, after a @{3}-second warning, it unleashes a sandstorm lasting @{4} seconds that pulls players toward the center and inflicts Damage over Time	บอสสร้างเสาหิน @{1} ต้นแล้วดึงผู้เล่นเข้าศูนย์กลาง พร้อมสร้าง AoE วงกลมทั่วลาน @{2} ครั้งจากขอบ สุดท้าย หลังเตือน @{3} วินาที ปล่อยพายุทรายคงอยู่ @{4} วินาที ดึงผู้เล่นเข้าศูนย์กลางและสร้างดาเมจต่อเนื่อง
10110300738	The BOSS first casts a cone AOE in front with a @{1}s warning, a radius of @{2}m, and an angle of @{3}°, then casts a circular AOE under itself with a @{4}s warning and a radius of @{5}m	บอสใช้ AoE กรวยด้านหน้าก่อน เตือน @{1} วินาที รัศมี @{2} เมตร มุม @{3}° จากนั้นใช้ AoE วงกลมใต้ตัว เตือน @{4} วินาที รัศมี @{5} เมตร
10110300737	The BOSS deals rectangular AOE damage in the -@{1}°, @{2}°, and @{3}° directions after a @{5}-second warning (if there are @{4} directions, it casts again in the opposite directions)	บอสสร้างดาเมจ AoE สี่เหลี่ยมไปทาง -@{1}°, @{2}° และ @{3}° หลังเตือน @{5} วินาที (หากมี @{4} ทิศ จะใช้ซ้ำในทิศตรงข้าม)
10110300733	The BOSS targets @{1}/@{2}/@{3} players and fires silk projectiles. On HIT, they link @{4}/@{5} players (@{6} players are linked in pairs). Linked players are pulled back together when the Distance between them exceeds @{7}m. (When only @{8} players remain, the two players are linked. When only @{9} players remain, this mechanic is skipped.)	บอสเลือกผู้เล่น @{1}/@{2}/@{3} คนและยิงกระสุนใย เมื่อโจมตีโดน เชื่อมผู้เล่น @{4}/@{5} คน (ผู้เล่น @{6} คนเชื่อมเป็นคู่) ผู้เล่นที่เชื่อมถูกดึงกลับมารวมกันเมื่อห่างเกิน @{7} เมตร (เมื่อเหลือผู้เล่น @{8} คน เชื่อมผู้เล่นสองคน เมื่อเหลือ @{9} คน ข้ามกลไกนี้)
10110300744	The BOSS slams the ground and creates @{2}/@{3}/@{4}/@{5}/@{6} circular AOEs at random locations every @{1} seconds, each with a @{7}-second warning and a radius of @{8}m	บอสทุบพื้นและสร้าง AoE วงกลม @{2}/@{3}/@{4}/@{5}/@{6} แห่งที่ตำแหน่งสุ่มทุก @{1} วินาที แต่ละแห่งเตือน @{7} วินาทีและมีรัศมี @{8} เมตร
10110300741	The BOSS casts @{1} rectangular AOEs in front and @{2} behind, spaced @{3} meters apart, with a @{4}-second warning, then casts them again in the opposite direction	บอสใช้ AoE สี่เหลี่ยม @{1} แห่งด้านหน้าและ @{2} แห่งด้านหลัง ห่างกัน @{3} เมตร โดยเตือน @{4} วินาที จากนั้นใช้ซ้ำในทิศตรงข้าม
10110300739	The BOSS creates @{1} Stone Pillars, then pulls players toward the center. It creates arena-wide circular AOEs from the edge @{2} times at @{3}-second intervals. Finally, after a @{4}-second warning, it unleashes a sandstorm lasting @{5} seconds that pulls players toward the center and inflicts Damage over Time	บอสสร้างเสาหิน @{1} ต้นแล้วดึงผู้เล่นเข้าศูนย์กลาง สร้าง AoE วงกลมทั่วลานจากขอบ @{2} ครั้ง ทุก @{3} วินาที สุดท้าย หลังเตือน @{4} วินาที ปล่อยพายุทรายคงอยู่ @{5} วินาที ดึงผู้เล่นเข้าศูนย์กลางและสร้างดาเมจต่อเนื่อง
10110300729	The BOSS first casts a cone AOE in front with a @{1}s warning, a radius of @{2}m, and an angle of @{3}°, then casts a cone AOE behind with a @{4}s warning, a radius of @{5}m, and an angle of @{6}°	บอสใช้ AoE กรวยด้านหน้าก่อน เตือน @{1} วินาที รัศมี @{2} เมตร มุม @{3}° จากนั้นใช้กรวยด้านหลัง เตือน @{4} วินาที รัศมี @{5} เมตร มุม @{6}°
10110300608	Restores ^{5}Life^{6} equal to the master's ^{1}Adaptive ATK^{2} * ^{3}${3}%^{4} for the master and up to ${2} allies within ${1} meters, and increases the Movement Speed of affected allies by ^{7}${4}%^{8} for ${5} seconds.	ฟื้นฟู ^{5}HP^{6} เท่ากับ ^{1}Adaptive ATK^{2} ของเจ้าของ * ^{3}${3}%^{4} ให้เจ้าของและพันธมิตรสูงสุด ${2} คน ในระยะ ${1} เมตร และเพิ่ม MSPD ของพันธมิตรที่ได้รับผลขึ้น ^{7}${4}%^{8} เป็นเวลา ${5} วินาที
10110300607	Deals Neutral ranged magic damage equal to Magic ATK *^{1}${3}%^{2} to up to ${2} enemies within ${1} meters of the caster and inflicts ${4}%^{3}【Slow】^{4} for ${5} seconds.	สร้างดาเมจเวทระยะไกลธาตุ Neutral เท่ากับ M.ATK *^{1}${3}%^{2} แก่ศัตรูสูงสุด ${2} ตัว ในระยะ ${1} เมตรจากผู้ใช้ และทำให้ติด ${4}%^{3}[ Slow ]^{4} เป็นเวลา ${5} วินาที
10110300606	When casting a ^{1}Shield-type^{2} or ^{3}Buff-type^{4} Primary Battle Skill, restores ^{5}${1}^{6} HP to the owner every sec for ${3} sec. Internal Cooldown: ${2} sec.	เมื่อใช้สกิลต่อสู้หลักประเภท ^{1}Shield-type^{2} หรือ ^{3}Buff-type^{4} ฟื้นฟู HP ให้เจ้าของ ^{5}${1}^{6} ทุกวินาที เป็นเวลา ${3} วินาที CD ภายใน: ${2} วินาที
10110300605	Fruit Tree Turtle lashes out with vines, restoring ^{1}${1}^{2} Life to its master every second for ${2} seconds. It also deals Neutral ranged ^{7}Adaptive Damage^{8} equal to the master's ^{3}Adaptive ATK^{4} *^{5}${5}%^{6} to up to ${4} enemies within a ${3}-meter radius. For every ${6} enemies hit, it restores ^{9}${7}^{10} Life to its master.	Fruit Tree Turtle ฟาดเถาวัลย์ ฟื้นฟู HP ให้เจ้าของ ^{1}${1}^{2} ทุกวินาที เป็นเวลา ${2} วินาที พร้อมสร้าง ^{7}Adaptive Damage^{8} ระยะไกลธาตุ Neutral เท่ากับ ^{3}Adaptive ATK^{4} ของเจ้าของ *^{5}${5}%^{6} แก่ศัตรูสูงสุด ${4} ตัว ในรัศมี ${3} เมตร ต่อศัตรูที่โจมตีโดนทุก ${6} ตัว ฟื้นฟู HP ให้เจ้าของ ^{9}${7}^{10}
10110300604	All pets and their master gain ^{1}^{2}Anti-Stealth^{3}^{4} for ${1} sec., allowing them to detect hidden enemies within ^{5}${2} meters^{6}. They also gain ^{7}【Alert Recon】^{8} for ${3} sec. While active, each hit taken increases ^{9}Physical DEF by ${4}%^{10} and ^{11}Magic DEF by ${5}%^{12}, stacking up to ^{13}${6}^{14} times. Each stack lasts ^{15}${7}^{16} sec.	สัตว์เลี้ยงทุกตัวและเจ้าของได้รับ ^{1}^{2}Anti-Stealth^{3}^{4} เป็นเวลา ${1} วินาที ตรวจจับศัตรูที่ซ่อนตัวในระยะ ^{5}${2} เมตร^{6} และได้รับ ^{7}[ Alert Recon ]^{8} เป็นเวลา ${3} วินาที ขณะมีผล ทุกครั้งที่ถูกโจมตีเพิ่ม ^{9}P.DEF ขึ้น ${4}%^{10} และ ^{11}M.DEF ขึ้น ${5}%^{12} สะสมสูงสุด ^{13}${6}^{14} ครั้ง แต่ละ stacks คงอยู่ ^{15}${7}^{16} วินาที
10110300603	When casting an ^{1}Offensive-type^{2} or ^{3}Buff-type^{4} Primary Battle Skill, the owner gains ^{5}^{6}Detect Stealth^{7}^{8} within a ${1}-meter radius for ${2} sec.	เมื่อใช้สกิลต่อสู้หลักประเภท ^{1}Offensive-type^{2} หรือ ^{3}Buff-type^{4} เจ้าของได้รับ ^{5}^{6}Detect Stealth^{7}^{8} ในรัศมี ${1} เมตร เป็นเวลา ${2} วินาที
10110300602	The Scout Basilisk goes on alert, granting its master ^{1}[Vigilant Recon]^{2} for ${1} sec. Each time the master takes damage, Physical DEF increases by ^{3}${2}%^{4} and Magic DEF by ^{5}${3}%^{6}, stacking up to ^{7}${4}^{8} times and lasting ^{9}${5}^{10} sec.	Scout Basilisk เฝ้าระวัง มอบ ^{1}[ Vigilant Recon ]^{2} ให้เจ้าของเป็นเวลา ${1} วินาที ทุกครั้งที่เจ้าของได้รับดาเมจ P.DEF เพิ่มขึ้น ^{3}${2}%^{4} และ M.DEF เพิ่มขึ้น ^{5}${3}%^{6} สะสมสูงสุด ^{7}${4}^{8} ครั้ง คงอยู่ ^{9}${5}^{10} วินาที
10110300600	Aliza launches blades, dealing Neutral ranged Physical damage equal to Physical ATK * ^{1}${4}%^{2} to up to ${3} enemies in a ${1} × ${2} m rectangular area ahead. She also increases the Physical ATK of up to ${3} allies within a ${5} m radius of herself by ^{3}${6}%^{4} for ${7} seconds.	Aliza ปล่อยใบมีด สร้างดาเมจกายภาพระยะไกลธาตุ Neutral เท่ากับ P.ATK * ^{1}${4}%^{2} แก่ศัตรูสูงสุด ${3} ตัว ในพื้นที่สี่เหลี่ยมด้านหน้าขนาด ${1} × ${2} เมตร และเพิ่ม P.ATK ให้พันธมิตรสูงสุด ${3} คน ในรัศมี ${5} เมตรรอบตนขึ้น ^{3}${6}%^{4} เป็นเวลา ${7} วินาที
10110300599	Alicel will Launch blades around herself, dealing melee Neutral adaptive damage equal to ^{1}${3}%^{2} of Physical ATK to up to ${2} enemies within a ${1}-meter radius.	Alicel ปล่อยใบมีดรอบตัว สร้าง Adaptive Damage ระยะประชิดธาตุ Neutral เท่ากับ ^{1}${3}%^{2} ของ P.ATK แก่ศัตรูสูงสุด ${2} ตัว ในรัศมี ${1} เมตร
10110300591	Dydre deals Neutral ranged magic damage equal to Magic ATK*^{1}${3}%^{2} to up to ${2} enemies within a ${1}-meter radius, inflicting ^{3}【Slow】^{4} by ${4}% and reducing their damage dealt by ^{5}${5}%^{6} for ${6} seconds.	Dydre สร้างดาเมจเวทระยะไกลธาตุ Neutral เท่ากับ M.ATK*^{1}${3}%^{2} แก่ศัตรูสูงสุด ${2} ตัว ในรัศมี ${1} เมตร ทำให้ติด ^{3}[ Slow ]^{4} ลดความเร็ว ${4}% และลดดาเมจที่ทำลง ^{5}${5}%^{6} เป็นเวลา ${6} วินาที
10110300590	When casting a ^{1}Buff-type^{2} Primary Battle Skill, inflicts 【Undead Convergence】 on up to ${3} enemies within a ${2}-meter radius of the owner for ${4} sec. While Active, increases all Elemental Damage they take by ^{3}${5}%^{4} and inflicts ^{5}【Sluggish】^{6} ${6}%^{7}. Cooldown: ${7} sec.	เมื่อใช้สกิลต่อสู้หลักประเภท ^{1}Buff-type^{2} ทำให้ศัตรูสูงสุด ${3} ตัว ในรัศมี ${2} เมตรรอบเจ้าของติด [ Undead Convergence ] เป็นเวลา ${4} วินาที ขณะมีผล เพิ่มดาเมจธาตุทั้งหมดที่ศัตรูได้รับขึ้น ^{3}${5}%^{4} และทำให้ติด ^{5}[ Sluggish ]^{6} ${6}%^{7} CD: ${7} วินาที
10110300587	Owl Baron gathers storm clouds and locks onto a ST enemy within ${1} meters, Summoning ${3} Lightning Strikes every ${2} sec to attack random ST enemies within a ${4}-meter radius of the target. Summons ^{1}${5}^{2} Lightning Strikes in total. Each Lightning Strike Deals Neutral Ranged damage equal to the owner's ^{3}Adaptive Attack^{4}*^{5}${6}%^{6}.	Owl Baron รวมเมฆพายุและล็อกศัตรู Single Target ในระยะ ${1} เมตร เรียกสายฟ้า ${3} ครั้งทุก ${2} วินาทีเพื่อโจมตีศัตรู Single Target แบบสุ่มในรัศมี ${4} เมตรรอบเป้าหมาย เรียกสายฟ้ารวม ^{1}${5}^{2} ครั้ง แต่ละครั้งสร้างดาเมจระยะไกลธาตุ Neutral เท่ากับ ^{3}Adaptive Attack^{4} ของเจ้าของ*^{5}${6}%^{6}
10110300597	Deals Neutral melee ^{3}adaptive damage^{4} equal to the master's ^{1}Adaptive ATK^{2}*${1}%, with a ${2} Chance to inflict Stun for ${3} seconds (internal Cooldown: ${4} seconds).	สร้าง ^{3}Adaptive Damage^{4} ระยะประชิดธาตุ Neutral เท่ากับ ^{1}Adaptive ATK^{2} ของเจ้าของ*${1}% มีโอกาส ${2} ทำให้ติด Stun เป็นเวลา ${3} วินาที (CD ภายใน: ${4} วินาที)
10110300596	Deals Neutral melee Physical damage equal to the master's ^{1}Adaptive ATK^{2}*^{3}${3}%^{4} to up to ${2} enemies within ${1} meters, with a ${4}% Chance to inflict ^{5}^{6}【Stun】^{7}^{8} for ${5} seconds.	สร้างดาเมจกายภาพระยะประชิดธาตุ Neutral เท่ากับ ^{1}Adaptive ATK^{2} ของเจ้าของ*^{3}${3}%^{4} แก่ศัตรูสูงสุด ${2} ตัว ในระยะ ${1} เมตร มีโอกาส ${4}% ทำให้ติด ^{5}^{6}[ Stun ]^{7}^{8} เป็นเวลา ${5} วินาที
10110300595	When a ^{1}Debuff-type^{2} or ^{3}Control-type^{4} Primary Battle Skill Deals DMG, the owner's attacks deal Extra Neutral melee damage equal to the owner's ^{5}Adaptive Attack^{6}*^{7}${2}%^{8} for the next ${1} sec, with a ${3}% Chance to inflict ^{9}^{10}【Stun】^{11}^{12} for ${4} sec. Internal Cooldown: ${5} sec.	เมื่อสกิลต่อสู้หลักประเภท ^{1}Debuff-type^{2} หรือ ^{3}Control-type^{4} สร้างดาเมจ การโจมตีของเจ้าของสร้างดาเมจระยะประชิดธาตุ Neutral เพิ่มเท่ากับ ^{5}Adaptive Attack^{6} ของเจ้าของ*^{7}${2}%^{8} ใน ${1} วินาทีถัดไป มีโอกาส ${3}% ทำให้ติด ^{9}^{10}[ Stun ]^{11}^{12} เป็นเวลา ${4} วินาที CD ภายใน: ${5} วินาที
10110300594	Drops an iron ball from above, dealing Neutral melee ^{5}adaptive damage^{6} equal to the master's ^{1}Adaptive ATK^{2}*^{3}${4}%^{4} to up to ${3} enemies in a targeted area with a ${2}-meter radius within ${1} meters, with a ${5}% Chance to inflict ^{7}^{8}【Stun】^{9}^{10} for ${6} seconds. When this skill deals damage, or when the master deals damage within ${7} seconds after it is cast, additionally deals Neutral melee ^{15}adaptive damage^{16} equal to the master's ^{11}Adaptive ATK^{12}*^{13}${8}%^{14}, with a ${9}% Chance to inflict ^{17}^{18}【Stun】^{19}^{20} for ${10} seconds (internal Cooldown: ${11} seconds).	ปล่อยลูกเหล็กจากด้านบน สร้าง ^{5}Adaptive Damage^{6} ระยะประชิดธาตุ Neutral เท่ากับ ^{1}Adaptive ATK^{2} ของเจ้าของ*^{3}${4}%^{4} แก่ศัตรูสูงสุด ${3} ตัว ในพื้นที่เป้าหมายรัศมี ${2} เมตร ซึ่งอยู่ในระยะ ${1} เมตร มีโอกาส ${5}% ทำให้ติด ^{7}^{8}[ Stun ]^{9}^{10} เป็นเวลา ${6} วินาที เมื่อสกิลนี้สร้างดาเมจ หรือเจ้าของสร้างดาเมจภายใน ${7} วินาทีหลังใช้ จะสร้าง ^{15}Adaptive Damage^{16} เพิ่มระยะประชิดธาตุ Neutral เท่ากับ ^{11}Adaptive ATK^{12} ของเจ้าของ*^{13}${8}%^{14} มีโอกาส ${9}% ทำให้ติด ^{17}^{18}[ Stun ]^{19}^{20} เป็นเวลา ${10} วินาที (CD ภายใน: ${11} วินาที)
10110300593	For ${1} sec after casting a ^{1}Buff-type^{2} Primary Battle Skill, inflicts 【Undead Convergence】 on up to ${3} members of the Enemy Team within a ${2}-meter radius of the owner for ${4} sec. While Active, increases all Elemental Damage they take by ^{3}${5}%^{4} and inflicts ^{5}【Sluggish】^{6} ${6}%. Cooldown: ${7} sec.	ใน ${1} วินาทีหลังใช้สกิลต่อสู้หลักประเภท ^{1}Buff-type^{2} ทำให้สมาชิกฝ่ายศัตรูสูงสุด ${3} คน ในรัศมี ${2} เมตรรอบเจ้าของติด [ Undead Convergence ] เป็นเวลา ${4} วินาที ขณะมีผล เพิ่มดาเมจธาตุทั้งหมดที่ได้รับขึ้น ^{3}${5}%^{4} และทำให้ติด ^{5}[ Sluggish ]^{6} ${6}% CD: ${7} วินาที
10110300586	When casting an ^{1}Offensive-type^{2} or ^{3}Buff-type^{4} Primary Battle Skill, Summons ${2} Lightning Strikes every ${1} sec to attack random enemies within ${3} meters, Summoning ^{5}${4}^{6} Lightning Strikes in total. Each Lightning Strike Deals Neutral Ranged damage equal to the owner's ^{7}Adaptive Attack^{8}*^{9}${5}%^{10}.	เมื่อใช้สกิลต่อสู้หลักประเภท ^{1}Offensive-type^{2} หรือ ^{3}Buff-type^{4} เรียกสายฟ้า ${2} ครั้งทุก ${1} วินาทีเพื่อโจมตีศัตรูสุ่มในระยะ ${3} เมตร รวม ^{5}${4}^{6} ครั้ง แต่ละครั้งสร้างดาเมจระยะไกลธาตุ Neutral เท่ากับ ^{7}Adaptive Attack^{8} ของเจ้าของ*^{9}${5}%^{10}
10110300585	Owl Baron summons a massive lightning storm, dealing Neutral ranged magic damage equal to Magic ATK*^{1}${3}%^{2} per hit to up to ${2} enemies within ${1} meters for a total of ${4} hits, with a ^{3}${5}%^{4} Chance to inflict ^{5}^{6}【Stun】^{7}^{8} for ${6} seconds.	Owl Baron เรียกพายุสายฟ้ามหึมา สร้างดาเมจเวทระยะไกลธาตุ Neutral เท่ากับ M.ATK*^{1}${3}%^{2} ต่อครั้ง แก่ศัตรูสูงสุด ${2} ตัว ในระยะ ${1} เมตร รวม ${4} ครั้ง มีโอกาส ^{3}${5}%^{4} ทำให้ติด ^{5}^{6}[ Stun ]^{7}^{8} เป็นเวลา ${6} วินาที
10110300580	Lava Lizard roars, dealing Neutral melee Physical damage equal to Pet Physical ATK*^{1}${3}%^{2} to up to ${2} enemies within a ${1}-meter radius and reducing their Physical DEF by ^{3}${4}%^{4} for ${5} seconds.	Lava Lizard คำราม สร้างดาเมจกายภาพระยะประชิดธาตุ Neutral เท่ากับ P.ATK ของสัตว์เลี้ยง*^{1}${3}%^{2} แก่ศัตรูสูงสุด ${2} ตัว ในรัศมี ${1} เมตร และลด P.DEF ลง ^{3}${4}%^{4} เป็นเวลา ${5} วินาที
10110300578	Lava Lizard roars, dealing Neutral melee ^{5}adaptive damage^{6} equal to the master's ^{1}Adaptive ATK^{2}*^{3}${3}%^{4} to up to ${2} enemies within a ${1}-meter radius.	Lava Lizard คำราม สร้าง ^{5}Adaptive Damage^{6} ระยะประชิดธาตุ Neutral เท่ากับ ^{1}Adaptive ATK^{2} ของเจ้าของ*^{3}${3}%^{4} แก่ศัตรูสูงสุด ${2} ตัว ในรัศมี ${1} เมตร
10110300577	Ancient Tree Entanglement pulls up to ${2} enemies within a ${1}-meter radius toward the caster and deals Neutral melee Physical damage equal to Pet Physical ATK*^{1}${3}%^{2}.	Ancient Tree Entanglement ดึงศัตรูสูงสุด ${2} ตัว ในรัศมี ${1} เมตรหาผู้ใช้ และสร้างดาเมจกายภาพระยะประชิดธาตุ Neutral เท่ากับ P.ATK ของสัตว์เลี้ยง*^{1}${3}%^{2}
10110300480	Elio performs a precise operation, dealing a total of ^{1}Adaptive ATK^{2}*^{3}${2}%^{4} Neutral melee ^{5}Adaptive Damage^{6} to the designated ST enemy within ${1} meters. Each attack drains the enemy's Life, restoring ^{7}Adaptive ATK^{8}*^{9}${5}%^{10} ^{11}Life^{12} to up to ${4} allies within a ${3}-meter radius.	Elio ปฏิบัติการอย่างแม่นยำ สร้างดาเมจรวมเท่ากับ ^{1}Adaptive ATK^{2}*^{3}${2}%^{4} เป็น ^{5}Adaptive Damage^{6} ระยะประชิดธาตุ Neutral แก่ศัตรู Single Target ที่กำหนดในระยะ ${1} เมตร แต่ละการโจมตีดูด HP ศัตรู ฟื้นฟู ^{7}Adaptive ATK^{8}*^{9}${5}%^{10} ของ ^{11}HP^{12} ให้พันธมิตรสูงสุด ${4} คน ในรัศมี ${3} เมตร
10110300321	Targets several players and launches slow-Flying fireballs at them. Upon reaching their targets, the fireballs deal massive damage within a @{1}-meter radius of each target point	เลือกผู้เล่นหลายคนแล้วยิงลูกไฟเคลื่อนที่ช้าใส่ เมื่อถึงเป้าหมาย ลูกไฟสร้างดาเมจมหาศาลในรัศมี @{1} เมตรรอบแต่ละจุดเป้าหมาย
10110300234	Places an Anklesnare at the caster's location. When an enemy enters within @{1} m of the Trap Hunter, it explodes, dealing ATK * ^{1}@{4}%^{2} damage to up to @{3} enemies within a @{2} m radius and inflicting ^{3}【Immobilize】^{4} for @{5}^{5} sec. The Trap Hunter lasts @{6} sec.	วาง Anklesnare ที่ตำแหน่งผู้ใช้ เมื่อศัตรูเข้ามาในระยะ @{1} เมตรจาก Trap Hunter มันระเบิดสร้างดาเมจเท่ากับ ATK * ^{1}@{4}%^{2} แก่ศัตรูสูงสุด @{3} ตัว ในรัศมี @{2} เมตรและทำให้ติด ^{3}[ Immobilize ]^{4} เป็นเวลา @{5}^{5} วินาที Trap Hunter คงอยู่ @{6} วินาที
10110300233	Fires a hurricane arrow through a @{1} m * @{2} m area in the designated direction, continuously dealing ATK * ^{1}@{4}%^{2} damage to up to @{3} enemies along its path. Movement Speed increases by ^{3}@{5}%^{4} while the skill is active.	ยิงลูกธนูพายุผ่านพื้นที่ขนาด @{1} เมตร * @{2} เมตรตามทิศที่กำหนด สร้างดาเมจเท่ากับ ATK * ^{1}@{4}%^{2} ต่อเนื่องแก่ศัตรูสูงสุด @{3} ตัว ตลอดเส้นทาง MSPD เพิ่มขึ้น ^{3}@{5}%^{4} ขณะสกิลมีผล
10110300329	After charging for @{1} seconds, slashes forward, dealing cone-shaped AoE damage in a @{2}-degree, @{3}-meter-radius area. After a one-second delay, turns @{4}° and uses Repeat once, applying 【Stonecoat】 on HIT	หลังชาร์จ @{1} วินาที ฟันไปด้านหน้า สร้างดาเมจ AoE กรวยมุม @{2} องศา รัศมี @{3} เมตร หลังหน่วงหนึ่งวินาที หัน @{4}° และทำซ้ำอีกหนึ่งครั้ง ทำให้ติด [ Stonecoat ] เมื่อโจมตีโดน
10110300328	After a @{1}-second warning, launches cross-shaped blade energy in four directions, damaging targets in a rectangular area measuring @{2} by @{3} meters and applying 【Stonecoat】	หลังเตือน @{1} วินาที ปล่อยพลังคมดาบรูปกากบาทสี่ทิศ สร้างดาเมจแก่เป้าหมายในพื้นที่สี่เหลี่ยมขนาด @{2} คูณ @{3} เมตรและทำให้ติด [ Stonecoat ]
10110300227	Chants a powerful purification spell, removing ^{1}【Movement Restriction】^{2} and ^{3}【Abnormal Status】^{4} effects from self and party Members within a @{1} m radius. For the next @{2} sec., grants immunity to up to ^{5}@{3}^{6} ^{7}【Movement Restriction】^{8} and ^{9}【Abnormal Status】^{10} effects. Skill Cooldown: ^{11}@{4}^{12} sec.	สวดคาถาชำระล้างทรงพลัง ล้าง ^{1}[ Movement Restriction ]^{2} และ ^{3}[ Abnormal Status ]^{4} จากตนเองและสมาชิกปาร์ตี้ในรัศมี @{1} เมตร ใน @{2} วินาทีถัดไป ป้องกันผลสูงสุด ^{5}@{3}^{6} ครั้งของ ^{7}[ Movement Restriction ]^{8} และ ^{9}[ Abnormal Status ]^{10} CD สกิล: ^{11}@{4}^{12} วินาที
10110300226	Unleashes a powerful Holy Light, dealing own ATK * ^{1}@{4}%^{2} damage to up to @{3} enemies in a designated area with a @{2} m radius within @{1} m and inflicting ^{3}【Immobilize】^{4} and ^{5}【Blind】^{6} for @{5} sec.	ปล่อยแสงศักดิ์สิทธิ์ทรงพลัง สร้างดาเมจเท่ากับ ATK ของตน * ^{1}@{4}%^{2} แก่ศัตรูสูงสุด @{3} ตัว ในพื้นที่ที่กำหนดรัศมี @{2} เมตร ซึ่งอยู่ในระยะ @{1} เมตร และทำให้ติด ^{3}[ Immobilize ]^{4} กับ ^{5}[ Blind ]^{6} เป็นเวลา @{5} วินาที
10110300224	Uses an Exorciser incantation to create a Holy Light field, dealing ATK * ^{1}@{4}%^{2} damage to up to @{3} enemies in a designated area with a @{2} m radius within @{1} m.	ใช้คาถา Exorciser สร้างสนามแสงศักดิ์สิทธิ์ สร้างดาเมจเท่ากับ ATK * ^{1}@{4}%^{2} แก่ศัตรูสูงสุด @{3} ตัว ในพื้นที่ที่กำหนดรัศมี @{2} เมตร ซึ่งอยู่ในระยะ @{1} เมตร
10110300223	Strengthens holy power through a prayer of devotion, granting ^{1}continuous recovery^{2} to self and party Members within a @{1} m radius. Restores ^{5}Life^{6} equal to own ATK * ^{3}@{2}%^{4} to each target every sec. for @{3} sec.	เพิ่มพลังศักดิ์สิทธิ์ด้วยคำอธิษฐานมุ่งมั่น มอบ ^{1}การฟื้นฟูต่อเนื่อง^{2} ให้ตนเองและสมาชิกปาร์ตี้ในรัศมี @{1} เมตร ฟื้นฟู ^{5}HP^{6} เท่ากับ ATK ของตน * ^{3}@{2}%^{4} ให้แต่ละเป้าหมายทุกวินาที เป็นเวลา @{3} วินาที
10110300222	Summons a golden Sacred Tree of Life at the caster's location, increasing damage reduction by ^{1}@{2}%^{2} for self and party Members within a @{1} m radius for @{3} sec. If self or a party Member takes ^{3}fatal damage^{4} while the effect is active, triggers ^{5}【Death Immunity】^{6} once and sets Life to ^{7}@{4}% of Max Life^{8}.	เรียก Sacred Tree of Life สีทองที่ตำแหน่งผู้ใช้ เพิ่มการลดดาเมจที่ได้รับขึ้น ^{1}@{2}%^{2} ให้ตนเองและสมาชิกปาร์ตี้ในรัศมี @{1} เมตร เป็นเวลา @{3} วินาที หากตนเองหรือสมาชิกปาร์ตี้ได้รับ ^{3}ดาเมจถึงตาย^{4} ขณะมีผล ทำให้ ^{5}[ Death Immunity ]^{6} เกิดหนึ่งครั้งและตั้ง HP เป็น ^{7}@{4}% ของ HP สูงสุด^{8}
10110300164	Two-Handed Spear skill. Deals Neutral Melee Physical DMG equal to PATK * ^{3}${3}%^{4} and inflicts ^{1}Knockback^{2} on up to ${6} enemies in a ${2} * ${1}-meter area in front of you. For every ${8}% ASPD, this DMG increases by ^{5}${9}%^{6}, up to @{1}% ASPD. Move ${12} meters in that direction, then inflict ^{7}Knock-Up^{8} and deal Neutral Melee Physical DMG equal to PATK * ^{9}${5}%^{10} to the targets. For every ${10}% ASPD, this DMG increases by ^{11}${11}%^{12}. You have ^{13}^{14}Immunity^{15}^{16} while using the skill.	สกิลหอกสองมือ สร้างดาเมจกายภาพระยะประชิดธาตุ Neutral เท่ากับ P.ATK * ^{3}${3}%^{4} และทำให้ ^{1}Knockback^{2} แก่ศัตรูสูงสุด ${6} ตัว ในพื้นที่ด้านหน้าขนาด ${2} * ${1} เมตร ASPD ทุก ${8}% เพิ่มดาเมจนี้ ^{5}${9}%^{6} คิด ASPD สูงสุด @{1}% เคลื่อนที่ ${12} เมตรตามทิศนั้น แล้วทำให้ ^{7}Knock-Up^{8} พร้อมสร้างดาเมจกายภาพระยะประชิดธาตุ Neutral เท่ากับ P.ATK * ^{9}${5}%^{10} แก่เป้าหมาย ASPD ทุก ${10}% เพิ่มดาเมจนี้ ^{11}${11}%^{12} คุณได้รับ ^{13}^{14}Immunity^{15}^{16} ขณะใช้
10110300163	When you HIT a target with Shield Bash or Reflect Damage, you have a @{1}% and @{2}% Chance, respectively, to gain 1 stack of [Shield Momentum] for @{3} seconds. At @{4} stacks, your next @{5} Shield Bashes become [Powerful Shield Bash], increasing their damage by @{6}%. After each cast, gain a shield equal to Life Limit × @{8}% for @{7} seconds. This shield cannot stack.	เมื่อ Shield Bash หรือ Reflect Damage โจมตีโดน มีโอกาส @{1}% และ @{2}% ตามลำดับได้รับ [ Shield Momentum ] 1 stacks เป็นเวลา @{3} วินาที เมื่อครบ @{4} stacks Shield Bash @{5} ครั้งถัดไปเปลี่ยนเป็น [ Powerful Shield Bash ] ดาเมจเพิ่มขึ้น @{6}% หลังใช้แต่ละครั้ง ได้รับโล่เท่ากับขีดจำกัด HP × @{8}% เป็นเวลา @{7} วินาที โล่นี้สะสมไม่ได้
10110300162	Deals Neutral melee Physical damage equal to Physical ATK*^{1}${3}%^{2} to up to ${2} enemies within a ${1}-meter semicircle in front of you and reduces the Cooldown of 【Shield Defense】 by ${4} sec. (can only trigger once every ${5} sec.).	สร้างดาเมจกายภาพระยะประชิดธาตุ Neutral เท่ากับ P.ATK*^{1}${3}%^{2} แก่ศัตรูสูงสุด ${2} ตัว ในครึ่งวงกลมระยะ ${1} เมตรด้านหน้า และลด CD ของ [ Shield Defense ] ลง ${4} วินาที (เกิดผลได้ครั้งเดียวทุก ${5} วินาที)
10110300160	Increases Max Life by ^{1}${1}%^{2} and Physical ATK by ^{3}${2}%^{4}. When wielding a two-handed spear, grants an Extra ^{5}${3}%^{6} Physical ATK, but reduces the Max Life increase by ${4}%. Lasts ${5} sec.	เพิ่ม HP สูงสุดขึ้น ^{1}${1}%^{2} และ P.ATK ขึ้น ^{3}${2}%^{4} เมื่อถือหอกสองมือ มอบ P.ATK เพิ่ม ^{5}${3}%^{6} แต่ลดโบนัส HP สูงสุดลง ${4}% คงอยู่ ${5} วินาที
10110300158	Join forces with other Crusaders on your team. For each Crusader on the team, gain 1 stack of 【Union】: Physical ATK, Physical DEF, and Magic DEF increase by ^{1}${1}^{2}. Stacks up to ${2} times. After learning this skill, the Gryphon mount Can be unlocked.	ร่วมพลังกับ Crusader คนอื่นในทีม แต่ละ Crusader ในทีมมอบ [ Union ] 1 stacks: P.ATK, P.DEF และ M.DEF เพิ่มขึ้น ^{1}${1}^{2} สะสมสูงสุด ${2} ครั้ง หลังเรียนสกิลนี้ ปลดล็อกพาหนะ Gryphon ได้
10110300170	Shield skill. Deals Neutral Melee Physical DMG equal to PATK * ^{1}${7}%^{2} to up to ${6} enemies within a ${4}-degree, ${5}-meter area in front of you. Against Monster targets, the percentage DMG multiplier increases by ^{3}${12}%^{4}. During this time, you have Debuff Immunity, Monster DMG Reduction increases by ^{5}${2}%^{6}, and you gain ^{7}${3}%^{8} DEF and MDEF Increase.	สกิลโล่ สร้างดาเมจกายภาพระยะประชิดธาตุ Neutral เท่ากับ P.ATK * ^{1}${7}%^{2} แก่ศัตรูสูงสุด ${6} ตัว ในพื้นที่ด้านหน้ามุม ${4} องศา ระยะ ${5} เมตร ต่อเป้าหมายมอนสเตอร์ ตัวคูณดาเมจแบบเปอร์เซ็นต์เพิ่มขึ้น ^{3}${12}%^{4} ระหว่างนี้ คุณป้องกันดีบัฟ การลดดาเมจจากมอนสเตอร์เพิ่มขึ้น ^{5}${2}%^{6} และได้รับ ^{7}${3}%^{8} ของโบนัส DEF และ M.DEF
10110300169	Shield skill. Raise your Shield to block for ${1} seconds. During this time, you have Debuff Immunity, Monster DMG Reduction increases by ^{1}${2}%^{2}, and you gain ^{3}${3}%^{4} DEF and MDEF Increase. Tap this skill again while blocking or wait until the block ends to use ^{5}^{6}【Shield Auto Counter】^{7}^{8}. If you are attacked while blocking, ^{9}^{10}【Shield Auto Counter】^{11}^{12} is Enhanced into ^{13}^{14}【Powerful Auto Counter】^{15}^{16}.	สกิลโล่ ยกโล่ป้องกันเป็นเวลา ${1} วินาที ระหว่างนี้ คุณป้องกันดีบัฟ การลดดาเมจจากมอนสเตอร์เพิ่มขึ้น ^{1}${2}%^{2} และได้รับ ^{3}${3}%^{4} ของโบนัส DEF และ M.DEF แตะสกิลอีกครั้งขณะป้องกันหรือรอจนสิ้นสุดเพื่อใช้ ^{5}^{6}[ Shield Auto Counter ]^{7}^{8} หากถูกโจมตีขณะป้องกัน เสริม ^{9}^{10}[ Shield Auto Counter ]^{11}^{12} เป็น ^{13}^{14}[ Powerful Auto Counter ]^{15}^{16}
10110300168	Shield skill. Deals Neutral Melee Physical DMG equal to PATK * ^{1}${2}%^{2} to the selected ST enemy within ${1} meters. Against Monster targets, the percentage DMG multiplier increases by ^{3}${3}%^{4}.	สกิลโล่ สร้างดาเมจกายภาพระยะประชิดธาตุ Neutral เท่ากับ P.ATK * ^{1}${2}%^{2} แก่ศัตรู Single Target ที่เลือกในระยะ ${1} เมตร ต่อเป้าหมายมอนสเตอร์ ตัวคูณดาเมจแบบเปอร์เซ็นต์เพิ่มขึ้น ^{3}${3}%^{4}
10110300167	Shield skill. Deals Neutral Melee Physical DMG equal to PATK * ^{1}${2}%^{2} to the selected ST enemy within ${1} meters and grants you 1 stack of 【Shield Stance】. Against Monster targets, the percentage DMG multiplier increases by ^{3}${3}%^{4}. 【Shield Stance】: When 【Powerful Shield Bash】 or 【Reflect Damage】 hits a target, there is a ${4}% or ${5}% Chance, respectively, to grant you 1 stack of 【Shield Stance】. At ${6} stacks, your next ${7} Powerful Shield Bashes become ^{5}^{6}【Ultra Shield Bash】^{7} ^{8}.	สกิลโล่ สร้างดาเมจกายภาพระยะประชิดธาตุ Neutral เท่ากับ P.ATK * ^{1}${2}%^{2} แก่ศัตรู Single Target ที่เลือกในระยะ ${1} เมตร และมอบ [ Shield Stance ] 1 stacks ต่อเป้าหมายมอนสเตอร์ ตัวคูณดาเมจแบบเปอร์เซ็นต์เพิ่มขึ้น ^{3}${3}%^{4} [ Shield Stance ]: เมื่อ [ Powerful Shield Bash ] หรือ [ Reflect Damage ] โจมตีโดน มีโอกาส ${4}% หรือ ${5}% ตามลำดับมอบ [ Shield Stance ] 1 stacks เมื่อครบ ${6} stacks Powerful Shield Bash ${7} ครั้งถัดไปเปลี่ยนเป็น ^{5}^{6}[ Ultra Shield Bash ]^{7} ^{8}
10110300166	Two-Handed Spear skill. Deals @{1} hits of Neutral Melee Physical DMG equal to PATK * ^{1}${3}%^{2} to up to ${5} enemies within a ${1}-meter radius. For every ${6}% ASPD, this DMG increases by ^{3}${7}%^{4}, up to @{2}% ASPD. Pulls the targets ^{5}closer^{6} and grants you ^{7}^{8}【Over Brand】^{9} ^{10} for ${4} seconds. You can Move while casting this skill.	สกิลหอกสองมือ โจมตี @{1} ครั้งด้วยดาเมจกายภาพระยะประชิดธาตุ Neutral เท่ากับ P.ATK * ^{1}${3}%^{2} แก่ศัตรูสูงสุด ${5} ตัว ในรัศมี ${1} เมตร ASPD ทุก ${6}% เพิ่มดาเมจนี้ ^{3}${7}%^{4} คิด ASPD สูงสุด @{2}% ดึงเป้าหมาย ^{5}เข้ามาใกล้^{6} และมอบ ^{7}^{8}[ Over Brand ]^{9} ^{10} ให้คุณเป็นเวลา ${4} วินาที เคลื่อนที่ขณะใช้ได้
10110300165	Deals ${1}% Earth Physical damage to nearby enemies and reduces their DEF, Attack Speed, and Movement Speed by ${3}% for ${2}s. Enemies in 【Stealth】 HIT by this skill are revealed	สร้างดาเมจกายภาพธาตุ Earth ${1}% แก่ศัตรูใกล้เคียง ลด DEF, ASPD และ MSPD ลง ${3}% เป็นเวลา ${2} วินาที ศัตรูใน [ Stealth ] ที่ถูกสกิลนี้โจมตีจะเผยตัว
10110300157	Shield skill. Can only be used in Gryphon State. Raise your Shield for ${11} seconds, protecting you and up to ${15} allies within a ${1}-meter radius and reducing DMG taken by ^{1}${4}%^{2}. During this time, your MSPD is ^{3}【reduced】^{4} by ${9}%, but you have ^{5}^{6}Immunity^{7}^{8}. Every ${7} seconds, inflict a ${5}-meter ^{9}Knockback^{10} in the direction you are Facing on up to ${12} members of the Enemy Team within ${5} meters in front of you and deal Neutral Melee Physical DMG equal to your PATK * ^{11}${13}%^{12}. When an enemy in front of you Deals DMG to you, trigger ^{13}^{14}【Spear Auto Counter】^{15}^{16}.	สกิลโล่ ใช้ได้เฉพาะใน Gryphon State ยกโล่เป็นเวลา ${11} วินาที ปกป้องคุณและพันธมิตรสูงสุด ${15} คน ในรัศมี ${1} เมตร ลดดาเมจที่ได้รับลง ^{1}${4}%^{2} ระหว่างนี้ MSPD ของคุณติด ^{3}[ reduced ]^{4} ลดลง ${9}% แต่ได้รับ ^{5}^{6}Immunity^{7}^{8} ทุก ${7} วินาที ทำให้กระเด็น ${5} เมตรด้วย ^{9}Knockback^{10} ตามทิศที่หันหน้า ใส่สมาชิกฝ่ายศัตรูสูงสุด ${12} คน ในระยะ ${5} เมตรด้านหน้า และสร้างดาเมจกายภาพระยะประชิดธาตุ Neutral เท่ากับ P.ATK ของคุณ * ^{11}${13}%^{12} เมื่อศัตรูด้านหน้าสร้างดาเมจแก่คุณ ทำให้ ^{13}^{14}[ Spear Auto Counter ]^{15}^{16} เกิดผล
10110300156	Shield skill. The Crusader unleashes the power of Protection, removing all Control effects from you and redirecting ^{1}${1}%^{2} of the DMG taken by up to ${2} allies within a ${7}-meter radius to you for ${8} seconds. During this time, taking DMG restores HP equal to ^{3}${4}%^{4} of the DMG taken, and you and the selected allies gain ^{5}Debuff Immunity^{6}. Up to ${8} enemies within range gain ${5}% ^{7}【Slow】^{8} every ${9} seconds, stacking up to ${10} times. At ${10} stacks, Slow is converted into ^{9}^{10}【Stun】^{11}^{12} for ${6} seconds and ^{13}【Slow】^{14} is removed. Damage Sharing does not affect allied targets under 【Devotion】.	สกิลโล่ Crusader ปลดปล่อยพลังปกป้อง ล้างผลควบคุมทั้งหมดของคุณและโอน ^{1}${1}%^{2} ของดาเมจที่พันธมิตรสูงสุด ${2} คน ในรัศมี ${7} เมตรได้รับมาให้คุณ เป็นเวลา ${8} วินาที ระหว่างนี้ การได้รับดาเมจฟื้นฟู HP เท่ากับ ^{3}${4}%^{4} ของดาเมจที่ได้รับ คุณและพันธมิตรที่เลือกได้รับ ^{5}Debuff Immunity^{6} ศัตรูสูงสุด ${8} ตัว ในระยะได้รับผลลดความเร็ว ${5}% ^{7}[ Slow ]^{8} ทุก ${9} วินาที สะสมสูงสุด ${10} ครั้ง เมื่อครบ ${10} stacks Slow เปลี่ยนเป็น ^{9}^{10}[ Stun ]^{11}^{12} เป็นเวลา ${6} วินาที และล้าง ^{13}[ Slow ]^{14} การแบ่งดาเมจไม่ส่งผลต่อพันธมิตรที่มี [ Devotion ]
10110300155	Shield skill. Deals Earth Melee Physical DMG equal to PATK * ^{1}${1}%^{2} (^{3}^{4}Vitality Resonance ${6}%^{5}^{6}) to up to ${5} enemies within a ${4}-meter radius and reduces their ^{7}ASPD and MSPD^{8} by ${3}% for ${2} seconds. Enemies in 【Hiding】 hit by this skill are revealed. This skill greatly increases Monster aggro, with a greater increase than Provoke. Against Monster targets, the percentage DMG multiplier increases by ^{9}${7}%^{10}.	สกิลโล่ สร้างดาเมจกายภาพระยะประชิดธาตุ Earth เท่ากับ P.ATK * ^{1}${1}%^{2} (^{3}^{4}Vitality Resonance ${6}%^{5}^{6}) แก่ศัตรูสูงสุด ${5} ตัว ในรัศมี ${4} เมตร และลด ^{7}ASPD กับ MSPD^{8} ลง ${3}% เป็นเวลา ${2} วินาที ศัตรูใน [ Hiding ] ที่ถูกโจมตีจะเผยตัว สกิลนี้เพิ่ม Aggro ของมอนสเตอร์อย่างมาก มากกว่า Provoke ต่อเป้าหมายมอนสเตอร์ ตัวคูณดาเมจแบบเปอร์เซ็นต์เพิ่มขึ้น ^{9}${7}%^{10}
10110300154	Shield skill. Move toward the target and deal Holy Melee Physical DMG equal to PATK * ^{1}${1}%^{2} to up to ${4} enemies in a ${5} * ${6}-meter area in front of you.	สกิลโล่ เคลื่อนเข้าหาเป้าหมายและสร้างดาเมจกายภาพระยะประชิดธาตุ Holy เท่ากับ P.ATK * ^{1}${1}%^{2} แก่ศัตรูสูงสุด ${4} ตัว ในพื้นที่ด้านหน้าขนาด ${5} * ${6} เมตร
10110300153	Shield skill. Deals Neutral Melee Physical DMG equal to PATK * ^{1}${1}%^{2} to up to ${5} enemies within a ${4}-meter radius and grants you 【Casting Shield】 equal to ^{3}${3}%^{4} of your Max HP for ${2} seconds. Against Monsters, the percentage DMG multiplier increases by ^{5}${6}%^{6}. 【Casting Shield】: When you are hit, triggers an Extra Auto Counter from 【Reflect Damage】. If the target is a Boss, also Activate ^{7}^{8}【Holy Light Suppression】^{9}^{10}.	สกิลโล่ สร้างดาเมจกายภาพระยะประชิดธาตุ Neutral เท่ากับ P.ATK * ^{1}${1}%^{2} แก่ศัตรูสูงสุด ${5} ตัว ในรัศมี ${4} เมตร และมอบ [ Casting Shield ] เท่ากับ ^{3}${3}%^{4} ของ HP สูงสุด เป็นเวลา ${2} วินาที ต่อมอนสเตอร์ ตัวคูณดาเมจแบบเปอร์เซ็นต์เพิ่มขึ้น ^{5}${6}%^{6} [ Casting Shield ]: เมื่อถูกโจมตี จะโต้กลับเพิ่มจาก [ Reflect Damage ] หากเป้าหมายเป็นบอส ทำให้ ^{7}^{8}[ Holy Light Suppression ]^{9}^{10} เกิดผลด้วย
10110300152	Shield skill. Grants you 【Reflect Damage】. 【Reflect Damage】: When you are hit, deals Neutral Melee Physical DMG equal to PATK * ^{1}${2}%^{2} to up to ${3} enemies within a ${7}-meter radius. This effect can trigger up to ${5} times every ${4} seconds. Lasts ${1} seconds.	สกิลโล่ มอบ [ Reflect Damage ] ให้คุณ [ Reflect Damage ]: เมื่อถูกโจมตี สร้างดาเมจกายภาพระยะประชิดธาตุ Neutral เท่ากับ P.ATK * ^{1}${2}%^{2} แก่ศัตรูสูงสุด ${3} ตัว ในรัศมี ${7} เมตร ผลนี้เกิดได้สูงสุด ${5} ครั้งทุก ${4} วินาที คงอยู่ ${1} วินาที
10110300151	Shield skill. Deals Neutral Melee Physical DMG equal to PATK * ^{5}${2}%^{6} to the selected ST enemy within ${4} meters and inflicts ^{1}^{2}【Stun】^{3}^{4} for ${1} seconds. This skill greatly increases Monster aggro, with a greater increase than Provoke. Against Monsters, the percentage DMG multiplier increases by ^{7}${6}%^{8}.	สกิลโล่ สร้างดาเมจกายภาพระยะประชิดธาตุ Neutral เท่ากับ P.ATK * ^{5}${2}%^{6} แก่ศัตรู Single Target ที่เลือกในระยะ ${4} เมตร และทำให้ติด ^{1}^{2}[ Stun ]^{3}^{4} เป็นเวลา ${1} วินาที สกิลนี้เพิ่ม Aggro ของมอนสเตอร์อย่างมาก มากกว่า Provoke ต่อมอนสเตอร์ ตัวคูณดาเมจแบบเปอร์เซ็นต์เพิ่มขึ้น ^{7}${6}%^{8}
10110300150	Two-Handed Spear skill. Leap to a selected area within ${2} meters, dealing Neutral Melee Physical DMG totaling PATK * ^{1}${3}%^{2} to up to ${7} enemies within ${1} meters of the target area. For every ${9}% ASPD, this DMG increases by ^{3}${10}%^{4}, up to @{1}% ASPD. Inflicts ^{5}【Immobilize】^{6} for ${4} seconds. You have ^{7}^{8}Immunity^{9}^{10} while using the skill. For each enemy hit, gain 1 stack of Shield equal to ^{11}${6}%^{12} of your Max HP for ${11} seconds, stacking up to @{2} times.	สกิลหอกสองมือ กระโดดไปพื้นที่ที่เลือกในระยะ ${2} เมตร สร้างดาเมจกายภาพระยะประชิดธาตุ Neutral รวมเท่ากับ P.ATK * ^{1}${3}%^{2} แก่ศัตรูสูงสุด ${7} ตัว ในระยะ ${1} เมตรรอบพื้นที่เป้าหมาย ASPD ทุก ${9}% เพิ่มดาเมจนี้ ^{3}${10}%^{4} คิด ASPD สูงสุด @{1}% ทำให้ติด ^{5}[ Immobilize ]^{6} เป็นเวลา ${4} วินาที คุณได้รับ ^{7}^{8}Immunity^{9}^{10} ขณะใช้ ศัตรูแต่ละตัวที่โจมตีโดนมอบโล่ 1 stacks เท่ากับ ^{11}${6}%^{12} ของ HP สูงสุด เป็นเวลา ${11} วินาที สะสมสูงสุด @{2} ครั้ง
10110300149	Attack Speed is permanently increased by ${4}%. Gain 1 stack of 【Momentum】 every ${1} sec. 【Momentum】: Increases Movement Speed by ${2}%. The next attack skill deals Extra Neutral melee Physical damage equal to ${3}% of Physical ATK to the primary target. Removed after attacking.	ASPD เพิ่มขึ้น ${4}% อย่างถาวร ได้รับ [ Momentum ] 1 stacks ทุก ${1} วินาที [ Momentum ]: เพิ่ม MSPD ขึ้น ${2}% สกิลโจมตีครั้งถัดไปสร้างดาเมจกายภาพระยะประชิดธาตุ Neutral เพิ่มเท่ากับ ${3}% ของ P.ATK แก่เป้าหมายหลัก ล้างหลังโจมตี
10110300147	Two-Handed Spear skill. Deals Neutral Melee Physical DMG equal to PATK * ^{1}${3}%^{2} to up to ${2} enemies within a ${1}-meter radius. For every ${6}% ASPD, this DMG increases by ^{3}${4}%^{4}, up to @{1}% ASPD. This skill counts as a Basic Attack and has an ASPD effectiveness ratio of ^{5}${5}%^{6}.	สกิลหอกสองมือ สร้างดาเมจกายภาพระยะประชิดธาตุ Neutral เท่ากับ P.ATK * ^{1}${3}%^{2} แก่ศัตรูสูงสุด ${2} ตัว ในรัศมี ${1} เมตร ASPD ทุก ${6}% เพิ่มดาเมจนี้ ^{3}${4}%^{4} คิด ASPD สูงสุด @{1}% สกิลนี้ถือเป็นการโจมตีพื้นฐาน มีอัตราประสิทธิภาพ ASPD ^{5}${5}%^{6}
10110300146	Two-Handed Spear skill. Deals Neutral Melee Physical DMG equal to PATK * ^{1}${3}%^{2} to up to ${7} enemies within a circular ${2}-meter area around you. For every ${8}% ASPD, this DMG increases by ^{3}${5}%^{4}, up to @{1}% ASPD. If 【Over Brand】 is Active, instead damages the same number of enemies within ${2} meters of you, increasing the DMG to ^{5}${4}%^{6} Neutral Melee PATK. This skill counts as a Basic Attack and has an ASPD effectiveness ratio of ${6}%.	สกิลหอกสองมือ สร้างดาเมจกายภาพระยะประชิดธาตุ Neutral เท่ากับ P.ATK * ^{1}${3}%^{2} แก่ศัตรูสูงสุด ${7} ตัว ในพื้นที่วงกลม ${2} เมตรรอบตัว ASPD ทุก ${8}% เพิ่มดาเมจนี้ ^{3}${5}%^{4} คิด ASPD สูงสุด @{1}% หาก [ Over Brand ] มีผล จะโจมตีศัตรูจำนวนเท่ากันในระยะ ${2} เมตรรอบตัวแทน เพิ่มดาเมจเป็น ^{5}${4}%^{6} ของ P.ATK ระยะประชิดธาตุ Neutral สกิลนี้ถือเป็นการโจมตีพื้นฐาน มีอัตราประสิทธิภาพ ASPD ${6}%
10110300588	Dydre summons the undead, increasing the master's ^{3}all-element damage^{4} by ^{1}${1}%^{2} for ${2} seconds, and deals Neutral ranged ^{9}adaptive damage^{10} equal to the master's ^{5}Adaptive ATK^{6}*^{7}${5}%^{8} to up to ${4} enemies in a ${3}-meter cone ahead, increasing all elemental damage they take by ^{11}${6}%^{12} for ${7} seconds.	Dydre เรียกอันเดด เพิ่ม ^{3}ดาเมจทุกธาตุ^{4} ของเจ้าของขึ้น ^{1}${1}%^{2} เป็นเวลา ${2} วินาที และสร้าง ^{9}Adaptive Damage^{10} ระยะไกลธาตุ Neutral เท่ากับ ^{5}Adaptive ATK^{6} ของเจ้าของ*^{7}${5}%^{8} แก่ศัตรูสูงสุด ${4} ตัว ในพื้นที่กรวย ${3} เมตรด้านหน้า เพิ่มดาเมจทุกธาตุที่ศัตรูได้รับขึ้น ^{11}${6}%^{12} เป็นเวลา ${7} วินาที
10110300589	Dydre summons the undead, increasing the master's ^{3}all-element damage^{4} by ^{1}${1}%^{2} for ${2} seconds, and deals Neutral ranged ^{9}adaptive damage^{10} equal to the master's ^{5}Adaptive ATK^{6}*^{7}${5}%^{8} to up to ${4} enemies in a ${3}-meter cone ahead. Enemies hit gain ^{11}${6}%^{12} increased ^{13}all elemental damage taken^{14} for ${7} seconds.	Dydre เรียกอันเดด เพิ่ม ^{3}ดาเมจทุกธาตุ^{4} ของเจ้าของขึ้น ^{1}${1}%^{2} เป็นเวลา ${2} วินาที และสร้าง ^{9}Adaptive Damage^{10} ระยะไกลธาตุ Neutral เท่ากับ ^{5}Adaptive ATK^{6} ของเจ้าของ*^{7}${5}%^{8} แก่ศัตรูสูงสุด ${4} ตัว ในพื้นที่กรวย ${3} เมตรด้านหน้า ศัตรูที่ถูกโจมตีได้รับโบนัส ^{11}${6}%^{12} ของ ^{13}ดาเมจทุกธาตุที่ได้รับ^{14} เป็นเวลา ${7} วินาที
1002	Confirm	ยืนยัน
1003	Cancel	ยกเลิก
1004	Currently unavailable. Coming soon.	ยังไม่พร้อมใช้งาน เร็ว ๆ นี้
1005	Friendly Reminder	แจ้งเตือน
1006	Delete	ลบ
1007	Menu	เมนู
1008	Backpack	กระเป๋า
1009	Function Menu	เมนูฟังก์ชัน
1010	Total Ratings	คะแนนรวม
1012	Tap to close	แตะเพื่อปิด
1014	Please wait. Processing…	โปรดรอสักครู่ กำลังดำเนินการ…
1015	Rating ${1}	คะแนน ${1}
1016	Weapon	อาวุธ
1017	Armor	เกราะ
1020	Exit	ออก
1021	Notice	ประกาศ
1023	Expand	ขยาย
1024	Show less	แสดงน้อยลง
1025	Go	ไป
1026	How to Obtain	วิธีได้รับ
1028	${1}d ${2}h ${3}m	${1} วัน ${2} ชั่วโมง ${3} นาที
1029	${1}h ${2}m	${1} ชั่วโมง ${2} นาที
1030	Not Available	ไม่พร้อมใช้งาน
1031	Use	ใช้
1035	Edit Name	แก้ไขชื่อ
1036	Tap to enter a name	แตะเพื่อป้อนชื่อ
1037	Function Details	รายละเอียดฟังก์ชัน
1038	Notice	ประกาศ
1039	Rating	คะแนน
1040	Filter	ตัวกรอง
1041	Already at the maximum value	ถึงค่าสูงสุดแล้ว
1042	Already at the minimum value	ถึงค่าต่ำสุดแล้ว
1045	Function locked	ฟังก์ชันยังไม่ปลดล็อก
1046	Do not remind again	ไม่ต้องแจ้งเตือนอีก
1047	Back	กลับ
1048	${1}m ${2}s	${1} นาที ${2} วินาที
1049	Obtained ${1} X ${2}	ได้รับ ${1} X ${2}
1051	Monday	วันจันทร์
1052	Tuesday	วันอังคาร
1053	Wednesday	วันพุธ
1054	Thursday	วันพฤหัสบดี
1055	Friday	วันศุกร์
1056	Saturday	วันเสาร์
1057	Sunday	วันอาทิตย์
1058	In ${1}d ${2}h	ในอีก ${1} วัน ${2} ชั่วโมง
1059	In ${1}d	ในอีก ${1} วัน
1060	In ${1}h ${2}m	ในอีก ${1} ชั่วโมง ${2} นาที
1061	In ${1}h	ในอีก ${1} ชั่วโมง
1062	In ${1}m	ในอีก ${1} นาที
1063	In ${1}s	ในอีก ${1} วินาที
1064	${1}s	${1} วินาที
1066	${1}m	${1} นาที
1067	${1}h	${1} ชั่วโมง
1068	${1}d	${1} วัน
1069	Failed to retrieve information.	ไม่สามารถดึงข้อมูลได้
1073	Complete	เสร็จสิ้น
27000	Settings	ตั้งค่า
27001	Basic	พื้นฐาน
27002	Show	แสดง
27004	Chat Settings	ตั้งค่าแชต
27005	No settings Function available	ไม่มีฟังก์ชันตั้งค่าให้ใช้งาน
27006	Switch Target	สลับเป้าหมาย
27007	Nearest	ใกล้ที่สุด
27008	Low HP	HP ต่ำ
27009	Chase Distance	ระยะไล่ตาม
27010	Default	ค่าเริ่มต้น
27011	Settings	ตั้งค่า
27012	Distance	ระยะ
27013	Auto	อัตโนมัติ
27014	Additional Skill Range	ระยะสกิลเพิ่มเติม
27015	Lock Skill Indicator	ล็อกตัวบอกตำแหน่งสกิล
27016	Unlock	ปลดล็อก
27017	Close	ปิด
27018	Display Skill Range	แสดงระยะสกิล
27019	Auto Skills	ใช้สกิลอัตโนมัติ
27020	Go to Settings	ไปที่การตั้งค่า
27021	AFK Mode	โหมด AFK
27022	Attack While Moving	โจมตีขณะเคลื่อนที่
27023	Attack in Place	โจมตีอยู่กับที่
27024	Range	ระยะ
27025	Map-wide	ทั่วทั้งแผนที่
27026	Privacy	ความเป็นส่วนตัว
27027	Display Character Info	แสดงข้อมูลตัวละคร
27028	Key Settings	ตั้งค่าปุ่ม
27029	Display UI Buttons	แสดงปุ่ม UI
27030	Battle	การต่อสู้
27031	General	ทั่วไป
27032	Switch Target	สลับเป้าหมาย
27033	Skill bar 1	แถบสกิล 1
27034	Skill bar 2	แถบสกิล 2
27035	Skill bar 3	แถบสกิล 3
27036	Skill bar 4	แถบสกิล 4
27037	Skill bar 5	แถบสกิล 5
27038	Skill bar 6	แถบสกิล 6
27039	Skill Bar 7	แถบสกิล 7
27040	Skill Bar 8	แถบสกิล 8
27041	Skill Bar 9	แถบสกิล 9
27042	Interaction 1	โต้ตอบ 1
27043	Interaction 2	โต้ตอบ 2
27044	Interaction 3	โต้ตอบ 3
27045	Quick Potion	ใช้ยาแบบรวดเร็ว
27046	Forward	เดินหน้า
27047	Move back	ถอยหลัง
27048	Move left	เคลื่อนที่ไปทางซ้าย
27049	Move right	เคลื่อนที่ไปทางขวา
27050	Backpack	กระเป๋า
27051	Map	แผนที่
27052	This conflicts with the shortcut for Function ${1}. Swap their shortcuts?	ปุ่มนี้ซ้ำกับปุ่มลัดของฟังก์ชัน ${1} ต้องการสลับปุ่มลัดกันหรือไม่?
27053	Save shortcut settings?	บันทึกการตั้งค่าปุ่มลัดหรือไม่?
27054	This will reset all shortcuts. Continue?	การดำเนินการนี้จะรีเซ็ตปุ่มลัดทั้งหมด ต้องการดำเนินการต่อหรือไม่?
27055	Reset	รีเซ็ต
27056	Press 【BackSpace】 to clear a shortcut	กด [ BackSpace ] เพื่อล้างปุ่มลัด
27057	Empty	ว่าง
27058	Account	บัญชี
27059	Switch Character	สลับตัวละคร
27060	Log Out	ออกจากระบบ
27061	Are you sure you want to log out?	ต้องการออกจากระบบหรือไม่?
27062	Sound	เสียง
27063	Master	ระดับเสียงหลัก
27064	Music	เพลง
27065	Effects	เสียงเอฟเฟกต์
27066	Character Voice	เสียงตัวละคร
27067	Voice Pack	ชุดเสียง
27068	Switch Selected Target by Key	สลับเป้าหมายที่เลือกด้วยปุ่ม
27069	All Nearby Targets	เป้าหมายใกล้เคียงทั้งหมด
27071	Target Priority	ลำดับความสำคัญของเป้าหมาย
27072	Smart DPS	DPS อัจฉริยะ
27073	Smart Healing	ฮีลอัจฉริยะ
27074	Casting Settings	ตั้งค่าการร่ายสกิล
27075	Casting Method	วิธีร่ายสกิล
27076	Normal Casting	ร่ายสกิลแบบปกติ
27077	Quick Casting	ร่ายสกิลแบบรวดเร็ว
27078	Reset Keys	รีเซ็ตปุ่ม
27079	Official Recommended Keys:	ปุ่มที่แนะนำอย่างเป็นทางการ:
27080	Classic Mode	โหมดคลาสสิก
27081	Modern Mode	โหมดสมัยใหม่
27082	Reset	รีเซ็ต
27083	Cancel	ยกเลิก
27084	Please choose an appropriate key	โปรดเลือกปุ่มที่เหมาะสม
27085	Move	เคลื่อนที่
27086	Function	ฟังก์ชัน
27087	Keyboard Movement	เคลื่อนที่ด้วยคีย์บอร์ด
27088	Keyboard	คีย์บอร์ด
27089	Mouse	เมาส์
27090	Right-Click Movement	เคลื่อนที่ด้วยการคลิกขวา
27091	Chase with Drag Skills	ไล่ตามเมื่อใช้สกิลแบบลาก
27092	Chase Locked Target	ไล่ตามเป้าหมายที่ล็อกไว้
27093	Do Not Chase	ไม่ไล่ตาม
27094	Default Drag Skill Position	ตำแหน่งเริ่มต้นของสกิลแบบลาก
27095	Farthest Point Ahead	จุดที่ไกลที่สุดด้านหน้า
27096	Your Position	ตำแหน่งของคุณ
27098	Stop Moving	หยุดเคลื่อนที่
27099	Smart Casting	ร่ายสกิลอัจฉริยะ
27100	Language	ภาษา
27101	Skill Callout Display Range	ขอบเขตการแสดงข้อความประกาศสกิล
27102	All	ทั้งหมด
27103	You and Party Members	คุณและสมาชิกปาร์ตี้
27104	Only Self	เฉพาะตนเอง
27105	Skill Callout Display Density	ความหนาแน่นของข้อความประกาศสกิล
27106	High	สูง
27107	Medium	ปานกลาง
27108	Low	ต่ำ
27109	Selected Target	เป้าหมายที่เลือก
27110	Continuously Normal Attack the Selected Target	โจมตีปกติใส่เป้าหมายที่เลือกอย่างต่อเนื่อง
27111	Unlock	ปลดล็อก
27112	Close	ปิด
27113	Name Information	ข้อมูลชื่อ
27114	HP Bar	แถบ HP
27115	Damage Numbers	ตัวเลขความเสียหาย
27116	Only Self	เฉพาะตนเอง
27117	You and Your Team	คุณและทีมของคุณ
27118	You and Enemies	คุณและศัตรู
27119	All	ทั้งหมด
27120	Show	แสดง
27121	Hide	ซ่อน
27122	Name Position	ตำแหน่งชื่อ
27123	Above	ด้านบน
27124	Below	ด้านล่าง
27125	General Display	การแสดงผลทั่วไป
27126	Max Characters on Screen	จำนวนตัวละครสูงสุดบนหน้าจอ
27127	System Settings	ตั้งค่าระบบ
27128	PC Mode	โหมด PC
27129	General Display	การแสดงผลทั่วไป
27130	Skills	สกิล
27131	Sound Settings	ตั้งค่าเสียง
27132	Other	อื่น ๆ
27136	Hide All	ซ่อนทั้งหมด
27137	Ultimate Skill Camera	กล้องสกิลอัลติเมต
27138	You	คุณ
27139	Team	ทีม
27140	Same Faction	ฝ่ายเดียวกัน
27141	Enemy Team	ทีมศัตรู
27142	Skill Callouts	ข้อความประกาศสกิล
27144	Follow-Up Logic	รูปแบบการติดตาม
27145	Target	เป้าหมาย
27146	Green	สีเขียว
27147	Dark Green	สีเขียวเข้ม
27148	Blue	สีน้ำเงิน
27149	Yellow	สีเหลือง
27150	Red	สีแดง
27151	White	สีขาว
27152	HP Bar Color Settings	ตั้งค่าสีแถบ HP
27153	Name Color Settings	ตั้งค่าสีชื่อ
27154	Custom Layout	ปรับแต่งเลย์เอาต์
27155	Graphics	กราฟิก
27156	Graphics Settings	ตั้งค่ากราฟิก
27157	UI Scale	ขนาด UI
27158	All	ทั้งหมด
27159	Always Display	แสดงเสมอ
27160	Notice	ประกาศ
27161	Battle	การต่อสู้
27162	Drag UI elements to reposition them.	ลากองค์ประกอบ UI เพื่อเปลี่ยนตำแหน่ง
27163	Restore default	คืนค่าเริ่มต้น
27164	Save	บันทึก
27165	Save the current layout?	บันทึกเลย์เอาต์ปัจจุบันหรือไม่?
27166	Adjust Scale	ปรับขนาด
27167	Auto	อัตโนมัติ
27168	The UI scale is too large for the current resolution and has been automatically adjusted to ${1}.	ขนาด UI ใหญ่เกินไปสำหรับความละเอียดปัจจุบัน จึงปรับเป็น ${1} โดยอัตโนมัติ
27169	Scale	ขนาด
27170	Opacity	ความทึบ
27171	Very Low	ต่ำมาก
27172	Low	ต่ำ
27173	Medium	ปานกลาง
27174	High	สูง
27175	Ultra	สูงสุด
27176	Cursor Style	รูปแบบเคอร์เซอร์
27177	Save	บันทึก
27178	Show Cursor	แสดงเคอร์เซอร์
27179	Cursor Scale	ขนาดเคอร์เซอร์
27180	Shift + Right-click to control the camera	Shift + คลิกขวาเพื่อควบคุมกล้อง
27181	Go	ไป
27182	Style ${1}	รูปแบบ ${1}
27183	Graphics	กราฟิก
27187	Frame Rate	อัตราเฟรม
27191	Anti-Aliasing	ลบรอยหยัก
27192	Party	ปาร์ตี้
27193	Self and Party	ตนเองและปาร์ตี้
27194	Purple	สีม่วง
27195	Item bar 1	แถบไอเทม 1
27196	Item bar 2	แถบไอเทม 2
27197	Item bar 3	แถบไอเทม 3
27198	Item bar 4	แถบไอเทม 4
27199	Item Bar 5	แถบไอเทม 5
27200	Item Bar 6	แถบไอเทม 6
27202	Using Unstuck will cause your Character to die. This cannot be undone. After death, use Revive to complete Unstuck. Are you sure you want to proceed?	การใช้ฟังก์ชันแก้ติดค้างจะทำให้ตัวละครของคุณตาย และไม่สามารถย้อนกลับได้ หลังจากตาย ให้ใช้การฟื้นคืนชีพเพื่อดำเนินการแก้ติดค้างให้เสร็จสิ้น ต้องการดำเนินการต่อหรือไม่?
27203	Mouse Move	เคลื่อนที่ด้วยเมาส์
27204	Move Method	วิธีเคลื่อนที่
27205	Selected Target	เป้าหมายที่เลือก
27206	Left Tap	คลิกซ้าย
27207	Right Tap	คลิกขวา
27208	Adjust Camera	ปรับกล้อง
27209	Drag with Mouse Right Tap	คลิกขวาค้างแล้วลากเมาส์
27210	Mouse Left Tap Drag	คลิกซ้ายค้างแล้วลากเมาส์
27211	Shift+Mouse Right Tap and Drag	Shift+คลิกขวาค้างแล้วลากเมาส์
27212	Shift+Mouse Left Tap to Drag	Shift+คลิกซ้ายค้างแล้วลากเมาส์
27213	Reset Keys	รีเซ็ตปุ่ม
27214	Camera controls conflict with the Select/Move key bindings. Please change them.	ปุ่มควบคุมกล้องซ้ำกับปุ่มเลือกเป้าหมาย/เคลื่อนที่ โปรดเปลี่ยนปุ่ม
27215	Use 【Mouse Right Tap (+Shift)】 to adjust the camera.\nZoom with Ctrl+Mouse Right Tap.\nUse 【Mouse Left Tap (+Shift)】 to adjust the camera.\nZoom with Ctrl+Mouse Left Tap.	ใช้ [ Mouse Right Tap (+Shift) ] เพื่อปรับกล้อง\nซูมด้วย Ctrl+คลิกขวา\nใช้ [ Mouse Left Tap (+Shift) ] เพื่อปรับกล้อง\nซูมด้วย Ctrl+คลิกซ้าย
27216	Mouse Left Tap	คลิกซ้าย
27217	Right Tap	คลิกขวา
27218	Shift+Mouse Left Tap	Shift+คลิกซ้าย
27219	Shift+Mouse Right Tap	Shift+คลิกขวา
27220	Open	เปิด
27221	Off	ปิด
11000	Are you sure you want to spend the following items to unlock 5 Backpack slots? Remaining unlocks: ${1}	ต้องการใช้ไอเทมต่อไปนี้เพื่อปลดล็อกช่องกระเป๋า 5 ช่องหรือไม่? จำนวนครั้งที่ยังปลดล็อกได้: ${1}
11001	Maximum Backpack capacity reached. No more slots can be added.	กระเป๋ามีความจุสูงสุดแล้ว ไม่สามารถเพิ่มช่องได้อีก
11002	Backpack full. Please organize your Backpack first.	กระเป๋าเต็ม โปรดจัดระเบียบกระเป๋าก่อน
11003	Backpack full. Please organize your Backpack before opening the gift pack.	กระเป๋าเต็ม โปรดจัดระเบียบกระเป๋าก่อนเปิดชุดของขวัญ
11004	Unlock Notice	แจ้งเตือนการปลดล็อก
11005	Not enough items to unlock Backpack slots.	ไอเทมไม่เพียงพอสำหรับปลดล็อกช่องกระเป๋า
11006	Sell	ขาย
11007	Failed to sell	ขายไม่สำเร็จ
11008	Sort	เรียงลำดับ
11009	Organize (${1})	จัดระเบียบ (${1})
11010	Organize Function is on cooldown	ฟังก์ชันจัดระเบียบอยู่ระหว่างคูลดาวน์
11011	Dismantle	แยกชิ้นส่วน
11012	Sort by Rating	เรียงตามคะแนน
11013	Sort by Tier	เรียงตามระดับ
11014	Sort by Quality	เรียงตามคุณภาพ
11015	Sort by Tier	เรียงตามระดับ
11016	Sell	ขาย
11017	Tap to select items to sell. Press and hold to view item details.	แตะเพื่อเลือกไอเทมที่จะขาย กดค้างเพื่อดูรายละเอียดไอเทม
11018	Proceeds	รายได้จากการขาย
11019	Please select an item to sell from the left.	โปรดเลือกไอเทมที่จะขายจากด้านซ้าย
11020	Sell	ขาย
11021	No items selected for sale.	ยังไม่ได้เลือกไอเทมที่จะขาย
11022	No items can be sold from this tab.	ไม่มีไอเทมที่ขายได้ในแท็บนี้
11023	This item will expire at the end of the current Season.	ไอเทมนี้จะหมดอายุเมื่อสิ้นสุดฤดูกาลปัจจุบัน
11024	This item has expired	ไอเทมนี้หมดอายุแล้ว
11025	This item will be removed at the end of the current Season.	ไอเทมนี้จะถูกนำออกเมื่อสิ้นสุดฤดูกาลปัจจุบัน
11026	This item has been removed.	ไอเทมนี้ถูกนำออกแล้ว
11027	This item cannot be used until the next Season.	ไม่สามารถใช้ไอเทมนี้ได้จนกว่าจะถึงฤดูกาลถัดไป
11028	Removed	นำออกแล้ว
11029	Expired items have been automatically removed.	นำไอเทมที่หมดอายุออกโดยอัตโนมัติแล้ว
11030	Equip	สวมใส่
11031	Fashion	แฟชั่น
11032	Refinement Resonance	เรโซแนนซ์การตีบวก
11033	Enhancement Resonance	เรโซแนนซ์การเสริมพลัง
11034	Items	ไอเทม
11035	Equip	สวมใส่
11036	Card	การ์ด
20000	This mail has no attachments to claim.	จดหมายนี้ไม่มีของแนบให้รับ
20001	Mail claimed.	รับจดหมายแล้ว
20002	Deletion failed. This mail has unclaimed attachments.	ลบไม่สำเร็จ จดหมายนี้มีของแนบที่ยังไม่ได้รับ
20003	Deletion failed. This mail has been deleted or has expired.	ลบไม่สำเร็จ จดหมายนี้ถูกลบหรือหมดอายุแล้ว
20004	You have new mail, but your mailbox is full and cannot receive it. Please delete mail you've already processed.	คุณมีจดหมายใหม่ แต่กล่องจดหมายเต็มและไม่สามารถรับได้ โปรดลบจดหมายที่จัดการแล้ว
20005	You received new mail. Check it soon.	คุณได้รับจดหมายใหม่ อย่าลืมตรวจดู
20006	Mail attachments claimed.	รับของแนบในจดหมายแล้ว
20007	No mail to claim.	ไม่มีจดหมายให้รับ
20008	No mail to delete.	ไม่มีจดหมายให้ลบ
20009	Your Backpack is full. Make room before claiming.	กระเป๋าเต็ม โปรดเพิ่มพื้นที่ว่างก่อนรับ
20010	Cannot delete mail with unclaimed attachments.	ไม่สามารถลบจดหมายที่มีของแนบซึ่งยังไม่ได้รับ
20011	Your Backpack is full. Make room before claiming.	กระเป๋าเต็ม โปรดเพิ่มพื้นที่ว่างก่อนรับ
20012	Delete all processed mail?	ลบจดหมายที่จัดการแล้วทั้งหมดหรือไม่?
20013	Friends	เพื่อน
20014	Mail	จดหมาย
20015	Blocks	รายชื่อบล็อก
20017	No mail.	ไม่มีจดหมาย
20018	No mail to view.	ไม่มีจดหมายให้ดู
20019	System	ระบบ
20020	Guild	กิลด์
20021	Mail Storage Limit: ${1}/${2}	ขีดจำกัดการจัดเก็บจดหมาย: ${1}/${2}
20022	Delete All	ลบทั้งหมด
20023	Claim All	รับทั้งหมด
20024	No mail right now.	ขณะนี้ไม่มีจดหมาย
20025	No mail.	ไม่มีจดหมาย
20026	Expires in ${1} days	หมดอายุในอีก ${1} วัน
20027	Claim	รับ
20028	Attachments:	ของแนบ:
20029	Mail Storage Limit: <color=#FA983A>${1}</color>/${2}	ขีดจำกัดการจัดเก็บจดหมาย: <color=#FA983A>${1}</color>/${2}
20030	Mail Info	ข้อมูลจดหมาย
20031	1. Mail is divided into System Mail and Guild Mail, which unlock at different levels.\n2. System Mail and Guild Mail have separate storage limits. Mail exceeding these limits cannot be received, so Adventurers should clear out mail regularly.\n3. Mail with attachments can only be deleted after the attachments have been claimed.\n4. Each mail has an expiration date. Expired mail is automatically deleted, so be sure to read it and claim its attachments in time.	1. จดหมายแบ่งเป็นจดหมายระบบและจดหมายกิลด์ ซึ่งปลดล็อกที่ระดับต่างกัน\n2. จดหมายระบบและจดหมายกิลด์มีขีดจำกัดการจัดเก็บแยกกัน หากเกินขีดจำกัดจะไม่สามารถรับจดหมายได้ นักผจญภัยจึงควรล้างกล่องจดหมายเป็นประจำ\n3. จดหมายที่มีของแนบจะลบได้หลังจากรับของแนบแล้วเท่านั้น\n4. จดหมายแต่ละฉบับมีวันหมดอายุ จดหมายที่หมดอายุจะถูกลบโดยอัตโนมัติ อย่าลืมอ่านและรับของแนบให้ทันเวลา
20032	Your mailbox is almost full. Clear out some mail soon~	กล่องจดหมายใกล้เต็มแล้ว โปรดลบจดหมายบางส่วนเร็ว ๆ นี้~
20033	Your mailbox is full and cannot receive new mail. Clear out some mail.	กล่องจดหมายเต็มและไม่สามารถรับจดหมายใหม่ได้ โปรดลบจดหมายบางส่วน
20035	Permanent	ถาวร
20036	Expires in ${1} hr.	หมดอายุในอีก ${1} ชั่วโมง
20037	Expires in ${1} min.	หมดอายุในอีก ${1} นาที
20038	Hey, Adventurer.\nI'm the programmer who stays up late fixing bugs every night. Your mail... was accidentally flung into a rift in space-time by a mysterious line of my code.\nKeep this quiet. Log In Again or contact Customer Support, and I'll secretly pull your mail back for you.\n\nA mysterious programmer who doesn't want to write an incident report	สวัสดี นักผจญภัย\nผมคือโปรแกรมเมอร์ที่อยู่แก้บั๊กดึก ๆ ทุกคืน จดหมายของคุณ... ถูกโค้ดลึกลับบรรทัดหนึ่งของผมเหวี่ยงเข้าไปในรอยแยกของกาลอวกาศโดยไม่ตั้งใจ\nอย่าบอกใครนะ ลองเข้าสู่ระบบอีกครั้งหรือติดต่อฝ่ายบริการลูกค้า แล้วผมจะแอบดึงจดหมายกลับมาให้\n\nโปรแกรมเมอร์ลึกลับที่ไม่อยากเขียนรายงานเหตุขัดข้อง
20039	A Letter Lost in Another Dimension	จดหมายที่หายไปในอีกมิติ
32000	Details	รายละเอียด
32001	Add Marker	เพิ่มเครื่องหมาย
32003	World Map	แผนที่โลก
32005	Monster	มอนสเตอร์
32006	Markers	เครื่องหมาย
32007	Ch. ${1}	แชนเนล ${1}
32008	Monster Drops	ไอเทมดรอปจากมอนสเตอร์
32009	EXP Gain: ${1}%	EXP ที่ได้รับ: ${1}%
32010	Material Gain: ${1}%	วัสดุที่ได้รับ: ${1}%
32011	Go to Monster	ไปหามอนสเตอร์
32012	Go	ไป
32013	View Cave	แสดงถ้ำ
32014	Hide Cave	ซ่อนถ้ำ
32015	View Info	ดูข้อมูล
32016	Hide Info	ซ่อนข้อมูล
32017	View Event	ดูอีเวนต์
32018	Hide Event	ซ่อนอีเวนต์
32020	Switched to Channel ${1}.	เปลี่ยนเป็นแชนเนล ${1} แล้ว
32021	This channel is full. Unable to join.	แชนเนลนี้เต็ม ไม่สามารถเข้าร่วมได้
32022	This area is full. Please wait a moment.	พื้นที่นี้เต็ม โปรดรอสักครู่
32023	You cannot switch channels while dead.	ไม่สามารถเปลี่ยนแชนเนลขณะตายได้
32024	The target channel does not exist.	ไม่มีแชนเนลเป้าหมาย
32025	You cannot switch channels while in Battle Status.	ไม่สามารถเปลี่ยนแชนเนลขณะอยู่ในสถานะต่อสู้ได้
32026	You cannot switch channels during an Interaction.	ไม่สามารถเปลี่ยนแชนเนลขณะโต้ตอบได้
32027	Auto-follow has stopped due to switching channels.	หยุดติดตามอัตโนมัติเนื่องจากเปลี่ยนแชนเนล
32028	The wait time was too long. Please try again later.	รอนานเกินไป โปรดลองอีกครั้งในภายหลัง
32029	This area has not been unlocked yet.	พื้นที่นี้ยังไม่ปลดล็อก
32030	No markers.	ไม่มีเครื่องหมาย
32031	No NPCs.	ไม่มี NPC
32032	No monsters.	ไม่มีมอนสเตอร์
32033	Filter results have been applied to all maps.	ใช้ผลการกรองกับทุกแผนที่แล้ว
32035	Teleporter	จุดวาร์ป
32039	Teleportation is not available at the destination.	ไม่สามารถวาร์ปไปยังจุดหมายได้
32040	Tap an unlocked map to teleport.	แตะแผนที่ที่ปลดล็อกแล้วเพื่อวาร์ป
32041	Auto-pathing is unavailable in this area.	ไม่สามารถนำทางอัตโนมัติในพื้นที่นี้ได้
32042	You must explore this area on your own.	คุณต้องสำรวจพื้นที่นี้ด้วยตนเอง
32043	Confirm Teleportation	ยืนยันการวาร์ป
32044	Mini Map	แผนที่ย่อ
32113	Map Coordinates	พิกัดแผนที่
34000	Main Screen Chat Settings	ตั้งค่าแชตหน้าจอหลัก
34001	World	โลก
34002	Guild	กิลด์
34003	Party	ปาร์ตี้
34004	Whisper	กระซิบ
34005	Recruit	รับสมัคร
34007	Nearby	ใกล้เคียง
34008	Auto-Send Bullet Comments Settings	ตั้งค่าส่งข้อความลอยอัตโนมัติ
34009	Auto-Play Voice Settings	ตั้งค่าเล่นข้อความเสียงอัตโนมัติ
34010	Auto-play on Wi-Fi only	เล่นอัตโนมัติเฉพาะเมื่อใช้ Wi-Fi
34011	Stranger Private Message Settings	ตั้งค่าข้อความส่วนตัวจากคนแปลกหน้า
34012	Block ≤	บล็อก ≤
34013	private messages from strangers below this level	ข้อความส่วนตัวจากคนแปลกหน้าที่มีระดับต่ำกว่านี้
34014	Chat Settings	ตั้งค่าแชต
34015	Portrait	รูปโปรไฟล์
34016	Portrait Frame	กรอบรูปโปรไฟล์
34017	Chat Bubble	กล่องข้อความแชต
34018	Chat Settings	ตั้งค่าแชต
34019	Enter text...	ป้อนข้อความ...
34020	Edit Private Chat	แก้ไขแชตส่วนตัว
34021	Friends	เพื่อน
34023	Mentorship	ระบบศิษย์และอาจารย์
34024	Group Chat	แชตกลุ่ม
34025	Enter a player name to search	ป้อนชื่อผู้เล่นเพื่อค้นหา
34026	Number of close friends and private groups allowed:	จำนวนเพื่อนสนิทและกลุ่มส่วนตัวที่มีได้:
34027	Submit	ส่ง
34028	Cancel	ยกเลิก
34029	Report Description:	คำอธิบายการรายงาน:
34030	Reason for Report:	เหตุผลที่รายงาน:
34031	Reported Player:	ผู้เล่นที่ถูกรายงาน:
34032	Report	รายงาน
34033	No messages	ไม่มีข้อความ
34034	Mini Window	หน้าต่างขนาดเล็ก
34035	Locate	ระบุตำแหน่ง
34036	Broadcast	ประกาศ
34037	Finder	ค้นหาทีม
34038	Create Party	สร้างปาร์ตี้
34039	Tap to enter text	แตะเพื่อป้อนข้อความ
34040	Send	ส่ง
34042	Mysterious Adventurer	นักผจญภัยลึกลับ
34044	System	ระบบ
34045	Recently used	ใช้ล่าสุด
34046	${1} new messages received	ได้รับข้อความใหม่ ${1} ข้อความ
34047	You're sending messages too frequently. Please try again later.	คุณส่งข้อความถี่เกินไป โปรดลองอีกครั้งในภายหลัง
34048	Message cannot be empty	ข้อความต้องไม่ว่าง
34049	Channel window created	สร้างหน้าต่างแชนเนลแล้ว
34050	Maximum number of windows reached	ถึงจำนวนหน้าต่างสูงสุดแล้ว
34051	Maximum message length reached	ถึงความยาวข้อความสูงสุดแล้ว
34052	Public channel chat unlocks at Lv. ${1}	แชตในแชนเนลสาธารณะปลดล็อกที่ Lv. ${1}
34053	Join a guild to chat in this channel	เข้าร่วมกิลด์เพื่อแชตในแชนเนลนี้
34054	You are not in a party	คุณไม่ได้อยู่ในปาร์ตี้
34055	Tree Hollow channel chat unlocks at Lv. ${1}	แชตในแชนเนล Tree Hollow ปลดล็อกที่ Lv. ${1}
34056	No new messages	ไม่มีข้อความใหม่
34057	Failed to send message to the server	ส่งข้อความไปยังเซิร์ฟเวอร์ไม่สำเร็จ
34058	Channel	แชนเนล
34059	1. The Tree Hollow channel offers an 【Anonymous】 mode.\n\n2. There is a Chance that your disguise will slip, revealing your true identity.\n\n3. A different anonymous theme is available each day. You will receive a random alias, including a name and Portrait, which refreshes the next day.\n\n4. We will Keep a strict moderation system in place. Please do not post inappropriate content.	1. แชนเนล Tree Hollow มีโหมด [ Anonymous ]\n\n2. มีโอกาสที่การปลอมตัวของคุณจะหลุดและเปิดเผยตัวตนจริง\n\n3. แต่ละวันมีธีมไม่ระบุตัวตนที่ต่างกัน คุณจะได้รับนามแฝงแบบสุ่มพร้อมชื่อและรูปโปรไฟล์ ซึ่งจะเปลี่ยนใหม่ในวันถัดไป\n\n4. เราจะดูแลเนื้อหาอย่างเข้มงวด โปรดอย่าโพสต์เนื้อหาที่ไม่เหมาะสม
34060	Channel Description	คำอธิบายแชนเนล
34061	All	ทั้งหมด
34062	Incorrect message channel	แชนเนลข้อความไม่ถูกต้อง
34063	Hold to Talk	กดค้างเพื่อพูด
34064	Emotes	อีโมต
34065	Record	บันทึก
34066	Character	ตัวละคร
34067	Item	ไอเทม
34068	Join a guild	เข้าร่วมกิลด์
34069	Broadcast	ประกาศ
34070	Preview Style	ตัวอย่างรูปแบบ
34071	Select Item	เลือกไอเทม
34072	Failed to join chat channel	เข้าร่วมแชนเนลแชตไม่สำเร็จ
34073	You were mentioned	มีคนกล่าวถึงคุณ
34075	Tap to Join Party	แตะเพื่อเข้าร่วมปาร์ตี้
34077	Release to Send	ปล่อยเพื่อส่ง
34078	Voice message is too short	ข้อความเสียงสั้นเกินไป
34079	Reply	ตอบกลับ
34080	Copy	คัดลอก
34081	You can enter up to ${1} items at once	คุณสามารถใส่ไอเทมพร้อมกันได้สูงสุด ${1} ชิ้น
34082	Repeat item entered	ใส่ไอเทมซ้ำ
34083	Show chat bubbles above characters	แสดงกล่องข้อความแชตเหนือตัวละคร
34084	Go Add Friend!	ไปเพิ่มเพื่อนเลย!
34085	You haven't added any Group Chats yet!	คุณยังไม่ได้เพิ่มแชตกลุ่มเลย!
34086	Go join a Golden Orchid!	ไปเข้าร่วม Golden Orchid เลย!
34087	You haven't joined a mentorship yet!	คุณยังไม่ได้เข้าร่วมระบบศิษย์และอาจารย์เลย!
34088	Broadcast item required	ต้องใช้ไอเทมสำหรับประกาศ
34089	Main Screen Chat Settings	ตั้งค่าแชตหน้าจอหลัก
34090	No voice input device detected	ไม่พบอุปกรณ์รับเสียง
34091	Voice: This feature is unavailable	เสียง: ฟีเจอร์นี้ไม่พร้อมใช้งาน
34092	Items	ไอเทม
34093	Equip	สวมใส่
34094	Card	การ์ด
34096	Add	เพิ่ม
34097	Clear Chat	ล้างแชต
34098	Channel One <color=#FF993F>${1} Members</color>	แชนเนลหนึ่ง <color=#FF993F>สมาชิก ${1} คน</color>
34099	Channel Two <color=#FF993F>${1} Members</color>	แชนเนลสอง <color=#FF993F>สมาชิก ${1} คน</color>
34100	Channel Three <color=#FF993F>${1} Members</color>	แชนเนลสาม <color=#FF993F>สมาชิก ${1} คน</color>
34101	Recruitment message has expired	ข้อความรับสมัครหมดอายุแล้ว
34102	Party application sent	ส่งคำขอเข้าร่วมปาร์ตี้แล้ว
34103	Member ${1}	สมาชิก ${1}
34104	Channel Members	สมาชิกแชนเนล
34105	Muted players cannot use their microphones.	ผู้เล่นที่ถูกปิดเสียงไม่สามารถใช้ไมโครโฟนได้
34106	Exit Prompt	แจ้งเตือนการออก
34107	Are you sure you want to leave the current channel?	ต้องการออกจากแชนเนลปัจจุบันหรือไม่?
34108	Leave Channel	ออกจากแชนเนล
34109	Are you sure you want to remove this player from the channel?	ต้องการนำผู้เล่นนี้ออกจากแชนเนลหรือไม่?
34110	Request Voice Access	ขอสิทธิ์ใช้เสียง
34111	Tap to type...	แตะเพื่อพิมพ์...
34112	Send Request	ส่งคำขอ
34113	Guild Voice Channel Invitation	คำเชิญเข้าร่วมแชนเนลเสียงกิลด์
34114	<color=#FF993F>${1}</color> has invited you to join the guild voice channel.	<color=#FF993F>${1}</color> เชิญคุณเข้าร่วมแชนเนลเสียงกิลด์
34115	Do not accept Guild Voice invitations for 10 minutes	ไม่รับคำเชิญเข้าร่วมแชนเนลเสียงกิลด์เป็นเวลา 10 นาที
34116	Unmute All	ยกเลิกการปิดเสียงทั้งหมด
34117	Manage Speaking Permissions	จัดการสิทธิ์พูด
34118	Channel One	แชนเนลหนึ่ง
34119	Channel Two	แชนเนลสอง
34120	Channel Three	แชนเนลสาม
34121	Unable to join this channel. Please try again later.	ไม่สามารถเข้าร่วมแชนเนลนี้ได้ โปรดลองอีกครั้งในภายหลัง
34122	Your message contains inappropriate language. Please revise it and try again.	ข้อความของคุณมีภาษาที่ไม่เหมาะสม โปรดแก้ไขแล้วลองอีกครั้ง
34123	Group Whisper	กระซิบกลุ่ม
34124	Channel names are limited to ${1} characters.	ชื่อแชนเนลมีความยาวได้สูงสุด ${1} ตัวอักษร
34125	Equipped	สวมใส่แล้ว
34126	Players removed via Leave Channel will be Auto-added to Blocks and cannot Enter this Channel again for ${1} hours.	ผู้เล่นที่ถูกนำออกผ่านฟังก์ชันออกจากแชนเนลจะถูกเพิ่มในรายชื่อบล็อกโดยอัตโนมัติ และไม่สามารถเข้าร่วมแชนเนลนี้ได้อีกเป็นเวลา ${1} ชั่วโมง
34127	Invite Guild Members	เชิญสมาชิกกิลด์
34128	There are currently no Guild Members Online	ขณะนี้ไม่มีสมาชิกกิลด์ออนไลน์
35000	Quests	เควสต์
35001	No Quests Available	ไม่มีเควสต์ให้ทำ
35002	Current Quest	เควสต์ปัจจุบัน
35003	Available Quests	เควสต์ที่รับได้
35004	Complete the following objectives	ทำเป้าหมายต่อไปนี้ให้สำเร็จ
35005	Quest Rewards	รางวัลเควสต์
35006	Complete	เสร็จสิ้น
35007	Reset	รีเซ็ต
35008	Go	ไป
35009	Abandon	ละทิ้ง
35010	Track Quest	ติดตามเควสต์
35011	Time Limit: ${1} Days	เวลาจำกัด: ${1} วัน
35012	Time Limit: ${1}	เวลาจำกัด: ${1}
35013	[${1}] Quest Failed	[ ${1} ] เควสต์ล้มเหลว
35014	Quest Complete: 【${1}】	เควสต์สำเร็จ: [ ${1} ]
35015	Failed to accept quest [${1}].	รับเควสต์ [ ${1} ] ไม่สำเร็จ
35016	Failed to reset quest [${1}]	รีเซ็ตเควสต์ [ ${1} ] ไม่สำเร็จ
35017	Failed to abandon quest [${1}]	ละทิ้งเควสต์ [ ${1} ] ไม่สำเร็จ
35018	Failed to turn in quest [${1}]	ส่งเควสต์ [ ${1} ] ไม่สำเร็จ
35019	Failed to track quest [${1}]	ติดตามเควสต์ [ ${1} ] ไม่สำเร็จ
35020	Quest [${1}] progress updated.	อัปเดตความคืบหน้าเควสต์ [ ${1} ] แล้ว
35021	Go	ไป
35022	Quest Failed	เควสต์ล้มเหลว
35023	Quest Timed Out	เควสต์หมดเวลา
35024	You haven't accepted the quest yet~	คุณยังไม่ได้รับเควสต์~
35025	No quests are currently available~	ขณะนี้ไม่มีเควสต์ให้รับ~
35026	Submit	ส่ง
35028	Dungeon Quest	เควสต์ดันเจี้ยน
35029	You must wait for the countdown to reach zero and the quest to begin before proceeding.	ต้องรอให้การนับถอยหลังถึงศูนย์และเควสต์เริ่มก่อนจึงจะดำเนินการต่อได้
35030	or ${1}	หรือ ${1}
35031	<color=#99FF9F>Current Server Level Cap: Lv. ${1}\n${2}: Server Level Cap increases to Lv. ${3}</color>	<color=#99FF9F>ระดับสูงสุดของเซิร์ฟเวอร์ปัจจุบัน: Lv. ${1}\n${2}: ระดับสูงสุดของเซิร์ฟเวอร์เพิ่มเป็น Lv. ${3}</color>
