13540000000	Level Increased	Level Increased
13540000001	Daily Login	Daily Login
13540000002	Card Objective - Insert Card	Card Objective - Insert Card
13540000003	Card Objective - Rank Up	Card Objective - Rank Up
11720000000	Meditate	Meditate
11720000001	Nine-Tone Mantra: Moon Dance	Nine-Tone Mantra: Moon Dance
11720000002	Nine-Tone Mantra: Moon Chase	Nine-Tone Mantra: Moon Chase
11720000003	Nine-Tone Mantra: Awaiting the Moon	Nine-Tone Mantra: Awaiting the Moon
11720000004	Placeholder	Placeholder
11720000005	Sit	Sit
11720000006	Hands on Hips	Hands on Hips
11720000007	Look Back	Look Back
11720000008	Left Heart	Left Heart
11720000009	Right Heart	Right Heart
1000	${1}${2} X ${3}	${1}${2} X ${3}
1001	${1} X ${2}	${1} X ${2}
1011	_	_
1013	<sprite name="common_arrow_07_02">	<sprite name="common_arrow_07_02">
1018	<color=#cc762a>${1}</color>	<color=#cc762a>${1}</color>
1019	<u>${1}</u>	<u>${1}</u>
1022	[${1}]	[${1}]
1027	[<color=${1}><u><link="${2}">${3}</link></u></color>]	[<color=${1}><u><link="${2}">${3}</link></u></color>]
1032	、	、
1033	；	；
1034	<color=#b4a797>${1}</color>	<color=#b4a797>${1}</color>
1043	<color=#DD563F>%s</color>/%s	<color=#DD563F>%s</color>/%s
1044	<color=#DD563F>%s</color>	<color=#DD563F>%s</color>
1065	：	：
1070	<sprite name="common_arrow_07_03">	<sprite name="common_arrow_07_03">
1071	X${1}	X${1}
1072	-	-
11380000000	Wildlands	Wildlands
11380000001	Natural Land	Natural Land
11380000002	Dark Land	Dark Land
11380000003	Savage Hinterlands	Savage Hinterlands
11380000004	Forbidden Wilds	Forbidden Wilds
11380000005	Dark Domain	Dark Domain
11380000006	Hidden Realm	Hidden Realm
11380000007	Normal	Normal
11380000008	Hard	Hard
11380000009	Final Trial	Final Trial
16320001	Hunting Challenge	Hunting Challenge
16320002	Skills refresh in ${1} seconds	Skills refresh in ${1} seconds
16320003	Ranks 4-10	Ranks 4-10
16320004	Ranks 11-20	Ranks 11-20
16320005	Hunting Challenge - Preparation Phase	Hunting Challenge - Preparation Phase
16320006	Closes automatically in ${1} seconds	Closes automatically in ${1} seconds
16320007	Rewards	Rewards
16320008	Group Rewards	Group Rewards
16320009	Hunting Challenge	Hunting Challenge
16320010	Speed Rankings	Speed Rankings
16320011	Deals DMG:	Deals DMG:
16320012	Battlefield Skill	Battlefield Skill
16320013	Drag to select a target	Drag to select a target
16320014	Boss Appeared	Boss Appeared
16320015	Event Over	Event Over
16320016	Event rewards have been sent to your mailbox.	Event rewards have been sent to your mailbox.
16320017	Speedrun Report	Speedrun Report
16320018	Group Report	Group Report
16320019	Entire Server Report	Entire Server Report
16320020	Last Battle Report	Last Battle Report
16320021	Rank	Rank
16320022	Guild	Guild
16320023	Deals DMG	Deals DMG
16320024	Command Skill Kill	Command Skill Kill
16320025	Commander Rating	Commander Rating
16320026	Force Field Pull	Force Field Pull
16320027	Partywide Immobilize	Partywide Immobilize
16320028	Partywide Silence	Partywide Silence
16320029	Screen Obscuration	Screen Obscuration
16320030	Baphomet PDEF Enhance	Baphomet PDEF Enhance
16320031	Baphomet Attack Enhance	Baphomet Attack Enhance
16320032	Partywide Slow	Partywide Slow
16320033	Multiple Knockbacks	Multiple Knockbacks
16320034	Partywide Endure	Partywide Endure
11210000000	Fruit Peel Hat	Fruit Peel Hat
11210000001	Bread Bag Hat	Bread Bag Hat
11210000002	Egg Shell	Egg Shell
11210000003	Army Cap	Army Cap
11210000004	Mage's Hat	Mage's Hat
11210000005	Student's Cap	Student's Cap
11210000006	Afternoon Stroll · Warm Sunshine	Afternoon Stroll · Warm Sunshine
11210000007	Sage's Stone Helm	Sage's Stone Helm
11210000008	Black Cat Ears	Black Cat Ears
11210000009	Urgent Treatment Needed	Urgent Treatment Needed
11210000010	Grand Peco Hair Accessory	Grand Peco Hair Accessory
11210000011	Bunny Hair Band	Bunny Hair Band
11210000012	Feather Bonnet	Feather Bonnet
11210000013	Goggles	Goggles
11210000014	Playful Lace Kitty Headband	Playful Lace Kitty Headband
11210000015	Drooping Cat	Drooping Cat
11210000016	Nurse Cap	Nurse Cap
11210000017	Deviruchi Hat	Deviruchi Hat
11210000018	Apple Headwear	Apple Headwear
11210000019	Theater Hat	Theater Hat
11210000020	Banana Hat	Banana Hat
11210000021	Sweetheart Tea Party · Soufflé	Sweetheart Tea Party · Soufflé
11210000022	Silverwing Covenant · Order	Silverwing Covenant · Order
11210000023	Angel Wing	Angel Wing
11210000024	Golden Headwear	Golden Headwear
11210000025	Evil Wing	Evil Wing
11210000026	Helmet of Orc Hero	Helmet of Orc Hero
11210000027	Tiara	Tiara
11210000028	Grand Circlet	Grand Circlet
11210000029	Pirate Captain's Hat	Pirate Captain's Hat
11210000030	Golden Coronet	Golden Coronet
11210000031	Crown	Crown
11210000032	Sphinx Hat	Sphinx Hat
11210000033	Pointed Horn Headband	Pointed Horn Headband
11210000034	Jewel Crown	Jewel Crown
11210000035	Majestic Goat	Majestic Goat
11210000036	Moonlight Flower Hat	Moonlight Flower Hat
11210000037	Vampire Hairpin	Vampire Hairpin
11210000038	Starfish Hairpin	Starfish Hairpin
11210000039	Night Thorn	Night Thorn
11210000040	Rune Crown	Rune Crown
11210000041	Sun God Helmet	Sun God Helmet
11210000042	Poo Poo Hat	Poo Poo Hat
11210000043	Fox Mask	Fox Mask
11210000044	World-Scorching Feather · Golden Crow	World-Scorching Feather · Golden Crow
11210000045	Nine-Hued Sacred Melody · Apsara	Nine-Hued Sacred Melody · Apsara
11210000046	Sunglasses	Sunglasses
11210000047	Blinker	Blinker
11210000048	Night Judgment·Mask	Night Judgment·Mask
11210000049	Banquet Invitation · Light	Banquet Invitation · Light
11210000050	Eye Patch	Eye Patch
11210000051	Spinning Eyes	Spinning Eyes
11210000052	Smiling Mask	Smiling Mask
11210000053	Blush	Blush
11210000054	Small Ribbons	Small Ribbons
11210000055	Lovely Sleep Mask	Lovely Sleep Mask
11210000056	Silverwing Covenant: Discipline	Silverwing Covenant: Discipline
11210000057	Prank Mask	Prank Mask
11210000058	Goblin Leader Mask	Goblin Leader Mask
11210000059	Evil Wing Ears	Evil Wing Ears
11210000060	Angel Wing Earrings	Angel Wing Earrings
11210000061	Worldscorch Feather·Brilliant Gold	Worldscorch Feather·Brilliant Gold
11210000062	Nine-Tone Mantra · Elegance	Nine-Tone Mantra · Elegance
11210000063	White Beard	White Beard
11210000064	Chicken Beak	Chicken Beak
11210000065	Academy Journal: Recess	Academy Journal: Recess
11210000066	Clown Nose	Clown Nose
11210000067	Sweet Candy	Sweet Candy
11210000068	Romantic Leaf	Romantic Leaf
11210000069	Lucky Clover	Lucky Clover
11210000070	Toast	Toast
11210000071	Baby Pacifier	Baby Pacifier
11210000072	Flame Scarf	Flame Scarf
11210000073	Angry Snarl	Angry Snarl
11210000074	Pipe	Pipe
11210000075	Fish In Mouth	Fish In Mouth
11210000076	Master of the Game	Master of the Game
11210000077	Kitty's Charge	Kitty's Charge
11210000078	Night Judgment	Night Judgment
11210000079	Dinner Date	Dinner Date
11210000080	Afternoon Stroll	Afternoon Stroll
11210000081	Academy Journal	Academy Journal
11210000082	Sweetheart Tea Party	Sweetheart Tea Party
11210000083	Silverwing Covenant	Silverwing Covenant
11210000084	Nine-Tone Mantra	Nine-Tone Mantra
11210000085	Worldscorch Feather	Worldscorch Feather
11210000086	Fluffy Tail	Fluffy Tail
11210000087	Old Television	Old Television
11210000088	Grand Voyage	Grand Voyage
11210000089	Student Backpack	Student Backpack
11210000090	Bonnie's Afternoon	Bonnie's Afternoon
11210000091	Silverwing Covenant: Truth	Silverwing Covenant: Truth
11210000092	Blossom Sprite	Blossom Sprite
11210000093	Wheel of Time	Wheel of Time
11210000094	Reaper's Scythe	Reaper's Scythe
11210000095	Crazy Baby Bunny	Crazy Baby Bunny
11210000096	Crazy Bunny Family Balloon	Crazy Bunny Family Balloon
11210000097	Giant Bow Scarf	Giant Bow Scarf
11210000098	Kitty Tail	Kitty Tail
11210000099	Worldscorch Feather: Burning Wings	Worldscorch Feather: Burning Wings
11210000100	Big Poring	Big Poring
11210000101	Lion	Lion
11210000102	Alpaca	Alpaca
11210000103	Hyena	Hyena
11210000104	Fox	Fox
11210000105	Ostrich	Ostrich
11210000106	Savage	Savage
11210000107	Fluffy Bunny	Fluffy Bunny
11210000108	Pompadour	Pompadour
11210000109	Goblin Balloon	Goblin Balloon
11210000110	Crab You Very Much	Crab You Very Much
11210000111	Kitty Cart	Kitty Cart
11210000112	Flying Goblin Balloon	Flying Goblin Balloon
11210000113	Baby Kun	Baby Kun
11210000114	Wind-Up Rocking Chair	Wind-Up Rocking Chair
11210000115	Eggshell Chubby Chick	Eggshell Chubby Chick
11210000116	Dream Steed	Dream Steed
11210000117	Magic Carpet	Magic Carpet
11210000118	Solar Chariot	Solar Chariot
11210000119	Orchid Waterside Pavilion	Orchid Waterside Pavilion
11210000120	Fish of the Northern Deep	Fish of the Northern Deep
11210000121	Lord of the Starry Firmament	Lord of the Starry Firmament
11210000122	Hairstyle@{1}	Hairstyle@{1}
11210000123	Strawberry Macaron	Strawberry Macaron
11210000124	Worldscorch Feather: Ashen Embers	Worldscorch Feather: Ashen Embers
11210000125	Sweet Waltz	Sweet Waltz
11210000126	Silverwing Covenant: Prayer	Silverwing Covenant: Prayer
11210000127	Nine-Tone Mantra: Rainbow Raiment	Nine-Tone Mantra: Rainbow Raiment
11210000128	Worldscorch Feather · Featherstep	Worldscorch Feather · Featherstep
12860000001	Vocal	Vocal
12860000002	Wild Rose	Wild Rose
12860000003	Bobo	Bobo
12860000004	Rainbow Ferus	Rainbow Ferus
12860000005	Bongun	Bongun
12860000006	Lava Lizard	Lava Lizard
12860000007	Nepenthes	Nepenthes
12860000008	Forest Fairy	Forest Fairy
12860000009	Squidgitte	Squidgitte
12860000010	Alice the Maid	Alice the Maid
12860000011	Fox Immortal	Fox Immortal
12860000012	Baphomet Jr.	Baphomet Jr.
12860000013	Garm Baby	Garm Baby
12860000014	Ancient Tree	Ancient Tree
12860000015	Marionette	Marionette
12860000016	Goat	Goat
12860000017	Clock	Clock
12860000018	Scout Basilisk	Scout Basilisk
12860000019	Fruit Tree Turtle	Fruit Tree Turtle
12860000020	Zherlthsh	Zherlthsh
12860000021	Cat o' Nine-Tail	Cat o' Nine-Tail
12860000022	Silver Moon Witch	Silver Moon Witch
12860000023	Baron	Baron
12860000024	Ancient Mummy	Ancient Mummy
12860000025	High Orc	High Orc
12860000026	Miguel	Miguel
12860000027	Sarah Irene	Sarah Irene
12860000028	Alicel	Alicel
12860000029	Goddess of Hope	Goddess of Hope
12860000030	Aliot	Aliot
12860000031	Angeling	Angeling
12860000032	Bloody Butterfly	Bloody Butterfly
12860000033	Incubus	Incubus
12860000034	Daedre	Daedre
12860000035	Nightmare	Nightmare
12860000036	Little Isis	Little Isis
12860000037	Piamette	Piamette
12860000038	Corrupted Wander Man	Corrupted Wander Man
12860000039	Watcher	Watcher
12860000040	Darkheart Hunter Eve	Darkheart Hunter Eve
12860000041	Female Warrior Lola	Female Warrior Lola
12860000042	Dullahan	Dullahan
12860000043	Bokba	Bokba
12860000044	Medusa	Medusa
12860000045	Hardened Rainbow Nightmare	Hardened Rainbow Nightmare
12860000046	Retribution	Retribution
12860000047	Fairy	Fairy
12860000048	Raging Shinobi	Raging Shinobi
12860000049	Succubus	Succubus
12860000050	Hodremlin Sword	Hodremlin Sword
12860000051	Death Witch	Death Witch
12860000052	One-Horned Radiant Chimera	One-Horned Radiant Chimera
12860000053	Miyabi Doll	Miyabi Doll
12860000054	Wildcat Knight	Wildcat Knight
12860000055	Sohee	Sohee
11040000000	Rarity	Rarity
11040000001	Type	Type
11040000002	Number of Affixes	Number of Affixes
11040000003	Stunt	Stunt
2070	BASE	BASE
2071	JOB	JOB
2072	HP	HP
2073	SP	SP
2074	K	K
2075	M	M
2076	B	B
2078	Lv.	Lv.
2079	MVP	MVP
2080	s	s
2082	S	S
2083	STR	STR
2084	AGI	AGI
2085	VIT	VIT
2086	INT	INT
2087	DEX	DEX
2088	LUK	LUK
2091	EXP	EXP
2094	${1}!!	${1}!!
2095	UTC+${1}	UTC+${1}
2096	${1}FPS	${1}FPS
2097	BASE:${1}%	BASE:${1}%
2098	${1}%:JOB	${1}%:JOB
12400200000	Every @{1} seconds, Live Coals will appear in the territory. Gather them and add them to the Bonfire to earn rewards.	Every @{1} seconds, Live Coals will appear in the territory. Gather them and add them to the Bonfire to earn rewards.
12400200001	Every @{1} seconds, Monsters will cause trouble. Defeat them to earn rewards. Draw Third Prize during the final @{2} minutes.	Every @{1} seconds, Monsters will cause trouble. Defeat them to earn rewards. Draw Third Prize during the final @{2} minutes.
12400200002	Every @{1} seconds, Monsters will cause trouble. Defeat them to earn rewards. Draw Second Prize during the final @{2} minutes.	Every @{1} seconds, Monsters will cause trouble. Defeat them to earn rewards. Draw Second Prize during the final @{2} minutes.
12400200003	Every @{1} seconds, Monsters will cause trouble. Defeat them to earn rewards. Draw First Prize during the final @{2} minutes.	Every @{1} seconds, Monsters will cause trouble. Defeat them to earn rewards. Draw First Prize during the final @{2} minutes.
12400200004	The Bonfire Party has come to a wonderful close. Thank You all for spending the evening with us!	The Bonfire Party has come to a wonderful close. Thank You all for spending the evening with us!
68003	Hidden Trove 68003	Hidden Trove 68003
68004	Hidden Trove 68004	Hidden Trove 68004
68005	Hidden Trove 68005	Hidden Trove 68005
68006	Eden Group: Commendation Vault	Eden Group: Commendation Vault
68016	[Rift Crisis] Special Commendation	[Rift Crisis] Special Commendation
68017	[Rift Crisis] Commendation Gift Box	[Rift Crisis] Commendation Gift Box
68028	Rift Stone	Rift Stone
68030	Hidden Trove 68030	Hidden Trove 68030
68031	<size=24><color=#97E553>${1}</color></size>/${2}	<size=24><color=#97E553>${1}</color></size>/${2}
68032	<size=24><color=#F3865E>${1}</color></size>/${2}	<size=24><color=#F3865E>${1}</color></size>/${2}
68033	<size=26>${1}</size><color=#C3BAA8>/${2}</color>	<size=26>${1}</size><color=#C3BAA8>/${2}</color>
12520000000	Call all Guild Members to assemble!	Call all Guild Members to assemble!
12520000001	Head to the center of the territory, Collect Live Coals, and add them to the bonfire	Head to the center of the territory, Collect Live Coals, and add them to the bonfire
12520000002	Enjoy the Bonfire EXP blessing while waiting for the raffle to begin	Enjoy the Bonfire EXP blessing while waiting for the raffle to begin
12520000003	Drive off the mysterious enemies disrupting the party!	Drive off the mysterious enemies disrupting the party!
12350000000	Defense Build	Defense Build
12350000001	Defense Boost	Defense Boost
12350000002	Defense Fortification	Defense Fortification
3001	Lv.${1}	Lv.${1}
3002	K	K
3003	M	M
3004	G	G
3005	T	T
3028	Knight	Knight
3029	Crusader	Crusader
3033	BASE <color=#FFEF95>${1}</color>	BASE <color=#FFEF95>${1}</color>
3034	JOB <color=#FFEF95>${1}</color>	JOB <color=#FFEF95>${1}</color>
10470100000	@{1}	@{1}
10470100001	Head Above the Sea of Clouds	Head Above the Sea of Clouds
10470100002	Head to the Chaos Ruins	Head to the Chaos Ruins
10470100003	Dialogue Test	Dialogue Test
10470100004	Supply Escort	Supply Escort
10470100005	Otherworldly Invasion	Otherworldly Invasion
10530000000	Poring	Poring
10530000001	Lunatic	Lunatic
10530000002	Fabre	Fabre
10530000003	Picky	Picky
10530000004	Chonchon	Chonchon
10530000005	Super Picky	Super Picky
10530000006	Willow	Willow
10530000007	Condor	Condor
10530000008	Savage Babe	Savage Babe
10530000009	Rocker	Rocker
10530000010	Roda Frog	Roda Frog
10530000011	Worm Tail	Worm Tail
10530000012	Ambernite	Ambernite
10530000013	Spore	Spore
10530000014	Thief Bug	Thief Bug
10530000015	Creamy	Creamy
10530000016	Drops	Drops
10530000017	Tarou	Tarou
10530000018	Familiar	Familiar
10530000019	Baby Desert Wolf	Baby Desert Wolf
10530000020	Yoyo	Yoyo
10530000021	Scorpion	Scorpion
10530000022	Poporing	Poporing
10530000023	Thief Bug Female	Thief Bug Female
10530000024	Mandragora	Mandragora
10530000025	Thief Bug Male	Thief Bug Male
10530000026	Smokie	Smokie
10530000027	Boa	Boa
10530000028	Poison Spore	Poison Spore
10530000029	Horn	Horn
10530000030	Bigfoot	Bigfoot
10530000031	Coco	Coco
10530000032	Peco Peco Egg	Peco Peco Egg
10530000033	Thief Bug Egg	Thief Bug Egg
10530000034	Pupa	Pupa
10530000035	Rotar Zairo	Rotar Zairo
10530000036	Wraith	Wraith
10530000037	Dustiness	Dustiness
10530000038	Eggyra	Eggyra
10530000039	Muka	Muka
10530000040	Savage Babe - Placeholder	Savage Babe - Placeholder
10530000041	Soldier Skeleton	Soldier Skeleton
10530000042	Mummy	Mummy
10530000043	Zombie	Zombie
10530000044	Deniro	Deniro
10530000045	Piere	Piere
10530000046	Andre	Andre
10530000047	Hydra	Hydra
10530000048	Vitata	Vitata
10530000049	Martin	Martin
10530000050	Giearth	Giearth
10530000051	Skeleton Worker	Skeleton Worker
10530000052	Drainliar	Drainliar
10530000053	Pirate Skeleton	Pirate Skeleton
10530000054	Choco	Choco
10530000055	Archer Skeleton	Archer Skeleton
10530000056	Verit	Verit
10530000057	Obeaune	Obeaune
10530000058	Magnolia	Magnolia
10530000059	Greatest General	Greatest General
10530000060	Mimic	Mimic
10530000061	Frilldora	Frilldora
10530000062	Baphomet Jr.	Baphomet Jr.
10530000063	Matyr	Matyr
10530000064	Minorous	Minorous
10530000065	Flora	Flora
10530000066	Savage	Savage
10530000067	Isis	Isis
10530000068	Bongun	Bongun
10530000069	Sasquatch	Sasquatch
10530000070	Ladybug	Ladybug
10530000071	Hedgehog Bug	Hedgehog Bug
10530000072	Peco Peco	Peco Peco
10530000073	Skeleton	Skeleton
10530000074	Ant Egg	Ant Egg
10530000075	Furious Poporing	Furious Poporing
10530000076	Elder Willow	Elder Willow
10530000077	Marin	Marin
10530000078	Plankton	Plankton
10530000079	Marina	Marina
10530000080	Kukre	Kukre
10530000081	Goblin (Axe)	Goblin (Axe)
10530000082	Goblin (Flail)	Goblin (Flail)
10530000083	Vadon	Vadon
10530000084	Wolf	Wolf
10530000085	Thara Frog	Thara Frog
10530000086	Orc Baby	Orc Baby
10530000087	Orc Warrior	Orc Warrior
10530000088	Orc Lady	Orc Lady
10530000089	Whisper	Whisper
10530000090	Megalodon	Megalodon
10530000091	Marse	Marse
10530000092	Argos	Argos
10530000093	Steel Chonchon	Steel Chonchon
10530000094	Goblin (Dagger)	Goblin (Dagger)
10530000095	Myst	Myst
10530000096	Marine Sphere	Marine Sphere
10530000097	Phen	Phen
10530000098	Zenorc	Zenorc
10530000099	Beetle King	Beetle King
10530000100	Goblin Archer	Goblin Archer
10530000101	Metaller	Metaller
10530000102	Marc	Marc
10530000103	Goblin (Mace)	Goblin (Mace)
10530000104	Sword Fish	Sword Fish
10530000105	Orc Skeleton	Orc Skeleton
10530000106	Goblin (Hammer)	Goblin (Hammer)
10530000107	Orc Zombie	Orc Zombie
10530000108	Munak	Munak
10530000109	Merman	Merman
10530000110	Deviace	Deviace
10530000111	Ghoul	Ghoul
10530000112	Sandman	Sandman
10530000113	Golem	Golem
10530000114	Hunter Fly	Hunter Fly
10530000115	Hode	Hode
10530000116	Sohee	Sohee
10530000117	Mantis	Mantis
10530000118	Driller	Driller
10530000119	Goblin Steamrider	Goblin Steamrider
10530000120	Horong	Horong
10530000121	Dokebi	Dokebi
10530000122	Nightmare	Nightmare
10530000123	Side Winder	Side Winder
10530000124	Zerom	Zerom
10530000125	Requiem	Requiem
10530000126	Nine Tails	Nine Tails
10530000127	Argiope	Argiope
10530000128	Orc Archer	Orc Archer
10530000129	Penomena	Penomena
10530000130	Crab	Crab
10530000131	Raggler	Raggler
10530000132	Shellfish	Shellfish
10530000133	Starfish	Starfish
10530000134	Grove	Grove
10530000135	Alligator	Alligator
10530000136	Strouf	Strouf
10530000137	Jakk	Jakk
10530000138	Wild Rose	Wild Rose
10530000139	Marduk	Marduk
10530000140	Sky Petite	Sky Petite
10530000141	Pasana	Pasana
10530000142	Wind Ghost	Wind Ghost
10530000143	Cramp	Cramp
10530000144	Stem Worm	Stem Worm
10530000145	Petite	Petite
10530000146	Marionette	Marionette
10530000147	Deviruchi	Deviruchi
10530000148	Mace Kobold	Mace Kobold
10530000149	Hammer Kobold	Hammer Kobold
10530000150	Desert Wolf	Desert Wolf
10530000151	Anubis	Anubis
10530000152	Axe Kobold	Axe Kobold
10530000153	Kobold Archer	Kobold Archer
10530000154	Squidgitte	Squidgitte
10530000155	Sropho	Sropho
10530000156	Ancient Mummy	Ancient Mummy
10530000157	Pot Dofle	Pot Dofle
10530000158	King Dramoh	King Dramoh
10530000159	Creamy Fear	Creamy Fear
10530000160	Leib Olmai	Leib Olmai
10530000161	Killer Mantis	Killer Mantis
200001	Starshard Dragon Unseal	Starshard Dragon Unseal
200002	Ritual	Ritual
200003	${1}% Complete	${1}% Complete
200004	Ritual Acceleration	Ritual Acceleration
200005	Ritual Time Remaining: ${1}	Ritual Time Remaining: ${1}
200006	Ritual Acceleration	Ritual Acceleration
200007	Current Unseal Progress: ${1}%	Current Unseal Progress: ${1}%
200008	Spend ${1} to complete the Unseal?	Spend ${1} to complete the Unseal?
200009	Ritual Time Remaining: ${1}	Ritual Time Remaining: ${1}
200010	Dragon's Descent	Dragon's Descent
200011	Head to the Scene	Head to the Scene
200012	Click an empty area to cheer.	Click an empty area to cheer.
200013	Unseal for Free	Unseal for Free
200014	Normal Unseal	Normal Unseal
200015	Advanced Unseal	Advanced Unseal
200016	Ultimate Unseal	Ultimate Unseal
200017	Ritual Funding	Ritual Funding
200018	Assist	Assist
200019	Send	Send
200020	Go	Go
200021	I'm summoning a giant dragon! Come help me!${1}	I'm summoning a giant dragon! Come help me!${1}
200022	I helped with the boss's Dragon Summon Quests!	I helped with the boss's Dragon Summon Quests!
200023	You've got this, Boss!	You've got this, Boss!
200024	Longlong, hurry over here!	Longlong, hurry over here!
200025	I can't wait to see what a 1,000,000 dragon looks like!	I can't wait to see what a 1,000,000 dragon looks like!
200026	Thanks, Boss!	Thanks, Boss!
200027	Too many actions. Please try again later.	Too many actions. Please try again later.
200028	${1} has begun the Starshatter Dragon summoning ritual. Adventurers, go lend a hand!${2}	${1} has begun the Starshatter Dragon summoning ritual. Adventurers, go lend a hand!${2}
200029	${1} has completed the Summon Ritual! The Starshatter Dragon will descend upon the main city in 30 seconds. Adventurers, come witness its arrival!${2}	${1} has completed the Summon Ritual! The Starshatter Dragon will descend upon the main city in 30 seconds. Adventurers, come witness its arrival!${2}
200030	The Assist Quest has ended.	The Assist Quest has ended.
200031	Begin Unsealing	Begin Unsealing
200032	The ritual has ended, and the link is no longer active.	The ritual has ended, and the link is no longer active.
200033	Fund the Unsealing Ritual	Fund the Unsealing Ritual
200034	The ritual can take up to 5 hours. Invite fellow Adventurers to participate and speed up the summoning process.	The ritual can take up to 5 hours. Invite fellow Adventurers to participate and speed up the summoning process.
200035	Confirm Ritual	Confirm Ritual
200036	Ritual Affiliation	Ritual Affiliation
200037	Help Present the Gift	Help Present the Gift
200038	Press and Hold to Charge Support	Press and Hold to Charge Support
200039	Ritual Acceleration	Ritual Acceleration
200040	Cheer	Cheer
200041	Head to the Scene	Head to the Scene
200042	Celebrate the arrival of the Starshatter Dragon!	Celebrate the arrival of the Starshatter Dragon!
200043	Leaving the area or dismounting will immediately end ${1}. Are you sure you want to end the skill?	Leaving the area or dismounting will immediately end ${1}. Are you sure you want to end the skill?
200044	${1}(${2},${3})	${1}(${2},${3})
200045	${1} is about to forge a covenant with the Lord of the Starry Sky! Hurry and watch the performance!	${1} is about to forge a covenant with the Lord of the Starry Sky! Hurry and watch the performance!
200046	Watch	Watch
200047	Close	Close
200048	Exit	Exit
200049	Get <sprite name="${3}">${4} with help from other players	Get <sprite name="${3}">${4} with help from other players
200050	Assistance request sent to the <color=#F4F2E9>${1}</color> Channel	Assistance request sent to the <color=#F4F2E9>${1}</color> Channel
69013	Reversi	Reversi
10360000000	Guild Master	Guild Master
10360000001	Leader	Leader
10360000002	Vice Guild Master	Vice Guild Master
10360000003	Commander	Commander
10360000004	Management	Management
10360000005	Charisma Baby	Charisma Baby
10360000006	Elder	Elder
10360000007	Member	Member
10360000008	Temporary Member	Temporary Member
10010300000	STR	STR
10010300001	AGI	AGI
10010300002	VIT	VIT
10010300003	INT	INT
10010300004	DEX	DEX
10010300005	LUK	LUK
10010300006	Totem Life	Totem Life
10010300007	Totem Physical ATK	Totem Physical ATK
10010300008	Totem Magic ATK	Totem Magic ATK
10010300009	PATK/MATK	PATK/MATK
10010300010	PDEF/MDEF	PDEF/MDEF
10010300011	Other Elemental Damage Reduction%	Other Elemental Damage Reduction%
10010300012	Crowd Control Resistance	Crowd Control Resistance
10010300013	HP	HP
10010300014	SP	SP
10010300015	PATK	PATK
10010300016	MATK	MATK
10010300017	PDEF	PDEF
10010300018	MDEF	MDEF
10010300019	HP recover	HP recover
10010300020	SP Recovery	SP Recovery
10010300021	HIT	HIT
10010300022	FLEE	FLEE
10010300023	CRIT	CRIT
10010300024	Crit Resistance	Crit Resistance
10010300025	MSPD	MSPD
10010300026	ASPD	ASPD
10010300027	Cast Speed	Cast Speed
10010300028	Out-of-Combat HP recover	Out-of-Combat HP recover
10010300029	Out-of-Combat MP Recovery	Out-of-Combat MP Recovery
10010300030	Job EXP	Job EXP
10010300031	Base EXP	Base EXP
10010300032	Crit Bonus	Crit Bonus
10010300033	Variable CT	Variable CT
10010300034	Variable CT	Variable CT
10010300035	Fixed CT	Fixed CT
10010300036	Fixed CT	Fixed CT
10010300037	Skill CD%	Skill CD%
10010300038	Global CD%	Global CD%
10010300039	Healing Done	Healing Done
10010300040	Healing Taken	Healing Taken
10010300041	Crit Damage%	Crit Damage%
10010300042	Crit Damage Reduction%	Crit Damage Reduction%
10010300043	Physical Damage Bonus%	Physical Damage Bonus%
10010300044	Physical Damage Reduction%	Physical Damage Reduction%
10010300045	Magic Damage Bonus%	Magic Damage Bonus%
10010300046	Magic Damage Reduction%	Magic Damage Reduction%
10010300047	Damage Increase%	Damage Increase%
10010300048	Damage Reduction%	Damage Reduction%
10010300049	Physical Penetration	Physical Penetration
10010300050	Physical Penetration%	Physical Penetration%
10010300051	Magic Penetration	Magic Penetration
10010300052	Magic Penetration%	Magic Penetration%
10010300053	Bonus ATK	Bonus ATK
10010300054	Bonus MATK	Bonus MATK
10010300055	Bonus DEF	Bonus DEF
10010300056	Bonus MDEF	Bonus MDEF
10010300057	Skill Damage Increase%	Skill Damage Increase%
10010300058	Skill Damage Reduction%	Skill Damage Reduction%
10010300059	Melee Physical Damage Increase%	Melee Physical Damage Increase%
10010300060	Melee PDMG Reduction	Melee PDMG Reduction
10010300061	Ranged Physical Damage Increase%	Ranged Physical Damage Increase%
10010300062	Ranged PDMG.R	Ranged PDMG.R
10010300063	Hunting Mastery	Hunting Mastery
10010300064	Hunting Protection	Hunting Protection
10010300065	DMG vs All Job	DMG vs All Job
10010300066	DMG Reduction vs All Job	DMG Reduction vs All Job
10010300067	Elemental Counter Ignore	Elemental Counter Ignore
10010300068	Elemental Counter Resistance	Elemental Counter Resistance
10010300069	Crit Chance%	Crit Chance%
10010300070	Crit Resistance%	Crit Resistance%
10010300071	Item Healing Effect%	Item Healing Effect%
10010300072	Item Healing Received%	Item Healing Received%
10010300073	Global Healing Effect%	Global Healing Effect%
10010300074	Global Healing Received%	Global Healing Received%
10010300075	MP Recovery Effect%	MP Recovery Effect%
10010300076	MP Recovery Received%	MP Recovery Received%
10010300077	Item MP Recovery Effect%	Item MP Recovery Effect%
10010300078	Item MP Recovery Received%	Item MP Recovery Received%
10010300079	Global MP Recovery Effect%	Global MP Recovery Effect%
10010300080	Global MP Recovery Received%	Global MP Recovery Received%
10010300081	Melee Magic Damage Increase%	Melee Magic Damage Increase%
10010300082	Melee Magic Damage Reduction%	Melee Magic Damage Reduction%
10010300083	Ranged Magic Damage Increase%	Ranged Magic Damage Increase%
10010300084	Ranged Magic Damage Reduction%	Ranged Magic Damage Reduction%
10010300085	Double Crit Chance	Double Crit Chance
10010300086	Mount Move Speed	Mount Move Speed
10010300087	Neutral Damage%	Neutral Damage%
10010300088	Wind Damage%	Wind Damage%
10010300089	Earth Damage%	Earth Damage%
10010300090	Fire Damage%	Fire Damage%
10010300091	Water Damage%	Water Damage%
10010300092	Poison Damage%	Poison Damage%
10010300093	Holy Damage%	Holy Damage%
10010300094	Shadow Damage%	Shadow Damage%
10010300095	Ghost Damage%	Ghost Damage%
10010300096	Undead Damage%	Undead Damage%
10010300097	Neutral Damage Reduction%	Neutral Damage Reduction%
10010300098	Wind Damage Reduction%	Wind Damage Reduction%
10010300099	Earth Damage Reduction%	Earth Damage Reduction%
10010300100	Fire Damage Reduction%	Fire Damage Reduction%
10010300101	Water Damage Reduction%	Water Damage Reduction%
10010300102	Poison Damage Reduction%	Poison Damage Reduction%
10010300103	Holy Damage Reduction%	Holy Damage Reduction%
10010300104	Shadow Damage Reduction%	Shadow Damage Reduction%
10010300105	Ghost Damage Reduction%	Ghost Damage Reduction%
10010300106	Undead Damage Reduction%	Undead Damage Reduction%
10010300107	Damage to Neutral Monsters%	Damage to Neutral Monsters%
10010300108	Damage to Wind Monsters%	Damage to Wind Monsters%
10010300109	Damage to Earth Monsters%	Damage to Earth Monsters%
10010300110	Damage to Fire Monsters%	Damage to Fire Monsters%
10010300111	Damage to Water Monsters %	Damage to Water Monsters %
10010300112	Damage to Poison Monsters %	Damage to Poison Monsters %
10010300113	Damage to Holy Monsters %	Damage to Holy Monsters %
10010300114	Damage to Shadow Monsters %	Damage to Shadow Monsters %
10010300115	Damage to Ghost Monsters %	Damage to Ghost Monsters %
10010300116	Damage to Undead Monsters %	Damage to Undead Monsters %
10010300117	Damage Reduction from Neutral Monsters %	Damage Reduction from Neutral Monsters %
10010300118	Damage Reduction from Wind Monsters %	Damage Reduction from Wind Monsters %
10010300119	Damage Reduction from Earth Monsters %	Damage Reduction from Earth Monsters %
10010300120	Damage Reduction from Fire Monsters %	Damage Reduction from Fire Monsters %
10010300121	Damage Reduction from Water Monsters %	Damage Reduction from Water Monsters %
10010300122	Damage Reduction from Poison Monsters %	Damage Reduction from Poison Monsters %
10010300123	Damage Reduction from Holy Monsters %	Damage Reduction from Holy Monsters %
10010300124	Damage Reduction from Shadow Monsters %	Damage Reduction from Shadow Monsters %
10010300125	Damage Reduction from Ghost Monsters %	Damage Reduction from Ghost Monsters %
10010300126	Damage Reduction from Undead Monsters %	Damage Reduction from Undead Monsters %
10010300127	Damage to Brute Race %	Damage to Brute Race %
10010300128	Damage to Demi-Human Race %	Damage to Demi-Human Race %
10010300129	Damage to Demon Race %	Damage to Demon Race %
10010300130	Damage to Plant Race %	Damage to Plant Race %
10010300131	Damage to Undead Race %	Damage to Undead Race %
10010300132	Damage to Formless Race %	Damage to Formless Race %
10010300133	Damage to Fish Race %	Damage to Fish Race %
10010300134	Damage to Angel Race %	Damage to Angel Race %
10010300135	Damage to Insect Race %	Damage to Insect Race %
10010300136	Damage to Dragon Race %	Damage to Dragon Race %
10010300137	Damage Reduction from Brute Race %	Damage Reduction from Brute Race %
10010300138	Damage Reduction from Demi-Human Race %	Damage Reduction from Demi-Human Race %
10010300139	Damage Reduction from Demon Race %	Damage Reduction from Demon Race %
10010300140	Damage Reduction from Plant Race %	Damage Reduction from Plant Race %
10010300141	Damage Reduction from Undead Race %	Damage Reduction from Undead Race %
10010300142	Damage Reduction from Formless Race %	Damage Reduction from Formless Race %
10010300143	Damage Reduction from Fish Race %	Damage Reduction from Fish Race %
10010300144	Damage Reduction from Angel Race %	Damage Reduction from Angel Race %
10010300145	Damage Reduction from Insect Race %	Damage Reduction from Insect Race %
10010300146	Damage Reduction from Dragon Race %	Damage Reduction from Dragon Race %
10010300147	DMG vs Small Enemies %	DMG vs Small Enemies %
10010300148	Damage Reduction from Small Size Monsters %	Damage Reduction from Small Size Monsters %
10010300149	DMG vs Medium Enemies %	DMG vs Medium Enemies %
10010300150	Damage Reduction from Medium Size Monsters %	Damage Reduction from Medium Size Monsters %
10010300151	DMG vs Large Enemies %	DMG vs Large Enemies %
10010300152	Damage Reduction from Large Size Monsters %	Damage Reduction from Large Size Monsters %
10010300153	Damage to BOSS Monsters %	Damage to BOSS Monsters %
10010300154	Damage Reduction from BOSS Monsters %	Damage Reduction from BOSS Monsters %
10010300155	Damage to Non-BOSS Monsters %	Damage to Non-BOSS Monsters %
10010300156	Damage Reduction from Non-BOSS Monsters %	Damage Reduction from Non-BOSS Monsters %
10010300157	Silent Attack	Silent Attack
10010300158	Silence Resistance	Silence Resistance
10010300159	Freeze Attack	Freeze Attack
10010300160	Freeze Resistance	Freeze Resistance
10010300161	Petrify Attack	Petrify Attack
10010300162	Petrify Resistance	Petrify Resistance
10010300163	Stun Enhance	Stun Enhance
10010300164	Stun Resistance	Stun Resistance
10010300165	Burn Enhance	Burn Enhance
10010300166	Burn Resistance	Burn Resistance
10010300167	Poisoned Enhance	Poisoned Enhance
10010300168	Poison Resistance	Poison Resistance
10010300169	Immobilize Attack	Immobilize Attack
10010300170	Immobilize Resistance	Immobilize Resistance
10010300171	Fear Attack	Fear Attack
10010300172	Fear Resistance	Fear Resistance
10010300173	Cursed Attack	Cursed Attack
10010300174	Curse Resistance	Curse Resistance
10010300175	Blind Attack	Blind Attack
10010300176	Dark Resistance	Dark Resistance
10010300177	Bleed Enhance	Bleed Enhance
10010300178	Bleed Resistance	Bleed Resistance
10010300179	Paralyze Enhance	Paralyze Enhance
10010300180	Paralyze Resistance	Paralyze Resistance
10010300181	Sleep Enhance	Sleep Enhance
10010300182	Sleep Resistance	Sleep Resistance
10010300183	Slow Enhance	Slow Enhance
10010300184	Slow Resistance	Slow Resistance
10010300185	Life%	Life%
10010300186	MP%	MP%
10010300187	PATK%	PATK%
10010300188	MATK%	MATK%
10010300189	PDEF%	PDEF%
10010300190	MDEF%	MDEF%
10010300191	HP recover%	HP recover%
10010300192	MP Recovery%	MP Recovery%
10010300193	HIT%	HIT%
10010300194	FLEE%	FLEE%
10010300195	CRIT%	CRIT%
10010300196	CRIT Resistance%	CRIT Resistance%
10010300197	MSPD	MSPD
10010300198	ASPD	ASPD
10010300199	Shield Bonus Effect%	Shield Bonus Effect%
10010300200	Shield Bonus Received%	Shield Bonus Received%
10010300201	MP Cost	MP Cost
10010300202	Additional Physical ATK	Additional Physical ATK
10010300203	Additional Physical DEF	Additional Physical DEF
10010300204	Skill Energy	Skill Energy
10010300205	Max Skill Energy	Max Skill Energy
10010300206	Energy Recovery Time	Energy Recovery Time
10010300207	Energy Recovery Time%	Energy Recovery Time%
10010300208	Life	Life
10010300209	Magic	Magic
10010300210	Level	Level
10010300211	Shield	Shield
10010300212	Fixed HP Lock	Fixed HP Lock
10010300213	HP Lock Percentage	HP Lock Percentage
10010300214	Physical Damage Shield	Physical Damage Shield
10010300215	Magic Damage Shield	Magic Damage Shield
10010300216	Universal Damage Shield	Universal Damage Shield
10010300217	Extended Category @{1} Shield Value	Extended Category @{1} Shield Value
10010300218	Shield Effect%	Shield Effect%
10010300219	Shield Effect Received%	Shield Effect Received%
10010300220	Can Take Damage	Can Take Damage
10010300221	Status Bitmap	Status Bitmap
10010300222	Prohibited Action Bitmap	Prohibited Action Bitmap
10010300223	Monster Battle Status	Monster Battle Status
10010300224	Is in Darkness	Is in Darkness
10010300225	Darkness Radius	Darkness Radius
10010300226	Transform Flag	Transform Flag
10010300227	BOSS Enrage Display	BOSS Enrage Display
10010300228	Start Universal Overhead Countdown Display	Start Universal Overhead Countdown Display
10010300229	End Universal Overhead Countdown Display	End Universal Overhead Countdown Display
10010300230	Selection Range	Selection Range
10010300231	Attack Range	Attack Range
10010300232	Rage	Rage
10010300233	Max Rage	Max Rage
10010300234	Material Parameter (%)	Material Parameter (%)
10010300235	BOSS Phase	BOSS Phase
10010300236	Modified Hit Effect ID	Modified Hit Effect ID
10010300237	Flame Projectile Count	Flame Projectile Count
10010300238	Frost Projectile Count	Frost Projectile Count
10010300239	Special Target Lock Flag	Special Target Lock Flag
10010300240	Monster Selects Players Regardless of Line of Sight	Monster Selects Players Regardless of Line of Sight
10010300241	Stealth	Stealth
10010300242	Detect Stealth @{1}	Detect Stealth @{1}
10010300243	Max Energy	Max Energy
10010300244	Current Energy	Current Energy
10010300245	Energy Recovery Rate	Energy Recovery Rate
10010300246	Arrow ID	Arrow ID
10010300247	HP Bar Display	HP Bar Display
10010300248	Monster EXP Bonus	Monster EXP Bonus
10010300249	Game Mode EXP Bonus	Game Mode EXP Bonus
10010300250	All EXP Bonus	All EXP Bonus
10010300251	Camera ID	Camera ID
10010300252	Field Auto-Battle EXP Bonus	Field Auto-Battle EXP Bonus
11780100000	Creates a Safe Zone at Your Position that grants immunity to the poison ring, protecting teammates from its damage. It is essential to the party's advance and Survival in the Grand Finals.	Creates a Safe Zone at Your Position that grants immunity to the poison ring, protecting teammates from its damage. It is essential to the party's advance and Survival in the Grand Finals.
11780100001	Creates a launch zone at Your Position. Any Enemy Team member who enters is knocked away, effectively dividing the battlefield, helping Fortify teammates, or disrupting the Enemy Team's formation.	Creates a launch zone at Your Position. Any Enemy Team member who enters is knocked away, effectively dividing the battlefield, helping Fortify teammates, or disrupting the Enemy Team's formation.
11780100002	Dive toward the target point, Deals DMG to Nearby enemies upon landing, and inflict Knock-Up. Combining Movement, area damage, and powerful control, it excels at Burst initiations.	Dive toward the target point, Deals DMG to Nearby enemies upon landing, and inflict Knock-Up. Combining Movement, area damage, and powerful control, it excels at Burst initiations.
11780100003	Dive toward the target point, Deals DMG to Nearby enemies upon landing, and inflict Freeze. This restricts Enemy Team Movement and creates opportunities for focused fire.	Dive toward the target point, Deals DMG to Nearby enemies upon landing, and inflict Freeze. This restricts Enemy Team Movement and creates opportunities for focused fire.
11780100004	Place a Trap Hunter at Your Position. When triggered by an Enemy Team member, it Deals DMG to Nearby enemies and inflicts Immobilize, making it ideal for ambushes and Base Defense.	Place a Trap Hunter at Your Position. When triggered by an Enemy Team member, it Deals DMG to Nearby enemies and inflicts Immobilize, making it ideal for ambushes and Base Defense.
11780100005	Have your Falcon scan the area, revealing every Enemy Team member's position to You and your teammates for an unparalleled Tactics advantage.	Have your Falcon scan the area, revealing every Enemy Team member's position to You and your teammates for an unparalleled Tactics advantage.
11780100006	Dive toward the target point, Deals DMG to Nearby enemies upon landing, and slow them, making it easier to pursue or escape.	Dive toward the target point, Deals DMG to Nearby enemies upon landing, and slow them, making it easier to pursue or escape.
11780100007	Dive toward the target point, Deals DMG to Nearby enemies upon landing, and obscure their vision, disrupting the Enemy Team's reactions.	Dive toward the target point, Deals DMG to Nearby enemies upon landing, and obscure their vision, disrupting the Enemy Team's reactions.
11780100008	Summon an Auto vending cart Nearby. Items can be purchased from it to resupply the party, potentially reversing an equipment disadvantage at a critical moment.	Summon an Auto vending cart Nearby. Items can be purchased from it to resupply the party, potentially reversing an equipment disadvantage at a critical moment.
11780100009	Summon a Rescue Wagon Nearby. It can Revive Teammate during its duration and is the party's only Other Skill capable of Revive, allowing it to turn the tide of battle.	Summon a Rescue Wagon Nearby. It can Revive Teammate during its duration and is the party's only Other Skill capable of Revive, allowing it to turn the tide of battle.
11780100010	Dive toward the target point, Deals DMG to Nearby enemies upon landing, and inflict Sleep. This powerful control can Interrupt enemies and create an opening for teammates to attack.	Dive toward the target point, Deals DMG to Nearby enemies upon landing, and inflict Sleep. This powerful control can Interrupt enemies and create an opening for teammates to attack.
11780100011	Dive toward the target point, Deals DMG to Nearby enemies upon landing, and inflict Silence, perfectly countering enemies who rely on skills.	Dive toward the target point, Deals DMG to Nearby enemies upon landing, and inflict Silence, perfectly countering enemies who rely on skills.
11080700000	Find the Source of the Smell in the Culvert	Find the Source of the Smell in the Culvert
11080700001	Continue Investigating Deeper…	Continue Investigating Deeper…
11080700002	Help the Adventurers Defeat the Golden Thief Bug	Help the Adventurers Defeat the Golden Thief Bug
11080700003	Complete the Instance Objectives	Complete the Instance Objectives
11080700004	View Duo Player Count	View Duo Player Count
11080700005	^{1}Challenge Stage @{1}-@{2}^{2}	^{1}Challenge Stage @{1}-@{2}^{2}
11080700006	^{1}Stand Ready^{2}	^{1}Stand Ready^{2}
11080700007	^{1}Defend the Dragon Seal^{2}	^{1}Defend the Dragon Seal^{2}
11080700008	^{1}The Most Dangerous Place^{2}	^{1}The Most Dangerous Place^{2}
11080700009	^{1}Fortress Under Siege^{2}	^{1}Fortress Under Siege^{2}
11080700010	^{1}United as One^{2}	^{1}United as One^{2}
11080700011	^{1}Final Showdown^{2}	^{1}Final Showdown^{2}
11080700012	^{1}Tranquil Dragon Coffin Island^{2}	^{1}Tranquil Dragon Coffin Island^{2}
11080700013	Challenge the Protector	Challenge the Protector
11080700014	Monster Challenge	Monster Challenge
11080700015	^{1}Preparation Phase^{2}	^{1}Preparation Phase^{2}
11080700016	^{1}Phase One^{2}	^{1}Phase One^{2}
11080700017	^{1}Phase Two^{2}	^{1}Phase Two^{2}
11080700018	^{1}Phase Three^{2}	^{1}Phase Three^{2}
11080700019	^{1}Final Phase^{2}	^{1}Final Phase^{2}
11080700020	^{1}Stronghold Battle Preparation Phase^{2}	^{1}Stronghold Battle Preparation Phase^{2}
11080700021	^{1}Stronghold Battle Contest Phase^{2}	^{1}Stronghold Battle Contest Phase^{2}
11080700022	Encounter Eddga	Encounter Eddga
11080700023	Work Together	Work Together
11080700024	Encounter Golden Thief Bug	Encounter Golden Thief Bug
11080700025	Investigate	Investigate
11080700026	Encounter Baphomet	Encounter Baphomet
11080700027	Mysterious Space	Mysterious Space
11080700028	Explore the Ant Queen's Nest	Explore the Ant Queen's Nest
11080700029	Rescue Bobo	Rescue Bobo
11080700030	Find Bobo	Find Bobo
11080700031	Try to Ride the Deniro	Try to Ride the Deniro
11080700032	Find a way to earn Deniro's Faith	Find a way to earn Deniro's Faith
11080700033	Feed the Deniro	Feed the Deniro
11080700034	Reach the deepest part of the ant nest	Reach the deepest part of the ant nest
11080700035	Encounter Maya	Encounter Maya
11080700036	Find the Professor	Find the Professor
11080700037	Free the Ant Egg	Free the Ant Egg
11080700038	Help the Professor Up	Help the Professor Up
11080700039	Maya's Secret Treasure	Maya's Secret Treasure
11080700040	Aboard the Airship	Aboard the Airship
11080700041	Encounter the Evil Boss	Encounter the Evil Boss
11080700042	The Battle temporarily subsides	The Battle temporarily subsides
11080700043	Check the Captain's injuries	Check the Captain's injuries
11080700044	Complete Moonlight Flower's game	Complete Moonlight Flower's game
11080700045	Complete Louie's game	Complete Louie's game
11080700046	Complete the Opening Dance	Complete the Opening Dance
11080700047	Peco Peco Ancient Nest	Peco Peco Ancient Nest
11080700048	Monsters Attack	Monsters Attack
11080700049	Retrieve Instrument	Retrieve Instrument
11080700050	^{1}Festival Invitation^{2}	^{1}Festival Invitation^{2}
11080700051	^{1}Rift Crisis Challenge^{2}	^{1}Rift Crisis Challenge^{2}
11080700052	^{1}Novice Challenge^{2}	^{1}Novice Challenge^{2}
11080700053	^{1}Mock Battle^{2}	^{1}Mock Battle^{2}
11080700054	^{1}Battle of Dragon Coffin Island^{2}	^{1}Battle of Dragon Coffin Island^{2}
70016	Feel free to participate in the following Misc activities. Your top 【three Misc activities】 during the Dragon Boat Festival will automatically be selected for rewards.	Feel free to participate in the following Misc activities. Your top 【three Misc activities】 during the Dragon Boat Festival will automatically be selected for rewards.
13260100000	...The Nail of Order is by no means a natural creation. Ancient records from Juno state that the ancient civilization of Juperos possessed technology capable of converting Life Emotions (thought forms) into physical energy. I theorize that activating the Nail requires some Ultra form of "conviction" as the key.	...The Nail of Order is by no means a natural creation. Ancient records from Juno state that the ancient civilization of Juperos possessed technology capable of converting Life Emotions (thought forms) into physical energy. I theorize that activating the Nail requires some Ultra form of "conviction" as the key.
13260100001	The Legend of the Ant Hell... "The Mimic Girl's Obsession." If the Legend is true, high-purity thought particles born from an intense "unwillingness to give up" should remain here. This is the perfect sample for testing my theory.	The Legend of the Ant Hell... "The Mimic Girl's Obsession." If the Legend is true, high-purity thought particles born from an intense "unwillingness to give up" should remain here. This is the perfect sample for testing my theory.
13260100002	Objective: Use the improved "Particle Resonator" to capture and analyze the free-floating thought particles here. If their energy spectrum resonates with the Nail of Order, it will prove that... human conviction and powerful Emotions can drive the Nail of Order.	Objective: Use the improved "Particle Resonator" to capture and analyze the free-floating thought particles here. If their energy spectrum resonates with the Nail of Order, it will prove that... human conviction and powerful Emotions can drive the Nail of Order.
13260100003	The resonator is reacting violently. The rumors were true... The sample's purity is beyond anything I imagined! I must... I must go deeper... to the source of the energy...	The resonator is reacting violently. The rumors were true... The sample's purity is beyond anything I imagined! I must... I must go deeper... to the source of the energy...
70112	Conqueror	Conqueror
70129	【Equipped】	【Equipped】
70153	<color=#fdab5b> X${1}</color>	<color=#fdab5b> X${1}</color>
70154	<color=#fdab5b> X${1}</color>	<color=#fdab5b> X${1}</color>
11210200000	Appearance Gift	Appearance Gift
11210200001	Purchase from the Appearance Shop	Purchase from the Appearance Shop
11210200002	MVP-Angeling	MVP-Angeling
11210200003	MVP-Golden Thief Bug	MVP-Golden Thief Bug
11210200004	MVP-Deviling	MVP-Deviling
11210200005	MVP-Orc Hero	MVP-Orc Hero
11210200006	MVP-Maya	MVP-Maya
11210200007	MVP-Orc Lord	MVP-Orc Lord
11210200008	MVP-Drake	MVP-Drake
11210200009	MVP-Mistress	MVP-Mistress
11210200010	MVP-Osiris	MVP-Osiris
11210200011	MVP-Doppelganger	MVP-Doppelganger
11210200012	MVP-Pharaoh	MVP-Pharaoh
11210200013	MVP-Baphomet	MVP-Baphomet
11210200014	MVP-Moonlight Flower	MVP-Moonlight Flower
11210200015	MVP-Dracula Baron	MVP-Dracula Baron
11210200016	MVP-Kraken	MVP-Kraken
11210200017	Obtain from 7-Day Check-In	Obtain from 7-Day Check-In
11210200018	MVP-Phreeoni	MVP-Phreeoni
11210200019	MVP-Goblin Leader	MVP-Goblin Leader
11210200020	MVP-Eddga	MVP-Eddga
13150000187	The Professor has been captured by Maya. Return to camp for Utility.	The Professor has been captured by Maya. Return to camp for Utility.
13150000218	Go provide Utility to the stationed Soldiers.	Go provide Utility to the stationed Soldiers.
13150000350	Tower Trial	Tower Trial
12980000000	Drop Test-Chest-Entire Server Limit-Limit Replacement	Drop Test-Chest-Entire Server Limit-Limit Replacement
12980000001	Drop Test-Chest-Entire Server Limit-Limit Deduction	Drop Test-Chest-Entire Server Limit-Limit Deduction
12980000002	Drop Test @{1}-Personal Limit-Limit Replacement	Drop Test @{1}-Personal Limit-Limit Replacement
12980000003	Drop Test @{1}-Personal Limit-Limit Deduction	Drop Test @{1}-Personal Limit-Limit Deduction
12980000004	Drop Test @{1}-Entire Server Limit-Limit Replacement	Drop Test @{1}-Entire Server Limit-Limit Replacement
12980000005	Drop Test @{1}-Entire Server Limit-Limit Deduction	Drop Test @{1}-Entire Server Limit-Limit Deduction
12980000006	Ultra-Luxury Mount-Daily Limit: @{1}-Maximum: @{2}	Ultra-Luxury Mount-Daily Limit: @{1}-Maximum: @{2}
12980000007	Hidden Treasure-Additional rewards-Basic Chest Limit	Hidden Treasure-Additional rewards-Basic Chest Limit
12980000008	Hidden Treasure-Additional rewards-Gift Chest Limit	Hidden Treasure-Additional rewards-Gift Chest Limit
12980000009	Hidden Treasure-Additional rewards-Supreme Chest Limit	Hidden Treasure-Additional rewards-Supreme Chest Limit
12980000010	Monster Hunt-Area @{1}-Medal Limit	Monster Hunt-Area @{1}-Medal Limit
12980000011	Novice Poring Drop-@{1}-Time Reward	Novice Poring Drop-@{1}-Time Reward
12980000012	Beginner Tutorial-Card: Poring-@{1}-Time Reward	Beginner Tutorial-Card: Poring-@{1}-Time Reward
12980000013	Rare Reward-Angeling-MVP Limit	Rare Reward-Angeling-MVP Limit
12980000014	Rare Reward-Angeling-Illusion Limit	Rare Reward-Angeling-Illusion Limit
12980000015	Rare Reward-Golden Thief Bug-MVP Limit	Rare Reward-Golden Thief Bug-MVP Limit
12980000016	Rare Reward-Golden Thief Bug-Illusion Limit	Rare Reward-Golden Thief Bug-Illusion Limit
12980000017	Rare Reward-Deviling-MVP Limit	Rare Reward-Deviling-MVP Limit
12980000018	Rare Reward-Deviling-Illusion Limit	Rare Reward-Deviling-Illusion Limit
12980000019	Rare Reward-Orc Hero-MVP Limit	Rare Reward-Orc Hero-MVP Limit
12980000020	Rare Reward-Orc Hero-Illusion Limit	Rare Reward-Orc Hero-Illusion Limit
12980000021	Rare Reward-Phreeoni-MVP Limit	Rare Reward-Phreeoni-MVP Limit
12980000022	Rare Reward-Phreeoni-Illusion Limit	Rare Reward-Phreeoni-Illusion Limit
12980000023	Rare Reward-Maya-MVP Limit	Rare Reward-Maya-MVP Limit
12980000024	Rare Reward-Maya-Illusion Limit	Rare Reward-Maya-Illusion Limit
12980000025	Rare Reward-Orc Lord-MVP Limit	Rare Reward-Orc Lord-MVP Limit
12980000026	Rare Reward-Orc Lord-Illusion Limit	Rare Reward-Orc Lord-Illusion Limit
12980000027	Rare Reward-Drake-MVP Limit	Rare Reward-Drake-MVP Limit
12980000028	Rare Reward-Drake-Illusion Limit	Rare Reward-Drake-Illusion Limit
12980000029	Rare Reward-Goblin Leader-MVP Limit	Rare Reward-Goblin Leader-MVP Limit
12980000030	Rare Reward-Goblin Leader-Illusion Limit	Rare Reward-Goblin Leader-Illusion Limit
12980000031	Rare Reward-Eddga-MVP Limit	Rare Reward-Eddga-MVP Limit
12980000032	Rare Reward-Eddga-Illusion Limit	Rare Reward-Eddga-Illusion Limit
12980000033	Rare Reward-Mistress-MVP Limit	Rare Reward-Mistress-MVP Limit
12980000034	Rare Reward-Mistress-Illusion Limit	Rare Reward-Mistress-Illusion Limit
12980000035	Rare Reward-Osiris-MVP Limit	Rare Reward-Osiris-MVP Limit
12980000036	Rare Reward-Osiris-Illusion Limit	Rare Reward-Osiris-Illusion Limit
12980000037	Rare Reward-Moonlight Flower-MVP Limit	Rare Reward-Moonlight Flower-MVP Limit
12980000038	Rare Reward-Moonlight Flower-Illusion Limit	Rare Reward-Moonlight Flower-Illusion Limit
12980000039	Rare Reward-Dracula Baron-MVP Limit	Rare Reward-Dracula Baron-MVP Limit
12980000040	Rare Reward-Dracula Baron-Illusion Limit	Rare Reward-Dracula Baron-Illusion Limit
12980000041	Rare Reward-Doppelganger-MVP Limit	Rare Reward-Doppelganger-MVP Limit
12980000042	Rare Reward-Doppelganger-Illusion Limit	Rare Reward-Doppelganger-Illusion Limit
12980000043	Rare Reward-Pharaoh-MVP Limit	Rare Reward-Pharaoh-MVP Limit
12980000044	Rare Reward-Pharaoh-Illusion Limit	Rare Reward-Pharaoh-Illusion Limit
12980000045	Rare Reward-Baphomet-MVP Limit	Rare Reward-Baphomet-MVP Limit
12980000046	Rare Reward-Baphomet-Illusion Limit	Rare Reward-Baphomet-Illusion Limit
12980000047	Rare Reward-Kraken-MVP Limit	Rare Reward-Kraken-MVP Limit
12980000048	Rare Reward-Kraken-Illusion Limit	Rare Reward-Kraken-Illusion Limit
12980000049	Novice Tutorial-Eddga-@{1}-Time Reward	Novice Tutorial-Eddga-@{1}-Time Reward
12980000050	Novice Tutorial-Precious Chest-@{1}-Time Reward	Novice Tutorial-Precious Chest-@{1}-Time Reward
12980000051	Vigor	Vigor
12980000052	Hidden Treasure--Earthly Fiend	Hidden Treasure--Earthly Fiend
12980000053	Territory War-Weekly Blackhole Attempts	Territory War-Weekly Blackhole Attempts
12980000054	Territory War-Weekly Trap Hunter Attempts	Territory War-Weekly Trap Hunter Attempts
71012	Lv.${1}	Lv.${1}
10930100000	No buff effect	No buff effect
10930100001	Life +@{1}%, ATK +@{2}%	Life +@{1}%, ATK +@{2}%
12520200000	Everyone is gathering around the Bonfire, chatting as they wait for the event to begin.	Everyone is gathering around the Bonfire, chatting as they wait for the event to begin.
12520200001	Collect Live Coal in the territory and add it to the bonfire to trigger a Level-up and unlock bonfire abilities.	Collect Live Coal in the territory and add it to the bonfire to trigger a Level-up and unlock bonfire abilities.
12520200002	Join the party activities, Transform, and enter the raffle\n^{1}The larger your transformed Size, the better the prize^{2}	Join the party activities, Transform, and enter the raffle\n^{1}The larger your transformed Size, the better the prize^{2}
12520200003	Work together to defeat the mysterious enemy and earn a participation reward!\n^{1}Land the final blow for a special reward!^{2}	Work together to defeat the mysterious enemy and earn a participation reward!\n^{1}Land the final blow for a special reward!^{2}
10760100000	Trainee	Trainee
10760100001	Regular	Regular
10760100002	Advanced	Advanced
10760100003	Superior	Superior
10760100004	Elite	Elite
10760100005	Chief	Chief
10820000000	Guild Auction	Guild Auction
10820000001	World Auction	World Auction
10820000002	Event Auction	Event Auction
10820000003	Raid Auction	Raid Auction
10820000004	Guild League	Guild League
10820000005	God of Nature	God of Nature
10820000006	Stronghold War Auction	Stronghold War Auction
10820000007	North-South Brown King	North-South Brown King
10820000008	Space Rift	Space Rift
10820000009	Poring Chest	Poring Chest
10820000010	Equip	Equip
10820000011	Card	Card
10820000012	Pet	Pet
10820000013	Material	Material
12470000000	Basic Attack	Basic Attack
12470000001	Basic Defense	Basic Defense
12470000002	Intermediate Attack	Intermediate Attack
12470000003	Intermediate Defense	Intermediate Defense
12470000004	Advanced Attack	Advanced Attack
12470000005	Ultimate Defense	Ultimate Defense
12300000000	Second Job Change	Second Job Change
12300000001	Trans. 2nd	Trans. 2nd
12300000002	Third Class Advancement	Third Class Advancement
13720100000	Unlocked after using the item "Netherworld - Shattered Tower"	Unlocked after using the item "Netherworld - Shattered Tower"
10310000000	Simple and durable. A must-have for rookie merchants.	Simple and durable. A must-have for rookie merchants.
10310000001	Made from birch carefully selected and shaped by a master carpenter, this is the perfect choice for efficiency-minded Merchants. (Requires the Cart Remodeling skill to switch.)	Made from birch carefully selected and shaped by a master carpenter, this is the perfect choice for efficiency-minded Merchants. (Requires the Cart Remodeling skill to switch.)
10310000002	Adorned with fresh flowers and brimming with the spirit of spring. (Requires the Cart Remodeling skill to switch.)	Adorned with fresh flowers and brimming with the spirit of spring. (Requires the Cart Remodeling skill to switch.)
10310000003	Covered in small bags collected throughout your travels and plush companions. (Requires the Cart Remodeling skill to switch.)	Covered in small bags collected throughout your travels and plush companions. (Requires the Cart Remodeling skill to switch.)
10310000004	Its iron body supports a canopy that shields it from the elements. Set up shop wherever you go with this true mobile storefront. (Requires the Cart Remodeling skill to switch.)	Its iron body supports a canopy that shields it from the elements. Set up shop wherever you go with this true mobile storefront. (Requires the Cart Remodeling skill to switch.)
10310000005	This well-trained Falcon is the exclusive combat companion for hunters	This well-trained Falcon is the exclusive combat companion for hunters
10310000006	A specially trained Peco Peco, exclusively used as a combat mount by Knights.	A specially trained Peco Peco, exclusively used as a combat mount by Knights.
10310000007	Another specially trained Peco Peco, exclusively used as a combat mount by Knights.	Another specially trained Peco Peco, exclusively used as a combat mount by Knights.
10310000008	A specially trained Peco Peco, exclusively used as a combat mount by Crusaders.	A specially trained Peco Peco, exclusively used as a combat mount by Crusaders.
10310000009	Another specially trained Peco Peco, exclusively used as a combat mount by Crusaders.	Another specially trained Peco Peco, exclusively used as a combat mount by Crusaders.
10310000010	A Rune Knight's mount. Pretty cool, right?	A Rune Knight's mount. Pretty cool, right?
10310000011	A Crusader's mount that combines a Lion and an eagle. Pretty cool, too!	A Crusader's mount that combines a Lion and an eagle. Pretty cool, too!
10310000012	The Mechanic's exclusive Madogear Pilot. Climb aboard and unleash a fierce assault!	The Mechanic's exclusive Madogear Pilot. Climb aboard and unleash a fierce assault!
10310000013	A ferocious Demonic Wolf that will Fight Alongside the Ranger!	A ferocious Demonic Wolf that will Fight Alongside the Ranger!
11080900000	Defeat Golden Thief Bug	Defeat Golden Thief Bug
11080900001	The chosen heroes sailed to Dragon Coffin Island. A terrifying roar from the heart of the island seems to herald an impending catastrophe...	The chosen heroes sailed to Dragon Coffin Island. A terrifying roar from the heart of the island seems to herald an impending catastrophe...
11080900002	Fafnir's roars are drawing an endless stream of monsters. They intend to break the seal and free Fafnir. Stop them from reaching the seal and protect it from destruction.	Fafnir's roars are drawing an endless stream of monsters. They intend to break the seal and free Fafnir. Stop them from reaching the seal and protect it from destruction.
11080900003	After successfully repelling the monsters' assault, the seal remains intact. The heroes must now enter Redrock Fortress within the seal and defeat Fafnir to quell the beast once and for all.	After successfully repelling the monsters' assault, the seal remains intact. The heroes must now enter Redrock Fortress within the seal and defeat Fafnir to quell the beast once and for all.
11080900004	The mighty Fafnir is imprisoned in the Inner Area of Redrock Fortress. Thorough preparations are essential to defeating it. The first priority is repairing the Dragon-Hunting Cannons on the raised platforms, which are crucial for suppressing the beast. Meanwhile, other heroes must enter the Inner Area and face Fafnir directly. (Warning: Confronting Fafnir is extremely dangerous. Only the strongest heroes should enter.)	The mighty Fafnir is imprisoned in the Inner Area of Redrock Fortress. Thorough preparations are essential to defeating it. The first priority is repairing the Dragon-Hunting Cannons on the raised platforms, which are crucial for suppressing the beast. Meanwhile, other heroes must enter the Inner Area and face Fafnir directly. (Warning: Confronting Fafnir is extremely dangerous. Only the strongest heroes should enter.)
11080900005	Only by working together can the heroes stand against Fafnir. Those on the high platform must operate the Dragon-Slaying Turrets to suppress the dragon, while those in the Inner Area face Fafnir in a battle to the death.	Only by working together can the heroes stand against Fafnir. Those on the high platform must operate the Dragon-Slaying Turrets to suppress the dragon, while those in the Inner Area face Fafnir in a battle to the death.
11080900006	The previous phase's barrage has greatly reduced Fafnir's Life and ATK. Now is the perfect time to finish it off. Warriors, assemble and enter the inner arena for the final showdown with Fafnir.	The previous phase's barrage has greatly reduced Fafnir's Life and ATK. Now is the perfect time to finish it off. Warriors, assemble and enter the inner arena for the final showdown with Fafnir.
11080900007	Thanks to the heroes' valiant efforts, Fafnir, the Dragon of Greed, has finally been defeated. As the roars fade across Dragon Coffin Island, this land once shrouded in Fear will regain the peace and tranquility it knew long ago.	Thanks to the heroes' valiant efforts, Fafnir, the Dragon of Greed, has finally been defeated. As the roars fade across Dragon Coffin Island, this land once shrouded in Fear will regain the peace and tranquility it knew long ago.
11080900008	Proceed to the designated location to begin the challenge.	Proceed to the designated location to begin the challenge.
11080900009	Defeat all monsters.	Defeat all monsters.
11080900010	Check that your siege equipment, potions, gear, and skills are properly prepared.	Check that your siege equipment, potions, gear, and skills are properly prepared.
11080900011	Use battering rams, siege ladders, cannons, Madogear Pilots, and other siege equipment to breach the defenders' gate and charge into the Inner Area.	Use battering rams, siege ladders, cannons, Madogear Pilots, and other siege equipment to breach the defenders' gate and charge into the Inner Area.
11080900012	Find a weak point in the enemy's defenses, Kill the Protector at the gate, and clear a path to the Glorious Metal.\nKilling Castle Guards and Protectors grants bonus time, extending the attack time limit.	Find a weak point in the enemy's defenses, Kill the Protector at the gate, and clear a path to the Glorious Metal.\nKilling Castle Guards and Protectors grants bonus time, extending the attack time limit.
11080900013	Capture the control point to remove the Glorious Metal's Invincible status and gain access to the nearest Revive point.	Capture the control point to remove the Glorious Metal's Invincible status and gain access to the nearest Revive point.
11080900014	Destroy the Glorious Metal and seize the castle!	Destroy the Glorious Metal and seize the castle!
11080900015	Use cannons, Madogear Pilots, and other siege equipment to defend the gate. If necessary, jump down from the walls to destroy the attackers' battering rams, siege ladders, cannons, and other equipment.	Use cannons, Madogear Pilots, and other siege equipment to defend the gate. If necessary, jump down from the walls to destroy the attackers' battering rams, siege ladders, cannons, and other equipment.
11080900016	Watch the attackers' routes carefully and help the Protector defend the path to prevent the enemy from scoring a Kill.\nEnter the circles around Protectors and Castle Guards to enhance their abilities.	Watch the attackers' routes carefully and help the Protector defend the path to prevent the enemy from scoring a Kill.\nEnter the circles around Protectors and Castle Guards to enhance their abilities.
11080900017	While the control point remains uncaptured, the Glorious Metal will be Invincible, and the enemy's Revive attack point will remain Away from the Glorious Crystal. Rally your Members and stop the enemy from capturing the control point!	While the control point remains uncaptured, the Glorious Metal will be Invincible, and the enemy's Revive attack point will remain Away from the Glorious Crystal. Rally your Members and stop the enemy from capturing the control point!
11080900018	Protect the Glorious Metal from destruction until time runs out to claim victory!	Protect the Glorious Metal from destruction until time runs out to claim victory!
11080900019	During this phase, players from opposing Factions cannot attack each other. Guild Members who do Not owned a stronghold may move through non-stronghold areas, while Guild Members who own a stronghold may move through any area. During this phase, you can gather intelligence before the battle, and battle commanders can use the command Function to deploy combat strategies.	During this phase, players from opposing Factions cannot attack each other. Guild Members who do Not owned a stronghold may move through non-stronghold areas, while Guild Members who own a stronghold may move through any area. During this phase, you can gather intelligence before the battle, and battle commanders can use the command Function to deploy combat strategies.
11080900020	Each stronghold has a banner that attackers can damage. The guild of the player who deals the final blow temporarily takes control of the stronghold. If no other guild captures it within a certain period, the stronghold will be locked, giving that guild final control for the current battle.	Each stronghold has a banner that attackers can damage. The guild of the player who deals the final blow temporarily takes control of the stronghold. If no other guild captures it within a certain period, the stronghold will be locked, giving that guild final control for the current battle.
11080900021	Cover Boya and Wule	Cover Boya and Wule
11080900022	Join the Adventurers and defeat Eddga	Join the Adventurers and defeat Eddga
11080900023	Encountered Golden Thief Bug on Culvert Floor @{1}	Encountered Golden Thief Bug on Culvert Floor @{1}
11080900024	Go to the fork and see what happened	Go to the fork and see what happened
11080900025	Encountered Baphomet at Prontera's North Gate	Encountered Baphomet at Prontera's North Gate
11080900026	Pulled into a mysterious space by a giant hand that suddenly appeared	Pulled into a mysterious space by a giant hand that suddenly appeared
11080900027	Explore ahead	Explore ahead
11080900028	Popo was sucked into an unknown vortex. Go rescue him.	Popo was sucked into an unknown vortex. Go rescue him.
11080900029	A dangerous passage lies beneath the vortex. Make your way through as safely as possible.	A dangerous passage lies beneath the vortex. Make your way through as safely as possible.
11080900030	Bobo lies Weak on the ground	Bobo lies Weak on the ground
11080900031	Ride the Deniro	Ride the Deniro
11080900032	The Deniro seems interested in the fluorescent substance. Gather some and feed it.	The Deniro seems interested in the fluorescent substance. Gather some and feed it.
11080900033	Feed the Deniro	Feed the Deniro
11080900034	Ride the Deniro to the depths of the Ant Hell	Ride the Deniro to the depths of the Ant Hell
11080900035	Maya is at the deepest point of the Ant Hell, which must be where she is holding the Professor. Defeat her and rescue the Professor.	Maya is at the deepest point of the Ant Hell, which must be where she is holding the Professor. Defeat her and rescue the Professor.
11080900036	Venture deeper into the cave to find the Professor	Venture deeper into the cave to find the Professor
11080900037	Rescue the Professor from the ant egg	Rescue the Professor from the ant egg
11080900038	Help the Weak Professor walk	Help the Weak Professor walk
11080900039	Open the treasured chest	Open the treasured chest
11080900040	Have a Chitchat with them.	Have a Chitchat with them.
11080900041	Use the ship's cannons to attack the enemy vessels.	Use the ship's cannons to attack the enemy vessels.
11080900042	Eliminate all enemies.	Eliminate all enemies.
11080900043	Encountered an evil Boss aboard the airship	Encountered an evil Boss aboard the airship
11080900044	Take a look around	Take a look around
11080900045	Check on the captain	Check on the captain
11080900046	Defeat Baphomet	Defeat Baphomet
11080900047	Hide in the darkness. Don't let them Discover you.	Hide in the darkness. Don't let them Discover you.
11080900048	Find Louis, Martha, and Katie.	Find Louis, Martha, and Katie.
11080900049	Complete the opening dance with Luna.	Complete the opening dance with Luna.
11080900050	Talk to Luna to leave the ball.	Talk to Luna to leave the ball.
11080900051	Talk to Luna to perform the opening dance again.	Talk to Luna to perform the opening dance again.
11080900052	Defeat the Peco Peco and rescue Bragis.	Defeat the Peco Peco and rescue Bragis.
11080900053	Defeat three waves of attacking monsters.	Defeat three waves of attacking monsters.
11080900054	Retrieve the Professor's instrument.	Retrieve the Professor's instrument.
11080900055	The Void Rift is unstable. Kill the boss within @{1} minutes to receive the reward.	The Void Rift is unstable. Kill the boss within @{1} minutes to receive the reward.
13610000000	Energy Riot	Energy Riot
13610000001	Prototype Trial	Prototype Trial
10080100000	Emi Continent Royal Capital	Emi Continent Royal Capital
10080100001	Satellite City	Satellite City
270000	Your friends list is full.	Your friends list is full.
270001	You are already on this player's friend request list.	You are already on this player's friend request list.
270002	You are already friends.	You are already friends.
270003	This player's friend request list is full.	This player's friend request list is full.
270004	Your friends list is full.	Your friends list is full.
270005	This player's friends list is full.	This player's friends list is full.
270006	This player is no longer on your friend request list.	This player is no longer on your friend request list.
270007	No information available.	No information available.
270008	Group Name:	Group Name:
270009	Friend Recommendations	Friend Recommendations
270010	Waiting for the recipient to Claim the gift	Waiting for the recipient to Claim the gift
10140000085	Ilmata, God of Nature	Ilmata, God of Nature
13150200065	The Professor has been captured by Maya. Return to camp for Utility.	The Professor has been captured by Maya. Return to camp for Utility.
74009	Base ${1}	Base ${1}
13150200213	Tower Trial	Tower Trial
11450000000	Portrait Frame Test	Portrait Frame Test
140001	You were removed from the event area for being AFK too long.	You were removed from the event area for being AFK too long.
140002	Disbanding the party will immediately destroy the escort cart. Are you sure you want to disband the party?	Disbanding the party will immediately destroy the escort cart. Are you sure you want to disband the party?
140003	Leaving the party will abandon the escort cart. Are you sure you want to leave the party?	Leaving the party will abandon the escort cart. Are you sure you want to leave the party?
140004	Leaving the map will abandon the escort cart. Are you sure you want to leave the map?	Leaving the map will abandon the escort cart. Are you sure you want to leave the map?
140005	You have been flagged as AFK. If the timer expires, you will be forced to return to town!	You have been flagged as AFK. If the timer expires, you will be forced to return to town!
140006	Return to Town	Return to Town
140007	Cancel AFK	Cancel AFK
140008	Queue Notice	Queue Notice
140009	This event area is full. You must queue to enter.	This event area is full. You must queue to enter.
140010	Leave Queue	Leave Queue
140011	Estimated Wait Time: <color=#63A22B>${1}</color>	Estimated Wait Time: <color=#63A22B>${1}</color>
140012	Go to the Ally <color=#FDAB5B><u> Quartermaster</u></color> to Claim a Supply Transport cart and deliver Military Supplies.	Go to the Ally <color=#FDAB5B><u> Quartermaster</u></color> to Claim a Supply Transport cart and deliver Military Supplies.
140013	Countdown	Countdown
140014	<color=#2fd3bb>[Supply Transport]</color> Escort Supplies	<color=#2fd3bb>[Supply Transport]</color> Escort Supplies
140015	Yet to start	Yet to start
140016	Escorting	Escorting
140017	Escort Ended	Escort Ended
140018	Escort begins in <color=#fdab5b>${1}</color>	Escort begins in <color=#fdab5b>${1}</color>
140019	Supply Transport Phase	Supply Transport Phase
140020	Supply Transport Phase	Supply Transport Phase
140021	Supply Transport Phase	Supply Transport Phase
140022	Masked Figure	Masked Figure
140023	This player is masked. You cannot view their personal information.	This player is masked. You cannot view their personal information.
140024	Tap to go to the <color=#FDAB5B><u> Supply Depot</u></color> and deliver the escort cart\nBasic Supply Cart <sprite name="territorywars_icon_01"><color=#FDAB5B>${1}</color>\nElite Supply Cart <sprite name="territorywars_icon_02"><color=#FDAB5B>${2}</color>	Tap to go to the <color=#FDAB5B><u> Supply Depot</u></color> and deliver the escort cart\nBasic Supply Cart <sprite name="territorywars_icon_01"><color=#FDAB5B>${1}</color>\nElite Supply Cart <sprite name="territorywars_icon_02"><color=#FDAB5B>${2}</color>
140025	Your party has obtained a supply transport cart.	Your party has obtained a supply transport cart.
140026	Your party successfully delivered the supply transport cart.	Your party successfully delivered the supply transport cart.
140027	You are now leading the supply transport cart.	You are now leading the supply transport cart.
140028	Territory War Supply Transport has begun.	Territory War Supply Transport has begun.
140029	Everyone, head to the map to join the event.	Everyone, head to the map to join the event.
140030	Personal Points: ${1}/${2}	Personal Points: ${1}/${2}
140031	Reach ${1}/${2} Supply Transport Points	Reach ${1}/${2} Supply Transport Points
140032	Destroyed ${1}	Destroyed ${1}
140033	[${1}]'s ${2}	[${1}]'s ${2}
140034	Your party has begun escorting supplies. ${1} is the current leader.	Your party has begun escorting supplies. ${1} is the current leader.
140035	Supply Transport has begun. All members must head to the Territory War map immediately and begin escorting supplies. [Tap to Go]	Supply Transport has begun. All members must head to the Territory War map immediately and begin escorting supplies. [Tap to Go]
140036	Attack supply transport carts to seize Military Supplies for your guild.	Attack supply transport carts to seize Military Supplies for your guild.
140037	Escort the supply transport cart to the <color=#FDAB5B><u> Supply Depot</u></color> and repel raiders from other guilds.	Escort the supply transport cart to the <color=#FDAB5B><u> Supply Depot</u></color> and repel raiders from other guilds.
140038	There are no supply transport carts to deliver!	There are no supply transport carts to deliver!
140039	Leaving the battlefield will cause you to lose all undelivered Military Supplies. Do you still want to leave?	Leaving the battlefield will cause you to lose all undelivered Military Supplies. Do you still want to leave?
140040	Remaining Supplies: <sprite name="${1}">${2}	Remaining Supplies: <sprite name="${1}">${2}
140041	Earn points through Kill/Assist/Destroying Escort Carts/Escorting Carts and other actions.	Earn points through Kill/Assist/Destroying Escort Carts/Escorting Carts and other actions.
140042	Personal Points: ${1}	Personal Points: ${1}
140043	Supply Transport	Supply Transport
140044	Supplies Delivered	Supplies Delivered
140045	Plunder Supplies	Plunder Supplies
140046	Supplies Lost	Supplies Lost
140047	Remaining Supplies	Remaining Supplies
140048	Normal Caravan	Normal Caravan
140049	Elite Treasure Cart	Elite Treasure Cart
140050	Go	Go
140051	Supplies Remaining:	Supplies Remaining:
140052	Players:	Players:
140053	Vehicles on the Field:	Vehicles on the Field:
140054	Go to the guild transport starting point	Go to the guild transport starting point
140055	Locked	Locked
140056	Escorting	Escorting
140057	Ended	Ended
140058	Me	Me
140059	Can escort ${1} more	Can escort ${1} more
140060	Its location will not be shown on the map.	Its location will not be shown on the map.
140061	The location will be shown on the map.	The location will be shown on the map.
140062	Go to the Quartermaster to collect the Supply Cart	Go to the Quartermaster to collect the Supply Cart
140063	Escort the supply cart to its destination	Escort the supply cart to its destination
140064	Find a supply cart on the battlefield and attack it to seize its supplies!	Find a supply cart on the battlefield and attack it to seize its supplies!
140065	<sprite name="escortcar_img_ourside_advanced"><color=#C27B47> ${1} </color> <sprite name="escortcar_img_ourside_ordinary"> ${2}	<sprite name="escortcar_img_ourside_advanced"><color=#C27B47> ${1} </color> <sprite name="escortcar_img_ourside_ordinary"> ${2}
140066	No guild is currently escorting.	No guild is currently escorting.
140067	${1} (${2}s)	${1} (${2}s)
140068	Follow the Caravan Escort	Follow the Caravan Escort
140069	Head to the Escort Wagon	Head to the Escort Wagon
140070	The outpost has detected the supply cart your party is escorting. Quick, take cover!	The outpost has detected the supply cart your party is escorting. Quick, take cover!
140071	Please join a guild first	Please join a guild first
140072	There are no outposts on the current map.	There are no outposts on the current map.
140073	There are no teleport stations on the current map.	There are no teleport stations on the current map.
140074	You are not on a Territory War map.	You are not on a Territory War map.
140075	You are currently participating in a Caravan Escort. Leaving the guild will destroy your caravan. Confirm Exit from the guild?	You are currently participating in a Caravan Escort. Leaving the guild will destroy your caravan. Confirm Exit from the guild?
140076	This member has a caravan in transit. Removing them from the guild will destroy it. Are you sure you want to remove them?	This member has a caravan in transit. Removing them from the guild will destroy it. Are you sure you want to remove them?
140077	Caravan Escort Route: ${1}	Caravan Escort Route: ${1}
140078	Normal Caravan	Normal Caravan
140079	Load Limit: 12000\nMSPD: 6 meters/second\nEscort Permissions: All Guild Members\nCaravan Trait: Its Location is not always shown on the Mini Map\nSuggested Escort Party: 1-3 players	Load Limit: 12000\nMSPD: 6 meters/second\nEscort Permissions: All Guild Members\nCaravan Trait: Its Location is not always shown on the Mini Map\nSuggested Escort Party: 1-3 players
140080	Elite Treasure Cart	Elite Treasure Cart
140081	Load Limit: 45000\nMSPD: 6 meters/second\nEscort Permissions: Guild officers only\nCaravan Trait: Its Location is always shown on the Mini Map\nSuggested Escort Party: 3-5 players	Load Limit: 45000\nMSPD: 6 meters/second\nEscort Permissions: Guild officers only\nCaravan Trait: Its Location is always shown on the Mini Map\nSuggested Escort Party: 3-5 players
140082	Not enough Military Supplies	Not enough Military Supplies
140083	Your Guild Position does not meet the requirements.	Your Guild Position does not meet the requirements.
140084	Currently Following a player.	Currently Following a player.
140085	Tap the caravan icon to Move to its Location.	Tap the caravan icon to Move to its Location.
140086	Tap to Follow a party member participating in the Caravan Escort.	Tap to Follow a party member participating in the Caravan Escort.
140087	Tap to Move to the caravan's Location.	Tap to Move to the caravan's Location.
13100000056	Revive Point Protection Effect	Revive Point Protection Effect
13100000057	Main Battlefield Revive Point Area Effect	Main Battlefield Revive Point Area Effect
13100000058	Sub-Battlefield Revive Point Area Effect	Sub-Battlefield Revive Point Area Effect
13100000059	Cannot Be Attacked	Cannot Be Attacked
13100000060	Maya Vine Link Effect	Maya Vine Link Effect
13100000061	Evil Boss Chain Effect	Evil Boss Chain Effect
13100000062	Evil Boss Barrels Rolling Attack Buff	Evil Boss Barrels Rolling Attack Buff
13100000063	Wind Blade Slash	Wind Blade Slash
13100000064	Cleave	Cleave
13100000065	Napalm Vulcan	Napalm Vulcan
13100000066	Silence Test	Silence Test
13100000067	Movement and Turning Disabled	Movement and Turning Disabled
13100000068	Maya Petrify	Maya Petrify
13100000069	Safe Zone	Safe Zone
13100000070	Forced Instant Interrupt	Forced Instant Interrupt
13100000071	Calm	Calm
13100000072	Turning Disabled	Turning Disabled
13100000073	Revive Disabled	Revive Disabled
13100000074	Bind	Bind
13100000075	Collect	Collect
13100000076	Campfire Interaction	Campfire Interaction
13100000077	New Meditation	New Meditation
11280000000	A Book	A Book
11280000001	Chapter One	Chapter One
11280000002	Chapter 2	Chapter 2
12930000000	Karazhan Harp	Karazhan Harp
12930000001	Sylvanas Statue	Sylvanas Statue
12930000002	Dwarven Bone Flute	Dwarven Bone Flute
12930000003	Undead Rapid-Fire Cannon	Undead Rapid-Fire Cannon
12930000004	Alliance Ballista	Alliance Ballista
12930000005	World's Best Lute	World's Best Lute
11110000000	Novice Shop	Novice Shop
11110000001	Fantasy Shop	Fantasy Shop
11110000002	RO Shop	RO Shop
11110000003	Otherworld Arrival Shop	Otherworld Arrival Shop
11110000004	Trial Shop	Trial Shop
11110000005	Season Shop	Season Shop
11110000006	Preview Shop	Preview Shop
11110000007	Recommended	Recommended
11110000008	Mining Star Treasure	Mining Star Treasure
11110000009	Costume	Costume
11110000010	Kafra Shop	Kafra Shop
11110000011	Season Exploration Shop	Season Exploration Shop
11110000012	Gold Shop	Gold Shop
11110000013	Equipment Merchant	Equipment Merchant
11110000014	Connect Shop	Connect Shop
11110000015	Special Offers	Special Offers
11110000016	Zeny Shop	Zeny Shop
11110000017	Crystal Shop	Crystal Shop
11110000018	Magic Fashion	Magic Fashion
11110000019	Supply Shop	Supply Shop
11110000020	Pet Shop	Pet Shop
11110000021	Card Shop	Card Shop
11110000022	Totem Shop	Totem Shop
11110000023	Spirit Tower Shop	Spirit Tower Shop
11110000024	Competition Shop	Competition Shop
11110000025	Monster Hunt	Monster Hunt
11110000026	Guild Shop	Guild Shop
141001	Your Account has been 【banned】. If you are Confused, please contact Customer Support.\nBan End Time: 【${1}】	Your Account has been 【banned】. If you are Confused, please contact Customer Support.\nBan End Time: 【${1}】
141002	Your Character has been 【banned】. If you are Confused, please contact Customer Support.\nBan End Time: 【${1}】	Your Character has been 【banned】. If you are Confused, please contact Customer Support.\nBan End Time: 【${1}】
141003	Dear Adventurer,\nYour character has been forcibly logged out. Please log back in.\nThank You for your cooperation and understanding.	Dear Adventurer,\nYour character has been forcibly logged out. Please log back in.\nThank You for your cooperation and understanding.
141004	Your Character has been 【muted】. If you are Confused, please contact Customer Support.\nMute End Time: 【${1}】	Your Character has been 【muted】. If you are Confused, please contact Customer Support.\nMute End Time: 【${1}】
141005	System Notification	System Notification
12530100000	Tier @{1}	Tier @{1}
12530100001	Overlord	Overlord
141101	Redemption Code	Redemption Code
141102	Enter gift code	Enter gift code
141103	Redemption failed. This code has expired.	Redemption failed. This code has expired.
141104	Bind Invitation Code	Bind Invitation Code
141105	Redeemed. Check your mailbox for the rewards.	Redeemed. Check your mailbox for the rewards.
141150	Session ID: ${1}	Session ID: ${1}
141151	openID：${1}	openID：${1}
141152	The current gameplay experience does not represent final quality.	The current gameplay experience does not represent final quality.
141200	Survey	Survey
141201	Survey Deadline	Survey Deadline
141202	Complete the survey to receive rewards.	Complete the survey to receive rewards.
141203	Participate Now	Participate Now
141204	Feedback	Feedback
141205	Thank You for participating in this test. We're getting the next adventure Ready, and we'd love to hear your honest thoughts—what got your blood pumping, and what left you wanting more?	Thank You for participating in this test. We're getting the next adventure Ready, and we'd love to hear your honest thoughts—what got your blood pumping, and what left you wanting more?
141206	Go Give Feedback	Go Give Feedback
141207	Survey Ends:<sprite name="icon_questionnaire_time_03"><color=#63a22b>${1}</color>	Survey Ends:<sprite name="icon_questionnaire_time_03"><color=#63a22b>${1}</color>
12300200000	Unlocks at Lv. @{1}	Unlocks at Lv. @{1}
12300200001	Available on the first day after launch	Available on the first day after launch
12300200002	Unlocks on Day @{1} after launch	Unlocks on Day @{1} after launch
12360100000	Artisans who specialize in mining all types of ore and possess precise, efficient Mining techniques. This profession provides the Basic foundation for Metal forging. The Rarity of the ore is closely tied to the Miner's level.	Artisans who specialize in mining all types of ore and possess precise, efficient Mining techniques. This profession provides the Basic foundation for Metal forging. The Rarity of the ore is closely tied to the Miner's level.
12360100001	Professional artisans skilled in Cooking and one of the key professions for creating restorative dishes.	Professional artisans skilled in Cooking and one of the key professions for creating restorative dishes.
12360100002	A Life Skill specializing in felling all types of trees. Lumberjacks efficiently gather wood of different types and grades, supplying materials for Woodcarvers and other forms of woodcraft.	A Life Skill specializing in felling all types of trees. Lumberjacks efficiently gather wood of different types and grades, supplying materials for Woodcarvers and other forms of woodcraft.
12360100003	Artisans skilled at shaping wood into finely crafted forms. They create various semi-finished wooden components for equipment, making this an essential Life Skill linking lumber resources to equipment crafting.	Artisans skilled at shaping wood into finely crafted forms. They create various semi-finished wooden components for equipment, making this an essential Life Skill linking lumber resources to equipment crafting.
12360100004	Artisans specializing in growing and gathering Plant Materials. They obtain materials for silk thread, herbs, seeds, and special Plant by-products, providing essential Materials for weaving and advanced Combine processes.	Artisans specializing in growing and gathering Plant Materials. They obtain materials for silk thread, herbs, seeds, and special Plant by-products, providing essential Materials for weaving and advanced Combine processes.
12360100005	Artisans who turn gathered plant fibers and other supplementary materials into semi-finished cloth. Their products are widely used in equipment padding, structural components, and various advanced synthesis processes, making this a key Life Skill supporting equipment crafting.	Artisans who turn gathered plant fibers and other supplementary materials into semi-finished cloth. Their products are widely used in equipment padding, structural components, and various advanced synthesis processes, making this a key Life Skill supporting equipment crafting.
12420000000	DMG Taken	DMG Taken
12420000001	Healing	Healing
12420000002	Damage	Damage
10600000000	Spirit Tower	Spirit Tower
10600000001	Realm of the Gods	Realm of the Gods
10600000002	Phantom Realm	Phantom Realm
10600000003	Expedition Challenge	Expedition Challenge
10600000004	MVP	MVP
10600000005	AFK in the Field	AFK in the Field
10600000006	Kafra: Survivor Battle	Kafra: Survivor Battle
10600000007	Valhalla Trials	Valhalla Trials
10600000008	Mock Battle	Mock Battle
10600000009	Battle of Dragon Coffin Island	Battle of Dragon Coffin Island
10310200000	Simple and durable. A must-have for rookie merchants.	Simple and durable. A must-have for rookie merchants.
10310200001	Made from birch carefully selected and shaped by a master carpenter, this is the perfect choice for efficiency-minded Merchants. (Requires the Cart Remodeling skill to switch.)	Made from birch carefully selected and shaped by a master carpenter, this is the perfect choice for efficiency-minded Merchants. (Requires the Cart Remodeling skill to switch.)
10310200002	Adorned with fresh flowers and brimming with the spirit of spring. (Requires the Cart Remodeling skill to switch.)	Adorned with fresh flowers and brimming with the spirit of spring. (Requires the Cart Remodeling skill to switch.)
10310200003	Covered in small bags collected throughout your travels and plush companions. (Requires the Cart Remodeling skill to switch.)	Covered in small bags collected throughout your travels and plush companions. (Requires the Cart Remodeling skill to switch.)
10310200004	Its iron body supports a canopy that shields it from the elements. Set up shop wherever you go with this true mobile storefront. (Requires the Cart Remodeling skill to switch.)	Its iron body supports a canopy that shields it from the elements. Set up shop wherever you go with this true mobile storefront. (Requires the Cart Remodeling skill to switch.)
10310200005	This well-trained Falcon is the exclusive combat companion for hunters	This well-trained Falcon is the exclusive combat companion for hunters
10310200006	This well-trained Peco Peco is the exclusive combat mount for knights	This well-trained Peco Peco is the exclusive combat mount for knights
10310200007	This heavily-armored, fully-equipped Peco Peco is the exclusive combat mount exclusive for Lord Knight.	This heavily-armored, fully-equipped Peco Peco is the exclusive combat mount exclusive for Lord Knight.
10310200008	This well-trained Grand Peco is the exclusive combat mount for Crusader.	This well-trained Grand Peco is the exclusive combat mount for Crusader.
10310200009	A heavily-armored, fully-equipped Grand Peco. It is the battle mount exclusive for Paladin.	A heavily-armored, fully-equipped Grand Peco. It is the battle mount exclusive for Paladin.
10310200010	A Rune Knight's mount. Pretty cool, right?	A Rune Knight's mount. Pretty cool, right?
10310200011	A Crusader's mount that combines a Lion and an eagle. Pretty cool, too!	A Crusader's mount that combines a Lion and an eagle. Pretty cool, too!
10310200012	Madogear Pilot	Madogear Pilot
10310200013	Demonic Wolf	Demonic Wolf
11081100000	Faction @{1} Players	Faction @{1} Players
11081100001	Next Event Auto-Start Countdown	Next Event Auto-Start Countdown
11081100002	Monsters Remaining	Monsters Remaining
11081100003	Some players must repair the Dragon-Hunting Turrets on the platform	Some players must repair the Dragon-Hunting Turrets on the platform
11081100004	Use the Dragon-Hunting Cannon to attack Fafnir	Use the Dragon-Hunting Cannon to attack Fafnir
11081100005	Time Until Start	Time Until Start
11081100006	Quiz Time Remaining	Quiz Time Remaining
11081100007	Break Time Remaining	Break Time Remaining
11081100008	Time Left	Time Left
11081100009	Try to Pick up scattered battlefield supplies to gain powerful skills	Try to Pick up scattered battlefield supplies to gain powerful skills
11081100010	Head to the outskirts of the arena and Pick up Dragonblood Crystals	Head to the outskirts of the arena and Pick up Dragonblood Crystals
11037	Divine Totem	Divine Totem
11038	Soul Echo	Soul Echo
10430000000	Member Arrivals and Departures	Member Arrivals and Departures
10430000001	Position Changes	Position Changes
10430000002	Building Level-up	Building Level-up
10430000003	Guild Technology	Guild Technology
10430000004	Guild Store	Guild Store
13730000000	Adventurer Guild Created	Adventurer Guild Created
13730000001	Member Joined Adventurer Guild	Member Joined Adventurer Guild
13730000002	Member Left Adventurer Guild	Member Left Adventurer Guild
13730000003	Adventurer Guild Level-up	Adventurer Guild Level-up
13730000004	Adventurer Guild Watering	Adventurer Guild Watering
13730000005	Adventurer Guild Renamed	Adventurer Guild Renamed
13730000006	Adventurer Guild Nameplate Unlocked	Adventurer Guild Nameplate Unlocked
13730000007	Member Removed from Adventurer Guild	Member Removed from Adventurer Guild
13150400000	@{1}	@{1}
13150400001	Chapter One	Chapter One
13150400002	Chapter 2	Chapter 2
13150400003	Chapter 3	Chapter 3
13150400004	Chapter 4	Chapter 4
13150400005	Chapter 5	Chapter 5
13150400006	Chapter 6	Chapter 6
13150400007	Chapter 7	Chapter 7
13150400008	Chapter 8	Chapter 8
13150400009	Chapter 9	Chapter 9
13150400010	Novice Trial	Novice Trial
12007	N/A	N/A
12017	Stunt	Stunt
12031	Stunt	Stunt
12075	[Current <color=#c27b47>+${1}</color>]	[Current <color=#c27b47>+${1}</color>]
13160100000	Suggested	Suggested
13160100001	New Items	New Items
13160100002	Premium	Premium
13160100003	Discount	Discount
13220000000	Dreamweaver	Dreamweaver
13220000001	Night Watcher	Night Watcher
13220000002	Blazing Dance	Blazing Dance
13220000003	Headless Giant	Headless Giant
13220000004	Faceless Singer	Faceless Singer
13220000005	Dreamscape	Dreamscape
13220000006	Poem of a Lost Homeland	Poem of a Lost Homeland
13220000007	Bloodlike Wine	Bloodlike Wine
13220000008	Nomad	Nomad
13220000009	Rusty Bell Clapper	Rusty Bell Clapper
11280200000	Not much useful information.	Not much useful information.
11280200001	Chapter 1 covers the essentials of working out.	Chapter 1 covers the essentials of working out.
11280200002	Chapter 2 covers the fundamentals of running.	Chapter 2 covers the fundamentals of running.
11400000000	Default	Default
11400000001	Advanced	Advanced
12990100000	Test Gift Pack	Test Gift Pack
12990100001	Standard Monthly Pass	Standard Monthly Pass
12990100002	Premium Monthly Pass	Premium Monthly Pass
12990100003	Standard Monthly Pass + Premium Monthly Pass	Standard Monthly Pass + Premium Monthly Pass
12990100004	Pass	Pass
12990100005	Pass Gift	Pass Gift
13050000000	Black Iron Emblem	Black Iron Emblem
13050000001	Bronze Emblem	Bronze Emblem
13050000002	Tempered Steel Emblem	Tempered Steel Emblem
13050000003	Silver Emblem	Silver Emblem
13050000004	Gold Emblem	Gold Emblem
13050000005	Diamond Emblem	Diamond Emblem
13050000006	Starlight Crown	Starlight Crown
13050000007	Moonlight Crown	Moonlight Crown
13050000008	Holy Light Crown	Holy Light Crown
13050000009	Crown of Midgard	Crown of Midgard
13007	MAX	MAX
12880000000	^{1}Journey's Beginning^{2}	^{1}Journey's Beginning^{2}
12880000001	^{1}Making a Name^{2}	^{1}Making a Name^{2}
12880000002	^{1}Rising Renown^{2}	^{1}Rising Renown^{2}
12880000003	^{1}Local Hero^{2}	^{1}Local Hero^{2}
12880000004	^{1}Champion at the Summit^{2}	^{1}Champion at the Summit^{2}
12880000005	^{1}Peerless Heights^{2}	^{1}Peerless Heights^{2}
12880000006	^{1}Top Ten Heroes^{2}	^{1}Top Ten Heroes^{2}
210001	The creation hymn of Ilmatar, Goddess of Nature, lies scattered across the world in the form of 【Melody Conches】.\nPluck the strings and resonate with her melody. Gather the lost notes and compose nature's song.	The creation hymn of Ilmatar, Goddess of Nature, lies scattered across the world in the form of 【Melody Conches】.\nPluck the strings and resonate with her melody. Gather the lost notes and compose nature's song.
210002	Today's Drops: ${1}/${2}	Today's Drops: ${1}/${2}
210003	Note Drops	Note Drops
210004	Exploration Map	Exploration Map
210005	Unlocks in ${1}d ${2}h	Unlocks in ${1}d ${2}h
210006	Drag the notes to the matching positions to compose the melody.	Drag the notes to the matching positions to compose the melody.
210007	Performance Instructions	Performance Instructions
210008	Tap the buttons at the bottom to play the corresponding notes. Play the required song in the correct order to complete the stage.	Tap the buttons at the bottom to play the corresponding notes. Play the required song in the correct order to complete the stage.
210009	Explore the region associated with each movement to obtain <color=#ff6161>Melody Conches</color> and <color=#ff6161>Lost Notes</color>.\nDrag <color=#ff6161>Lost Notes</color> into the measure, and the corresponding story quest Can be unlocked.\nExchange <color=#ff6161>Melody Conches</color> for <color=#ff6161>Lost Notes</color> in the Exploration Shop.	Explore the region associated with each movement to obtain <color=#ff6161>Melody Conches</color> and <color=#ff6161>Lost Notes</color>.\nDrag <color=#ff6161>Lost Notes</color> into the measure, and the corresponding story quest Can be unlocked.\nExchange <color=#ff6161>Melody Conches</color> for <color=#ff6161>Lost Notes</color> in the Exploration Shop.
210010	Not enough Notes. Go collect more.	Not enough Notes. Go collect more.
210011	Incorrect selection! Please insert the correct notes.	Incorrect selection! Please insert the correct notes.
210012	Misc timed out. Please try again.	Misc timed out. Please try again.
210013	This note is already lit. No need to try again.	This note is already lit. No need to try again.
210014	Movement ${1} ${2}%	Movement ${1} ${2}%
210015	Exploration Shop	Exploration Shop
210016	Misc	Misc
210017	This movement is not yet available.	This movement is not yet available.
210018	Genesis Movement	Genesis Movement
210019	Chapter Reward	Chapter Reward
210020	Chapter Objective	Chapter Objective
210021	Rewards	Rewards
10890000000	Gloom Over Dragon Sarcophagus Isle	Gloom Over Dragon Sarcophagus Isle
10890000001	Guild League	Guild League
10890000002	Kafra · Battle of the Survivors	Kafra · Battle of the Survivors
10890000003	Battle of Dragon Coffin Island	Battle of Dragon Coffin Island
10890000004	Reward Vault - Rift Crisis	Reward Vault - Rift Crisis
10890000005	Five-Player Challenge - Savage Land	Five-Player Challenge - Savage Land
10890000006	5-Player Challenge - Land of Nature	5-Player Challenge - Land of Nature
10890000007	5-Player Challenge - Dark Land	5-Player Challenge - Dark Land
10890000008	5-Player Challenge - Savage Hinterlands	5-Player Challenge - Savage Hinterlands
10890000009	5-Player Challenge - Forbidden Nature Zone	5-Player Challenge - Forbidden Nature Zone
10890000010	5-Player Challenge - Dark Realm	5-Player Challenge - Dark Realm
10890000011	5-Player Challenge - Hidden Land	5-Player Challenge - Hidden Land
10890000012	Realm of the Gods - Normal	Realm of the Gods - Normal
10890000013	Divine Realm - Hard	Divine Realm - Hard
10890000014	Realm of the Gods - Final Trial	Realm of the Gods - Final Trial
12540000000	Trainee	Trainee
12540000001	Rookie	Rookie
12540000002	Warrior	Warrior
12540000003	Elite	Elite
12540000004	Moonlit Challenger	Moonlit Challenger
12540000005	Overlord	Overlord
10600200000	10-Player Dungeon	10-Player Dungeon
10600200001	5-Player Dungeon	5-Player Dungeon
10600200002	Battle Royale	Battle Royale
10600200003	@{1}V@{2}	@{1}V@{2}
10720000000	Drive Back the Troublemakers	Drive Back the Troublemakers
10720000001	Monster Boom Boom Boom	Monster Boom Boom Boom
10720000002	Monster Split Show	Monster Split Show
12370000000	Novice	Novice
80020	${1}0K	${1}0K
80023	${1} ${2}	${1} ${2}
80032	<sprite name="season_num_${1}">	<sprite name="season_num_${1}">
10550000000	Profile	Profile
10550000001	Message	Message
10550000002	Add Friend	Add Friend
10550000003	Unfriend	Unfriend
10550000004	Gift	Gift
10550000005	Invite to Party	Invite to Party
10550000006	Request to Join Party	Request to Join Party
10550000007	Apply for joining the team	Apply for joining the team
10550000008	Remove from Party	Remove from Party
10550000009	Invite to Raid	Invite to Raid
10550000010	Remove from Raid	Remove from Raid
10550000011	Add to Blocks	Add to Blocks
10550000012	Remove from Blocks	Remove from Blocks
10550000013	Report Player	Report Player
10550000014	Set as Close Friend	Set as Close Friend
10550000015	Remove Close Friend	Remove Close Friend
10550000016	Tavern Gifts	Tavern Gifts
10550000017	Remove from Tavern	Remove from Tavern
10550000018	Invite to Guild	Invite to Guild
10550000019	Banish from Guild	Banish from Guild
10550000020	Apply to Guild	Apply to Guild
10550000021	Manage Positions	Manage Positions
10550000022	Remove from Recents	Remove from Recents
12200000000	Damage Reflection Build	Damage Reflection Build
12200000001	CRIT & CRIT DMG Build	CRIT & CRIT DMG Build
12200000002	Movement Speed Build	Movement Speed Build
12200000003	Recovery Build	Recovery Build
12200000004	Buff Build	Buff Build
12200000005	Other	Other
10380000000	Guild Hall	Guild Hall
10380000001	Guild Store	Guild Store
10380000002	Institute	Institute
10380000003	Guild Store	Guild Store
10380000004	Tactical Warehouse	Tactical Warehouse
10380000005	Guild Black Market	Guild Black Market
11970100000	A common mineral vein rich in iron. Mine it to obtain basic ore. ^{1}Can be used to Craft T@{1} equipment^{2}	A common mineral vein rich in iron. Mine it to obtain basic ore. ^{1}Can be used to Craft T@{1} equipment^{2}
11970100001	A mineral vein containing large quantities of carbon-rich ore. Mine it to obtain Low-grade ore. ^{1}Can be used to Craft T@{1} equipment^{2}	A mineral vein containing large quantities of carbon-rich ore. Mine it to obtain Low-grade ore. ^{1}Can be used to Craft T@{1} equipment^{2}
11970100002	A Rare silver mineral vein that glimmers faintly. Mine it to obtain intermediate ore. ^{1}Can be used to Craft T@{1} equipment^{2}	A Rare silver mineral vein that glimmers faintly. Mine it to obtain intermediate ore. ^{1}Can be used to Craft T@{1} equipment^{2}
11970100003	A hard mineral vein gleaming with golden light. Mine it to obtain high-grade ore. ^{1}Can be used to Craft T@{1} equipment^{2}	A hard mineral vein gleaming with golden light. Mine it to obtain high-grade ore. ^{1}Can be used to Craft T@{1} equipment^{2}
11970100004	A coarse vine commonly found in the Field. Gather it to obtain a basic Plant. ^{1}Used by the Chef Life Skill to make various restorative Potions and Cooking dishes^{2}	A coarse vine commonly found in the Field. Gather it to obtain a basic Plant. ^{1}Used by the Chef Life Skill to make various restorative Potions and Cooking dishes^{2}
11970100005	Soft Plant fibers. Gather them to obtain a Low-grade Plant. ^{1}Used by the Chef Life Skill to make various restorative Potions and Cooking dishes^{2}	Soft Plant fibers. Gather them to obtain a Low-grade Plant. ^{1}Used by the Chef Life Skill to make various restorative Potions and Cooking dishes^{2}
11970100006	Sedge that shows Growth in damp, shaded areas. Gather it to obtain an intermediate Plant. ^{1}Used by the Chef Life Skill to make various restorative Potions and Cooking dishes^{2}	Sedge that shows Growth in damp, shaded areas. Gather it to obtain an intermediate Plant. ^{1}Used by the Chef Life Skill to make various restorative Potions and Cooking dishes^{2}
11970100007	A strange Plant with petals that radiate an ethereal glow. Gather it to obtain a high-grade Plant. ^{1}Used by the Chef Life Skill to make various restorative Potions and Cooking dishes^{2}	A strange Plant with petals that radiate an ethereal glow. Gather it to obtain a high-grade Plant. ^{1}Used by the Chef Life Skill to make various restorative Potions and Cooking dishes^{2}
12030000000	Attack No. @{1}	Attack No. @{1}
12030000001	Defense No. @{1}	Defense No. @{1}
12030000002	Life No. @{1}	Life No. @{1}
12030000003	Attack Star Core @{1}	Attack Star Core @{1}
12030000004	Defense Star Core @{1}	Defense Star Core @{1}
12030000005	Star Core No. @{1}	Star Core No. @{1}
13150600135	Rift Stone*	Rift Stone*
16017	UID：	UID：
16025	BASE	BASE
16026	JOB	JOB
16030	Quasi-Stats	Quasi-Stats
16085	PATRON	PATRON
16101	MAX	MAX
16112	EXP	EXP
13340000000	Test STR@{1}	Test STR@{1}
13340000001	Test AGI@{1}	Test AGI@{1}
11460100000	This is a Default Theme.	This is a Default Theme.
11460100001	Bouquet	Bouquet
11460100002	Meow	Meow
11460100003	Set Sail	Set Sail
11460100004	This is a Default Background.	This is a Default Background.
11460100005	Path of Adventure	Path of Adventure
11460100006	Land of Lilies of the Valley	Land of Lilies of the Valley
11460100007	Unlock this Mood instantly.	Unlock this Mood instantly.
11520000000	Praiser Priest	Praiser Priest
11520000001	Exorciser	Exorciser
11520000002	Cart Merchant	Cart Merchant
11520000003	Madogear Pilot	Madogear Pilot
11520000004	Axe	Axe
11520000005	Holy Knight	Holy Knight
11520000006	Protection	Protection
11520000007	Retribution	Retribution
11520000008	Wind Walker	Wind Walker
11520000009	Falcon Hunter	Falcon Hunter
11520000010	Sharpshooting	Sharpshooting
11520000011	Speedy Hunter	Speedy Hunter
11520000012	Warg Hunter	Warg Hunter
11520000013	AGI Swordsman	AGI Swordsman
11520000014	Lance Knight	Lance Knight
11520000015	Rune Sword	Rune Sword
11520000016	Rune Spear	Rune Spear
11520000017	Speed Assassin	Speed Assassin
11520000018	Sand Puff Assassin	Sand Puff Assassin
11520000019	Burst Assassin	Burst Assassin
11520000020	Venom Assassin	Venom Assassin
11520000021	Soul Breaker Assassin	Soul Breaker Assassin
11520000022	Spinning Assassin	Spinning Assassin
11520000023	Shadow Assassin	Shadow Assassin
11520000024	Fire	Fire
11520000025	Ice and Thunder	Ice and Thunder
11520000026	Earthfire Mage	Earthfire Mage
11520000027	Soul Buster	Soul Buster
11520000028	Element	Element
13110100000	Increases DEF	Increases DEF
13110100001	Increases Move Speed---/Attack Speed	Increases Move Speed---/Attack Speed
13110100002	Increases Movement Speed---/HP recover	Increases Movement Speed---/HP recover
13110100003	Increase Attack	Increase Attack
13110100004	Increases damage reflection	Increases damage reflection
13110100005	Increases each stat by @{1} points	Increases each stat by @{1} points
13110100006	When attacking, has a @{1}% Chance to restore @{2} HP with no cooldown	When attacking, has a @{1}% Chance to restore @{2} HP with no cooldown
13110100007	Increases allies' MP recovery by @{1}	Increases allies' MP recovery by @{1}
13110100008	Reduces the DEF of nearby enemies	Reduces the DEF of nearby enemies
13110100009	Reduces the Movement Speed of nearby enemies	Reduces the Movement Speed of nearby enemies
13110100010	Currency	Currency
13110100011	CRIT	CRIT
13110100012	Damage Reflection	Damage Reflection
13110100013	Equip	Equip
13110100014	Power	Power
13110100015	Endure	Endure
13110100016	Healing	Healing
13110100017	DEX	DEX
13110100018	Undead	Undead
13110100019	Slow	Slow
13110100020	Damage	Damage
13110100021	Revive	Revive
10890200000	@{1}~@{2}	@{1}~@{2}
12660000000	Congratulations! Hope some of that luck rubs off on me!	Congratulations! Hope some of that luck rubs off on me!
12660000001	So lucky! I'll be next!	So lucky! I'll be next!
12660000002	May fortune smile on you—now hand over the red envelope!	May fortune smile on you—now hand over the red envelope!
12660000003	Amazing! You're in a league of your own!	Amazing! You're in a league of your own!
12660000004	Thanks for being here. I'll give it my all, too!	Thanks for being here. I'll give it my all, too!
12660000005	No way! Is today my lucky day?!	No way! Is today my lucky day?!
12660000006	Seriously? I can't stop smiling!	Seriously? I can't stop smiling!
12660000007	We're rich! We're rich!	We're rich! We're rich!
12660000008	I'm so happy I could spin in circles!	I'm so happy I could spin in circles!
280000	Mock Battle	Mock Battle
280001	Opens in ${1}	Opens in ${1}
280002	Finding a match...	Finding a match...
280003	Rune Eagle	Rune Eagle
280004	Papal Wolf	Papal Wolf
280005	Battle Points	Battle Points
280006	Career Total Points	Career Total Points
280007	Career Total Kills	Career Total Kills
280008	Career Total Assists	Career Total Assists
280009	Career Total DMG	Career Total DMG
280010	Career Total DMG Taken	Career Total DMG Taken
280011	Career Total Healing	Career Total Healing
280012	Season Data	Season Data
280013	Match History	Match History
280014	You already have a Battlefield Skill and cannot Pick up another.	You already have a Battlefield Skill and cannot Pick up another.
280015	The Battle has already started. If you Exit, you cannot Join again.\nAre you sure you want to Exit?	The Battle has already started. If you Exit, you cannot Join again.\nAre you sure you want to Exit?
280016	Reward Count refreshes every Monday at 5:00	Reward Count refreshes every Monday at 5:00
280017	Battles Start at 16:00, 16:20, and 16:40 every Sunday	Battles Start at 16:00, 16:20, and 16:40 every Sunday
280018	Registration for ${1} is now open.	Registration for ${1} is now open.
280019	Weekly Rewards Claim Count: ${1}/${2}	Weekly Rewards Claim Count: ${1}/${2}
280020	Cannot Enter as a team	Cannot Enter as a team
280021	Mock Battle	Mock Battle
280022	Mock Battle	Mock Battle
280023	Participation Rewards	Participation Rewards
280024	Show Party	Show Party
280025	Start Matching	Start Matching
280026	Result	Result
280027	Points	Points
280028	Kill	Kill
280029	Assist	Assist
280030	Time	Time
280031	Best Squad	Best Squad
280032	Points Are King	Points Are King
280033	Rank	Rank
280034	Name	Name
280035	Name	Name
280036	Battleground Info	Battleground Info
10840000000	Beginner's Handbook	Beginner's Handbook
12430100000	Confirm	Confirm
12430100001	Cancel	Cancel
12430100002	Retry	Retry
12430100003	Exit	Exit
12430100004	Ignore	Ignore
12430100005	Restart	Restart
12430100006	{0}	{0}
12430100007	Client update complete. The game will restart.	Client update complete. The game will restart.
12430100008	Client update complete. Please restart the game.	Client update complete. Please restart the game.
12430100009	Repair Client	Repair Client
12430100010	Client Repair complete. The game will close. Please restart the game.	Client Repair complete. The game will close. Please restart the game.
12430100011	Client Repair complete. The game will restart.	Client Repair complete. The game will restart.
12430100012	Clear the client's local Data? The client will restart automatically.	Clear the client's local Data? The client will restart automatically.
12430100013	Clear the client's local Data? After the game closes, please restart it manually.	Clear the client's local Data? After the game closes, please restart it manually.
12430100014	Downloading files {@{1}:@{2}0}/{@{3}:@{4}0} MB	Downloading files {@{1}:@{2}0}/{@{3}:@{4}0} MB
12430100015	Download speed: {@{1}:@{2}0}{1}	Download speed: {@{1}:@{2}0}{1}
12430100016	Download speed: {@{1}:@{2}0}{1}. Estimated time: {2} min {3} sec	Download speed: {@{1}:@{2}0}{1}. Estimated time: {2} min {3} sec
12430100017	Download speed: {@{1}:@{2}0}{1}. Estimated time: {2} sec	Download speed: {@{1}:@{2}0}{1}. Estimated time: {2} sec
12430100018	You are not connected to Wi-Fi. The game has a {@{1}:@{2}0}MB update. Downloading it may incur Data charges. Continue?	You are not connected to Wi-Fi. The game has a {@{1}:@{2}0}MB update. Downloading it may incur Data charges. Continue?
12430100019	Loading...	Loading...
12430100020	Your client version is too old to ensure a stable gameplay experience. Please Download the latest version. Select Confirm to open the corresponding store's Download page, or select Cancel to close the game.	Your client version is too old to ensure a stable gameplay experience. Please Download the latest version. Select Confirm to open the corresponding store's Download page, or select Cancel to close the game.
12430100021	Your client version is too old to ensure a stable gameplay experience. Please Download the latest version.	Your client version is too old to ensure a stable gameplay experience. Please Download the latest version.
12430100022	Loading remote configuration file...	Loading remote configuration file...
12430100023	Mute	Mute
12430100024	Error verifying version differences.	Error verifying version differences.
12430100025	An error occurred while updating the client. Select Ignore to temporarily Start Game, but you may encounter issues.	An error occurred while updating the client. Select Ignore to temporarily Start Game, but you may encounter issues.
12430100026	Failed to read the remote configuration file. This may be a Network issue. Check your connection and Retry....	Failed to read the remote configuration file. This may be a Network issue. Check your connection and Retry....
12430100027	Failed to Download the resource package. This may be a Network issue. Check your connection and Retry....	Failed to Download the resource package. This may be a Network issue. Check your connection and Retry....
12430100028	Sorry, the update cannot be downloaded because your device does not have enough storage space. Free up some space and Try Again.	Sorry, the update cannot be downloaded because your device does not have enough storage space. Free up some space and Try Again.
12430100029	Failed to save the file. There may not be enough storage space. Free up some space and Retry....	Failed to save the file. There may not be enough storage space. Free up some space and Retry....
12430100030	Network Error	Network Error
12430100031	Incomplete client cache files were detected. Clear the cache and Download them again?	Incomplete client cache files were detected. Clear the cache and Download them again?
12430100032	Incomplete client cache files were detected. Please Download them again.	Incomplete client cache files were detected. Please Download them again.
12430100033	A client configuration update was detected. You must Restart Now.	A client configuration update was detected. You must Restart Now.
12430100034	Failed to refresh the update files. Some cache files may be in use, or there may be a Permissions issue.	Failed to refresh the update files. Some cache files may be in use, or there may be a Permissions issue.
12430100035	Analyzing file differences...	Analyzing file differences...
12430100036	File difference analysis complete.	File difference analysis complete.
12430100037	Failed to retrieve the remote configuration file. Network connection failed.	Failed to retrieve the remote configuration file. Network connection failed.
12430100038	Downloading:	Downloading:
12430100039	Please launch the game through the launcher.	Please launch the game through the launcher.
10670000000	Bubble	Bubble
10670000001	Deviling	Deviling
10670000002	Muka	Muka
10500000000	Growth	Growth
10500000001	Misc	Misc
10500000002	Connect	Connect
10500000003	Fashion	Fashion
10500000004	Basic	Basic
10500000005	Server	Server
12150000000	Increases ^{1}Damage Increase by @{1}%^{2} and ^{3}DMG Reduction by @{2}%^{4}	Increases ^{1}Damage Increase by @{1}%^{2} and ^{3}DMG Reduction by @{2}%^{4}
12150000001	Increases ^{1}Damage Increase by @{1}%^{2} and ^{3}DMG Reduction by @{2}%^{4}, and increases the team's Revive count in the Dungeon by ^{5}@{3}^{6}	Increases ^{1}Damage Increase by @{1}%^{2} and ^{3}DMG Reduction by @{2}%^{4}, and increases the team's Revive count in the Dungeon by ^{5}@{3}^{6}
150001	Producer YU	Producer YU
150002	Producer Subjugation Battle	Producer Subjugation Battle
150003	Compete against other Adventurers. The team that ultimately defeats YU will receive the following rewards.	Compete against other Adventurers. The team that ultimately defeats YU will receive the following rewards.
150004	Tap the map to start auto-navigation.	Tap the map to start auto-navigation.
150005	Remaining Quantity	Remaining Quantity
150006	Next Refresh Time	Next Refresh Time
150007	Upper-Left Revive Point	Upper-Left Revive Point
150008	Lower-Left Revive Point	Lower-Left Revive Point
150009	Upper-Right Revive Point	Upper-Right Revive Point
150010	Lower-Right Revive Point	Lower-Right Revive Point
150011	${1} Refresh	${1} Refresh
150012	Switching can be initiated after ${1} seconds without attacking another player (Deprecated)	Switching can be initiated after ${1} seconds without attacking another player (Deprecated)
13800000000	Escort Mission Preparation	Escort Mission Preparation
13800000001	Caravan Escort	Caravan Escort
13800000002	Escort Mission End Waiting Period	Escort Mission End Waiting Period
13800000003	Stronghold War Auction - Ready	Stronghold War Auction - Ready
13800000004	Stronghold War Auction - Open	Stronghold War Auction - Open
13800000005	Stronghold War Auction - Final	Stronghold War Auction - Final
13800000006	Stronghold War Preparation	Stronghold War Preparation
13800000007	Stronghold War	Stronghold War
13800000008	Regional Capital War Auction - Ready	Regional Capital War Auction - Ready
13800000009	Regional Capital War Auction - Open	Regional Capital War Auction - Open
13800000010	Regional Capital War Auction - Final	Regional Capital War Auction - Final
13800000011	Regional Capital War Preparation	Regional Capital War Preparation
13800000012	Regional Capital War	Regional Capital War
13800000013	Royal City War Auction - Ready	Royal City War Auction - Ready
13800000014	Royal City War Auction - Open	Royal City War Auction - Open
13800000015	Royal City War Auction - Final	Royal City War Auction - Final
13800000016	Royal Capital War Preparation	Royal Capital War Preparation
13800000017	Royal City War	Royal City War
13630000000	You set out from ^{1}Prontera^{2} and traveled through ^{3}@{1}^{4} regions, leaving your footprints all across Midgard.	You set out from ^{1}Prontera^{2} and traveled through ^{3}@{1}^{4} regions, leaving your footprints all across Midgard.
13630000001	\nYou successfully completed ^{1}@{1}^{2} box-stacking challenges and ^{3}@{2}^{4} Othello matches, demonstrating true mastery.	\nYou successfully completed ^{1}@{1}^{2} box-stacking challenges and ^{3}@{2}^{4} Othello matches, demonstrating true mastery.
13630000002	\nYou defeated ^{1}${1}^{2} monster Bosses. Even the mightiest beings bow at your feet.	\nYou defeated ^{1}${1}^{2} monster Bosses. Even the mightiest beings bow at your feet.
13630000003	\nYou earned a total of ^{1}${1}^{2} Adventure Coins during your travels, making you quite the moneymaker.	\nYou earned a total of ^{1}${1}^{2} Adventure Coins during your travels, making you quite the moneymaker.
13630000004	\nThroughout your travels, you never stopped training and improving yourself. Here's what you accomplished:	\nThroughout your travels, you never stopped training and improving yourself. Here's what you accomplished:
13630000005	\nYou completed Skill Training ${1} times.	\nYou completed Skill Training ${1} times.
13630000006	\nYou completed Secret Realm Exploration ${1} times.	\nYou completed Secret Realm Exploration ${1} times.
13630000007	\nYou completed ${1} commissions.	\nYou completed ${1} commissions.
13630000008	\nYou transported supplies ${1} times.	\nYou transported supplies ${1} times.
13630000009	\n${1} is your favorite way to train. Training makes you stronger and earns you greater respect.	\n${1} is your favorite way to train. Training makes you stronger and earns you greater respect.
13630000010	\nTraining isn't everything. Balancing work and rest will take you farther. Here's how you relaxed:	\nTraining isn't everything. Balancing work and rest will take you farther. Here's how you relaxed:
13630000011	\nYou enjoyed fine food ${1} times.	\nYou enjoyed fine food ${1} times.
13630000012	\nYou bought new clothes ${1} times.	\nYou bought new clothes ${1} times.
13630000013	\nYou relaxed at home ${1} times.	\nYou relaxed at home ${1} times.
13630000014	\nYou traveled with friends ${1} times.	\nYou traveled with friends ${1} times.
13630000015	\nYou dressed up for a date ${1} times.	\nYou dressed up for a date ${1} times.
13630000016	\nYou enjoyed ${1} artistic activities	\nYou enjoyed ${1} artistic activities
13630000017	\n${1} was your most frequent activity, adding a splash of color to your life.	\n${1} was your most frequent activity, adding a splash of color to your life.
13630000018	\nIn between growing and having fun, you also ran your own small ventures, including:	\nIn between growing and having fun, you also ran your own small ventures, including:
13630000019	\nYou set up a Stall at the South Gate ${1} times	\nYou set up a Stall at the South Gate ${1} times
13630000020	\nYou managed a guild ${1} times	\nYou managed a guild ${1} times
13630000021	\nYou published ${1} issues of a fashion magazine	\nYou published ${1} issues of a fashion magazine
13630000022	\n${1} was the work you loved most. You've carved out a place of your own on the continent of Midgard.	\n${1} was the work you loved most. You've carved out a place of your own on the continent of Midgard.
13630000023	\n^{1}Thank You for every moment along the way. We hope you enjoy the journey ahead!^{2}	\n^{1}Thank You for every moment along the way. We hope you enjoy the journey ahead!^{2}
10160000015	MVP	MVP
10160000026	Soul Echo	Soul Echo
10160000027	Divine Totem	Divine Totem
10160000036	Discord	Discord
10160000057	Realm of the Gods	Realm of the Gods
10160000058	Phantom Realm	Phantom Realm
10160000061	Kafra: Survivor Battle	Kafra: Survivor Battle
10160000063	War of Emperium	War of Emperium
10160000087	Butterfly Wing	Butterfly Wing
10160000088	Fly Wing	Fly Wing
10160000089	Commendation Vault	Commendation Vault
10160000090	Valhalla Trials	Valhalla Trials
10160000109	Bonfire Party	Bonfire Party
10160000112	Ilmata, God of Nature	Ilmata, God of Nature
10160000116	Dracula's Bride	Dracula's Bride
10160000227	Spirit Tower	Spirit Tower
10160000276	Kafra Shop	Kafra Shop
11520200000	A novice practitioner and new Member of the Church who can use Divine Light on themselves and allies.	A novice practitioner and new Member of the Church who can use Divine Light on themselves and allies.
11520200001	A core Member of the Church who has gained basic AoE Divine Light and the ability to Revive allies.	A core Member of the Church who has gained basic AoE Divine Light and the ability to Revive allies.
11520200002	A core Member of the Church with greater effectiveness against Undead monsters, making this build better suited for Priest auto-battle in the field.	A core Member of the Church with greater effectiveness against Undead monsters, making this build better suited for Priest auto-battle in the field.
11520200003	As a mid- to high-ranking cleric of the Church, they further enhance their Healing and team Buff abilities.	As a mid- to high-ranking cleric of the Church, they further enhance their Healing and team Buff abilities.
11520200004	An advanced cleric of the Church with further improved damage and auto-battle capabilities.	An advanced cleric of the Church with further improved damage and auto-battle capabilities.
11520200005	A highest-ranking cleric with greatly improved survivability and AoE protection.	A highest-ranking cleric with greatly improved survivability and AoE protection.
11520200006	A highest-ranking cleric with greatly improved field auto-battle capabilities, battlefield damage, and crowd control.	A highest-ranking cleric with greatly improved field auto-battle capabilities, battlefield damage, and crowd control.
11520200007	Deals damage using Cart Revolution.	Deals damage using Cart Revolution.
11520200008	Deals damage using Cart Revolution while providing buffs to themselves and the party.	Deals damage using Cart Revolution while providing buffs to themselves and the party.
11520200009	Deals damage using High Speed Cart Ram while providing buffs to themselves and the party.	Deals damage using High Speed Cart Ram while providing buffs to themselves and the party.
11520200010	As a Madogear Pilot, bombard enemies from range with both ST and AoE firepower, leaving them nowhere to hide from your steady, sustained damage.	As a Madogear Pilot, bombard enemies from range with both ST and AoE firepower, leaving them nowhere to hide from your steady, sustained damage.
11520200011	As a Madogear Pilot wielding a kinetic battle axe, seize the initiative with devastating Burst, fierce crowd control, and crushing blows that defeat foes before they can react.	As a Madogear Pilot wielding a kinetic battle axe, seize the initiative with devastating Burst, fierce crowd control, and crushing blows that defeat foes before they can react.
11520200012	Sustained high-speed damage with AoE suppression.	Sustained high-speed damage with AoE suppression.
11520200013	AoE Protection with exceptional Survival.	AoE Protection with exceptional Survival.
11520200014	Shoot an arrow to deal damage.	Shoot an arrow to deal damage.
11520200015	Summon a Falcon to Fight Alongside you.	Summon a Falcon to Fight Alongside you.
11520200016	Enhance Normal Attack for sustained damage.	Enhance Normal Attack for sustained damage.
11520200017	Use Sharp Shooting for piercing damage.	Use Sharp Shooting for piercing damage.
11520200018	Use Aimed Bolt for piercing damage.	Use Aimed Bolt for piercing damage.
11520200019	Summon a Demonic Wolf to Fight Alongside you.	Summon a Demonic Wolf to Fight Alongside you.
11520200020	AGI Swordsmen use their incredible ASPD to deal damage.	AGI Swordsmen use their incredible ASPD to deal damage.
11520200021	Well suited for PvP and Killing enemies.	Well suited for PvP and Killing enemies.
11520200022	Rune Sword can ride a dragon, initiate team fights, and charge into battle while offering both durability and damage.	Rune Sword can ride a dragon, initiate team fights, and charge into battle while offering both durability and damage.
11520200023	Rune Spear can ride a dragon and excels at Killing lone enemies while offering both durability and damage.	Rune Spear can ride a dragon and excels at Killing lone enemies while offering both durability and damage.
11520200024	High Attack Speed, dealing Physical damage with Normal Attacks.	High Attack Speed, dealing Physical damage with Normal Attacks.
11520200025	Strike opponents with consecutive Sand Puffs.	Strike opponents with consecutive Sand Puffs.
11520200026	High Crit, dealing Physical damage with Normal Attacks.	High Crit, dealing Physical damage with Normal Attacks.
11520200027	Perform rapid combos with poison skills, with some AoE options.	Perform rapid combos with poison skills, with some AoE options.
11520200028	Flexible offense and defense with ST damage.	Flexible offense and defense with ST damage.
11520200029	Use High Burst to strike the backline, with two Stealth abilities ensuring the first move.	Use High Burst to strike the backline, with two Stealth abilities ensuring the first move.
11520200030	Use Invincible to block key skills, Movement to evade attacks, and combos to finish off enemies.	Use Invincible to block key skills, Movement to evade attacks, and combos to finish off enemies.
11520200031	High magic damage.	High magic damage.
11520200032	Combine Earth and Fire for AoE damage.	Combine Earth and Fire for AoE damage.
11520200033	Combine Ice and Thunder for AoE damage.	Combine Ice and Thunder for AoE damage.
11520200034	Unleash psychic power to deal ST damage.	Unleash psychic power to deal ST damage.
11520200035	Multiple Elements, multiple effects, and AoE damage.	Multiple Elements, multiple effects, and AoE damage.
11520200036	Self-enhancement specialized for ST combat.	Self-enhancement specialized for ST combat.
20016	Connect	Connect
20034	[Mail ${1}]	[Mail ${1}]
13290000000	Novice	Novice
13290000001	Star of Rekenber	Star of Rekenber
13290000002	Composer	Composer
13290000003	Swordsman	Swordsman
13290000004	Knight	Knight
13290000005	Lord Knight	Lord Knight
13290000006	Rune Knight	Rune Knight
13290000007	Crusader	Crusader
13290000008	Paladin	Paladin
13290000009	Royal Guard	Royal Guard
13290000010	Mage	Mage
13290000011	Wizard	Wizard
13290000012	Sage	Sage
13290000013	High Wizard	High Wizard
13290000014	Warlock	Warlock
13290000015	Archer	Archer
13290000016	Hunter	Hunter
13290000017	Bard	Bard
13290000018	Dancer	Dancer
13290000019	Sniper	Sniper
13290000020	Ranger	Ranger
13290000021	Acolyte	Acolyte
13290000022	Priest	Priest
13290000023	High Priest	High Priest
13290000024	Archbishop	Archbishop
13290000025	Monk	Monk
13290000026	Thief	Thief
13290000027	Assassin	Assassin
13290000028	Rogue	Rogue
13290000029	Assassin Cross	Assassin Cross
13290000030	Guillotine Cross	Guillotine Cross
13290000031	Merchant	Merchant
13290000032	Blacksmith	Blacksmith
13290000033	Mastersmith	Mastersmith
13290000034	Mechanic	Mechanic
13290000035	Default Portrait Frame	Default Portrait Frame
13290000036	Genesis Canticle	Genesis Canticle
13290000037	Victory of the Covenant	Victory of the Covenant
13290000038	Default Chat Bubble	Default Chat Bubble
13290000039	Rift in the Sky	Rift in the Sky
13290000040	Titleless	Titleless
13290000041	No Title	No Title
13290000042	Novice's Pride	Novice's Pride
13290000043	Spirit Conqueror	Spirit Conqueror
13290000044	Fashion Gala	Fashion Gala
13290000045	Default Profile Card	Default Profile Card
11410100000	A Good Book	A Good Book
11410100001	Covers the content of Chapter 1	Covers the content of Chapter 1
11410100002	Covers the content of Chapter 2	Covers the content of Chapter 2
11410100003	Untold Stories of Prontera	Untold Stories of Prontera
11470000000	idle	idle
11470000001	walk	walk
11240100000	@{1}-@{2}	@{1}-@{2}
21067	N/A	N/A
21077	Stunt	Stunt
21083	≥	≥
21131	${1}【Identified】	${1}【Identified】
21133	Divine Totem	Divine Totem
21219	${1}【Collection】	${1}【Collection】
10960000005	FPS: ${1}	FPS: ${1}
10960000006	Base EXP: ${1} /${2}	Base EXP: ${1} /${2}
10960000007	BASE EXP: ${1} /MAX	BASE EXP: ${1} /MAX
10960000008	JOB EXP: ${1} /${2}	JOB EXP: ${1} /${2}
10960000019	Guild Prestige Acquisition Rules:\n@{1}.^{1}Guild Prestige represents a guild's Battle strength^{2}. It is not Cleared between Seasons. Every Season, all guilds across the server group are ranked by Prestige, and the results are Permanently Recorded.\n@{2}.When Guild Members participate in guild battlefield modes—Guild Territory War (Stronghold War, Escort Battle, Regional Capital War/Royal City War)—their Defeats on the battlefield are converted into Guild Prestige.\n@{3}.Victory or defeat in guild battlefield modes also affects the amount of Prestige awarded during Settlement.	Guild Prestige Acquisition Rules:\n@{1}.^{1}Guild Prestige represents a guild's Battle strength^{2}. It is not Cleared between Seasons. Every Season, all guilds across the server group are ranked by Prestige, and the results are Permanently Recorded.\n@{2}.When Guild Members participate in guild battlefield modes—Guild Territory War (Stronghold War, Escort Battle, Regional Capital War/Royal City War)—their Defeats on the battlefield are converted into Guild Prestige.\n@{3}.Victory or defeat in guild battlefield modes also affects the amount of Prestige awarded during Settlement.
10960000067	@{1}	@{1}
10960000202	mode. \n@{2}.There is a Chance that an Adventurer's true identity will be revealed.\n@{3}.Tree Hollow Chat maintains strict moderation. Adventurers must not post inappropriate content.	mode. \n@{2}.There is a Chance that an Adventurer's true identity will be revealed.\n@{3}.Tree Hollow Chat maintains strict moderation. Adventurers must not post inappropriate content.
10790000000	Deprecated—Do Not Configure	Deprecated—Do Not Configure
10790000001	Special Offers	Special Offers
10790000002	Trade	Trade
10790000003	Stall	Stall
10790000004	Poring	Poring
10790000005	Lunatic	Lunatic
10790000006	Fabre	Fabre
10790000007	Surprise Pack	Surprise Pack
10790000008	Mysterious Treasure Chest	Mysterious Treasure Chest
10790000009	Advanced Treasure Chest	Advanced Treasure Chest
10790000010	Deluxe Gift Box	Deluxe Gift Box
10790000011	Combine using Material Cost:	Combine using Material Cost:
10790000012	NPC Shop	NPC Shop
10790000013	Zeny Shop	Zeny Shop
10790000014	Coin Shop	Coin Shop
10790000015	Crystal Shop	Crystal Shop
10790000016	Supply Shop	Supply Shop
10790000017	Pet Shop	Pet Shop
10790000018	Card Shop	Card Shop
10790000019	Battle Royale Point Mall	Battle Royale Point Mall
10790000020	Spirit Tower Shop	Spirit Tower Shop
10790000021	Guild Shop	Guild Shop
10790000022	Monster Hunt Shop	Monster Hunt Shop
10790000023	Totem Shop	Totem Shop
10790000024	Magic Fashion	Magic Fashion
10790000025	Growth Handbook Sources	Growth Handbook Sources
10790000026	Combine	Combine
10790000027	Monster Hunt	Monster Hunt
10790000028	Phantom Realm	Phantom Realm
10790000029	Realm of the Gods	Realm of the Gods
10790000030	Spirit Tower	Spirit Tower
10790000031	Dismantle	Dismantle
10790000032	Survivor Battle	Survivor Battle
10790000033	Card Dismantling	Card Dismantling
10790000034	Obtain Crystals by participating daily	Obtain Crystals by participating daily
10790000035	Obtain Crystals after loading multiple times	Obtain Crystals after loading multiple times
10790000036	Treasure chests contain Crystals	Treasure chests contain Crystals
10790000037	Warm-Up Event Shop (Deprecated)	Warm-Up Event Shop (Deprecated)
10790000038	Dumby's Request	Dumby's Request
10790000039	Bonfire Party	Bonfire Party
10790000040	Commendation Vault	Commendation Vault
10790000041	Dracula's Bride	Dracula's Bride
10790000042	Chance to obtain from daily Participation Rewards (Deprecated)	Chance to obtain from daily Participation Rewards (Deprecated)
10790000043	Chance to obtain after multiple departures	Chance to obtain after multiple departures
10790000044	Chance to obtain from the final Activity Chest	Chance to obtain from the final Activity Chest
10790000045	Request resources from a specific friend (Deprecated)	Request resources from a specific friend (Deprecated)
10790000046	Send a request message in guild chat (Deprecated)	Send a request message in guild chat (Deprecated)
10790000047	Complete event Activity Quests	Complete event Activity Quests
10790000048	Collect and Combine Treasure Map Fragments (Deprecated)	Collect and Combine Treasure Map Fragments (Deprecated)
10790000049	Obtain by using a Normal treasure map to Dig (Deprecated)	Obtain by using a Normal treasure map to Dig (Deprecated)
10790000050	Purchase from the Trade Exchange	Purchase from the Trade Exchange
10790000051	Obtain from Outfit Draws	Obtain from Outfit Draws
10790000052	Soul Echo	Soul Echo
10790000053	Top Up	Top Up
10790000054	Complete Activity Quests	Complete Activity Quests
10790000055	Help others complete events (Deprecated)	Help others complete events (Deprecated)
10790000056	Sell	Sell
10790000057	Pet Hatching	Pet Hatching
10790000058	Guild Activities Event Quest	Guild Activities Event Quest
10790000059	Obtain through Life Skills	Obtain through Life Skills
10790000060	Season Exploration Event Shop (Deprecated)	Season Exploration Event Shop (Deprecated)
10790000061	Season Exploration Event (Deprecated)	Season Exploration Event (Deprecated)
10790000062	Season Exploration Event - Go to Map	Season Exploration Event - Go to Map
10790000063	Monster Drops Test (For Testing)	Monster Drops Test (For Testing)
12380100032	Successfully crafting an orange Metal item has a @{1}% Chance to grant @{2} Extra copies	Successfully crafting an orange Metal item has a @{1}% Chance to grant @{2} Extra copies
12380100033	Successfully crafting an orange engraved item has a @{1}% Chance to grant @{2} Extra copies	Successfully crafting an orange engraved item has a @{1}% Chance to grant @{2} Extra copies
12380100034	Successfully crafting an orange cloth item has a @{1}% Chance to grant @{2} Extra copies	Successfully crafting an orange cloth item has a @{1}% Chance to grant @{2} Extra copies
12380100035	Successful crafting has a @{1}% Chance to refund @{2} random types of materials used	Successful crafting has a @{1}% Chance to refund @{2} random types of materials used
12380100036	Crafting speed increases by @{1}%	Crafting speed increases by @{1}%
12380100037	Successful crafting grants @{1}% Extra crafting EXP	Successful crafting grants @{1}% Extra crafting EXP
12380100038	Successful crafting grants @{1} Extra Zeny	Successful crafting grants @{1} Extra Zeny
12380100039	Crafting has a @{1}% Chance to consume no materials	Crafting has a @{1}% Chance to consume no materials
12380100040	Crafting has a @{1}% Chance to consume no Vigor	Crafting has a @{1}% Chance to consume no Vigor
12380100041	Obtain Special Recipe - Crafting Set Mystery Box (Common)	Obtain Special Recipe - Crafting Set Mystery Box (Common)
12380100042	Obtain Special Recipe - Crafting Set Mystery Box (Fine)	Obtain Special Recipe - Crafting Set Mystery Box (Fine)
12380100043	Obtain Special Recipe - Crafting Set Mystery Box (Rare)	Obtain Special Recipe - Crafting Set Mystery Box (Rare)
12380100044	Obtain Special Recipe - Crafting Set Mystery Box (Legend)	Obtain Special Recipe - Crafting Set Mystery Box (Legend)
12380100045	Obtain Special Recipe - Crafting Set Mystery Box (Myth)	Obtain Special Recipe - Crafting Set Mystery Box (Myth)
12380100046	Max Vigor +@{1}	Max Vigor +@{1}
12380100047	All 【Output Tag】 skills produce @{1} Extra items	All 【Output Tag】 skills produce @{1} Extra items
12380100048	For every @{1} professions that reach Moonlit Challenger, Max Vigor +@{2}	For every @{1} professions that reach Moonlit Challenger, Max Vigor +@{2}
12380100049	For every @{1} professions that reach Grandmaster, Max Vigor +@{2}	For every @{1} professions that reach Grandmaster, Max Vigor +@{2}
12380100050	For every @{1} professions that reach Expert, Max Vigor +@{2}	For every @{1} professions that reach Expert, Max Vigor +@{2}
12380100051	For every @{1} professions that reach Adept, Max Vigor +@{2}	For every @{1} professions that reach Adept, Max Vigor +@{2}
12380100052	Chance for all 【Crafting Chance Tag】 skills increases by @{1}%	Chance for all 【Crafting Chance Tag】 skills increases by @{1}%
12380100053	Quality of all other skills +@{1}	Quality of all other skills +@{1}
12380100054	When Vigor drops to @{1}, there is a @{2}% Chance to restore @{3}% Vigor	When Vigor drops to @{1}, there is a @{2}% Chance to restore @{3}% Vigor
12380100055	Vigor Potion effectiveness increases by @{1}%	Vigor Potion effectiveness increases by @{1}%
12380100056	Gain @{1} Extra skill slots	Gain @{1} Extra skill slots
10620000000	Dear PlayerName	Dear PlayerName
10620000001	To the Lucky Investigator:	To the Lucky Investigator:
10620000002	To the heroic PlayerName who rescued me from the Ant Hell:	To the heroic PlayerName who rescued me from the Ant Hell:
10620000003	Hello, PlayerName:	Hello, PlayerName:
10620000004	Greetings, PlayerName:	Greetings, PlayerName:
10620000005	To the bumbling Investigator choking on our dust:	To the bumbling Investigator choking on our dust:
10620000006	Dear Adventurer:	Dear Adventurer:
10450000000	Choco	Choco
10450000001	Vocal	Vocal
10450000002	Wild Rose	Wild Rose
10450000003	Bobo	Bobo
10450000004	Rainbow Ferus	Rainbow Ferus
10450000005	Bongun	Bongun
10450000006	Lava Lizard	Lava Lizard
10450000007	Nepenthes	Nepenthes
10450000008	Forest Fairy	Forest Fairy
10450000009	Squidgitte	Squidgitte
10450000010	Alice the Maid	Alice the Maid
10450000011	Fox Immortal	Fox Immortal
10450000012	Baphomet Jr.	Baphomet Jr.
10450000013	Garm Baby	Garm Baby
10450000014	Ancient Tree	Ancient Tree
10450000015	Marionette	Marionette
10450000016	Goat	Goat
10450000017	Clock	Clock
10450000018	Scout Basilisk	Scout Basilisk
10450000019	Fruit Tree Turtle	Fruit Tree Turtle
10450000020	Silver Moon Witch	Silver Moon Witch
10450000021	Owl Baron	Owl Baron
10450000022	Ancient Mummy	Ancient Mummy
10450000023	Sarah Irene	Sarah Irene
10450000024	Alicel	Alicel
10450000025	High Orc	High Orc
10450000026	Cat o' Nine-Tail	Cat o' Nine-Tail
10450000027	Miguel	Miguel
10450000028	Zherlthsh	Zherlthsh
10450000029	Aliot	Aliot
10450000030	Bloody Butterfly	Bloody Butterfly
10450000031	Incubus	Incubus
10450000032	Nightmare	Nightmare
10450000033	Little Isis	Little Isis
10450000034	Daedre	Daedre
10450000035	Piamette	Piamette
10450000036	Angeling	Angeling
10450000037	Goddess of Hope	Goddess of Hope
10450000038	Female Warrior Lola	Female Warrior Lola
10450000039	Dullahan	Dullahan
10450000040	Elena Bokba	Elena Bokba
10450000041	Medusa	Medusa
10450000042	Hardened Rainbow Nightmare	Hardened Rainbow Nightmare
10450000043	Watcher	Watcher
10450000044	Retribution	Retribution
10450000045	Darkheart Hunter Eve	Darkheart Hunter Eve
10450000046	Corrupted Wander Man	Corrupted Wander Man
10450000047	Succubus	Succubus
10450000048	Death Witch	Death Witch
10450000049	One-Horned Radiant Chimera	One-Horned Radiant Chimera
10450000050	Wildcat Knight	Wildcat Knight
10450000051	Sohee	Sohee
10450000052	Raging Shinobi	Raging Shinobi
10450000053	Miyabi Doll	Miyabi Doll
10450000054	Hodremlin Sword	Hodremlin Sword
10450000055	Fairy	Fairy
12100000000	Beginner Emblem I	Beginner Emblem I
12100000001	Sprout Emblem I	Sprout Emblem I
12100000002	New Leaf Emblem I	New Leaf Emblem I
12100000003	Corolla Emblem I	Corolla Emblem I
12100000004	Ripe Fruit Emblem I	Ripe Fruit Emblem I
12100000005	Ripe Fruit Emblem II	Ripe Fruit Emblem II
12100000006	Emerald Garden Emblem I	Emerald Garden Emblem I
13750000000	Sprouting Stage	Sprouting Stage
13750000001	Juvenile Stage	Juvenile Stage
13750000002	Growth Stage	Growth Stage
13750000003	Mature Stage	Mature Stage
23000	Base Lv.: ${1}	Base Lv.: ${1}
23016	Cart Merchant	Cart Merchant
11520400000	^{1}^{2}^{3}Magic^{4}^{5}^{6}\n^{7}^{8}^{9}AoE^{10}^{11}^{12}	^{1}^{2}^{3}Magic^{4}^{5}^{6}\n^{7}^{8}^{9}AoE^{10}^{11}^{12}
11520400001	^{1}^{2}^{3}Physical^{4}^{5}^{6}\n^{7}^{8}^{9}Buff^{10}^{11}^{12}	^{1}^{2}^{3}Physical^{4}^{5}^{6}\n^{7}^{8}^{9}Buff^{10}^{11}^{12}
11520400002	^{1}^{2}^{3}Physical^{4}^{5}^{6}\n^{7}^{8}^{9}Ranged^{10}^{11}^{12}\n^{13}^{14}^{15}Buff^{16}^{17}^{18}	^{1}^{2}^{3}Physical^{4}^{5}^{6}\n^{7}^{8}^{9}Ranged^{10}^{11}^{12}\n^{13}^{14}^{15}Buff^{16}^{17}^{18}
11520400003	^{1}^{2}^{3}Physical^{4}^{5}^{6}\n^{7}^{8}^{9}Melee^{10}^{11}^{12}\n^{13}^{14}^{15}Control^{16}^{17}^{18}	^{1}^{2}^{3}Physical^{4}^{5}^{6}\n^{7}^{8}^{9}Melee^{10}^{11}^{12}\n^{13}^{14}^{15}Control^{16}^{17}^{18}
11520400004	^{1}^{2}^{3}Physical^{4}^{5}^{6}\n^{7}^{8}^{9}ST^{10}^{11}^{12}	^{1}^{2}^{3}Physical^{4}^{5}^{6}\n^{7}^{8}^{9}ST^{10}^{11}^{12}
11520400005	^{1}^{2}^{3}Physical^{4}^{5}^{6}\n^{7}^{8}^{9}AoE^{10}^{11}^{12}	^{1}^{2}^{3}Physical^{4}^{5}^{6}\n^{7}^{8}^{9}AoE^{10}^{11}^{12}
11520400006	^{1}^{2}^{3}Magic^{4}^{5}^{6}\n^{7}^{8}^{9}ST^{10}^{11}^{12}	^{1}^{2}^{3}Magic^{4}^{5}^{6}\n^{7}^{8}^{9}ST^{10}^{11}^{12}
11930000007	Ilma Tower: Extreme Speedrun	Ilma Tower: Extreme Speedrun
11930000008	Realm of the Gods · No-Revive Speedrun	Realm of the Gods · No-Revive Speedrun
11930000009	Genesis Movement	Genesis Movement
11930000010	Novice Challenge	Novice Challenge
11930000011	Novice Seven-Day Gifts	Novice Seven-Day Gifts
11930000012	Beginner's Handbook	Beginner's Handbook
11930000013	Ode to Echoes	Ode to Echoes
11930000014	Top 10 Guilds	Top 10 Guilds
11930000015	Season Preview Event	Season Preview Event
11930000016	Battle for Prontera	Battle for Prontera
11930000017	Dummy Challenge	Dummy Challenge
11930000018	Novice Monthly Pass	Novice Monthly Pass
11930000019	Pass I	Pass I
11930000020	Pass II	Pass II
11930000021	Feedback	Feedback
11930000022	Mining Star Treasure Hunt	Mining Star Treasure Hunt
11930000023	Novice Pool	Novice Pool
11930000024	S@{1} Large Card Pool	S@{1} Large Card Pool
11930000025	S@{1} Large Card Pool @{2}	S@{1} Large Card Pool @{2}
11930000026	S@{1} Small Card Pool @{2}	S@{1} Small Card Pool @{2}
11930000027	Test Always Display Pool @{1} - Open for @{2} Days from Launch	Test Always Display Pool @{1} - Open for @{2} Days from Launch
11930000028	Test Standard Pool @{1} - Days @{2}–@{3} After Launch	Test Standard Pool @{1} - Days @{2}–@{3} After Launch
11930000029	Test Limited-Time Pool @{1} - Open for @{2} Days from Launch	Test Limited-Time Pool @{1} - Open for @{2} Days from Launch
11930000030	Test Limited-Time Pool @{1} - Days @{2}–@{3} After Launch	Test Limited-Time Pool @{1} - Days @{2}–@{3} After Launch
11930000031	S@{1} Large Card Pool - New Version	S@{1} Large Card Pool - New Version
23214	-${1}%	-${1}%
23218	${1}	${1}
23256	${1}/${2}	${1}/${2}
220001	Attack	Attack
220002	Global Attack	Global Attack
220003	Defense	Defense
220004	Global Defense	Global Defense
23404	Lv.${1}	Lv.${1}
23409	Locate	Locate
23471	${1}/${2}	${1}/${2}
23473	MAX	MAX
23518	Lv. ${1}	Lv. ${1}
13350100000	Active in Guild Stronghold Battles, Escort Battles, and Siege Battles	Active in Guild Stronghold Battles, Escort Battles, and Siege Battles
23636	Lv. ${1}	Lv. ${1}
23709	-/-	-/-
23727	(No Translation Required)	(No Translation Required)
23728	(No Translation Required)	(No Translation Required)
11530100000	Load cargo for your guild and dispatch the Guild Caravan's freight wagon to earn abundant Personal Rewards and provide your guild with plenty of Guild Funds!	Load cargo for your guild and dispatch the Guild Caravan's freight wagon to earn abundant Personal Rewards and provide your guild with plenty of Guild Funds!
11530100001	Fight alongside your Pet to Challenge a tower teeming with Monsters and push your Floors to the limit!	Fight alongside your Pet to Challenge a tower teeming with Monsters and push your Floors to the limit!
11530100002	Find powerful MVP Monsters in the Field and participate in an MVP Kill to earn Rare rewards!	Find powerful MVP Monsters in the Field and participate in an MVP Kill to earn Rare rewards!
11530100003	Defeat Field Monsters to obtain Drop Rewards. Each day, the Eden Group grants Adventurers an Extra @{1} minutes of Bonus Time. Enable Bonus Time to obtain greatly increased Drop Rewards!	Defeat Field Monsters to obtain Drop Rewards. Each day, the Eden Group grants Adventurers an Extra @{1} minutes of Bonus Time. Enable Bonus Time to obtain greatly increased Drop Rewards!
11530100004	Life Skills are divided into 【Produce Professions】 and 【Crafting Professions】. Spend Vigor to gather resources throughout the open world, create advanced Consumables, participate in Trade, and Craft your own career path!	Life Skills are divided into 【Produce Professions】 and 【Crafting Professions】. Spend Vigor to gather resources throughout the open world, create advanced Consumables, participate in Trade, and Craft your own career path!
11530100005	Take on a high-Difficulty Season Theme Dungeon Challenge. A team of ^{1}at least @{1} Members^{2} is required to Enter. Work together to defeat a powerful boss and earn abundant rewards.	Take on a high-Difficulty Season Theme Dungeon Challenge. A team of ^{1}at least @{1} Members^{2} is required to Enter. Work together to defeat a powerful boss and earn abundant rewards.
11530100006	Enjoy thrilling battles between guilds~	Enjoy thrilling battles between guilds~
11530100007	Take on a Season Theme Dungeon Challenge. A party of ^{1}at least @{1} Members^{2} is required to Enter. Work together to defeat a powerful boss and earn abundant rewards.	Take on a Season Theme Dungeon Challenge. A party of ^{1}at least @{1} Members^{2} is required to Enter. Work together to defeat a powerful boss and earn abundant rewards.
11530100008	A reality show hosted by the Kafra Corporation. Participate Solo or as a team, get your opponents Captured, and claim the Grand Prize as the final victor!	A reality show hosted by the Kafra Corporation. Participate Solo or as a team, get your opponents Captured, and claim the Grand Prize as the final victor!
11530100009	Rally your guild's strength and crush the enemy formation in one fell swoop! Victory or defeat—it's up to you!	Rally your guild's strength and crush the enemy formation in one fell swoop! Victory or defeat—it's up to you!
11530100010	Head to the Guild Territory and join the Bonfire Party to earn tons of EXP!	Head to the Guild Territory and join the Bonfire Party to earn tons of EXP!
11530100011	Coming Soon	Coming Soon
11530100012	Ilmata, God of Nature	Ilmata, God of Nature
11530100013	An exhilarating @{1} VS @{2} showdown! Come join the Competition!	An exhilarating @{1} VS @{2} showdown! Come join the Competition!
11530100014	The Eden Group has provided special Clues. Adventurers can choose any Misc activity they like and participate to earn commendations from the Eden Group.	The Eden Group has provided special Clues. Adventurers can choose any Misc activity they like and participate to earn commendations from the Eden Group.
11530100015	Due to temporal and spatial instability (related to the setting), strange rifts have begun appearing in the Field at fixed times. If left open too long, dangerous Monsters will emerge from them. To preserve peace across the continent, the kingdom has commissioned the Eden Group to Post Gold-rank adventure requests, calling on experienced Adventurers to enter the rifts, defeat the Monsters, and Repair the rifts.	Due to temporal and spatial instability (related to the setting), strange rifts have begun appearing in the Field at fixed times. If left open too long, dangerous Monsters will emerge from them. To preserve peace across the continent, the kingdom has commissioned the Eden Group to Post Gold-rank adventure requests, calling on experienced Adventurers to enter the rifts, defeat the Monsters, and Repair the rifts.
11530100016	Hidden Treasure PVP Placeholder	Hidden Treasure PVP Placeholder
11530100017	The Spirit Tower has no Attempt Restriction, so you can challenge it as many times as you want—as long as you can handle it! If you cannot clear it, try again tomorrow!	The Spirit Tower has no Attempt Restriction, so you can challenge it as many times as you want—as long as you can handle it! If you cannot clear it, try again tomorrow!
11530100018	Rally your guild's strength and crush the enemy formation in one fell swoop! Victory or defeat—it's up to you!!	Rally your guild's strength and crush the enemy formation in one fell swoop! Victory or defeat—it's up to you!!
11530100019	Daily Tavern Quests	Daily Tavern Quests
11530100020	Load the Guild Caravan's cargo to earn tons of rewards!	Load the Guild Caravan's cargo to earn tons of rewards!
11530100021	Phantom Realm dungeons accumulate over the course of each Season. A team of ^{1}at least @{1} Members^{2} is required to enter.	Phantom Realm dungeons accumulate over the course of each Season. A team of ^{1}at least @{1} Members^{2} is required to enter.
11530100022	This Season-themed, high-difficulty dungeon challenge requires a party of ^{1}at least @{1} Members^{2} to enter.	This Season-themed, high-difficulty dungeon challenge requires a party of ^{1}at least @{1} Members^{2} to enter.
11530100023	A reality show hosted by the Kafra Corporation, with a grand prize awaiting the ultimate winner!	A reality show hosted by the Kafra Corporation, with a grand prize awaiting the ultimate winner!
11530100024	Join the Bonfire Party at the Guild Base during the Event Period to complete the quest.	Join the Bonfire Party at the Guild Base during the Event Period to complete the quest.
11530100025	Dracula has come to claim a bride!	Dracula has come to claim a bride!
11530100026	Fight the captured Monsters and show off your guild's strength!	Fight the captured Monsters and show off your guild's strength!
11530100027	【Guild Auction Dividend Eligibility】 (This event is not displayed in the UI and is used solely for Guild Auction eligibility checks.)	【Guild Auction Dividend Eligibility】 (This event is not displayed in the UI and is used solely for Guild Auction eligibility checks.)
11530100028	【Watering】 Water the Adventure Party's sapling once.	【Watering】 Water the Adventure Party's sapling once.
11530100029	【Challenge】 Defeat an MVP with any Member of your Adventure Party.	【Challenge】 Defeat an MVP with any Member of your Adventure Party.
11530100030	【Challenge】 Clear any Phantom Realm with at least @{1} other Members of your Adventure Party.	【Challenge】 Clear any Phantom Realm with at least @{1} other Members of your Adventure Party.
11530100031	【Challenge】 Clear any Realm of the Gods with at least @{1} other Members of your Adventure Party.	【Challenge】 Clear any Realm of the Gods with at least @{1} other Members of your Adventure Party.
11530100032	[Competition] Complete Kafra: Battle of the Survivors with at least @{1} Member from your Adventure Party	[Competition] Complete Kafra: Battle of the Survivors with at least @{1} Member from your Adventure Party
11530100033	Festival Invitation	Festival Invitation
11530100034	Accept the Daily Requests Posted by Dazed and complete them to earn abundant rewards and try your LUK at the prize wheel!	Accept the Daily Requests Posted by Dazed and complete them to earn abundant rewards and try your LUK at the prize wheel!
11530100035	Mock Battle	Mock Battle
24021	Call Mio!!	Call Mio!!
24036	Are you sure you want to Call Mio!! this party member?	Are you sure you want to Call Mio!! this party member?
24063	AFK	AFK
24110	Placement confirmation	Placement confirmation
24117	0%	0%
24118	25%	25%
24119	50%	50%
24120	75%	75%
24121	100%	100%
24125	N/A	N/A
24163	LV.	LV.
24200	Lv.${1}~Lv.${2}	Lv.${1}~Lv.${2}
24204	Start a raid Placement confirmation?	Start a raid Placement confirmation?
24205	Start Raid Placement confirmation	Start Raid Placement confirmation
24231	Parties cannot Request to Join during Misc.	Parties cannot Request to Join during Misc.
24232	The Party Leader role cannot be transferred during Misc.	The Party Leader role cannot be transferred during Misc.
24233	Cannot invite players to Join the party in Misc	Cannot invite players to Join the party in Misc
24234	Players cannot be removed from the party in Misc	Players cannot be removed from the party in Misc
11420000000	Make a total of @{1} draws from the permanent pool this Season	Make a total of @{1} draws from the permanent pool this Season
11420000001	Beginner Scholar-@{1}	Beginner Scholar-@{1}
11420000002	Rookie Scholar-@{1}	Rookie Scholar-@{1}
11420000003	Dedicated Scholar-@{1}	Dedicated Scholar-@{1}
11420000004	Erudite Scholar-@{1}	Erudite Scholar-@{1}
11420000005	Learned Moonlit Challenger-@{1}	Learned Moonlit Challenger-@{1}
11420000006	Kafra · Battle of the Survivors Rank Reward	Kafra · Battle of the Survivors Rank Reward
11420000007	Daily Activity Point Reward I	Daily Activity Point Reward I
11420000008	Daily Activity Point Reward II	Daily Activity Point Reward II
11420000009	Tier 3 Daily Activity Reward	Tier 3 Daily Activity Reward
11420000010	Daily Activity Point Reward Tier 4	Daily Activity Point Reward Tier 4
11420000011	Tier 5 Daily Activity Reward	Tier 5 Daily Activity Reward
11420000012	Season Treasure Hunt Stage 1 Reward	Season Treasure Hunt Stage 1 Reward
11420000013	Season Treasure Hunt Event Tier 2 Reward	Season Treasure Hunt Event Tier 2 Reward
11420000014	Season Treasure Hunt Event Tier 3 Reward	Season Treasure Hunt Event Tier 3 Reward
11420000015	Season Treasure Hunt Event Tier 4 Reward	Season Treasure Hunt Event Tier 4 Reward
11420000016	Season Treasure Hunt Event Tier 5 Reward	Season Treasure Hunt Event Tier 5 Reward
11420000017	Guild Weekly Activity Reward Tier 1	Guild Weekly Activity Reward Tier 1
11420000018	Guild Weekly Activity Reward II	Guild Weekly Activity Reward II
11420000019	Guild Weekly Activity Reward Tier 3	Guild Weekly Activity Reward Tier 3
11420000020	Guild Weekly Activity Reward Tier 4	Guild Weekly Activity Reward Tier 4
11420000021	Guild Weekly Activity Reward Tier 5	Guild Weekly Activity Reward Tier 5
90103	<color=#887968>${1}</color>/${2}	<color=#887968>${1}</color>/${2}
90161	Eastern Forest	Eastern Forest
90162	Northern Mountains	Northern Mountains
90163	Western Desert	Western Desert
90166	In the orange and black zones of the 【Realm Map】, the longer you stay and the more players you Kill, the more 【Fatigue】 Floors you accumulate.\nFatigue 【reduces damage dealt】 and 【increases damage taken】. These effects become stronger at higher Floors.\nUpon reaching the Fatigue limit (20 Floors), you will be 【forcibly warped back to Prontera】 and lose 1 Floor of Fatigue.\nAfter leaving an orange or black zone, Fatigue will 【gradually decrease】 over time, even while offline.	In the orange and black zones of the 【Realm Map】, the longer you stay and the more players you Kill, the more 【Fatigue】 Floors you accumulate.\nFatigue 【reduces damage dealt】 and 【increases damage taken】. These effects become stronger at higher Floors.\nUpon reaching the Fatigue limit (20 Floors), you will be 【forcibly warped back to Prontera】 and lose 1 Floor of Fatigue.\nAfter leaving an orange or black zone, Fatigue will 【gradually decrease】 over time, even while offline.
90244	${1}+	${1}+
11190100124	Score	Score
11250000071	PATK	PATK
11250000072	MDEF	MDEF
11250000073	PDEF	PDEF
11250000074	Life	Life
11250000075	Physical Penetration	Physical Penetration
11250000076	Magic Penetration	Magic Penetration
11250000077	HIT	HIT
11250000078	FLEE	FLEE
11250000079	Neutral Resistance	Neutral Resistance
11250000080	Wind Resistance	Wind Resistance
11250000081	Earth Property Resistance	Earth Property Resistance
11250000082	Fire Resistance	Fire Resistance
11250000083	Water Resistance	Water Resistance
11250000084	Poison Resistance	Poison Resistance
11250000085	Holy Resistance	Holy Resistance
11250000086	Shadow Resistance	Shadow Resistance
11250000087	Ghost Property Resistance	Ghost Property Resistance
11250000088	Undead Property Resistance	Undead Property Resistance
11250000089	DMG vs All Job	DMG vs All Job
11250000090	DMG Reduction vs All Job	DMG Reduction vs All Job
11250000091	Hunting Mastery	Hunting Mastery
11250000092	Hunting Protection	Hunting Protection
11250000093	CRIT	CRIT
11250000094	CRIT DMG	CRIT DMG
11250000095	CRIT RES	CRIT RES
11250000096	CRIT DMG Reduction	CRIT DMG Reduction
25135	ID	ID
25277	Charisma Baby	Charisma Baby
25344	<color=#ff0000>${1}</color>/${2}	<color=#ff0000>${1}</color>/${2}
25445	Royal Caravan	Royal Caravan
25446	Wandering Caravan	Wandering Caravan
25512	<color=${1}><sprite name="${2}">${3}</color>	<color=${1}><sprite name="${2}">${3}</color>
10620200000	The Academy has witnessed the growth and potential you have shown throughout your journey. Now, you have reached a pivotal point on your path to power—the time has come for your second class advancement.\nWe cordially invite you to return to Kratu Academy and choose your specialized path. This advancement will determine your future development and shape your combat style and calling.\nI will await your arrival at the Academy so that we may embark on this new journey together.	The Academy has witnessed the growth and potential you have shown throughout your journey. Now, you have reached a pivotal point on your path to power—the time has come for your second class advancement.\nWe cordially invite you to return to Kratu Academy and choose your specialized path. This advancement will determine your future development and shape your combat style and calling.\nI will await your arrival at the Academy so that we may embark on this new journey together.
10620200001	This is a test note	This is a test note
10620200002	I can't believe you managed to slip away from Moonlight Flower. You've got some skill after all, unlike the fools who came before you.\nIt seems you've barely passed the first round of our carefully designed "qualification test." After all, anyone who can't even play the game has no right to challenge us.\nBut don't get cocky. That was just a warm-up. If you truly think you have what it takes to stand against us, come settle this at the Sandsea Labyrinth in South Morroc (exact coordinates: @{1}, @{2}).\nWe solemnly swear that we will keep our word this time and face you in a fair fight!\nP.S. If you lose, everything you're carrying belongs to us. The victor deserves to take all.	I can't believe you managed to slip away from Moonlight Flower. You've got some skill after all, unlike the fools who came before you.\nIt seems you've barely passed the first round of our carefully designed "qualification test." After all, anyone who can't even play the game has no right to challenge us.\nBut don't get cocky. That was just a warm-up. If you truly think you have what it takes to stand against us, come settle this at the Sandsea Labyrinth in South Morroc (exact coordinates: @{1}, @{2}).\nWe solemnly swear that we will keep our word this time and face you in a fair fight!\nP.S. If you lose, everything you're carrying belongs to us. The victor deserves to take all.
10620200003	I hope you can spare a moment. Ever since I heard about you riding a giant ant through the nest, I haven't been able to get that incredible image out of my mind. Drawing on our... ahem, less-than-pleasant shared experience, I successfully reverse-engineered a unique pheromone from the remaining Ant Queen carapace samples. I believe I've found the "key" to recreating your extraordinary feat!\nThis is an absolutely fascinating case study in biology, and I urgently need a witness. Please meet me in the woods near Prontera West Gate.\nOne more thing: If it's not too much trouble, could you bring me a sandwich on your way? My lunch has disappeared again.	I hope you can spare a moment. Ever since I heard about you riding a giant ant through the nest, I haven't been able to get that incredible image out of my mind. Drawing on our... ahem, less-than-pleasant shared experience, I successfully reverse-engineered a unique pheromone from the remaining Ant Queen carapace samples. I believe I've found the "key" to recreating your extraordinary feat!\nThis is an absolutely fascinating case study in biology, and I urgently need a witness. Please meet me in the woods near Prontera West Gate.\nOne more thing: If it's not too much trouble, could you bring me a sandwich on your way? My lunch has disappeared again.
10620200004	I sent letters to both Professor Ryan and the Captain, but neither has responded. I suspect you're probably with them, so I'm sending this letter directly to you.\nTo make a long story short, we have a difficult situation. A caravan traveling overland from Juno with an important package for the Professor was attacked by Baphomet near the edge of the forest—again. The cargo is currently missing, but fortunately, most of the caravan members suffered only minor injuries and made it back safely.\nThis matter must be handled as soon as possible. If you can, please make sure the Professor and the Captain hear about it.\nI've enclosed the exact location and details with this letter.	I sent letters to both Professor Ryan and the Captain, but neither has responded. I suspect you're probably with them, so I'm sending this letter directly to you.\nTo make a long story short, we have a difficult situation. A caravan traveling overland from Juno with an important package for the Professor was attacked by Baphomet near the edge of the forest—again. The cargo is currently missing, but fortunately, most of the caravan members suffered only minor injuries and made it back safely.\nThis matter must be handled as soon as possible. If you can, please make sure the Professor and the Captain hear about it.\nI've enclosed the exact location and details with this letter.
10620200005	An interesting bounty was recently posted on the Prontera bulletin board. It's about an elusive band of Thieves. Those old sticks-in-the-mud in the guard have been investigating for ages without finding a single lead, and I thought this case would be right up your alley.\nThe pay is good, but more importantly, my instincts tell me there's more to this than meets the eye. You're resourceful, so I trust you to investigate it.\nI've already spoken to the guards, so just go take a look at the bounty notice. Follow the trail wherever it leads, and if you need any help, come find me at Eden Group anytime.	An interesting bounty was recently posted on the Prontera bulletin board. It's about an elusive band of Thieves. Those old sticks-in-the-mud in the guard have been investigating for ages without finding a single lead, and I thought this case would be right up your alley.\nThe pay is good, but more importantly, my instincts tell me there's more to this than meets the eye. You're resourceful, so I trust you to investigate it.\nI've already spoken to the guards, so just go take a look at the bounty notice. Follow the trail wherever it leads, and if you need any help, come find me at Eden Group anytime.
10620200006	Your pathetic attempt at sneaking around is downright painful to watch! What makes a Mouse hiding in the shadows like you think you're worthy of tracking the Z Group?\nYour relentless pursuit may be laughable, but at least you've shown a little courage. In our boundless mercy, we've decided to give you a chance to settle this face-to-face.\nIf you don't want to spend your life as a coward who does nothing but chase rumors around town, come alone to the pond in Southern Payon. We'll be waiting to show you what true power looks like.\nOf course, if you're scared, feel free to keep hiding in your shell!	Your pathetic attempt at sneaking around is downright painful to watch! What makes a Mouse hiding in the shadows like you think you're worthy of tracking the Z Group?\nYour relentless pursuit may be laughable, but at least you've shown a little courage. In our boundless mercy, we've decided to give you a chance to settle this face-to-face.\nIf you don't want to spend your life as a coward who does nothing but chase rumors around town, come alone to the pond in Southern Payon. We'll be waiting to show you what true power looks like.\nOf course, if you're scared, feel free to keep hiding in your shell!
10620200007	After our last adventure in the desert, we've built an exceptionally solid foundation of trust.\nThe lovely Miss Aiquni told me that I could send any future requests your way and put you to work however I pleased. The more I thought about it, the more I liked the idea of making you my assistant for a while.\nCome find me near the fountain. I have an extremely urgent matter that requires your help.	After our last adventure in the desert, we've built an exceptionally solid foundation of trust.\nThe lovely Miss Aiquni told me that I could send any future requests your way and put you to work however I pleased. The more I thought about it, the more I liked the idea of making you my assistant for a while.\nCome find me near the fountain. I have an extremely urgent matter that requires your help.
10620200008	Hello. I'm almost finished repairing the equipment those blasted little thieves damaged, but first I need your help. It's extremely urgent, so come see me right now!	Hello. I'm almost finished repairing the equipment those blasted little thieves damaged, but first I need your help. It's extremely urgent, so come see me right now!
10680100000	Job Advance Scene	Job Advance Scene
10680100001	Unknown Area	Unknown Area
10680100002	Test Instance	Test Instance
10680100003	Prontera West Gate	Prontera West Gate
10680100004	Prontera North Gate	Prontera North Gate
10680100005	Adventure Party Creation Instance	Adventure Party Creation Instance
10680100006	Rainbow Koi Dungeon	Rainbow Koi Dungeon
10680100007	Izlude	Izlude
10680100008	Royal Palace	Royal Palace
10680100009	Culvert Floor @{1}	Culvert Floor @{1}
10680100010	Payon	Payon
10680100011	Southern Payon	Southern Payon
10680100012	Eastern Payon	Eastern Payon
10680100013	Payon Forest	Payon Forest
10680100014	Payon Instance	Payon Instance
10680100015	Geffen	Geffen
10680100016	Multiplayer PvP	Multiplayer PvP
10680100017	Goblin Forest	Goblin Forest
10680100018	Geffen East Gate	Geffen East Gate
10680100019	Desert Crossroad	Desert Crossroad
10680100020	Ant Hell	Ant Hell
10680100021	Spirit Tower	Spirit Tower
10680100022	Battleground of the Gods	Battleground of the Gods
10680100023	RO Survivors	RO Survivors
10680100024	Sky Realm	Sky Realm
10680100025	Underground Kingdom	Underground Kingdom
10680100026	Training Ground	Training Ground
10680100027	Guild League - Main Battlefield	Guild League - Main Battlefield
10680100028	Guild League - Sub-Battlefield	Guild League - Sub-Battlefield
10680100029	Shine! Alpaca Girl	Shine! Alpaca Girl
10680100030	Mock Battle - Registration Phase	Mock Battle - Registration Phase
10680100031	Mock Battle	Mock Battle
10680100032	War of Emperium	War of Emperium
10680100033	Multilevel Pathfinding	Multilevel Pathfinding
10680100034	Stronghold Battle	Stronghold Battle
10680100035	Eastern Prontera State Capital	Eastern Prontera State Capital
10680100036	Western Prontera State Capital	Western Prontera State Capital
10680100037	Southern Prontera State Capital	Southern Prontera State Capital
10680100038	Eastern Geffen State Capital	Eastern Geffen State Capital
10680100039	Western Geffen State Capital	Western Geffen State Capital
10680100040	Southern Geffen State Capital	Southern Geffen State Capital
10680100041	Eastern Payon State Capital	Eastern Payon State Capital
10680100042	Western Payon State Capital	Western Payon State Capital
10680100043	Southern Payon State Capital	Southern Payon State Capital
10680100044	Eastern Morroc State Capital	Eastern Morroc State Capital
10680100045	Western Morroc State Capital	Western Morroc State Capital
10680100046	South Morroc State Capital	South Morroc State Capital
10680100047	Eastern Izlude State Capital	Eastern Izlude State Capital
10680100048	Western Izlude State Capital	Western Izlude State Capital
10680100049	Southern Izlude State Capital	Southern Izlude State Capital
10680100050	Eastern Alberta State Capital	Eastern Alberta State Capital
10680100051	Western Alberta State Capital	Western Alberta State Capital
10680100052	Southern Alberta State Capital	Southern Alberta State Capital
10680100053	Territory War Grid - @{1}	Territory War Grid - @{1}
10680100054	Stronghold Battle White Box	Stronghold Battle White Box
10680100055	Kafra - Battle for Survival	Kafra - Battle for Survival
10680100056	Treasure Chamber	Treasure Chamber
10680100057	Stage Test Blueprint	Stage Test Blueprint
10680100058	Dragon Hunt	Dragon Hunt
10680100059	Seal Defense Battle	Seal Defense Battle
10680100060	Battle of Dragon Coffin Island	Battle of Dragon Coffin Island
10680100061	Dracula's Lair	Dracula's Lair
10680100062	Sky Temple (Test)	Sky Temple (Test)
10680100063	Battle in the Sea of Clouds (Test)	Battle in the Sea of Clouds (Test)
10680100064	Hope Beach (Test)	Hope Beach (Test)
10680100065	Chaos Realm (Test)	Chaos Realm (Test)
10680100066	Temple of Cadence	Temple of Cadence
10680100067	Above the Sea of Clouds	Above the Sea of Clouds
10680100068	Wailing Tidal Flats	Wailing Tidal Flats
10680100069	Chaos Court	Chaos Court
10680100070	Whaleback Chute	Whaleback Chute
10680100071	Giantbone Wastes	Giantbone Wastes
10680100072	Battle in the Sea of Clouds - Spiral Slide	Battle in the Sea of Clouds - Spiral Slide
10680100073	S@{1}-GVE-@{2}boss	S@{1}-GVE-@{2}boss
10680100074	Realm of the Gods	Realm of the Gods
10680100075	S@{1} 10-Player Dungeon No. @{2}	S@{1} 10-Player Dungeon No. @{2}
10680100076	S@{1}10-Player Raid No. @{2}-@{3}	S@{1}10-Player Raid No. @{2}-@{3}
10680100077	Stronghold Battle-@{1}	Stronghold Battle-@{1}
10680100078	Orc Village	Orc Village
10680100079	Silent Ship	Silent Ship
10680100080	Mt. Mjolnir	Mt. Mjolnir
10680100081	Culvert	Culvert
10680100082	Ant Hell	Ant Hell
10680100083	Pyramid Maze	Pyramid Maze
10680100084	Pharaoh	Pharaoh
10680100085	Moonlight Flower	Moonlight Flower
10680100086	Baphomet	Baphomet
10680100087	Gryphon	Gryphon
10680100088	Dark Priest	Dark Priest
10680100089	Vocal	Vocal
10680100090	Maya	Maya
10680100091	Orc Hero	Orc Hero
10680100092	Eddga	Eddga
10680100093	Osiris	Osiris
10680100094	Pirate Captain	Pirate Captain
10680100095	Guild	Guild
10680100096	Ring Test	Ring Test
10680100097	MVP Role-Playing Party	MVP Role-Playing Party
10680100098	Boss Challenge	Boss Challenge
10740000003	Splash	Splash
10740000004	Multi-hit	Multi-hit
10740000005	Neutral	Neutral
10740000006	Wind	Wind
10740000007	Earth	Earth
10740000008	Fire	Fire
10740000009	Water	Water
10740000010	Poison	Poison
10740000011	Holy	Holy
10740000012	Shadow	Shadow
10740000013	Ghost	Ghost
10740000014	Undead	Undead
10740000015	Revive	Revive
10740000016	Healing	Healing
10740000017	Control	Control
10740000018	Shield	Shield
10740000019	Buff	Buff
10740000020	Debuff	Debuff
10740000021	Damage over Time	Damage over Time
10740000022	Summon	Summon
10740000023	Immunity	Immunity
10740000024	Burst	Burst
10740000025	Orbit	Orbit
10740000026	Transform	Transform
10740000027	Movement	Movement
10740000028	Active	Active
10740000029	Passive	Passive
10740000030	Stealth	Stealth
10740000031	Break Stealth	Break Stealth
10740000032	Detect Stealth	Detect Stealth
10740000033	Support	Support
10740000034	Bow	Bow
10740000035	Main Combat - Assault	Main Combat - Assault
10740000036	Main - Buff	Main - Buff
10740000037	Main Combat - Debuff	Main Combat - Debuff
10740000038	Main Battle - Recovery	Main Battle - Recovery
10740000039	Main Combat - Shield	Main Combat - Shield
10740000040	Main Battle - Control	Main Battle - Control
10740000041	Main Combat - Control Immunity	Main Combat - Control Immunity
10740000042	Main Battle - Control Removal	Main Battle - Control Removal
10740000043	Pet Protection Access	Pet Protection Access
10740000044	Pet Protection Actual Effect Trigger - Output	Pet Protection Actual Effect Trigger - Output
10740000045	Pet Protection Effect Trigger - Buff	Pet Protection Effect Trigger - Buff
10740000046	Pet Protection Effect Triggered - Debuff	Pet Protection Effect Triggered - Debuff
10740000047	Pet Protection Effect Triggered - Recovery	Pet Protection Effect Triggered - Recovery
10740000048	Pet Protection Effect Trigger - Shield	Pet Protection Effect Trigger - Shield
10740000049	Pet Protection Effect Triggered - Crowd Control	Pet Protection Effect Triggered - Crowd Control
10740000050	Pet Protection Effect Triggered - Control Immunity	Pet Protection Effect Triggered - Control Immunity
10740000051	Pet Protection Effect Triggered - Remove Control	Pet Protection Effect Triggered - Remove Control
10740000052	Pet Protection: Actual Effect Trigger	Pet Protection: Actual Effect Trigger
10740000053	Yggdrasil Totem	Yggdrasil Totem
10740000054	Pet Skill	Pet Skill
10740000055	Upgrade	Upgrade
10740000056	Dispel	Dispel
12390000000	Card: Lunatic	Card: Lunatic
12390000001	Card: Savage Babe	Card: Savage Babe
12390000002	Card: Fabre	Card: Fabre
12390000003	Card: Drops	Card: Drops
12390000004	Card: Familiar	Card: Familiar
12390000005	Card: Thief Bug Female	Card: Thief Bug Female
12390000006	Card: Skeleton	Card: Skeleton
12390000007	Card: Magnolia	Card: Magnolia
12390000008	Card: Hornet	Card: Hornet
12390000009	Card: Beetle King	Card: Beetle King
12390000010	Card: Zenorc	Card: Zenorc
12390000011	Card: Driller	Card: Driller
12390000012	Card: Mummy	Card: Mummy
12390000013	Card: Ambernite	Card: Ambernite
12390000014	Card: Thief Bug Egg	Card: Thief Bug Egg
12390000015	Card: Ant Egg	Card: Ant Egg
26000	MVP	MVP
12390000074	Card: Anubis	Card: Anubis
12390000075	Card: Savage	Card: Savage
12390000076	Card: Steel Chonchon	Card: Steel Chonchon
12390000077	Card: Peco Peco	Card: Peco Peco
12390000078	Card: Cornutus	Card: Cornutus
12390000079	Card: Whisper	Card: Whisper
12390000080	Card: Marse	Card: Marse
12390000081	Card: Choco	Card: Choco
12390000082	Card: Isis	Card: Isis
12390000083	Card: Dustiness	Card: Dustiness
12390000084	Card: Hode	Card: Hode
12390000085	Card: Myst	Card: Myst
12390000086	Card: Frilldora	Card: Frilldora
12390000087	Card: Jakk	Card: Jakk
12390000088	Card: Marionette	Card: Marionette
12390000089	Card: Baphomet Jr.	Card: Baphomet Jr.
12390000090	Card: Orc Zombie	Card: Orc Zombie
12390000091	Card: Merman	Card: Merman
12390000092	Card: Sohee	Card: Sohee
12390000093	Card: Wild Rose	Card: Wild Rose
12390000094	Card: Raggler	Card: Raggler
12390000095	Card: Vitata	Card: Vitata
12390000096	Card: Smokie	Card: Smokie
12390000097	Card: Marine Sphere	Card: Marine Sphere
12390000098	Card: Horong	Card: Horong
12390000099	Card: Bongun	Card: Bongun
12390000100	Card: Greatest General	Card: Greatest General
12390000101	Card: Mimic	Card: Mimic
12390000102	Card: Zerom	Card: Zerom
12390000103	Card: Mantis	Card: Mantis
12390000104	Card: Stem Worm	Card: Stem Worm
12390000105	Card: Kobold	Card: Kobold
12390000106	Card: Wraith	Card: Wraith
12390000107	Card: Wind Ghost	Card: Wind Ghost
12390000108	Card: Marin	Card: Marin
12390000109	Card: Kukre	Card: Kukre
12390000110	Card: Grove	Card: Grove
12390000111	Card: Alligator	Card: Alligator
12390000112	Card: Coco	Card: Coco
12390000113	Card: Martin	Card: Martin
12390000114	Card: Ladybug	Card: Ladybug
12390000115	Sketch Card: Orc Hero	Sketch Card: Orc Hero
12390000116	Sketch Card: Mistress	Sketch Card: Mistress
12390000117	Sketch Card: Pharaoh	Sketch Card: Pharaoh
12390000118	Sketch Card: Baphomet	Sketch Card: Baphomet
12390000119	Sketch Card: Golden Thief Bug	Sketch Card: Golden Thief Bug
12390000120	Sketch Card: Maya	Sketch Card: Maya
12390000121	Sketch Card: Deviling	Sketch Card: Deviling
12390000122	Sketch Card: Osiris	Sketch Card: Osiris
12390000123	Sketch Card: Eddga	Sketch Card: Eddga
12390000124	Card: Elder Willow	Card: Elder Willow
12390000125	Sketch Card: Moonlight Flower	Sketch Card: Moonlight Flower
12390000126	Sketch Card: Angeling	Sketch Card: Angeling
12390000127	Sketch Card: Orc Lord	Sketch Card: Orc Lord
12390000128	Sketch Card: Drake	Sketch Card: Drake
12390000129	Sketch Card: Phreeoni	Sketch Card: Phreeoni
12390000130	Sketch Card: Dracula	Sketch Card: Dracula
12390000131	Sketch Card: Doppelganger	Sketch Card: Doppelganger
12390000132	Sketch Card: Goblin Leader	Sketch Card: Goblin Leader
12390000133	Sketch Card: Kraken	Sketch Card: Kraken
12390000134	Card: Ghoul	Card: Ghoul
12390000135	Card: Cramp	Card: Cramp
12390000136	Card: Soldier Skeleton	Card: Soldier Skeleton
12390000137	Card: Rotar Zairo	Card: Rotar Zairo
12390000138	Card: Archer Skeleton	Card: Archer Skeleton
12390000139	Card: Goblin Archer	Card: Goblin Archer
12390000140	Card: Hydra	Card: Hydra
12390000141	Card: Minorous	Card: Minorous
12390000142	Card: Goblin Steamrider	Card: Goblin Steamrider
12390000143	Card: Side Winder	Card: Side Winder
12390000144	Card: Skeleton Worker	Card: Skeleton Worker
12390000145	Card: Gryphon	Card: Gryphon
12390000146	Card: Kobold Archer	Card: Kobold Archer
12390000147	Card: Kobold Leader	Card: Kobold Leader
12390000148	Card: Dark Priest	Card: Dark Priest
12390000149	Card: Desert Wolf	Card: Desert Wolf
12390000150	Card: Squidgitte	Card: Squidgitte
12390000151	Card: Horn	Card: Horn
12390000152	Card: Thara Frog	Card: Thara Frog
12390000153	Card: Sasquatch	Card: Sasquatch
12390000154	Card: Sandman	Card: Sandman
12390000155	Card: Marc	Card: Marc
12390000156	Card: Swordfish	Card: Swordfish
12390000157	Card: Dokebi	Card: Dokebi
12390000158	Card: Argiope	Card: Argiope
12390000159	Card: Pasana	Card: Pasana
12390000160	Card: Ghostring	Card: Ghostring
12390000161	Card: Pot Dofle	Card: Pot Dofle
12390000162	Card: Killer Mantis	Card: Killer Mantis
12390000163	Card: Eclipse	Card: Eclipse
12390000164	Card: Vocal	Card: Vocal
12390000165	Card: Toad	Card: Toad
12390000166	Card: Dragon Fly	Card: Dragon Fly
12390000167	Card: Mastering	Card: Mastering
12390000168	Card: Orc Baby	Card: Orc Baby
12390000169	Card: Vagabond Wolf	Card: Vagabond Wolf
12390000170	Card: Nine-Tail	Card: Nine-Tail
12390000171	Card: Creamy Fear	Card: Creamy Fear
12390000172	Card: Verit	Card: Verit
12390000173	Card: Matyr	Card: Matyr
12390000174	Card: Cat o' Nine-Tail	Card: Cat o' Nine-Tail
12390000175	Card: Creamy	Card: Creamy
12390000176	Card: Obeaune	Card: Obeaune
12390000177	Card: Pirate Skeleton	Card: Pirate Skeleton
12390000178	Card: Orc Archer	Card: Orc Archer
12390000179	Card: Phen	Card: Phen
12390000180	Card: Giearth	Card: Giearth
12390000181	Card: Marduk	Card: Marduk
12390000182	Card: Nightmare	Card: Nightmare
12390000183	Card: Deviruchi	Card: Deviruchi
12390000184	Card: Maya Purple	Card: Maya Purple
12390000185	Portrait Card: Orc Hero	Portrait Card: Orc Hero
12390000186	Portrait Card: Mistress	Portrait Card: Mistress
12390000187	Portrait Card: Pharaoh	Portrait Card: Pharaoh
12390000188	Portrait Card: Baphomet	Portrait Card: Baphomet
12390000189	Portrait Card: Golden Thief Bug	Portrait Card: Golden Thief Bug
12390000190	Portrait Card: Maya	Portrait Card: Maya
12390000191	Portrait Card: Deviling	Portrait Card: Deviling
12390000192	Portrait Card: Osiris	Portrait Card: Osiris
12390000193	Portrait Card: Eddga	Portrait Card: Eddga
12390000194	Card: Argos	Card: Argos
12390000195	Card: King Dramoh	Card: King Dramoh
12390000196	Portrait Card: Moonlight Flower	Portrait Card: Moonlight Flower
12390000197	Portrait Card: Angeling	Portrait Card: Angeling
12390000198	Portrait Card: Orc Lord	Portrait Card: Orc Lord
12390000199	Portrait Card: Drake	Portrait Card: Drake
12390000200	Portrait Card: Phreeoni	Portrait Card: Phreeoni
12390000201	Portrait Card: Dracula	Portrait Card: Dracula
12390000202	Portrait Card: Doppelganger	Portrait Card: Doppelganger
12390000203	Portrait Card: Goblin Leader	Portrait Card: Goblin Leader
12390000204	Portrait Card: Kraken	Portrait Card: Kraken
12390000205	Card: Leib Olmai	Card: Leib Olmai
12390000206	Shadow Card: Drake	Shadow Card: Drake
12390000207	Shadow Card: Phreeoni	Shadow Card: Phreeoni
12390000208	Shadow Card: Dracula	Shadow Card: Dracula
12390000209	Shadow Card: Doppelganger	Shadow Card: Doppelganger
12390000210	Shadow Card: Baphomet	Shadow Card: Baphomet
12390000211	Shadow Card: Goblin Leader	Shadow Card: Goblin Leader
12390000212	Shadow Card: Golden Thief Bug	Shadow Card: Golden Thief Bug
12390000213	Shadow Card: Maya	Shadow Card: Maya
12390000214	Shadow Card: Angeling	Shadow Card: Angeling
12390000215	Shadow Card: Orc Lord	Shadow Card: Orc Lord
12390000216	Shadow Card: Deviling	Shadow Card: Deviling
12390000217	Shadow Card: Kraken	Shadow Card: Kraken
12390000218	Shadow Card: Eddga	Shadow Card: Eddga
12390000219	Shadow Card: Moonlight Flower	Shadow Card: Moonlight Flower
12390000220	Shadow Card: Osiris	Shadow Card: Osiris
12390000221	Shadow Card: Orc Hero	Shadow Card: Orc Hero
12390000222	Shadow Card: Mistress	Shadow Card: Mistress
12390000223	Shadow Card: Pharaoh	Shadow Card: Pharaoh
12390000224	Card: Drake	Card: Drake
12390000225	Card: Phreeoni	Card: Phreeoni
12390000226	Card: Dracula	Card: Dracula
12390000227	Card: Doppelganger	Card: Doppelganger
12390000228	Card: Baphomet	Card: Baphomet
12390000229	Card: Goblin Leader	Card: Goblin Leader
12390000230	Card: Golden Thief Bug	Card: Golden Thief Bug
12390000231	Card: Maya	Card: Maya
12390000232	Card: Angeling	Card: Angeling
12390000233	Card: Orc Lord	Card: Orc Lord
12390000234	Card: Deviling	Card: Deviling
12390000235	Card: Kraken	Card: Kraken
12390000236	Card: Eddga	Card: Eddga
12390000237	Card: Moonlight Flower	Card: Moonlight Flower
12390000238	Card: Osiris	Card: Osiris
12390000239	Card: Orc Hero	Card: Orc Hero
12390000240	Card: Mistress	Card: Mistress
12390000241	Card: Pharaoh	Card: Pharaoh
12390000242	Zeny	Zeny
12390000243	Minted Coin	Minted Coin
12390000244	Sacred Relic Crystal	Sacred Relic Crystal
12390000245	Credit Points	Credit Points
12390000246	Activity	Activity
12390000247	Competition Medal	Competition Medal
12390000248	Survivor Battle Net Victory Points	Survivor Battle Net Victory Points
12390000249	Survivor Battle Net Victory Protection Points	Survivor Battle Net Victory Protection Points
12390000250	Trial Coins	Trial Coins
12390000251	MVP Coin	MVP Coin
12390000252	MVP Season Rank Points	MVP Season Rank Points
12390000253	War of Emperium Season Rank Points	War of Emperium Season Rank Points
12390000254	Guild League Season Rank Points	Guild League Season Rank Points
12390000255	Secondary Profession Season Rank Points	Secondary Profession Season Rank Points
10570000015	Insufficient buff Floors^{1}${1}^{2}	Insufficient buff Floors^{1}${1}^{2}
12390000341	Bash Sword	Bash Sword
12390000342	Byeollungum	Byeollungum
12390000343	Two-Handed Sword	Two-Handed Sword
12390000344	Novice Two-Handed Sword	Novice Two-Handed Sword
12390000345	Yalt Sword	Yalt Sword
12390000346	Novice Yalt Sword	Novice Yalt Sword
12390000347	Greatsword	Greatsword
12390000348	Novice Greatsword	Novice Greatsword
12390000349	Heavy Two-Handed Sword	Heavy Two-Handed Sword
12390000350	Claymore	Claymore
12390000351	Giant Two-Handed Sword	Giant Two-Handed Sword
10220300020	Physical/Physical DEF +${1}%.	Physical/Physical DEF +${1}%.
10220300381	Reply @{1}% HP.	Reply @{1}% HP.
10220300404	Every @{1} sec., Reply @{2}% of max HP.	Every @{1} sec., Reply @{2}% of max HP.
10110200000	Blessing	Blessing
10110200001	Signum Crucis	Signum Crucis
10110200002	Ruwach	Ruwach
10110200003	Heal	Heal
10110200004	Increase AGI	Increase AGI
10110200005	Holy Light	Holy Light
10110200006	Angel Strike	Angel Strike
10110200007	Angel Protection	Angel Protection
10110200008	Healing Skills	Healing Skills
10110200009	Angelus	Angelus
10110200010	Slow	Slow
10110200011	Pneuma	Pneuma
10110200012	Temporary Revive	Temporary Revive
10110200013	Mace Mastery	Mace Mastery
10110200014	Lex Aeterna	Lex Aeterna
10110200015	Increase SP Recovery	Increase SP Recovery
10110200016	Recovery	Recovery
10110200017	Magnificat	Magnificat
10110200018	Gloria	Gloria
10110200019	Magnus Exorcismus	Magnus Exorcismus
10110200020	Resurrection	Resurrection
10110200021	Aspersio	Aspersio
10110200022	Sanctuary	Sanctuary
10110200023	Kyrie Eleison	Kyrie Eleison
10110200024	Turn Undead	Turn Undead
10110200025	Impositio Manus	Impositio Manus
10110200026	Lex Divina	Lex Divina
10110200027	Safety Wall	Safety Wall
10110200028	Suffragium	Suffragium
10110200029	Assumptio	Assumptio
10110200030	Meditatio	Meditatio
10110200031	Mana Recharge	Mana Recharge
10110200032	Basilica	Basilica
10110200033	Arcane Mastery	Arcane Mastery
10110200034	Radiant Resurrection	Radiant Resurrection
10110200035	Holy Cross Judgment	Holy Cross Judgment
10110200036	Turn Undead【Extra Trigger】	Turn Undead【Extra Trigger】
10110200037	Radiant Sanctuary	Radiant Sanctuary
10110200038	Divine Light Strike	Divine Light Strike
10110200039	Holy Light Bludgeon	Holy Light Bludgeon
10110200040	Holy Light Resurrection	Holy Light Resurrection
10110200041	Purifying Light Orbit	Purifying Light Orbit
10110200042	Sacred Divine Light	Sacred Divine Light
10110200043	Highness Heal	Highness Heal
10110200044	Hymn of the Lamb	Hymn of the Lamb
10110200045	Radiant Holy Light	Radiant Holy Light
10110200046	Sacred Lily	Sacred Lily
10110200047	Prayer of the Holy Spirit	Prayer of the Holy Spirit
10110200048	Prayer of Gratitude	Prayer of Gratitude
10110200049	Wood Spirit's Blessing	Wood Spirit's Blessing
10110200050	Respawn	Respawn
10110200051	Judex	Judex
10110200052	Holy Reckoning	Holy Reckoning
10110200053	Double Holy Light	Double Holy Light
10110200054	Holy Spirit Surge	Holy Spirit Surge
10110200055	Divine Retribution	Divine Retribution
10110200056	Holy Stigma	Holy Stigma
10110200057	Hymn of Devotion	Hymn of Devotion
10110200058	Double Holy Light: Physical	Double Holy Light: Physical
10110200059	Double Holy Light: Magic	Double Holy Light: Magic
10110200060	Open	Open
10110200061	Discount	Discount
10110200062	Overcharge	Overcharge
10110200063	Cart Use	Cart Use
10110200064	Cart Remodeling	Cart Remodeling
10110200065	Vending	Vending
10110200066	Cart Revolution	Cart Revolution
10110200067	Mammonite	Mammonite
10110200068	Crazy Uproar	Crazy Uproar
10110200069	Money Throw	Money Throw
10110200070	Gunpowder Throw	Gunpowder Throw
10110200071	Hilt Binding	Hilt Binding
10110200072	Weaponry Research	Weaponry Research
10110200073	Skin Tempering	Skin Tempering
10110200074	Hammer Fall	Hammer Fall
10110200075	Adrenaline Rush	Adrenaline Rush
10110200076	Power Thrust	Power Thrust
10110200077	Maximize Power	Maximize Power
10110200078	Earth Spike	Earth Spike
10110200079	Cart Boost	Cart Boost
10110200080	High Speed Cart Ram	High Speed Cart Ram
10110200081	High Speed Cart Ram - Enhance	High Speed Cart Ram - Enhance
10110200082	Melt Down	Melt Down
10110200083	Maximum Over Thrust	Maximum Over Thrust
10110200084	Explosive Strike	Explosive Strike
10110200085	Cart Clash	Cart Clash
10110200086	Fire and Earth Research	Fire and Earth Research
10110200087	Axe Mastery	Axe Mastery
10110200088	Emergency Treatment	Emergency Treatment
10110200089	Axe Tornado	Axe Tornado
10110200090	Axe Tornado - Enhance	Axe Tornado - Enhance
10110200091	Heavy Axe Smash	Heavy Axe Smash
10110200092	Spinning Axe	Spinning Axe
10110200093	High-Energy Impact	High-Energy Impact
10110200094	Crescent Wheel	Crescent Wheel
10110200095	Madogear Pilot	Madogear Pilot
10110200096	Knuckle Boost	Knuckle Boost
10110200097	Arm Cannon	Arm Cannon
10110200098	Arm Cannon - Enhance	Arm Cannon - Enhance
10110200099	Vulcan Arm	Vulcan Arm
10110200100	Pile Bunker	Pile Bunker
10110200101	Flame Launcher	Flame Launcher
10110200102	High-Speed Propulsion	High-Speed Propulsion
10110200103	Energy Release	Energy Release
10110200104	Aerial Bombardment	Aerial Bombardment
10110200105	High-Energy Pulse	High-Energy Pulse
10110200106	Kinetic Battle Axe Assembly	Kinetic Battle Axe Assembly
10110200107	Fast Travel	Fast Travel
10110200108	Retrieve Instrument	Retrieve Instrument
10110200109	Ride	Ride
10110200110	Poring TP	Poring TP
10110200111	Poring Split	Poring Split
10110200112	Radiant Orbit	Radiant Orbit
10110200113	Angel Sweep	Angel Sweep
10110200114	Radiant Poring Normal Attack - Holy	Radiant Poring Normal Attack - Holy
10110200115	Fallen Sweep	Fallen Sweep
10110200116	Dark Orbit	Dark Orbit
10110200117	Fallen Poring Normal Attack - Earth	Fallen Poring Normal Attack - Earth
10110200118	Throw Live Coal	Throw Live Coal
10110200119	Throw Accelerant	Throw Accelerant
10110200120	Collect Live Coals	Collect Live Coals
10110200121	Monster Fruit	Monster Fruit
10110200122	Primal Monster Fruit	Primal Monster Fruit
10110200123	Poporing Split	Poporing Split
10110200124	Earth Poring Split	Earth Poring Split
10110200125	Marin Split	Marin Split
10110200126	Mole Teleport	Mole Teleport
10110200127	Collect	Collect
10110200128	Cancel Transformation	Cancel Transformation
10110200129	Monster Self-Destruct	Monster Self-Destruct
10110200130	Enlarge	Enlarge
10110200131	Shrink	Shrink
10110200132	Link with Red Thread	Link with Red Thread
10110200133	Bash	Bash
10110200134	Jupitel Thunder	Jupitel Thunder
10110200135	Basic Attack	Basic Attack
10110200136	SP Reduction	SP Reduction
10110200137	Disguise	Disguise
10110200138	Magnum Break	Magnum Break
10110200139	Envenom	Envenom
10110200140	Sight	Sight
10110200141	Sightless Mind	Sightless Mind
10110200142	Magic Absorption - Card	Magic Absorption - Card
10110200143	Splash - Card	Splash - Card
10110200144	Magic Reflect - Card	Magic Reflect - Card
10110200145	Physical Reflect - Card	Physical Reflect - Card
10110200146	Spear Mastery	Spear Mastery
10110200147	Increased Spear Attack Speed	Increased Spear Attack Speed
10110200148	Riding	Riding
10110200149	Auto Guard	Auto Guard
10110200150	Smite	Smite
10110200151	Shield Reflect	Shield Reflect
10110200152	Holy Cross	Holy Cross
10110200153	Grand Cross	Grand Cross
10110200154	Devotion	Devotion
10110200155	Providence	Providence
10110200156	Defending Aura	Defending Aura
10110200157	Recoil	Recoil
10110200158	Faith	Faith
10110200159	Shield Boomerang	Shield Boomerang
10110200160	Shield Reflect Auto Counter	Shield Reflect Auto Counter
10110200161	Recoil Auto Counter	Recoil Auto Counter
10110200162	Monster Resistance	Monster Resistance
10110200163	Cross Blast	Cross Blast
10110200164	Cross Thrust	Cross Thrust
10110200165	Absolute Judex	Absolute Judex
10110200166	Shield Boomerang Combo	Shield Boomerang Combo
10110200167	Double Pressure	Double Pressure
10110200168	Gloria Domini	Gloria Domini
10110200169	Divine Punishment	Divine Punishment
10110200170	Shield Pursuit	Shield Pursuit
10110200171	Rapid Smiting	Rapid Smiting
10110200172	Sacrifice	Sacrifice
10110200173	Battle Chant	Battle Chant
10110200174	Fountain of Life	Fountain of Life
10110200175	Crest of Light	Crest of Light
10110200176	Advanced Monster Resistance	Advanced Monster Resistance
10110200177	Banishing Thrust	Banishing Thrust
10110200178	Heavy Cannon Shot	Heavy Cannon Shot
10110200179	Pinpoint Attack	Pinpoint Attack
10110200180	Spear Formation - Blood Cross	Spear Formation - Blood Cross
10110200181	Moon Slasher	Moon Slasher
10110200182	Sniping Shot	Sniping Shot
10110200183	Twilight	Twilight
27003	Log	Log
27070	Nearby Targets with Both High Priorities	Nearby Targets with Both High Priorities
27097	Farthest Edge of Nearby Unit	Farthest Edge of Nearby Unit
27143	Stationary Skill Follow-Up	Stationary Skill Follow-Up
10110200368	Pick Up Scale	Pick Up Scale
10110200369	Discard Scale	Discard Scale
10110200370	Build Shield Wall	Build Shield Wall
27188	30fps	30fps
27189	60fps	60fps
27190	120fps	120fps
27201	80fps	80fps
10110200406	Devouring Tongue	Devouring Tongue
10110200407	Indigestion	Indigestion
10110200408	Putrid Explosion	Putrid Explosion
10110200409	Acid Spray	Acid Spray
10110200410	Powerful Drain	Powerful Drain
10110200411	Summon Thief Bugs	Summon Thief Bugs
10110200412	Berserk	Berserk
10110200413	Golden Thief Bug Normal Attack - Fire	Golden Thief Bug Normal Attack - Fire
10110200414	Orc Hero Normal Attack - Earth	Orc Hero Normal Attack - Earth
10110200415	Maya Normal Attack - Earth	Maya Normal Attack - Earth
10110200416	Phreeoni Normal Attack - Neutral	Phreeoni Normal Attack - Neutral
10110200417	Gundam AOE Visual Effect	Gundam AOE Visual Effect
10110200418	Meteorfall	Meteorfall
10110200419	Lope	Lope
10110200420	Lope@{1}	Lope@{1}
10110200421	Mine Magic Circle	Mine Magic Circle
10110200422	Bullet-Hell Mechanism@{1}	Bullet-Hell Mechanism@{1}
10110200423	Rotating Mechanism	Rotating Mechanism
10110200424	Rolling Boulder Mechanism	Rolling Boulder Mechanism
10110200425	Crossbow Mechanism	Crossbow Mechanism
10110200426	Gatherable Skill	Gatherable Skill
10110200427	Nightmare Circular AOE	Nightmare Circular AOE
10110200428	Dracula Grab	Dracula Grab
10110200429	Dracula's Blood Pool	Dracula's Blood Pool
10110200430	Spawn Skill	Spawn Skill
10110200431	Baphomet Normal Attack	Baphomet Normal Attack
10110200432	Inner and Outer Ring AOE	Inner and Outer Ring AOE
10110200433	Fan-Shaped AOE	Fan-Shaped AOE
10110200434	Eight-Way AOE	Eight-Way AOE
10110200435	Horizontal AOE	Horizontal AOE
10110200436	Targeted Explosion	Targeted Explosion
10110200437	Soul Reaper	Soul Reaper
10110200438	ATK Boost	ATK Boost
10110200439	DEF Boost	DEF Boost
10110200440	Cooldown Reduction	Cooldown Reduction
10110200441	CRIT Boost	CRIT Boost
10110200442	Movement Speed Boost	Movement Speed Boost
10110200443	HP Recovery	HP Recovery
10110200444	Abyss Magnet	Abyss Magnet
10110200445	Chain Bind	Chain Bind
10110200446	Nightmare Mystery Box	Nightmare Mystery Box
10110200447	Concentrated Squid Ink	Concentrated Squid Ink
10110200448	DEF Injection	DEF Injection
10110200449	Berserk Injection	Berserk Injection
10110200450	Viscous Machine Oil	Viscous Machine Oil
10110200451	Compressed Gas Canister	Compressed Gas Canister
10110200452	Brass Talisman	Brass Talisman
10110200453	Weak	Weak
10110200454	Apply Effect to All Players	Apply Effect to All Players
10110200455	Normal Attack@{1}	Normal Attack@{1}
10110200456	Skill@{1}Goblet Shatter	Skill@{1}Goblet Shatter
10110200457	Skill@{1}Repeated Goblet Shatter	Skill@{1}Repeated Goblet Shatter
10110200458	Skill@{1}Goblet Throw	Skill@{1}Goblet Throw
10110200459	Skill@{1}Statue Goblet Throw	Skill@{1}Statue Goblet Throw
10110200460	Skill@{1}Goblet Toast	Skill@{1}Goblet Toast
10110200461	Skill@{1}Converging Goblet Spin	Skill@{1}Converging Goblet Spin
10110200462	Skill@{1}Goblet Arrival Spin	Skill@{1}Goblet Arrival Spin
10110200463	Skill@{1}Flying Goblet Row Slam	Skill@{1}Flying Goblet Row Slam
10110200464	Skill@{1}Flying Goblet Row Slam-Easy	Skill@{1}Flying Goblet Row Slam-Easy
10110200465	Skill@{1}Converging Circular Goblet Launch	Skill@{1}Converging Circular Goblet Launch
10110200466	Skill@{1}Spiral Goblet Launch	Skill@{1}Spiral Goblet Launch
10110200467	Skill@{1}Spiral Goblet Launch-Easy	Skill@{1}Spiral Goblet Launch-Easy
10110200468	Skill@{1}Bagpipe Sound Blade	Skill@{1}Bagpipe Sound Blade
10110200469	Skill@{1}Spinning Bagpipe Sound Blade	Skill@{1}Spinning Bagpipe Sound Blade
10110200470	Skill@{1}Triangular Bagpipe Sound Blade	Skill@{1}Triangular Bagpipe Sound Blade
10110200471	Skill@{1}Square Formation Bagpipe Sound Blade	Skill@{1}Square Formation Bagpipe Sound Blade
10110200472	Skill@{1}Square Formation Bagpipe Sound Blade-Easy	Skill@{1}Square Formation Bagpipe Sound Blade-Easy
10110200473	Skill@{1}Synchronized Spinning Goblet Launch	Skill@{1}Synchronized Spinning Goblet Launch
10110200474	Skill@{1}Lute Rectangle@{2}	Skill@{1}Lute Rectangle@{2}
10110200475	Skill@{1}Lute Rectangle Clone Monster	Skill@{1}Lute Rectangle Clone Monster
10110200476	Skill@{1}Lute Rectangle Clone Monster-Easy	Skill@{1}Lute Rectangle Clone Monster-Easy
10110200477	Skill@{1}Conducting Circular Target	Skill@{1}Conducting Circular Target
10110200478	Skill@{1}Horn Laser	Skill@{1}Horn Laser
10110200479	Skill@{1}Dancing Bell	Skill@{1}Dancing Bell
10110200480	Skill@{1}Drumbeat Ring Explosion	Skill@{1}Drumbeat Ring Explosion
10110200481	Skill@{1}Drumbeat Triple Ring	Skill@{1}Drumbeat Triple Ring
10110200482	Skill@{1}Harp Performance	Skill@{1}Harp Performance
10110200483	Skill@{1}Harp Performance-Easy	Skill@{1}Harp Performance-Easy
10110200484	Skill@{1}Harp Performance-Normal	Skill@{1}Harp Performance-Normal
10110200485	Skill@{1}Opening Movement	Skill@{1}Opening Movement
10110200486	Skill@{1} First Movement - Easy	Skill@{1} First Movement - Easy
10110200487	Skill@{1} Universal Wave Stealth	Skill@{1} Universal Wave Stealth
10110200488	Clone Normal Attack	Clone Normal Attack
10110200489	Clone Entrance	Clone Entrance
10110200490	Skill@{1}Kun Appearance	Skill@{1}Kun Appearance
10110200491	Skill@{1} Kun Entrance	Skill@{1} Kun Entrance
10110200492	Skill@{1} Kun Water Wall	Skill@{1} Kun Water Wall
10110200493	Skill@{1} Kun Water Vortex	Skill@{1} Kun Water Vortex
10110200494	Skill@{1} Kun Water Vortex - Easy	Skill@{1} Kun Water Vortex - Easy
10110200495	Skill@{1} Kun Water Vortex@{2}	Skill@{1} Kun Water Vortex@{2}
10110200496	Skill@{1} Kun Movement	Skill@{1} Kun Movement
10110200497	Battle Royale Gravity Field	Battle Royale Gravity Field
10110200498	Battle Royale Gravity Field@{1}	Battle Royale Gravity Field@{1}
10110200499	Battle Royale Screen Shake	Battle Royale Screen Shake
10110200500	Skill@{1} Clone Monster Spawn Flash	Skill@{1} Clone Monster Spawn Flash
10110200501	Clone Mini Laser	Clone Mini Laser
10110200502	Water Ripple Bullet	Water Ripple Bullet
10110200503	Jellyfish Mouth Bullet	Jellyfish Mouth Bullet
10110200504	Bubble Bullet	Bubble Bullet
10110200505	Sea Urchin Bullet	Sea Urchin Bullet
10110200506	Slide Shockwave	Slide Shockwave
10110200507	Tiamat Rectangular Damage	Tiamat Rectangular Damage
10110200508	Tiamat Spawn Warning	Tiamat Spawn Warning
10110200509	Jellyfish Ranged Attack	Jellyfish Ranged Attack
10110200510	Jellyfish Spawn	Jellyfish Spawn
10110200511	Melody Sprite Attack	Melody Sprite Attack
10110200512	Melody Sprite Spawn	Melody Sprite Spawn
10110200513	Resonant Shell Cluster Attack	Resonant Shell Cluster Attack
10110200514	Resonant Shell Cluster Spawn	Resonant Shell Cluster Spawn
10110200515	Hunter Charge	Hunter Charge
10110200516	Hunter Slash	Hunter Slash
10110200517	Hunter Spin	Hunter Spin
10110200518	Hunter Normal Attack	Hunter Normal Attack
10110200519	Hunter Spawn	Hunter Spawn
10110200520	Hunter Charge@{1}	Hunter Charge@{1}
10110200521	Hunter Battle Royale Spin	Hunter Battle Royale Spin
10110200522	Hunter Water Escape	Hunter Water Escape
10110200523	Skill@{1} Musical Instrument Performance	Skill@{1} Musical Instrument Performance
10110200524	Skill@{1} Sleep	Skill@{1} Sleep
10110200525	Skill@{1} Bagpipe Sonic Blade	Skill@{1} Bagpipe Sonic Blade
10110200526	Skill@{1} Water Pillar Laser	Skill@{1} Water Pillar Laser
10110200527	Skill@{1} Eight-Way Sonic Blast	Skill@{1} Eight-Way Sonic Blast
10110200528	Skill@{1} Ring Explosion	Skill@{1} Ring Explosion
10110200529	Skill@{1} Circular Sonic Blast	Skill@{1} Circular Sonic Blast
10110200530	Skill@{1} Cloud Explosion	Skill@{1} Cloud Explosion
10110200531	Skill@{1} Slide Preparation	Skill@{1} Slide Preparation
10110200532	Skill@{1} Battle Royale Preparation	Skill@{1} Battle Royale Preparation
10110200533	Skill@{1} Ilma Blackhole	Skill@{1} Ilma Blackhole
10110200534	Normal Attack@{1}	Normal Attack@{1}
10110200535	Skill@{1} Fin Tracking	Skill@{1} Fin Tracking
10110200536	Skill@{1} Square Formation	Skill@{1} Square Formation
10110200537	Skill@{1} Horizontal Square Formation	Skill@{1} Horizontal Square Formation
10110200538	Skill@{1} Grand Cross Formation	Skill@{1} Grand Cross Formation
10110200539	Skill@{1} Eight-Way@{2} Players	Skill@{1} Eight-Way@{2} Players
10110200540	Skill@{1} Orbiting Fins	Skill@{1} Orbiting Fins
10110200541	Skill@{1} Fin Formation	Skill@{1} Fin Formation
10110200542	Skill@{1} Fins@{2} Sides	Skill@{1} Fins@{2} Sides
10110200543	Skill@{1} Sequential Circular Sonic Blast	Skill@{1} Sequential Circular Sonic Blast
10110200544	Skill@{1} Music Box	Skill@{1} Music Box
10110200545	Skill@{1} Randomized Cone AoE	Skill@{1} Randomized Cone AoE
10110200546	Skill@{1} Aggro Control	Skill@{1} Aggro Control
10110200547	Player Anti-Air Cannon Fire	Player Anti-Air Cannon Fire
10110200548	Skill@{1} Fin Missile	Skill@{1} Fin Missile
10110200549	Skill@{1} Teleport	Skill@{1} Teleport
10110200550	Skill@{1} Ripple Fin	Skill@{1} Ripple Fin
10110200551	Skill@{1} Cloud Tracking	Skill@{1} Cloud Tracking
10110200552	Skill@{1} Four Elites	Skill@{1} Four Elites
10110200553	Skill@{1} Cone Attack @{2} Times	Skill@{1} Cone Attack @{2} Times
10110200554	Skill@{1} Stationary Fin	Skill@{1} Stationary Fin
10110200555	Skill@{1} Four Cone Attacks	Skill@{1} Four Cone Attacks
10110200556	Skill@{1} Fin Split	Skill@{1} Fin Split
10110200557	Skill@{1} Fin Dimensional Slash	Skill@{1} Fin Dimensional Slash
10110200558	Skill@{1} Fin Mix	Skill@{1} Fin Mix
10110200559	Hunter Death	Hunter Death
10110200560	Skill@{1} Charge	Skill@{1} Charge
10110200561	Hunter Charged Spin	Hunter Charged Spin
10110200562	Summon Airship Monsters	Summon Airship Monsters
10110200563	Summon Airship Monsters-Normal	Summon Airship Monsters-Normal
10110200564	Pilot	Pilot
10110200565	Player Rapid-Fire Cannon Fire	Player Rapid-Fire Cannon Fire
10110200566	Bagpipe Sound Blade	Bagpipe Sound Blade
10110200567	Laser	Laser
10110200568	Rectangular Sonic Blast	Rectangular Sonic Blast
10110200569	Circular Sonic Blast	Circular Sonic Blast
10110200570	Piccolo	Piccolo
10110200571	Bubble	Bubble
10110200572	Ring Drum Phase @{1}	Ring Drum Phase @{1}
10110200573	Memory Game-Bottom Warning	Memory Game-Bottom Warning
10110200574	Memory Game-Top Warning	Memory Game-Top Warning
10110200575	Memory Game-Left Warning	Memory Game-Left Warning
10060000000	Acolyte	Acolyte
10060000001	Priest	Priest
10060000002	Monk	Monk
10060000003	High Priest	High Priest
10060000004	Archbishop	Archbishop
10060000005	Merchant	Merchant
10060000006	Blacksmith	Blacksmith
10060000007	Mastersmith	Mastersmith
10060000008	Mechanic	Mechanic
10060000009	Crusader	Crusader
10060000010	Paladin	Paladin
10060000011	Royal Guard	Royal Guard
10060000012	Archer	Archer
10060000013	Hunter	Hunter
10060000014	Bard	Bard
10060000015	Dancer	Dancer
10060000016	Sniper	Sniper
10060000017	Ranger	Ranger
10060000018	Novice	Novice
10060000019	Swordsman	Swordsman
10060000020	Knight	Knight
10060000021	Lord Knight	Lord Knight
10060000022	Rune Knight	Rune Knight
10060000023	Thief	Thief
10060000024	Assassin	Assassin
10060000025	Rogue	Rogue
10060000026	Assassin Cross	Assassin Cross
10060000027	Guillotine Cross	Guillotine Cross
10060000028	Mage	Mage
10060000029	Wizard	Wizard
10060000030	Sage	Sage
10060000031	High Wizard	High Wizard
10060000032	Warlock	Warlock
10110200609	Send Stage Message to Change Kun's State	Send Stage Message to Change Kun's State
10110200610	Send Stage Message to Change Boss State	Send Stage Message to Change Boss State
10110200611	Kun Appears (Boss Action)	Kun Appears (Boss Action)
10110200612	Kun Spits Out Players (Boss Action)	Kun Spits Out Players (Boss Action)
10110200613	Kun Sucks In Players (Boss Action)	Kun Sucks In Players (Boss Action)
10110200614	Kun Dives (Boss Action)	Kun Dives (Boss Action)
10110200615	Kun Moves @{1}	Kun Moves @{1}
10110200616	Statue Rectangle @{1}	Statue Rectangle @{1}
10110200617	Statue Laser @{1}	Statue Laser @{1}
10110200618	Continuous Ring Drum @{1}	Continuous Ring Drum @{1}
10110200619	Strike Ring Drum @{1} Times	Strike Ring Drum @{1} Times
10110200620	Spotlight @{1}	Spotlight @{1}
10110200621	Rift Knockback	Rift Knockback
10110200622	Blink	Blink
10110200623	Jellyfish AoE	Jellyfish AoE
10110200624	Eight Consecutive Shockwaves	Eight Consecutive Shockwaves
10110200625	@{1} Simultaneous Shockwaves	@{1} Simultaneous Shockwaves
10110200626	Wave Splash	Wave Splash
10110200627	Revive Kun	Revive Kun
10110200628	Piccolo Targets @{1} Players	Piccolo Targets @{1} Players
10110200629	Phase Transition Cleanup	Phase Transition Cleanup
10110200630	Jellyfish Death Cleanup	Jellyfish Death Cleanup
10110200631	Fly Away During Transition	Fly Away During Transition
10110200632	Holy Light Strike	Holy Light Strike
10110200633	Thunderfall	Thunderfall
10110200634	Deep Freeze	Deep Freeze
10110200635	Transform into Tornado	Transform into Tornado
10110200636	Periodic Explosion - Effect	Periodic Explosion - Effect
10110200637	Massive Area Heal	Massive Area Heal
10110200638	DMG Reduction	DMG Reduction
10110200639	ATK Boost	ATK Boost
10110200640	Hammer Strike	Hammer Strike
10110200641	Earthquake	Earthquake
10110200642	Whirlwind	Whirlwind
10110200643	AoE Acceleration	AoE Acceleration
10110200644	Earth-Splitting Blow	Earth-Splitting Blow
10110200645	Blazing Formation	Blazing Formation
10110200646	Tornado Incarnation	Tornado Incarnation
10110200647	Soul Recall Ring	Soul Recall Ring
10110200648	Protective Shield	Protective Shield
10110200649	Focused Blade	Focused Blade
10110200650	Summon Madogear Pilot	Summon Madogear Pilot
10110200651	End of ID Section	End of ID Section
10110200652	Monster Normal Attack-Fire	Monster Normal Attack-Fire
10110200653	Build Turret	Build Turret
10110200654	Fire Cannon	Fire Cannon
10110200655	Madogear Pilot Repair	Madogear Pilot Repair
10110200656	Jump onto the Rampart	Jump onto the Rampart
10110200657	Jump off the Rampart	Jump off the Rampart
10110200658	Launch Missile	Launch Missile
10110200659	Cut	Cut
10110200660	Seismic Wave	Seismic Wave
10110200661	Invincible	Invincible
10110200662	Launch Missile	Launch Missile
10110200663	Cluster Missile	Cluster Missile
10110200664	Acceleration	Acceleration
10110200665	Rapidness Shot	Rapidness Shot
10110200666	Self-Destruct	Self-Destruct
10110200667	Battle Command	Battle Command
10110200668	Defend the Glory	Defend the Glory
10110200669	Emergency Call	Emergency Call
10110200670	Indigestion	Indigestion
10110200671	Putrid Explosion	Putrid Explosion
10110200672	Acid Spray	Acid Spray
10110200673	Devouring Tongue	Devouring Tongue
10110200674	Dracula Normal Attack	Dracula Normal Attack
10110200675	Gift of the Underworld @{1}	Gift of the Underworld @{1}
10110200676	Shadow Siphon@{1}	Shadow Siphon@{1}
10110200677	Funeral Beat@{1}	Funeral Beat@{1}
10110200678	Nether Pact Brand	Nether Pact Brand
10110200679	Circle of the Dead	Circle of the Dead
10110200680	Owl's Eye	Owl's Eye
10110200681	Vulture's Eye	Vulture's Eye
10110200682	Double Strafe	Double Strafe
10110200683	Arrow Shower	Arrow Shower
10110200684	Steady Focus	Steady Focus
10110200685	Falconry Mastery	Falconry Mastery
10110200686	Blitz Beat	Blitz Beat
10110200687	Beastbane	Beastbane
10110200688	Steel Crow	Steel Crow
10110200689	Claymore Trap	Claymore Trap
10110200690	Freezing Trap	Freezing Trap
10110200691	Falcon Assault	Falcon Assault
10110200692	True Sight	True Sight
10110200693	Sharp Shooting	Sharp Shooting
10110200694	Rapid Combo	Rapid Combo
10110200695	Chain Lightning	Chain Lightning
10110200696	Triple Strafe	Triple Strafe
10110200697	Explosive Arrow	Explosive Arrow
10110200698	Falcon Strike	Falcon Strike
10110200699	Meteor Arrow Shower	Meteor Arrow Shower
10110200700	Falcon Rush	Falcon Rush
10110200701	Ranger's Resolve	Ranger's Resolve
10110200702	Fear Breeze	Fear Breeze
10110200703	Focused Arrow Strike (Unlimited Shooting)	Focused Arrow Strike (Unlimited Shooting)
10110200704	Unlimited Shooting	Unlimited Shooting
10110200705	Keen Senses	Keen Senses
10110200706	Wolf Taming	Wolf Taming
10110200707	Warg Strike	Warg Strike
10110200708	Warg Howl	Warg Howl
10110200709	Warg Strike	Warg Strike
10110200710	Wolf's Fang	Wolf's Fang
10110200711	King of the Wargs	King of the Wargs
10110200712	Warg Hunt	Warg Hunt
10110200713	Enhance Warg Hunt	Enhance Warg Hunt
10110200714	Warg Bite	Warg Bite
10110200715	Swift Warg	Swift Warg
10110200716	Warg Companion (Warg Strike)	Warg Companion (Warg Strike)
10110200717	Warg Companion (Warg Bite)	Warg Companion (Warg Bite)
10110200718	Warg Hunt (Melee)	Warg Hunt (Melee)
10110200719	Enhance Warg Hunt (Melee)	Enhance Warg Hunt (Melee)
10110200720	Warg Hunt (Ranged)	Warg Hunt (Ranged)
10110200721	Enhance Warg Hunt (Ranged)	Enhance Warg Hunt (Ranged)
10110200722	Yggdrasil Leaf	Yggdrasil Leaf
10110200723	Unstuck	Unstuck
10110200724	Goblin Spiral Launch	Goblin Spiral Launch
10110200725	Wobbling Goblin	Wobbling Goblin
10110200726	Doragon Launch	Doragon Launch
10110200727	Doragon Landing	Doragon Landing
10110200728	@{1}-Pound Dynamite	@{1}-Pound Dynamite
10110200729	Take Flight	Take Flight
10110200730	Burrow Underground	Burrow Underground
10110200731	Dragon Sanctuary	Dragon Sanctuary
10110200732	Scatter Red Envelopes	Scatter Red Envelopes
10110200733	Summoning Ritual	Summoning Ritual
10110200734	Dig	Dig
10110200735	Mining	Mining
10110200736	Logging	Logging
10110200737	Talk	Talk
10110200738	Provoke	Provoke
10110200739	Fire Bolt	Fire Bolt
10110200740	Lightning Bolt	Lightning Bolt
10110200741	Cold Bolt	Cold Bolt
10110200742	Sonic Blow	Sonic Blow
10110200743	Envenom	Envenom
10110200744	Fire@{1}-Rapid	Fire@{1}-Rapid
10110200745	Jump into the Cave	Jump into the Cave
10110200746	Rescue Bobo	Rescue Bobo
10110200747	Free the Ant Egg	Free the Ant Egg
10110200748	Help the Professor Up	Help the Professor Up
10110200749	Open	Open
10110200750	Leave	Leave
10110200751	Feed	Feed
10110200752	Board the Cannon	Board the Cannon
10110200753	Bobo Bubble	Bobo Bubble
10110200754	Bobo Bubble Animation	Bobo Bubble Animation
10110200755	Monster Normal Attack-Neutral	Monster Normal Attack-Neutral
10110200756	Monster Normal Attack-Wind	Monster Normal Attack-Wind
10110200757	Monster Normal Attack-Earth	Monster Normal Attack-Earth
10110200758	Monster Normal Attack-Water	Monster Normal Attack-Water
10110200759	Monster Normal Attack-Void	Monster Normal Attack-Void
10110200760	Monster Normal Attack-Light	Monster Normal Attack-Light
10110200761	Monster Normal Attack-Dark	Monster Normal Attack-Dark
10110200762	Monster Normal Attack-Ghost	Monster Normal Attack-Ghost
10110200763	Monster Normal Attack-Eternal	Monster Normal Attack-Eternal
10110200764	Mandragora Ranged Normal Attack	Mandragora Ranged Normal Attack
10110200765	Poring Normal Attack	Poring Normal Attack
10110200766	Lunatic Normal Attack	Lunatic Normal Attack
10110200767	Fabre Normal Attack	Fabre Normal Attack
10110200768	Picky	Picky
10110200769	Chonchon	Chonchon
10110200770	Super Picky	Super Picky
10110200771	Willow	Willow
10110200772	Condor	Condor
10110200773	Savage Babe	Savage Babe
10110200774	Rocker	Rocker
10110200775	Roda Frog	Roda Frog
10110200776	Worm Tail	Worm Tail
10110200777	Ambernite	Ambernite
10110200778	Spore	Spore
10110200779	Thief Bug	Thief Bug
10110200780	Creamy	Creamy
10110200781	Drops	Drops
10110200782	Tarou	Tarou
10110200783	Familiar	Familiar
10110200784	Baby Desert Wolf	Baby Desert Wolf
10110200785	Yoyo	Yoyo
10110200786	Scorpion	Scorpion
10110200787	Poporing	Poporing
10110200788	Thief Bug Female	Thief Bug Female
10110200789	Thief Bug Male	Thief Bug Male
10110200790	Smokie	Smokie
10110200791	Boa	Boa
10110200792	Poison Spore	Poison Spore
10110200793	Horn	Horn
10110200794	Bigfoot	Bigfoot
10110200795	Squirrel	Squirrel
10110200796	Generic Downed Corrosion Skill	Generic Downed Corrosion Skill
10110200797	Generic Finishing Skill	Generic Finishing Skill
10110200798	Fierce Boa	Fierce Boa
10110200799	Gluttonous Spider	Gluttonous Spider
10110200800	Blazing Familiar	Blazing Familiar
10110200801	Greedy Fire Ant	Greedy Fire Ant
10110200802	Greedy Willow	Greedy Willow
10110200803	Greedy Black Kite	Greedy Black Kite
10110200804	Greedy Fireclaw Wolf's Fang	Greedy Fireclaw Wolf's Fang
10110200805	Greedy Ositos	Greedy Ositos
10110200806	Phantom of Despair	Phantom of Despair
10110200807	Greedy Comodo	Greedy Comodo
10110200808	Greedy Flame Wolf's Fang	Greedy Flame Wolf's Fang
10110200809	Greedy Kaho	Greedy Kaho
10110200810	Salamander	Salamander
10110200811	Greedy Headless Mule	Greedy Headless Mule
10110200812	Greedy Ifrit	Greedy Ifrit
10110200813	Greedy Bigfoot	Greedy Bigfoot
10110200814	Greedy Phoenix	Greedy Phoenix
10110200815	Blazing Fiend	Blazing Fiend
10110200816	Greedy Magmaring	Greedy Magmaring
10110200817	Greedy Fallen Angel	Greedy Fallen Angel
10110200818	Greedy Lava Toad	Greedy Lava Toad
10110200819	Divine Light	Divine Light
10110200820	Normal Attack	Normal Attack
10110200821	Live Ammo Test	Live Ammo Test
10110200822	Arrow Attack	Arrow Attack
10110200823	Cold Bolt	Cold Bolt
10110200824	Dummy Hits Self@{1}%	Dummy Hits Self@{1}%
10110200825	Plankton	Plankton
10110200826	Marina	Marina
10110200827	Vadon	Vadon
10110200828	Kukre	Kukre
10110200829	Elder Willow	Elder Willow
10110200830	Goblin (Axe)	Goblin (Axe)
10110200831	Goblin (Flail) (Deprecated)	Goblin (Flail) (Deprecated)
10110200832	Caramel	Caramel
10110200833	Marin	Marin
10110200834	Peco Peco	Peco Peco
10110200835	Wolf	Wolf
10110200836	Ant Egg	Ant Egg
10110200837	Stainer	Stainer
10110200838	Skeleton	Skeleton
10110200839	Furious Poporing	Furious Poporing
10110200840	Hydra	Hydra
10110200841	Obeaune	Obeaune
10110200842	Flora	Flora
10110200843	Martin	Martin
10110200844	Giearth	Giearth
10110200845	Skeleton Worker	Skeleton Worker
10110200846	Zombie	Zombie
10110200847	Savage	Savage
10110200848	Greatest General	Greatest General
10110200849	Deniro	Deniro
10110200850	Piere	Piere
10110200851	Magnolia	Magnolia
10110200852	Frilldora	Frilldora
10110200853	Andre	Andre
10110200854	Archer Skeleton	Archer Skeleton
10110200855	Isis	Isis
10110200856	Verit	Verit
10110200857	Matyr	Matyr
10110200858	Minorous	Minorous
10110200859	Mimic	Mimic
10110200860	Pirate Skeleton	Pirate Skeleton
10110200861	Choco	Choco
10110200862	Bongun	Bongun
10110200863	Baphomet Jr.	Baphomet Jr.
10110200864	Sasquatch	Sasquatch
10110200865	Vitata	Vitata
10110200866	Muka	Muka
10110200867	Placeholder	Placeholder
10110200868	Dustiness	Dustiness
10110200869	Nightmare	Nightmare
10110200870	Rotar Zairo	Rotar Zairo
10110200871	Eggyra	Eggyra
10110200872	Goblin (Flail)	Goblin (Flail)
10110200873	Marse	Marse
10110200874	Marine Sphere	Marine Sphere
10110200875	Sword Fish	Sword Fish
10110200876	Marc	Marc
10110200877	Phen	Phen
10110200878	Steel Chonchon	Steel Chonchon
10110200879	Beetle King	Beetle King
10110200880	Argos	Argos
10110200881	Myst	Myst
10110200882	Whisper	Whisper
10110200883	Orc Warrior	Orc Warrior
10110200884	Orc Lady	Orc Lady
10110200885	Orc Baby	Orc Baby
10110200886	Goblin (Dagger)	Goblin (Dagger)
10110200887	Goblin (Mace)	Goblin (Mace)
10110200888	Goblin Archer	Goblin Archer
10110200889	Metaller	Metaller
10110200890	Zenorc	Zenorc
10110200891	Megalodon	Megalodon
10110200892	Thara Frog	Thara Frog
10110200893	Merman	Merman
10110200894	Penomena	Penomena
10110200895	Deviace	Deviace
10110200896	Mantis	Mantis
10110200897	Side Winder	Side Winder
10110200898	Driller	Driller
10110200899	Hunter Fly	Hunter Fly
10110200900	Argiope	Argiope
10110200901	Ghoul	Ghoul
10110200902	Nightmare	Nightmare
10110200903	Goblin (Hammer)	Goblin (Hammer)
10110200904	Goblin Steamrider	Goblin Steamrider
10110200905	Sandman	Sandman
10110200906	Hode	Hode
10110200907	Orc Archer	Orc Archer
10110200908	Orc Skeleton	Orc Skeleton
10110200909	Orc Zombie	Orc Zombie
10110200910	Sohee	Sohee
10110200911	Horong	Horong
10110200912	Nine Tails	Nine Tails
10110200913	Munak	Munak
10110200914	Dokebi	Dokebi
10110200915	Noxious	Noxious
10110200916	Zerom	Zerom
10110200917	Golem	Golem
10110200918	Soldier Skeleton	Soldier Skeleton
10110200919	Mummy	Mummy
10110200920	Vocal Normal Attack	Vocal Normal Attack
10110200921	Vocal Skills	Vocal Skills
10110200922	Eclipse Normal Attack	Eclipse Normal Attack
10110200923	Eclipse Skills	Eclipse Skills
10110200924	Mastering Normal Attack	Mastering Normal Attack
10110200925	Mastering Skills	Mastering Skills
10110200926	Dragon Fly Normal Attack	Dragon Fly Normal Attack
10110200927	Dragon Fly Skills	Dragon Fly Skills
10110200928	Maya Purple Normal Attack	Maya Purple Normal Attack
10110200929	Maya Purple Skills	Maya Purple Skills
10110200930	Ghostring Normal Attack	Ghostring Normal Attack
10110200931	Ghostring Skills	Ghostring Skills
10110200932	Vagabond Wolf Normal Attack	Vagabond Wolf Normal Attack
10110200933	Vagabond Wolf Skills	Vagabond Wolf Skills
10110200934	Dark Priest Normal Attack	Dark Priest Normal Attack
10110200935	Dark Priest Skills	Dark Priest Skills
10110200936	Gryphon Normal Attack	Gryphon Normal Attack
10110200937	Gryphon Skills	Gryphon Skills
10110200938	Kobold Leader Normal Attack	Kobold Leader Normal Attack
10110200939	Kobold Leader Skills	Kobold Leader Skills
10110200940	Toad Normal Attack	Toad Normal Attack
10110200941	Toad Skills	Toad Skills
10110200942	Cat o' Nine-Tail Normal Attack	Cat o' Nine-Tail Normal Attack
10110200943	Cat o' Nine-Tail Skills	Cat o' Nine-Tail Skills
10110200944	Ring of Light	Ring of Light
10110200945	Angel Swipe	Angel Swipe
10110200946	Poring Explosion	Poring Explosion
10110200947	Realm of Light	Realm of Light
10110200948	Pyroblast	Pyroblast
10110200949	Lava Heatwave	Lava Heatwave
10110200950	Summon Self-Destruct Poring	Summon Self-Destruct Poring
10110200951	Summon Thief Bug	Summon Thief Bug
10110200952	Frenzy	Frenzy
10110200953	Ring of Darkness	Ring of Darkness
10110200954	Fallen Swipe	Fallen Swipe
10110200955	Bombring Explosion	Bombring Explosion
10110200956	Realm of Darkness	Realm of Darkness
10110200957	Summon Bombring	Summon Bombring
10110200958	Terrifying Roar	Terrifying Roar
10110200959	Blade Whirlwind	Blade Whirlwind
10110200960	Spinning Blade Strike	Spinning Blade Strike
10110200961	Shatterblade	Shatterblade
10110200962	Rock-Shattering Strike	Rock-Shattering Strike
10110200963	Stone Glyph Slash	Stone Glyph Slash
10110200964	Petrify Cleave	Petrify Cleave
10110200965	Petrifying Mist	Petrifying Mist
10110200966	Sandstorm	Sandstorm
10110200967	Light Poring Normal Attack-Holy	Light Poring Normal Attack-Holy
10110200968	Golden Thief Bug Normal Attack-Fire	Golden Thief Bug Normal Attack-Fire
10110200969	Fallen Poring Normal Attack-Earth	Fallen Poring Normal Attack-Earth
10110200970	Orc Hero Normal Attack-Earth	Orc Hero Normal Attack-Earth
10110200971	Maya Normal Attack-Earth	Maya Normal Attack-Earth
10110200972	Orc Lord Normal Attack-Earth	Orc Lord Normal Attack-Earth
10110200973	Goblin Leader Normal Attack-Wind	Goblin Leader Normal Attack-Wind
10110200974	Mistress Normal Attack-Wind	Mistress Normal Attack-Wind
10110200975	Phreeoni Normal Attack-Neutral	Phreeoni Normal Attack-Neutral
10110200976	Eddga Normal Attack-Fire	Eddga Normal Attack-Fire
10110200977	Wavechaser Captain Normal Attack-Eternal	Wavechaser Captain Normal Attack-Eternal
10110200978	Powerful Drain	Powerful Drain
10110200979	Beehive Toss	Beehive Toss
10110200980	Stinger Assault	Stinger Assault
10110200981	Stinger Barrage	Stinger Barrage
10110200982	Swarming Bees	Swarming Bees
10110200983	Stinger Barrage@{1}	Stinger Barrage@{1}
10110200984	Hiding	Hiding
10110200985	Powerful Drain Trigger	Powerful Drain Trigger
10110200986	Osiris Normal Attack	Osiris Normal Attack
10110200987	Summon Horong	Summon Horong
10110200988	Bandage Lash	Bandage Lash
10110200989	Summon Mummy	Summon Mummy
10110200990	Tracking Horong	Tracking Horong
10110200991	Dark Pulse	Dark Pulse
10110200992	Goblin Leader Normal Attack	Goblin Leader Normal Attack
10110200993	Intimidating Roar	Intimidating Roar
10110200994	Spear Thrust	Spear Thrust
10110200995	Summon Spear	Summon Spear
10110200996	Hornet Assault	Hornet Assault
10110200997	Falling Beehive	Falling Beehive
10110200998	Hornet Attack	Hornet Attack
10110200999	Mistress Normal Attack	Mistress Normal Attack
10110201000	Boss Spear Throw	Boss Spear Throw
10110201001	Spear Barrage	Spear Barrage
10110201002	Baphomet Normal Attack	Baphomet Normal Attack
10110201003	Scythe Sweep Attack	Scythe Sweep Attack
10110201004	Inferno Explosion	Inferno Explosion
10110201005	Hellfire	Hellfire
10110201006	Summon Scythe	Summon Scythe
10110201007	Soul Reaper	Soul Reaper
10110201008	Summon Coffin	Summon Coffin
10110201009	Mummy's Hand	Mummy's Hand
10110201010	Summon Pyramid	Summon Pyramid
10110201011	Spinning Pyramid	Spinning Pyramid
10110201012	Coffin Eruption	Coffin Eruption
10110201013	Scarab Swarm	Scarab Swarm
10110201014	Pharaoh Normal Attack	Pharaoh Normal Attack
10110201015	Gift of the Underworld	Gift of the Underworld
10110201016	Shadow Siphon	Shadow Siphon
10110201017	Funeral Beat	Funeral Beat
10110201018	Orc Lord Normal Attack	Orc Lord Normal Attack
10110201019	Brutal Sweep Attack	Brutal Sweep Attack
10110201020	Rockfall Barrage	Rockfall Barrage
10110201021	Triple Quake	Triple Quake
10110201022	Gravity Totem	Gravity Totem
10110201023	Gravity Totem Explosion	Gravity Totem Explosion
10110201024	Brute Force Rupture	Brute Force Rupture
10110201025	Gravity Totem Pull	Gravity Totem Pull
10110201026	Orc Lord-Placeholder	Orc Lord-Placeholder
10110201027	Moonlight Flower Normal Attack	Moonlight Flower Normal Attack
10110201028	Dark Corrosion	Dark Corrosion
10110201029	Sonic Impact	Sonic Impact
10110201030	Falling Bell	Falling Bell
10110201031	Bell Resonance	Bell Resonance
10110201032	Moonlight Flower-Placeholder	Moonlight Flower-Placeholder
10110201033	Roaming Tempest	Roaming Tempest
10110201034	Doppelganger Normal Attack	Doppelganger Normal Attack
10110201035	Dark Magnum Break	Dark Magnum Break
10110201036	Charging Blade	Charging Blade
10110201037	Blade Fan	Blade Fan
10110201038	Storm Gust	Storm Gust
10110201039	Summon Clone	Summon Clone
290000	Ally	Ally
290001	Enemy Team	Enemy Team
290002	Season Data	Season Data
290003	Match Data	Match Data
290004	Total Matches	Total Matches
290005	Victories	Victories
290006	MVP Count	MVP Count
290007	Total Kills	Total Kills
290008	Likes Received	Likes Received
290009	Kill	Kill
290010	Aid	Aid
290011	Healing	Healing
290012	Assist	Assist
290013	Damage	Damage
290014	Killstreak	Killstreak
290015	Victory	Victory
290016	Failed	Failed
290017	Title	Title
290018	Wins/Losses	Wins/Losses
290019	Points	Points
290020	Rank	Rank
290021	Defeat	Defeat
290022	Near Death	Near Death
290023	Assist	Assist
290024	Time	Time
290025	Offline	Offline
290026	DMG Taken	DMG Taken
290027	Highest Killstreak	Highest Killstreak
290028	Match Stats	Match Stats
290029	Continue (${1}s)	Continue (${1}s)
290030	Tap to continue	Tap to continue
290031	Overview	Overview
290032	Data	Data
290033	Like All	Like All
290034	Me Result	Me Result
290035	Battle Score	Battle Score
290036	Overall Ranking	Overall Ranking
290037	Faction Ranking	Faction Ranking
290038	Class Ranking	Class Ranking
290039	Return to Screen (${1}s)	Return to Screen (${1}s)
290040	Battle of Dragon Coffin Island	Battle of Dragon Coffin Island
290041	Start Matching: Battle of Dragon Coffin Island	Start Matching: Battle of Dragon Coffin Island
290042	Victory Points ${1}	Victory Points ${1}
290043	All Players: ${1}/${2}	All Players: ${1}/${2}
290044	Join the Battle of Dragon Coffin Island Solo	Join the Battle of Dragon Coffin Island Solo
290045	Battle Begins	Battle Begins
290046	This Week's Limit Reached	This Week's Limit Reached
290047	Total limit reached	Total limit reached
290048	Notice	Notice
290049	You have Entered the Battlefield. Exiting before the match ends will result in a penalty and point deduction.	You have Entered the Battlefield. Exiting before the match ends will result in a penalty and point deduction.
290050	Confirm	Confirm
290051	Cancel	Cancel
290052	Available Time:	Available Time:
290053	Open Mondays, Wednesdays, and Saturdays from 17:00–18:30	Open Mondays, Wednesdays, and Saturdays from 17:00–18:30
290054	Ends in ${1}	Ends in ${1}
290055	No match Data available	No match Data available
290056	Excellent Player	Excellent Player
10110201097	Esen's Slaughter	Esen's Slaughter
10110201098	Orc Roar	Orc Roar
10110201099	Armor-Shattering War Cry	Armor-Shattering War Cry
10110201100	Orc Stomp	Orc Stomp
10110201101	Storm Fang	Storm Fang
10110201102	Rending Tiger Roar	Rending Tiger Roar
10110201103	Enraged Tiger Roar	Enraged Tiger Roar
10110201104	Savage Shield	Savage Shield
10110201105	Tribal Protection	Tribal Protection
10110201106	Goat's Protection	Goat's Protection
10110201107	Heaven's Drive	Heaven's Drive
10110201108	Stunning Tremor	Stunning Tremor
10110201109	Root Burst	Root Burst
10110201110	Demonic Aura Surge	Demonic Aura Surge
10110201111	Demonic Curse	Demonic Curse
10110201112	Demonic Aura Burst	Demonic Aura Burst
10110201113	Choco Antics	Choco Antics
10110201114	Agility Song	Agility Song
10110201115	Swift Trick	Swift Trick
10110201116	Abomination Blade	Abomination Blade
10110201117	Abominable Roar	Abominable Roar
10110201118	Abominable Shriek	Abominable Shriek
10110201119	Splash	Splash
10110201120	Eternal Curse	Eternal Curse
10110201121	Spreading Curse	Spreading Curse
10110201122	Quicksand Trap Hunter	Quicksand Trap Hunter
10110201123	Malicious Curse	Malicious Curse
10110201124	Mummy's Curse	Mummy's Curse
10110201125	Soul's Protection	Soul's Protection
10110201126	Spectral Protection	Spectral Protection
10110201127	Spectral Wandering	Spectral Wandering
10110201128	Tainted Soul Slash	Tainted Soul Slash
10110201129	Corrupted Soul Impact	Corrupted Soul Impact
10110201130	Gale Slash	Gale Slash
10110201131	Wander Man Slash	Wander Man Slash
10110201132	Slash	Slash
10110201133	Corrupted Wander Man Core Passive	Corrupted Wander Man Core Passive
10110201134	Shadow Hoofprint	Shadow Hoofprint
10110201135	Sinister Cry	Sinister Cry
10110201136	Shadow Summoning	Shadow Summoning
10110201137	Dance of Death	Dance of Death
10110201138	Gun-Smoke Severe Wound	Gun-Smoke Severe Wound
10110201139	Full Barrage	Full Barrage
10110201140	Nightmare Entanglement	Nightmare Entanglement
10110201141	Fear Returns	Fear Returns
10110201142	Nightmare Stomp	Nightmare Stomp
10110201143	Blazing Fist Rampage	Blazing Fist Rampage
10110201144	Flames Rekindled	Flames Rekindled
10110201145	Blazing Thrust	Blazing Thrust
10110201146	Flame Fist	Flame Fist
10110201147	Curse Puppet	Curse Puppet
10110201148	Mind Fright	Mind Fright
10110201149	Ancient Tree Entanglement	Ancient Tree Entanglement
10110201150	Branch Guard	Branch Guard
10110201151	Ancient Tree Normal Attack	Ancient Tree Normal Attack
10110201152	Flame Eruption	Flame Eruption
10110201153	Lava Erosion	Lava Erosion
10110201154	Lingering Breath	Lingering Breath
10110201155	Lightning Surge	Lightning Surge
10110201156	Summon Lightning	Summon Lightning
10110201157	Nether Rift	Nether Rift
10110201158	Undead Convergence	Undead Convergence
10110201159	Nether Phantom	Nether Phantom
10110201160	Daedre: Passive Trigger	Daedre: Passive Trigger
10110201161	Iron Ball Rampage	Iron Ball Rampage
10110201162	Concussion	Concussion
10110201163	Iron Ball Smash	Iron Ball Smash
10110201164	Multiple Damage	Multiple Damage
10110201165	Fierce Blade	Fierce Blade
10110201166	Blade Rampage	Blade Rampage
10110201167	Dancing Blades	Dancing Blades
10110201168	Alert Reconnaissance	Alert Reconnaissance
10110201169	Farsight Revelation	Farsight Revelation
10110201170	Vine Strike	Vine Strike
10110201171	Fruit Blossom Healing	Fruit Blossom Healing
10110201172	Forest's Blessing	Forest's Blessing
10110201173	Tree Spirit Curse	Tree Spirit Curse
10110201174	Echoing Bell	Echoing Bell
10110201175	Lingering Echo	Lingering Echo
10110201176	Time Lock	Time Lock
10110201177	Ninja Art: Vanishing Trail	Ninja Art: Vanishing Trail
10110201178	Ninja Art: Smoke Screen	Ninja Art: Smoke Screen
10110201179	Ninja Art: Chain Blast	Ninja Art: Chain Blast
10110201180	Fire Ninja Darkness	Fire Ninja Darkness
10110201181	Silver Moon Descends	Silver Moon Descends
10110201182	Radiant Moon	Radiant Moon
10110201183	Silver Moon Strike	Silver Moon Strike
28074	Scenario:	Scenario:
10110201311	Stone Blades - Inner Ring	Stone Blades - Inner Ring
10110201312	Heavy Shield Defense - Raise Shield Start	Heavy Shield Defense - Raise Shield Start
10110201313	Heavy Shield Defense - Shield Raised	Heavy Shield Defense - Shield Raised
10110201314	Heavy Shield Defense - Broken While Raising Shield	Heavy Shield Defense - Broken While Raising Shield
10110201315	Heavy Shield Defense - Full-screen AOE	Heavy Shield Defense - Full-screen AOE
10110201316	Heavy Shield Defense - Alternate	Heavy Shield Defense - Alternate
10110201317	Ring Blade Kunai - Boss Leap	Ring Blade Kunai - Boss Leap
10110201318	Ring Blade Kunai - Boss Landing	Ring Blade Kunai - Boss Landing
10110201319	Ring Blade Kunai - Player Blade Deflection	Ring Blade Kunai - Player Blade Deflection
10110201320	Ringblade Kunai-Player Shield	Ringblade Kunai-Player Shield
10110201321	Ringblade Kunai-Launch Blade	Ringblade Kunai-Launch Blade
10110201322	Ringblade Kunai-Kunai	Ringblade Kunai-Kunai
10110201323	Ringblade Kunai-Add Player Tag	Ringblade Kunai-Add Player Tag
10110201324	Ringblade Kunai-Alternate	Ringblade Kunai-Alternate
10110201325	Blink	Blink
10110201326	Blink Alternate	Blink Alternate
10110201327	Use Instance Revive Count	Use Instance Revive Count
10110201328	Blade Deflection	Blade Deflection
10110201329	Greatblade Slash	Greatblade Slash
10110201330	Blade Mountain-Ring-@{1}	Blade Mountain-Ring-@{1}
10110201331	Blade Mountain-Ring-@{1}-Alternate	Blade Mountain-Ring-@{1}-Alternate
10110201332	Blade Mountain-Rectangle-@{1}	Blade Mountain-Rectangle-@{1}
10110201333	Blade Mountain-Rectangle-@{1}-Alternate	Blade Mountain-Rectangle-@{1}-Alternate
10110201334	Link Placeholder	Link Placeholder
10110201335	Mark Target	Mark Target
10110201336	Obtain Greatblade	Obtain Greatblade
10110201337	Obtain Shield	Obtain Shield
10110201338	Rockbreaker@{1}	Rockbreaker@{1}
10110201339	Blade Deflection Easy	Blade Deflection Easy
10110201340	Flying Blade Check	Flying Blade Check
10110201341	Mark Target@{1}	Mark Target@{1}
10110201342	Blade Deflection Mechanic Warning	Blade Deflection Mechanic Warning
10110201343	Drake Normal Attack	Drake Normal Attack
10110201344	Falling Cannonball	Falling Cannonball
10110201345	Summon Puppets	Summon Puppets
10110201346	Watch Out for Explosive Barrels	Watch Out for Explosive Barrels
10110201347	Ghost Ship Grand Charge	Ghost Ship Grand Charge
10110201348	Drake Minion Normal Attack	Drake Minion Normal Attack
10110201349	Drake Water Pillar	Drake Water Pillar
10110201350	Drake Slash	Drake Slash
10110201351	Drake Thrust	Drake Thrust
10110201352	Drake Waterspout	Drake Waterspout
10110201353	Drake Water Blade	Drake Water Blade
10110201354	Drake Minion Wave Attack	Drake Minion Wave Attack
10110201355	Blink	Blink
10110201356	Falling Cross Cannonballs	Falling Cross Cannonballs
10110201357	Drake Thrust (Quick Stop)	Drake Thrust (Quick Stop)
10110201358	Falling Cannonball (No Animation)	Falling Cannonball (No Animation)
10110201359	Drake Waterspout (No Animation)	Drake Waterspout (No Animation)
10110201360	Cross Bombardment (No Animation)	Cross Bombardment (No Animation)
10110201361	Ghost Ship Grand Charge Horizontal@{1}	Ghost Ship Grand Charge Horizontal@{1}
10110201362	Ghost Ship Grand Charge Vertical@{1}	Ghost Ship Grand Charge Vertical@{1}
10110201363	Falling Cross Cannonballs (Vertical)	Falling Cross Cannonballs (Vertical)
10110201364	Falling Explosives	Falling Explosives
10110201365	Two Drake Waterspouts	Two Drake Waterspouts
10110201366	Four Drake Waterspouts	Four Drake Waterspouts
10110201367	Six Drake Waterspouts	Six Drake Waterspouts
10110201368	Drake Water Blade@{1}	Drake Water Blade@{1}
10110201369	Falling Explosive Barrels @{1} sec.	Falling Explosive Barrels @{1} sec.
10110201370	Ghost Ship Grand Charge Horizontal Easy	Ghost Ship Grand Charge Horizontal Easy
10110201371	Ghost Ship Grand Charge Vertical Easy	Ghost Ship Grand Charge Vertical Easy
10110201372	Beehive Throw@{1}	Beehive Throw@{1}
10110201373	Swarming Bees@{1}	Swarming Bees@{1}
10110201374	Falling Beehive@{1}	Falling Beehive@{1}
10110201375	Hornet Assault@{1}	Hornet Assault@{1}
10110201376	Hornet Assault+Falling Beehive	Hornet Assault+Falling Beehive
10110201377	Animation Only (Phase @{1}	Animation Only (Phase @{1}
10110201378	Enter Stealth in Phase @{1}	Enter Stealth in Phase @{1}
10110201379	Teleport	Teleport
10110201380	Maya Normal Attack	Maya Normal Attack
10110201381	Stone Glyph Slash (Deprecated)	Stone Glyph Slash (Deprecated)
10110201382	Petrifying Mist (Deprecated)	Petrifying Mist (Deprecated)
10110201383	Stone Pillar (Deprecated)	Stone Pillar (Deprecated)
10110201384	Silk Spit	Silk Spit
10110201385	Player Link	Player Link
10110201386	Sandstorm (Deprecated)	Sandstorm (Deprecated)
10110201387	Link Distance Check	Link Distance Check
10110201388	Reverse Stone Glyph Slash	Reverse Stone Glyph Slash
10110201389	Sandstorm Tutorial Version	Sandstorm Tutorial Version
10110201390	Stone Pillar@{1} (Deprecated)	Stone Pillar@{1} (Deprecated)
10110201391	Stone Glyph Slash Targeting	Stone Glyph Slash Targeting
10110201392	Stone Pillar Tracking Target	Stone Pillar Tracking Target
10110201393	Stone Pillar Random Point Selection	Stone Pillar Random Point Selection
10110201394	Petrifying Mist Tracking	Petrifying Mist Tracking
10110201395	Petrifying Cleave - Four Directions	Petrifying Cleave - Four Directions
10110201396	Petrifying Cleave - Tracking	Petrifying Cleave - Tracking
10110201397	New Ultimate	New Ultimate
10110201398	Player Link@{1}	Player Link@{1}
10110201399	Link Distance Check@{1}	Link Distance Check@{1}
10110201400	Silk Spit@{1}	Silk Spit@{1}
10110201401	Sandstorm@{1}	Sandstorm@{1}
10110201402	New Ultimate@{1}	New Ultimate@{1}
10110201403	Silk Spit Tutorial	Silk Spit Tutorial
10110201404	Field Skill	Field Skill
10110201405	Petrifying Mist Tracking - Easy	Petrifying Mist Tracking - Easy
10110201406	Stone Glyph Slash Targeting - Easy	Stone Glyph Slash Targeting - Easy
10110201407	Ultimate - Easy	Ultimate - Easy
10110201408	Stone Glyph Slash@{1}	Stone Glyph Slash@{1}
10110201409	Silk Spit@{1} Players	Silk Spit@{1} Players
10110201410	Link Red Status Check@{1}	Link Red Status Check@{1}
10110201411	Link Drag	Link Drag
10110201412	Stone Pillar Self-Destruct	Stone Pillar Self-Destruct
10110201413	Cancel Skill	Cancel Skill
10110201414	Locate	Locate
10110201415	Summon Horong	Summon Horong
10110201416	Dark Pulse	Dark Pulse
10110201417	Horong Split	Horong Split
10110201418	Summon Mummy	Summon Mummy
10110201419	Bandage Lash	Bandage Lash
10110201420	Astral Shift	Astral Shift
10110201421	Horong Tracking	Horong Tracking
10110201422	Boss Relative Position Check	Boss Relative Position Check
10110201423	Asset Library	Asset Library
10110201424	Bandage Lash@{1}	Bandage Lash@{1}
10110201425	Horong Split@{1}	Horong Split@{1}
10110201426	Dark Pulse@{1}	Dark Pulse@{1}
10110201427	Refresh Horong	Refresh Horong
10110201428	Summon Horong@{1}	Summon Horong@{1}
10110201429	Pre-Astral Shift Split	Pre-Astral Shift Split
10110201430	Horong Pulse	Horong Pulse
10110201431	Rotating Dark Pulse	Rotating Dark Pulse
10110201432	Cooldown Placeholder Skill	Cooldown Placeholder Skill
10110201433	Teleport to Center	Teleport to Center
10110201434	Cooldown Placeholder Skill@{1} sec.	Cooldown Placeholder Skill@{1} sec.
10110201435	Pharaoh Normal Attack	Pharaoh Normal Attack
10110201436	Summon Pyramid	Summon Pyramid
10110201437	Summon Coffin	Summon Coffin
10110201438	Coffin Eruption	Coffin Eruption
10110201439	Grasp of the Dead	Grasp of the Dead
10110201440	Shroud	Shroud
10110201441	Tear Off the Shroud	Tear Off the Shroud
10110201442	Shroud Detection	Shroud Detection
10110201443	Coffin Eruption@{1}	Coffin Eruption@{1}
10110201444	Divine Light Purification	Divine Light Purification
10110201445	Increase Damage Reduction	Increase Damage Reduction
10110201446	Laser Summon	Laser Summon
10110201447	Summon Coffin + Bandage	Summon Coffin + Bandage
10110201448	Coffin Bandage Restraint	Coffin Bandage Restraint
10110201449	Coffin Restraint@{1}Remove Stealth	Coffin Restraint@{1}Remove Stealth
10110201450	Pharaoh Ultimate	Pharaoh Ultimate
10110201451	Pharaoh Ultimate Damage	Pharaoh Ultimate Damage
10110201452	Blink	Blink
10110201453	Pyramid Skill Interrupted	Pyramid Skill Interrupted
10110201454	Death Ray	Death Ray
10110201455	Pyramid Laser Damage	Pyramid Laser Damage
10110201456	Laser	Laser
10110201457	Remove Curse	Remove Curse
10110201458	Laser Coffin Shot	Laser Coffin Shot
10110201459	Laser Summons Coffins	Laser Summons Coffins
10110201460	Mummy Normal Attack	Mummy Normal Attack
10110201461	Mummy Cone Attack	Mummy Cone Attack
10110201462	Bandage Ambush@{1}	Bandage Ambush@{1}
10110201463	Moonlight Flower Normal Attack	Moonlight Flower Normal Attack
10110201464	Moonlight Flower Ambush	Moonlight Flower Ambush
10110201465	Moonlight Flower Launches Light Wave	Moonlight Flower Launches Light Wave
10110201466	Moonlight Flower Ground Slam	Moonlight Flower Ground Slam
10110201467	Moonlight Flower Bell Incoming	Moonlight Flower Bell Incoming
10110201468	Moonlight Flower Bell Cage	Moonlight Flower Bell Cage
10110201469	Moonlight Flower Bell Charge Shuffle	Moonlight Flower Bell Charge Shuffle
10110201470	Moonlight Flower Spotlight Game	Moonlight Flower Spotlight Game
10110201471	Moonlight Flower Four-Corner Bell	Moonlight Flower Four-Corner Bell
10110201472	Moonlight Flower Bell Deathrattle	Moonlight Flower Bell Deathrattle
10110201473	Moonlight Flower Rapid-Fire Bullets	Moonlight Flower Rapid-Fire Bullets
10110201474	Moonlight Flower Targeted Ground-Slam Bullet	Moonlight Flower Targeted Ground-Slam Bullet
10110201475	Moonlight Flower Circle Underfoot	Moonlight Flower Circle Underfoot
10110201476	Moonlight Flower Bell Incoming@{1}	Moonlight Flower Bell Incoming@{1}
10110201477	Moonlight Flower Five-Corner Bell	Moonlight Flower Five-Corner Bell
10110201478	Moonlight Flower Knockback Ambush	Moonlight Flower Knockback Ambush
10110201479	Moonlight Flower Four-Corner Bell Hard	Moonlight Flower Four-Corner Bell Hard
10110201480	Moonlight Flower Five-Corner Bell Hard	Moonlight Flower Five-Corner Bell Hard
10110201481	Moonlight Flower Bell Charge Shuffle, Second Wave	Moonlight Flower Bell Charge Shuffle, Second Wave
10110201482	Moonlight Flower Bell Charge Hard Shuffle	Moonlight Flower Bell Charge Hard Shuffle
10110201483	Moonlight Flower Bell Charge Hard Shuffle, Second Wave	Moonlight Flower Bell Charge Hard Shuffle, Second Wave
10110201484	Moonlight Flower Spotlight Game Easy, Second Wave	Moonlight Flower Spotlight Game Easy, Second Wave
10110201485	Moonlight Flower Spotlight Game Hard, Second Wave	Moonlight Flower Spotlight Game Hard, Second Wave
10110201486	P@{1} Launches @{3} Bubbles Every @{2}s	P@{1} Launches @{3} Bubbles Every @{2}s
10110201487	EsteP@{1} Random Bubbles	EsteP@{1} Random Bubbles
10110201488	Same-Color Colliding Bubbles	Same-Color Colliding Bubbles
10110201489	Add @{1} Different-Color Bubbles Side by Side	Add @{1} Different-Color Bubbles Side by Side
10110201490	Launch Red Bubble	Launch Red Bubble
10110201491	Launch Yellow Bubble	Launch Yellow Bubble
10110201492	Launch Blue Bubble	Launch Blue Bubble
10110201493	Launch Green Bubble	Launch Green Bubble
10110201494	Launch Homing Bubble	Launch Homing Bubble
10110201495	Launch Wave	Launch Wave
10110201496	Full-Arena Wave	Full-Arena Wave
10110201497	Wave Splash	Wave Splash
10110201498	Cone-Shaped Wave	Cone-Shaped Wave
10110201499	Create @{1} Grid Bubbles	Create @{1} Grid Bubbles
10110201500	Create @{1} Homing Bubbles	Create @{1} Homing Bubbles
10110201501	Create @{1} Different-Color Cross Bubbles	Create @{1} Different-Color Cross Bubbles
10110201502	Create @{1} Same-Color Cross Bubbles	Create @{1} Same-Color Cross Bubbles
10110201503	Launch Red Homing Bubble	Launch Red Homing Bubble
10110201504	Launch Yellow Homing Bubble	Launch Yellow Homing Bubble
10110201505	Launch Blue Homing Bubble	Launch Blue Homing Bubble
10110201506	Launch Green Homing Bubble	Launch Green Homing Bubble
10110201507	Send Stage Message@{1}	Send Stage Message@{1}
10110201508	Launch Stationary Red Bubble	Launch Stationary Red Bubble
10110201509	Launch Stationary Yellow Bubble	Launch Stationary Yellow Bubble
10110201510	Launch Stationary Blue Bubble	Launch Stationary Blue Bubble
10110201511	Launch Stationary Green Bubble	Launch Stationary Green Bubble
10110201512	Normal Attack@{1}	Normal Attack@{1}
10110201513	Targeted Stationary Bubble	Targeted Stationary Bubble
10110201514	Homing Bubble Action	Homing Bubble Action
10110201515	Straight-Line Bubble Action	Straight-Line Bubble Action
10110201516	Launch Water Jet	Launch Water Jet
10110201517	P@{1} Applies Buff	P@{1} Applies Buff
10110201518	Straight-Line Bubble Action@{1}	Straight-Line Bubble Action@{1}
10110201519	P@{1} Action	P@{1} Action
10110201520	P@{1} Red Bubble	P@{1} Red Bubble
10110201521	P@{1} Yellow Bubble	P@{1} Yellow Bubble
10110201522	P@{1} Blue Bubble	P@{1} Blue Bubble
10110201523	P@{1} Green Bubble	P@{1} Green Bubble
10110201524	Unstable Red Bubble	Unstable Red Bubble
10110201525	Unstable Yellow Bubble	Unstable Yellow Bubble
10110201526	Unstable Blue Bubble	Unstable Blue Bubble
10110201527	Unstable Green Bubble	Unstable Green Bubble
10110201528	P@{1} Red Bubble@{2}	P@{1} Red Bubble@{2}
10110201529	P@{1} Yellow Bubble@{2}	P@{1} Yellow Bubble@{2}
10110201530	P@{1} Blue Bubble@{2}	P@{1} Blue Bubble@{2}
10110201531	P@{1} Green Bubble@{2}	P@{1} Green Bubble@{2}
10110201532	Link Effect	Link Effect
10110201533	Eight-Direction Wave	Eight-Direction Wave
10110201534	Water Jet Damage	Water Jet Damage
10110201535	Ground Red Bubble	Ground Red Bubble
10110201536	Ground Yellow Bubble	Ground Yellow Bubble
10110201537	Ground Blue Bubble	Ground Blue Bubble
10110201538	Ground Green Bubble	Ground Green Bubble
10110201539	Create @{1} Ground Bubbles	Create @{1} Ground Bubbles
10110201540	Create @{1} Differently Colored Homing Bubbles	Create @{1} Differently Colored Homing Bubbles
10110201541	Create @{1} Same-Color Homing Bubbles	Create @{1} Same-Color Homing Bubbles
10110201542	Boss Movement Detection	Boss Movement Detection
10110201543	@{1} Color Tracks @{2} Players	@{1} Color Tracks @{2} Players
10110201544	Normal Attack Shell	Normal Attack Shell
10110201545	Whirling Dance Step	Whirling Dance Step
10110201546	Dazzling Dance Step	Dazzling Dance Step
10110201547	Stomping Dance Step	Stomping Dance Step
10110201548	Resonant Dance Step	Resonant Dance Step
10110201549	Dance Machine	Dance Machine
10110201550	Rhythm Game Interaction	Rhythm Game Interaction
10110201551	Dance Move	Dance Move
10110201552	Up_Trigger Check	Up_Trigger Check
10110201553	Down_Trigger Check	Down_Trigger Check
10110201554	Left_Trigger Check	Left_Trigger Check
10110201555	Right_Trigger Check	Right_Trigger Check
10110201556	Dance Machine_Remove Transform Buff	Dance Machine_Remove Transform Buff
10110201557	Tile-Occupying Derived Skill@{1}	Tile-Occupying Derived Skill@{1}
10110201558	Furious Strike	Furious Strike
10110201559	Dance Machine_Remove Transform Buff[Consecutive Transform Fix]	Dance Machine_Remove Transform Buff[Consecutive Transform Fix]
10110201560	Boss Up	Boss Up
10110201561	Boss Down	Boss Down
10110201562	Boss Left	Boss Left
10110201563	Boss Right	Boss Right
10110201564	Up Down Left Right-Correct Feedback	Up Down Left Right-Correct Feedback
10110201565	Up, Down, Left, Right-Failure Feedback	Up, Down, Left, Right-Failure Feedback
10110201566	Skill@{1}_Flash Bomb (Variant) Targeting	Skill@{1}_Flash Bomb (Variant) Targeting
10110201567	Skill@{1}_Flash Bomb (Variant) Damage	Skill@{1}_Flash Bomb (Variant) Damage
10110201568	Skill@{1}_Summon X@{2} Cross Compression Zone	Skill@{1}_Summon X@{2} Cross Compression Zone
10110201569	Skill@{1}_Summon X Cross@{2} Compression Zone	Skill@{1}_Summon X Cross@{2} Compression Zone
10110201570	Skill@{1}_Summon Eight-Way Compression Zone	Skill@{1}_Summon Eight-Way Compression Zone
10110201571	Skill@{1}_Flash Bomb Hell Mode	Skill@{1}_Flash Bomb Hell Mode
10110201572	Rhythmic Moonlit Challenger@{1}s	Rhythmic Moonlit Challenger@{1}s
10110201573	Skill@{1}_Dance Machine_New	Skill@{1}_Dance Machine_New
10110201574	Skill@{1}_Player Transforms into Dancing NPC	Skill@{1}_Player Transforms into Dancing NPC
10110201575	Skill@{1}_Play VFX When Dancing NPC Exits	Skill@{1}_Play VFX When Dancing NPC Exits
10110201576	Boss Creates Interaction Magic Circle	Boss Creates Interaction Magic Circle
10110201577	Yellow Interaction Circle	Yellow Interaction Circle
10110201578	Rhythmic Stomp	Rhythmic Stomp
10110201579	Create Interaction Magic Circle@{1}	Create Interaction Magic Circle@{1}
10110201580	Create Interaction Magic Circle (Deformed)@{1}	Create Interaction Magic Circle (Deformed)@{1}
10110201581	Purple Interaction Circle	Purple Interaction Circle
10110201582	Hold Skill VFX	Hold Skill VFX
10110201583	Skill@{1}(New)_Summon Compression Zone	Skill@{1}(New)_Summon Compression Zone
10110201584	Skill@{1}_Hell Mode@{2}	Skill@{1}_Hell Mode@{2}
10110201585	Skill@{1}(New)_Compression Zone Damage	Skill@{1}(New)_Compression Zone Damage
10110201586	Skill@{1}_Summon Cross Compression Zone	Skill@{1}_Summon Cross Compression Zone
10110201587	Skill@{1}_Cross Compression Zone Player Damage	Skill@{1}_Cross Compression Zone Player Damage
10110201588	Skill@{1}_Summon X-Shaped Compression Zone	Skill@{1}_Summon X-Shaped Compression Zone
10110201589	Skill@{1}_Hard Mode@{2}	Skill@{1}_Hard Mode@{2}
10110201590	Skill@{1}_Summon Circle@{2}+Transform+Circle-Stepping Interaction Skill	Skill@{1}_Summon Circle@{2}+Transform+Circle-Stepping Interaction Skill
10110201591	Skill@{1}_Summon Circle@{2}	Skill@{1}_Summon Circle@{2}
10110201592	Skill@{1}_Remove Circle-Stepping Interaction Skill	Skill@{1}_Remove Circle-Stepping Interaction Skill
10110201593	Skill@{1}Charge Up	Skill@{1}Charge Up
10110201594	Skill@{1}Multihit Charge Up	Skill@{1}Multihit Charge Up
10110201595	Skill@{1}Super Multihit Charge Up	Skill@{1}Super Multihit Charge Up
10110201596	Skill@{1}Shout	Skill@{1}Shout
10110201597	Skill@{1}Shout@{2}	Skill@{1}Shout@{2}
10110201598	Skill@{1}Meteor Shower	Skill@{1}Meteor Shower
10110201599	Skill@{1}Meteor Shower@{2}	Skill@{1}Meteor Shower@{2}
10110201600	Skill@{1}Melodic Flame@{2}	Skill@{1}Melodic Flame@{2}
10110201601	Skill@{1}Call@{2}	Skill@{1}Call@{2}
10110201602	Skill@{1}Memory Game	Skill@{1}Memory Game
10110201603	Skill@{1}Memory Game_Magic Circle Skill	Skill@{1}Memory Game_Magic Circle Skill
10110201604	Skill@{1}Drumbeat Cage	Skill@{1}Drumbeat Cage
10110201605	Skill@{1}Drumbeat Cage_Area Knockback	Skill@{1}Drumbeat Cage_Area Knockback
10110201606	Skill@{1}Intoxication	Skill@{1}Intoxication
10110201607	Skill@{1}Enrage Countdown	Skill@{1}Enrage Countdown
10110201608	Skill@{1}Phase Transition Performance	Skill@{1}Phase Transition Performance
10110201609	Obtain Red Note	Obtain Red Note
10110201610	Obtain Blue Note	Obtain Blue Note
10110201611	Obtain Yellow Note	Obtain Yellow Note
10110201612	Obtain Green Note	Obtain Green Note
10110201613	Compose Movement	Compose Movement
10110201614	Perform Movement	Perform Movement
10110201615	Final Movement	Final Movement
10110201616	Normal Attack_@{1}	Normal Attack_@{1}
10110201617	Triple Strike_@{1}	Triple Strike_@{1}
10110201618	Lock-On Rectangle	Lock-On Rectangle
10110201619	Roar Rockfall-No Logic Yet	Roar Rockfall-No Logic Yet
10110201620	One-Hit KO Targeting-No Logic Yet	One-Hit KO Targeting-No Logic Yet
10110201621	Circular AoE-No Logic Yet	Circular AoE-No Logic Yet
10110201622	Advancing Cone Damage-No Logic Yet	Advancing Cone Damage-No Logic Yet
10110201623	Skill@{1}	Skill@{1}
10110201624	Skill@{1}	Skill@{1}
10110201625	Skill@{1} Variant	Skill@{1} Variant
10110201626	Giant Normal Attack	Giant Normal Attack
10110201627	Weak	Weak
10110201628	Linked Skill	Linked Skill
10110201629	Linked Skill Variant@{1}	Linked Skill Variant@{1}
10110201630	Normal Attack@{1}	Normal Attack@{1}
10110201631	Coming Soon	Coming Soon
10110201632	Knight Note@{1}	Knight Note@{1}
10110201633	Crusader Note@{1}	Crusader Note@{1}
10110201634	Mage Note@{1}	Mage Note@{1}
10110201635	Hunter Note@{1}	Hunter Note@{1}
10110201636	Battle Chant Harmony - Consonance	Battle Chant Harmony - Consonance
10110201637	Melodic Flow	Melodic Flow
10110201638	Battle Chant Harmony - Rhythm	Battle Chant Harmony - Rhythm
10110201639	Battle Chant Harmony - Resonance	Battle Chant Harmony - Resonance
10110201640	Battle Chant Harmony - Psalm	Battle Chant Harmony - Psalm
10110201641	Battle Chant Harmony - Chorus	Battle Chant Harmony - Chorus
10110201642	Song of Suffering - Organum	Song of Suffering - Organum
10110201643	Song of Suffering - Murmur	Song of Suffering - Murmur
10110201644	Song of Suffering - Baptism	Song of Suffering - Baptism
10110201645	Song of Suffering - Sacred Music Incarnate	Song of Suffering - Sacred Music Incarnate
10110201646	Musical Phrase	Musical Phrase
10110201647	Priest Note@{1}	Priest Note@{1}
10110201648	Assassin Note@{1}	Assassin Note@{1}
10110201649	Merchant Note@{1}	Merchant Note@{1}
10110201650	Solace of Eternal Silence	Solace of Eternal Silence
10110201651	Melodic Axe Tornado	Melodic Axe Tornado
10110201652	Melodic Axe Tornado - Enhance	Melodic Axe Tornado - Enhance
10110201653	Melodic High-Energy Impact	Melodic High-Energy Impact
10110201654	Melody Cannon	Melody Cannon
10110201655	Melody Cannon - Enhance	Melody Cannon - Enhance
10110201656	Melody Vulcan	Melody Vulcan
10110201657	Melody Bombardment	Melody Bombardment
10110201658	Melody Burst	Melody Burst
10110201659	Melody Impact	Melody Impact
10110201660	Melody Vortex	Melody Vortex
10110201661	Melody Hurricane	Melody Hurricane
10110201662	Melody Tidal Wave	Melody Tidal Wave
10110201663	Enhanced Shield Press	Enhanced Shield Press
10110201664	Moonlit Echo	Moonlit Echo
10110201665	Radiant Bloom	Radiant Bloom
10110201666	Golden Moon Ring	Golden Moon Ring
10110201667	Brilliant Nova	Brilliant Nova
10110201668	Guardian's Might	Guardian's Might
10110201669	Unyielding Will	Unyielding Will
10110201670	Absolute Defense	Absolute Defense
10110201671	Accented Assault	Accented Assault
10110201672	Enhanced Focused Arrow Strike	Enhanced Focused Arrow Strike
10110201673	Enhanced Focused Arrow Strike (Unlimited Shooting)	Enhanced Focused Arrow Strike (Unlimited Shooting)
10110201674	Dance Move: Wolf Pack	Dance Move: Wolf Pack
10110201675	Coordinated Hunt	Coordinated Hunt
10110201676	Rhythmic Wolf King	Rhythmic Wolf King
10110201677	Rhythmic Warg Minion (Warg Charge)	Rhythmic Warg Minion (Warg Charge)
10110201678	Rhythmic Warg Minion (Warg Bite)	Rhythmic Warg Minion (Warg Bite)
10110201679	Rhythmic Arrow	Rhythmic Arrow
10110201680	Infinite Rhapsody	Infinite Rhapsody
10110201681	Gale Beat	Gale Beat
10110201682	Celestial Symphony	Celestial Symphony
10110201683	Wolf Pack Disco	Wolf Pack Disco
10110201684	Rhythmic Warg	Rhythmic Warg
10110201685	Wind-Pressure Blade	Wind-Pressure Blade
10110201686	Hundred Spear - Enhance	Hundred Spear - Enhance
10110201687	Ultimate Hundred Spear	Ultimate Hundred Spear
10110201688	Precision Thrust	Precision Thrust
10110201689	Sonic Burst	Sonic Burst
10110201690	Dragon's Descent	Dragon's Descent
10110201691	Half-Dragon Form	Half-Dragon Form
10110201692	Sweep Attack	Sweep Attack
10110201693	Return of the Demon King	Return of the Demon King
10110201694	Pixel Thrust	Pixel Thrust
10110201695	Beat Bounce	Beat Bounce
10110201696	Electro Rock	Electro Rock
10110201697	Double Volume	Double Volume
10110201698	Shadow Loop	Shadow Loop
10110201699	Flowing Shadow	Flowing Shadow
10110201700	Thousand Shadows	Thousand Shadows
10110201701	Shadow Guard	Shadow Guard
10110201702	Piercing Shadow	Piercing Shadow
10110201703	Move back Shadow Echo	Move back Shadow Echo
10110201704	Cross Ripper Slasher	Cross Ripper Slasher
10110201705	Rock Step	Rock Step
10110201706	Graffiti Mastery	Graffiti Mastery
10110201707	Thomas Flare	Thomas Flare
10110201708	DJ Reverb	DJ Reverb
10110201709	Triple Rhyme	Triple Rhyme
10110201710	Hip-Hop Impersonation	Hip-Hop Impersonation
10110201711	Encore	Encore
10110201712	Freestyle Rap	Freestyle Rap
10110201713	Petrify Curse	Petrify Curse
10110201714	Destructive Flame	Destructive Flame
10110201715	Jack Frost (Copy)	Jack Frost (Copy)
10110201716	Earth Strain (Copy)	Earth Strain (Copy)
10110201717	Crimson Rock (Copy)	Crimson Rock (Copy)
10110201718	Thunderclap (Copy)	Thunderclap (Copy)
10110201719	Comet (Copy)	Comet (Copy)
10110201720	Tetra Vortex (Copy)	Tetra Vortex (Copy)
10110201721	Meteor	Meteor
10110201722	Meteor (Copy)	Meteor (Copy)
10110201723	White Imprison Trigger	White Imprison Trigger
10110201724	Psychokinetic Astral Body (Copy)	Psychokinetic Astral Body (Copy)
10110201725	Remix Resonance	Remix Resonance
10110201726	Voice of the Soul	Voice of the Soul
10110201727	Resonance Focus	Resonance Focus
10110201728	Neon Spotlight	Neon Spotlight
10110201729	Finale Impact	Finale Impact
10110201730	Elemental Ensemble	Elemental Ensemble
10110201731	Prismatic Meteor	Prismatic Meteor
10110201732	Mixed Accompaniment	Mixed Accompaniment
10110201733	Disco Accent	Disco Accent
10110201734	Angel Incarnate	Angel Incarnate
10110201735	Enlightenment	Enlightenment
10110201736	Evil Spirit Possession	Evil Spirit Possession
10110201737	Holy Judgment	Holy Judgment
10110201738	Black Feather Burst	Black Feather Burst
10110201739	Interwoven Light and Dark: Physical	Interwoven Light and Dark: Physical
10110201740	Interwoven Light and Dark: Magic	Interwoven Light and Dark: Magic
10110201741	Equal Grace	Equal Grace
10110201742	Manifestation	Manifestation
10110201743	Divine Remnant	Divine Remnant
10110201744	Free Will	Free Will
10110201745	Coordinated Attack	Coordinated Attack
10110201746	Black Feather Barrage	Black Feather Barrage
10110201747	Praiser Priest Hymn: Equal Grace	Praiser Priest Hymn: Equal Grace
10110201748	Praiser Priest Hymn: Manifestation	Praiser Priest Hymn: Manifestation
10110201749	Praiser Priest Hymn: Divine Remnant	Praiser Priest Hymn: Divine Remnant
10110201750	Praiser Priest Hymn: Angel Incarnate	Praiser Priest Hymn: Angel Incarnate
10110201751	Exorciser Spell: Enlightenment	Exorciser Spell: Enlightenment
10110201752	Exorciser Spell: Free Will	Exorciser Spell: Free Will
10110201753	Exorciser Spell: Corruption	Exorciser Spell: Corruption
10110201754	Exorciser Spell: Evil Spirit Possession	Exorciser Spell: Evil Spirit Possession
10110201755	S@{1}Axe Tornado Invincible Whirlwind	S@{1}Axe Tornado Invincible Whirlwind
10110201756	S@{1}Cannon Pursuit	S@{1}Cannon Pursuit
10110201757	S@{1}Soul Burst	S@{1}Soul Burst
10110201758	S@{1}Vulcan Cannon@{2}	S@{1}Vulcan Cannon@{2}
10110201759	S@{1}Cannon	S@{1}Cannon
10110201760	S@{1}Cannon Enhance@{2}	S@{1}Cannon Enhance@{2}
10110201761	S@{1}Flamethrower	S@{1}Flamethrower
10110201762	S@{1}High-Energy Impact	S@{1}High-Energy Impact
10110201763	S@{1}High-Energy Pulse	S@{1}High-Energy Pulse
10110201764	S@{1}Crescent Moonblade	S@{1}Crescent Moonblade
10110201765	S@{1}Demonic Roar	S@{1}Demonic Roar
10110201766	Titan's Fury	Titan's Fury
10110201767	Seismic Cleave	Seismic Cleave
10110201768	Hellhound King	Hellhound King
10110201769	Ultimate Hundred Spears	Ultimate Hundred Spears
10110201770	True Dragon's Descent	True Dragon's Descent
10110201771	S@{1}Black Phantom Void	S@{1}Black Phantom Void
10110201772	S@{1}Cross Ripper Slasher Frenzy	S@{1}Cross Ripper Slasher Frenzy
10110201773	S@{1}Rolling Blade Barrage	S@{1}Rolling Blade Barrage
10110201774	Black Phantom	Black Phantom
10110201775	Cross Ripper Slasher	Cross Ripper Slasher
10110201776	Rolling Blade	Rolling Blade
10110201777	Camouflage Enhance	Camouflage Enhance
10110201778	S@{1}Shadow Loop	S@{1}Shadow Loop
10110201779	Soul Burst Technique	Soul Burst Technique
10110201780	S@{1}Flowing Shadow	S@{1}Flowing Shadow
10110201781	S@{1}Thousand Shadows	S@{1}Thousand Shadows
10110201782	S@{1}Shadow Guard	S@{1}Shadow Guard
10110201783	S@{1}Piercing Shadow	S@{1}Piercing Shadow
10110201784	S@{1}Camouflage Enhance Dragon	S@{1}Camouflage Enhance Dragon
10110201785	Elemental Annihilation	Elemental Annihilation
10110201786	Crimson Rock Lv.@{1}	Crimson Rock Lv.@{1}
10110201787	Cat o' Nine-Tail Normal Attack	Cat o' Nine-Tail Normal Attack
10110201788	Cat o' Nine-Tail Skill	Cat o' Nine-Tail Skill
10110201789	Orc Hero New Skill	Orc Hero New Skill
10110201790	Eddga New Skill	Eddga New Skill
10110201791	Baphomet New Skill	Baphomet New Skill
10110201792	Osiris New Skill	Osiris New Skill
10110201793	Pharaoh New Skill	Pharaoh New Skill
10110201794	Coffin Eruption@{1}	Coffin Eruption@{1}
10110201795	Vocal Normal Attack	Vocal Normal Attack
10110201796	Vocal Skill	Vocal Skill
10110201797	Maya Purple Normal Attack	Maya Purple Normal Attack
10110201798	Maya Purple Skill	Maya Purple Skill
10110201799	Gryphon Normal Attack	Gryphon Normal Attack
10110201800	Gryphon Skill	Gryphon Skill
10110201801	Dark Priest Normal Attack	Dark Priest Normal Attack
10110201802	Dark Priest Skill	Dark Priest Skill
10110201803	Fatal Blow	Fatal Blow
10110201804	Endure	Endure
10110201805	Increase Recuperative Power	Increase Recuperative Power
10110201806	Sword Mastery	Sword Mastery
10110201807	Spear Expert	Spear Expert
10110201808	Sword Quicken	Sword Quicken
10110201809	Bowling Bash	Bowling Bash
10110201810	Auto Counter	Auto Counter
10110201811	Brandish Spear	Brandish Spear
10110201812	Spear Stab	Spear Stab
10110201813	Spear Throw	Spear Throw
10110201814	Charge Attack	Charge Attack
10110201815	Pierce	Pierce
10110201816	Rapid Pierce	Rapid Pierce
10110201817	Piercing Blast	Piercing Blast
10110201818	Power Slash	Power Slash
10110201819	Heavy Blow	Heavy Blow
10110201820	Triple Slash	Triple Slash
10110201821	Greatsword Sweep Attack	Greatsword Sweep Attack
10110201822	Double Counter	Double Counter
10110201823	Aura Blade	Aura Blade
10110201824	Head Crush	Head Crush
10110201825	Concentration	Concentration
10110201826	Parry	Parry
10110201827	Spiral Pierce	Spiral Pierce
10110201828	Berserk	Berserk
10110201829	Joint Beat	Joint Beat
10110201830	Dragon Breath (Fire)	Dragon Breath (Fire)
10110201831	Dragon Breath (Water)	Dragon Breath (Water)
10110201832	Dragon Howling	Dragon Howling
10110201833	Dragon Training	Dragon Training
10110201834	Sonic Wave	Sonic Wave
10110201835	Death Bound	Death Bound
10110201836	Vivify	Vivify
10110201837	Enchant Blade	Enchant Blade
10110201838	Rune Mastery	Rune Mastery
10110201839	Hundred Spears Stack Monitor	Hundred Spears Stack Monitor
10110201840	Slash Monitor	Slash Monitor
10110201841	Burn	Burn
10110201842	Missile	Missile
10110201843	Trap Hunter	Trap Hunter
10110201844	Darkness	Darkness
10110201845	Shield	Shield
10110201846	Speed Boost Trigger	Speed Boost Trigger
10110201847	Pickup Trigger	Pickup Trigger
10110201848	YU-Sweep All Directions	YU-Sweep All Directions
10110201849	Passive Skill@{1}	Passive Skill@{1}
10110201850	Active Skill@{1}	Active Skill@{1}
10110201851	Dispel	Dispel
10110201852	Control	Control
10110201853	Increase Dodge	Increase Dodge
10110201854	Double Attack	Double Attack
10110201855	Hiding	Hiding
10110201856	Steal	Steal
10110201857	Sand Puff	Sand Puff
10110201858	Detoxify	Detoxify
10110201859	Special Dual-Wield Logic	Special Dual-Wield Logic
10110201860	Katar Mastery	Katar Mastery
10110201861	Supersonic Blow	Supersonic Blow
10110201862	Envenomed Blade	Envenomed Blade
10110201863	Virus Spread	Virus Spread
10110201864	Dual-Wield Mastery	Dual-Wield Mastery
10110201865	Grimtooth	Grimtooth
10110201866	Venom Splasher	Venom Splasher
10110201867	Poisoned	Poisoned
10110201868	Dual-Wield Mastery	Dual-Wield Mastery
10110201869	Assassin Cross Normal Attack	Assassin Cross Normal Attack
10110201870	Deadly Poison	Deadly Poison
10110201871	Create Deadly Poison	Create Deadly Poison
10110201872	Advanced Soul Destroyer	Advanced Soul Destroyer
10110201873	Cross Impact	Cross Impact
10110201874	Advanced Katar Mastery	Advanced Katar Mastery
10110201875	Shadow Strike	Shadow Strike
10110201876	Venom Sting	Venom Sting
10110201877	Blade Dance	Blade Dance
10110201878	Opening	Opening
10110201879	Chain Reaction	Chain Reaction
10110201880	Shadow Fang	Shadow Fang
10110201881	Sneak Attack	Sneak Attack
10110201882	Triple Slash	Triple Slash
10110201883	Poisoned to the Core	Poisoned to the Core
10110201884	Toxic Rampage	Toxic Rampage
10110201885	Spreading Shockwave	Spreading Shockwave
10110201886	Hidden Blade	Hidden Blade
10110201887	Fatal Claw Marks	Fatal Claw Marks
10110201888	Antidote	Antidote
10110201889	Prey on the Weak	Prey on the Weak
10110201890	Shadow Break	Shadow Break
10110201891	Black Phantom Passive	Black Phantom Passive
10110201892	Magic Reverberation	Magic Reverberation
10110201893	Holy Light's Protection	Holy Light's Protection
10110201894	Continuous Healing	Continuous Healing
10110201895	Pirate King Normal Attack	Pirate King Normal Attack
10110201896	Cross Blast	Cross Blast
10110201897	Pirate King Slash	Pirate King Slash
10110201898	Energy Coat	Energy Coat
10110201899	Soul Strike	Soul Strike
10110201900	Fire Wall	Fire Wall
10110201901	Fire Ball	Fire Ball
10110201902	Thunderstorm	Thunderstorm
10110201903	Frost Diver	Frost Diver
10110201904	Stone Curse	Stone Curse
10110201905	Mind Blast	Mind Blast
10110201906	Earth Spike	Earth Spike
10110201907	Sightrasher	Sightrasher
10110201908	Frost Nova	Frost Nova
10110201909	Quagmire	Quagmire
10110201910	Fire Pillar	Fire Pillar
10110201911	Meteor Storm	Meteor Storm
10110201912	Sight Sprout	Sight Sprout
10110201913	Magic Crasher	Magic Crasher
10110201914	Magic Cannon	Magic Cannon
10110201915	Mystical Amplification	Mystical Amplification
10110201916	Soul Drain	Soul Drain
10110201917	Ganbantein	Ganbantein
10110201918	Elemental Pursuit	Elemental Pursuit
10110201919	Elemental Shock	Elemental Shock
10110201920	Fireball Burst	Fireball Burst
10110201921	Ice Spike	Ice Spike
10110201922	Thunderbolt	Thunderbolt
10110201923	Fire Explosion	Fire Explosion
10110201924	Ember Zone	Ember Zone
10110201925	Frost Explosion	Frost Explosion
10110201926	Spatial Distortion	Spatial Distortion
10110201927	Magic Frost	Magic Frost
10110201928	Element Control	Element Control
10110201929	Reading Spellbook	Reading Spellbook
10110201930	Stop Reading	Stop Reading
10110201931	Spellbook Page Passive	Spellbook Page Passive
10110201932	Meteor	Meteor
10110201933	Ice Blast	Ice Blast
10110201934	Thunder Blast	Thunder Blast
10110201935	Earth Blast	Earth Blast
160000	<color=#71d46c>%d</color>/%d	<color=#71d46c>%d</color>/%d
160001	Earn ${1} Extra Battle Merit Points to advance to the next rank	Earn ${1} Extra Battle Merit Points to advance to the next rank
160002	Claim all rewards to advance to the final rank.	Claim all rewards to advance to the final rank.
160003	Requires ${1} points	Requires ${1} points
160004	Current Rank: <color=#63A22B>${1}</color>	Current Rank: <color=#63A22B>${1}</color>
160005	Unranked	Unranked
160006	At Season Settlement, if you remain ranked ${1}-${2}, you will receive the following rewards.	At Season Settlement, if you remain ranked ${1}-${2}, you will receive the following rewards.
160007	Current Rank: <color=#B05142>${1}</color>	Current Rank: <color=#B05142>${1}</color>
160008	At Season Settlement, if you remain at rank ${1}, you will receive the following rewards.	At Season Settlement, if you remain at rank ${1}, you will receive the following rewards.
160009	Battle Merit	Battle Merit
29019	<#c27b47>${1}</color>/${2}	<#c27b47>${1}</color>/${2}
29020	<#c27b47>${1}</color>/${2}	<#c27b47>${1}</color>/${2}
29023	<#c27b47>${1}</color>/${2}	<#c27b47>${1}</color>/${2}
10800100036	After ^{1}^{2}[Cart Revolution]^{3}^{4} hits the primary target, it triggers [Money Throw] an Extra @{1} times, dealing PATK*${1}%+${2} Neutral melee Physical damage. This effect has a ${3-second Cooldown.	After ^{1}^{2}[Cart Revolution]^{3}^{4} hits the primary target, it triggers [Money Throw] an Extra @{1} times, dealing PATK*${1}%+${2} Neutral melee Physical damage. This effect has a ${3-second Cooldown.
10690000000	Basics	Basics
10690000001	Equip	Equip
10690000002	Card	Card
10690000003	Pet	Pet
10690000004	Divine Totem	Divine Totem
10690000005	Soul Echo	Soul Echo
161001	Confirm Exit	Confirm Exit
161002	After leaving, you can Enter Dungeon again through the quest, but you will not Keep your current progress. Are you sure you want to leave?	After leaving, you can Enter Dungeon again through the quest, but you will not Keep your current progress. Are you sure you want to leave?
161003	Proof of Novice Trial Completion	Proof of Novice Trial Completion
161004	I have completed the trial.	I have completed the trial.
161005	This certifies that Novice ${1} has completed the Novice Combat Trial administered under the supervision of the Eden Group. The courage, skill, and determination demonstrated during the trial meet the kingdom's basic requirements for an officially recognized Job Advance.\nThe bearer of this certificate is hereby authorized to proceed to Criatura Academy for Job Advance.\nIssued by: Prontera Eden Group\nExaminer: Rhein	This certifies that Novice ${1} has completed the Novice Combat Trial administered under the supervision of the Eden Group. The courage, skill, and determination demonstrated during the trial meet the kingdom's basic requirements for an officially recognized Job Advance.\nThe bearer of this certificate is hereby authorized to proceed to Criatura Academy for Job Advance.\nIssued by: Prontera Eden Group\nExaminer: Rhein
161006	Obtained ${1}	Obtained ${1}
161007	This area is too dangerous to dismount from your Deniro.	This area is too dangerous to dismount from your Deniro.
161008	To-Do List	To-Do List
161009	Defeat 15 Mukas and recover the lost cargo.	Defeat 15 Mukas and recover the lost cargo.
161010	Find the missing Caravan Party Leader.	Find the missing Caravan Party Leader.
161011	Help the caravan with Cargo Placement.	Help the caravan with Cargo Placement.
161012	Tap the compass.	Tap the compass.
161013	Tap to read.	Tap to read.
161014	Read	Read
161015	Letter Received	Letter Received
161016	Continue	Continue
30018	Illusion	Illusion
30019	MVP	MVP
30040	Lv.${1}	Lv.${1}
30065	Illusion	Illusion
30066	MVP	MVP
30136	${1}/3	${1}/3
30137	${1}/${2}	${1}/${2}
10520000000	Abandon	Abandon
10520000001	S@{1} Large Card Pool@{2}	S@{1} Large Card Pool@{2}
10520000002	S@{1} Small Card Pool@{2}	S@{1} Small Card Pool@{2}
10520000003	s@{1} Large Card Pool - Lv. @{2}	s@{1} Large Card Pool - Lv. @{2}
10520000004	s@{1} Large Card Pool - Lv. @{2} (Special Novice Card Pool)	s@{1} Large Card Pool - Lv. @{2} (Special Novice Card Pool)
10520000005	Novice Search	Novice Search
10520000006	Mining Star Treasure Hunt	Mining Star Treasure Hunt
10520000007	Test Large Card Pool	Test Large Card Pool
10520000008	Test Small Card Pool@{1}	Test Small Card Pool@{1}
13820000000	Cancel Interaction	Cancel Interaction
10350000000	Position Appointment	Position Appointment
10350000001	Approve Membership	Approve Membership
10350000002	Banish from Guild	Banish from Guild
10350000003	Edit Announcement	Edit Announcement
10350000004	Change Icon	Change Icon
10350000005	Group Mail	Group Mail
10350000006	Member Recruitment	Member Recruitment
10350000007	Remove	Remove
10350000008	Change Guild Name	Change Guild Name
10350000009	Edit permissions	Edit permissions
10350000010	Building Level-up	Building Level-up
10350000011	Battlefield Command	Battlefield Command
10350000012	War Machine Management	War Machine Management
10350000013	Build Engineering Camp	Build Engineering Camp
10350000014	Stronghold War Auction	Stronghold War Auction
10350000015	Convoy Escort Auction	Convoy Escort Auction
10350000016	Change Convoy Escort Schedule	Change Convoy Escort Schedule
10350000017	Accept Advanced Convoy Escort Cart	Accept Advanced Convoy Escort Cart
10350000018	Adjust Territory War Tactics	Adjust Territory War Tactics
10350000019	Elite Settings	Elite Settings
10350000020	Merge Guild	Merge Guild
10350000021	Guild Rally	Guild Rally
10350000022	Guild Voice Chat Management	Guild Voice Chat Management
10350000023	Prontera Defense Guild Garrison	Prontera Defense Guild Garrison
10350000024	Guild Black Market	Guild Black Market
10350000025	PV Hunting Command	PV Hunting Command
11530500000	Join the Caravan: ${1}/${2}	Join the Caravan: ${1}/${2}
11530500001	Kill MVPs: ${1}/${2}	Kill MVPs: ${1}/${2}
11530500002	High-Reward Auto Mode: ${1}/${2}	High-Reward Auto Mode: ${1}/${2}
11530500003	Consume Vigor: ${1}/${2}	Consume Vigor: ${1}/${2}
11530500004	Complete the Commission: ${1}/${2}	Complete the Commission: ${1}/${2}
13530200000	I	I
13530200001	II	II
12000000000	Main City	Main City
12000000001	Prefecture @{1}	Prefecture @{1}
13590100000	Growth Training	Growth Training
13590100001	Enjoy Life	Enjoy Life
13590100002	Run a Business	Run a Business
10060200000	Excels at healing allies and specializes in defensive and buff magic.	Excels at healing allies and specializes in defensive and buff magic.
10060200001	High Priests are blessed by the gods. They repeatedly work miracles through sacred power and excel at purifying Undead Monsters. With a wide variety of Support and Healing Magic, they are among the most reliable members of any party.	High Priests are blessed by the gods. They repeatedly work miracles through sacred power and excel at purifying Undead Monsters. With a wide variety of Support and Healing Magic, they are among the most reliable members of any party.
10060200002	Unlike priests who devote themselves to the gods and focus on the training of the power of mind and magic, they hone their physical body to its peak, focusing on the combat techniques instead. Through achieving the balance of their chi within and utilizing it, they are capable of dealing massive damage.	Unlike priests who devote themselves to the gods and focus on the training of the power of mind and magic, they hone their physical body to its peak, focusing on the combat techniques instead. Through achieving the balance of their chi within and utilizing it, they are capable of dealing massive damage.
10060200003	A powerful presence that saves allies from danger. Reduces the damage allies take while providing powerful Healing.	A powerful presence that saves allies from danger. Reduces the damage allies take while providing powerful Healing.
10060200004	As the Archbishop closest to the angels, a potent embodiment of sanctity, he offers the finest aid to his allies. At the same time, he wields holy magic to deliver devastating blows to his enemies.	As the Archbishop closest to the angels, a potent embodiment of sanctity, he offers the finest aid to his allies. At the same time, he wields holy magic to deliver devastating blows to his enemies.
10060200005	Abacus in hand, cart at the ready. A natural gift for business never stops this merchant from turning a pushcart into the perfect battlefield weapon.	Abacus in hand, cart at the ready. A natural gift for business never stops this merchant from turning a pushcart into the perfect battlefield weapon.
10060200006	Flame and hammer define a Blacksmith's life—the power of tempering not only forges keen blades, but also empowers the party to Sweep Attack through enemy lines.	Flame and hammer define a Blacksmith's life—the power of tempering not only forges keen blades, but also empowers the party to Sweep Attack through enemy lines.
10060200007	Skill elevated to an art, craftsmanship without limit. A Blacksmith at the pinnacle of the craft wields peerless hands to push forging power to its utmost.	Skill elevated to an art, craftsmanship without limit. A Blacksmith at the pinnacle of the craft wields peerless hands to push forging power to its utmost.
10060200008	Piloting the Madogear Pilot, they Launch long-range cannon fire to demolish enemy lines, or charge in with a kinetic battle axe to control the field and unleash explosive strikes, leaving opponents no time to breathe.	Piloting the Madogear Pilot, they Launch long-range cannon fire to demolish enemy lines, or charge in with a kinetic battle axe to control the field and unleash explosive strikes, leaving opponents no time to breathe.
10060200009	Warriors who walk the path of holy war, wielding faith and Spear as their sharpest weapons. After Job Advance from Swordsman, Crusaders Keep their formidable melee capabilities while further specializing in Spear weapons. They develop two distinct combat styles: an Attack-type Spear build that trades blood for damage, and a defensive shield build that protects allies in peril.	Warriors who walk the path of holy war, wielding faith and Spear as their sharpest weapons. After Job Advance from Swordsman, Crusaders Keep their formidable melee capabilities while further specializing in Spear weapons. They develop two distinct combat styles: an Attack-type Spear build that trades blood for damage, and a defensive shield build that protects allies in peril.
10060200010	Tempered by even greater holy trials, Paladins Enhance the core mechanics of each Crusader path, further defining the class traits of the "Attacker" and "Protector."	Tempered by even greater holy trials, Paladins Enhance the core mechanics of each Crusader path, further defining the class traits of the "Attacker" and "Protector."
10060200011	The ultimate evolution of the Crusader path. Royal Guards are not only the kingdom's mightiest warriors, but also engines of Destroy that can shatter enemy Formations on the battlefield. They can both withstand and deal heavy damage, charging through enemy ranks to break their Formation or serving as the core of their own Formation.	The ultimate evolution of the Crusader path. Royal Guards are not only the kingdom's mightiest warriors, but also engines of Destroy that can shatter enemy Formations on the battlefield. They can both withstand and deal heavy damage, charging through enemy ranks to break their Formation or serving as the core of their own Formation.
10060200012	Uses a bow to excel at ranged attacks and can knock enemies back at critical moments.	Uses a bow to excel at ranged attacks and can knock enemies back at critical moments.
10060200013	Long-range combat specialist, master of archery, and a mastermind who utilizes traps to lure the enemy into the palm of their hand. They can train a Falcon to support them, and the upper limit to their attack damage is very high.	Long-range combat specialist, master of archery, and a mastermind who utilizes traps to lure the enemy into the palm of their hand. They can train a Falcon to support them, and the upper limit to their attack damage is very high.
10060200014	You can use the instrument to play a variety of songs with powerful support abilities. The notes may sound delightful but they are actually deadly.	You can use the instrument to play a variety of songs with powerful support abilities. The notes may sound delightful but they are actually deadly.
10060200015	They are shooters with perfect aim. Under the attack of arrows and their falcons, no enemy can withstand long, not to mention to fight back.	They are shooters with perfect aim. Under the attack of arrows and their falcons, no enemy can withstand long, not to mention to fight back.
10060200016	A solitary Ranger who keeps only a Demonic Wolf for company and has mastered the art of marksmanship. The Ranger can unleash rapid shots at distant targets with the speed of a gale or ride a Demonic Wolf for highly mobile hunts.	A solitary Ranger who keeps only a Demonic Wolf for company and has mastered the art of marksmanship. The Ranger can unleash rapid shots at distant targets with the speed of a gale or ride a Demonic Wolf for highly mobile hunts.
10060200017	A Novice Adventurer Sets Out	A Novice Adventurer Sets Out
10060200018	Excels at close-range combat, wielding a sword with a balance of offense and defense.	Excels at close-range combat, wielding a sword with a balance of offense and defense.
10060200019	A loyal knight of the kingdom. Skilled with swords and spears, knights can ride Peco Pecos into battle, wield formidable offensive power, and rapidly charge toward enemies.	A loyal knight of the kingdom. Skilled with swords and spears, knights can ride Peco Pecos into battle, wield formidable offensive power, and rapidly charge toward enemies.
10060200020	Their stopping power is enough to crush frontline enemies in the blink of an eye, and they are the most powerful force of The Knights. Not only do they excel in both offensive and defensive positions, once they are in rampage, they're able to massively increase their physique within a short amount of time.	Their stopping power is enough to crush frontline enemies in the blink of an eye, and they are the most powerful force of The Knights. Not only do they excel in both offensive and defensive positions, once they are in rampage, they're able to massively increase their physique within a short amount of time.
10060200021	The kingdom's mightiest knight, having mastered the power of runes and tamed a demonic dragon. With complete mastery of swords and spears, Rune Knights ride demonic dragons into the fray, unleash elemental breath attacks, and Sweep Attack entire armies.	The kingdom's mightiest knight, having mastered the power of runes and tamed a demonic dragon. With complete mastery of swords and spears, Rune Knights ride demonic dragons into the fray, unleash elemental breath attacks, and Sweep Attack entire armies.
10060200022	Thief is the most agile of all Adventurer classes. Rather than relying on heavy armor to survive, Thieves use their extraordinary reflexes to evade attacks.	Thief is the most agile of all Adventurer classes. Rather than relying on heavy armor to survive, Thieves use their extraordinary reflexes to evade attacks.
10060200023	Agile, swift, and deadly, Assassins learn the ways of the Dual Blade Technique. Their unrivaled burst damage makes them rulers of one-on-one combat. They can equip the Katar, a weapon with a high critical rate.	Agile, swift, and deadly, Assassins learn the ways of the Dual Blade Technique. Their unrivaled burst damage makes them rulers of one-on-one combat. They can equip the Katar, a weapon with a high critical rate.
10060200024	Rogues have diverse skills that allow them to use the speed advantage for guerrilla warfare, and the unfortunate enemy that falling into their hands is like a mouse being caught by a cat. There is no way to escape.	Rogues have diverse skills that allow them to use the speed advantage for guerrilla warfare, and the unfortunate enemy that falling into their hands is like a mouse being caught by a cat. There is no way to escape.
10060200025	An assassin who always has another trick under their sleeve, and none of their targets ever live to see another day. They're good at using poison and assassin techniques to sabotage the enemy's formation and achieve effective results.	An assassin who always has another trick under their sleeve, and none of their targets ever live to see another day. They're good at using poison and assassin techniques to sabotage the enemy's formation and achieve effective results.
10060200026	When an Assassin Cross achieves a Breakthrough beyond their limits, they become the dreaded Guillotine Cross. Each ring of violet-black afterimages is a waltz that reaps Life—a devastating display of Ultra speed.	When an Assassin Cross achieves a Breakthrough beyond their limits, they become the dreaded Guillotine Cross. Each ring of violet-black afterimages is a waltz that reaps Life—a devastating display of Ultra speed.
10060200027	Excels at long-range magical combat and can command the five elements of Water, Fire, Wind, Earth, and Ghost.	Excels at long-range magical combat and can command the five elements of Water, Fire, Wind, Earth, and Ghost.
10060200028	Capable of using more powerful magics. Although their poor close-quarter combat ability being their weakness as past, by mastering the four elemental stats of Water, Earth, Fire, and Air, they can still be a powerful addition to the team with their incredibly wide-range AOE magics.	Capable of using more powerful magics. Although their poor close-quarter combat ability being their weakness as past, by mastering the four elemental stats of Water, Earth, Fire, and Air, they can still be a powerful addition to the team with their incredibly wide-range AOE magics.
10060200029	Can amplify the power of Water, Earth, Fire, and Wind elemental bolts for terrifying ST damage, but lacks large-area magic attacks.	Can amplify the power of Water, Earth, Fire, and Wind elemental bolts for terrifying ST damage, but lacks large-area magic attacks.
10060200030	These magic experts own overwhelming magic potential already, but now their magics are at a complete different level: they are capable of wielding the power of Neutral magics, or even utilizing their Psychokinesis power to control gravity.	These magic experts own overwhelming magic potential already, but now their magics are at a complete different level: they are capable of wielding the power of Neutral magics, or even utilizing their Psychokinesis power to control gravity.
10060200031	Warlocks are the ultimate form of the Mage path and the most complex class in the entire Magic system. They combine absolute mastery of the four Elements with the secrets of Soul Buster. A Warlock can weave the four Elements into an Entrapping Net or crush a single target through sheer force of will with Soul Buster.	Warlocks are the ultimate form of the Mage path and the most complex class in the entire Magic system. They combine absolute mastery of the four Elements with the secrets of Soul Buster. A Warlock can weave the four Elements into an Entrapping Net or crush a single target through sheer force of will with Soul Buster.
10180000000	Sell	Sell
10180000001	Dismantle	Dismantle
10180000002	Use	Use
10180000003	Use in Bulk	Use in Bulk
10180000004	Combine	Combine
10180000005	List Item	List Item
10180000006	Equip	Equip
10180000007	Insert	Insert
10180000008	Level-up	Level-up
10180000009	Upgrade	Upgrade
10180000010	Return	Return
10180000011	Equip	Equip
10180000012	Remove	Remove
10180000013	Replace	Replace
10180000014	Change Left	Change Left
10180000015	Change Right	Change Right
10180000016	Enhance	Enhance
10180000017	Refine	Refine
10180000018	Identify	Identify
10180000019	Stall	Stall
10180000020	Change Main Hand	Change Main Hand
10180000021	Change Off-Hand	Change Off-Hand
10180000022	Batch Appraisal	Batch Appraisal
10180000023	Enchant	Enchant
11770100056	In-Match Build Item Description Test Text	In-Match Build Item Description Test Text
11770100057	Teammate's ID Tag	Teammate's ID Tag
31104	${1}/${2}	${1}/${2}
31129	${1}/${2}/${3} ${4}:${5}\n~${6}/${7}/${8} ${9}:${10}	${1}/${2}/${3} ${4}:${5}\n~${6}/${7}/${8} ${9}:${10}
31155	???	???
13250100000	Based on an analysis of the strange fluctuations in the Ant Hell	Based on an analysis of the strange fluctuations in the Ant Hell
13310000000	Basic	Basic
13310000001	Graphics	Graphics
13310000002	Show	Show
13310000003	Log	Log
13310000004	Sound	Sound
13310000005	Key Settings	Key Settings
11490000000	Number of stalls increased by ^{1}${1}^{2}	Number of stalls increased by ^{1}${1}^{2}
11490000001	Trade Exchange Collect limit increased by ^{1}${1}^{2}	Trade Exchange Collect limit increased by ^{1}${1}^{2}
11490000002	${1} acquisition efficiency increased by ^{1}${2}%^{2}	${1} acquisition efficiency increased by ^{1}${2}%^{2}
32002	Butterfly Wing	Butterfly Wing
32004	NPC	NPC
32019	Midgard Continent	Midgard Continent
32034	NPC	NPC
32036	Gathering Tribe	Gathering Tribe
32037	Mining Tribe	Mining Tribe
32038	Logging Tribe	Logging Tribe
32101	Abandoned Mine	Abandoned Mine
32102	Hidden Forest	Hidden Forest
32103	Geffen Tower	Geffen Tower
32104	Underground Culvert	Underground Culvert
32105	Undersea Tunnel	Undersea Tunnel
32106	Payon Cave	Payon Cave
32107	Orc Cave	Orc Cave
32108	Pyramid	Pyramid
32109	Ant Hell	Ant Hell
32110	Sphinx Crypt	Sphinx Crypt
32111	Shipwreck Labyrinth	Shipwreck Labyrinth
32112	Glast Heim Underground	Glast Heim Underground
33014	Novice	Novice
33022	CT	CT
33030	<u><color=#62af5e><link="jumpskillpos/${1}">[Go to Prerequisite Skill]</link></color></u>	<u><color=#62af5e><link="jumpskillpos/${1}">[Go to Prerequisite Skill]</link></color></u>
33071	CT: ${1}	CT: ${1}
33072	（<#63A22B>${1}</color>+<#6E8bC8>${2}</color>）	（<#63A22B>${1}</color>+<#6E8bC8>${2}</color>）
33076	【Special Cooldown Notes】	【Special Cooldown Notes】
33212	${1}<color=#50A22B>+${2}</color>	${1}<color=#50A22B>+${2}</color>
33230	I	I
33231	II	II
33232	II+	II+
33233	III	III
33235	Please select your Locate.	Please select your Locate.
33236	This serves as your party Locate indicator only when participating in party or matchmaking content.	This serves as your party Locate indicator only when participating in party or matchmaking content.
33239	Change Locate	Change Locate
230001	Current Stage:	Current Stage:
230002	Unlock Level:	Unlock Level:
230003	Base ${1}	Base ${1}
230004	Clearing Rewards	Clearing Rewards
230005	Unlock	Unlock
230006	Complete	Complete
230007	Current Effect: <color=#97e553>${1}</color><color=#00FFFF> (Next Level: ${2})</color>	Current Effect: <color=#97e553>${1}</color><color=#00FFFF> (Next Level: ${2})</color>
230008	Blessing	Blessing
230009	Owned: <sprite name="valhalla_img_item_01"> x<color=#cc762a>${1}</color>	Owned: <sprite name="valhalla_img_item_01"> x<color=#cc762a>${1}</color>
230010	Spending 1 Valhalla Coin grants ${1} Valhalla EXP.	Spending 1 Valhalla Coin grants ${1} Valhalla EXP.
230011	Current Einherjar Level: ${1}	Current Einherjar Level: ${1}
230012	Return to Screen (${1}s)	Return to Screen (${1}s)
230013	Exit (${1}s)	Exit (${1}s)
230014	Try Again	Try Again
230015	Complete the prerequisite challenge to unlock	Complete the prerequisite challenge to unlock
230016	Boss skill	Boss skill
230017	Reach Base Lv. ${1}	Reach Base Lv. ${1}
230018	Not enough Wishing Coins. Challenge Heroic Spirits to earn more.	Not enough Wishing Coins. Challenge Heroic Spirits to earn more.
230019	EXP Sources	EXP Sources
230020	Current Effect: <color=#97e553>${1}</color>	Current Effect: <color=#97e553>${1}</color>
230021	Cannot start a challenge while matchmaking!	Cannot start a challenge while matchmaking!
230022	You can't travel there during the current activity. Please leave and try again.	You can't travel there during the current activity. Please leave and try again.
10400400007	Participate in one Ilmata, God of Nature event.	Participate in one Ilmata, God of Nature event.
10400400008	Participate in Wedding Crashers	Participate in Wedding Crashers
10400400009	Participate in the Hunting Challenge	Participate in the Hunting Challenge
10400400010	Open every Sunday from @{1}:@{2}~@{3}:@{4}	Open every Sunday from @{1}:@{2}~@{3}:@{4}
10400400011	Open Monday through Thursday, Saturday, and Sunday from @{1}:@{2}~@{3}:@{4}	Open Monday through Thursday, Saturday, and Sunday from @{1}:@{2}~@{3}:@{4}
10400400012	Open All Day	Open All Day
10400400013	Open Tuesday from @{1}:@{2}~@{3}:@{4}	Open Tuesday from @{1}:@{2}~@{3}:@{4}
10400400014	Open Thursday from @{1}:@{2}~@{3}:@{4}	Open Thursday from @{1}:@{2}~@{3}:@{4}
10400400015	Open Friday from @{1}:@{2}~@{3}:@{4}	Open Friday from @{1}:@{2}~@{3}:@{4}
12400100000	Prologue: Party Preparations	Prologue: Party Preparations
12400100001	Opening: Third-Prize Drawing	Opening: Third-Prize Drawing
12400100002	Opening: Second-Prize Drawing	Opening: Second-Prize Drawing
12400100003	Opening: First-Prize Drawing	Opening: First-Prize Drawing
12400100004	Finale: Party's End	Finale: Party's End
12290000000	Core Pack	Core Pack
12290000001	System Function	System Function
12290000002	Capital City Map	Capital City Map
12290000003	Beginner Map	Beginner Map
12290000004	Field Map	Field Map
12290000005	Gameplay Map	Gameplay Map
12290000006	Rhythm of Music Scenario	Rhythm of Music Scenario
12290000007	Animal World Script	Animal World Script
34022	Golden Orchid	Golden Orchid
34043	Tree Hollow	Tree Hollow
34074	[@${1}]	[@${1}]
34076	${1}[Members: ${2}/${3}]\n${4}	${1}[Members: ${2}/${3}]\n${4}
34095	<color=${1}><u><link="${2}">${3}</link></u></color>	<color=${1}><u><link="${2}">${3}</link></u></color>
10470000000	grant	grant
10470000001	karl	karl
10470000002	aldric	aldric
10470000003	brynn	brynn
10470000004	cedric	cedric
10470000005	dara	dara
10470000006	eirik	eirik
10470000007	fiona	fiona
10470000008	gareth	gareth
10470000009	hilda	hilda
10470000010	ivan	ivan
10470000011	jana	jana
10470000012	kael	kael
10470000013	lira	lira
10470000014	magnus	magnus
10470000015	nora	nora
10470000016	orion	orion
10470000017	petra	petra
10470000018	quinn	quinn
10470000019	rhea	rhea
10470000020	soren	soren
10470000021	thalia	thalia
10470000022	ulric	ulric
10470000023	vera	vera
10470000024	wren	wren
10470000025	xara	xara
10470000026	yuri	yuri
10470000027	zara	zara
10470000028	asher	asher
10470000029	brie	brie
10470000030	Treasure Dig Site NPC	Treasure Dig Site NPC
10470000031	Mysterious Treasure Chest	Mysterious Treasure Chest
10470000032	Treasure Hunt Point Locate NPC	Treasure Hunt Point Locate NPC
10470000033	Prontera Defense Guild Donation NPC	Prontera Defense Guild Donation NPC
10470000034	Audience	Audience
10470000035	Moonlight Flower	Moonlight Flower
10470000036	Alpha	Alpha
10470000037	Nia	Nia
10470000038	Saipan	Saipan
10470000039	Lillian	Lillian
10470000040	Sif	Sif
10470000041	Paul	Paul
10470000042	Luna	Luna
10470000043	Quest Area	Quest Area
10470000044	Spotlight	Spotlight
10470000045	Blue Light Orb	Blue Light Orb
10470000046	Purple Light Orb	Purple Light Orb
10470000047	Red Light Orb	Red Light Orb
10470000048	Louie	Louie
10470000049	Martha	Martha
10470000050	Katie	Katie
10470000051	Bell	Bell
10470000052	Horong	Horong
10470000053	Deniro	Deniro
10470000054	Leader	Leader
10470000055	Memory Particle Device	Memory Particle Device
10470000056	Fervor	Fervor
10470000057	Live Coal	Live Coal
10470000058	Intermediate Live Coal	Intermediate Live Coal
10470000059	Advanced Live Coal	Advanced Live Coal
10470000060	Bonfire	Bonfire
10470000061	Party Host	Party Host
10470000062	Orc Hero	Orc Hero
10470000063	Angeling	Angeling
10470000064	Deviling	Deviling
10470000065	Baphomet	Baphomet
10470000066	Greatest General	Greatest General
10470000067	Mimic	Mimic
10470000068	Peco Peco Egg	Peco Peco Egg
10470000069	Super Picky	Super Picky
10470000070	Yoyo	Yoyo
10470000071	Smokie	Smokie
10470000072	Poporing	Poporing
10470000073	Drops	Drops
10470000074	Marin	Marin
10470000075	Goblin Steamrider	Goblin Steamrider
10470000076	Research Notebook	Research Notebook
10470000077	Little Girl	Little Girl
10470000078	Box	Box
10470000079	Strange Device	Strange Device
10470000080	Military Supplies	Military Supplies
10470000081	Single-Cluster Crystalline Ore	Single-Cluster Crystalline Ore
10470000082	Double-Cluster Crystalline Ore	Double-Cluster Crystalline Ore
10470000083	Multi-Cluster Crystalline Ore	Multi-Cluster Crystalline Ore
10470000084	Crystallized Ore	Crystallized Ore
10470000085	Territory War Trap Chest	Territory War Trap Chest
10470000086	Transformation Manual	Transformation Manual
10470000087	Fireworks	Fireworks
10470000088	Stone	Stone
10470000089	Lv. @{1} Multiplayer Test @{2}/@{3}	Lv. @{1} Multiplayer Test @{2}/@{3}
10470000090	One-Time Auto-Gathering Test	One-Time Auto-Gathering Test
10470000091	Musical Note Clue	Musical Note Clue
10470000092	Clue Treasure Map: Odin Statue	Clue Treasure Map: Odin Statue
10470000093	Clue Treasure Map: Grand Cathedral	Clue Treasure Map: Grand Cathedral
10470000094	Clue Treasure Map: Inn	Clue Treasure Map: Inn
10470000095	Clue Treasure Map: Library	Clue Treasure Map: Library
10470000096	Clue Map: Knight Order	Clue Map: Knight Order
10470000097	Clue Treasure Map: Tent and Bonfire	Clue Treasure Map: Tent and Bonfire
10470000098	Clue Treasure Map: Great Bridge	Clue Treasure Map: Great Bridge
10470000099	Clue Treasure Map: Shop	Clue Treasure Map: Shop
10470000100	Clue Treasure Map: Blacksmith Shop	Clue Treasure Map: Blacksmith Shop
10470000101	Clue Treasure Map: Marketplace	Clue Treasure Map: Marketplace
10470000102	Clue Treasure Map: Small Wooden Table	Clue Treasure Map: Small Wooden Table
10470000103	Clue Treasure Map: Statue	Clue Treasure Map: Statue
10470000104	Clue Treasure Map: Wooden Bridge	Clue Treasure Map: Wooden Bridge
10470000105	Clue Treasure Map: Watchtower	Clue Treasure Map: Watchtower
10470000106	Clue Treasure Map: Bakery	Clue Treasure Map: Bakery
10470000107	Note Pillar (Deprecated)	Note Pillar (Deprecated)
10470000108	Melody Conch	Melody Conch
10470000109	Melody Conch@{1}	Melody Conch@{1}
10470000110	Note Pillar@{1}	Note Pillar@{1}
10470000111	Note Pillar@{1}-Prontera South Gate	Note Pillar@{1}-Prontera South Gate
10470000112	Note Pillar@{1}-Prontera West Gate	Note Pillar@{1}-Prontera West Gate
10470000113	Note Pillar@{1}-Prontera North Gate	Note Pillar@{1}-Prontera North Gate
10470000114	Note Pillar@{1}-Prontera East Gate	Note Pillar@{1}-Prontera East Gate
10470000115	Note Pillar@{1}-Geffen East Gate	Note Pillar@{1}-Geffen East Gate
10470000116	Note Pillar@{1}-Geffen North Gate	Note Pillar@{1}-Geffen North Gate
10470000117	Note Pillar@{1}-Geffen West Gate	Note Pillar@{1}-Geffen West Gate
10470000118	Note Pillar@{1}-Geffen Outskirts	Note Pillar@{1}-Geffen Outskirts
10470000119	Note Pillar@{1}-Mjolnir Garden	Note Pillar@{1}-Mjolnir Garden
10470000120	Note Pillar@{1}-Western Morroc	Note Pillar@{1}-Western Morroc
10470000121	Note Pillar@{1}-South Morroc	Note Pillar@{1}-South Morroc
10470000122	Note Pillar@{1}-Desert Crossroad	Note Pillar@{1}-Desert Crossroad
10470000123	Note Pillar@{1}-Sograt Desert	Note Pillar@{1}-Sograt Desert
10470000124	Note Pillar@{1}-Southern Sograt	Note Pillar@{1}-Southern Sograt
10470000125	Music Orb@{1}-Prontera	Music Orb@{1}-Prontera
10470000126	Music Orb@{1}-Izlude	Music Orb@{1}-Izlude
10470000127	Music Orb@{1}-Geffen	Music Orb@{1}-Geffen
10470000128	Music Orb@{1}-Morroc	Music Orb@{1}-Morroc
10470000129	Poring@{1}	Poring@{1}
10470000130	Poporing@{1}	Poporing@{1}
10470000131	Cotton@{1}	Cotton@{1}
10470000132	Melody Conch-Special@{1}	Melody Conch-Special@{1}
10470000133	Note String-Test	Note String-Test
10470000134	Swift Knight	Swift Knight
10470000135	Lance Knight	Lance Knight
10470000136	Steel Shield Knight	Steel Shield Knight
10470000137	Dragon Knight	Dragon Knight
10470000138	Spear Crusader	Spear Crusader
10470000139	Shield Crusader	Shield Crusader
10470000140	Praiser Priest	Praiser Priest
10470000141	Exorciser	Exorciser
10470000142	Cart Merchant	Cart Merchant
10470000143	Wandering Merchant	Wandering Merchant
10470000144	Iron Axe Artisan	Iron Axe Artisan
10470000145	Ambush Assassin	Ambush Assassin
10470000146	Stealth Assassin	Stealth Assassin
10470000147	Soul Breaker Assassin	Soul Breaker Assassin
10470000148	Rolling Cutter Assassin	Rolling Cutter Assassin
10470000149	Trap Hunter	Trap Hunter
10470000150	Eagle Eye Hunter	Eagle Eye Hunter
10470000151	Speedy Hunter	Speedy Hunter
10470000152	Wind Walker	Wind Walker
10470000153	Warg Hunter	Warg Hunter
10470000154	Frost Mage	Frost Mage
10470000155	Earthfire Mage	Earthfire Mage
10470000156	Elemental Mage	Elemental Mage
10470000157	Element	Element
10470000158	Battle Royale Supply Crate	Battle Royale Supply Crate
10470000159	Death Supply Crate	Death Supply Crate
10470000160	Discarded Supply Crate	Discarded Supply Crate
10470000161	Evil Eye Messenger	Evil Eye Messenger
10470000162	Universal Magic Circle@{1}	Universal Magic Circle@{1}
10470000163	Magic Die	Magic Die
10470000164	Drake	Drake
10470000165	Land Mine	Land Mine
10470000166	Revival Mirror	Revival Mirror
10470000167	Poring	Poring
10470000168	Lunatic	Lunatic
10470000169	Fabre	Fabre
10470000170	Stage Object	Stage Object
10470000171	Willow	Willow
10470000172	Spore	Spore
10470000173	Golden Thief Bug	Golden Thief Bug
10470000174	Maya	Maya
10470000175	Flag	Flag
10470000176	【Greedy Dragon】Fafnir	【Greedy Dragon】Fafnir
10470000177	Blessing Priest	Blessing Priest
10470000178	Anacondaq	Anacondaq
10470000179	Gluttonous Spider	Gluttonous Spider
10470000180	Explosion	Explosion
10470000181	Greedy Fire Ant	Greedy Fire Ant
10470000182	Greedy Willow	Greedy Willow
10470000183	Greedy Black Kite	Greedy Black Kite
10470000184	Greedy Flameclaw Wolf's Fang	Greedy Flameclaw Wolf's Fang
10470000185	Greedy Oshitose	Greedy Oshitose
10470000186	Greedy Atroce	Greedy Atroce
10470000187	Greedy Comodo	Greedy Comodo
10470000188	Greedy Flame Wolf's Fang	Greedy Flame Wolf's Fang
10470000189	Greedy Kaho	Greedy Kaho
10470000190	Salamander	Salamander
10470000191	Greedy Headless Mule	Greedy Headless Mule
10470000192	Greedy Ifrit	Greedy Ifrit
10470000193	【Physical Damage Reduction】Greedy Bigfoot	【Physical Damage Reduction】Greedy Bigfoot
10470000194	【Magic Damage Reduction】Greedy Phoenix	【Magic Damage Reduction】Greedy Phoenix
10470000195	【Charge】Blazing Demon	【Charge】Blazing Demon
10470000196	【Split】Greedy Magma Poring	【Split】Greedy Magma Poring
10470000197	Magma Poring	Magma Poring
10470000198	【Area Healing】Greedy Fallen Angel	【Area Healing】Greedy Fallen Angel
10470000199	【Pursuit】Despair Demon	【Pursuit】Despair Demon
10470000200	【Self-Destruct】Magma Toad	【Self-Destruct】Magma Toad
10470000201	【Boss】Greedy Golden Thief Bug	【Boss】Greedy Golden Thief Bug
10470000202	【Boss】Greedy Orc Hero	【Boss】Greedy Orc Hero
10470000203	【Boss】Greedy Maya	【Boss】Greedy Maya
10470000204	【Boss】Greedy Phreeoni	【Boss】Greedy Phreeoni
10470000205	Greedy Thief Bug	Greedy Thief Bug
10470000206	Flame Zone Contamination	Flame Zone Contamination
10470000207	Blazing Fire Dragon	Blazing Fire Dragon
10470000208	Turret	Turret
10470000209	Ammo Crate	Ammo Crate
10470000210	Fafnir's Scales	Fafnir's Scales
10470000211	Dragon Scale Shield	Dragon Scale Shield
10470000212	Dracula	Dracula
10470000213	Shadow of Irmata	Shadow of Irmata
10470000214	Marionette	Marionette
10470000215	Deviruchi	Deviruchi
10470000216	Wraith	Wraith
10470000217	Whisper	Whisper
10470000218	Doppelganger	Doppelganger
10470000219	Nightmare	Nightmare
10470000220	Wind Ghost	Wind Ghost
10470000221	Ghoul	Ghoul
10470000222	Dracula's Lair	Dracula's Lair
10470000223	Kafra	Kafra
10470000224	God of Nature - Ilmata	God of Nature - Ilmata
10470000225	Almagia	Almagia
10470000226	Fixed Direction	Fixed Direction
10470000227	Steel Madogear	Steel Madogear
10470000228	Bone-Spiked Mountain	Bone-Spiked Mountain
10470000229	Bone-Spiked Barnacle	Bone-Spiked Barnacle
10470000230	Golden Rune Mountain	Golden Rune Mountain
10470000231	Hollow Jellyfish	Hollow Jellyfish
10470000232	Melody Wisp	Melody Wisp
10470000233	Resonant Clam Cluster	Resonant Clam Cluster
10470000234	Hunter	Hunter
10470000235	Vessel Protector (Cannot Be Attacked)	Vessel Protector (Cannot Be Attacked)
10470000236	Forte Giant	Forte Giant
10470000237	Parasitic Divine Vessel - Ilmata	Parasitic Divine Vessel - Ilmata
10470000238	(No translation required)	(No translation required)
10470000239	Outer Roulette Ring	Outer Roulette Ring
10470000240	Inner Roulette Ring	Inner Roulette Ring
10470000241	Thundercloud	Thundercloud
10470000242	Center-Directed Force Field	Center-Directed Force Field
10470000243	Teleport to Target Area	Teleport to Target Area
10470000244	Clock-Hand Magic Circle	Clock-Hand Magic Circle
10470000245	Medium Thundercloud	Medium Thundercloud
10470000246	Large Thundercloud	Large Thundercloud
10470000247	Thundercloud Pro	Thundercloud Pro
10470000248	Rest Giant	Rest Giant
10470000249	Double-Sharp Giant	Double-Sharp Giant
10470000250	Sustain Giant	Sustain Giant
10470000251	Primordial Chaos - Ilmata	Primordial Chaos - Ilmata
10470000252	Statue@{1}	Statue@{1}
10470000253	Musical Note	Musical Note
10470000254	Ring-Shaped Shockwave	Ring-Shaped Shockwave
10470000255	Field of Light	Field of Light
10470000256	Toward a Certain Direction	Toward a Certain Direction
10470000257	Large Roulette Laser	Large Roulette Laser
10470000258	Night Light	Night Light
10470000259	Singing NPC@{1}	Singing NPC@{1}
10470000260	Siege Ladder	Siege Ladder
10470000261	Battering Ram	Battering Ram
10470000262	Outpost	Outpost
10470000263	Fortress	Fortress
10470000264	City Gate	City Gate
10470000265	Camp Gate	Camp Gate
10470000266	Arrow Tower	Arrow Tower
10470000267	Workshop	Workshop
10470000268	Emperium	Emperium
10470000269	Arm Cannon	Arm Cannon
10470000270	Flying Raven	Flying Raven
10470000271	Anti-Aircraft Gun	Anti-Aircraft Gun
10470000272	Rocket Launcher	Rocket Launcher
10470000273	Obstacle	Obstacle
10470000274	Poring Cannon	Poring Cannon
10470000275	Lightning Raven	Lightning Raven
10470000276	Holy Anti-Aircraft Gun	Holy Anti-Aircraft Gun
10470000277	Dark Anti-Aircraft Gun	Dark Anti-Aircraft Gun
10470000278	Holy Rocket Launcher	Holy Rocket Launcher
10470000279	Steam Tank	Steam Tank
10470000280	Mithril Madogear	Mithril Madogear
10470000281	Adamantine Madogear	Adamantine Madogear
10470000282	Jet Backpack	Jet Backpack
10470000283	Archer	Archer
10470000284	Protector	Protector
10470000285	City Guard	City Guard
10470000286	Madogear Repair Zone	Madogear Repair Zone
10470000287	Knight Guardian	Knight Guardian
10470000288	Archer Guardian	Archer Guardian
10470000289	Guard Guardian	Guard Guardian
10470000290	Siege Camp	Siege Camp
10470000291	Barrier Stele	Barrier Stele
10470000292	Vanguard	Vanguard
10470000293	Stronghold Flag	Stronghold Flag
10470000294	Energy Riot	Energy Riot
10470000295	Prototype Trial	Prototype Trial
10470000296	Overload Core	Overload Core
10470000297	Experimental Puppet Σ-Type	Experimental Puppet Σ-Type
10470000298	Magic Circle_Phreeoni Slow Area	Magic Circle_Phreeoni Slow Area
10470000299	Normal Caravan	Normal Caravan
10470000300	Elite Treasure Cart	Elite Treasure Cart
10470000301	Forest Puppet Type α	Forest Puppet Type α
10470000302	Forest Puppet Type β	Forest Puppet Type β
10470000303	Forest Puppet Type γ	Forest Puppet Type γ
10470000304	Vine Puppet Type A - Guard	Vine Puppet Type A - Guard
10470000305	Vine Puppet Type A - Hunter	Vine Puppet Type A - Hunter
10470000306	Vine Puppet Type β - Guardian	Vine Puppet Type β - Guardian
10470000307	Desert Puppet Type α	Desert Puppet Type α
10470000308	Desert Puppet Type β	Desert Puppet Type β
10470000309	Desert Puppet Type γ	Desert Puppet Type γ
10470000310	Sand Puppet Type A - Wanderer	Sand Puppet Type A - Wanderer
10470000311	Sand Puppet Type A - Dust Storm -	Sand Puppet Type A - Dust Storm -
10470000312	Sand Puppet Type A - Dust Storm	Sand Puppet Type A - Dust Storm
10470000313	Sand Puppet Type β - Guardian	Sand Puppet Type β - Guardian
10470000314	Mountain Puppet Type α	Mountain Puppet Type α
10470000315	Mountain Puppet Type β	Mountain Puppet Type β
10470000316	Mountain Puppet Type γ	Mountain Puppet Type γ
10470000317	Rock Puppet Type A - Knight	Rock Puppet Type A - Knight
10470000318	Rock Puppet Type A - Watcher	Rock Puppet Type A - Watcher
10470000319	Rock Puppet Type β - Guardian	Rock Puppet Type β - Guardian
10470000320	Lava Puppet Type α	Lava Puppet Type α
10470000321	Lava Puppet Type β	Lava Puppet Type β
10470000322	Lava Puppet Type γ	Lava Puppet Type γ
10470000323	Vine Puppet Type A - Chaotic Guard	Vine Puppet Type A - Chaotic Guard
10470000324	Vine Puppet Type A - Chaotic Hunter	Vine Puppet Type A - Chaotic Hunter
10470000325	Vine Puppet Type β - Destroyer	Vine Puppet Type β - Destroyer
10470000326	Sand Puppet Type A - Chaotic Wanderer	Sand Puppet Type A - Chaotic Wanderer
10470000327	Sand Puppet Type A - Flameburst	Sand Puppet Type A - Flameburst
10470000328	Sand Puppet Type β - Destroyer	Sand Puppet Type β - Destroyer
10470000329	Rock Puppet Type A - Chaotic Knight	Rock Puppet Type A - Chaotic Knight
10470000330	Rock Puppet Type A - Chaotic Watcher	Rock Puppet Type A - Chaotic Watcher
10470000331	Rock Puppet Type β - Destroyer	Rock Puppet Type β - Destroyer
10470000332	Orc Baby	Orc Baby
10470000333	Baby Desert Wolf	Baby Desert Wolf
10470000334	Goblin (Dagger)	Goblin (Dagger)
10470000335	Orc Lady	Orc Lady
10470000336	Orc Warrior	Orc Warrior
10470000337	Desert Wolf	Desert Wolf
10470000338	Goblin (Flail)	Goblin (Flail)
10470000339	Orc Zombie	Orc Zombie
10470000340	Minorous	Minorous
10470000341	Chimera	Chimera
10470000342	Goblin Leader	Goblin Leader
10470000343	Furious Minorous	Furious Minorous
10470000344	Mushroom	Mushroom
10470000345	Raydric	Raydric
10470000346	Hydra	Hydra
10470000347	Raydric Archer	Raydric Archer
10470000348	Kobold Leader	Kobold Leader
10470000349	Khalitzburg	Khalitzburg
10470000350	Isis	Isis
10470000351	Archer Skeleton	Archer Skeleton
10470000352	Driller	Driller
10470000353	Orc Skeleton	Orc Skeleton
10470000354	Wander Man	Wander Man
10470000355	Sandman	Sandman
10470000356	Injustice	Injustice
10470000357	Kobold Archer	Kobold Archer
10470000358	Gryphon	Gryphon
10470000359	Rybio	Rybio
10470000360	Gold Coins—	Gold Coins—
10470000361	Lv. @{1} Ore Vein	Lv. @{1} Ore Vein
10470000362	Lv. @{1} Plant	Lv. @{1} Plant
10470000363	Common Timber	Common Timber
10470000364	Lightweight Timber	Lightweight Timber
10470000365	Sturdy Timber	Sturdy Timber
10470000366	Hard Ironwood	Hard Ironwood
10470000367	Sacred Timber	Sacred Timber
10470000368	Eddga	Eddga
10470000369	Give It All for Love	Give It All for Love
10470000370	Shattered Southern Dream	Shattered Southern Dream
10470000371	Bunny Sis	Bunny Sis
10470000372	Pharaoh	Pharaoh
10470000373	Pyramid	Pyramid
10470000374	Pharaoh's Coffin	Pharaoh's Coffin
10470000375	Allied Airship	Allied Airship
10470000376	Enemy Airship	Enemy Airship
10470000377	Evil Forces Member Warrior	Evil Forces Member Warrior
10470000378	Evil Forces Member Archer	Evil Forces Member Archer
10470000379	Evil Boss	Evil Boss
10470000380	Rope	Rope
10470000381	Cannon	Cannon
10470000382	Professor	Professor
10470000383	Bobo	Bobo
10470000384	Captain	Captain
10470000385	Wule	Wule
10470000386	Boya	Boya
10470000387	Eden Group Chief	Eden Group Chief
10470000388	Ant Egg	Ant Egg
10470000389	Enemy Rope Stake	Enemy Rope Stake
10470000390	Evil Warrior	Evil Warrior
10470000391	Evil Archer	Evil Archer
10470000392	Precious Treasure Chest	Precious Treasure Chest
10470000393	Small Enemy Airship	Small Enemy Airship
10470000394	Evil Forces Sharpshooter	Evil Forces Sharpshooter
10470000395	︶Too Handsome to Sleep	︶Too Handsome to Sleep
10470000396	Blood Rite, Love's Burial	Blood Rite, Love's Burial
10470000397	Cold Hearts in the Old City	Cold Hearts in the Old City
10470000398	Moonlight on the Breeze	Moonlight on the Breeze
10470000399	The ⑦th Summer	The ⑦th Summer
10470000400	Moonlit Beauty	Moonlit Beauty
10470000401	Jazz Boy﹌‖	Jazz Boy﹌‖
10470000402	Ghostly﹏Solitude	Ghostly﹏Solitude
10470000403	Deep Alley℡Boyhood Dream	Deep Alley℡Boyhood Dream
10470000404	Elusive Pecopeco	Elusive Pecopeco
10470000405	Ancient Nest	Ancient Nest
10470000406	Party Leader	Party Leader
10470000407	Bragis	Bragis
10470000408	Training Dummy - Normal	Training Dummy - Normal
10470000409	Training Dummy Challenge	Training Dummy Challenge
10470000410	Picky	Picky
10470000411	Chonchon	Chonchon
10470000412	Condor	Condor
10470000413	Savage Babe	Savage Babe
10470000414	Rocker	Rocker
10470000415	Roda Frog	Roda Frog
10470000416	Worm Tail	Worm Tail
10470000417	Ambernite	Ambernite
10470000418	Thief Bug	Thief Bug
10470000419	Creamy	Creamy
10470000420	Tarou	Tarou
10470000421	Familiar	Familiar
10470000422	Scorpion	Scorpion
10470000423	Thief Bug Female	Thief Bug Female
10470000424	Mandragora	Mandragora
10470000425	Thief Bug Male	Thief Bug Male
10470000426	Boa	Boa
10470000427	Poison Spore	Poison Spore
10470000428	Horn	Horn
10470000429	Bigfoot	Bigfoot
10470000430	Coco	Coco
10470000431	Thief Bug Egg	Thief Bug Egg
10470000432	Pupa	Pupa
10470000433	Sanctified Ground	Sanctified Ground
10470000434	Bombring	Bombring
10470000435	Realm of Darkness	Realm of Darkness
10470000436	Training Dummy	Training Dummy
10470000437	@{1}D Bounding Box Test	@{1}D Bounding Box Test
10470000438	Rotar Zairo	Rotar Zairo
10470000439	Dustiness	Dustiness
10470000440	Eggyra	Eggyra
10470000441	Muka	Muka
10470000442	Hornet	Hornet
10470000443	Soldier Skeleton	Soldier Skeleton
10470000444	Mummy	Mummy
10470000445	Zombie	Zombie
10470000446	Piere	Piere
10470000447	Andre	Andre
10470000448	Vitata	Vitata
10470000449	Martin	Martin
10470000450	Giearth	Giearth
10470000451	Skeleton Worker	Skeleton Worker
10470000452	Drainliar	Drainliar
10470000453	Pirate Skeleton	Pirate Skeleton
10470000454	Choco	Choco
10470000455	Verit	Verit
10470000456	Obeaune	Obeaune
10470000457	Magnolia	Magnolia
10470000458	Frilldora	Frilldora
10470000459	Baphomet Jr.	Baphomet Jr.
10470000460	Matyr	Matyr
10470000461	Flora	Flora
10470000462	Savage	Savage
10470000463	Isis	Isis
10470000464	Bongun	Bongun
10470000465	Sasquatch	Sasquatch
10470000466	Ladybug	Ladybug
10470000467	Hedgehog Bug	Hedgehog Bug
10470000468	Peco Peco	Peco Peco
10470000469	Skeleton	Skeleton
10470000470	Ant Egg	Ant Egg
10470000471	Furious Poporing	Furious Poporing
10470000472	Elder Willow	Elder Willow
10470000473	Plankton	Plankton
10470000474	Marina	Marina
10470000475	Kukre	Kukre
10470000476	Goblin (Axe)	Goblin (Axe)
10470000477	Goblin (Flail)	Goblin (Flail)
10470000478	Vadon	Vadon
10470000479	Wolf	Wolf
10470000480	Thara Frog	Thara Frog
10470000481	Megalodon	Megalodon
10470000482	Marse	Marse
10470000483	Argos	Argos
10470000484	Steel Chonchon	Steel Chonchon
10470000485	Goblin (Dagger)	Goblin (Dagger)
10470000486	Myst	Myst
10470000487	Marine Sphere	Marine Sphere
10470000488	Phen	Phen
10470000489	Zenorc	Zenorc
10470000490	Beetle King	Beetle King
10470000491	Goblin Archer	Goblin Archer
10470000492	Metaller	Metaller
10470000493	Marc	Marc
10470000494	Goblin (Mace)	Goblin (Mace)
10470000495	Sword Fish	Sword Fish
10470000496	Goblin (Hammer)	Goblin (Hammer)
10470000497	Orc Zombie	Orc Zombie
10470000498	Munak	Munak
10470000499	Merman	Merman
10470000500	Deviace	Deviace
10470000501	Golem	Golem
10470000502	Hunter Fly	Hunter Fly
10470000503	Hode	Hode
10470000504	Sohee	Sohee
10470000505	Mantis	Mantis
10470000506	Dokebi	Dokebi
10470000507	Side Winder	Side Winder
10470000508	Zerom	Zerom
10470000509	Requiem	Requiem
10470000510	Nine Tails	Nine Tails
10470000511	Argiope	Argiope
10470000512	Orc Archer	Orc Archer
10470000513	Penomena	Penomena
10470000514	Crab	Crab
10470000515	Cornutus	Cornutus
10470000516	Raggler	Raggler
10470000517	Shellfish	Shellfish
10470000518	Starfish	Starfish
10470000519	Grove	Grove
10470000520	Alligator	Alligator
10470000521	Strouf	Strouf
10470000522	Jakk	Jakk
10470000523	Wild Rose	Wild Rose
10470000524	Marduk	Marduk
10470000525	Sky Petite	Sky Petite
10470000526	Pasana	Pasana
10470000527	Cramp	Cramp
10470000528	Stem Worm	Stem Worm
10470000529	Petite	Petite
10470000530	Mace Kobold	Mace Kobold
10470000531	Hammer Kobold	Hammer Kobold
10470000532	Anubis	Anubis
10470000533	Axe Kobold	Axe Kobold
10470000534	Squidgitte	Squidgitte
10470000535	Sropho	Sropho
10470000536	Ancient Mummy	Ancient Mummy
10470000537	Pot Dofle	Pot Dofle
10470000538	King Dramoh	King Dramoh
10470000539	Creamy Fear	Creamy Fear
10470000540	Leib Olmai	Leib Olmai
10470000541	Killer Mantis	Killer Mantis
10470000542	Novice - Andre	Novice - Andre
10470000543	Arclouze	Arclouze
10470000544	Rideword	Rideword
10470000545	Dark Frame	Dark Frame
10470000546	Carat	Carat
10470000547	Alice the Maid	Alice the Maid
10470000548	Sageworm	Sageworm
10470000549	Evil Druid	Evil Druid
10470000550	Sting	Sting
10470000551	Gargoyle	Gargoyle
10470000552	Zombie Prisoner	Zombie Prisoner
10470000553	Skel Prisoner	Skel Prisoner
10470000554	Zherlthsh	Zherlthsh
10470000555	Phendark	Phendark
10470000556	Anolian	Anolian
10470000557	Crazy Gift Box	Crazy Gift Box
10470000558	Kindhearted Man	Kindhearted Man
10470000559	Brave Jiaxing	Brave Jiaxing
10470000560	Loyal Bokai	Loyal Bokai
10470000561	Happy Liangliang	Happy Liangliang
10470000562	Focused Fengbao	Focused Fengbao
10470000563	Good-Natured Yawei	Good-Natured Yawei
10470000564	Berserk Poring	Berserk Poring
10470000565	Timid Poring	Timid Poring
10470000566	Osiris Horong	Osiris Horong
10470000567	Goblin Leader Spear Throw	Goblin Leader Spear Throw
10470000568	Baphomet Magic Circle	Baphomet Magic Circle
10470000569	MVP Mistress Magic Circle	MVP Mistress Magic Circle
10470000570	Pharaoh's Coffin	Pharaoh's Coffin
10470000571	Water Tornado	Water Tornado
10470000572	Astral Sign	Astral Sign
10470000573	Bell	Bell
10470000574	Wraith Storm Gust Magic Circle	Wraith Storm Gust Magic Circle
10470000575	MVP Dracula Tombstone	MVP Dracula Tombstone
10470000576	MVP Magic Circle_Mistress Slow Zone	MVP Magic Circle_Mistress Slow Zone
10470000577	Trap Hunter Boss Tombstone	Trap Hunter Boss Tombstone
10470000578	Orc Lord	Orc Lord
10470000579	Mistress	Mistress
10470000580	Osiris	Osiris
10470000581	Phreeoni	Phreeoni
10470000582	Kraken	Kraken
10470000583	Wraith Phantom	Wraith Phantom
10470000584	Test Monster@{1}	Test Monster@{1}
10470000585	Training Dummy@{1}	Training Dummy@{1}
10470000586	Boss Dummy	Boss Dummy
10470000587	Damage Reduction Dummy	Damage Reduction Dummy
10470000588	Enemy Player Dummy	Enemy Player Dummy
10470000589	Enemy Monster Dummy	Enemy Monster Dummy
10470000590	Friendly Player Dummy	Friendly Player Dummy
10470000591	Friendly Monster Dummy	Friendly Monster Dummy
10470000592	Easy Dungeon Dummy	Easy Dungeon Dummy
10470000593	Hard Dungeon Dummy	Hard Dungeon Dummy
10470000594	Drop Test Dummy@{1}	Drop Test Dummy@{1}
10470000595	Neutral Dummy	Neutral Dummy
10470000596	Wind Dummy	Wind Dummy
10470000597	Earth Dummy	Earth Dummy
10470000598	Fire Dummy	Fire Dummy
10470000599	Water Dummy	Water Dummy
10470000600	Poison Dummy	Poison Dummy
10470000601	Holy Dummy	Holy Dummy
10470000602	Shadow Dummy	Shadow Dummy
10470000603	Ghost Dummy	Ghost Dummy
10470000604	Undead Dummy	Undead Dummy
10470000605	Melee Dummy	Melee Dummy
10470000606	Ranged Dummy	Ranged Dummy
10470000607	Lv. @{1} Dummy	Lv. @{1} Dummy
10470000608	Test Dragon Knight	Test Dragon Knight
10470000609	Vocal	Vocal
10470000610	Eclipse	Eclipse
10470000611	Mastering	Mastering
10470000612	Dragon Fly	Dragon Fly
10470000613	Maya Purple	Maya Purple
10470000614	Ghostring	Ghostring
10470000615	Vagabond Wolf	Vagabond Wolf
10470000616	Dark Priest	Dark Priest
10470000617	Gryphon	Gryphon
10470000618	Toad	Toad
10470000619	Cat o' Nine-Tail	Cat o' Nine-Tail
10470000620	Dragon Fly Magic Circle	Dragon Fly Magic Circle
10470000621	Toad Magic Circle	Toad Magic Circle
10470000622	Phreeoni Magic Circle	Phreeoni Magic Circle
10470000623	Deviling Clone	Deviling Clone
10470000624	Trickery	Trickery
10470000625	Universal - Gift Magic Circle	Universal - Gift Magic Circle
10470000626	Universal - Grand Gift Magic Circle	Universal - Grand Gift Magic Circle
10470000627	Magic Circle_Assassin Shadow	Magic Circle_Assassin Shadow
10470000628	Phreeoni Charge Projectile	Phreeoni Charge Projectile
10470000629	Haze Formation Magic Circle	Haze Formation Magic Circle
10470000630	Combat Supplies	Combat Supplies
10470000631	Elite Skeleton	Elite Skeleton
10470000632	Elite Megalodon	Elite Megalodon
10470000633	Elite Orc Skeleton	Elite Orc Skeleton
10470000634	Large Combat Supplies	Large Combat Supplies
10470000635	Empty Boss	Empty Boss
10470000636	Fafnir	Fafnir
10470000637	ATK Dragon Blood	ATK Dragon Blood
10470000638	HP Dragon Blood	HP Dragon Blood
10470000639	Shield Dragon Blood	Shield Dragon Blood
10470000640	Accelerate Dragon Blood	Accelerate Dragon Blood
10470000641	Deathproof Dragon Blood	Deathproof Dragon Blood
10470000642	Demonic Dragon Soul	Demonic Dragon Soul
10470000643	Dotty	Dotty
10470000644	Mandarin	Mandarin
10470000645	Flower	Flower
10470000646	Sooty	Sooty
10470000647	Snowy	Snowy
10470000648	Cacao	Cacao
10470000649	Starshatter Dragon Ritual Administrator	Starshatter Dragon Ritual Administrator
10470000650	NPC Dialogue Tester	NPC Dialogue Tester
10470000651	Kafra Staff	Kafra Staff
10470000652	Kafra Voting Campaigner	Kafra Voting Campaigner
10470000653	Commentator	Commentator
10470000654	Zhunta Voting Campaigner	Zhunta Voting Campaigner
10470000655	Flower Girl	Flower Girl
10470000656	Gift Merchant	Gift Merchant
10470000657	Item Merchant	Item Merchant
10470000658	Tilpi	Tilpi
10470000659	Child	Child
10470000660	Chief Officer	Chief Officer
10470000661	Kindly Lady	Kindly Lady
10470000662	Little Girl	Little Girl
10470000663	Visitor from Morroc	Visitor from Morroc
10470000664	Young Man	Young Man
10470000665	Woman	Woman
10470000666	Tono	Tono
10470000667	Knight Order Administrator	Knight Order Administrator
10470000668	Knight's Member	Knight's Member
10470000669	Astair	Astair
10470000670	Yura	Yura
10470000671	Inn Attendant	Inn Attendant
10470000672	Woman	Woman
10470000673	Bartende	Bartende
10470000674	Librarian	Librarian
10470000675	Netvia	Netvia
10470000676	Vagrant	Vagrant
10470000677	Miss Smile	Miss Smile
10470000678	Traveler from Afar	Traveler from Afar
10470000679	Butcher	Butcher
10470000680	Fruit Merchant	Fruit Merchant
10470000681	Promoter	Promoter
10470000682	Novice Guildmaster	Novice Guildmaster
10470000683	Ariel	Ariel
10470000684	Nia	Nia
10470000685	Meowmeow	Meowmeow
10470000686	Vote for It Campaigner	Vote for It Campaigner
10470000687	Bard	Bard
10470000688	Gutei	Gutei
10470000689	Hachabura	Hachabura
10470000690	Achi	Achi
10470000691	Food Merchant	Food Merchant
10470000692	Aorufeng	Aorufeng
10470000693	Villager	Villager
10470000694	Pet Merchant	Pet Merchant
10470000695	Young Woman	Young Woman
10470000696	Welshyun	Welshyun
10470000697	Research Scholar	Research Scholar
10470000698	Seth	Seth
10470000699	Baisulist	Baisulist
10470000700	Ayipu	Ayipu
10470000701	Rogue Guild Informant	Rogue Guild Informant
10470000702	Reid	Reid
10470000703	Sifaris	Sifaris
10470000704	Lovey-Dovey Boyfriend	Lovey-Dovey Boyfriend
10470000705	Lovey-Dovey Girlfriend	Lovey-Dovey Girlfriend
10470000706	Crafting Enthusiast	Crafting Enthusiast
10470000707	Dad	Dad
10470000708	Mom	Mom
10470000709	Kid	Kid
10470000710	Wedding Assistant	Wedding Assistant
10470000711	Milk Merchant	Milk Merchant
10470000712	Shrimp Merchant	Shrimp Merchant
10470000713	Blacksmith Making Repairs	Blacksmith Making Repairs
10470000714	Refining Enthusiast	Refining Enthusiast
10470000715	Spu	Spu
10470000716	Gein	Gein
10470000717	Lak	Lak
10470000718	Punk	Punk
10470000719	Airship Passenger	Airship Passenger
10470000720	Doga	Doga
10470000721	Benny	Benny
10470000722	Naren	Naren
10470000723	Kuskel	Kuskel
10470000724	Soldier	Soldier
10470000725	Guard Penae	Guard Penae
10470000726	Chiri	Chiri
10470000727	Criatura Academy Staff Member Hoon	Criatura Academy Staff Member Hoon
10470000728	Criatura Academy Student	Criatura Academy Student
10470000729	Instructor Arlex	Instructor Arlex
10470000730	Man	Man
10470000731	Pile of Junk	Pile of Junk
10470000732	Sand-Something Bandit	Sand-Something Bandit
10470000733	Shady-Looking Youth	Shady-Looking Youth
10470000734	Ibrahim	Ibrahim
10470000735	Monk	Monk
10470000736	Shukabain	Shukabain
10470000737	Sharp-Eyed Boy	Sharp-Eyed Boy
10470000738	Rewards Manager	Rewards Manager
10470000739	Cetsu	Cetsu
10470000740	Traveler-Looking Man	Traveler-Looking Man
10470000741	Nervous-Looking Bard	Nervous-Looking Bard
10470000742	Bachelor	Bachelor
10470000743	Seultae	Seultae
10470000744	Kafra Voting Promoter	Kafra Voting Promoter
10470000745	Monster Ecology Research Scholar	Monster Ecology Research Scholar
10470000746	Sloppy Man	Sloppy Man
10470000747	Morroc Nomad	Morroc Nomad
10470000748	Morroc Villager	Morroc Villager
10470000749	Merchant	Merchant
10470000750	Trade Merchant	Trade Merchant
10470000751	Jewelry Merchant	Jewelry Merchant
10470000752	Collectibles Merchant	Collectibles Merchant
10470000753	Ari	Ari
10470000754	Leavren	Leavren
10470000755	Old Man	Old Man
10470000756	Middle-Aged Woman	Middle-Aged Woman
10470000757	Deok-gu	Deok-gu
10470000758	Pure-Hearted Woman	Pure-Hearted Woman
10470000759	Ahn Gu-ho	Ahn Gu-ho
10470000760	Ha-jin	Ha-jin
10470000761	Antonio	Antonio
10470000762	Sebuyalian	Sebuyalian
10470000763	Phoenix	Phoenix
10470000764	Grauti Teka	Grauti Teka
10470000765	Daisha	Daisha
10470000766	Foreign Merchant	Foreign Merchant
10470000767	Ah-Jiao	Ah-Jiao
10130000000	Strouf is Weak—now's your chance to attack!	Strouf is Weak—now's your chance to attack!
10130000001	Careful! The ship is about to tilt!	Careful! The ship is about to tilt!
10130000002	Oh no! Monsters have invaded the airship!	Oh no! Monsters have invaded the airship!
10130000003	I'll steer the airship. I'll leave the rest to you!	I'll steer the airship. I'll leave the rest to you!
10130000004	Another wave of Deviruchi Porings is coming—watch out!	Another wave of Deviruchi Porings is coming—watch out!
10130000005	Their reinforcements are here—it's Sky Petite!	Their reinforcements are here—it's Sky Petite!
10130000006	More monster reinforcements are here! Hang in there!	More monster reinforcements are here! Hang in there!
10130000007	Oh no, we're done for... The toughest one just showed up.	Oh no, we're done for... The toughest one just showed up.
10130000008	Oh no, the Obeaune really are here!	Oh no, the Obeaune really are here!
10130000009	There's more? We really stirred up an Obeaune nest...	There's more? We really stirred up an Obeaune nest...
10130000010	This big one must be their Boss.	This big one must be their Boss.
10130000011	Watch out! Strouf's trident has grown stronger!	Watch out! Strouf's trident has grown stronger!
10130000012	That thing's still alive—and it's gotten even stronger...	That thing's still alive—and it's gotten even stronger...
10130000013	Strouf is furious! Keep your footing and dodge the waves!	Strouf is furious! Keep your footing and dodge the waves!
10130000014	Strouf has gone completely berserk! Watch out for the waves!	Strouf has gone completely berserk! Watch out for the waves!
10130000015	The whirlpool's coming! Group up and watch out for pufferfish!	The whirlpool's coming! Group up and watch out for pufferfish!
10130000016	Stay Away from the edge of the ship. If you fall overboard, you'll automatically climb back aboard!	Stay Away from the edge of the ship. If you fall overboard, you'll automatically climb back aboard!
10130000017	Strouf is furious! Watch out for the massive waves!	Strouf is furious! Watch out for the massive waves!
10130000018	Is everyone okay? It looks like the airship crashed in the Reef Sea.	Is everyone okay? It looks like the airship crashed in the Reef Sea.
10130000019	We have the worst luck... We actually crashed in Obeaune territory...	We have the worst luck... We actually crashed in Obeaune territory...
10130000020	We're almost at the capital. We can't afford any trouble now...	We're almost at the capital. We can't afford any trouble now...
10130000021	You must be careful!	You must be careful!
10470000790	Café Server	Café Server
10470000791	Repairman	Repairman
10470000792	Cat	Cat
10470000793	Tourist	Tourist
10470000794	Man	Man
10470000795	Clown	Clown
10470000796	An Old Man	An Old Man
10470000797	Adventurer	Adventurer
10470000798	Mage	Mage
10470000799	Reader	Reader
10470000800	Student	Student
10470000801	Merchant for Hire	Merchant for Hire
10470000802	Mother	Mother
10470000803	Makeup Exam Student	Makeup Exam Student
10470000804	Hard Worker	Hard Worker
10470000805	Marie	Marie
10470000806	Jack	Jack
10470000807	Person Watching the Sea	Person Watching the Sea
10470000808	Person Resting	Person Resting
10470000809	Exhausted Adventurer	Exhausted Adventurer
10470000810	Person Practicing the Basics	Person Practicing the Basics
10470000811	Sighing Merchant	Sighing Merchant
10470000812	Resting Merchant	Resting Merchant
10470000813	Forest Ranger	Forest Ranger
10470000814	Swordsman	Swordsman
10470000815	Grandpa	Grandpa
10470000816	Grandma	Grandma
10470000817	Adventurer from the Village	Adventurer from the Village
10470000818	Gangster An Old Man	Gangster An Old Man
10470000819	Worker	Worker
10470000820	Hungry Person	Hungry Person
10470000821	Sound Asleeper	Sound Asleeper
10470000822	Food Vendor	Food Vendor
10470000823	Map Vendor	Map Vendor
35027	TBD	TBD
10470000856	Life Skill Mentor	Life Skill Mentor
10470000857	Wedding Officiant	Wedding Officiant
10470000858	Adventure Guild Mentor	Adventure Guild Mentor
10470000859	Sprazzi	Sprazzi
10470000860	Quartermaster	Quartermaster
10470000861	Quartermaster	Quartermaster
10470000862	Teleport Station Administrator	Teleport Station Administrator
10470000863	Supply Station Staff	Supply Station Staff
10470000864	Quartermaster Corps Staff	Quartermaster Corps Staff
10470000865	Military Supply Staff	Military Supply Staff
10470000866	Palace Guard	Palace Guard
10470000867	Crystal Donation Informant	Crystal Donation Informant
10470000868	Resource Management Department Staff	Resource Management Department Staff
10470000869	Outpost Administrator	Outpost Administrator
10470000870	Mysterious Person	Mysterious Person
10470000871	Adventurer's Guild Tree	Adventurer's Guild Tree
10470000872	Guild Supplies Manager	Guild Supplies Manager
10470000873	Guild Services Staff	Guild Services Staff
10470000874	Prontera	Prontera
10470000875	Culvert	Culvert
10470000876	Culvert Floor @{1}	Culvert Floor @{1}
10470000877	Prontera East Gate	Prontera East Gate
10470000878	Prontera South Gate	Prontera South Gate
10470000879	Prontera West Gate	Prontera West Gate
10470000880	Prontera North Gate	Prontera North Gate
10470000881	Izlude	Izlude
10470000882	Byalan Island	Byalan Island
10470000883	Undersea Tunnel	Undersea Tunnel
10470000884	Undersea Tunnel@{1}F	Undersea Tunnel@{1}F
10470000885	Orc Village	Orc Village
10470000886	Goblin Forest	Goblin Forest
10470000887	Mjolnir Garden	Mjolnir Garden
10470000888	Hidden Forest	Hidden Forest
10470000889	Desert Crossroad	Desert Crossroad
10470000890	Geffen East Gate	Geffen East Gate
10470000891	Mt. Mjolnir	Mt. Mjolnir
10470000892	Larva Canyon	Larva Canyon
10470000893	Abandoned Mine	Abandoned Mine
10470000894	Geffen	Geffen
10470000895	Geffen North Gate	Geffen North Gate
10470000896	Geffen West Gate	Geffen West Gate
10470000897	Geffen Field	Geffen Field
10470000898	Geffen Outskirts	Geffen Outskirts
10470000899	Kordt Forest	Kordt Forest
10470000900	Orc Cave	Orc Cave
10470000901	Geffen Tower	Geffen Tower
10470000902	Geffen Tower Floor @{1}	Geffen Tower Floor @{1}
10470000903	Payon	Payon
10470000904	Archer Village	Archer Village
10470000905	Eastern Payon	Eastern Payon
10470000906	Deep Forest	Deep Forest
10470000907	Poring Island	Poring Island
10470000908	Southeast Payon	Southeast Payon
10470000909	Payon Forest	Payon Forest
10470000910	Southern Payon	Southern Payon
10470000911	Payon Cave	Payon Cave
10470000912	Abandoned Village	Abandoned Village
10470000913	Morroc	Morroc
10470000914	Bridge of Desert	Bridge of Desert
10470000915	Western Morroc	Western Morroc
10470000916	South Morroc	South Morroc
10470000917	Sograt Desert	Sograt Desert
10470000918	Southern Sograt	Southern Sograt
10470000919	Papuchicha Forest	Papuchicha Forest
10470000920	Pharos Lighthouse	Pharos Lighthouse
10470000921	Ant Hell	Ant Hell
10470000922	Pyramid Floor @{1}	Pyramid Floor @{1}
10470000923	Sphinx Crypt	Sphinx Crypt
10470000924	Sphinx Dungeon Floor @{1}	Sphinx Dungeon Floor @{1}
10470000925	Alberta	Alberta
10470000926	Sunken Ship	Sunken Ship
10470000927	Shipwreck Labyrinth	Shipwreck Labyrinth
10470000928	Shipwreck Labyrinth Floor @{1}	Shipwreck Labyrinth Floor @{1}
10470000929	Floor @{1}	Floor @{1}
10470000930	Library	Library
10470000931	Grand Cathedral	Grand Cathedral
10470000932	Royal Palace	Royal Palace
10470000933	Inn	Inn
10470000934	Prontera-Flying Trigger	Prontera-Flying Trigger
10470000935	South Gate-Flying Trigger	South Gate-Flying Trigger
10470000936	Izlude-Flying Trigger	Izlude-Flying Trigger
10470000937	Payon-Flying Trigger	Payon-Flying Trigger
10470000938	Eastern Payon-Flying Trigger	Eastern Payon-Flying Trigger
10470000939	Southeast Payon-Flying Trigger	Southeast Payon-Flying Trigger
10470000940	Payon Forest-Flying Trigger	Payon Forest-Flying Trigger
10470000941	Territory War-I	Territory War-I
10470000942	Territory War-II	Territory War-II
10470000943	Territory War-III	Territory War-III
10470000944	Territory War-IV	Territory War-IV
10470000945	Territory War-V	Territory War-V
10470000946	Territory War - Six	Territory War - Six
10470000947	Territory War - Seven	Territory War - Seven
10470000948	Territory War - Eight	Territory War - Eight
10470000949	Territory War - Nine	Territory War - Nine
10470000950	Territory War - Ten	Territory War - Ten
10470000951	Territory War-11	Territory War-11
10470000952	Territory War - Twelve	Territory War - Twelve
10470000953	Territory War - Thirteen	Territory War - Thirteen
10470000954	Territory War - Fourteen	Territory War - Fourteen
10470000955	Territory War - Fifteen	Territory War - Fifteen
10470000956	Territory War - Sixteen	Territory War - Sixteen
10470000957	Territory War - Seventeen	Territory War - Seventeen
10470000958	Territory War - Eighteen	Territory War - Eighteen
10470000959	Territory War - Nineteen	Territory War - Nineteen
10470000960	Territory War - 20	Territory War - 20
10470000961	Territory War - 21	Territory War - 21
10470000962	Territory War-22	Territory War-22
10470000963	Territory War-23	Territory War-23
10470000964	Territory War - 24	Territory War - 24
10470000965	Territory War-25	Territory War-25
10470000966	Territory War - 26	Territory War - 26
10470000967	Territory War - 27	Territory War - 27
10470000968	Territory War - 28	Territory War - 28
10470000969	Territory War-29	Territory War-29
10470000970	Territory War-30	Territory War-30
10470000971	Territory War-31	Territory War-31
10470000972	Territory War - 32	Territory War - 32
10470000973	Territory War - 33	Territory War - 33
10470000974	Territory War - 34	Territory War - 34
10470000975	Territory War - 35	Territory War - 35
10470000976	Territory War - 36	Territory War - 36
10470000977	Deep in the Forest - Flying Trigger	Deep in the Forest - Flying Trigger
10470000978	Rhine	Rhine
10470000979	Novice Instructor	Novice Instructor
10470000980	Emma	Emma
10470000981	Airship Staff	Airship Staff
10470000982	Hawke	Hawke
10470000983	Professor Ryan	Professor Ryan
10470000984	Rookie Swordsman	Rookie Swordsman
10470000985	Strange Machine	Strange Machine
10470000986	Church Knight	Church Knight
10470000987	Stone Pillar	Stone Pillar
10470000988	Relic	Relic
10470000989	Innkeeper	Innkeeper
10470000990	Schmidt	Schmidt
10470000991	Katherine	Katherine
10470000992	Tristan III	Tristan III
10470000993	Varmundt	Varmundt
10470000994	Heinrich	Heinrich
10470000995	Caravan Party Leader	Caravan Party Leader
10470000996	Caravan Member	Caravan Member
10470000997	Hunter	Hunter
10470000998	Allen	Allen
10470000999	Headwear Merchant	Headwear Merchant
10470001000	Lemon	Lemon
10470001001	Kiki	Kiki
10470001002	Gwen	Gwen
10470001003	Bob	Bob
10470001004	Buddy	Buddy
10470001005	Jax	Jax
10470001006	John	John
10470001007	William	William
10470001008	Joanne	Joanne
10470001009	John's Wife	John's Wife
10470001010	William's Mother	William's Mother
10470001011	Joanne's Wife	Joanne's Wife
10470001012	Giant Ant	Giant Ant
10470001013	Cleaver	Cleaver
10470001014	Wildcat	Wildcat
10470001015	Nita	Nita
10470001016	Follower of Ilmata	Follower of Ilmata
10470001017	Genesis	Genesis
10470001018	Himomes	Himomes
10470001019	Monster Research Adventurer	Monster Research Adventurer
10470001020	Suspicious Man	Suspicious Man
10470001021	Praxx	Praxx
10470001022	Strange Stone Platform	Strange Stone Platform
10470001023	Empty Model	Empty Model
10470001024	Sandwich	Sandwich
10470001025	Ferocious Peco Peco	Ferocious Peco Peco
10470001026	Interaction Quest NPC	Interaction Quest NPC
10470001027	Rift Stone	Rift Stone
10470001028	Swordsman (Monster)@{1}	Swordsman (Monster)@{1}
10470001029	Teleporter	Teleporter
10470001030	Kafra Staff	Kafra Staff
10470001031	Passerby	Passerby
10470001032	Guard	Guard
10470001033	Dove	Dove
10470001034	Mouse	Mouse
10470001035	Huahua	Huahua
10470001036	Gatekeeper	Gatekeeper
10470001037	Gate	Gate
10470001038	Event Kafra	Event Kafra
10470001039	Swordsman (Monster)	Swordsman (Monster)
10470001040	Battle of Prontera Atmosphere Rift	Battle of Prontera Atmosphere Rift
10470001041	To Prontera East Gate	To Prontera East Gate
10470001042	No Translation Required	No Translation Required
10470001043	Magic Circle_Angeling Damage Area	Magic Circle_Angeling Damage Area
10470001044	Magic Circle_Orc Hero Ground Cleave	Magic Circle_Orc Hero Ground Cleave
10470001045	Magic Circle_Maya Petrify Mist	Magic Circle_Maya Petrify Mist
10470001046	Magic Circle_Empty	Magic Circle_Empty
10470001047	Magic Circle_Mistress Slow Area	Magic Circle_Mistress Slow Area
10470001048	Mandragora Ranged Attack	Mandragora Ranged Attack
10470001049	MVP Magic Circle_Mistress Slow Area	MVP Magic Circle_Mistress Slow Area
10470001050	Magic Circle_Great Fire Dragon Meteor Fall	Magic Circle_Great Fire Dragon Meteor Fall
10470001051	Guild Area Statue	Guild Area Statue
10470001052	Stall Model	Stall Model
10470001053	Kafra Shop	Kafra Shop
10470001054	Wind Lord Storm Rift	Wind Lord Storm Rift
10470001055	Foxball	Foxball
10470001056	Dr. Owl	Dr. Owl
10470001057	Squidgitte Magic Circle	Squidgitte Magic Circle
10470001058	Ancient Tree	Ancient Tree
10470001059	Lava Lizard	Lava Lizard
10470001060	Nepenthes	Nepenthes
10470001061	Forest Fairy	Forest Fairy
10470001062	Diu Lei Lou Mou@{1}	Diu Lei Lou Mou@{1}
10470001063	Silver Moon Witch	Silver Moon Witch
10470001064	Succubus	Succubus
10470001065	Bloody Butterfly	Bloody Butterfly
10470001066	Retribution	Retribution
10470001067	Fairy	Fairy
10470001068	Miyabi Doll	Miyabi Doll
10470001069	Dullahan	Dullahan
10470001070	Alicel	Alicel
10470001071	High Orc	High Orc
10470001072	Death Witch	Death Witch
10470001073	Aliot	Aliot
10470001074	Darkheart Hunter Eve	Darkheart Hunter Eve
10470001075	Hodremlin Sword	Hodremlin Sword
10470001076	Corrupted Wander Man	Corrupted Wander Man
10470001077	Raging Shinobi	Raging Shinobi
10470001078	Incubus	Incubus
10470001079	Nightmare	Nightmare
10470001080	Hardened Rainbow Nightmare	Hardened Rainbow Nightmare
10470001081	Little Isis	Little Isis
10470001082	Medusa	Medusa
10470001083	One-Horned Radiant Chimera	One-Horned Radiant Chimera
10470001084	Owl Baron	Owl Baron
10470001085	Scout Basilisk	Scout Basilisk
10470001086	Female Warrior Lola	Female Warrior Lola
10470001087	Fruit Tree Turtle	Fruit Tree Turtle
10470001088	Wildcat Knight	Wildcat Knight
10470001089	Piamette	Piamette
10470001090	Watcher	Watcher
10470001091	Garm Baby	Garm Baby
10470001092	Clock	Clock
10470001093	Goddess of Hope	Goddess of Hope
10470001094	Rainbow Ferus	Rainbow Ferus
10470001095	Daedre	Daedre
10470001096	Fox Immortal	Fox Immortal
10470001097	Miguel	Miguel
10470001098	Goat	Goat
10470001099	Elena Bokba	Elena Bokba
10470001100	Sarah Irene	Sarah Irene
10470001101	Consecrated Domain	Consecrated Domain
10470001102	Realm of Darkness	Realm of Darkness
10470001103	Wormhole	Wormhole
10470001104	Sandstorm@{1}m	Sandstorm@{1}m
10470001105	Unknown Boss	Unknown Boss
10470001106	Puppet	Puppet
10470001107	Pirate Ship (Projectile)	Pirate Ship (Projectile)
10470001108	Drake-Hard Dummy	Drake-Hard Dummy
10470001109	Water Tornado (Projectile)	Water Tornado (Projectile)
10470001110	Water Blade (Projectile)	Water Blade (Projectile)
10470001111	Beehive	Beehive
10470001112	Puddle of Honey	Puddle of Honey
10470001113	Area Effect	Area Effect
10470001114	Charge Projectile	Charge Projectile
10470001115	Marching Hornet	Marching Hornet
10470001116	Magic Circle_Maya Petrifying Mist	Magic Circle_Maya Petrifying Mist
10470001117	Magic Circle_Maya Sandstorm	Magic Circle_Maya Sandstorm
10470001118	Magic Circle_Maya Sandstorm Instant-Kill Zone	Magic Circle_Maya Sandstorm Instant-Kill Zone
10470001119	Magic Circle_Maya Stone Pillar	Magic Circle_Maya Stone Pillar
10470001120	Projectile_Sandstorm	Projectile_Sandstorm
10470001121	Empty Unit_Summoning	Empty Unit_Summoning
10470001122	Magic Circle_Petrifying Mist new	Magic Circle_Petrifying Mist new
10470001123	Osiris	Osiris
10470001124	Little Mummy	Little Mummy
10470001125	Horong Projectile	Horong Projectile
10470001126	Side-by-Side Horongs	Side-by-Side Horongs
10470001127	Astral Shift	Astral Shift
10470001128	Explosion	Explosion
10470001129	Moonlight Flower Bell Cage	Moonlight Flower Bell Cage
10470001130	Moonlight Flower Bell Cage Deathrattle	Moonlight Flower Bell Cage Deathrattle
10470001131	Moonlight Flower Riddle Bell	Moonlight Flower Riddle Bell
10470001132	Moonlight Flower Projectile	Moonlight Flower Projectile
10470001133	Moonlight Flower Spotlight Projectile	Moonlight Flower Spotlight Projectile
10470001134	Moonlight Flower-Illusion	Moonlight Flower-Illusion
10470001135	Moonlight Flower Four-Corner Bells	Moonlight Flower Four-Corner Bells
10470001136	Moonlight Flower Large Projectile	Moonlight Flower Large Projectile
10470001137	Moonlight Flower-Transparent Anchor	Moonlight Flower-Transparent Anchor
10470001138	Baphomet AoE Magic Circle	Baphomet AoE Magic Circle
10470001139	P@{1} Bubble NPC	P@{1} Bubble NPC
10470001140	Red Bubble NPC	Red Bubble NPC
10470001141	Yellow Bubble NPC	Yellow Bubble NPC
10470001142	Blue Bubble NPC	Blue Bubble NPC
10470001143	Green Bubble NPC	Green Bubble NPC
10470001144	Red Tracking Bubble NPC	Red Tracking Bubble NPC
10470001145	Yellow Tracking Bubble NPC	Yellow Tracking Bubble NPC
10470001146	Blue Tracking Bubble NPC	Blue Tracking Bubble NPC
10470001147	Green Tracking Bubble NPC	Green Tracking Bubble NPC
10470001148	Isti - Hard	Isti - Hard
10470001149	Same-Color Collision Bubble NPC Left	Same-Color Collision Bubble NPC Left
10470001150	Same-Color Collision Bubble NPC Down	Same-Color Collision Bubble NPC Down
10470001151	P@{1} Red Bubble NPC	P@{1} Red Bubble NPC
10470001152	P@{1} Yellow Bubble NPC	P@{1} Yellow Bubble NPC
10470001153	P@{1} Blue Bubble NPC	P@{1} Blue Bubble NPC
10470001154	P@{1} Green Bubble NPC	P@{1} Green Bubble NPC
10470001155	Spawn Animation Test	Spawn Animation Test
10470001156	P@{1} Red Bubble NPC@{2}	P@{1} Red Bubble NPC@{2}
10470001157	P@{1} Yellow Bubble NPC@{2}	P@{1} Yellow Bubble NPC@{2}
10470001158	P@{1} Blue Bubble NPC@{2}	P@{1} Blue Bubble NPC@{2}
10470001159	P@{1} Green Bubble NPC@{2}	P@{1} Green Bubble NPC@{2}
10470001160	Isti - Normal	Isti - Normal
10470001161	Isti - Apocalypse	Isti - Apocalypse
10470001162	Nasha - Hard	Nasha - Hard
10470001163	Dancer	Dancer
10470001164	Circle-Stepping Magic Circle	Circle-Stepping Magic Circle
10470001165	Blank NPC	Blank NPC
10470001166	Dance Machine Step Point	Dance Machine Step Point
10470001167	Dark Warning Circle	Dark Warning Circle
10470001168	Test Death	Test Death
10470001169	Nasha - Normal	Nasha - Normal
10470001170	Nasha - Finale	Nasha - Finale
10470001171	Collect Red Note	Collect Red Note
10470001172	Collect Blue Note	Collect Blue Note
10470001173	Collect Yellow Note	Collect Yellow Note
10470001174	Collect Green Note	Collect Green Note
10470001175	Ilmo - Hard	Ilmo - Hard
10470001176	Ilmo - Normal	Ilmo - Normal
10470001177	Ilmo - Finale	Ilmo - Finale
10470001178	Mirko - Hard	Mirko - Hard
10470001179	Mirko - Normal	Mirko - Normal
10470001180	Mirko - Finale	Mirko - Finale
10470001181	Full-Arena Circle	Full-Arena Circle
10470001182	Golden Horn	Golden Horn
10470001183	Blue Harp	Blue Harp
10470001184	Black	Black
10470001185	White	White
10470001186	Adeline von Crest	Adeline von Crest
10470001187	Demo Test Dummy	Demo Test Dummy
10470001188	Isti	Isti
10470001189	Nasha	Nasha
10470001190	Red Bubble	Red Bubble
10470001191	Yellow Bubble	Yellow Bubble
10470001192	Green Bubble	Green Bubble
10470001193	Blue Bubble	Blue Bubble
10470001194	Wave	Wave
10470001195	@{1}D Bounding Box Test Projectile	@{1}D Bounding Box Test Projectile
10470001196	Unstable Red Bubble	Unstable Red Bubble
10470001197	Unstable Yellow Bubble	Unstable Yellow Bubble
10470001198	Unstable Green Bubble	Unstable Green Bubble
10470001199	Unstable Blue Bubble	Unstable Blue Bubble
10470001200	Kunai	Kunai
10470001201	Five-Player Dungeon Sandstorm	Five-Player Dungeon Sandstorm
10470001202	Five-Player Dungeon Sandstorm@{1}	Five-Player Dungeon Sandstorm@{1}
10470001203	Test?	Test?
10470001204	Test Homing Projectile	Test Homing Projectile
10470001205	Test Straight-Line Projectile	Test Straight-Line Projectile
10470001206	Test Circular Projectile	Test Circular Projectile
10470001207	Storm Gust	Storm Gust
10470001208	Lord of Vermilion	Lord of Vermilion
10470001209	Safety Wall	Safety Wall
10470001210	Fire Wall	Fire Wall
10470001211	Quagmire	Quagmire
10470001212	Fire Pillar	Fire Pillar
10470001213	Meteor Storm	Meteor Storm
10470001214	Heaven's Drive	Heaven's Drive
10470001215	Crimson Rock	Crimson Rock
10470001216	Arc Lightning	Arc Lightning
10470001217	Frost Nova	Frost Nova
10470001218	Marsh of Abyss	Marsh of Abyss
10470001219	Gravitation Field	Gravitation Field
10470001220	Meteor Storm@{1}	Meteor Storm@{1}
10470001221	Pneuma	Pneuma
10470001222	Ember Zone-BD	Ember Zone-BD
10470001223	Sanctuary	Sanctuary
10470001224	Magnus Exorcismus	Magnus Exorcismus
10470001225	Advanced Head Crush	Advanced Head Crush
10470001226	Claymore Trap	Claymore Trap
10470001227	Freezing Trap	Freezing Trap
10470001228	Blast Mine	Blast Mine
10470001229	Enhance Land Mine	Enhance Land Mine
10470001230	Enhance Claymore Trap	Enhance Claymore Trap
10470001231	Enhance Freezing Trap	Enhance Freezing Trap
10470001232	Enhance Blast Mine	Enhance Blast Mine
10470001233	Magic Circle_Assumptio	Magic Circle_Assumptio
10470001234	Magic Circle_Advanced Cross Exorciser Attack	Magic Circle_Advanced Cross Exorciser Attack
10470001235	Magic Circle_Assumptio BD	Magic Circle_Assumptio BD
10470001236	Magic Circle_Advanced Cross Exorciser Attack BD	Magic Circle_Advanced Cross Exorciser Attack BD
10470001237	Holy Light Corridor	Holy Light Corridor
10470001238	Pixel Thrust Increase Dodge	Pixel Thrust Increase Dodge
10470001239	Arrow Storm	Arrow Storm
10470001240	Magic Circle_Assassin Shadow S@{1}	Magic Circle_Assassin Shadow S@{1}
10470001241	Reno	Reno
10470001242	Rumi	Rumi
10470001243	Blue-Haired Kafra	Blue-Haired Kafra
10470001244	Zhuntuo Agency Promoter	Zhuntuo Agency Promoter
10470001245	Guide Line	Guide Line
10470001246	Minor Speed Boost	Minor Speed Boost
10470001247	Major Speed Boost	Major Speed Boost
10470001248	Freezing Trap Hunter	Freezing Trap Hunter
10470001249	Flame Trap Hunter	Flame Trap Hunter
10470001250	Item Box	Item Box
10470001251	Barricade	Barricade
10470001252	Producer YU	Producer YU
10470001253	Friendly Test Dummy	Friendly Test Dummy
10470001254	Mistress-Easy	Mistress-Easy
10470001255	Mistress-Normal	Mistress-Normal
10470001256	Mistress-Hard	Mistress-Hard
10470001257	Mistress-Very Hard	Mistress-Very Hard
10470001258	Mistress-Nightmare	Mistress-Nightmare
10470001259	Mistress-Final	Mistress-Final
10470001260	Maya-Easy	Maya-Easy
10470001261	Maya-Normal	Maya-Normal
10470001262	Maya-Hard	Maya-Hard
10470001263	Maya-Very Hard	Maya-Very Hard
10470001264	Maya-Nightmare	Maya-Nightmare
10470001265	Maya-Final	Maya-Final
10470001266	Osiris-Easy	Osiris-Easy
10470001267	Osiris-Normal	Osiris-Normal
10470001268	Osiris-Hard	Osiris-Hard
10470001269	Osiris-Very Hard	Osiris-Very Hard
10470001270	Osiris-Nightmare	Osiris-Nightmare
10470001271	Osiris-Final	Osiris-Final
10470001272	Moonlight Flower-Easy	Moonlight Flower-Easy
10470001273	Moonlight Flower-Normal	Moonlight Flower-Normal
10470001274	Moonlight Flower-Hard	Moonlight Flower-Hard
10470001275	Moonlight Flower-Very Hard	Moonlight Flower-Very Hard
10470001276	Moonlight Flower-Nightmare	Moonlight Flower-Nightmare
10470001277	Moonlight Flower-Final	Moonlight Flower-Final
10470001278	Pharaoh-Easy	Pharaoh-Easy
10470001279	Pharaoh-Normal	Pharaoh-Normal
10470001280	Pharaoh-Hard	Pharaoh-Hard
10470001281	Pharaoh-Very Hard	Pharaoh-Very Hard
10470001282	Pharaoh-Nightmare	Pharaoh-Nightmare
10470001283	Pharaoh-Final	Pharaoh-Final
10470001284	Baphomet-Easy	Baphomet-Easy
10470001285	Baphomet-Normal	Baphomet-Normal
10470001286	Baphomet-Hard	Baphomet-Hard
10470001287	Baphomet-Very Hard	Baphomet-Very Hard
10470001288	Baphomet-Nightmare	Baphomet-Nightmare
10470001289	Baphomet-Final	Baphomet-Final
10470001290	Drake-Easy	Drake-Easy
10470001291	Drake-Normal	Drake-Normal
10470001292	Drake-Hard	Drake-Hard
10470001293	Drake-Very Hard	Drake-Very Hard
10470001294	Drake-Nightmare	Drake-Nightmare
10470001295	Drake-Final	Drake-Final
10470001296	Pharaoh@{1}	Pharaoh@{1}
13260000000	Rational Analysis	Rational Analysis
13260000001	Field Investigation	Field Investigation
13260000002	Purpose of the Experiment	Purpose of the Experiment
11440000000	Test	Test
36000	Spirit Tower	Spirit Tower
36004	${1}%	${1}%
11210100001	A Hat made by wearing a bread bag backward.	A Hat made by wearing a bread bag backward.
11210100005	A black Hat worn by students.	A black Hat worn by students.
11210100006	Afternoon Stroll · Matching Theme Headwear	Afternoon Stroll · Matching Theme Headwear
11210100011	Who doesn't love bunny ears?	Who doesn't love bunny ears?
11210100013	Windproof goggles made of leather.	Windproof goggles made of leather.
11210100025	A headband modeled after a demon's wings.	A headband modeled after a demon's wings.
11210100033	Headwear topped with sharp horns.	Headwear topped with sharp horns.
11210100036	A Hat modeled after Moonlight Flower.	A Hat modeled after Moonlight Flower.
11210100037	A bat-shaped headband.	A bat-shaped headband.
11210100045	Nine-Tone Mantra · Matching Theme Headwear	Nine-Tone Mantra · Matching Theme Headwear
11210100048	Night Judgment · Matching Theme Facewear	Night Judgment · Matching Theme Facewear
11210100049	Dinner Date · Matching Theme Facewear	Dinner Date · Matching Theme Facewear
11210100061	Nine-Tone Mantra · Matching Theme Mouthwear	Nine-Tone Mantra · Matching Theme Mouthwear
11210100064	Academy Journal · Matching Theme Mouthwear	Academy Journal · Matching Theme Mouthwear
11210100065	An ornament worn on a Clown's nose.	An ornament worn on a Clown's nose.
11210100096	An adorable, extra-large bow scarf.	An adorable, extra-large bow scarf.
11210100100	Exclusive mount for Swordsmen	Exclusive mount for Swordsmen
11210100101	Exclusive mount for Acolytes	Exclusive mount for Acolytes
11210100102	Exclusive mount for Thieves	Exclusive mount for Thieves
11210100103	Exclusive mount for Mages	Exclusive mount for Mages
11210100104	Exclusive mount for Archers	Exclusive mount for Archers
11210100105	Exclusive mount for Merchants	Exclusive mount for Merchants
11210100121	Male Hairstyle	Male Hairstyle
11210100122	Pink hair as sweet as a Strawberry macaron.	Pink hair as sweet as a Strawberry macaron.
11210100124	Female Hairstyle	Female Hairstyle
11210100125	All that sweetness is swirling around you.	All that sweetness is swirling around you.
12920000000	Easy	Easy
12920000001	Hard	Hard
12920000002	Nightmare	Nightmare
11100000000	Ragnarok Online	Ragnarok Online
11100000001	Diamond	Diamond
11100000002	Jade	Jade
11100000003	Platinum Range	Platinum Range
11100000004	Gold	Gold
11100000005	Silver	Silver
11100000006	Brass	Brass
11100000007	Black Iron	Black Iron
10930000000	Complete Stranger	Complete Stranger
10930000001	Fated Encounter	Fated Encounter
10930000002	Familiar Face	Familiar Face
10930000003	Acquaintance	Acquaintance
10930000004	Unforgettable	Unforgettable
10930000005	Acquainted	Acquainted
10930000006	Thinking of You, Longing for You	Thinking of You, Longing for You
10930000007	Kindred Spirits	Kindred Spirits
10930000008	Matching Hearts	Matching Hearts
37029	Lv. ${1}-${2}	Lv. ${1}-${2}
37040	${1}	${1}
37045	${1}/${2}	${1}/${2}
37132	BASE EXP	BASE EXP
37133	Job EXP	Job EXP
10760000000	Apprentice Adventurer	Apprentice Adventurer
10760000001	Adventurer	Adventurer
10760000002	Advanced Adventurer	Advanced Adventurer
10760000003	Accomplished Adventurer	Accomplished Adventurer
10760000004	Elite Adventurer	Elite Adventurer
10760000005	Chief Adventurer	Chief Adventurer
12410000001	RO's world is primarily based on Norse Myth.	RO's world is primarily based on Norse Myth.
12410000049	"Megingjard" grants STR +@{1}.	"Megingjard" grants STR +@{1}.
10470200000	@{1}	@{1}
10470200001	Shop	Shop
10470200002	Rescue Wagon	Rescue Wagon
10470200003	${1}'s ID Tag	${1}'s ID Tag
10470200004	Equipment Merchant	Equipment Merchant
10470200005	Balance	Balance
10470200006	HP Enhance	HP Enhance
10470200007	Magic Resistance Enhance	Magic Resistance Enhance
10470200008	Physical Resistance Enhance	Physical Resistance Enhance
10470200009	Attack Enhance	Attack Enhance
10470200010	Treasure	Treasure
10470200011	Mining Star Treasure Hunt	Mining Star Treasure Hunt
10470200012	Summon Starshatter Dragon	Summon Starshatter Dragon
10470200013	Kafra Warp	Kafra Warp
10470200014	Monsterologist	Monsterologist
10470200015	Payon Elder	Payon Elder
10470200016	Chief Class Mentor	Chief Class Mentor
10470200017	Eden Group Chief	Eden Group Chief
10470200018	Teleport to Prontera	Teleport to Prontera
10470200019	Teleport to the Culvert	Teleport to the Culvert
10470200020	Hero Registry	Hero Registry
10470200021	Teleport to the Royal Palace	Teleport to the Royal Palace
10470200022	Leave the Garden of Time	Leave the Garden of Time
10470200023	Adventurer Guild Created	Adventurer Guild Created
10470200024	Eden Group Secretary	Eden Group Secretary
10470200025	Adventurer Camp Manager	Adventurer Camp Manager
10470200026	Eden Group Instructor	Eden Group Instructor
10470200027	Knight Leader	Knight Leader
10470200028	Shorty	Shorty
37861	+${1}	+${1}
38007	${1}/${2}	${1}/${2}
10010400000	STR	STR
10010400001	AGI	AGI
10010400002	VIT	VIT
10010400003	INT	INT
10010400004	DEX	DEX
10010400005	LUK	LUK
10010400006	Totem Life	Totem Life
10010400007	Totem Physical ATK	Totem Physical ATK
10010400008	Totem Magic ATK	Totem Magic ATK
10010400009	PATK/MATK	PATK/MATK
10010400010	PDEF/MDEF	PDEF/MDEF
10010400011	Damage Reduction from Other Attributes	Damage Reduction from Other Attributes
10010400012	Crowd Control Resistance	Crowd Control Resistance
10010400013	HP	HP
10010400014	SP	SP
10010400015	PATK	PATK
10010400016	MATK	MATK
10010400017	PDEF	PDEF
10010400018	MDEF	MDEF
10010400019	HP recover	HP recover
10010400020	SP Recovery	SP Recovery
10010400021	HIT	HIT
10010400022	FLEE	FLEE
10010400023	CRIT	CRIT
10010400024	Crit Resistance	Crit Resistance
10010400025	MSPD	MSPD
10010400026	ASPD	ASPD
10010400027	Cast Speed	Cast Speed
10010400028	Out-of-Combat HP recover	Out-of-Combat HP recover
10010400029	Out-of-Combat MP Recovery	Out-of-Combat MP Recovery
10010400030	Job EXP	Job EXP
10010400031	Base EXP	Base EXP
10010400032	Crit Bonus	Crit Bonus
10010400033	Variable CT	Variable CT
10010400034	Fixed CT	Fixed CT
10010400035	Skill Cooldown	Skill Cooldown
10010400036	Global CD	Global CD
10010400037	Healing Done	Healing Done
10010400038	Healing Taken	Healing Taken
10010400039	CRIT DMG	CRIT DMG
10010400040	CRIT DMG Reduction	CRIT DMG Reduction
10010400041	Physical Damage Increase	Physical Damage Increase
10010400042	Physical Damage Reduction	Physical Damage Reduction
10010400043	Magic Damage Increase	Magic Damage Increase
10010400044	Magic Damage Reduction	Magic Damage Reduction
10010400045	Damage Increase	Damage Increase
10010400046	DMG Reduction	DMG Reduction
10010400047	Physical Penetration	Physical Penetration
10010400048	Magic Penetration	Magic Penetration
10010400049	Bonus ATK	Bonus ATK
10010400050	Bonus MATK	Bonus MATK
10010400051	Bonus DEF	Bonus DEF
10010400052	Bonus MDEF	Bonus MDEF
10010400053	Skill Damage Increase	Skill Damage Increase
10010400054	Skill Damage Reduction	Skill Damage Reduction
10010400055	Melee Physical Damage Increase	Melee Physical Damage Increase
10010400056	Melee PDMG Reduction	Melee PDMG Reduction
10010400057	Ranged Physical Damage Increase	Ranged Physical Damage Increase
10010400058	Ranged Physical Damage Reduction	Ranged Physical Damage Reduction
10010400059	Hunting Mastery	Hunting Mastery
10010400060	Hunting Protection	Hunting Protection
10010400061	DMG vs All Job	DMG vs All Job
10010400062	DMG Reduction vs All Job	DMG Reduction vs All Job
10010400063	Elemental Counter Ignore	Elemental Counter Ignore
10010400064	Elemental Counter Resistance	Elemental Counter Resistance
10010400065	Critical Chance	Critical Chance
10010400066	CRIT RES	CRIT RES
10010400067	Item Healing Effect%	Item Healing Effect%
10010400068	Item Healing Received%	Item Healing Received%
10010400069	Global Healing Effect%	Global Healing Effect%
10010400070	Global Healing Received%	Global Healing Received%
10010400071	MP Recovery Effect%	MP Recovery Effect%
10010400072	MP Recovery Received%	MP Recovery Received%
10010400073	Item MP Recovery Effect%	Item MP Recovery Effect%
10010400074	Item MP Recovery Received%	Item MP Recovery Received%
10010400075	Global MP Recovery Effect%	Global MP Recovery Effect%
10010400076	Global MP Recovery Received%	Global MP Recovery Received%
10010400077	Melee Magic Damage Increase	Melee Magic Damage Increase
10010400078	Melee Magic Damage Reduction	Melee Magic Damage Reduction
10010400079	Ranged Magic Damage Increase	Ranged Magic Damage Increase
10010400080	Ranged Magic Damage Reduction	Ranged Magic Damage Reduction
10010400081	Double Crit Chance	Double Crit Chance
10010400082	Mount Move Speed	Mount Move Speed
10010400083	Neutral Damage	Neutral Damage
10010400084	Wind Damage	Wind Damage
10010400085	Earth Damage	Earth Damage
10010400086	Fire Damage	Fire Damage
10010400087	Water Damage	Water Damage
10010400088	Poison Damage	Poison Damage
10010400089	Holy Damage	Holy Damage
10010400090	Shadow Damage	Shadow Damage
10010400091	Ghost Damage	Ghost Damage
10010400092	Undead Damage	Undead Damage
10010400093	Neutral Damage Reduction	Neutral Damage Reduction
10010400094	Wind Damage Reduction	Wind Damage Reduction
10010400095	Earth Damage Reduction	Earth Damage Reduction
10010400096	Fire Damage Reduction	Fire Damage Reduction
10010400097	Water Damage Reduction	Water Damage Reduction
10010400098	Poison Damage Reduction	Poison Damage Reduction
10010400099	Holy Damage Reduction	Holy Damage Reduction
10010400100	Shadow Damage Reduction	Shadow Damage Reduction
10010400101	Ghost Damage Reduction	Ghost Damage Reduction
10010400102	Undead Damage Reduction	Undead Damage Reduction
10010400103	DMG vs Neutral Enemies	DMG vs Neutral Enemies
10010400104	DMG vs Wind Enemies	DMG vs Wind Enemies
10010400105	DMG vs Earth Enemies	DMG vs Earth Enemies
10010400106	DMG vs Fire Enemies	DMG vs Fire Enemies
10010400107	DMG vs Water Enemies	DMG vs Water Enemies
10010400108	DMG vs Poison Enemies	DMG vs Poison Enemies
10010400109	DMG vs Holy Enemies	DMG vs Holy Enemies
10010400110	DMG vs Shadow Enemies	DMG vs Shadow Enemies
10010400111	DMG vs Ghost Enemies	DMG vs Ghost Enemies
10010400112	DMG vs Undead Enemies	DMG vs Undead Enemies
10010400113	Damage Reduction from Neutral Monsters	Damage Reduction from Neutral Monsters
10010400114	Damage Reduction from Wind Monsters	Damage Reduction from Wind Monsters
10010400115	Damage Reduction from Earth Monsters	Damage Reduction from Earth Monsters
10010400116	Damage Reduction from Fire Monsters	Damage Reduction from Fire Monsters
10010400117	Damage Reduction from Water Monsters	Damage Reduction from Water Monsters
10010400118	Damage Reduction from Poison Monsters	Damage Reduction from Poison Monsters
10010400119	Damage Reduction from Holy Monsters	Damage Reduction from Holy Monsters
10010400120	Damage Reduction from Shadow Monsters	Damage Reduction from Shadow Monsters
10010400121	Damage Reduction from Ghost Monsters	Damage Reduction from Ghost Monsters
10010400122	Damage Reduction from Undead Monsters	Damage Reduction from Undead Monsters
10010400123	Damage to Brute Race	Damage to Brute Race
10010400124	Damage to Demi-Human Race	Damage to Demi-Human Race
10010400125	Damage to Demon Race	Damage to Demon Race
10010400126	Damage to Plant Race	Damage to Plant Race
10010400127	Damage to Undead Race	Damage to Undead Race
10010400128	Damage to Formless Race	Damage to Formless Race
10010400129	Damage to Fish Race	Damage to Fish Race
10010400130	Damage to Angel Race	Damage to Angel Race
10010400131	Damage to Insect Race	Damage to Insect Race
10010400132	Damage to Dragon Race	Damage to Dragon Race
10010400133	Damage Reduction from Brute Race	Damage Reduction from Brute Race
10010400134	Damage Reduction from Demi-Human Race	Damage Reduction from Demi-Human Race
10010400135	Damage Reduction from Demon Race	Damage Reduction from Demon Race
10010400136	Damage Reduction from Plant Race	Damage Reduction from Plant Race
10010400137	Damage Reduction from Undead Race	Damage Reduction from Undead Race
10010400138	Damage Reduction from Formless Race	Damage Reduction from Formless Race
10010400139	Damage Reduction from Fish Race	Damage Reduction from Fish Race
10010400140	Damage Reduction from Angel Race	Damage Reduction from Angel Race
10010400141	Damage Reduction from Insect Race	Damage Reduction from Insect Race
10010400142	Damage Reduction from Dragon Race	Damage Reduction from Dragon Race
10010400143	DMG vs Small Enemies	DMG vs Small Enemies
10010400144	Damage Reduction from Small Size Monsters	Damage Reduction from Small Size Monsters
10010400145	DMG vs Medium Enemies	DMG vs Medium Enemies
10010400146	Damage Reduction from Medium Size Monsters	Damage Reduction from Medium Size Monsters
10010400147	Increase DMG vs Large Enemies	Increase DMG vs Large Enemies
10010400148	Damage Reduction from Large Size Monsters	Damage Reduction from Large Size Monsters
10010400149	Damage to Bosses	Damage to Bosses
10010400150	Damage Reduction from Bosses	Damage Reduction from Bosses
10010400151	Damage to Non-Bosses	Damage to Non-Bosses
10010400152	Damage Reduction from Non-Bosses	Damage Reduction from Non-Bosses
10010400153	Silent Attack	Silent Attack
10010400154	Silence Resistance	Silence Resistance
10010400155	Freeze Attack	Freeze Attack
10010400156	Freeze Resistance	Freeze Resistance
10010400157	Petrify Attack	Petrify Attack
10010400158	Petrify Resistance	Petrify Resistance
10010400159	Stun Enhance	Stun Enhance
10010400160	Stun Resistance	Stun Resistance
10010400161	Burn Enhance	Burn Enhance
10010400162	Burn Resistance	Burn Resistance
10010400163	Poisoned Enhance	Poisoned Enhance
10010400164	Poison Resistance	Poison Resistance
10010400165	Immobilize Attack	Immobilize Attack
10010400166	Immobilize Resistance	Immobilize Resistance
10010400167	Fear Attack	Fear Attack
10010400168	Fear Resistance	Fear Resistance
10010400169	Cursed Attack	Cursed Attack
10010400170	Curse Resistance	Curse Resistance
10010400171	Blind Attack	Blind Attack
10010400172	Dark Resistance	Dark Resistance
10010400173	Bleed Enhance	Bleed Enhance
10010400174	Bleed Resistance	Bleed Resistance
10010400175	Paralyze Enhance	Paralyze Enhance
10010400176	Paralyze Resistance	Paralyze Resistance
10010400177	Sleep Enhance	Sleep Enhance
10010400178	Sleep Resistance	Sleep Resistance
10010400179	Slow Enhance	Slow Enhance
10010400180	Slow Resistance	Slow Resistance
10010400181	Shield Bonus (Basis Points)	Shield Bonus (Basis Points)
10010400182	Shield Bonus Received (Basis Points)	Shield Bonus Received (Basis Points)
10010400183	Ranged PDMG.R	Ranged PDMG.R
10010400184	MP Cost	MP Cost
10010400185	Additional Physical ATK	Additional Physical ATK
10010400186	Additional Physical DEF	Additional Physical DEF
10010400187	Skill Energy	Skill Energy
10010400188	Max Skill Energy	Max Skill Energy
10010400189	Energy Recovery Time	Energy Recovery Time
10010400190	Life	Life
10010400191	Magic	Magic
10010400192	Level	Level
10010400193	Shield	Shield
10010400194	Fixed HP Lock	Fixed HP Lock
10010400195	HP Lock Percentage	HP Lock Percentage
10010400196	Physical Damage Shield	Physical Damage Shield
10010400197	Magic Damage Shield	Magic Damage Shield
10010400198	Universal Damage Shield	Universal Damage Shield
10010400199	Extended Category @{1} Shield Value	Extended Category @{1} Shield Value
10010400200	Shield Effect%	Shield Effect%
10010400201	Shield Effect Received%	Shield Effect Received%
10010400202	Can Take Damage	Can Take Damage
10010400203	Status Bitmap	Status Bitmap
10010400204	Prohibited Action Bitmap	Prohibited Action Bitmap
10010400205	Monster Battle Status	Monster Battle Status
10010400206	Attack Range	Attack Range
10010400207	Rage	Rage
10010400208	Max Rage	Max Rage
10010400209	Material Parameter (%)	Material Parameter (%)
10010400210	BOSS Phase	BOSS Phase
10010400211	Modified Hit Effect ID	Modified Hit Effect ID
10010400212	Max Ability	Max Ability
10010400213	Current Ability	Current Ability
10010400214	Ability Recovery Rate	Ability Recovery Rate
10010400215	Monster EXP Bonus	Monster EXP Bonus
10010400216	Game Mode EXP Bonus	Game Mode EXP Bonus
10010400217	All EXP Bonus	All EXP Bonus
10010400218	Field Auto-Battle EXP Bonus	Field Auto-Battle EXP Bonus
13720000000	Basic - Yellow Nameplate	Basic - Yellow Nameplate
13720000001	Basic - Green Nameplate	Basic - Green Nameplate
13720000002	Basic - Blue Nameplate	Basic - Blue Nameplate
13720000003	Corrupted Ilmata	Corrupted Ilmata
13720000004	Netherworld - Shattered Tower	Netherworld - Shattered Tower
38514	、	、
38516	，	，
11080800000	Investigate the Area Around the Culvert	Investigate the Area Around the Culvert
11080800001	Continue Investigating Along the Guided Route	Continue Investigating Along the Guided Route
11080800002	Defeat Golden Thief Bug	Defeat Golden Thief Bug
11080800003	Eliminate the Threat East of Geffen	Eliminate the Threat East of Geffen
11080800004	Eliminate the Threat Around Geffen	Eliminate the Threat Around Geffen
11080800005	Eliminate the Threat at Desert Crossroad	Eliminate the Threat at Desert Crossroad
11080800006	Eliminate the Threat Around Payon	Eliminate the Threat Around Payon
11080800007	Eliminate the Threat in Eastern Payon	Eliminate the Threat in Eastern Payon
11080800008	Current Players on Both Sides	Current Players on Both Sides
11080800009	Defeat All Monsters in Stage @{1}-@{2}	Defeat All Monsters in Stage @{1}-@{2}
11080800010	Enter Dragon Coffin Island and Prepare for Battle	Enter Dragon Coffin Island and Prepare for Battle
11080800011	Repel the monsters' attack and protect the Dragon Seal from being destroyed	Repel the monsters' attack and protect the Dragon Seal from being destroyed
11080800012	Head to Redrock Fortress in the Center of Dragon Coffin Island	Head to Redrock Fortress in the Center of Dragon Coffin Island
11080800013	Divide Up the Tasks and Prepare to Face Fafnir	Divide Up the Tasks and Prepare to Face Fafnir
11080800014	Work Together to Defeat Fafnir	Work Together to Defeat Fafnir
11080800015	All Heroes, Enter the Inner Area for the Final Showdown with Fafnir	All Heroes, Enter the Inner Area for the Final Showdown with Fafnir
11080800016	Fafnir Has Been Defeated. You May Leave Now	Fafnir Has Been Defeated. You May Leave Now
11080800017	Challenge the Phantom Realm Protector Orc Hero	Challenge the Phantom Realm Protector Orc Hero
11080800018	Challenge the Phantom Realm Protector Drake	Challenge the Phantom Realm Protector Drake
11080800019	Challenge the Phantom Realm Protector Mistress	Challenge the Phantom Realm Protector Mistress
11080800020	Challenge the Phantom Realm Protector: Golden Thief Bug	Challenge the Phantom Realm Protector: Golden Thief Bug
11080800021	Challenge the Phantom Realm Protector: Maya	Challenge the Phantom Realm Protector: Maya
11080800022	Challenge the Phantom Realm Protector: Osiris	Challenge the Phantom Realm Protector: Osiris
11080800023	Challenge the Phantom Realm Protector: Pharaoh	Challenge the Phantom Realm Protector: Pharaoh
11080800024	Challenge the Phantom Realm Protector: Moonlight Flower	Challenge the Phantom Realm Protector: Moonlight Flower
11080800025	Challenge the Phantom Realm Protector: Baphomet	Challenge the Phantom Realm Protector: Baphomet
11080800026	Go to the designated location to begin the challenge	Go to the designated location to begin the challenge
11080800027	Defeat all monsters	Defeat all monsters
11080800028	Prepare for battle	Prepare for battle
11080800029	Break through the castle gate	Break through the castle gate
11080800030	Kill the Protector	Kill the Protector
11080800031	Capture the control point, then attack the Glorious Metal	Capture the control point, then attack the Glorious Metal
11080800032	Destroy the Glorious Metal	Destroy the Glorious Metal
11080800033	Defend the castle gate	Defend the castle gate
11080800034	Protect the Protector	Protect the Protector
11080800035	Protect the control point to keep the Glorious Metal Invincible	Protect the control point to keep the Glorious Metal Invincible
11080800036	Defend the Glorious Metal	Defend the Glorious Metal
11080800037	Battle Preparations	Battle Preparations
11080800038	Each stronghold has a banner that attackers can damage. The guild of the player who deals the final blow temporarily takes control of the stronghold. If no other guild captures it within a certain period, the stronghold will be locked, giving that guild final control for the current battle.	Each stronghold has a banner that attackers can damage. The guild of the player who deals the final blow temporarily takes control of the stronghold. If no other guild captures it within a certain period, the stronghold will be locked, giving that guild final control for the current battle.
11080800039	Cover Boya and Wule	Cover Boya and Wule
11080800040	Join the Adventurers and defeat Eddga	Join the Adventurers and defeat Eddga
11080800041	Encountered Golden Thief Bug on Culvert Floor @{1}	Encountered Golden Thief Bug on Culvert Floor @{1}
11080800042	Go to the fork and see what happened	Go to the fork and see what happened
11080800043	Encountered Baphomet at Prontera's North Gate	Encountered Baphomet at Prontera's North Gate
11080800044	Pulled into a mysterious space by a giant hand that suddenly appeared	Pulled into a mysterious space by a giant hand that suddenly appeared
11080800045	Explore ahead	Explore ahead
11080800046	Bobo was sucked into the vortex	Bobo was sucked into the vortex
11080800047	The Passage Beneath the Vortex	The Passage Beneath the Vortex
11080800048	Bobo lies Weak on the ground	Bobo lies Weak on the ground
11080800049	Ride the Deniro	Ride the Deniro
11080800050	Collect the fluorescent substance	Collect the fluorescent substance
11080800051	Feed the Deniro	Feed the Deniro
11080800052	Ride the Deniro to the depths of the Ant Hell	Ride the Deniro to the depths of the Ant Hell
11080800053	Reach Maya's hidden nest	Reach Maya's hidden nest
11080800054	Venture deeper into the cave to find the Professor	Venture deeper into the cave to find the Professor
11080800055	Rescue the Professor from the ant egg	Rescue the Professor from the ant egg
11080800056	Help the Weak Professor walk	Help the Weak Professor walk
11080800057	Open the treasured chest	Open the treasured chest
11080800058	Airship Chitchat	Airship Chitchat
11080800059	Quick, attack the enemy ship!	Quick, attack the enemy ship!
11080800060	The enemy has boarded the ship!	The enemy has boarded the ship!
11080800061	Encountered an evil Boss aboard the airship	Encountered an evil Boss aboard the airship
11080800062	Take a look around	Take a look around
11080800063	Check on the captain	Check on the captain
11080800064	Defeat Baphomet	Defeat Baphomet
11080800065	Festival Invitation Trivia	Festival Invitation Trivia
11080800066	Challenge Isti, Protector of the Divine Realm	Challenge Isti, Protector of the Divine Realm
11080800067	Challenge Nasha, Protector of the Divine Realm	Challenge Nasha, Protector of the Divine Realm
11080800068	Challenge Ilmo, Protector of the Divine Realm	Challenge Ilmo, Protector of the Divine Realm
11080800069	Challenge Mirko, Protector of the Divine Realm	Challenge Mirko, Protector of the Divine Realm
11080800070	The Void Rift is unstable. Clear out the monsters inside as quickly as possible.	The Void Rift is unstable. Clear out the monsters inside as quickly as possible.
11080800071	Challenge Angeling	Challenge Angeling
11080800072	Challenge Eddga	Challenge Eddga
11080800073	Challenge Dracula	Challenge Dracula
11080800074	Challenge Mistress	Challenge Mistress
11080800075	Challenge Osiris	Challenge Osiris
11080800076	Challenge Moonlight Flower	Challenge Moonlight Flower
11080800077	Challenge Doppelganger	Challenge Doppelganger
11080800078	Current Objective	Current Objective
13550000000	Day @{1}	Day @{1}
10080000000	Character Selection Scene	Character Selection Scene
10080000001	Garden of Time	Garden of Time
10080000002	Tritura Academy	Tritura Academy
10080000003	Prontera	Prontera
10080000004	Izlude	Izlude
10080000005	Byalan Island	Byalan Island
10080000006	Inn	Inn
10080000007	Library	Library
10080000008	Grand Cathedral	Grand Cathedral
10080000009	Royal Palace	Royal Palace
10080000010	Tavern	Tavern
10080000011	Prontera East Gate	Prontera East Gate
10080000012	Prontera South Gate	Prontera South Gate
10080000013	Prontera West Gate	Prontera West Gate
10080000014	Prontera North Gate	Prontera North Gate
10080000015	Undersea Tunnel Floor @{1}	Undersea Tunnel Floor @{1}
170000	Guild emblem design not unlocked. Please choose another.	Guild emblem design not unlocked. Please choose another.
170001	Guild Emblem Frame not unlocked. Please select another.	Guild Emblem Frame not unlocked. Please select another.
170002	No former name	No former name
170003	Opens on ${1}/${2} at ${3}	Opens on ${1}/${2} at ${3}
170004	Approval Required	Approval Required
170005	No Approval Required	No Approval Required
170006	Withdraw your application to this guild?	Withdraw your application to this guild?
170007	Failed to send guild application.	Failed to send guild application.
170008	Guild application sent successfully.	Guild application sent successfully.
170009	Initiate	Initiate
170010	Response	Response
170011	I've created a new guild, 【${1}】! Adventurers, come show your support!!	I've created a new guild, 【${1}】! Adventurers, come show your support!!
170012	Post the following message to the ${1} channel	Post the following message to the ${1} channel
170013	【Guild Rally】<color=#FCAA5B>${1}</color> (Responses: <color=#FCAA5B>${2}</color>/${3})	【Guild Rally】<color=#FCAA5B>${1}</color> (Responses: <color=#FCAA5B>${2}</color>/${3})
170014	Home	Home
170015	Building	Building
170016	Currency Cost:	Currency Cost:
170017	${1} Level:	${1} Level:
170018	Draw Chance: ${1}%	Draw Chance: ${1}%
170019	Points Used:	Points Used:
170020	Effective Duration:	Effective Duration:
170021	Refresh (${1}/${2})	Refresh (${1}/${2})
170022	Tactic Details	Tactic Details
170023	Tactic Library	Tactic Library
170024	Adventurers, welcome to our big family~~	Adventurers, welcome to our big family~~
170025	The guild announcement contains prohibited words. Please enter a new one.	The guild announcement contains prohibited words. Please enter a new one.
170026	The guild announcement cannot contain only numbers. Please enter a new one.	The guild announcement cannot contain only numbers. Please enter a new one.
170027	Guild Announcement Changed	Guild Announcement Changed
170028	Guild Information	Guild Information
170029	Position Management	Position Management
170030	Elite Preset	Elite Preset
170031	Merge Guild	Merge Guild
170032	Go Support	Go Support
170033	Automatically Approve Support Requests	Automatically Approve Support Requests
170034	The Guild Hall Level is the same as the Guild Level.	The Guild Hall Level is the same as the Guild Level.
170035	Maximum Guild Hall Level: 6	Maximum Guild Hall Level: 6
170036	Maximum Guild Members: 80	Maximum Guild Members: 80
170037	The Guild Shop is a personal shop.	The Guild Shop is a personal shop.
170038	Maximum Guild Shop Level: 3	Maximum Guild Shop Level: 3
170039	The Guild Institute determines the unlock progress of Guild Technology.	The Guild Institute determines the unlock progress of Guild Technology.
170040	Maximum Guild Institute Level: 3	Maximum Guild Institute Level: 3
170041	The Guild Store determines the level of Benefits that can be purchased for all Guild Members.	The Guild Store determines the level of Benefits that can be purchased for all Guild Members.
170042	Maximum Guild Store Level: 3	Maximum Guild Store Level: 3
170043	Stores Siege War machinery.	Stores Siege War machinery.
170044	Member Info	Member Info
170045	Guild Events	Guild Events
170046	Member Recruitment	Member Recruitment
170047	Request List	Request List
170048	Position Appointment	Position Appointment
170049	Permission Management	Permission Management
170050	Appoint Position: <color=#594E3D>${1} (<color=#C26B47>${2}</color>/${3})</color>	Appoint Position: <color=#594E3D>${1} (<color=#C26B47>${2}</color>/${3})</color>
170051	Guild Rally	Guild Rally
170052	Go to the Guild Base?	Go to the Guild Base?
170053	Start a Guild Rally?	Start a Guild Rally?
170054	Cost: <sprite name="${1}"><color=${2}>${3}</color>/${4}	Cost: <sprite name="${1}"><color=${2}>${3}</color>/${4}
170055	Total Guild Activity Last Week:	Total Guild Activity Last Week:
170056	Personal Daily Activity Last Week:	Personal Daily Activity Last Week:
170057	Personal Guild Activity Last Week:	Personal Guild Activity Last Week:
170058	Total Auction Dividend:	Total Auction Dividend:
170059	Claimed This Week	Claimed This Week
170060	【Guild Rally】\nAccept the Guild Rally Order?	【Guild Rally】\nAccept the Guild Rally Order?
170061	Automatically refreshes in ${1}	Automatically refreshes in ${1}
170062	The ${1} Tactic is already active. Replace its effect?	The ${1} Tactic is already active. Replace its effect?
170063	Activate the ${1} Tactic?	Activate the ${1} Tactic?
170064	Stronghold War	Stronghold War
170065	Escort Station	Escort Station
170066	War of Emperium	War of Emperium
170067	Guild Support Creation Successful	Guild Support Creation Successful
170068	Save Guild Emblem	Save Guild Emblem
170069	Automatically Approve Support	Automatically Approve Support
170070	Minimum Application Level	Minimum Application Level
170071	Frame	Frame
170078	Artillery Privileges	Artillery Privileges
170079	Vehicle Privileges	Vehicle Privileges
170080	Welcome to the guild, everyone!	Welcome to the guild, everyone!
170081	Elite Members: ${1}/${2}	Elite Members: ${1}/${2}
170082	Select Elite Members	Select Elite Members
170083	Remove Offline players only	Remove Offline players only
170084	Remove all players?	Remove all players?
170085	Elite Member limit reached	Elite Member limit reached
170086	Claim Dividend	Claim Dividend
170087	Claimed	Claimed
170088	Daily	Daily
170089	Weekly	Weekly
170090	Yet to start	Yet to start
170091	About to start	About to start
170092	In Progress...	In Progress...
170093	Opens in ${1}	Opens in ${1}
170094	Ends in ${1}	Ends in ${1}
170095	You've used all Group Mail attempts for today. Please try again Tomorrow.	You've used all Group Mail attempts for today. Please try again Tomorrow.
170096	Group Mail is on cooldown. Please try again later.	Group Mail is on cooldown. Please try again later.
170097	Player invited	Player invited
170098	Tap to view	Tap to view
170099	Guild Recruitment posted successfully	Guild Recruitment posted successfully
170100	All response applications have been declined	All response applications have been declined
170101	All response applications have been approved	All response applications have been approved
170102	Level Requirement: Lv.${1}	Level Requirement: Lv.${1}
170103	Enter mail content (up to ${1} characters)	Enter mail content (up to ${1} characters)
170104	All applications declined	All applications declined
170105	All applications approved	All applications approved
170106	All players invited	All players invited
170107	Guild Management Members cannot be removed with Banish from Guild	Guild Management Members cannot be removed with Banish from Guild
170108	This Week's Activity	This Week's Activity
170109	Last Week's Activity	Last Week's Activity
170110	Core Management	Core Management
170111	Create Guild	Create Guild
170112	Appoint	Appoint
170113	Transfer Guild Leader	Transfer Guild Leader
170114	Transfer guild leadership to <color=#C26B47>${1}</color>?\n(After the transfer is successful, your position will immediately change to Guild Member.)	Transfer guild leadership to <color=#C26B47>${1}</color>?\n(After the transfer is successful, your position will immediately change to Guild Member.)
170115	Guild leadership transferred successfully	Guild leadership transferred successfully
170116	The guild name contains prohibited words. Please enter another name.	The guild name contains prohibited words. Please enter another name.
170117	The guild name cannot consist entirely of numbers. Please enter another name.	The guild name cannot consist entirely of numbers. Please enter another name.
170118	Response Application	Response Application
170119	Cancel your guild response?	Cancel your guild response?
170120	Guild Dividend	Guild Dividend
170121	Activity Dividend	Activity Dividend
170122	Auction Dividend	Auction Dividend
170123	Unclaimed Activity Dividend clears Monday	Unclaimed Activity Dividend clears Monday
170124	Auction Dividend is mailed at auction end	Auction Dividend is mailed at auction end
170125	The Guild Funds Donation rankings are currently empty	The Guild Funds Donation rankings are currently empty
170126	Enter...	Enter...
170127	Join a guild: Successful	Join a guild: Successful
170128	Enter a Member name	Enter a Member name
170129	Please enter the player's name.	Please enter the player's name.
170130	Job	Job
170131	Level	Level
170132	Weekly Contribution	Weekly Contribution
170133	Total Contribution	Total Contribution
170134	Invite all Elite Members to the party?	Invite all Elite Members to the party?
170135	Join a guild: Successful	Join a guild: Successful
170136	Spend <link="${3}"><sprite name="${1}"><color=${2}>X${4}</color></link> to purchase <link="${7}"><sprite name="${5}"><color=${6}>X${8}</color></link> and Create Guild?\n\n(After creating the guild, receive responses from <color=#C26B47>3 players</color> within <color=#C26B47>24 hours</color> for Creation Successful. If creation fails, the items spent to Create Guild will Return via mail.)	Spend <link="${3}"><sprite name="${1}"><color=${2}>X${4}</color></link> to purchase <link="${7}"><sprite name="${5}"><color=${6}>X${8}</color></link> and Create Guild?\n\n(After creating the guild, receive responses from <color=#C26B47>3 players</color> within <color=#C26B47>24 hours</color> for Creation Successful. If creation fails, the items spent to Create Guild will Return via mail.)
170137	Do not accept invitations from this player for 30 minutes	Do not accept invitations from this player for 30 minutes
170138	Elite Members can tap to join the party	Elite Members can tap to join the party
170139	Quick Remove	Quick Remove
170140	Quick Deploy	Quick Deploy
170141	Form Party	Form Party
170142	Show Online players only	Show Online players only
170143	Artillery Privileges: ${1}/${2}	Artillery Privileges: ${1}/${2}
170144	Vehicle Privileges: ${1}/${2}	Vehicle Privileges: ${1}/${2}
170145	War Technology	War Technology
170146	Limited-Time Tactics	Limited-Time Tactics
170147	No more Members available to visit	No more Members available to visit
170148	No Members available	No Members available
170149	Max Tactical Warehouse Level: Lv.1	Max Tactical Warehouse Level: Lv.1
170150	Quick Cancel	Quick Cancel
170151	Select All	Select All
170152	Confirm	Confirm
170153	Mode: <color=#594e3d>Guild League</color>	Mode: <color=#594e3d>Guild League</color>
170154	Deselect	Deselect
170155	Confirm	Confirm
170156	Drag Member info to edit the team	Drag Member info to edit the team
170157	Guild	Guild
170158	Only show guilds you can join	Only show guilds you can join
170159	Level	Level
170160	Approval Method	Approval Method
170161	Decline Guild Invitations	Decline Guild Invitations
170162	Ranking	Ranking
170163	Guild Prestige:	Guild Prestige:
170164	Level Requirement:	Level Requirement:
170165	Join Method:	Join Method:
170166	Guild Master	Guild Master
170167	Management	Management
170168	No matching guilds found	No matching guilds found
170169	Please select a guild	Please select a guild
170170	No Guild	No Guild
170171	Cancel Application	Cancel Application
170172	Application requirements not met	Application requirements not met
170173	Guild Details	Guild Details
170174	Guild Investor Rankings	Guild Investor Rankings
170175	Guild Name	Guild Name
170176	Introduction	Introduction
170177	Please enter a guild name...	Please enter a guild name...
170178	Everyone is welcome to join! Enjoy plenty of Guild Benefits!!	Everyone is welcome to join! Enjoy plenty of Guild Benefits!!
170179	Emblem Design	Emblem Design
170180	Emblem Background	Emblem Background
170181	Create Guild	Create Guild
170182	Locked	Locked
170183	Initiator	Initiator
170184	Cancel Creation	Cancel Creation
170185	Recruitment	Recruitment
170186	Recruitment	Recruitment
170187	Guild Home	Guild Home
170188	Guild Member	Guild Member
170189	Guild Activities	Guild Activities
170190	Merge Guild	Merge Guild
170191	Facility Level-up	Facility Level-up
170192	ID:	ID:
170193	Guild Declaration	Guild Declaration
170194	Guild Activity	Guild Activity
170195	Guild Prestige	Guild Prestige
170196	Guild Member	Guild Member
170197	Join Method	Join Method
170198	Guild Funds	Guild Funds
170199	Guild Contribution	Guild Contribution
170200	Guild Supplies	Guild Supplies
170201	Guild Auction in progress...	Guild Auction in progress...
170202	Go	Go
170203	Activity Points Info	Activity Points Info
170204	Fund Rankings	Fund Rankings
170205	Rank	Rank
170206	Player name	Player name
170207	Position	Position
170208	Donation Amount	Donation Amount
170209	Guild Activity Last Week:	Guild Activity Last Week:
170210	Personal Guild Quests Activity Last Week:	Personal Guild Quests Activity Last Week:
170211	Personal Event Activity Last Week:	Personal Event Activity Last Week:
170212	Total Activity Dividends:	Total Activity Dividends:
170213	${1}：	${1}：
170214	Confirm Rally	Confirm Rally
170215	Guild Declaration	Guild Declaration
170216	Confirm Change	Confirm Change
170217	Enter the guild declaration	Enter the guild declaration
170218	Guild Contribution Cost	Guild Contribution Cost
170219	Facility Level-up	Facility Level-up
170220	Guild Members: ${1}/${2}	Guild Members: ${1}/${2}
170221	Online Members: <color=#C26B47>${1}</color>/${2}	Online Members: <color=#C26B47>${1}</color>/${2}
170222	Guild Member	Guild Member
170223	Position	Position
170224	Job	Job
170225	Level	Level
170226	Weekly Activity	Weekly Activity
170227	Total Contribution	Total Contribution
170228	Online Status	Online Status
170229	<color=#B75949>Leave Guild</color>	<color=#B75949>Leave Guild</color>
170230	Group Mail	Group Mail
170231	Guild Recruitment	Guild Recruitment
170232	Guild Management	Guild Management
170233	Only show my events	Only show my events
170234	Player name	Player name
170235	Job	Job
170236	Level	Level
170237	Weekly Activity	Weekly Activity
170238	Log	Log
170239	Refresh	Refresh
170240	Invite	Invite
170241	Tap to Invite	Tap to Invite
170242	Player name	Player name
170243	Job	Job
170244	Level	Level
170245	Weekly Activity	Weekly Activity
170246	Log	Log
170247	Auto-Accept	Auto-Accept
170248	Reject All	Reject All
170249	Agree	Agree
170250	Guild Activity:	Guild Activity:
170251	Guild Prestige:	Guild Prestige:
170252	Guild Member:	Guild Member:
170253	Join Requirements:	Join Requirements:
170254	Join Method:	Join Method:
170255	Guild Leader:	Guild Leader:
170256	Introduction	Introduction
170257	Group Mail	Group Mail
170258	The following message will be sent to all Guild Members:	The following message will be sent to all Guild Members:
170259	Enter your message...	Enter your message...
170260	Confirm Entry	Confirm Entry
170261	Invite	Invite
170262	Enter player name	Enter player name
170263	Recruitment Settings	Recruitment Settings
170264	Minimum Join Level:	Minimum Join Level:
170265	Recruitment Announcement:	Recruitment Announcement:
170266	Enter text	Enter text
170267	Automatically approve applications	Automatically approve applications
170268	Recruitment	Recruitment
170269	Save Settings	Save Settings
170270	Guild Master	Guild Master
170271	Impeach	Impeach
170272	Recommended Activities	Recommended Activities
170273	Event Quest	Event Quest
170274	Go	Go
170275	Not eligible to participate	Not eligible to participate
170276	Team	Team
170277	Solo	Solo
170278	Regular Activities	Regular Activities
170279	Limited-Time Event	Limited-Time Event
170280	Guild Activity	Guild Activity
170281	Updates every Monday at 5:00	Updates every Monday at 5:00
170282	Are you sure you want to decline guild invitations?\n(Once selected, other players will be unable to invite you to Join a guild)	Are you sure you want to decline guild invitations?\n(Once selected, other players will be unable to invite you to Join a guild)
170283	Receive an invite	Receive an invite
170284	Send an Invite	Send an Invite
170285	Guild Name	Guild Name
170286	Guild Level	Guild Level
170287	Log	Log
170288	Once both guilds approve the merger request, the guild designated to Merge into the other should adjust its eligible Members as soon as possible to meet the member count requirement	Once both guilds approve the merger request, the guild designated to Merge into the other should adjust its eligible Members as soon as possible to meet the member count requirement
170289	Once the Merge Guild process begins, the guilds will be merged at 5:00 the following morning	Once the Merge Guild process begins, the guilds will be merged at 5:00 the following morning
170290	After the merge succeeds, the guild set to Merge into the other guild will be disbanded immediately, and each new Member's position must be reassigned.	After the merge succeeds, the guild set to Merge into the other guild will be disbanded immediately, and each new Member's position must be reassigned.
170291	Recommended List	Recommended List
170292	Details	Details
170293	No Invitations	No Invitations
170294	Invite Not Sent	Invite Not Sent
170295	Receive an invite	Receive an invite
170296	Merge into	Merge into
170297	Guild Information	Guild Information
170298	Invitee	Invitee
170299	Inviting Party	Inviting Party
170300	After the merge	After the merge
170301	Maximum Players Who Can Merge into	Maximum Players Who Can Merge into
170302	Guild Merger Declaration	Guild Merger Declaration
170303	The invitation will automatically expire if no action is taken within <color=#C27B47>24 hours</color>.	The invitation will automatically expire if no action is taken within <color=#C27B47>24 hours</color>.
170304	Reject	Reject
170305	Agree	Agree
170306	Send an Invite	Send an Invite
170307	Maximum Members the Invited Guild Can Merge	Maximum Members the Invited Guild Can Merge
170308	Send an Invite	Send an Invite
170309	After ${1}, the Merge Guild process will be complete.	After ${1}, the Merge Guild process will be complete.
170310	Member Adjustment	Member Adjustment
170311	Cancel Merge	Cancel Merge
170312	Recommended List	Recommended List
170313	Guild Name	Guild Name
170314	Guild Level	Guild Level
170315	Guild Members	Guild Members
170316	Activity	Activity
170317	Guild Master	Guild Master
170318	Log	Log
170319	Details	Details
170320	Member Adjustment	Member Adjustment
170321	Guild Member	Guild Member
170322	Position	Position
170323	Weekly Activity	Weekly Activity
170324	This Week's Contribution	This Week's Contribution
170325	Contribution History	Contribution History
170326	Merge into?	Merge into?
170327	Selected: <color=#C27B47>${1}</color>/${2}	Selected: <color=#C27B47>${1}</color>/${2}
170328	Save edits	Save edits
170329	Participate in Guild Battlefield events to earn Guild Prestige.	Participate in Guild Battlefield events to earn Guild Prestige.
170330	Current Strategy	Current Strategy
170331	Please purchase the limited-time Strategy.	Please purchase the limited-time Strategy.
170332	Position Appointment	Position Appointment
170333	Permission Management	Permission Management
170334	Position Appointment	Position Appointment
170335	Revoke Appointment	Revoke Appointment
170336	Appoint	Appoint
170337	Cancel All	Cancel All
170338	(After initiating a Guild Rally, all Guild Members will receive the rally notification and teleport to your location.)	(After initiating a Guild Rally, all Guild Members will receive the rally notification and teleport to your location.)
170339	Unlocks at Lv. ${1}	Unlocks at Lv. ${1}
170340	Type	Type
170341	Details	Details
170342	All Events	All Events
170343	Enter a Guild Member name	Enter a Guild Member name
170344	Enter player name	Enter player name
170345	Guild Level	Guild Level
170346	Guild Members	Guild Members
170347	Active rating	Active rating
170348	Save changes to this Member?	Save changes to this Member?
170349	Do you accept ${1} guild's Merge Guild invitation? (If accepted, the Merge Guild process will be completed at five o'clock tomorrow morning. Once complete, the guild that chose to Merge into the other guild will be disbanded.)	Do you accept ${1} guild's Merge Guild invitation? (If accepted, the Merge Guild process will be completed at five o'clock tomorrow morning. Once complete, the guild that chose to Merge into the other guild will be disbanded.)
170350	Enter player name	Enter player name
170351	No dividends available to claim	No dividends available to claim
170352	Guild Name	Guild Name
170353	Responses	Responses
170354	Time Left	Time Left
170355	Approval Method	Approval Method
170356	[Guild Rally]	[Guild Rally]
170357	Accept the Guild Summon from ${1}?	Accept the Guild Summon from ${1}?
170358	[Guild Response]	[Guild Response]
170359	I created the guild <color=#FCAA5B>${1}</color> and invite you to respond (<color=#FCAA5B>${2}</color>/${3})	I created the guild <color=#FCAA5B>${1}</color> and invite you to respond (<color=#FCAA5B>${2}</color>/${3})
170360	No effect yet	No effect yet
170361	<color=#9F433A>Unequip Strategy</color>	<color=#9F433A>Unequip Strategy</color>
170362	Mode Restrictions  <color=#c27b47>${1}</color>	Mode Restrictions  <color=#c27b47>${1}</color>
170363	No Applications	No Applications
170364	Spend <link="${3}"><sprite name="${1}"><color=${2}>X${4}</color></link> to Create Guild?\n\n(After creating the guild, receive responses from <color=#C26B47>3 players</color> within <color=#C26B47>24 hours</color> for Creation Successful. If creation fails, the items spent to Create Guild will Return via mail.)	Spend <link="${3}"><sprite name="${1}"><color=${2}>X${4}</color></link> to Create Guild?\n\n(After creating the guild, receive responses from <color=#C26B47>3 players</color> within <color=#C26B47>24 hours</color> for Creation Successful. If creation fails, the items spent to Create Guild will Return via mail.)
170500	Guild Members: <color=#F4F2E9>80</color>	Guild Members: <color=#F4F2E9>80</color>
170501	Guild Members: <color=#F4F2E9>80</color>	Guild Members: <color=#F4F2E9>80</color>
170502	Guild Members: <color=#F4F2E9>80</color>	Guild Members: <color=#F4F2E9>80</color>
170503	Guild Members: <color=#F4F2E9>80</color>	Guild Members: <color=#F4F2E9>80</color>
170504	Guild Members: <color=#F4F2E9>80</color>	Guild Members: <color=#F4F2E9>80</color>
170505	Guild Shop Level: <color=#F4F2E9>Lv. 1</color>	Guild Shop Level: <color=#F4F2E9>Lv. 1</color>
170506	Guild Shop Level: <color=#F4F2E9>Lv. 2</color>	Guild Shop Level: <color=#F4F2E9>Lv. 2</color>
170507	Guild Institute Level: <color=#F4F2E9>Lv. 1</color>	Guild Institute Level: <color=#F4F2E9>Lv. 1</color>
170508	Guild Institute Level: <color=#F4F2E9>2</color>	Guild Institute Level: <color=#F4F2E9>2</color>
170509	Guild Store Level: <color=#F4F2E9>Lv. 1</color>	Guild Store Level: <color=#F4F2E9>Lv. 1</color>
170510	Guild Store Level: <color=#F4F2E9>Lv. 2</color>	Guild Store Level: <color=#F4F2E9>Lv. 2</color>
170530	<color=#97E553>80</color>	<color=#97E553>80</color>
170531	<color=#97E553>80</color>	<color=#97E553>80</color>
170532	<color=#97E553>80</color>	<color=#97E553>80</color>
170533	<color=#97E553>80</color>	<color=#97E553>80</color>
170534	<color=#97E553>80</color>	<color=#97E553>80</color>
170535	<color=#97E553>Lv. 2</color>	<color=#97E553>Lv. 2</color>
170536	<color=#97E553>Lv. 3</color>	<color=#97E553>Lv. 3</color>
170537	<color=#97E553>Lv. 2</color>	<color=#97E553>Lv. 2</color>
170538	<color=#97E553>Lv. 3</color>	<color=#97E553>Lv. 3</color>
170539	<color=#97E553>Lv. 2</color>	<color=#97E553>Lv. 2</color>
170540	<color=#97E553>Lv. 3</color>	<color=#97E553>Lv. 3</color>
170541	Sent	Sent
170542	Withdrawn	Withdrawn
170543	You must Join a guild to participate.	You must Join a guild to participate.
170544	No items available for Purchase Item	No items available for Purchase Item
170545	Guild Auction	Guild Auction
170546	Apply to Guild	Apply to Guild
170547	Guild Rally Initiated	Guild Rally Initiated
170548	This player has responded to another guild's Guild Rally	This player has responded to another guild's Guild Rally
13150100061	Novice Trial	Novice Trial
13150100080	Book of Job Advance	Book of Job Advance
13150100089	Novice Swordsman	Novice Swordsman
13150100098	Shock-Absorbing Lubricant	Shock-Absorbing Lubricant
13150100121	Ant Hell	Ant Hell
13150100122	Research Notebook	Research Notebook
13150100139	Garden of Time	Garden of Time
13150100152	Holy See Knights	Holy See Knights
13150100155	Nail of Discipline	Nail of Discipline
13150100171	Oak Inn	Oak Inn
13150100217	Bunny Hair Band	Bunny Hair Band
13150100237	Strivers' Guild	Strivers' Guild
13150100279	Dreamweaver	Dreamweaver
13150100280	The Faceless Singer	The Faceless Singer
13150100281	Dreamscape	Dreamscape
13150100282	Poem of a Lost Homeland	Poem of a Lost Homeland
13150100283	Wine Like Blood	Wine Like Blood
13150100284	Nomad	Nomad
13150100285	Rusty Bell Hammer	Rusty Bell Hammer
13150100286	Rusty Bell Hammer@{1}	Rusty Bell Hammer@{1}
13150100292	Night Watchman	Night Watchman
13150100294	Major Courage	Major Courage
13150100295	Tower Trial	Tower Trial
13150100306	Burning Dance	Burning Dance
13150100315	Phantom Realm	Phantom Realm
13150100370	Rift Crisis	Rift Crisis
13150100378	Trans. 2nd	Trans. 2nd
12980100000	Consumed when gathering and crafting with a Life Skill. Obtain it from Recommend-Activity Chests. You can accumulate up to ^{1}@{1}^{2} points.	Consumed when gathering and crafting with a Life Skill. Obtain it from Recommend-Activity Chests. You can accumulate up to ^{1}@{1}^{2} points.
13150100467	Novice's Trial	Novice's Trial
13150100474	Academy Sanctuary	Academy Sanctuary
13150100489	Southern Payon	Southern Payon
40011	SP	SP
40012	S	S
40013	A	A
40014	B	B
40147	Get ${1} Off Summons	Get ${1} Off Summons
40159	Lv. ${1}	Lv. ${1}
40172	${1}★	${1}★
40205	Active	Active
11050000000	Items	Items
11050000001	Equip	Equip
11050000002	Card	Card
11050000003	Divine Totem	Divine Totem
11050000004	Soul Echo	Soul Echo
11050000005	Pet	Pet
40992	Mining Star Treasure Hunt	Mining Star Treasure Hunt
12530000000	Apprentice Tier @{1}	Apprentice Tier @{1}
12530000001	Rookie@{1} Rank	Rookie@{1} Rank
12530000002	Warrior@{1} Rank	Warrior@{1} Rank
12530000003	Elite@{1} Tier	Elite@{1} Tier
12530000004	Moonlit Challenger@{1} Tier	Moonlit Challenger@{1} Tier
12530000005	Overlord	Overlord
12300100000	Craft high-Rarity equipment quickly.	Craft high-Rarity equipment quickly.
12300100001	Allocate talent points to improve your abilities and define your class characteristics.	Allocate talent points to improve your abilities and define your class characteristics.
12300100002	Join a guild to participate in evening events and auctions and receive Dividends.	Join a guild to participate in evening events and auctions and receive Dividends.
12300100003	Complete your second Job Advance to unlock a more powerful class.	Complete your second Job Advance to unlock a more powerful class.
12300100004	Learn a Life Skill to make more Materials and recipes to aid you in Battle.	Learn a Life Skill to make more Materials and recipes to aid you in Battle.
12300100005	Challenge a Boss alongside multiple teammates to earn Rare equipment and other rewards.	Challenge a Boss alongside multiple teammates to earn Rare equipment and other rewards.
12300100006	Defeat monsters using Auto Mode in the Field to earn EXP, Cards, and other rewards.	Defeat monsters using Auto Mode in the Field to earn EXP, Cards, and other rewards.
12300100007	Join your guildmates at the bonfire event to earn lots of EXP and other rewards.	Join your guildmates at the bonfire event to earn lots of EXP and other rewards.
12300100008	Complete your Trans. 2nd to further enhance your class and Build experience.	Complete your Trans. 2nd to further enhance your class and Build experience.
12300100009	Equipment Refining greatly improves your equipment's stats.	Equipment Refining greatly improves your equipment's stats.
12300100010	Explore Rift Gates that appear randomly throughout each region to earn abundant upgrade resources.	Explore Rift Gates that appear randomly throughout each region to earn abundant upgrade resources.
12300100011	Battle Royale Tournament—fight on equal footing. Going Well—chicken dinner tonight!	Battle Royale Tournament—fight on equal footing. Going Well—chicken dinner tonight!
12300100012	Complete your Third Class Advancement to enjoy a brand-new class and Build experience.	Complete your Third Class Advancement to enjoy a brand-new class and Build experience.
12300100013	Two guilds face off in fierce battles across the main and Sub-Battlefield to earn personal rewards, Auction Rewards, and Dividends.	Two guilds face off in fierce battles across the main and Sub-Battlefield to earn personal rewards, Auction Rewards, and Dividends.
12300100014	Rally Guild Members to defeat giant monsters, participate in auctions, and receive Dividends.	Rally Guild Members to defeat giant monsters, participate in auctions, and receive Dividends.
12300100015	A massive guild war where guilds conquer territory and vie for control of the Royal Capital to earn top Honor and rewards.	A massive guild war where guilds conquer territory and vie for control of the Royal Capital to earn top Honor and rewards.
12300100016	A large 10-player Dungeon that puts your strength and teamwork to the test. Clear it to earn abundant upgrade resources.	A large 10-player Dungeon that puts your strength and teamwork to the test. Clear it to earn abundant upgrade resources.
12360000000	Miner	Miner
12360000001	Chef	Chef
12360000002	Lumberjack (Deprecated	Lumberjack (Deprecated
12360000003	Woodcarver (Deprecated	Woodcarver (Deprecated
12360000004	Gardener	Gardener
12360000005	Weaver (Deprecated	Weaver (Deprecated
10480100000	Equip Blue or higher Rarity gear in all slots	Equip Blue or higher Rarity gear in all slots
10480100001	Equip Purple or higher Rarity gear in all slots	Equip Purple or higher Rarity gear in all slots
10480100002	Equip Orange or higher Rarity gear in all slots	Equip Orange or higher Rarity gear in all slots
10480100003	Equip Red gear in all slots	Equip Red gear in all slots
10480100004	Craft Purple Quality equipment for the first time	Craft Purple Quality equipment for the first time
10480100005	Craft Orange Quality equipment for the first time	Craft Orange Quality equipment for the first time
10480100006	Craft Red Quality equipment for the first time	Craft Red Quality equipment for the first time
10480100007	Complete Equipment Forging @{1} times	Complete Equipment Forging @{1} times
10480100008	Appraise Rare Items equipment for the first time	Appraise Rare Items equipment for the first time
10480100009	Appraise equipment with a Stunt for the first time	Appraise equipment with a Stunt for the first time
10480100010	Complete Equipment Appraisal @{1} times	Complete Equipment Appraisal @{1} times
10480100011	Refine any equipment to +@{1}	Refine any equipment to +@{1}
10480100012	Obtain Card for the first time	Obtain Card for the first time
10480100013	Obtain a total of @{1} Cards	Obtain a total of @{1} Cards
10480100014	Obtain a Purple Card for the first time	Obtain a Purple Card for the first time
10480100015	Obtain Orange Cards for the first time	Obtain Orange Cards for the first time
10480100016	Obtain a Red Card for the first time	Obtain a Red Card for the first time
10480100017	Equip @{1} Cards across all Card slots	Equip @{1} Cards across all Card slots
10480100018	Upgrade a Card to @{1} stars for the first time	Upgrade a Card to @{1} stars for the first time
10480100019	Reach Talent Lv. @{1}	Reach Talent Lv. @{1}
10480100020	Choose a Job Talent for the first time	Choose a Job Talent for the first time
10480100021	Deploy @{1} Soul Echoes	Deploy @{1} Soul Echoes
10480100022	Activate all Resonance effects for any @{1} Elements in Soul Echo	Activate all Resonance effects for any @{1} Elements in Soul Echo
10480100023	Obtain a Pet for the first time	Obtain a Pet for the first time
10480100024	Obtain @{1} pets	Obtain @{1} pets
10480100025	Obtain @{1} S-rank Pets	Obtain @{1} S-rank Pets
10480100026	Hatch a total of @{1} Pet Eggs	Hatch a total of @{1} Pet Eggs
10480100027	Defeat any MVP @{1} times	Defeat any MVP @{1} times
10480100028	Clear Floor @{1} of the Spirit Tower	Clear Floor @{1} of the Spirit Tower
10480100029	Clear the Wildlands	Clear the Wildlands
10480100030	Clear the Natural Land	Clear the Natural Land
10480100031	Clear the Dark Land	Clear the Dark Land
10480100032	Clear the Savage Hinterlands	Clear the Savage Hinterlands
10480100033	Clear the Forbidden Wilds	Clear the Forbidden Wilds
10480100034	Clear the Dark Domain	Clear the Dark Domain
10480100035	Defeat Isti in the Realm of the Gods	Defeat Isti in the Realm of the Gods
10480100036	Defeat Nasha in the Realm of the Gods	Defeat Nasha in the Realm of the Gods
10480100037	Defeat Ilmo in the Realm of the Gods	Defeat Ilmo in the Realm of the Gods
10480100038	Defeat Mirko in the Realm of the Gods	Defeat Mirko in the Realm of the Gods
10480100039	Defeat Isti in the Realm of the Gods on Hard Mode	Defeat Isti in the Realm of the Gods on Hard Mode
10480100040	Defeat Nasha in the Realm of the Gods on Hard Mode	Defeat Nasha in the Realm of the Gods on Hard Mode
10480100041	Defeat Ilmo in the Realm of the Gods on Hard Mode	Defeat Ilmo in the Realm of the Gods on Hard Mode
10480100042	Defeat Mirko in the Realm of the Gods on Hard Mode	Defeat Mirko in the Realm of the Gods on Hard Mode
10480100043	Create a guild/Join a guild.	Create a guild/Join a guild.
10480100044	Hold a Position in a guild	Hold a Position in a guild
10480100045	Have @{1} friends	Have @{1} friends
10480100046	Reach Favor Lv. @{1} with any friend	Reach Favor Lv. @{1} with any friend
10480100047	Complete @{1} Tavern Daily Quests	Complete @{1} Tavern Daily Quests
10480100048	Earn @{1} Star Power in the Tavern	Earn @{1} Star Power in the Tavern
10480100049	Reach Wardrobe Fashion Rating Lv. @{1}	Reach Wardrobe Fashion Rating Lv. @{1}
10480100050	Unlock the Worldscorch Feather Costume	Unlock the Worldscorch Feather Costume
10480100051	Unlock the Nine-Tone Mantra Costume	Unlock the Nine-Tone Mantra Costume
10480100052	Unlock the Silverwing Covenant Costume	Unlock the Silverwing Covenant Costume
10480100053	Unlock the Lord of the Starry Firmament Mount	Unlock the Lord of the Starry Firmament Mount
10480100054	Unlock the Orchid Waterside Pavilion Mount	Unlock the Orchid Waterside Pavilion Mount
10480100055	Unlock the Solar Chariot Mount	Unlock the Solar Chariot Mount
10480100056	Obtain a Costume for the first time	Obtain a Costume for the first time
10480100057	Obtain @{1} Costume sets in total	Obtain @{1} Costume sets in total
10480100058	Obtain a Mount for the first time	Obtain a Mount for the first time
10480100059	Obtain @{1} Mounts in total	Obtain @{1} Mounts in total
10480100060	Obtain any Headwear, Facewear, Mouthwear, or Backwear for the first time	Obtain any Headwear, Facewear, Mouthwear, or Backwear for the first time
10480100061	Obtain any @{1} pieces of Headwear, Facewear, Mouthwear, or Backwear	Obtain any @{1} pieces of Headwear, Facewear, Mouthwear, or Backwear
10480100062	Equip Headwear, Facewear, Mouthwear, a Costume, and Backwear at the same time	Equip Headwear, Facewear, Mouthwear, a Costume, and Backwear at the same time
10480100063	Advance to your First Job	Advance to your First Job
10480100064	Advance to your Second Job	Advance to your Second Job
10480100065	Advance to Trans. 2nd	Advance to Trans. 2nd
10480100066	Advance to your Third Job	Advance to your Third Job
10480100067	Log in for a total of @{1} days	Log in for a total of @{1} days
10310100003	Traveler's Plush Cart	Traveler's Plush Cart
10310100004	Canopied Merchant Cart	Canopied Merchant Cart
10310100005	Falcon	Falcon
10310100006	Peco Peco	Peco Peco
10310100007	Heavily-armored Peco Peco	Heavily-armored Peco Peco
10310100008	Grand Peco	Grand Peco
10310100009	Heavily-armored Grand Peco	Heavily-armored Grand Peco
10310100010	Demonic Dragon	Demonic Dragon
10310100011	Gryphon	Gryphon
10310100012	Madogear Pilot	Madogear Pilot
10310100013	Demonic Wolf	Demonic Wolf
11081000007	Faction @{1} Players	Faction @{1} Players
10370000111	………………	………………
10370000226	……	……
10140100024	${1}	${1}
10140100145	Dear Adventurer,\nThe System detected an irregular Trade on the Trade Marketplace at ${8}【Item Traded:${1},Trade Amount:${5},Order Number:${7}. We have decided to freeze the Zeny from this Trade. Frozen Zeny:${5}. Please check the in-game exclamation mark notification for the unfreeze time. If further Trade violations are detected during this period, more severe penalties will be imposed.\nUnfreezing Rules:\nPurchase Sacred Relic Crystal: Immediately unfreezes a portion of the security deposit equal to (Sacred Relic Crystal purchased*:${13}).\nIf you have any questions about this penalty, or any concerns, dissatisfaction, suggestions, or other requests regarding the game services, please contact Customer Support in-game to submit your feedback.${7}	Dear Adventurer,\nThe System detected an irregular Trade on the Trade Marketplace at ${8}【Item Traded:${1},Trade Amount:${5},Order Number:${7}. We have decided to freeze the Zeny from this Trade. Frozen Zeny:${5}. Please check the in-game exclamation mark notification for the unfreeze time. If further Trade violations are detected during this period, more severe penalties will be imposed.\nUnfreezing Rules:\nPurchase Sacred Relic Crystal: Immediately unfreezes a portion of the security deposit equal to (Sacred Relic Crystal purchased*:${13}).\nIf you have any questions about this penalty, or any concerns, dissatisfaction, suggestions, or other requests regarding the game services, please contact Customer Support in-game to submit your feedback.${7}
10370001001	@{1}，@{2}，@{3}，@{4}……	@{1}，@{2}，@{3}，@{4}……
10370001126	Kafra Shop	Kafra Shop
10370001234	！！！.	！！！.
240001	Cannot claim outside the Event Period.	Cannot claim outside the Event Period.
240002	Total Quests Completed: <color=#FF993F>${1}</color>	Total Quests Completed: <color=#FF993F>${1}</color>
240003	Beginner's Handbook	Beginner's Handbook
240004	Complete all quests to choose 1 of 4 S-Rank Pets!	Complete all quests to choose 1 of 4 S-Rank Pets!
240005	Complete	Complete
240006	Locked	Locked
240007	Wildcat Knight	Wildcat Knight
240008	Female Warrior Lola	Female Warrior Lola
240009	Little Isis	Little Isis
240010	Sarah Irene	Sarah Irene
240011	（${1}/${2}）	（${1}/${2}）
240012	Unlocks on Day ${1} of the event	Unlocks on Day ${1} of the event
12990000000	Test Gift Pack	Test Gift Pack
12990000001	Standard Monthly Pass	Standard Monthly Pass
12990000002	Premium Monthly Pass	Premium Monthly Pass
12990000003	Purchase Standard + Premium Together	Purchase Standard + Premium Together
12990000004	Pass	Pass
12990000005	Pass Gift	Pass Gift
44018	${1} ${2}-${3}	${1} ${2}-${3}
44021	${1}	${1}
44041	${1}	${1}
44056	${1}	${1}
44074	${1}/${2}	${1}/${2}
44075	${1}	${1}
44122	Almagia	Almagia
44123	[Weak Value]	[Weak Value]
44137	Dracula's Bride	Dracula's Bride
44145	Wedding Crashers	Wedding Crashers
44147	Blood Pact	Blood Pact
110001	Lv.${1}	Lv.${1}
110002	Life Skill Overview	Life Skill Overview
110003	Primary Profession	Primary Profession
110004	Second Class	Second Class
110005	Max	Max
110006	Lv. ${1}	Lv. ${1}
110007	Coming Soon	Coming Soon
110008	Not Learned	Not Learned
110009	Go Learn	Go Learn
110010	Change Job	Change Job
110011	Use the following item to unlock this class?	Use the following item to unlock this class?
110012	Learn	Learn
110013	Replace	Replace
110014	Vigor	Vigor
110015	Next Recovery	Next Recovery
110016	Use	Use
110017	Title Skill Bonus	Title Skill Bonus
110018	Recipe Type and Description	Recipe Type and Description
110019	Unlock Requirement	Unlock Requirement
110020	Unlock	Unlock
110021	Required Materials	Required Materials
110022	Amount	Amount
110023	Total Cost	Total Cost
110024	Job Level ≥	Job Level ≥
110025	Title Level ≥	Title Level ≥
110026	Output	Output
110027	Map Tracking	Map Tracking
110028	Use the following item to unlock this product?	Use the following item to unlock this product?
110029	Gathering Area	Gathering Area
110030	Collect	Collect
110031	Mining	Mining
110032	Gardening	Gardening
110033	Unlocked	Unlocked
110034	Unlocked	Unlocked
110035	Locked	Locked
110036	During the event, complete Activity Quests to earn Treasure Maps. Digging for treasure may unlock a Treasure Stage or summon monsters. Defeat them to earn generous rewards. Collect Treasure Map Fragments to craft a High-Grade Treasure Map and receive a guaranteed rare reward!	During the event, complete Activity Quests to earn Treasure Maps. Digging for treasure may unlock a Treasure Stage or summon monsters. Defeat them to earn generous rewards. Collect Treasure Map Fragments to craft a High-Grade Treasure Map and receive a guaranteed rare reward!
44506	Temple of Cadence	Temple of Cadence
44507	Above the Sea of Clouds	Above the Sea of Clouds
44508	Chaos Court	Chaos Court
110106	Refresh	Refresh
110107	Title Advance	Title Advance
110108	Recipe Unlock	Recipe Unlock
110109	Learned successfully	Learned successfully
110110	Job Advance successful.	Job Advance successful.
110111	Job Advance from ${1} Lv${2} to ${3} Lv${4}?	Job Advance from ${1} Lv${2} to ${3} Lv${4}?
110112	Life Skill titles and their corresponding skill data will be reset when the Season changes	Life Skill titles and their corresponding skill data will be reset when the Season changes
110113	<color=#AF9E8E>Lv${1}→</color><size=40>Lv${2}</size>	<color=#AF9E8E>Lv${1}→</color><size=40>Lv${2}</size>
110114	${1} EXP +${2}	${1} EXP +${2}
110115	Vigor is about to overflow. Unable to use!	Vigor is about to overflow. Unable to use!
110116	Vivify is full. Unable to use!	Vivify is full. Unable to use!
110117	Filter	Filter
110118	Keep	Keep
110119	Activate	Activate
110120	${1} Level Reached	${1} Level Reached
110121	Minigame triggered!	Minigame triggered!
110122	<color=#ee7d19>[${1}]</color>	<color=#ee7d19>[${1}]</color>
110123	Unfortunately, there are no players with that transformation type on the field, so there is no winner	Unfortunately, there are no players with that transformation type on the field, so there is no winner
110124	A game is still in progress. Exit the game?	A game is still in progress. Exit the game?
110125	Bonfire Ability	Bonfire Ability
110126	Successfully transformed into ${1} Lv. ${2}! The winner's reward has increased	Successfully transformed into ${1} Lv. ${2}! The winner's reward has increased
110127	The enemies have been successfully knocked back, and all the party performances are now complete	The enemies have been successfully knocked back, and all the party performances are now complete
110128	Relax and enjoy the rest of the party	Relax and enjoy the rest of the party
110129	Unlock  ${1}	Unlock  ${1}
110130	Party About to start	Party About to start
110131	Continuously gain large amounts of EXP during Blessing Time	Continuously gain large amounts of EXP during Blessing Time
110132	Ultra	Ultra
110133	Qualified	Qualified
110134	Failed	Failed
110135	Game Start	Game Start
110136	Better Luck Next Time	Better Luck Next Time
110137	Countdown: ${1} seconds	Countdown: ${1} seconds
110138	Round ${1}	Round ${1}
110139	Success	Success
110140	Failed	Failed
110141	Third-Prize Winners	Third-Prize Winners
110142	Second-Prize Winners	Second-Prize Winners
110143	First Prize Winners	First Prize Winners
110144	One-Tap Congratulations (${1}s)	One-Tap Congratulations (${1}s)
110145	Size Level: ${1}	Size Level: ${1}
110146	Rewards grant <color=#63a22b>${1}%</color> Extra	Rewards grant <color=#63a22b>${1}%</color> Extra
110147	Time it right! Click as the pointer crosses the green area. The closer to the center, the higher your Rating!	Time it right! Click as the pointer crosses the green area. The closer to the center, the higher your Rating!
110148	Tap the button rapidly to fill the gauge. The more energy you have when time runs out, the higher your score!	Tap the button rapidly to fill the gauge. The more energy you have when time runs out, the higher your score!
110149	Draw First Prize	Draw First Prize
110150	Draw Second Prize	Draw Second Prize
110151	Draw Third Prize	Draw Third Prize
110152	Time's up	Time's up
110153	The party is over	The party is over
110154	Bonfire ${1}	Bonfire ${1}
110155	Select the class you want to replace	Select the class you want to replace
110156	Stat bonuses will <color=#C26B47>reset when the Season changes</color>	Stat bonuses will <color=#C26B47>reset when the Season changes</color>
110157	After switching Life Skills, you will Keep the level and EXP of your previous Life Skill	After switching Life Skills, you will Keep the level and EXP of your previous Life Skill
110158	Level Increased	Level Increased
110159	Success Rate: <color=#C26B47>${1}%</color>	Success Rate: <color=#C26B47>${1}%</color>
110160	Tap to close	Tap to close
110161	Cooking...	Cooking...
110162	Cooking Rewards	Cooking Rewards
110163	Total Dishes Cooked: <color=#FF993F>${1}</color>	Total Dishes Cooked: <color=#FF993F>${1}</color>
110164	Eat <color=#C27B47>Special Dishes</color> to increase base stats. These bonuses are cleared when the Season changes	Eat <color=#C27B47>Special Dishes</color> to increase base stats. These bonuses are cleared when the Season changes
110165	Time Until Season Change: <color=#C27B47>${1}</color>	Time Until Season Change: <color=#C27B47>${1}</color>
110166	Consume to gain <color=#63a22b>${1}</color> points of <color=#C27B47>${2}</color>	Consume to gain <color=#63a22b>${1}</color> points of <color=#C27B47>${2}</color>
110167	Uses Remaining: ${1}/${2}	Uses Remaining: ${1}/${2}
110168	Learn Life Skill	Learn Life Skill
110169	Job Advance	Job Advance
110170	${1} Lv.${2}	${1} Lv.${2}
110171	The Bonfire's blessing has faded. Please exit in an orderly fashion	The Bonfire's blessing has faded. Please exit in an orderly fashion
110172	Successfully transformed into ${1} Lv. ${2} and earned eligibility for the prize draw	Successfully transformed into ${1} Lv. ${2} and earned eligibility for the prize draw
110173	Reach <color=#ff993f>${1}</color> to unlock	Reach <color=#ff993f>${1}</color> to unlock
110174	The party has officially begun	The party has officially begun
110179	<color=#9ae35a>[Party Blessing]</color>	<color=#9ae35a>[Party Blessing]</color>
110180	Reward Count: ${1}/${2}	Reward Count: ${1}/${2}
110181	<color=#9ae35a>Reward Count limit reached</color>	<color=#9ae35a>Reward Count limit reached</color>
110182	<color=#FDAB5B>Vigor</color> -${1} (${2}/${3})	<color=#FDAB5B>Vigor</color> -${1} (${2}/${3})
110183	Add	Add
110184	Earn plenty of EXP continuously in the guild territory.	Earn plenty of EXP continuously in the guild territory.
110185	Follow me~	Follow me~
110186	Core Rewards	Core Rewards
110187	<color=#FA983A>${1} Class</color> Not Learned	<color=#FA983A>${1} Class</color> Not Learned
44801	Karazhan Harp	Karazhan Harp
44803	Sylvanas Statue	Sylvanas Statue
44805	Dwarven Bone Flute	Dwarven Bone Flute
44807	Undead Rapid-Fire Cannon	Undead Rapid-Fire Cannon
44809	Alliance Ballista	Alliance Ballista
44811	World's Best Lute	World's Best Lute
10830000000	Personal Rewards	Personal Rewards
10830000001	Auction Rewards	Auction Rewards
12420100000	Serve as the party's frontline\nPlayers who select this role have exceptional damage-taking capabilities and must stand ahead of their teammates to hold off enemy attacks.	Serve as the party's frontline\nPlayers who select this role have exceptional damage-taking capabilities and must stand ahead of their teammates to hold off enemy attacks.
12420100001	Serve as the party's healer\nPlayers who select this role have powerful Life recovery abilities and must keep their teammates healthy and provide Revive when needed.	Serve as the party's healer\nPlayers who select this role have powerful Life recovery abilities and must keep their teammates healthy and provide Revive when needed.
12420100002	Serve as the party's damage dealer\nPlayers who select this role have exceptional damage-dealing capabilities and must focus on damaging enemies.	Serve as the party's damage dealer\nPlayers who select this role have exceptional damage-dealing capabilities and must focus on damaging enemies.
12480000000	Collection	Collection
10600100000	Reach Floor @{1} with a pet	Reach Floor @{1} with a pet
10600100001	Melody of the God of Nature	Melody of the God of Nature
10600100002	The Disturbance Deep in the Forest	The Disturbance Deep in the Forest
10600100003	Gain the Offline Auto-Battle Bonus	Gain the Offline Auto-Battle Bonus
10600100004	This Week's Competition Medals: ^{1}${1}/${2}^{2}	This Week's Competition Medals: ^{1}${1}/${2}^{2}
10600100005	Increase Einherjar Faith to gain Rare attributes	Increase Einherjar Faith to gain Rare attributes
10600100006	@{1}v@{2}	@{1}v@{2}
10660000000	Angry	Angry
10660000001	Dismayed	Dismayed
10660000002	Cute	Cute
10660000003	Delicious	Delicious
10660000004	Starry-Eyed	Starry-Eyed
10660000005	Startled	Startled
10660000006	CHARGE	CHARGE
10660000007	Shy	Shy
10660000008	Sweating	Sweating
10660000009	Happy	Happy
10660000010	Help Me	Help Me
10660000011	Confused	Confused
10660000012	Smirk	Smirk
10660000013	Lick	Lick
10660000014	Kiss Left	Kiss Left
10660000015	Kiss Right	Kiss Right
10660000016	Scratch Head	Scratch Head
10660000017	Ugh	Ugh
10660000018	Sigh	Sigh
10660000019	Sorry	Sorry
10660000020	Tears	Tears
10660000021	Thank You	Thank You
10660000022	Send	Send
10660000023	Head Pat	Head Pat
10660000024	Expressionless	Expressionless
10660000025	Yawn	Yawn
10660000026	Smile	Smile
10660000027	Smug	Smug
10660000028	Surprised	Surprised
10660000029	Troubled	Troubled
10660000030	Stunned	Stunned
10660000031	Speechless	Speechless
10660000032	Crying	Crying
10660000033	Dizzy	Dizzy
10660000034	Large Emote@{1}	Large Emote@{1}
10660000035	Faint	Faint
10660000036	Stunned	Stunned
10660000037	Wailing	Wailing
10660000038	Ha!	Ha!
10660000039	Evil	Evil
10660000040	Frown	Frown
10660000041	Nothing, really	Nothing, really
10660000042	Happy	Happy
10660000043	Bonk	Bonk
10660000044	Shush	Shush
10660000045	Give Flowers	Give Flowers
10660000046	Kiss	Kiss
10660000047	All right	All right
10660000048	No	No
10660000049	Heart	Heart
10660000050	Peek	Peek
10660000051	Tease	Tease
10660000052	Giggle	Giggle
10660000053	Please	Please
10660000054	Play It Cool	Play It Cool
10660000055	Wronged	Wronged
10660000056	Shattered	Shattered
10660000057	Salute	Salute
10660000058	Wave White Flag	Wave White Flag
10660000059	Weep	Weep
10660000060	Beg for Mercy	Beg for Mercy
10660000061	So Weak	So Weak
10660000062	Doge	Doge
10660000063	Blow Trumpet	Blow Trumpet
10660000064	No	No
10490000000	Fresh-Faced Adventurer	Fresh-Faced Adventurer
10490000001	Novice	Novice
10490000002	Novice@{1}	Novice@{1}
10320000037	【Gather】	【Gather】
10320000239	^{1}^{2}${1}:^{3}${2}	^{1}^{2}${1}:^{3}${2}
10320000245	^{1}^{2}${1}^{3}${2}	^{1}^{2}${1}^{3}${2}
10150000000	Beginner	Beginner
10150000001	Wind's Departure I	Wind's Departure I
10150000002	Wind's Departure II	Wind's Departure II
10150000003	Wind's Departure III	Wind's Departure III
10150000004	Wind's Departure IV	Wind's Departure IV
10150000005	Wind's Departure V	Wind's Departure V
10150000006	Cloud's Splendor I	Cloud's Splendor I
10150000007	Cloud's Splendor II	Cloud's Splendor II
10150000008	Cloud's Splendor III	Cloud's Splendor III
10150000009	Cloud's Splendor IV	Cloud's Splendor IV
10150000010	Cloud's Splendor V	Cloud's Splendor V
10150000011	Star Traveler I	Star Traveler I
10150000012	Star Traveler II	Star Traveler II
10150000013	Star Traveler III	Star Traveler III
10150000014	Star Traveler IV	Star Traveler IV
10150000015	Star Traveler V	Star Traveler V
10150000016	Soaring Sky I	Soaring Sky I
10150000017	Soaring Sky II	Soaring Sky II
10150000018	Soaring Sky III	Soaring Sky III
10150000019	Soaring Sky IV	Soaring Sky IV
10150000020	Soaring Sky V	Soaring Sky V
10320000421	[g@{1}]	[g@{1}]
10320000840	！！！！！.	！！！！！.
11460000000	Default Theme	Default Theme
11460000001	Bouquet	Bouquet
11460000002	Meow	Meow
11460000003	Set Sail	Set Sail
11460000004	Default Background	Default Background
11460000005	Path of Adventure	Path of Adventure
11460000006	Land of Lilies of the Valley	Land of Lilies of the Valley
11460000007	Mood @{1}	Mood @{1}
13110000000	Focus Orbit	Focus Orbit
13110000001	Endurance Orbit	Endurance Orbit
13110000002	Evil Orbit	Evil Orbit
13110000003	Attack Orbit	Attack Orbit
13110000004	Reflect Damage	Reflect Damage
13110000005	Attribute Orbit	Attribute Orbit
13110000006	Life Steal Orbit	Life Steal Orbit
13110000007	Radiance Orbit	Radiance Orbit
13110000008	Desolation Orbit	Desolation Orbit
13110000009	Frozen Orbit	Frozen Orbit
13110000010	Golden Thief Bug	Golden Thief Bug
13110000011	Pirate	Pirate
13110000012	Phreeoni	Phreeoni
13110000013	Baphomet	Baphomet
13110000014	Doppelganger	Doppelganger
13110000015	Eddga	Eddga
13110000016	Angeling	Angeling
13110000017	Moonlight Flower	Moonlight Flower
13110000018	Pharaoh	Pharaoh
13110000019	Goblin Leader	Goblin Leader
13110000020	Kraken	Kraken
13110000021	Magnification	Magnification
13110000022	Reset Skill Cooldowns	Reset Skill Cooldowns
13110000023	Hide HP Bar	Hide HP Bar
13110000024	Block One Attack	Block One Attack
13110000025	HP Lock for @{1} Seconds	HP Lock for @{1} Seconds
13110000026	Records Damage Dealt	Records Damage Dealt
13110000027	Increase Movement Speed and HP recover out of combat	Increase Movement Speed and HP recover out of combat
13110000028	Lose HP to increase DMG by @{1}%	Lose HP to increase DMG by @{1}%
13110000029	Fully Restore HP	Fully Restore HP
11290000000	Card	Card
11290000001	Monster	Monster
11290000002	Coming Soon	Coming Soon
12880100000	^{1}Every great legend begins in a time of quiet obscurity.^{2}	^{1}Every great legend begins in a time of quiet obscurity.^{2}
12880100001	^{1}The road behind you now winds like poetry, but the story ahead is longer still.^{2}	^{1}The road behind you now winds like poetry, but the story ahead is longer still.^{2}
12880100002	^{1}Listen—the bard's newest song now has a verse about you.^{2}	^{1}Listen—the bard's newest song now has a verse about you.^{2}
12880100003	^{1}Your name has become the favorite spice in every tale told at a certain tavern.^{2}	^{1}Your name has become the favorite spice in every tale told at a certain tavern.^{2}
12880100004	^{1}The summit isn't the end. It's where you first glimpse the next peak.^{2}	^{1}The summit isn't the end. It's where you first glimpse the next peak.^{2}
12880100005	^{1}A one-of-a-kind path often begins with ten million ordinary swings of the sword.^{2}	^{1}A one-of-a-kind path often begins with ten million ordinary swings of the sword.^{2}
12880100006	^{1}Is it lonely at the top? No—the top has the best views and the strongest opponents.^{2}	^{1}Is it lonely at the top? No—the top has the best views and the strongest opponents.^{2}
10890100000	Limited-Time Guild Event Now Open	Limited-Time Guild Event Now Open
10890100001	Enjoy thrilling battles between guilds~	Enjoy thrilling battles between guilds~
10890100002	Bring your friends and join a thrilling and fun free-for-all!	Bring your friends and join a thrilling and fun free-for-all!
10890100003	@{1} VS @{2}—an electrifying showdown!	@{1} VS @{2}—an electrifying showdown!
10890100004	A Space Rift has appeared on the Midgard Continent. Seal it to earn Rare rewards!	A Space Rift has appeared on the Midgard Continent. Seal it to earn Rare rewards!
10890100005	A 5-player party dungeon you can challenge weekly to obtain Rare items.	A 5-player party dungeon you can challenge weekly to obtain Rare items.
10890100006	A five-player party dungeon with random challenges where you can obtain Rare items.	A five-player party dungeon with random challenges where you can obtain Rare items.
10890100007	Melody of the God of Nature. Complete the weekly challenge to obtain Rare items.	Melody of the God of Nature. Complete the weekly challenge to obtain Rare items.
180000	System Stall Name	System Stall Name
12370100001	Understands the basic techniques and processes and can complete low-level crafting tasks independently. Unlocks the first Craft Slot and allows beginner Life Skill abilities to be learned.	Understands the basic techniques and processes and can complete low-level crafting tasks independently. Unlocks the first Craft Slot and allows beginner Life Skill abilities to be learned.
12370100002	Has a deeper understanding of the trade and can skillfully use its tools and materials. Unlocks the second Craft Slot and a wider selection of abilities, allowing a personal style to take shape.	Has a deeper understanding of the trade and can skillfully use its tools and materials. Unlocks the second Craft Slot and a wider selection of abilities, allowing a personal style to take shape.
12370100003	Has honed their craft and can flexibly apply various abilities to different situations. Unlocks the third Craft Slot and grants access to specialized abilities from the intermediate and advanced ability pools.	Has honed their craft and can flexibly apply various abilities to different situations. Unlocks the third Craft Slot and grants access to specialized abilities from the intermediate and advanced ability pools.
12370100004	Has reached the pinnacle of the craft and can create ingenious masterpieces. Unlocks the fourth Craft Slot and allows Rare abilities to be learned, further strengthening the trade's unique traits.	Has reached the pinnacle of the craft and can create ingenious masterpieces. Unlocks the fourth Craft Slot and allows Rare abilities to be learned, further strengthening the trade's unique traits.
12370100005	Craftsmanship and inspiration become one, allowing all abilities to be freely combined and mastered. Unlocks the fifth Craft Slot and all Legend techniques in the top-tier ability pool.	Craftsmanship and inspiration become one, allowing all abilities to be freely combined and mastered. Unlocks the fifth Craft Slot and all Legend techniques in the top-tier ability pool.
49015	Lv. ${1}	Lv. ${1}
49023	Mount	Mount
13910000000	Apprentice V	Apprentice V
13910000001	Apprentice IV	Apprentice IV
13910000002	Apprentice III	Apprentice III
13910000003	Apprentice II	Apprentice II
13910000004	Apprentice I	Apprentice I
13910000005	Rookie V	Rookie V
13910000006	Rookie IV	Rookie IV
13910000007	Rookie III	Rookie III
13910000008	Rookie II	Rookie II
13910000009	Rookie I	Rookie I
13910000010	Warrior V	Warrior V
13910000011	Warrior IV	Warrior IV
13910000012	Warrior III	Warrior III
13910000013	Warrior II	Warrior II
13910000014	Warrior I	Warrior I
13910000015	Elite V	Elite V
13910000016	Elite IV	Elite IV
13910000017	Elite III	Elite III
13910000018	Elite II	Elite II
13910000019	Elite I	Elite I
13910000020	Moonlit Challenger V	Moonlit Challenger V
13910000021	Moonlit Challenger IV	Moonlit Challenger IV
13910000022	Moonlit Challenger III	Moonlit Challenger III
13910000023	Moonlit Challenger II	Moonlit Challenger II
13910000024	Moonlit Challenger I	Moonlit Challenger I
13910000025	Overlord	Overlord
13910000026	Legendary Survivor	Legendary Survivor
10380100000	The main guild building determines the Guild Member capacity. Level-up the main building to increase the Guild Member capacity.	The main guild building determines the Guild Member capacity. Level-up the main building to increase the Guild Member capacity.
10380100001	Purchase character progression and decorative items in the Guild Store. More items Can be unlocked for purchase at higher Guild Store levels.	Purchase character progression and decorative items in the Guild Store. More items Can be unlocked for purchase at higher Guild Store levels.
10380100002	The Institute level determines which Guild Technologies are currently unlocked. As the Institute reaches higher levels, more Guild Technology effects Can be unlocked for Level-up.	The Institute level determines which Guild Technologies are currently unlocked. As the Institute reaches higher levels, more Guild Technology effects Can be unlocked for Level-up.
10380100003	Reach higher Guild Store levels to unlock access to more advanced guild gift packs.	Reach higher Guild Store levels to unlock access to more advanced guild gift packs.
10380100004	Siege equipment reserves can be viewed even when the Siege War is not open.	Siege equipment reserves can be viewed even when the Siege War is not open.
10380100005	Guild Management can Trade Military Supplies here, using Guild Funds as the Currency	Guild Management can Trade Military Supplies here, using Guild Funds as the Currency
10440000000	Go to Guild Base	Go to Guild Base
10440000001	Guild Management	Guild Management
10440000002	Rally	Rally
10440000003	Bonuses	Bonuses
10440000004	Fund Rankings	Fund Rankings
10440000005	Guild Auction	Guild Auction
10440000006	Dividends	Dividends
10440000007	Ranking	Ranking
13680100000	Money isn't everything, but without it...	Money isn't everything, but without it...
13680100001	One decisive blow prevents a hundred more	One decisive blow prevents a hundred more
13680100002	Always remember: never keep a low profile	Always remember: never keep a low profile
13740000000	【Watering】 Water the Adventure Party's sapling once.	【Watering】 Water the Adventure Party's sapling once.
13740000001	【Challenge】 Defeat an MVP with any Member of your Adventure Party.	【Challenge】 Defeat an MVP with any Member of your Adventure Party.
13740000002	【Challenge】 Clear any Phantom Realm with at least @{1} other Members of your Adventure Party.	【Challenge】 Clear any Phantom Realm with at least @{1} other Members of your Adventure Party.
13740000003	【Challenge】 Clear any Realm of the Gods with at least @{1} other Members of your Adventure Party.	【Challenge】 Clear any Realm of the Gods with at least @{1} other Members of your Adventure Party.
13740000004	[Competition] Complete Kafra: Battle of the Survivors with at least @{1} Member from your Adventure Party	[Competition] Complete Kafra: Battle of the Survivors with at least @{1} Member from your Adventure Party
181000	Welcome to RO3	Welcome to RO3
181001	Welcome to RO3	Welcome to RO3
181002	Welcome to RO3	Welcome to RO3
181003	Welcome to RO3	Welcome to RO3
181004	Welcome to RO3	Welcome to RO3
181005	Welcome to RO3	Welcome to RO3
181006	Welcome to RO3	Welcome to RO3
181007	Welcome to RO3	Welcome to RO3
50001	Ragnarok Online	Ragnarok Online
50002	Diamond	Diamond
50003	Jade	Jade
50004	Platinum Range	Platinum Range
50005	Gold	Gold
50006	Silver	Silver
50007	Brass	Brass
50008	Black Iron	Black Iron
50102	1-2	1-2
50103	3-4	3-4
50104	5-6	5-6
50137	Water	Water
50138	Mountain	Mountain
50139	Fire	Fire
10100000008	Divine Totem	Divine Totem
10100000009	Soul Echo	Soul Echo
10100000016	N/A	N/A
10100000017	M	M
10100000018	F	F
10100000064	EXP	EXP
10100000069	Trial Coins	Trial Coins
10100000071	Spacetime Emblem	Spacetime Emblem
10100000072	Vigor	Vigor
10100000077	Guild Contribution	Guild Contribution
10100000082	Yggdrasil Leaf	Yggdrasil Leaf
10100000092	Vivify Potion	Vivify Potion
10100000114	Star Core	Star Core
10100000125	Cart Merchant	Cart Merchant
10100000126	Falcon	Falcon
10100000127	Demonic Wolf	Demonic Wolf
10100000132	Arcane Crystal	Arcane Crystal
10100000169	Guild Contribution	Guild Contribution
10100000174	Guild Contribution	Guild Contribution
10100000203	T@{1}	T@{1}
10100000204	Novice	Novice
10100000205	Swordsman	Swordsman
10100000206	Mage	Mage
10100000207	Acolyte	Acolyte
10100000208	Archer	Archer
10100000209	Thief	Thief
10100000210	Merchant	Merchant
10100000240	B	B
10100000241	A	A
10100000242	S	S
10100000243	Path of Destiny	Path of Destiny
10100000253	Lv.@{1}-@{2}	Lv.@{1}-@{2}
10100000256	STR	STR
10100000257	AGI	AGI
10100000258	VIT	VIT
10100000259	INT	INT
10100000260	DEX	DEX
10100000261	LUK	LUK
10100000268	HIT	HIT
10100000269	FLEE	FLEE
10100000270	CRIT	CRIT
10100000271	ASPD	ASPD
10100000272	MSPD	MSPD
10100000299	Merchants	Merchants
10100000310	@{1}	@{1}
10100000326	NPC	NPC
10100000365	Fine	Fine
10100000367	Legend	Legend
10100000368	Myth	Myth
10100000375	Kafra's Tribute@{1}	Kafra's Tribute@{1}
10100000377	【Burst】	【Burst】
10100000378	【Control】	【Control】
10100000379	【Healing】	【Healing】
10100000380	【Support】	【Support】
10100000381	【Stealth】	【Stealth】
10100000382	【Utility】	【Utility】
10100000416	2H	2H
10100000417	1H	1H
10100000419	@{1}	@{1}
11520100008	Teamfight Initiation Damage	Teamfight Initiation Damage
11520100009	Skill-Based	Skill-Based
11520100010	High Crit	High Crit
11520100011	Poison Attacks	Poison Attacks
11520100012	High Damage Output	High Damage Output
11520100013	Agile	Agile
11520100014	High Crowd Control	High Crowd Control
11520100015	Wide-Area High Burst	Wide-Area High Burst
11520100016	Strong Solo Capability	Strong Solo Capability
13110200000	Increases DEF	Increases DEF
13110200001	Increases Move Speed---/Attack Speed	Increases Move Speed---/Attack Speed
13110200002	Increases Movement Speed---/HP recover	Increases Movement Speed---/HP recover
13110200003	Increase Attack	Increase Attack
13110200004	Increases damage reflection	Increases damage reflection
13110200005	Increases each stat by @{1} points	Increases each stat by @{1} points
13110200006	When attacking, has a @{1}% Chance to restore @{2} HP with no cooldown	When attacking, has a @{1}% Chance to restore @{2} HP with no cooldown
13110200007	Increases allies' MP recovery by @{1}	Increases allies' MP recovery by @{1}
13110200008	Reduces the DEF of nearby enemies	Reduces the DEF of nearby enemies
13110200009	Reduces the Movement Speed of nearby enemies	Reduces the Movement Speed of nearby enemies
13110200010	Gain @{1} match Currency	Gain @{1} match Currency
13110200011	Increases Crit Chance by @{1}% for @{2} sec.	Increases Crit Chance by @{1}% for @{2} sec.
13110200012	Reflects @{1}% of damage taken for @{2} sec. Reflection cooldown: @{3} sec. (Each reflected hit cannot exceed @{4}W)	Reflects @{1}% of damage taken for @{2} sec. Reflection cooldown: @{3} sec. (Each reflected hit cannot exceed @{4}W)
13110200013	Raises the quality of all equipped gear by one tier	Raises the quality of all equipped gear by one tier
13110200014	Become Super Giant for @{1} sec. During this time, damage dealt increases by @{2}%, damage taken increases by @{3}%, and you recover @{5}% Max Life every @{4} sec.	Become Super Giant for @{1} sec. During this time, damage dealt increases by @{2}%, damage taken increases by @{3}%, and you recover @{5}% Max Life every @{4} sec.
13110200015	Become immune to all debuffs and control effects for @{1} sec.	Become immune to all debuffs and control effects for @{1} sec.
13110200016	Self-heal, recovering @{1}% Max Life per sec. for @{2} sec.	Self-heal, recovering @{1}% Max Life per sec. for @{2} sec.
13110200017	Increases Movement Speed by @{1}% and grants immunity to slows for @{2} sec.	Increases Movement Speed by @{1}% and grants immunity to slows for @{2} sec.
13110200018	Increases healing received by @{1}% for @{2} sec.	Increases healing received by @{1}% for @{2} sec.
13110200019	Gain a slowing Orbit that reduces the Movement Speed of enemies within a @{1}-meter radius by @{2}% for @{3} sec.	Gain a slowing Orbit that reduces the Movement Speed of enemies within a @{1}-meter radius by @{2}% for @{3} sec.
13110200020	Increases damage by @{1}% for @{2} sec.	Increases damage by @{1}% for @{2} sec.
13110200021	Focus Orbit	Focus Orbit
13110200022	Magnification	Magnification
13110200023	Reset Skill Cooldowns	Reset Skill Cooldowns
13110200024	Hide HP Bar	Hide HP Bar
13110200025	Block One Attack	Block One Attack
13110200026	HP Lock for @{1} Seconds	HP Lock for @{1} Seconds
13110200027	Records Damage Dealt	Records Damage Dealt
13110200028	Increase Movement Speed and HP recover out of combat	Increase Movement Speed and HP recover out of combat
13110200029	Lose HP to increase DMG by @{1}%	Lose HP to increase DMG by @{1}%
13110200030	Fully Restore HP	Fully Restore HP
182000	Official RO3 Van	Official RO3 Van
182001	Official RO3 Van	Official RO3 Van
182002	Official RO3 Van	Official RO3 Van
182003	Official RO3 Van	Official RO3 Van
182004	Official RO3 Van	Official RO3 Van
182005	Official RO3 Van	Official RO3 Van
182006	Official RO3 Van	Official RO3 Van
182007	Official RO3 Van	Official RO3 Van
182008	Official RO3 Van	Official RO3 Van
182009	Official RO3 Van	Official RO3 Van
182010	Official RO3 Van	Official RO3 Van
13230000000	"Harmony at Dawn"	"Harmony at Dawn"
13230000001	"Afternoon Variations"	"Afternoon Variations"
13230000002	"Twilight Rhapsody"	"Twilight Rhapsody"
11410000000	A Book	A Book
11410000001	Secret History of Prontera@{1}	Secret History of Prontera@{1}
11410000002	Chapter 1	Chapter 1
11410000003	Chapter 2	Chapter 2
11410000004	Clash of the Seven Royals	Clash of the Seven Royals
11410000005	Handsome Prince	Handsome Prince
11410000006	Death of the Prince	Death of the Prince
11410000007	The Princess Ascends the Throne	The Princess Ascends the Throne
13060000000	Open Shop	Open Shop
13060000001	Open Ambulance	Open Ambulance
13060000002	Dumby Commission	Dumby Commission
13060000003	Collect Coins	Collect Coins
13060000004	Activate Trap Hunter	Activate Trap Hunter
13060000005	Exit Vehicle	Exit Vehicle
13060000006	Activate	Activate
13060000007	Search	Search
13060000008	Unlock	Unlock
13060000009	Collect	Collect
13060000010	Pick up	Pick up
13060000011	Dispel	Dispel
13060000012	Resonance	Resonance
13060000013	Clue	Clue
13060000014	Watering	Watering
13060000015	View	View
13060000016	Hang	Hang
13060000017	Dig	Dig
13060000018	Pick up	Pick up
13060000019	Approach	Approach
13060000020	Search	Search
13060000021	Release	Release
13060000022	Enter	Enter
13060000023	Take her hand.	Take her hand.
13060000024	Touch	Touch
13060000025	Relax	Relax
13060000026	Pick up	Pick up
13060000027	Take Out	Take Out
13060000028	Contact	Contact
13060000029	Place	Place
13060000030	Spray	Spray
13060000031	Touch	Touch
13060000032	Caress	Caress
13060000033	Give Water	Give Water
13060000034	Look Around	Look Around
13060000035	Transfigure	Transfigure
13060000036	Rift Crisis	Rift Crisis
13060000037	Continue	Continue
13060000038	Collect Supplies	Collect Supplies
13900000002	South Gate Reunion Invitation	South Gate Reunion Invitation
13900000001	Nine-Tone Mantra	Nine-Tone Mantra
13900000000	Orchid Waterside Pavilion	Orchid Waterside Pavilion
10110200238	Cleaving Slash	Cleaving Slash
10110200239	Phantom Thrust	Phantom Thrust
10110200240	Rain of Spears	Rain of Spears
10110200241	Mage Normal Attack	Mage Normal Attack
10110200242	Tetra Vortex	Tetra Vortex
10110200243	Comet	Comet
10110200244	Thunderclap	Thunderclap
10110200245	Crimson Rock	Crimson Rock
10110200246	Destructive Flame (Deprecated)	Destructive Flame (Deprecated)
10110200247	Petrify Curse (Deprecated)	Petrify Curse (Deprecated)
10110200248	Jack Frost	Jack Frost
10110200249	Ice Fog	Ice Fog
10110200250	Earth Strain	Earth Strain
10110200251	Gravitation Field	Gravitation Field
10110200252	Napalm Vulcan	Napalm Vulcan
10110200253	Priest Normal Attack	Priest Normal Attack
10110200254	Prayer of the Holy Spirit's Descent (Deprecated)	Prayer of the Holy Spirit's Descent (Deprecated)
10110200255	Stigma (Deprecated)	Stigma (Deprecated)
10110200256	Divine Retribution (Deprecated)	Divine Retribution (Deprecated)
10110200257	Holy Reckoning (Deprecated)	Holy Reckoning (Deprecated)
10110200258	Arrow Attack	Arrow Attack
10110200259	Charge Arrow	Charge Arrow
10110200260	Arrow Storm	Arrow Storm
10110200261	Detecting	Detecting
10110200262	Myriad Stars Chase the Moon	Myriad Stars Chase the Moon
10110200263	Anklesnare	Anklesnare
13880000196	Chain Lightning	Chain Lightning
13880000195	Rapid Combo	Rapid Combo
13880000194	Enhanced Bow Attack	Enhanced Bow Attack
13880000193	Magic Infusion	Magic Infusion
13880000192	Magic Strike Calibration	Magic Strike Calibration
10110200269	AoE Endure	AoE Endure
10110200270	Lord of Vermilion	Lord of Vermilion
10110200271	Storm Gust	Storm Gust
10110200272	Wind Walker	Wind Walker
10110200273	Falcon's Eye	Falcon's Eye
10110200274	Back Slide	Back Slide
11240000000	Field Auto-Battle Challenge @{1}-@{2}	Field Auto-Battle Challenge @{1}-@{2}
10110200275	Hide-and-Seek	Hide-and-Seek
10110200276	Cross Bombardment	Cross Bombardment
10110200277	Wind Style - Tornado	Wind Style - Tornado
10110200278	Earth Style - Burrow	Earth Style - Burrow
10110200279	Body Style - Expansion	Body Style - Expansion
10110200280	Fire Style - Flame Jet	Fire Style - Flame Jet
10110200281	Lightning Style - Rolling Thunder	Lightning Style - Rolling Thunder
10110200282	Wind Style - Monsoon	Wind Style - Monsoon
10110200283	Talk Style - Monsoon	Talk Style - Monsoon
10110200284	Lightning Style - Rolling Thunder (Actual Damage)	Lightning Style - Rolling Thunder (Actual Damage)
10110200285	Expansion Jutsu Check	Expansion Jutsu Check
10110200286	Identity Card Revive	Identity Card Revive
10110200287	Poring Magic	Poring Magic
10110200288	Performance End	Performance End
10110200289	Second Emotes	Second Emotes
10110200290	Flying Magic	Flying Magic
10110200291	Teleportation Magic	Teleportation Magic
10110200292	Ping-Pong Poring	Ping-Pong Poring
10110200293	Poring Counterattack	Poring Counterattack
10110200294	Throw Vehicle	Throw Vehicle
10110200295	Pick up	Pick up
10110200296	High-Speed Driving	High-Speed Driving
10110200297	Remove	Remove
10110200298	Vehicle Stealth	Vehicle Stealth
10110200299	Vehicle Shield	Vehicle Shield
10110200300	Vehicle Explosive Device	Vehicle Explosive Device
10110200301	Area Detection	Area Detection
10110200302	Group Warp	Group Warp
10110200303	Charge	Charge
10110200304	Command	Command
10110200305	Escort Cart Explosion	Escort Cart Explosion
10110200306	Deliver Fireworks	Deliver Fireworks
10110200307	Soul Expansion	Soul Expansion
10110200308	White Imprison	White Imprison
10110200309	Intense Telekinesis	Intense Telekinesis
10110200310	Soul Expansion (Copy)	Soul Expansion (Copy)
10110200311	Psychic Mastery	Psychic Mastery
10110200312	Gravitational Impact	Gravitational Impact
10110200313	Psychokinetic Astral Body	Psychokinetic Astral Body
10110200314	Gravitational Impact (Copy)	Gravitational Impact (Copy)
10110200315	Set Blue Team	Set Blue Team
10110200316	Set Red Team	Set Red Team
10110200317	Blessing of Light	Blessing of Light
10110200318	Dark Curse	Dark Curse
10110200319	Blessed Wind	Blessed Wind
10110200320	Earthshaking Rift	Earthshaking Rift
10110200321	Flame Storm	Flame Storm
10110200322	Raging Wave Cataclysm	Raging Wave Cataclysm
10110200323	Crystal Prison	Crystal Prison
10110200324	Deadly Flame Blade	Deadly Flame Blade
10110200325	Blessing of Water	Blessing of Water
10110200326	Blooming Flame	Blooming Flame
10110200327	Normal Attack	Normal Attack
10110200328	Dragonkin Sacrifice	Dragonkin Sacrifice
10110200329	Scorching Dragon Breath	Scorching Dragon Breath
10110200330	Flame Wave	Flame Wave
10110200331	Molten Gold Dragon Breath	Molten Gold Dragon Breath
10110200332	Greed's Wrath	Greed's Wrath
10110200333	Flame Combo	Flame Combo
10110200334	Dive Bomb - AOE	Dive Bomb - AOE
10110200335	Fire Wall - AOE	Fire Wall - AOE
10110200336	Shield - AOE	Shield - AOE
10110200337	Fafnir - Leaping Pounce	Fafnir - Leaping Pounce
10110200338	Generic - Suicide	Generic - Suicide
10110200339	Young Dragon Normal Attack@{1}	Young Dragon Normal Attack@{1}
10110200340	Young Dragon Fireball	Young Dragon Fireball
10110200341	Young Dragon Charge	Young Dragon Charge
10110200342	Shield Spawn HP Loss@{1}%	Shield Spawn HP Loss@{1}%
10110200343	Young Dragon Random Normal Attack Wrapper	Young Dragon Random Normal Attack Wrapper
10110200344	Fafnir - Fire Wall Mechanic Jump to Edge	Fafnir - Fire Wall Mechanic Jump to Edge
10110200345	Fafnir - Summon Young Dragon Mechanic Jump to Center	Fafnir - Summon Young Dragon Mechanic Jump to Center
10110200346	Fafnir - Full-screen Flame Mechanic Jump to Center	Fafnir - Full-screen Flame Mechanic Jump to Center
10110200347	Fafnir - Ultimate Mechanic Jump to Center	Fafnir - Ultimate Mechanic Jump to Center
10110200348	Generic - Spawn HP Loss@{1}%	Generic - Spawn HP Loss@{1}%
10110200349	Fafnir - Dragon Roar (Performance)	Fafnir - Dragon Roar (Performance)
10110200350	Diving Fire Breath - Warning Zone	Diving Fire Breath - Warning Zone
10110200351	Fafnir - Summon Shield	Fafnir - Summon Shield
10110200352	Firewall - Spawn	Firewall - Spawn
10110200353	Shield - Spawn	Shield - Spawn
10110200354	Fafnir - Summon Whelps	Fafnir - Summon Whelps
10110200355	Apply Skill DMG Buff to the Dragon	Apply Skill DMG Buff to the Dragon
10110200356	Ring of Fire AOE	Ring of Fire AOE
10110200357	Ring of Fire Warning Zone	Ring of Fire Warning Zone
10110200358	Rectangular Flame AOE@{1}	Rectangular Flame AOE@{1}
10110200359	Dragon Roar (Performance) Rectangular AOE	Dragon Roar (Performance) Rectangular AOE
10110200360	Fire Dragon - Check for Surviving Whelps	Fire Dragon - Check for Surviving Whelps
10110200361	Split	Split
10110200362	HP Recovery	HP Recovery
10110200363	Kill	Kill
10110200364	Self-Destruct	Self-Destruct
10110200365	Struggle	Struggle
10110200366	Full-screen Fire Setup - Take Off	Full-screen Fire Setup - Take Off
10110200367	Full-screen Fire Setup - Charge	Full-screen Fire Setup - Charge
10110200371	Carry Cannonball	Carry Cannonball
10110200372	Repair Turret	Repair Turret
10890300000	@{1}:@{2}~@{3}:@{4}	@{1}:@{2}~@{3}:@{4}
10890300001	All Day	All Day
10110200373	Combat NPC Turret Cast Skill (Shell)	Combat NPC Turret Cast Skill (Shell)
10110200374	Mount Turret	Mount Turret
10110200375	Fire!	Fire!
10110200376	Exit Turret	Exit Turret
10110200377	Load Cannonball	Load Cannonball
10110200378	Combat NPC Turret Cast Skill (ST)	Combat NPC Turret Cast Skill (ST)
10110200379	Combat NPC Turret Cast Skill (AOE)	Combat NPC Turret Cast Skill (AOE)
10110200380	Sync Buff Floors	Sync Buff Floors
10110200381	Combat NPC Ice Turret Cast Skill (ST)	Combat NPC Ice Turret Cast Skill (ST)
10110200382	Combat NPC Ice Turret Cast Skill (AOE)	Combat NPC Ice Turret Cast Skill (AOE)
10110200383	Discard Cannonball	Discard Cannonball
10110200384	Fire Turret Sync Status Effect	Fire Turret Sync Status Effect
10110200385	Switch to Ice Turret	Switch to Ice Turret
10110200386	Switch to Fire Turret	Switch to Fire Turret
10110200387	Flame Jet	Flame Jet
10110200388	Bone-Chilling Frost	Bone-Chilling Frost
10110200389	Chain Lightning	Chain Lightning
10110200390	Blessing Angel Interaction	Blessing Angel Interaction
10110200391	Lightning Strike	Lightning Strike
10110200392	Pass the Dynamite	Pass the Dynamite
10110200393	Dynamite Explosion	Dynamite Explosion
10110200394	Apply Pass Dynamite Effect	Apply Pass Dynamite Effect
10110200395	Pyroblast	Pyroblast
10110200396	Lava Heat Wave	Lava Heat Wave
10110200397	Terrifying Roar	Terrifying Roar
10110200398	Blade Whirlwind	Blade Whirlwind
10110200399	Spinning Blade Strike	Spinning Blade Strike
10110200400	Shatter Blade	Shatter Blade
10110200401	Rock-Shattering Strike	Rock-Shattering Strike
10110200402	Stone Glyph Slash	Stone Glyph Slash
12890000000	Big Poring	Big Poring
12890000001	Lion	Lion
12890000002	Alpaca	Alpaca
12890000003	Hyena	Hyena
12890000004	Fox	Fox
12890000005	Ostrich	Ostrich
12890000006	Savage	Savage
12890000007	Fluffy Bunny	Fluffy Bunny
12890000008	Pompadour	Pompadour
12890000009	Goblin Balloon	Goblin Balloon
12890000010	Vadon	Vadon
12890000011	Kitty Cart	Kitty Cart
12890000012	Flying Goblin Balloon	Flying Goblin Balloon
12890000013	Baby Kun	Baby Kun
12890000014	Wind-Up Rocking Chair	Wind-Up Rocking Chair
12890000015	Eggshell Chubby Chick	Eggshell Chubby Chick
12890000016	Dream Steed	Dream Steed
12890000017	Magic Carpet	Magic Carpet
12890000018	Solar Chariot	Solar Chariot
12890000019	Orchid Waterside Pavilion	Orchid Waterside Pavilion
12890000020	Fish of the Northern Deep	Fish of the Northern Deep
12890000021	Lord of the Starry Firmament	Lord of the Starry Firmament
10110200403	Petrify Cleave	Petrify Cleave
10110200404	Petrify Mist	Petrify Mist
10110200405	Sandstorm	Sandstorm
10110200576	Memory Game-Right Warning	Memory Game-Right Warning
10110200577	Memory Game-Circular Warning	Memory Game-Circular Warning
10110200578	Memory Game-Ring Warning	Memory Game-Ring Warning
10110200579	Memory Game-Bottom Damage	Memory Game-Bottom Damage
10110200580	Memory Game-Top Damage	Memory Game-Top Damage
10110200581	Memory Game-Left Damage	Memory Game-Left Damage
10110200582	Memory Game-Right Damage	Memory Game-Right Damage
10110200583	Memory Game-Circular Damage	Memory Game-Circular Damage
10110200584	Memory Game-Ring Damage	Memory Game-Ring Damage
10110200585	Shaking Bubble	Shaking Bubble
10110200586	Send Stage Message: Bubble	Send Stage Message: Bubble
10110200587	Send Stage Message: Memory Warning	Send Stage Message: Memory Warning
10110200588	Send Stage Message: Memory Damage	Send Stage Message: Memory Damage
10110200589	Make Statue Fire Laser	Make Statue Fire Laser
10110200590	Kun Dive	Kun Dive
10110200591	Kun Spit Out Players	Kun Spit Out Players
10110200592	Kun Suck In Players	Kun Suck In Players
10110200593	Kun Entrance	Kun Entrance
10110200594	Kun Water Vortex	Kun Water Vortex
10110200595	Make Statue Cast Rectangle	Make Statue Cast Rectangle
10110200596	Kun Movement	Kun Movement
10110200597	Summon Notes	Summon Notes
10110200598	Note A Explosion	Note A Explosion
10110200599	Note B Explosion	Note B Explosion
10110200600	Linear Laser	Linear Laser
10110200601	Trigger Linear Laser	Trigger Linear Laser
10110200602	Four Sequential Shockwaves	Four Sequential Shockwaves
10110200603	Four Simultaneous Shockwaves	Four Simultaneous Shockwaves
10110200604	One Random Shockwave	One Random Shockwave
10110200605	Music Box	Music Box
10110200606	Water Pillar	Water Pillar
10110200607	Music Box Circular AoE	Music Box Circular AoE
10110200608	Spotlight	Spotlight
10110201040	Doppelganger	Doppelganger
10110201041	Eddga Normal Attack	Eddga Normal Attack
10110201042	Scorched Earth Brand	Scorched Earth Brand
10110201043	Blazing Tiger Roar	Blazing Tiger Roar
10110201044	Blazing Pursuit	Blazing Pursuit
10110201045	Tiger Leap Quake	Tiger Leap Quake
10110201046	Eddga-Placeholder	Eddga-Placeholder
10110201047	Gravestone Blast	Gravestone Blast
10110201048	Abyssal Cross Impact	Abyssal Cross Impact
10110201049	Wavebreaker Strike	Wavebreaker Strike
10110201050	Explosive Tide	Explosive Tide
10110201051	Cannonball Barrage	Cannonball Barrage
10110201052	Drake Normal Attack	Drake Normal Attack
10110201053	Horong Disappears	Horong Disappears
10110201054	Super Lightning Bolt	Super Lightning Bolt
10110201055	@{1}% HP	@{1}% HP
10110201056	Smite	Smite
10110201057	First Aid	First Aid
10110201058	Empowered Warg Strike	Empowered Warg Strike
10110201059	Sword Smash	Sword Smash
10110201060	Skill Bar	Skill Bar
10110201061	Spell Smash	Spell Smash
10110201062	Arrow Smash	Arrow Smash
10110201063	Staff Smash	Staff Smash
10110201064	Blade Smash	Blade Smash
13810000004	Ⅲ-@{1}	Ⅲ-@{1}
13810000003	Ⅲ	Ⅲ
13810000002	Ⅱ+-@{1}	Ⅱ+-@{1}
13810000001	Ⅱ	Ⅱ
13810000000	Ⅰ	Ⅰ
170074	[Guild Invitation]	[Guild Invitation]
170075	<color=#FDAB5B>${1}</color> has invited you to Join a guild: <color=#FDAB5B>${2}</color>	<color=#FDAB5B>${1}</color> has invited you to Join a guild: <color=#FDAB5B>${2}</color>
170076	Unlimited	Unlimited
170077	Elite Privileges	Elite Privileges
260109	Auto-Accept Adventure Group Applications	Auto-Accept Adventure Group Applications
260110	Welcome to the Adventure Group!	Welcome to the Adventure Group!
12390001779	Blossom Sprite	Blossom Sprite
12390001780	Wheel of Time	Wheel of Time
12390001781	Reaper's Scythe	Reaper's Scythe
12390001782	Crazy Baby Bunny	Crazy Baby Bunny
12390001783	Crazy Bunny Family Balloon	Crazy Bunny Family Balloon
12390001784	Giant Bow Scarf	Giant Bow Scarf
12390001785	World-Scorching Feather · Golden Crow	World-Scorching Feather · Golden Crow
12390001786	Worldscorch Feather	Worldscorch Feather
12390001787	Worldscorch Feather: Burning Wings	Worldscorch Feather: Burning Wings
12390001788	Worldscorch Feather: Ashen Embers	Worldscorch Feather: Ashen Embers
12390001789	Sweetheart Tea Party · Soufflé	Sweetheart Tea Party · Soufflé
12390001790	Sweetheart Tea Party	Sweetheart Tea Party
12390001791	Bonnie's Afternoon	Bonnie's Afternoon
12390001792	Kitty Tail	Kitty Tail
12390001793	Strawberry Macaron	Strawberry Macaron
12390001794	Sweet Waltz	Sweet Waltz
12390001795	Night Judgment·Mask	Night Judgment·Mask
12390001796	Night Judgment - Mask	Night Judgment - Mask
12390001797	Night Judgment	Night Judgment
12390001798	Silverwing Covenant - Order	Silverwing Covenant - Order
12390001799	Silverwing Covenant - Discipline	Silverwing Covenant - Discipline
12390001800	Nine-Tone Mantra · Elegance	Nine-Tone Mantra · Elegance
12390001801	Silverwing Covenant	Silverwing Covenant
12390001802	Nine-Tone Mantra	Nine-Tone Mantra
12390001803	Silverwing Covenant - Truth	Silverwing Covenant - Truth
12390001804	Silverwing Covenant - Prayer	Silverwing Covenant - Prayer
12390001805	Nine-Tone Mantra: Rainbow Raiment	Nine-Tone Mantra: Rainbow Raiment
12390001806	Nine-Hued Sacred Melody · Apsara	Nine-Hued Sacred Melody · Apsara
13680000002	Exalted Status	Exalted Status
13680000001	Powerful Vivify	Powerful Vivify
13680000000	Vast Wealth	Vast Wealth
13670000010	Boss	Boss
13670000009	Revive Point	Revive Point
13670000008	Dragonblood Crystal	Dragonblood Crystal
13670000007	Demonic Dragon's Breath	Demonic Dragon's Breath
13670000006	Bidder ID	Bidder ID
13670000005	Air-Drop Point	Air-Drop Point
13670000004	Adventure	Adventure
13670000003	Last Death	Last Death
13670000002	Rescue Wagon	Rescue Wagon
13670000001	Shop	Shop
13670000000	MVP	MVP
13660200004	V	V
13660200003	IV	IV
13660200002	III	III
13660200001	II	II
13660200000	I	I
13660100004	The Season has come to a successful close, and the time to reap your rewards is finally here! You can still enjoy all regular game content during this phase. Please wait patiently for the new Season.	The Season has come to a successful close, and the time to reap your rewards is finally here! You can still enjoy all regular game content during this phase. Please wait patiently for the new Season.
13660100003	The gates of the Royal Capital are open! It is the ultimate symbol of glory, and only the strongest guild can claim the summit and reign supreme!	The gates of the Royal Capital are open! It is the ultimate symbol of glory, and only the strongest guild can claim the summit and reign supreme!
13660100002	The Regional Capital War is now open! Guilds that successfully occupy a regional capital will gain a significant advantage in subsequent Territory Wars, tipping the scales in their favor.	The Regional Capital War is now open! Guilds that successfully occupy a regional capital will gain a significant advantage in subsequent Territory Wars, tipping the scales in their favor.
13660100001	The Territory War has begun! During this phase, major guilds will fiercely compete for strongholds in a showdown of strategy and strength.	The Territory War has begun! During this phase, major guilds will fiercely compete for strongholds in a showdown of strategy and strength.
13660100000	The new Season has officially begun, and everyone is starting from scratch! Hurry to level up and grow stronger, and prepare for the fierce battles ahead!	The new Season has officially begun, and everyone is starting from scratch! Hurry to level up and grow stronger, and prepare for the fierce battles ahead!
13660000004	Final Chapter	Final Chapter
13660000003	Chapter 3	Chapter 3
13660000002	Chapter 2	Chapter 2
13660000001	Chapter One	Chapter One
13660000000	Prologue	Prologue
13640100003	Fourth Movement · Desert Rhythm	Fourth Movement · Desert Rhythm
13640100002	Third Movement · Arcane Resonance	Third Movement · Arcane Resonance
13640100001	Second Movement · Voice of the Mountains	Second Movement · Voice of the Mountains
13640100000	First Movement · Majestic Hymn	First Movement · Majestic Hymn
13640000003	Fourth Movement · Desert Rhythm	Fourth Movement · Desert Rhythm
13640000002	Third Movement · Arcane Resonance	Third Movement · Arcane Resonance
13640000001	Second Movement · Voice of the Mountains	Second Movement · Voice of the Mountains
13640000000	First Movement · Majestic Hymn	First Movement · Majestic Hymn
13620000010	Prontera S@{1}	Prontera S@{1}
13620000009	Izlude	Izlude
52007	${1}:${2}:${3}	${1}:${2}:${3}
52011	${1}/s	${1}/s
13620000008	Sunken Ship	Sunken Ship
13620000007	Byalan Island	Byalan Island
13620000006	Mt. Mjolnir	Mt. Mjolnir
13620000005	Pharos Lighthouse	Pharos Lighthouse
13620000004	Morroc	Morroc
13620000003	Payon	Payon
13620000002	Orc Village	Orc Village
13620000001	Geffen	Geffen
13620000000	Prontera	Prontera
13610100001	Trap Hunter Mode	Trap Hunter Mode
13610100000	Blackhole Mode	Blackhole Mode
13600000005	Western Desert	Western Desert
13600000004	Northern Mountains	Northern Mountains
13600000003	Field	Field
13600000002	Stronghold @{1}	Stronghold @{1}
13600000001	Eastern Forest	Eastern Forest
13600000000	Royal Capital	Royal Capital
10110200264	Flasher	Flasher
10110200265	Focused Arrow Strike	Focused Arrow Strike
10110200266	Arm Cannon Enhance	Arm Cannon Enhance
10110200267	Knuckle Boost (Deprecated)	Knuckle Boost (Deprecated)
10110200268	Tension Relax	Tension Relax
13590000012	Rune Fashion	Rune Fashion
13590000011	Manage the Guild	Manage the Guild
13590000010	Set Up a Stall at South Gate	Set Up a Stall at South Gate
13590000009	Appreciate the Arts	Appreciate the Arts
13590000008	Dress Up for a Date	Dress Up for a Date
13590000007	Travel with Friends	Travel with Friends
13590000006	Relax at Home	Relax at Home
13590000005	Buy New Clothes	Buy New Clothes
13590000004	Enjoy Fine Food	Enjoy Fine Food
13590000003	Deliver Supplies	Deliver Supplies
13590000002	Complete the Commission	Complete the Commission
13590000001	Secret Realm Exploration	Secret Realm Exploration
13590000000	Skill Training	Skill Training
13560000010	Event Text Event Text Event Text Event Text Event Text Event Text Event Text Three	Event Text Event Text Event Text Event Text Event Text Event Text Event Text Three
13560000009	Event Text Event Text Event Text Event Text Event Text Event Text Event Text Two	Event Text Event Text Event Text Event Text Event Text Event Text Event Text Two
13560000008	Option B Event Text Event Text Event Text Event Text Event Text Event Text Event Text	Option B Event Text Event Text Event Text Event Text Event Text Event Text Event Text
13560000007	Option A Event Text Event Text Event Text Event Text Event Text Event Text Event Text	Option A Event Text Event Text Event Text Event Text Event Text Event Text Event Text
13560000006	Option B	Option B
13560000005	Option A	Option A
13560000004	Event Text Event Text Event Text Event Text Event Text Event Text Event Text One	Event Text Event Text Event Text Event Text Event Text Event Text Event Text One
13560000003	Enjoy Life: Second Activity	Enjoy Life: Second Activity
13560000002	Enjoy Life: First Activity	Enjoy Life: First Activity
13560000001	Growth Training: Second Training	Growth Training: Second Training
13560000000	Growth Training: First Training	Growth Training: First Training
13540100002	Socket @{2} Tier @{1} or higher cards	Socket @{2} Tier @{1} or higher cards
13540100001	Socket @{1} cards of Purple Quality or higher	Socket @{1} cards of Purple Quality or higher
13540100000	Insert @{1} Blue Quality or higher cards	Insert @{1} Blue Quality or higher cards
13530000001	Payon Region	Payon Region
13530000000	Prontera Region	Prontera Region
12390001257	Shattered Metal	Shattered Metal
12390001258	Common Powder	Common Powder
12390001259	Black Sobbing Starlight Fragment	Black Sobbing Starlight Fragment
12390001260	Magic Powder	Magic Powder
12390001261	Special Mane	Special Mane
12390001262	Wolf Claw	Wolf Claw
12390001263	Orc Fang	Orc Fang
13340100003	Active in Siege Battles	Active in Siege Battles
13340100002	Active in Escort Battles	Active in Escort Battles
13340100001	Active in Stronghold Battles	Active in Stronghold Battles
13340100000	Applies to all Territory War modes	Applies to all Territory War modes
13330300001	Stay tuned for the new Season	Stay tuned for the new Season
13330300000	Enjoy the exciting Season story	Enjoy the exciting Season story
13330200004	Event	Event
13330200003	Challenge	Challenge
13330200002	Progression	Progression
13330200001	Story	Story
13330200000	Guild	Guild
13330100005	Prepare for the upcoming Season and get a head start.	Prepare for the upcoming Season and get a head start.
13330100004	Higher-difficulty Boss challenges are now available!	Higher-difficulty Boss challenges are now available!
13330100003	The Holy City, symbol of ultimate glory, is now open. Join forces to capture it and plant your banner at the pinnacle of victory!	The Holy City, symbol of ultimate glory, is now open. Join forces to capture it and plant your banner at the pinnacle of victory!
13330100002	A unique Season dungeon—gather your companions and take on the challenge together!	A unique Season dungeon—gather your companions and take on the challenge together!
13330100001	An essential Season progression System that greatly increases your Power.	An essential Season progression System that greatly increases your Power.
13330100000	Serverwide Territory War Is Here! Guilds can carve out territory on a new continent and claim lands of their own through blood and glory!	Serverwide Territory War Is Here! Guilds can carve out territory on a new continent and claim lands of their own through blood and glory!
13330000009	New Season Preview	New Season Preview
13330000008	GVE Speedrun	GVE Speedrun
13330000007	New Season Preparation	New Season Preparation
13330000006	Mid-Season Settlement	Mid-Season Settlement
13330000005	10-Player Dungeon · Hard	10-Player Dungeon · Hard
13330000004	Mass Territory War: Royal City Siege	Mass Territory War: Royal City Siege
13330000003	10-Player Raid · Normal	10-Player Raid · Normal
13330000002	Soul Echo	Soul Echo
13330000001	Season Story	Season Story
13330000000	Serverwide Territory War	Serverwide Territory War
13320000013	Sound Settings	Sound Settings
13320000012	Other	Other
13320000011	Target	Target
13320000010	Casting Settings	Casting Settings
13320000009	Name Color Settings	Name Color Settings
13320000008	HP Bar Color Settings	HP Bar Color Settings
13320000007	Skill Callouts	Skill Callouts
13320000006	Show Cursor	Show Cursor
13320000005	General Display	General Display
13320000004	Graphics Settings	Graphics Settings
13320000003	Graphics Quality	Graphics Quality
13320000002	Redemption Code	Redemption Code
13320000001	PC Mode	PC Mode
13320000000	System Settings	System Settings
13300000041	Mute When Minimized	Mute When Minimized
13300000040	Character Voice	Character Voice
13300000039	Effects	Effects
13300000038	Music	Music
13300000037	Master	Master
13300000036	Display Skill Range	Display Skill Range
13300000035	Use a Normal Attack after tapping a target	Use a Normal Attack after tapping a target
13300000034	Switch Selected Target by Key	Switch Selected Target by Key
13300000033	Target Priority	Target Priority
13300000032	Chase Distance	Chase Distance
13300000031	Follow-Up Logic	Follow-Up Logic
13300000030	Default Drag Skill Position	Default Drag Skill Position
13300000029	Chase with Drag Skills	Chase with Drag Skills
13300000028	Stationary Skill Follow-Up	Stationary Skill Follow-Up
13300000027	Casting Method	Casting Method
13300000026	Enhance Display	Enhance Display
13300000025	Enemy Team	Enemy Team
13300000024	Same Faction	Same Faction
13300000023	Team	Team
13300000022	Team	Team
13300000021	You	You
13300000020	Skill Callout Display Density	Skill Callout Display Density
13300000019	Skill Callout Display Range	Skill Callout Display Range
13300000018	Cursor Style	Cursor Style
13300000017	Cursor Scale	Cursor Scale
13300000016	Pet Guardian Live@{1}D	Pet Guardian Live@{1}D
13300000015	Damage Numbers	Damage Numbers
13300000014	HP Bar	HP Bar
13300000013	Name Information	Name Information
13300000012	Name Position	Name Position
13300000011	Max Characters on Screen	Max Characters on Screen
13300000010	UI Scale	UI Scale
13300000009	Display Resolution	Display Resolution
13300000008	Vertical Sync	Vertical Sync
13300000007	Shadow Claws	Shadow Claws
13300000006	Anti-Aliasing	Anti-Aliasing
13300000005	Frame Rate Cap	Frame Rate Cap
13300000004	Graphics Quality	Graphics Quality
13300000003	Redemption Code	Redemption Code
13300000002	Custom Layout	Custom Layout
13300000001	Main Screen and Control Mode Selection	Main Screen and Control Mode Selection
13300000000	Language	Language
12390001316	Strawberry	Strawberry
12390001317	Salt	Salt
12390001318	Solid Wood Core	Solid Wood Core
12390001319	Solid Wood Pin Mold	Solid Wood Pin Mold
12390001320	Ironwood Chunk	Ironwood Chunk
12390001321	Ironwood Blank	Ironwood Blank
12390001322	Advanced Coating	Advanced Coating
12390001323	Ironwood Core	Ironwood Core
12390001324	Ironwood Ring Mold	Ironwood Ring Mold
12390001325	Ironwood Wrapping	Ironwood Wrapping
12390001326	Sacred Wood Chunk	Sacred Wood Chunk
12390001327	Sacred Wood Blank	Sacred Wood Blank
12390001328	Sacred Wood Core	Sacred Wood Core
12390001329	Sacred Ring Mold	Sacred Ring Mold
12390001330	Sacred Wood Wrapping	Sacred Wood Wrapping
12390001331	Glyph	Glyph
12390001332	Spirit Glyph	Spirit Glyph
12390001333	Sacred Glyph	Sacred Glyph
12390001334	Blessed Sacred Glyph	Blessed Sacred Glyph
12390001335	Flax Leaf	Flax Leaf
12390001336	Cotton Tuft	Cotton Tuft
12390001337	Fluffy Fiber Tuft	Fluffy Fiber Tuft
12390001338	Spirit Scale Stalk	Spirit Scale Stalk
12390001339	Woolly Moss	Woolly Moss
12390001340	Spirit Silk	Spirit Silk
12390001341	Fine Fiber Tuft	Fine Fiber Tuft
12390001342	Sacred Sap	Sacred Sap
12390001343	Sacred Silk	Sacred Silk
12390001344	Linen Roll	Linen Roll
12390001345	Coarse Cotton Roll	Coarse Cotton Roll
12390001346	Woolen Cloth Roll	Woolen Cloth Roll
12390001347	Standard Thread	Standard Thread
12390001348	Woolen Padding	Woolen Padding
12390001349	Silk Roll	Silk Roll
12390001350	Silk Padding	Silk Padding
12390001351	Silk Garment Blank	Silk Garment Blank
12390001352	Silk Shoulderwear Blank	Silk Shoulderwear Blank
12390001353	Silk Footwear Blank	Silk Footwear Blank
12390001354	Advanced Thread	Advanced Thread
12390001355	Sacred Cloth Roll	Sacred Cloth Roll
12390001356	Sacred Padding	Sacred Padding
12390001357	Sacred Garment Blank	Sacred Garment Blank
12390001358	Sacred Shoulderwear Blank	Sacred Shoulderwear Blank
12390001359	Sacred Footwear Blank	Sacred Footwear Blank
13240000006	si	si
13240000005	la	la
13240000004	so	so
13240000003	fa	fa
13240000002	mi	mi
13240000001	re	re
13240000000	do	do
13230100002	"When the Fishmen chanted, every storm fell silent. God forged that silence into a blade and carved through the will of seven thousand worlds to resist."	"When the Fishmen chanted, every storm fell silent. God forged that silence into a blade and carved through the will of seven thousand worlds to resist."
13230100001	"When the Klein Cube was swallowed by the Eternal Land, the first gears engaged—the void split into golden patterns, only to collapse into darkness in an instant. Yet the music played on, performing the eternal struggle between order and chaos."	"When the Klein Cube was swallowed by the Eternal Land, the first gears engaged—the void split into golden patterns, only to collapse into darkness in an instant. Yet the music played on, performing the eternal struggle between order and chaos."
13230100000	"The faithful of Eden cheered for the dawn, their songs becoming strings and their faith the harp's pillar. When God played the harp, even He nearly believed—that hope truly existed."	"The faithful of Eden cheered for the dawn, their songs becoming strings and their faith the harp's pillar. When God played the harp, even He nearly believed—that hope truly existed."
13200000008	Purple @{1}	Purple @{1}
13200000007	Orange @{1}	Orange @{1}
13200000006	Water Star	Water Star
13200000005	Gold Star	Gold Star
13200000004	Wolf Star	Wolf Star
13200000003	Celestial Star	Celestial Star
13200000002	Bright Star	Bright Star
13200000001	Radiant Star	Radiant Star
13200000000	Initial	Initial
13160000003	Ultra Suggested Items	Ultra Suggested Items
13160000002	This Issue's Suggested Items	This Issue's Suggested Items
13160000001	Newly Listed Items	Newly Listed Items
13160000000	Exclusive Suggested Items	Exclusive Suggested Items
13150500021	Soul Echo	Soul Echo
13150500020	Vigor	Vigor
13150500019	Plain Balloon	Plain Balloon
13150500018	Guild Contribution	Guild Contribution
13150500017	Refine	Refine
13150500016	Hatch	Hatch
13150500015	Pet	Pet
13150500014	Talent	Talent
13150500013	Butterfly Wing	Butterfly Wing
13150500012	Craft	Craft
13150500011	Equip	Equip
13150500010	Fly Wing	Fly Wing
13150500009	Accessory	Accessory
13150500008	Egg	Egg
13150500007	Tree Bark	Tree Bark
13150500006	Snake Gallbladder	Snake Gallbladder
13150500005	Mount	Mount
13150500004	Set	Set
13150500003	Clothes	Clothes
13150500002	Weapon	Weapon
13150500001	Potion	Potion
13150500000	Accessory	Accessory
13150300015	Defeat players from other guilds: +@{1} points	Defeat players from other guilds: +@{1} points
13150300014	Kill Monster A +@{1} Points	Kill Monster A +@{1} Points
13150300013	Collect Magic Crystals +@{1} Points	Collect Magic Crystals +@{1} Points
13150300012	^{1}[Faction]^{2}	^{1}[Faction]^{2}
13150300011	^{1}[Event]^{2}	^{1}[Event]^{2}
13150300010	^{1}[Guide]^{2}	^{1}[Guide]^{2}
13150300009	^{1}[Hidden]^{2}	^{1}[Hidden]^{2}
13150300008	^{1}[Side Quest]^{2}	^{1}[Side Quest]^{2}
13150300007	^{1}[Conquest]^{2}	^{1}[Conquest]^{2}
13150300006	^{1}[Job Advance]^{2}	^{1}[Job Advance]^{2}
13150300005	^{1}[Main Quest]^{2}	^{1}[Main Quest]^{2}
13150300004	^{1}[Commission]^{2}	^{1}[Commission]^{2}
13150300003	^{1}[Horse Racing]^{2}	^{1}[Horse Racing]^{2}
13150300002	^{1}[Instance]^{2}	^{1}[Instance]^{2}
13150300001	^{1}[War of Emperium]^{2}	^{1}[War of Emperium]^{2}
13150300000	^{1}[Adventure Group]^{2}	^{1}[Adventure Group]^{2}
13150100642	Oak Inn	Oak Inn
13150100614	Nail of Order	Nail of Order
13150100012	^{1}Wedding Crashers^{2}	^{1}Wedding Crashers^{2}
13150100011	^{1}Whale's Back Slide^{2}	^{1}Whale's Back Slide^{2}
13150100010	^{1}Boneyard^{2}	^{1}Boneyard^{2}
13150100009	^{1}Courtyard of Chaos^{2}	^{1}Courtyard of Chaos^{2}
13150100008	^{1}Above the Sea of Clouds^{2}	^{1}Above the Sea of Clouds^{2}
13150100007	^{1}Temple of Melody^{2}	^{1}Temple of Melody^{2}
10900000000	Appearance Rankings	Appearance Rankings
10900000001	Fashion Rating	Fashion Rating
10900000002	Weapon Rankings	Weapon Rankings
10900000003	Equipment	Equipment
10900000004	Survivor Battle	Survivor Battle
10900000005	Rankings	Rankings
10900000006	Overall	Overall
10900000007	Kill Ranking	Kill Ranking
10900000008	Weekly Rankings	Weekly Rankings
10900000009	Win Rankings	Win Rankings
10900000010	Spirit Tower Rankings	Spirit Tower Rankings
10900000011	Guild Rankings	Guild Rankings
10900000012	Guild Prestige	Guild Prestige
10900000013	Guild Activity	Guild Activity
10900000014	Guild GvE	Guild GvE
10900000015	Hall of Fame	Hall of Fame
10900000016	Dragon Coffin Island	Dragon Coffin Island
10900000017	Weekly	Weekly
10900000018	Dummy Challenge	Dummy Challenge
10900000019	Overall	Overall
10900000020	Swordsmen	Swordsmen
10900000021	Archers	Archers
10900000022	Acolytes	Acolytes
10900000023	Thieves	Thieves
10900000024	Merchants	Merchants
10900000025	Mages	Mages
13140000006	Normal Caravan	Normal Caravan
13140000005	Elite Treasure Cart	Elite Treasure Cart
13140000004	Teleport Station	Teleport Station
13140000003	Outpost	Outpost
13140000002	Repair Station	Repair Station
13140000001	Cargo Delivery Point	Cargo Delivery Point
13140000000	Cargo Pickup Point	Cargo Pickup Point
13100000055	Transform into a Wave	Transform into a Wave
13100000054	Battlefield Skill	Battlefield Skill
13100000053	Revive Protection Effect	Revive Protection Effect
13100000052	Starting Invincible Effect	Starting Invincible Effect
13100000051	Transform into Flame Tornado	Transform into Flame Tornado
13100000050	Invincible Out of Combat	Invincible Out of Combat
13100000049	Invincible and Untargetable by Enemies	Invincible and Untargetable by Enemies
13100000048	Invincible and Untargetable by Enemies or Allies	Invincible and Untargetable by Enemies or Allies
13100000047	Suffocation	Suffocation
13100000046	Type:	Type:
13100000045	Settlement	Settlement
13100000044	Item Healing Disabled	Item Healing Disabled
13100000043	Item Use Disabled	Item Use Disabled
13100000042	Recreational Mount Riding	Recreational Mount Riding
13100000041	Immobilize and Disable Skills	Immobilize and Disable Skills
13100000040	Crystal Burst	Crystal Burst
13100000039	Flying	Flying
13100000038	Forced Stun	Forced Stun
13100000037	Forced Petrify	Forced Petrify
13100000036	Forced Freeze	Forced Freeze
13100000035	Forced Knockback	Forced Knockback
13100000034	Forced Launch	Forced Launch
13100000033	On Cannon	On Cannon
13100000032	Masked	Masked
13100000031	Facing	Facing
13100000030	Cast Interruption Immunity	Cast Interruption Immunity
13100000029	Meditate	Meditate
13100000028	Spectating	Spectating
13100000027	Vehicle State	Vehicle State
13100000026	Interaction	Interaction
13100000025	Untargetable by Allies	Untargetable by Allies
13100000024	Untargetable	Untargetable
13100000023	Invincible	Invincible
13100000022	Debuff Immunity	Debuff Immunity
13100000021	Immunity	Immunity
13100000020	Endure	Endure
13100000019	Immobilize	Immobilize
13100000018	Silence	Silence
13100000017	Sleep	Sleep
13100000016	Stun	Stun
13100000015	Prepare Emote/Action	Prepare Emote/Action
13100000014	Battle Status	Battle Status
13100000013	Skill Casting	Skill Casting
13100000012	Emote/Action	Emote/Action
13100000011	Idle	Idle
13100000010	Petrify	Petrify
13100000009	Frozen	Frozen
13100000008	Skill Use Disabled	Skill Use Disabled
13100000007	Movement Disabled	Movement Disabled
13100000006	Knockback Immunity	Knockback Immunity
13100000005	War Machine	War Machine
13100000004	Skill Movement	Skill Movement
13100000003	Knockback	Knockback
13100000002	Knock-Up	Knock-Up
13100000001	Stealth	Stealth
13100000000	Stagger	Stagger
12930100005	Description of the World's Greatest Lute	Description of the World's Greatest Lute
12930100004	Description of the Alliance Ballista	Description of the Alliance Ballista
12930100003	Description of the Undead Rapid-Fire Cannon	Description of the Undead Rapid-Fire Cannon
12930100002	Description of the Dwarven Bone Flute	Description of the Dwarven Bone Flute
12930100001	Description of the Sylvanas Statue	Description of the Sylvanas Statue
12930100000	Description of the Karazhan Harp	Description of the Karazhan Harp
12860000000	Choco	Choco
12610000063	Magic-Breaking Power - Orange	Magic-Breaking Power - Orange
12610000062	Siegebreaker's Power - Orange	Siegebreaker's Power - Orange
12610000061	Arcane Power - Orange	Arcane Power - Orange
12610000060	War God's Power - Orange	War God's Power - Orange
12610000059	Magic-Breaking Power - Purple	Magic-Breaking Power - Purple
12610000058	Siegebreaker's Power - Purple	Siegebreaker's Power - Purple
12610000057	Arcane Power - Purple	Arcane Power - Purple
12610000056	War God's Power - Purple	War God's Power - Purple
12610000055	Magic-Breaking Power - Blue	Magic-Breaking Power - Blue
12610000054	Siegebreaker's Power - Blue	Siegebreaker's Power - Blue
12610000053	Arcane Power - Blue	Arcane Power - Blue
12610000052	War God's Power - Blue	War God's Power - Blue
12610000051	Magic-Breaking Power - Green	Magic-Breaking Power - Green
12610000050	Siegebreaker's Power - Green	Siegebreaker's Power - Green
12610000049	Arcane Power - Green	Arcane Power - Green
12610000048	War God's Power - Green	War God's Power - Green
12610000047	Magic-Warding Power - Orange	Magic-Warding Power - Orange
12610000046	Bulwark's Power - Orange	Bulwark's Power - Orange
12610000045	Oak's Power - Orange	Oak's Power - Orange
12610000044	Magic-Warding Power - Purple	Magic-Warding Power - Purple
12610000043	Bulwark's Power - Purple	Bulwark's Power - Purple
12610000042	Oak's Power - Purple	Oak's Power - Purple
12610000041	Magic-Warding Power - Blue	Magic-Warding Power - Blue
12610000040	Bulwark's Power - Blue	Bulwark's Power - Blue
12610000039	Oak's Power - Blue	Oak's Power - Blue
12610000038	Magic-Warding Power - Green	Magic-Warding Power - Green
12610000037	Bulwark's Power - Green	Bulwark's Power - Green
12610000036	Oak's Power - Green	Oak's Power - Green
12610000035	Emerald · Realm-Warding Power	Emerald · Realm-Warding Power
12610000034	Azure · Realm-Warding Power	Azure · Realm-Warding Power
12610000033	Golden · Realm-Warding Power	Golden · Realm-Warding Power
12610000032	Crimson · Realm-Warding Power	Crimson · Realm-Warding Power
12610000031	Emerald · Realm-Breaking Power	Emerald · Realm-Breaking Power
12610000030	Azure · Realm-Breaking Power	Azure · Realm-Breaking Power
12610000029	Golden · Realm-Breaking Power	Golden · Realm-Breaking Power
12610000028	Crimson · Realm-Breaking Power	Crimson · Realm-Breaking Power
12610000027	Life Percentage - Orange	Life Percentage - Orange
12610000026	Destiny's Power - Orange	Destiny's Power - Orange
12610000025	Hummingbird's Power - Orange	Hummingbird's Power - Orange
12610000024	Ymir's Power - Orange	Ymir's Power - Orange
12610000023	Mountain's Power - Orange	Mountain's Power - Orange
12610000022	Hawkeye's Power - Orange	Hawkeye's Power - Orange
12610000021	Giant's Power - Orange	Giant's Power - Orange
12610000020	Life Percentage - Purple	Life Percentage - Purple
12610000019	Destiny's Power - Purple	Destiny's Power - Purple
12610000018	Hummingbird's Power - Purple	Hummingbird's Power - Purple
12610000017	Ymir's Power - Purple	Ymir's Power - Purple
12610000016	Mountain's Power - Purple	Mountain's Power - Purple
12610000015	Hawkeye's Power - Purple	Hawkeye's Power - Purple
12610000014	Giant's Power - Purple	Giant's Power - Purple
12610000013	Life Percentage - Blue	Life Percentage - Blue
12610000012	Power of Fate - Blue	Power of Fate - Blue
12610000011	Hummingbird's Power - Blue	Hummingbird's Power - Blue
12610000010	Power of Ymir - Blue	Power of Ymir - Blue
12610000009	Power of the Mountains-Blue	Power of the Mountains-Blue
12610000008	Power of Eagle Eye - Blue	Power of Eagle Eye - Blue
12610000007	Giant's Strength-Blue	Giant's Strength-Blue
12610000006	Life Percentage - Green	Life Percentage - Green
12610000005	Power of Fate - Green	Power of Fate - Green
12610000004	Power of the Hummingbird - Green	Power of the Hummingbird - Green
12610000003	Ymir's Power - Green	Ymir's Power - Green
12610000002	Power of the Mountains - Green	Power of the Mountains - Green
12610000001	Eagle Eye Power-Green	Eagle Eye Power-Green
12610000000	Giant's Strength - Green	Giant's Strength - Green
12520100003	Mysterious Arrival	Mysterious Arrival
12520100002	Bonfire Party	Bonfire Party
12520100001	Party Preparations	Party Preparations
12520100000	Party Assembly	Party Assembly
10220200732	Hard Ironwood	Hard Ironwood
10220200731	Sturdy Timber	Sturdy Timber
10220200730	Lightweight Timber	Lightweight Timber
10220200729	Common Timber	Common Timber
10220200728	Divine Silk Vine	Divine Silk Vine
10220200727	Spirit Silk Flower	Spirit Silk Flower
10220200726	Mossgrass	Mossgrass
10220200725	Cotton	Cotton
10220200724	Wild Hemp Vine	Wild Hemp Vine
10220200723	Meteorite Ore	Meteorite Ore
10220200722	Radiant Gold Ore	Radiant Gold Ore
10220200721	Mithril Ore	Mithril Ore
10220200720	Coal	Coal
10220200719	Iron Ore	Iron Ore
10220200718	High-Tenacity Sacred Armor Plate	High-Tenacity Sacred Armor Plate
10220200717	Sacred Armor Plate	Sacred Armor Plate
10220200716	Reinforced Armor Plate	Reinforced Armor Plate
12370000001	Apprentice	Apprentice
12370000002	Journeyman	Journeyman
12370000003	Expert	Expert
12370000004	Moonlit Challenger	Moonlit Challenger
12370000005	Grandmaster	Grandmaster
12370100000	A beginner who has just entered the trade and is still unfamiliar with its materials and tools. No Craft Slots are unlocked yet, so only basic techniques can be used for Easy crafting.	A beginner who has just entered the trade and is still unfamiliar with its materials and tools. No Craft Slots are unlocked yet, so only basic techniques can be used for Easy crafting.
12380000008	Gathering Expert - Horticulture	Gathering Expert - Horticulture
12500000004	Cow Cow Cow Cow Cow	Cow Cow Cow Cow Cow
12500000003	Cow Cow Cow Cow	Cow Cow Cow Cow
12500000002	Niu Niu Niu	Niu Niu Niu
12500000001	Niuniu	Niuniu
12500000000	Cow	Cow
12430500041	START_WITH_PC_LAUNCHER	START_WITH_PC_LAUNCHER
12430500040	DOWNLOADING_TITLE	DOWNLOADING_TITLE
12430500039	PATCH_LOAD_REMOTE_CONFIG_ERROR_ENTER_OFFLINE_MODE	PATCH_LOAD_REMOTE_CONFIG_ERROR_ENTER_OFFLINE_MODE
12430500038	PATCH_ANALYZING_COMPLETE	PATCH_ANALYZING_COMPLETE
12430500037	PATCH_ANALYZING_FILES	PATCH_ANALYZING_FILES
12430500036	PATCH_REPLACE_FILE_ERROR	PATCH_REPLACE_FILE_ERROR
12430500035	PATCH_DISABLE_SO_FILES_TIPS	PATCH_DISABLE_SO_FILES_TIPS
12430500034	PATCH_CLIENT_FILE_MISSING_TIPS_@{1}	PATCH_CLIENT_FILE_MISSING_TIPS_@{1}
12430500033	PATCH_CLIENT_FILE_MISSING_TIPS	PATCH_CLIENT_FILE_MISSING_TIPS
12430500032	NETWORK_ERROR	NETWORK_ERROR
12430500031	PATCH_WRITE_FILE_ERROR	PATCH_WRITE_FILE_ERROR
12430500030	PATCH_INSUFFICIENT_DEVICE_STORAGE_SPACE_ERROR	PATCH_INSUFFICIENT_DEVICE_STORAGE_SPACE_ERROR
12430500029	PATCH_DOWNLOAD_FILE_ERROR	PATCH_DOWNLOAD_FILE_ERROR
12430500028	PATCH_LOAD_REMOTE_CONFIG_ERROR	PATCH_LOAD_REMOTE_CONFIG_ERROR
12430500027	PATCH_ERROR_AND_SKIP_TIPS	PATCH_ERROR_AND_SKIP_TIPS
12430500026	PATCH_BUILD_CHECK_SUM_REMOTE_ERROR	PATCH_BUILD_CHECK_SUM_REMOTE_ERROR
12430500025	PATCH_AUDIO_BUTTON	PATCH_AUDIO_BUTTON
12430500024	LOAD_REMOTE_CONFIG_SUB_MSG	LOAD_REMOTE_CONFIG_SUB_MSG
12430500023	LOAD_REMOTE_CONFIG_MAIN_MSG	LOAD_REMOTE_CONFIG_MAIN_MSG
12430500022	MINIENGINE_LESS_THAN_REMOTE_ERROR_WIN	MINIENGINE_LESS_THAN_REMOTE_ERROR_WIN
12430500021	MINIENGINE_LESS_THAN_REMOTE_ERROR	MINIENGINE_LESS_THAN_REMOTE_ERROR
12430500020	PATCH_CHECK_INFO	PATCH_CHECK_INFO
12430500019	PATCH_NOT_WIFI_TIPS	PATCH_NOT_WIFI_TIPS
12430500018	PATCH_PROGRESS_FORMAT@{1}S	PATCH_PROGRESS_FORMAT@{1}S
12430500017	PATCH_PROGRESS_FORMAT@{1}M	PATCH_PROGRESS_FORMAT@{1}M
12430500016	PATCH_PROGRESS_FORMAT@{1}H	PATCH_PROGRESS_FORMAT@{1}H
12430500015	PATCH_PROGRESS_FORMAT	PATCH_PROGRESS_FORMAT
12430500014	PATCH_REPAIR_CLIENT_TIPS_IOS	PATCH_REPAIR_CLIENT_TIPS_IOS
12430500013	PATCH_REPAIR_CLIENT_TIPS	PATCH_REPAIR_CLIENT_TIPS
12430500012	PATCH_REPAIR_CLIENT_FINISH_ANDROID_TIPS	PATCH_REPAIR_CLIENT_FINISH_ANDROID_TIPS
12430500011	PATCH_REPAIR_CLIENT_FINISH_TIPS	PATCH_REPAIR_CLIENT_FINISH_TIPS
12430500010	PATCH_REPAIR_CLIENT_BUTTON	PATCH_REPAIR_CLIENT_BUTTON
12430500009	PATCH_RESTART_TIPS@{1}	PATCH_RESTART_TIPS@{1}
12430500008	PATCH_RESTART_TIPS	PATCH_RESTART_TIPS
12430500007	REMOTE_GAME_VERSION_FORMAT	REMOTE_GAME_VERSION_FORMAT
12430500006	LOCAL_GAME_VERSION_FORMAT	LOCAL_GAME_VERSION_FORMAT
12430500005	BTN_RESTART	BTN_RESTART
12430500004	BTN_IGNORE	BTN_IGNORE
12430500003	BTN_QUIT	BTN_QUIT
12430500002	BTN_RETRY	BTN_RETRY
12430500001	BTN_CANCEL	BTN_CANCEL
12430500000	BTN_OK	BTN_OK
12390200005	Complete Season Trophy E	Complete Season Trophy E
12390200004	Complete Season Trophy D	Complete Season Trophy D
12390200003	Complete Season Trophy C	Complete Season Trophy C
12390200002	Complete Season Trophy B	Complete Season Trophy B
12390200001	Complete Season Trophy A	Complete Season Trophy A
12390200000	@{1}	@{1}
12390100816	No Translation Required	No Translation Required
12390100793	Test Name Card@{1}-Permanent	Test Name Card@{1}-Permanent
12380000000	Energy-Efficient Gathering	Energy-Efficient Gathering
12380000001	Focused Gathering	Focused Gathering
12380000002	Advanced Gathering - Mining	Advanced Gathering - Mining
12380000003	Advanced Gathering - Logging	Advanced Gathering - Logging
12380000004	Advanced Gathering - Horticulture	Advanced Gathering - Horticulture
12380000005	Expert Forager	Expert Forager
12380000006	Gathering Expert - Mining	Gathering Expert - Mining
12380000007	Gathering Expert - Logging	Gathering Expert - Logging
12380000031	Enhanced Crafting - Tailoring	Enhanced Crafting - Tailoring
12380000032	Crafting Moonlit Challenger - Forging	Crafting Moonlit Challenger - Forging
12380000033	Crafting Moonlit Challenger - Carving	Crafting Moonlit Challenger - Carving
12380000034	Crafting Moonlit Challenger - Tailoring	Crafting Moonlit Challenger - Tailoring
12380000035	Material Recovery	Material Recovery
12380000036	Rapid Crafting	Rapid Crafting
12380000037	Growth Crafting	Growth Crafting
12380000038	Golden Touch	Golden Touch
12380000039	Lossless Crafting	Lossless Crafting
12380000040	Cost-Free Crafting	Cost-Free Crafting
12380000041	Crafting Set	Crafting Set
12380000042	Vivify Multiplier	Vivify Multiplier
12380000043	Harvest	Harvest
12380000044	Life Skill Moonlit Challenger	Life Skill Moonlit Challenger
12380000045	Life Skill Grandmaster	Life Skill Grandmaster
12380000046	Life Skill Expert	Life Skill Expert
12380000047	Life Skill Adept	Life Skill Adept
12380000048	Peak Productivity	Peak Productivity
12380000049	Skill Ascension	Skill Ascension
12380000050	Emergency Recovery	Emergency Recovery
12380000051	Enhanced Potency	Enhanced Potency
12380000052	One for Many	One for Many
10500100000	Growth@{1}	Growth@{1}
10500100001	Gameplay@{1}	Gameplay@{1}
10500100002	Connect@{1}	Connect@{1}
10500100003	Appearance @{1}	Appearance @{1}
10500100004	Basic @{1}	Basic @{1}
10500100005	Server@{1}	Server@{1}
10560000000	${1} approved ${2}'s application to Join a guild. Welcome, ${2}!	${1} approved ${2}'s application to Join a guild. Welcome, ${2}!
10560000001	Unfortunately, ${1} has left the guild.	Unfortunately, ${1} has left the guild.
10560000002	${1} removed ${2} from the guild.	${1} removed ${2} from the guild.
10560000003	${1} changed ${2}'s position from ${3} to ${4}.	${1} changed ${2}'s position from ${3} to ${4}.
10560000004	${1}'s position changed from ${2} to xxx (Deprecated)	${1}'s position changed from ${2} to xxx (Deprecated)
10560000005	${1} transferred guild leadership to ${2}.	${1} transferred guild leadership to ${2}.
10560000006	${1} successfully impeached Guild Leader ${2} and became the new Guild Leader.	${1} successfully impeached Guild Leader ${2} and became the new Guild Leader.
10560000007	${1} joined the guild. Welcome, welcome!	${1} joined the guild. Welcome, welcome!
10560000008	The guild spent ${1} Guild Funds to Level-up building ${2} to Lv. ${3}.	The guild spent ${1} Guild Funds to Level-up building ${2} to Lv. ${3}.
10560000009	${1} spent ${2} Guild Contribution to Level-up the ${3} building to Lv. ${4}.	${1} spent ${2} Guild Contribution to Level-up the ${3} building to Lv. ${4}.
10560000010	${1} spent ${2} Guild Supplies to Level-up the ${3} effect.	${1} spent ${2} Guild Supplies to Level-up the ${3} effect.
10560000011	${1} spent ${2} Guild Supplies to activate the ${4} strategy for ${3}.	${1} spent ${2} Guild Supplies to activate the ${4} strategy for ${3}.
10560000012	${1} spent ${2} Guild Funds to purchase ${3} × ${4}.	${1} spent ${2} Guild Funds to purchase ${3} × ${4}.
10560000013	${1}, ${2}, and ${3} founded the guild together. This is where the dream begins!	${1}, ${2}, and ${3} founded the guild together. This is where the dream begins!
12150100000	(Special Blessing) Activate to view its effects	(Special Blessing) Activate to view its effects
250001	Level-up is only available after all prerequisite talent nodes reach Max level.	Level-up is only available after all prerequisite talent nodes reach Max level.
250002	Reach Lv. ${1} to Level-up	Reach Lv. ${1} to Level-up
250003	Stat Overview	Stat Overview
250004	Lv. ${1}	Lv. ${1}
250005	Talent attributes will reset when the Season changes.	Talent attributes will reset when the Season changes.
250006	Level-up	Level-up
250007	Cost	Cost
250014	Max level	Max level
250015	Goddess's Movement	Goddess's Movement
250016	Complete Music Energy objectives during the event. Fill the progress bar to make a Wish to the Goddess and earn tons of rewards.	Complete Music Energy objectives during the event. Fill the progress bar to make a Wish to the Goddess and earn tons of rewards.
250017	Performed	Performed
250018	Go Perform	Go Perform
250019	Claim	Claim
250020	Accumulated Rewards	Accumulated Rewards
250021	Wish Preview	Wish Preview
250022	<color=#fffefc><size=32>Entire Server's Total Music Energy:</size></color>	<color=#fffefc><size=32>Entire Server's Total Music Energy:</size></color>
250023	Entire Server Total Energy	Entire Server Total Energy
250024	Once the energy is full, you can make a Wish to the Goddess.	Once the energy is full, you can make a Wish to the Goddess.
250025	Energy is full! Tap the note to make a Wish!	Energy is full! Tap the note to make a Wish!
250026	Prelude I: Song of the Deep Sea	Prelude I: Song of the Deep Sea
250027	Prelude II: Solar Leap	Prelude II: Solar Leap
250028	Prelude III · Vigil of the Eternal Night	Prelude III · Vigil of the Eternal Night
250029	Prelude IV: Infinite Harmony	Prelude IV: Infinite Harmony
250030	Wish	Wish
250031	Wish change limit before the event ends: N/A	Wish change limit before the event ends: N/A
250032	Current Wish	Current Wish
250033	Confirm	Confirm
250034	The time has not yet come for your wish to be granted.	The time has not yet come for your wish to be granted.
250035	Please choose a wish	Please choose a wish
250036	Save Selection	Save Selection
250037	Obtained through a Clue event	Obtained through a Clue event
250038	Tap a note button to change its note. Play the correct melody to increase collection progress.	Tap a note button to change its note. Play the correct melody to increase collection progress.
250039	Goddess's Hint	Goddess's Hint
250040	Play Music	Play Music
250041	Tap to continue	Tap to continue
250042	Performance Successful	Performance Successful
250043	View	View
250044	Awaiting Performance	Awaiting Performance
250045	Goddess's Overture II	Goddess's Overture II
250046	Cannot claim before check-in time	Cannot claim before check-in time
250047	Overture I rings out as ${1} successfully contributes music energy	Overture I rings out as ${1} successfully contributes music energy
250048	${1} completes Overture I, increasing music energy for the Entire Server	${1} completes Overture I, increasing music energy for the Entire Server
250049	A beautiful melody rings out as ${1} successfully performs Overture II	A beautiful melody rings out as ${1} successfully performs Overture II
250050	Thanks to ${1}, Overture II rings out once more	Thanks to ${1}, Overture II rings out once more
250051	${1} performs Overture III, increasing music energy	${1} performs Overture III, increasing music energy
250052	${1} successfully performs the beautiful movement of Overture III	${1} successfully performs the beautiful movement of Overture III
250053	${1} completes Overture IV, performing an incomparable movement	${1} completes Overture IV, performing an incomparable movement
250054	Music energy increases as ${1} completes Overture IV	Music energy increases as ${1} completes Overture IV
250055	Distance until S1 Season officially begins: <color=#ede79d><size=72>${1}</size></color> days	Distance until S1 Season officially begins: <color=#ede79d><size=72>${1}</size></color> days
250056	Distance until S1 Season officially begins: <color=#ede79d><size=72>${1}</size></color> hours	Distance until S1 Season officially begins: <color=#ede79d><size=72>${1}</size></color> hours
250057	Distance until S1 Season officially begins: <color=#ede79d><size=72>${1}</size></color> minutes	Distance until S1 Season officially begins: <color=#ede79d><size=72>${1}</size></color> minutes
250058	<color=#ede79d>${1}</color>	<color=#ede79d>${1}</color>
250059	<color=#97e553>${1}</color>	<color=#97e553>${1}</color>
250060	You can only faintly make out note ${1}	You can only faintly make out note ${1}
250061	Unlocks <color=#76c233>Tomorrow</color>	Unlocks <color=#76c233>Tomorrow</color>
250062	Unlocks in <color=#76c233>${1}</color>	Unlocks in <color=#76c233>${1}</color>
250063	This movement has not started yet	This movement has not started yet
250064	Select all notes before you begin playing	Select all notes before you begin playing
250065	(Collected)	(Collected)
250066	Goddess's Overture I	Goddess's Overture I
250067	Goddess's Overture II	Goddess's Overture II
250068	Goddess's Overture III	Goddess's Overture III
250069	Goddess's Overture IV	Goddess's Overture IV
250075	Unlocks when total Talent Lv. reaches ${1}	Unlocks when total Talent Lv. reaches ${1}
250079	The Clue is nearby. Search carefully!	The Clue is nearby. Search carefully!
250080	Stats	Stats
250081	Job Talents	Job Talents
250082	Tap to activate when all prerequisite Talents reach Max level	Tap to activate when all prerequisite Talents reach Max level
250083	Available Branches	Available Branches
250084	Select	Select
250085	Replace	Replace
250086	In Effect	In Effect
250087	Please select a Job Talent	Please select a Job Talent
250088	Confirm	Confirm
250089	Current Max level reached	Current Max level reached
250090	<color=#c27b47>${1}</color>/${2}	<color=#c27b47>${1}</color>/${2}
250091	Suggested Build: ${1}	Suggested Build: ${1}
12040000000	Stellar Matrix	Stellar Matrix
12040000001	Oracle Star Chain	Oracle Star Chain
12040000002	Spacetime Star Ring	Spacetime Star Ring
12390100011	Season Settlement Placeholder	Season Settlement Placeholder
12390001814	Kitty's Charge	Kitty's Charge
12390001813	Master of the Game	Master of the Game
12390001812	Academy Journal	Academy Journal
12390001811	Academy Journal: Recess	Academy Journal: Recess
12390001810	Afternoon Stroll	Afternoon Stroll
12390001809	Afternoon Stroll · Warm Sunshine	Afternoon Stroll · Warm Sunshine
12390001808	Dinner Date	Dinner Date
12390001807	Banquet Invitation · Light	Banquet Invitation · Light
13690000000	A Rest Beneath the Statue	A Rest Beneath the Statue
13690000001	Hymn Before the Church	Hymn Before the Church
13690000002	A Traveler's Rest	A Traveler's Rest
13690000003	The Rustle of Turning Pages	The Rustle of Turning Pages
13690000004	The Lone Pine at the South Gate	The Lone Pine at the South Gate
13690000005	Floral Scent by the West Gate	Floral Scent by the West Gate
13690000006	Flowing Water at the North Entrance	Flowing Water at the North Entrance
13690000007	Sentinel of Spikes	Sentinel of Spikes
13690000008	The Wind Gazing Toward the High Branches	The Wind Gazing Toward the High Branches
13690000009	Listening to the Oasis Waters	Listening to the Oasis Waters
13690000010	The Bustle by the Bar	The Bustle by the Bar
13690000011	The Scent of Fruit in the Tent	The Scent of Fruit in the Tent
13690000012	The Concealed Arrowhead	The Concealed Arrowhead
13690000013	Cracking Beneath the Stone Pillar	Cracking Beneath the Stone Pillar
13690000014	The View Behind the Tower	The View Behind the Tower
13690000015	A Rest in the Shade	A Rest in the Shade
13690000016	Cries Beside the Stall	Cries Beside the Stall
13690000017	Faint Light Beyond the Window	Faint Light Beyond the Window
13690000018	Glory Before the Tower	Glory Before the Tower
13690000019	A Stall by the Wall	A Stall by the Wall
13690000020	The Crossing Below the Steps	The Crossing Below the Steps
13690000021	Laughter Around the Wooden Tables	Laughter Around the Wooden Tables
13690000022	Beneath the Majestic Stone Statue	Beneath the Majestic Stone Statue
13690000023	The Sound of an Arrow Piercing a Wooden Target	The Sound of an Arrow Piercing a Wooden Target
13690000024	Gazing Up at the Twin Axes	Gazing Up at the Twin Axes
13690000025	The Terrace of Fluttering Curtains	The Terrace of Fluttering Curtains
13690000026	Thunderous Hammering	Thunderous Hammering
13690000027	A Corner of the General Store	A Corner of the General Store
12390001778	Fish In Mouth	Fish In Mouth
12390001777	Pipe	Pipe
12390001776	Angry Snarl	Angry Snarl
12390001775	Angel Wing Earrings	Angel Wing Earrings
12390001774	Evil Wing Ears	Evil Wing Ears
12390001773	Goblin Leader Mask	Goblin Leader Mask
12390001772	Prank Mask	Prank Mask
12390001771	Rune Crown	Rune Crown
12390001770	Night Thorn	Night Thorn
12390001769	Fox Mask	Fox Mask
12390001768	Poo Poo Hat	Poo Poo Hat
12390001767	Sun God Helmet	Sun God Helmet
12390001766	Starfish Hairpin	Starfish Hairpin
12390001765	Vampire Hairpin	Vampire Hairpin
12390001764	Moonlight Flower Hat	Moonlight Flower Hat
12390001763	Majestic Goat	Majestic Goat
12390001762	Jewel Crown	Jewel Crown
12390001761	Pointed Horn Headband	Pointed Horn Headband
12390001760	Sphinx Hat	Sphinx Hat
12390001759	Crown	Crown
12390001758	Golden Coronet	Golden Coronet
12390001757	Pirate Captain's Hat	Pirate Captain's Hat
12390001756	Grand Circlet	Grand Circlet
12390001755	Tiara	Tiara
12390001754	Helmet of Orc Hero	Helmet of Orc Hero
12390001753	Evil Wing	Evil Wing
12390001752	Golden Headwear	Golden Headwear
12390001751	Angel Wing	Angel Wing
12390001750	Student Backpack	Student Backpack
12390001749	Grand Voyage	Grand Voyage
12390001748	Old Television	Old Television
12390001747	Fluffy Tail	Fluffy Tail
12390001746	Flame Scarf	Flame Scarf
12390001745	Baby Pacifier	Baby Pacifier
12390001744	Toast	Toast
12390001743	Lucky Clover	Lucky Clover
12390001742	Romantic Leaf	Romantic Leaf
12390001741	Sweet Candy	Sweet Candy
12390001740	Clown Nose	Clown Nose
12390001739	Lovely Sleep Mask	Lovely Sleep Mask
12390001738	Small Ribbons	Small Ribbons
12390001737	Blush	Blush
12390001736	Smiling Mask	Smiling Mask
12390001735	Spinning Eyes	Spinning Eyes
12390001734	Eye Patch	Eye Patch
12390001733	Urgent Treatment Needed	Urgent Treatment Needed
12390001732	Black Cat Ears	Black Cat Ears
12390001731	Sage's Stone Helm	Sage's Stone Helm
12390001730	Banana Hat	Banana Hat
12390001729	Theater Hat	Theater Hat
12390001728	Apple Headwear	Apple Headwear
12390001727	Deviruchi Hat	Deviruchi Hat
12390001726	Nurse Cap	Nurse Cap
12390001725	Drooping Cat	Drooping Cat
12390001724	Playful Lace Kitty Headband	Playful Lace Kitty Headband
12390001723	Goggles	Goggles
12390001722	Feather Bonnet	Feather Bonnet
12390001721	Bunny Hair Band	Bunny Hair Band
12390001720	Grand Peco Hair Accessory	Grand Peco Hair Accessory
12390001719	Chicken Beak	Chicken Beak
12390001718	White Beard	White Beard
12390001717	Blinker	Blinker
12390001716	Sunglasses	Sunglasses
12390001715	Student's Cap	Student's Cap
12390001714	Mage's Hat	Mage's Hat
12390001713	Army Cap	Army Cap
12390001712	Egg Shell	Egg Shell
12390001711	Bread Bag Hat	Bread Bag Hat
12390001710	Fruit Peel Hat	Fruit Peel Hat
12390001709	Parting Gift	Parting Gift
12390001708	Sword of Victory	Sword of Victory
12390001707	Endless Golden Ring	Endless Golden Ring
12390001706	Mead of Inspiration	Mead of Inspiration
12390001705	Dragonslayer	Dragonslayer
12390001704	Hunting Season	Hunting Season
12390001703	The Hanged Man	The Hanged Man
12390001702	Fountain of Wisdom	Fountain of Wisdom
12390001701	Chains of Deceit	Chains of Deceit
12390001700	Flames of Inquisition	Flames of Inquisition
12390001699	Tree of Life	Tree of Life
12390001698	Supreme Throne	Supreme Throne
12390001697	Sun-Devouring Wolf	Sun-Devouring Wolf
12390001696	Wandering Elder	Wandering Elder
12390001695	Disguise Trick	Disguise Trick
12390001694	War God's Raiment	War God's Raiment
12390001693	Gungnir	Gungnir
12390001692	Divine Goat's Milk	Divine Goat's Milk
12390001691	All-Seeing Raven	All-Seeing Raven
12390001690	Ouroboros	Ouroboros
12390001689	Boar's Feast	Boar's Feast
12390001688	Eight-Legged Steed	Eight-Legged Steed
12390001687	Runic Fang	Runic Fang
12390001686	Honeyed Antlers	Honeyed Antlers
12390001685	Horn of Twilight	Horn of Twilight
12390001684	CRIT DMG Reduction	CRIT DMG Reduction
12390001683	CRIT RES	CRIT RES
12390001682	CRIT DMG	CRIT DMG
12390001681	CRIT	CRIT
12390001680	Hunting Protection	Hunting Protection
12390001679	Hunting Mastery	Hunting Mastery
12390001678	DMG Reduction vs All Job	DMG Reduction vs All Job
54048	${1}%	${1}%
54054	Divine Totem	Divine Totem
12390001677	DMG vs All Job	DMG vs All Job
12390001676	Undead Property Resistance	Undead Property Resistance
54069	MAX	MAX
12390001675	Ghost Property Resistance	Ghost Property Resistance
12390001674	Shadow Resistance	Shadow Resistance
12390001673	Holy Resistance	Holy Resistance
12390001672	Poison Resistance	Poison Resistance
12390001671	Water Resistance	Water Resistance
54108	Novice	Novice
12390001670	Fire Resistance	Fire Resistance
12390001669	Earth Property Resistance	Earth Property Resistance
12390001668	Wind Resistance	Wind Resistance
12390001667	Neutral Resistance	Neutral Resistance
12390001666	FLEE	FLEE
12390001665	HIT	HIT
12390001664	Magic Penetration	Magic Penetration
12390001663	Physical Penetration	Physical Penetration
12390001662	Life	Life
12390001661	PDEF	PDEF
12390001660	MDEF	MDEF
12390001659	PATK	PATK
12390001658	MATK	MATK
12390001657	Continuous Shield	Continuous Shield
12390001656	Desperate Defense	Desperate Defense
12390001655	Fortitude Defense	Fortitude Defense
12390001654	Continuous Healing	Continuous Healing
12390001653	Abundant Healing	Abundant Healing
12390001652	Cure	Cure
12390001651	Multi Strike	Multi Strike
12390001650	Abundant Strength	Abundant Strength
12390001649	Vengeful Strength	Vengeful Strength
12390001648	Decapitation	Decapitation
12390001647	Magic Reverberation	Magic Reverberation
12390001646	Abundant Magic	Abundant Magic
12390001645	Vengeful Magic	Vengeful Magic
12390001644	Terminate	Terminate
12390001643	Healing Amplification	Healing Amplification
12390001642	DEF Boost	DEF Boost
12390001641	Ranged Amplification	Ranged Amplification
12390001640	Melee Amplification	Melee Amplification
12390001639	Magic Amplification	Magic Amplification
12390001638	Healing Cap	Healing Cap
12390001637	Defense Cap	Defense Cap
12390001636	Physical Damage Cap	Physical Damage Cap
12390001635	Magic Damage Cap	Magic Damage Cap
12390001634	Low-Level Hunting Protection	Low-Level Hunting Protection
12390001633	Basic Hunting Technique	Basic Hunting Technique
12390001632	Low-Tier DMG Reduction vs All Job	Low-Tier DMG Reduction vs All Job
12390001631	Low-Tier DMG vs All Job	Low-Tier DMG vs All Job
12390001630	Low-Tier Undead Resistance	Low-Tier Undead Resistance
12390001629	Minor Ghost Property Resistance	Minor Ghost Property Resistance
12390001628	Minor Shadow Resistance	Minor Shadow Resistance
12390001627	Minor Holy Resistance	Minor Holy Resistance
12390001626	Minor Poison Resistance	Minor Poison Resistance
12390001625	Minor Water Resistance	Minor Water Resistance
12390001624	Minor Fire Resistance	Minor Fire Resistance
12390001623	Minor Earth Resistance	Minor Earth Resistance
12390001622	Low Wind Resistance	Low Wind Resistance
12390001621	Low-Tier Neutral Resistance	Low-Tier Neutral Resistance
12390001620	Low-Tier FLEE	Low-Tier FLEE
12390001619	Low-Tier HIT	Low-Tier HIT
12390001618	Low-Tier Magic Penetration	Low-Tier Magic Penetration
12390001617	Low-Tier Physical Penetration	Low-Tier Physical Penetration
12390001616	Low-Tier Life	Low-Tier Life
12390001615	Low-Tier Physical Defense	Low-Tier Physical Defense
12390001614	Low-Tier Magic Defense	Low-Tier Magic Defense
12390001613	Low-Tier Physical Attack	Low-Tier Physical Attack
12390001612	Low-Tier Magic Attack	Low-Tier Magic Attack
12390001611	Low-Tier Continuous Shield	Low-Tier Continuous Shield
12390001610	Low-Tier Last Stand Defense	Low-Tier Last Stand Defense
12390001609	Low-Tier Fortitude Defense	Low-Tier Fortitude Defense
12390001608	Low-Tier Continuous Healing	Low-Tier Continuous Healing
12390001607	Low-Tier Abundant Healing	Low-Tier Abundant Healing
12390001606	Low-Tier First Aid	Low-Tier First Aid
12390001605	Low-Tier Multi Strike	Low-Tier Multi Strike
12390001604	Low-Tier Abundant Strength	Low-Tier Abundant Strength
12390001603	Low-Tier Vengeful Might	Low-Tier Vengeful Might
12390001602	Low-Tier Execution	Low-Tier Execution
12390001601	Low-Tier Magic Echo	Low-Tier Magic Echo
12390001600	Low-Tier Abundant Magic	Low-Tier Abundant Magic
12390001599	Low-Tier Vengeful Magic	Low-Tier Vengeful Magic
12390001598	Low-Tier Terminate	Low-Tier Terminate
12390001597	Holy Fortress	Holy Fortress
12390001596	Momentum Breaker	Momentum Breaker
12390001595	Ice Guardian	Ice Guardian
12390001594	Holy Guard	Holy Guard
12390001593	Nature's Blessing	Nature's Blessing
12390001592	Divine Message	Divine Message
12390001591	Resolve	Resolve
12390001590	Savage Blade	Savage Blade
12390001589	Magic Mark	Magic Mark
12390001588	Magic Blade	Magic Blade
12390001587	Pet Shard: Earth Lord	Pet Shard: Earth Lord
12390001586	Pet Shard: Wind Lord	Pet Shard: Wind Lord
12390001585	Pet Shard: Water Lord	Pet Shard: Water Lord
12390001584	Pet Shard: Fire Lord	Pet Shard: Fire Lord
12390001583	Pet Shard: Vocal	Pet Shard: Vocal
12390001582	Pet Shard: Wild Rose	Pet Shard: Wild Rose
12390001581	Pet Shard: Poring	Pet Shard: Poring
12390001580	Pet Shard: Choco	Pet Shard: Choco
12390001579	Pet Shard: Clock	Pet Shard: Clock
12390001578	Pet Shard: Alice the Maid	Pet Shard: Alice the Maid
12390001577	Pet Shard: Bongun	Pet Shard: Bongun
12390001576	Pet Shard: Squidgitte	Pet Shard: Squidgitte
12390001575	Pet Shard: Forest Fairy	Pet Shard: Forest Fairy
12390001574	Pet Shard: Nepenthes	Pet Shard: Nepenthes
12390001573	Pet Shard: Lava Lizard	Pet Shard: Lava Lizard
12390001572	Pet Shard: Ancient Tree	Pet Shard: Ancient Tree
12390001571	Pet Shard: Garm Baby	Pet Shard: Garm Baby
12390001570	Pet Shard: Fruit Tree Turtle	Pet Shard: Fruit Tree Turtle
12390001569	Pet Shard: Goat	Pet Shard: Goat
12390001568	Pet Shard: Basilisk Scout	Pet Shard: Basilisk Scout
12390001567	Pet Shard: Baphomet Jr.	Pet Shard: Baphomet Jr.
12390001566	Pet Shard: Marionette	Pet Shard: Marionette
12390001565	Pet Shard: Moonlight Flower	Pet Shard: Moonlight Flower
12390001564	Pet Shard: Rainbow Earth Dragon	Pet Shard: Rainbow Earth Dragon
12390001563	Pet Shard: Retribution	Pet Shard: Retribution
12390001562	Pet Shard: Alicel	Pet Shard: Alicel
12390001561	Pet Shard: Sarah Irene	Pet Shard: Sarah Irene
12390001560	Pet Shard: Blood Butterfly	Pet Shard: Blood Butterfly
12390001559	Pet Shard: Piamette	Pet Shard: Piamette
12390001558	Pet Shard: Miguel	Pet Shard: Miguel
12390001557	Pet Shard: Tough Rainbow Nightmare	Pet Shard: Tough Rainbow Nightmare
12390001556	Pet Shard: Bokba	Pet Shard: Bokba
12390001555	Pet Shard: Angeling	Pet Shard: Angeling
12390001554	Pet Shard: Dullahan	Pet Shard: Dullahan
12390001553	Pet Shard: Warrior Lola	Pet Shard: Warrior Lola
12390001552	Pet Shard: Darkhearted Hunter Eve	Pet Shard: Darkhearted Hunter Eve
12390001551	Pet Shard: Watcher	Pet Shard: Watcher
12390001550	Pet Shard: Baby Isis	Pet Shard: Baby Isis
12390001549	Pet Shard: High Orc	Pet Shard: High Orc
12390001548	Pet Shard: Nightmare	Pet Shard: Nightmare
11520300000	A novice practitioner and new Member of the Church, the Praiser Priest Acolyte can use Divine Light on themselves and allies while providing numerous buffs and removing debuffs. They are also highly effective against Undead and Demon monsters.	A novice practitioner and new Member of the Church, the Praiser Priest Acolyte can use Divine Light on themselves and allies while providing numerous buffs and removing debuffs. They are also highly effective against Undead and Demon monsters.
11520300001	A novice practitioner and new Member of the Church, the Exorciser Acolyte can use Divine Light on themselves and allies while providing numerous buffs and removing debuffs. They are also highly effective against Undead and Demon monsters, making them well suited for auto-battle leveling in the field.	A novice practitioner and new Member of the Church, the Exorciser Acolyte can use Divine Light on themselves and allies while providing numerous buffs and removing debuffs. They are also highly effective against Undead and Demon monsters, making them well suited for auto-battle leveling in the field.
11520300002	A core Member of the Church who has begun taking on more practical duties. After mastering basic Divine Light magic, the Praiser Priest gains the ability to Revive allies, use AoE Divine Light, and provide shields. Their AoE buffs are also comprehensively Enhanced, making them a capable healer.	A core Member of the Church who has begun taking on more practical duties. After mastering basic Divine Light magic, the Praiser Priest gains the ability to Revive allies, use AoE Divine Light, and provide shields. Their AoE buffs are also comprehensively Enhanced, making them a capable healer.
11520300003	A core Member of the Church who has begun taking on more practical duties. The Exorciser Priest excels at Holy magic, dealing heavy damage to Undead monsters and making this build a strong choice for Priest auto-battle leveling.	A core Member of the Church who has begun taking on more practical duties. The Exorciser Priest excels at Holy magic, dealing heavy damage to Undead monsters and making this build a strong choice for Priest auto-battle leveling.
11520300004	An advanced cleric of the Church with considerable theological knowledge and administrative experience. The Praiser Priest High Priest further improves their Divine Light and party buffs.	An advanced cleric of the Church with considerable theological knowledge and administrative experience. The Praiser Priest High Priest further improves their Divine Light and party buffs.
11520300005	An advanced cleric of the Church with considerable theological knowledge and administrative experience. The Exorciser High Priest further improves their damage and Holy-element buffs.	An advanced cleric of the Church with considerable theological knowledge and administrative experience. The Exorciser High Priest further improves their damage and Holy-element buffs.
11520300006	A highest-ranking cleric who has mastered extremely advanced divine arts for wide-area recovery and AoE buffs. The Praiser Priest Archbishop gains greatly improved survivability and AoE recovery, as well as the ability to grant allies Respawn.	A highest-ranking cleric who has mastered extremely advanced divine arts for wide-area recovery and AoE buffs. The Praiser Priest Archbishop gains greatly improved survivability and AoE recovery, as well as the ability to grant allies Respawn.
11520300007	A highest-ranking cleric who has mastered extremely advanced Holy magic. The Exorciser Priest gains stronger Holy magic with greater Burst damage, along with AoE crowd control on the battlefield.	A highest-ranking cleric who has mastered extremely advanced Holy magic. The Exorciser Priest gains stronger Holy magic with greater Burst damage, along with AoE crowd control on the battlefield.
11520300008	Deals steady Physical damage with cart attacks.	Deals steady Physical damage with cart attacks.
11520300009	Deals steady Physical damage with cart attacks and provides Buffs that improve the Battle capabilities of both the user and the party.	Deals steady Physical damage with cart attacks and provides Buffs that improve the Battle capabilities of both the user and the party.
11520300010	Can learn High Speed Cart Ram, Cart Boost, and other skills to further Enhance damage and buff capabilities.	Can learn High Speed Cart Ram, Cart Boost, and other skills to further Enhance damage and buff capabilities.
11520300011	As a Madogear Pilot equipped with various cannons, deal ranged Physical damage through both ST and AoE attacks.	As a Madogear Pilot equipped with various cannons, deal ranged Physical damage through both ST and AoE attacks.
11520300012	As a Madogear Pilot equipped with a battle axe, gain exceptional mobility, control, and survivability, allowing you to charge deep into enemy lines and deal explosive Burst damage.	As a Madogear Pilot equipped with a battle axe, gain exceptional mobility, control, and survivability, allowing you to charge deep into enemy lines and deal explosive Burst damage.
11520300013	Sustained high-speed damage and AoE suppression	Sustained high-speed damage and AoE suppression
11520300014	AoE protection and exceptional survivability	AoE protection and exceptional survivability
11520300015	Shoot an arrow to deal damage.	Shoot an arrow to deal damage.
11520300016	They are shooters with perfect aim. Under the attack of arrows and their falcons, no enemy can withstand long, not to mention to fight back.	They are shooters with perfect aim. Under the attack of arrows and their falcons, no enemy can withstand long, not to mention to fight back.
11520300017	Unleash Sharp Shooting for piercing damage	Unleash Sharp Shooting for piercing damage
11520300018	Unleash Aimed Bolt for piercing damage	Unleash Aimed Bolt for piercing damage
11520300019	Summon a Demonic Wolf to Fight Alongside you	Summon a Demonic Wolf to Fight Alongside you
11520300020	AGI Swordsman can deliver rapid Normal Attacks, dealing considerable damage with high ASPD.	AGI Swordsman can deliver rapid Normal Attacks, dealing considerable damage with high ASPD.
11520300021	Well suited for PvP and Killing enemies.	Well suited for PvP and Killing enemies.
11520300022	Rune Sword can ride a dragon, initiate team fights, and charge into battle while offering both durability and damage.	Rune Sword can ride a dragon, initiate team fights, and charge into battle while offering both durability and damage.
11520300023	Rune Spear can ride a dragon and excels at Killing lone enemies while offering both durability and damage.	Rune Spear can ride a dragon and excels at Killing lone enemies while offering both durability and damage.
11520300024	Use Movement to approach the target, then quickly Kill them with devastating critical hits.	Use Movement to approach the target, then quickly Kill them with devastating critical hits.
11520300025	Engage in sustained combat by leaving enemies Poisoned.	Engage in sustained combat by leaving enemies Poisoned.
11520300026	Use Soul Destroyer from a safe Distance for steady damage, then evade enemies with stealth	Use Soul Destroyer from a safe Distance for steady damage, then evade enemies with stealth
11520300027	Use an Enhanced Cross Ripper Slasher after Dark Illusion to deal Burst damage, then use Back Slide to evade skills	Use an Enhanced Cross Ripper Slasher after Dark Illusion to deal Burst damage, then use Back Slide to evade skills
11520300028	Constantly refresh Shadow Flow for Movement while maintaining combos to resist crowd control, then unleash Invincible Slash amid groups of enemies for Burst damage	Constantly refresh Shadow Flow for Movement while maintaining combos to resist crowd control, then unleash Invincible Slash amid groups of enemies for Burst damage
11520300029	High magic damage.	High magic damage.
11520300030	Use even more powerful Magic. Master Earth and Fire to cast massive AoE spells that greatly aid the party.	Use even more powerful Magic. Master Earth and Fire to cast massive AoE spells that greatly aid the party.
11520300031	Use even more powerful Magic. Master Wind and Water to cast massive AoE spells that greatly aid the party.	Use even more powerful Magic. Master Wind and Water to cast massive AoE spells that greatly aid the party.
11520300032	These magic experts own overwhelming magic potential already, but now their magics are at a complete different level: they are capable of wielding the power of Neutral magics, or even utilizing their Psychokinesis power to control gravity.	These magic experts own overwhelming magic potential already, but now their magics are at a complete different level: they are capable of wielding the power of Neutral magics, or even utilizing their Psychokinesis power to control gravity.
11520300033	Harness the power of all four elements to counter large groups of enemies.	Harness the power of all four elements to counter large groups of enemies.
11520300034	Use powerful soul energy to control and damage enemies in a small area.	Use powerful soul energy to control and damage enemies in a small area.
12390001547	Pet Shard: Miyabi Doll	Pet Shard: Miyabi Doll
12390001546	Pet Shard: Deadre	Pet Shard: Deadre
12390001545	Evil Nymph Shard	Evil Nymph Shard
12390001544	Corrupted Wander Man Shard	Corrupted Wander Man Shard
12390001543	Goddess of Hope Fragment	Goddess of Hope Fragment
12390001542	Zherlthsh Shard	Zherlthsh Shard
12390001541	Elio Fragment	Elio Fragment
12390001540	Pet Shard: Sohee	Pet Shard: Sohee
12390001539	Ancient Mummy Shard	Ancient Mummy Shard
12390001538	Baron Fragment	Baron Fragment
12390001537	Death Witch Shard	Death Witch Shard
12390001536	Radiant Unicorn Chimera Shard	Radiant Unicorn Chimera Shard
12390001535	Demon Servant Shard	Demon Servant Shard
12390001534	Wild Rose Knight Shard	Wild Rose Knight Shard
12390001533	Medusa Shard	Medusa Shard
12390001532	Alien Fragment	Alien Fragment
12390001531	Demon Maid Shard	Demon Maid Shard
12390001530	Silver Moon Witch Shard	Silver Moon Witch Shard
12390001529	Fire Ninja Shinobi Shard	Fire Ninja Shinobi Shard
12390001528	Cat o' Nine-Tail Shard	Cat o' Nine-Tail Shard
12390001527	Secret History of Prontera@{1}: @{2}	Secret History of Prontera@{1}: @{2}
12390001526	Chapter 2 of a Book	Chapter 2 of a Book
12390001525	Chapter One of a Book	Chapter One of a Book
12390001524	Magic Carpet	Magic Carpet
12390001523	Baby Kun	Baby Kun
12390001522	Fish of the Northern Deep	Fish of the Northern Deep
12390001521	Crab You Very Much	Crab You Very Much
12390001520	Flying Goblin Balloon	Flying Goblin Balloon
12390001519	Flying Goblin Balloon - Limited-Time Edition	Flying Goblin Balloon - Limited-Time Edition
12390001518	Dream Horse - Limited	Dream Horse - Limited
12390001517	Eggshell Chubby Chick - Limited	Eggshell Chubby Chick - Limited
12390001516	Wind-Up Rocking Chair - Limited	Wind-Up Rocking Chair - Limited
12390001515	Goblin Balloon - Limited	Goblin Balloon - Limited
12390001514	Pompadour - Limited	Pompadour - Limited
12390001513	Fluffy Bunny - Limited	Fluffy Bunny - Limited
12390001512	Orchid Pavilion - Limited	Orchid Pavilion - Limited
12390001511	Sun Chariot - Limited	Sun Chariot - Limited
12390001510	Starshatter Dragon - Limited	Starshatter Dragon - Limited
12390001509	Savage	Savage
12390001508	Ostrich	Ostrich
12390001507	Fox	Fox
12390001506	Hyena	Hyena
12390001505	Alpaca	Alpaca
12390001504	Lion	Lion
12390001503	Big Poring	Big Poring
12390001502	Dream Steed	Dream Steed
12390001501	Eggshell Chubby Chick	Eggshell Chubby Chick
12390001500	Wind-Up Rocking Chair	Wind-Up Rocking Chair
12390001499	Goblin Balloon	Goblin Balloon
12390001498	Pompadour	Pompadour
12390001497	Fluffy Bunny	Fluffy Bunny
12390001496	Orchid Waterside Pavilion	Orchid Waterside Pavilion
12390001495	Solar Chariot	Solar Chariot
12390001494	Starshatter Dragon	Starshatter Dragon
12390001493	Set Sail	Set Sail
12390001492	Meow	Meow
12390001491	Bouquet	Bouquet
12390001490	Land of Lilies of the Valley	Land of Lilies of the Valley
12390001489	Path of Adventure	Path of Adventure
12390001488	Einherjar Coin	Einherjar Coin
12390001487	Test Name Card@{1}-Permanent	Test Name Card@{1}-Permanent
12390001486	Fashion Gala (@{1} Hours)	Fashion Gala (@{1} Hours)
12390001485	Hero Registry (@{1} Hours) Discontinued	Hero Registry (@{1} Hours) Discontinued
12390001484	Spirit Conqueror (@{1} Hours)	Spirit Conqueror (@{1} Hours)
12390001483	Novice's Pride	Novice's Pride
12390001482	Top Ten Heroes (@{1} Hours) Discontinued	Top Ten Heroes (@{1} Hours) Discontinued
12390001481	Rift in the Sky	Rift in the Sky
12390001480	Victory of the Covenant	Victory of the Covenant
12390001479	Genesis Canticle	Genesis Canticle
12390001478	Composer	Composer
12390001477	Star of Rekenber	Star of Rekenber
12390001476	Arcane Crystal	Arcane Crystal
12390001475	MVP Loot Chest	MVP Loot Chest
12390001474	[Rift Crisis] Commendation Gift Box	[Rift Crisis] Commendation Gift Box
12390001473	[Rift Crisis] Special Commendation	[Rift Crisis] Special Commendation
12390001472	Standard Compensation Chest	Standard Compensation Chest
12390001471	Random Card Gift Box	Random Card Gift Box
12390001470	Card Album	Card Album
12390001469	Basic Card Album@{1} (Deprecated)	Basic Card Album@{1} (Deprecated)
12390001468	Standard Gift Box@{1} (Deprecated)	Standard Gift Box@{1} (Deprecated)
12390001467	Deluxe Gift Box@{1}(Deprecated)	Deluxe Gift Box@{1}(Deprecated)
12390001466	Advanced Treasure Chest@{1}(Deprecated)	Advanced Treasure Chest@{1}(Deprecated)
12390001465	Mysterious Treasure Chest@{1} (Deprecated)	Mysterious Treasure Chest@{1} (Deprecated)
12390001464	Surprise Pack@{1}(Deprecated)	Surprise Pack@{1}(Deprecated)
12390001463	Old Card Album	Old Card Album
12390001462	Bonus Secret Gift · Day 7	Bonus Secret Gift · Day 7
12390001461	Bonus Secret Gift · Day 6	Bonus Secret Gift · Day 6
12390001460	Bonus Secret Gift · Day 5	Bonus Secret Gift · Day 5
12390001459	Bonus Secret Gift · Day 4	Bonus Secret Gift · Day 4
12390001458	Bonus Secret Gift · Day 3	Bonus Secret Gift · Day 3
12390001457	Bonus Secret Gift · Day 2	Bonus Secret Gift · Day 2
12390001456	Bonus Secret Gift · Day 1	Bonus Secret Gift · Day 1
12390001455	Growth Gift Box · Day 7	Growth Gift Box · Day 7
12390001454	Growth Gift Box · Day 6	Growth Gift Box · Day 6
12390001453	Growth Gift Box · Day 5	Growth Gift Box · Day 5
12390001452	Growth Gift Box · Day 4	Growth Gift Box · Day 4
12390001451	Growth Gift Box · Day 3	Growth Gift Box · Day 3
12390001450	Growth Gift Box · Day 2	Growth Gift Box · Day 2
12390001449	Growth Gift Box · Day 1	Growth Gift Box · Day 1
12390001448	Dig - Co-op Chest	Dig - Co-op Chest
12390001447	Dig - Precious Chest	Dig - Precious Chest
12390001446	Dig - Exquisite Chest	Dig - Exquisite Chest
12390001445	T@{1} Red Top Selection Box	T@{1} Red Top Selection Box
12390001444	Nine-Tone Mantra Costume Gift Box	Nine-Tone Mantra Costume Gift Box
12390001443	Purple Card Selection Chest	Purple Card Selection Chest
12390001442	Trading Card Album	Trading Card Album
12390001441	Surprise Chest	Surprise Chest
12390001440	Random Divine Arts Totem	Random Divine Arts Totem
12390001439	Random Card Album	Random Card Album
12390001438	Coin Bag	Coin Bag
12390001437	Zeny Bag	Zeny Bag
12390001436	Echo Material Pack	Echo Material Pack
12390001435	Refinement Material Pack	Refinement Material Pack
12390001434	Refinement Blessing Chest	Refinement Blessing Chest
12390001433	Headgear Chest	Headgear Chest
12390001432	Headgear Material Chest	Headgear Material Chest
12390001431	Blue Cards Selection Chest	Blue Cards Selection Chest
12390001430	T@{1} Orange Weapon Selection Chest	T@{1} Orange Weapon Selection Chest
12390001429	Refinement Material Chest	Refinement Material Chest
12390001428	Card: Savage Babe Chest	Card: Savage Babe Chest
12390001427	Random Purple Card Pack	Random Purple Card Pack
12390001426	Veteran Pack	Veteran Pack
12390001425	Conqueror Pack	Conqueror Pack
12390001424	T@{1} Pet Shard Selection Chest	T@{1} Pet Shard Selection Chest
12390001423	Tier @{1} Orange Weapon Chest	Tier @{1} Orange Weapon Chest
10050000000	Green Potion	Green Potion
10050000001	Red Potion	Red Potion
10050000002	Creamy Tomato Soup	Creamy Tomato Soup
10050000003	Mushroom Tomato Soup	Mushroom Tomato Soup
10050000004	Grilled Mushroom Skewers	Grilled Mushroom Skewers
10050000005	Chili Beast Steak	Chili Beast Steak
10050000006	Spicy Meat Patty	Spicy Meat Patty
10050000007	Yellow Potion	Yellow Potion
10050000008	Meat Bun	Meat Bun
10050000009	Herb Porridge	Herb Porridge
10050000010	Spicy Herb Wrap	Spicy Herb Wrap
10050000011	Spicy Fried Rice	Spicy Fried Rice
10050000012	Orange Potion	Orange Potion
10050000013	Strawberry Hard Candy	Strawberry Hard Candy
10050000014	Strawberry Cocoa Truffle	Strawberry Cocoa Truffle
10050000015	Vanilla Hot Cocoa	Vanilla Hot Cocoa
10050000016	Vitality Potion	Vitality Potion
10050000017	Strawberry Milkshake	Strawberry Milkshake
10050000018	Hot Strawberry Cocoa Milk	Hot Strawberry Cocoa Milk
10050000019	Cocoa Pudding	Cocoa Pudding
10050000020	Colorful Lollipop	Colorful Lollipop
10050000021	Berry Herbal Tea	Berry Herbal Tea
10050000022	Strawberry Cocoa Crunch Bar	Strawberry Cocoa Crunch Bar
10050000023	Holy Spirit Potion	Holy Spirit Potion
10050000024	Grape Wine	Grape Wine
10050000025	Green Lemon Cocktail	Green Lemon Cocktail
10050000026	Refreshing Lemon Brew	Refreshing Lemon Brew
10050000027	Grape Sparkling Water	Grape Sparkling Water
10050000028	Mixed Fruit Juice	Mixed Fruit Juice
10050000029	Fountain of Life	Fountain of Life
10050000030	Pure Lemon Water	Pure Lemon Water
10050000031	Lemon Herbal Tea	Lemon Herbal Tea
10050000032	Woody Grape Drink	Woody Grape Drink
10050000033	Citruswood Fruit Tea	Citruswood Fruit Tea
12390001422	Random Card Pack	Random Card Pack
12390001421	Workhorse Potion Pack	Workhorse Potion Pack
12390001420	Mainstay Potion Pack	Mainstay Potion Pack
12390001419	Whale Potion Pack	Whale Potion Pack
12390001418	Commemorative Medal E	Commemorative Medal E
12390001417	Commemorative Medal D	Commemorative Medal D
12390001416	Commemorative Medal C	Commemorative Medal C
12390001415	Commemorative Medal B	Commemorative Medal B
12390001414	Commemorative Medal A	Commemorative Medal A
12390001413	Orange Soul Echo Chest	Orange Soul Echo Chest
12390001412	Basic Crafting Material Chest	Basic Crafting Material Chest
12390001411	Unclaimed Soul Crystal Chest	Unclaimed Soul Crystal Chest
12390001410	Test-Seasonal Reward Distribution Rework Chest	Test-Seasonal Reward Distribution Rework Chest
12390001409	Blessed Armor Ore-Use	Blessed Armor Ore-Use
12390001408	Legendary Weapon Ore-Expire	Legendary Weapon Ore-Expire
12390001407	Blessed Weapon Ore-Clear	Blessed Weapon Ore-Clear
12390001406	Elunium-Use	Elunium-Use
12390001405	Enriched Oridecon-Expire	Enriched Oridecon-Expire
12390001404	Oridecon-Clear	Oridecon-Clear
12390001403	Deluxe Pack-Test Cross-Season Use	Deluxe Pack-Test Cross-Season Use
12390001402	Deluxe Pack-Test Cross-Season Allowlist	Deluxe Pack-Test Cross-Season Allowlist
12390001401	Deluxe Pack-Test Cross-Season Expiration	Deluxe Pack-Test Cross-Season Expiration
12390001400	Deluxe Pack-Test Cross-Season Removal	Deluxe Pack-Test Cross-Season Removal
12390001399	Test Item Repeat Acquisition Function	Test Item Repeat Acquisition Function
12390001398	T@{1} Orange Equipment Slot Selection Chest	T@{1} Orange Equipment Slot Selection Chest
12390001397	Class Weapon Selection Chest	Class Weapon Selection Chest
12390001396	Novice Chest--Lv. @{1}	Novice Chest--Lv. @{1}
12390001395	Contemplation Candle Pack	Contemplation Candle Pack
12390001394	Divine Totem Skill Book Chest	Divine Totem Skill Book Chest
12390001393	Daily Activity Pack	Daily Activity Pack
120000	${1}-Star or higher Enchant Scrolls have a Chance to unlock this	${1}-Star or higher Enchant Scrolls have a Chance to unlock this
12390001392	Soul Echo Chest	Soul Echo Chest
12390001391	Main Story Completion Pack	Main Story Completion Pack
12390001390	Enhance Pack	Enhance Pack
12390001389	Growth Gift @{1}	Growth Gift @{1}
120005	Notice	Notice
120006	Don't show again during this login	Don't show again during this login
120007	Cancel	Cancel
120008	Continue Enchanting	Continue Enchanting
120009	The current scroll's star rating is too low to unlock a new Enchant slot	The current scroll's star rating is too low to unlock a new Enchant slot
120010	Current Equipment has a high-quality Enchant. Enchanting may replace it and result in a loss.	Current Equipment has a high-quality Enchant. Enchanting may replace it and result in a loss.
120011	Chance to unlock a new Enchant slot	Chance to unlock a new Enchant slot
120012	Change Equipment	Change Equipment
120013	Enchant Materials	Enchant Materials
120014	Please add Enchant Materials	Please add Enchant Materials
120015	Get More Scrolls	Get More Scrolls
120016	Select Scroll	Select Scroll
120017	Equipment Enchantment	Equipment Enchantment
120018	Season Exclusive	Season Exclusive
120019	Base Stats	Base Stats
120020	Enchant Affix	Enchant Affix
120021	Refinement Affix	Refinement Affix
120022	Extra	Extra
120023	Slot Not Unlocked	Slot Not Unlocked
120024	Stunt	Stunt
120025	No equipment is currently available to Enchant	No equipment is currently available to Enchant
120026	No Enchant items are currently available	No Enchant items are currently available
120027	Discover the Forgotten Treasure Room	Discover the Forgotten Treasure Room
120028	You still have unclaimed treasure chests. If you leave, you will not be able to claim them later. Are you sure you want to exit?	You still have unclaimed treasure chests. If you leave, you will not be able to claim them later. Are you sure you want to exit?
120029	The Chest of the Future contains valuable upgrade resources for the next Season. Claim it now to Keep its contents for next Season!	The Chest of the Future contains valuable upgrade resources for the next Season. Claim it now to Keep its contents for next Season!
120030	Cannot Dig while in <color=#ec543a>Battle Status</color>.	Cannot Dig while in <color=#ec543a>Battle Status</color>.
120031	Do not remind again	Do not remind again
120032	Request ${1} from your guild?	Request ${1} from your guild?
120033	Requested ${1} from your guild	Requested ${1} from your guild
120034	Request ${1} from your friends?	Request ${1} from your friends?
120035	Requested ${1} from your friends	Requested ${1} from your friends
120036	${1} times	${1} times
120037	${1} sent you ${2}	${1} sent you ${2}
120038	Check the BOSS's location and head there for the Kill! Other players can compete for it too, so hurry.	Check the BOSS's location and head there for the Kill! Other players can compete for it too, so hurry.
120039	Requested ${2}	Requested ${2}
120040	You cannot gift Crystals to yourself.	You cannot gift Crystals to yourself.
120041	Current Equipment has a Unique Enchant. This will replace the existing Unique Enchant.	Current Equipment has a Unique Enchant. This will replace the existing Unique Enchant.
120042	You've alerted an ultra-powerful boss!	You've alerted an ultra-powerful boss!
120043	You've awakened a sleeping elite monster!	You've awakened a sleeping elite monster!
120044	${1} times	${1} times
120045	The Box of the Future can be opened next Season.	The Box of the Future can be opened next Season.
120046	I'm still a little short on ${1}. Please help!	I'm still a little short on ${1}. Please help!
120047	Gift sent	Gift sent
120048	Gift one ${2} to ${1}?	Gift one ${2} to ${1}?
120049	You have left the treasure-digging area.	You have left the treasure-digging area.
120050	Obtain Treasure Map	Obtain Treasure Map
120051	Go Treasure Hunting	Go Treasure Hunting
120052	Treasure Hunt Reward Preview	Treasure Hunt Reward Preview
120053	You've reached today's request limit. Please try again tomorrow.	You've reached today's request limit. Please try again tomorrow.
120054	Crystal Donation	Crystal Donation
120055	Please join a guild first	Please join a guild first
120056	Request sent to the guild.	Request sent to the guild.
120057	No Enchants are available for this equipment level.	No Enchants are available for this equipment level.
120058	Not enough fragments to craft the treasure chest.	Not enough fragments to craft the treasure chest.
120059	Enchant	Enchant
120060	Gift sent successfully.	Gift sent successfully.
120061	Can Enchant equipment of Lv. ${1} or lower.	Can Enchant equipment of Lv. ${1} or lower.
120062	This item will be removed when the current Season ends.	This item will be removed when the current Season ends.
120063	You're sending requests too frequently. Please try again later.	You're sending requests too frequently. Please try again later.
120064	This Crystal has already been donated.	This Crystal has already been donated.
120065	Not enough Treasure Maps. Obtain more from quests first!	Not enough Treasure Maps. Obtain more from quests first!
120066	Total Treasure Hunts:	Total Treasure Hunts:
12390001388	Golden Thief Bug's Gift	Golden Thief Bug's Gift
12390001387	Deluxe Gift Box	Deluxe Gift Box
12390001386	Crafting Pack	Crafting Pack
12390001385	Basic Pack (Deprecated)	Basic Pack (Deprecated)
12390001384	Deluxe Pack (Deprecated)	Deluxe Pack (Deprecated)
12390001383	Advanced Chest (Deprecated)	Advanced Chest (Deprecated)
12390001382	Mysterious Chest (Deprecated)	Mysterious Chest (Deprecated)
12390001381	Surprise Pack (Deprecated)	Surprise Pack (Deprecated)
12390001380	Salmon	Salmon
12390001379	Tuna	Tuna
12390001378	Moon Jellyfish	Moon Jellyfish
12390001377	Azure Fish	Azure Fish
12390001376	Spiny Sea Urchin	Spiny Sea Urchin
12390001375	Octopus Axe	Octopus Axe
12390001374	Sea Bream	Sea Bream
12390001373	Mandarin Fish	Mandarin Fish
12390001372	Snakehead	Snakehead
12390001371	Starfish	Starfish
12390001370	Hopping Frog	Hopping Frog
12390001369	Eel	Eel
12390001368	Carp	Carp
12390001367	Blue Crab	Blue Crab
12390001366	Mackerel	Mackerel
12390001365	Basilac Clam	Basilac Clam
12390001364	Shrimp	Shrimp
12390001363	High-Tenacity Sacred Armor Plate	High-Tenacity Sacred Armor Plate
12390001362	Sacred Armor Plate	Sacred Armor Plate
12390001361	Reinforced Armor Plate	Reinforced Armor Plate
12390001360	Armor Plate	Armor Plate
13290100000	Novice Portrait	Novice Portrait
13290100001	Redeem at the Survivor Battle Shop	Redeem at the Survivor Battle Shop
13290100002	Obtain from the Growth Support event	Obtain from the Growth Support event
13290100003	Swordsman Portrait	Swordsman Portrait
13290100004	Knight Portrait	Knight Portrait
13290100005	Lord Knight Portrait	Lord Knight Portrait
13290100006	Rune Knight Portrait	Rune Knight Portrait
13290100007	Crusader Portrait	Crusader Portrait
13290100008	Paladin Portrait	Paladin Portrait
13290100009	Royal Guard Portrait	Royal Guard Portrait
13290100010	Mage Portrait	Mage Portrait
13290100011	Wizard Portrait	Wizard Portrait
13290100012	Sage Portrait	Sage Portrait
13290100013	High Wizard Portrait	High Wizard Portrait
13290100014	Warlock Portrait	Warlock Portrait
13290100015	Archer Portrait	Archer Portrait
13290100016	Hunter Portrait	Hunter Portrait
13290100017	Bard Portrait	Bard Portrait
13290100018	Dancer Portrait	Dancer Portrait
13290100019	Sniper Portrait	Sniper Portrait
13290100020	Ranger Portrait	Ranger Portrait
13290100021	Acolyte Portrait	Acolyte Portrait
13290100022	Priest Portrait	Priest Portrait
13290100023	High Priest Portrait	High Priest Portrait
13290100024	Archbishop Portrait	Archbishop Portrait
13290100025	Monk Portrait	Monk Portrait
13290100026	Thief Portrait	Thief Portrait
13290100027	Assassin Portrait	Assassin Portrait
13290100028	Portrait: Rogue	Portrait: Rogue
13290100029	Assassin Cross Portrait	Assassin Cross Portrait
13290100030	Cross Impact Guillotine Cross Portrait	Cross Impact Guillotine Cross Portrait
13290100031	Merchant Portrait	Merchant Portrait
13290100032	Blacksmith Portrait	Blacksmith Portrait
13290100033	Mastersmith Portrait	Mastersmith Portrait
13290100034	Mechanic Portrait	Mechanic Portrait
13290100035	Default Portrait Frame	Default Portrait Frame
13290100036	Default Chat Bubble	Default Chat Bubble
13290100037	Dropped from Standard Reward Chests in the Commendation Vault	Dropped from Standard Reward Chests in the Commendation Vault
13290100038	Titleless	Titleless
13290100039	No Title	No Title
13290100040	Obtain by completing Growth Handbook - Corolla Emblem	Obtain by completing Growth Handbook - Corolla Emblem
13290100041	Reach the top @{1} on the Pet Tower Ranking to obtain	Reach the top @{1} on the Pet Tower Ranking to obtain
13290100042	Reach the top @{1} on the Fashion Rating Ranking to obtain	Reach the top @{1} on the Fashion Rating Ranking to obtain
13290100043	Default Profile Card	Default Profile Card
12390001315	Alcohol	Alcohol
12390001314	Lemon	Lemon
12390001313	Sugar	Sugar
12390001312	Beast Meat	Beast Meat
12390001311	Shiitake Mushroom	Shiitake Mushroom
12390001310	Tomato	Tomato
12390001309	Cocoa Bean	Cocoa Bean
12390001308	Grape	Grape
12390001307	Red Chili Pepper	Red Chili Pepper
12390001306	Grains	Grains
12390001305	Green Herb	Green Herb
12390001304	White Herb	White Herb
12390001303	Yellow Herb	Yellow Herb
12390001302	Red Herb	Red Herb
12390001301	Energized Honing Iron	Energized Honing Iron
12390001300	Honing Iron	Honing Iron
12390001299	Sharpened Honing Stone	Sharpened Honing Stone
12390001298	Honing Stone	Honing Stone
12390001297	Meteorite Grip	Meteorite Grip
12390001296	Dense Meteorite Chunk	Dense Meteorite Chunk
12390001295	Meteorite Blade	Meteorite Blade
12390001294	Meteorite Chunk	Meteorite Chunk
12390001293	Precision Grinding Wheel	Precision Grinding Wheel
12390001292	Radiant Gold Grip	Radiant Gold Grip
12390001291	Dense Luminous Gold Ingot	Dense Luminous Gold Ingot
12390001290	Luminous Gold Blade	Luminous Gold Blade
12390001289	Luminous Gold Ingot	Luminous Gold Ingot
12390001288	Mithril Grip	Mithril Grip
12390001287	Coarse Grinding Wheel	Coarse Grinding Wheel
12390001286	Mithril Ingot	Mithril Ingot
12390001285	Steel Ingot	Steel Ingot
12390001284	Coal Chunk	Coal Chunk
12390001283	Iron Ingot	Iron Ingot
12390001282	Meteorite Ore	Meteorite Ore
12390001281	Moongaze Gem	Moongaze Gem
12390001280	Solid Stone	Solid Stone
12390001279	Luminous Gold Ore	Luminous Gold Ore
12390001278	Mithril Ore	Mithril Ore
12390001277	Sobbing Starlight	Sobbing Starlight
12390001276	Rough Stone	Rough Stone
12390001275	Coal Ore	Coal Ore
12390001274	Iron Ore	Iron Ore
12390001273	Vivify Potion	Vivify Potion
12390001272	Master Artisan Certificate	Master Artisan Certificate
12390001271	Crafting Notes	Crafting Notes
12390001270	Artisan's Mark Badge	Artisan's Mark Badge
12390001269	Legendary Pelt	Legendary Pelt
12390001268	Turtle Shell	Turtle Shell
12390001267	Sobbing Starlight Fragment	Sobbing Starlight Fragment
12390001266	Star Crumb	Star Crumb
12390001265	Sharp Scale	Sharp Scale
12390001264	Dead Man's Nail	Dead Man's Nail
13350000000	STR Bonus	STR Bonus
13350000001	AGI Bonus	AGI Bonus
13350000002	VIT Bonus	VIT Bonus
13350000003	INT Bonus	INT Bonus
13350000004	DEX Bonus	DEX Bonus
13350000005	Test Buff@{1}	Test Buff@{1}
13350000006	Test Skill@{1}	Test Skill@{1}
12390001256	Military Supplies (Advanced)	Military Supplies (Advanced)
12390001255	Military Supplies (Intermediate)	Military Supplies (Intermediate)
12390001254	Military Supplies (Common)	Military Supplies (Common)
12390001253	Face Mask	Face Mask
12390001252	Escort Supplies	Escort Supplies
12390001251	Masterless Soul Core	Masterless Soul Core
12390001250	Masterless Soul Crystal	Masterless Soul Crystal
12390001249	Masterless Soul Fragment	Masterless Soul Fragment
12390001248	Totem Fragment	Totem Fragment
12390001247	Candle of Contemplation - M. ATK	Candle of Contemplation - M. ATK
12390001246	Candle of Contemplation - P. ATK	Candle of Contemplation - P. ATK
12390001245	Candle of Contemplation - Life	Candle of Contemplation - Life
12390001244	Sourcefire of Insight	Sourcefire of Insight
12390001243	Live Coal of Insight	Live Coal of Insight
12390001242	Embers of Insight	Embers of Insight
12390001241	Candle of Contemplation	Candle of Contemplation
12390001240	Tier @{1} Equipment	Tier @{1} Equipment
12390001239	Tier @{1} Red Equipment	Tier @{1} Red Equipment
12390001238	Red Equipment	Red Equipment
12390001237	Tier @{1} Orange Equipment	Tier @{1} Orange Equipment
12390001236	Orange Equipment	Orange Equipment
12390001235	Purple Equipment	Purple Equipment
12390001234	Blue Equipment	Blue Equipment
12390001233	Tier @{1} Green Equipment	Tier @{1} Green Equipment
12390001232	Green Equipment	Green Equipment
12390001231	Tier @{1} Equipment Forging Set	Tier @{1} Equipment Forging Set
12390001230	Refinement Material	Refinement Material
12390001229	Orange Headwear	Orange Headwear
12390001228	Purple Headwear	Purple Headwear
12390001227	Blue Headwear	Blue Headwear
12390001226	Mount	Mount
12390001225	MVP Costume	MVP Costume
12390001224	Low-Tier Totem Skill Book	Low-Tier Totem Skill Book
12390001223	Purple Soul Echo	Purple Soul Echo
12390001222	Tier @{1} Equipment Blueprint	Tier @{1} Equipment Blueprint
12390001221	Purple Divine Arts Totem	Purple Divine Arts Totem
12390001220	Orange Headgear Material	Orange Headgear Material
12390001219	Purple Headgear Material	Purple Headgear Material
12390001218	Blue Headgear Material	Blue Headgear Material
12390001217	Green Headgear Material	Green Headgear Material
12390001216	Tier @{1} Equipment Forging Blueprint Set	Tier @{1} Equipment Forging Blueprint Set
12390001215	Tier @{1} Equipment Forging Blueprint	Tier @{1} Equipment Forging Blueprint
12390001214	Equipment Forging Material	Equipment Forging Material
12390001213	Tier @{1} Blue Weapon	Tier @{1} Blue Weapon
12390001212	Equipment Forging Blueprint	Equipment Forging Blueprint
12390001211	Job Advance Weapon	Job Advance Weapon
12390001210	Card	Card
12390001209	Green Cards	Green Cards
12390001208	Talent Divine Art Totem	Talent Divine Art Totem
12390001207	Orange Soul Echo (Two Matching Colors)	Orange Soul Echo (Two Matching Colors)
12390001206	Orange Soul Echo	Orange Soul Echo
12390001205	Advanced Totem Skill Book	Advanced Totem Skill Book
12390001204	Orange Divine Art Totem	Orange Divine Art Totem
12390001203	Red Card	Red Card
12390001202	Orange Cards	Orange Cards
12390001201	Purple Card	Purple Card
12390001200	Blue Cards	Blue Cards
11410200000	Nothing of substance	Nothing of substance
11410200001	Chapter One covers the fundamentals of weight training.	Chapter One covers the fundamentals of weight training.
11410200002	Chapter 2 covers the essentials of running	Chapter 2 covers the essentials of running
11410200003	This is a little-known tale. Naturally, it's little-known because hardly anyone knows it. So how do I know it? That's a good question, but I can't tell you why. Hahaha.	This is a little-known tale. Naturally, it's little-known because hardly anyone knows it. So how do I know it? That's a good question, but I can't tell you why. Hahaha.
12390001199	Soul Echo	Soul Echo
12390001198	Divine Art Totem Skill Book	Divine Art Totem Skill Book
12390001197	Divine Totem	Divine Totem
12390001196	Tier @{1} Purple Equipment	Tier @{1} Purple Equipment
12390001195	Tier @{1} Blue Equipment	Tier @{1} Blue Equipment
12390001194	Tier @{1} Green Weapon	Tier @{1} Green Weapon
12390001193	Tier @{1} Blueprint - Accessory	Tier @{1} Blueprint - Accessory
12390001192	Tier @{1} Blueprint - Shoes	Tier @{1} Blueprint - Shoes
12390001191	Tier @{1} Blueprint - Muffler	Tier @{1} Blueprint - Muffler
12390001190	Tier @{1} Blueprint - Armor	Tier @{1} Blueprint - Armor
12390001189	Tier @{1} Blueprint - Shield	Tier @{1} Blueprint - Shield
12390001188	Tier @{1} Blueprint - Weapon	Tier @{1} Blueprint - Weapon
12390001187	Red Bow Tie	Red Bow Tie
12390001186	Egg Incubator	Egg Incubator
12390001185	Sexy Vest Covered in Cat Hair	Sexy Vest Covered in Cat Hair
12390001184	Discarded Uniform	Discarded Uniform
12390001183	Memory Particle Device	Memory Particle Device
12390001182	Temporal Compass	Temporal Compass
12390001181	Energy Control Valve	Energy Control Valve
12390001180	Tiger Pelt	Tiger Pelt
12390001179	Cardboard Cat Litter Box	Cardboard Cat Litter Box
12390001178	Bobo	Bobo
12390001177	Airship Ticket	Airship Ticket
12390001176	Fabre's Mucus	Fabre's Mucus
12390001175	Poring's Medicinal Herbs	Poring's Medicinal Herbs
12390001174	Shimmering Liquid	Shimmering Liquid
12390001173	Glossy Scell	Glossy Scell
12390001172	Glowing Crystal	Glowing Crystal
12390001171	Colorful Worm Peeling	Colorful Worm Peeling
12390001170	Glossy Jellopy	Glossy Jellopy
12390001169	Super Solid Shell	Super Solid Shell
12390001168	Chivalry Emblem	Chivalry Emblem
12390001167	Necklace of Oblivion	Necklace of Oblivion
12390001166	Fluorescent Liquid	Fluorescent Liquid
12390001165	Big Scell	Big Scell
12390001164	Citrin	Citrin
12390001163	Hard Insect Shell	Hard Insect Shell
12390001162	Round Shell	Round Shell
12390001161	Soft Feather	Soft Feather
12390001160	Sweet Bananas	Sweet Bananas
12390001159	Pocket Watch	Pocket Watch
12390001158	Peco Peco's Feathers	Peco Peco's Feathers
12390001157	Royal Jelly	Royal Jelly
12390001156	Large Jellopy	Large Jellopy
12390001155	Baby Devil Wings	Baby Devil Wings
12390001154	Euler Euler	Euler Euler
12390001153	Scell	Scell
12390001152	Crystal Fragment	Crystal Fragment
12390001151	Cracked Diamond	Cracked Diamond
12390001150	Transparent Fabric	Transparent Fabric
12390001149	Honey	Honey
12390001148	Sticky Mucus	Sticky Mucus
12390001147	Feather	Feather
12390001146	Apple Juice	Apple Juice
12390001145	Zargon	Zargon
12390001144	Solid Shell	Solid Shell
12390001143	Skeleton Bone	Skeleton Bone
12390001142	Worm Peeling	Worm Peeling
12390001141	Garlet	Garlet
12390001140	Cyfar	Cyfar
12390001139	Eye of Wisdom	Eye of Wisdom
12390001138	Light Granule	Light Granule
12390001137	Brigan	Brigan
12390001136	Grit	Grit
12390001135	@{1}-Carat Diamond	@{1}-Carat Diamond
12390001134	Talent Mark	Talent Mark
12390001133	Talent Remnant	Talent Remnant
12390001132	Hero Token	Hero Token
12390001131	Crest of Heroes	Crest of Heroes
12390001130	Crest of Sun	Crest of Sun
12390001129	Crest of Moon	Crest of Moon
12390001128	Crest of Freedom	Crest of Freedom
12390001127	Crest of Conquer	Crest of Conquer
12390001126	Crest of Venture	Crest of Venture
12390001125	Crest of Journey	Crest of Journey
12390001124	Pure Source Dew	Pure Source Dew
12390001123	Philosopher's Core	Philosopher's Core
12390001122	Pulsating Mass	Pulsating Mass
12390001121	Crystallized Bone Fragment	Crystallized Bone Fragment
12390001120	Lipid Tentacle	Lipid Tentacle
12390001119	Moss-Covered Tissue	Moss-Covered Tissue
12390001118	Pale Sediment	Pale Sediment
12390001117	Aether Catalyst	Aether Catalyst
12390001116	Grain of Giant Salt	Grain of Giant Salt
12390001115	Undying Root	Undying Root
12390001114	Raven Tail Feather	Raven Tail Feather
12390001113	Supreme Pet EXP Book	Supreme Pet EXP Book
12390001112	Top-Tier Pet EXP Book	Top-Tier Pet EXP Book
12390001111	Starlight Stone	Starlight Stone
12390001110	Meow Fish Jerky	Meow Fish Jerky
12390001109	Little Red Flower	Little Red Flower
12390001108	Pet Selection Gift Box	Pet Selection Gift Box
11470100000	Unlocked by Default	Unlocked by Default
12390001107	Emperium	Emperium
12390001106	Cute Pet Coin	Cute Pet Coin
12390001105	Pet Egg	Pet Egg
12390001104	Change Guild Name Card	Change Guild Name Card
12390001103	Pet Training Diary III	Pet Training Diary III
12390001102	Pet Training Diary II	Pet Training Diary II
12390001101	Pet Training Diary I	Pet Training Diary I
12390001100	Dopey Pink Gem	Dopey Pink Gem
12390001099	Emerald	Emerald
12390001098	Amethyst	Amethyst
12390001097	Zircon	Zircon
12390001096	Topaz	Topaz
12390001095	Opal	Opal
12390001094	Kyanite	Kyanite
12390001093	Ruby	Ruby
12390001092	Pearl	Pearl
12390001091	Star Dust	Star Dust
12390001090	Symbol of the Sun God	Symbol of the Sun God
12390001089	Glass Bead	Glass Bead
12390001088	Four-leaf Clover	Four-leaf Clover
12390001087	Hand of God	Hand of God
12390001086	Trunk	Trunk
12390001085	Silver Fur	Silver Fur
12390001084	Heart of Obeaune	Heart of Obeaune
12390001083	Dragon Scale	Dragon Scale
12390001082	Gold	Gold
12390001081	Cyfar	Cyfar
12390001080	Illusion Flower	Illusion Flower
12390001079	Fairy's Whiskers	Fairy's Whiskers
12390001078	Single Cell	Single Cell
12390001077	Little Deviruchi Horn	Little Deviruchi Horn
12390001076	Steel	Steel
12390001075	Alice's Apron	Alice's Apron
12390001074	Tiger's Footskin	Tiger's Footskin
12390001073	Three-Leaf Clover	Three-Leaf Clover
12390001072	Fox Tail	Fox Tail
12390001071	Jellopy	Jellopy
12390001070	Empty Bottle	Empty Bottle
12390001069	Stem	Stem
12390001068	Decayed Tree Sap	Decayed Tree Sap
12390001067	Soft Fur	Soft Fur
12390001066	Mold Powder	Mold Powder
12390001065	Bill of Birds	Bill of Birds
12390001064	Milk	Milk
12390001063	Animal Skin	Animal Skin
12390001062	Feather	Feather
12390001061	Solid Shell	Solid Shell
12390001060	Muka Emotes Pack	Muka Emotes Pack
12390001059	Deviling Emoji	Deviling Emoji
12390001058	Universal Emotes Unlock (Limited-Time)	Universal Emotes Unlock (Limited-Time)
12390001057	Universal Emotes Unlock	Universal Emotes Unlock
12390001056	Advanced All-Member Guild Gift Pack	Advanced All-Member Guild Gift Pack
12390001055	Intermediate All-Member Guild Gift Pack	Intermediate All-Member Guild Gift Pack
12390001054	Basic All-Member Guild Gift Pack	Basic All-Member Guild Gift Pack
12390001053	Hunting Emblem · Executioner	Hunting Emblem · Executioner
12390001052	Hunting Emblem · Conqueror	Hunting Emblem · Conqueror
12390001051	Hunting Emblem · Pursuer	Hunting Emblem · Pursuer
12390001050	Hunting Emblem · Warden	Hunting Emblem · Warden
12390001049	Guild Emblem - Starcrown Ring	Guild Emblem - Starcrown Ring
12390001048	Guild Emblem - Dark Crystal Ring	Guild Emblem - Dark Crystal Ring
12390001047	Guild Emblem - Frostsky Ring	Guild Emblem - Frostsky Ring
12390001046	Proof of the Hunt · Executioner	Proof of the Hunt · Executioner
12390001045	Proof of the Hunt · Conqueror	Proof of the Hunt · Conqueror
12390001044	Proof of the Hunt · Pursuer	Proof of the Hunt · Pursuer
12390001043	Proof of the Hunt · Warden	Proof of the Hunt · Warden
12390001042	Guild Emblem - Small Flower	Guild Emblem - Small Flower
12390001041	Guild Emblem - Castle	Guild Emblem - Castle
12390001040	Guild Emblem - Shield	Guild Emblem - Shield
12390001039	Guild Design - All Cities in Order	Guild Design - All Cities in Order
12390001038	Guild Design - Primordial Chaos	Guild Design - Primordial Chaos
12390001037	Guild Design - God of Nature	Guild Design - God of Nature
12390001036	Primordial Transmutation Manual	Primordial Transmutation Manual
12390001035	Advanced Ignition Agent	Advanced Ignition Agent
12390001034	Intermediate Ignition Agent	Intermediate Ignition Agent
12390001033	Basic Ignition Agent	Basic Ignition Agent
12390001032	Cross Star Core - Red	Cross Star Core - Red
12390001031	Cross Star Core - Orange	Cross Star Core - Orange
12390001030	Cross Star Core - Purple	Cross Star Core - Purple
12390001029	Cross Star Core - Green	Cross Star Core - Green
12390001028	Cross Star Core - Blue	Cross Star Core - Blue
12390001027	Cross Star Core - Gray	Cross Star Core - Gray
12390001026	Waterdrop Star Core - Red	Waterdrop Star Core - Red
12390001025	Waterdrop Star Core - Orange	Waterdrop Star Core - Orange
12390001024	Waterdrop Star Core - Purple	Waterdrop Star Core - Purple
12390001023	Waterdrop Star Core - Green	Waterdrop Star Core - Green
12390001022	Waterdrop Star Core - Blue	Waterdrop Star Core - Blue
12390001021	Waterdrop Star Core - Gray	Waterdrop Star Core - Gray
12390001020	Moon Star Core - Red	Moon Star Core - Red
12390001019	Moon Star Core - Orange	Moon Star Core - Orange
12390001018	Moon Star Core - Purple	Moon Star Core - Purple
12390001017	Moon Star Core - Green	Moon Star Core - Green
12390001016	Moon Star Core - Blue	Moon Star Core - Blue
12390001015	Moon Star Core - Gray	Moon Star Core - Gray
12390001014	Sun Star Core - Red	Sun Star Core - Red
12390001013	Sun Star Core - Orange	Sun Star Core - Orange
11530000000	Guild Caravan	Guild Caravan
11530000001	Spirit Tower	Spirit Tower
11530000002	MVP	MVP
11530000003	AFK in the Field	AFK in the Field
11530000004	Life Skills	Life Skills
11530000005	Realm of the Gods	Realm of the Gods
11530000006	Guild League - Preliminaries	Guild League - Preliminaries
11530000007	Guild League - Semifinals	Guild League - Semifinals
11530000008	Guild League - Finals	Guild League - Finals
11530000009	Phantom Realm	Phantom Realm
11530000010	Kafra: Survivor Battle	Kafra: Survivor Battle
11530000011	Royal City War	Royal City War
11530000012	Bonfire Party	Bonfire Party
11530000013	Blackhole	Blackhole
11530000014	Trap Hunter	Trap Hunter
11530000015	Faction Quest	Faction Quest
11530000016	Caravan Escort	Caravan Escort
11530000017	Stronghold War	Stronghold War
11530000018	Regional Capital War	Regional Capital War
11530000019	Ilmata, God of Nature	Ilmata, God of Nature
11530000020	Battle of Dragon Coffin Island	Battle of Dragon Coffin Island
11530000021	Guild League - Placement	Guild League - Placement
11530000022	Commendation Vault	Commendation Vault
11530000023	Rift Crisis	Rift Crisis
11530000024	Hidden Treasure PVP Placeholder	Hidden Treasure PVP Placeholder
11530000025	Spirit Tower S@{1}	Spirit Tower S@{1}
11530000026	Royal City War S@{1}	Royal City War S@{1}
11530000027	Daily Tavern Quests	Daily Tavern Quests
11530000028	【Guild Joint Battle】Phantom Realm	【Guild Joint Battle】Phantom Realm
11530000029	【Guild Joint Battle】Realm of the Gods	【Guild Joint Battle】Realm of the Gods
11530000030	【Guild Co-op】Kafra Survivor Battle	【Guild Co-op】Kafra Survivor Battle
11530000031	【Guild Co-op】Battle of Dragon Coffin Island	【Guild Co-op】Battle of Dragon Coffin Island
11530000032	Wedding Crashers	Wedding Crashers
11530000033	Hunting Challenge	Hunting Challenge
11530000034	Guild League - Preliminaries (Auction Check)	Guild League - Preliminaries (Auction Check)
11530000035	Guild League - Semifinals (Auction Check)	Guild League - Semifinals (Auction Check)
11530000036	Guild League - Finals (Auction Check)	Guild League - Finals (Auction Check)
11530000037	Caravan Escort (Auction Check)	Caravan Escort (Auction Check)
11530000038	Stronghold War (Auction Check)	Stronghold War (Auction Check)
11530000039	Regional Capital War (Auction Check)	Regional Capital War (Auction Check)
11530000040	Royal City War (Auction Check)	Royal City War (Auction Check)
11530000041	Irmata, God of Nature (Auction Check)	Irmata, God of Nature (Auction Check)
11530000042	【Adventure Party】Watering Quest	【Adventure Party】Watering Quest
11530000043	【Adventure Party】MVP	【Adventure Party】MVP
11530000044	【Adventure Party】Phantom Realm	【Adventure Party】Phantom Realm
11530000045	【Adventure Party】Realm of the Gods	【Adventure Party】Realm of the Gods
11530000046	【Adventure Party】Kafra Survivor Battle	【Adventure Party】Kafra Survivor Battle
11530000047	Festival Invitation	Festival Invitation
11530000048	Dumby's Request	Dumby's Request
11530000049	Mock Battle	Mock Battle
12390001012	Sun Star Core - Purple	Sun Star Core - Purple
12390001011	Sun Star Core - Green	Sun Star Core - Green
12390001010	Sun Star Core - Blue	Sun Star Core - Blue
12390001009	Solar Star Core - Gray	Solar Star Core - Gray
12390001008	Prism Star Core - Red	Prism Star Core - Red
12390001007	Prism Star Core - Orange	Prism Star Core - Orange
12390001006	Prism Star Core - Purple	Prism Star Core - Purple
12390001005	Prism Star Core - Green	Prism Star Core - Green
12390001004	Prism Star Core - Blue	Prism Star Core - Blue
12390001003	Prism Star Core - Gray	Prism Star Core - Gray
12390001002	Netherworld - Shattered Tower	Netherworld - Shattered Tower
12390001001	Craft Brew	Craft Brew
12390001000	Gingerbread	Gingerbread
12390000999	Hot Cocoa	Hot Cocoa
12390000998	Phantom Fragment	Phantom Fragment
12390000997	Sharp Scale	Sharp Scale
12390000996	Arcane Ore	Arcane Ore
12390000995	Lv. @{1} Equipment Crystal	Lv. @{1} Equipment Crystal
12390000994	Equipment Crystal	Equipment Crystal
12390000993	Advanced Forging Totem	Advanced Forging Totem
12390000992	Intermediate Forging Totem	Intermediate Forging Totem
12390000991	Basic Forging Totem	Basic Forging Totem
12390000990	Advanced Diamond	Advanced Diamond
12390000989	Diamond	Diamond
12390000988	Red Card Fragment	Red Card Fragment
12390000987	Orange Cards Fragment	Orange Cards Fragment
12390000986	Epic Card Fragment	Epic Card Fragment
12390000985	Blue-Green Card Fragment	Blue-Green Card Fragment
12390000984	Storage Expansion Voucher (No Function Yet)	Storage Expansion Voucher (No Function Yet)
12390000983	Backpack Expansion Voucher (No Function Yet)	Backpack Expansion Voucher (No Function Yet)
12390000982	Skill Reset Rod (No Function Yet)	Skill Reset Rod (No Function Yet)
12390000981	Stat Reset Stone (No Function Yet)	Stat Reset Stone (No Function Yet)
12390000980	Starlight Silk IX	Starlight Silk IX
12390000979	Starlight Silk VIII	Starlight Silk VIII
12390000978	Starlight Silk VII	Starlight Silk VII
12390000977	Starlight Silk VI	Starlight Silk VI
12390000976	Starlight Silk V	Starlight Silk V
12390000975	Starlight Silk IV	Starlight Silk IV
12390000974	Starlight Silk III	Starlight Silk III
12390000973	Starlight Silk II	Starlight Silk II
12390000972	Starlight Silk I	Starlight Silk I
12390000971	Star Diamond IX	Star Diamond IX
12390000970	Star Diamond VIII	Star Diamond VIII
12390000969	Star Diamond VII	Star Diamond VII
12390000968	Star Diamond VI	Star Diamond VI
12390000967	Star Diamond V	Star Diamond V
12390000966	Star Diamond IV	Star Diamond IV
12390000965	Star Diamond III	Star Diamond III
12390000964	Star Diamond II	Star Diamond II
12390000963	Star Diamond I	Star Diamond I
12390000962	Legendary Accessory Gem	Legendary Accessory Gem
12390000961	Blessed Accessory Ore	Blessed Accessory Ore
12390000960	Legendary Armor Ore	Legendary Armor Ore
12390000959	Blessed Armor Ore	Blessed Armor Ore
12390000958	Legendary Weapon Ore	Legendary Weapon Ore
12390000957	Blessed Weapon Ore	Blessed Weapon Ore
12390000956	High-Density Enriched Elunium	High-Density Enriched Elunium
12390000955	High-Density Enriched Oridecon	High-Density Enriched Oridecon
12390000954	Enriched Elunium	Enriched Elunium
12390000953	Elunium	Elunium
12390000952	Enriched Oridecon	Enriched Oridecon
12390000951	Oridecon	Oridecon
12390000950	South Gate Reunion Invitation	South Gate Reunion Invitation
12390000949	Melody Conch	Melody Conch
12390000948	Note · Ti	Note · Ti
12390000947	Note · La	Note · La
12390000946	Note · So	Note · So
12390000945	Note · Fa	Note · Fa
12390000944	Note · Mi	Note · Mi
12390000943	Note · Re	Note · Re
12390000942	Note · Do	Note · Do
12390000941	Treasure Clue: Cache by the Wall	Treasure Clue: Cache by the Wall
12390000940	Treasure Clue: Dummy's Old Contract	Treasure Clue: Dummy's Old Contract
12390000939	Treasure Clue: Treasure Hidden in the Bridge's Cracks	Treasure Clue: Treasure Hidden in the Bridge's Cracks
12390000938	Treasure Clue: Statue's Secret Compartment	Treasure Clue: Statue's Secret Compartment
12390000937	Treasure Clue: Unfulfilled Promise	Treasure Clue: Unfulfilled Promise
12390000936	Treasure Clue: Merchant's Secret Compartment	Treasure Clue: Merchant's Secret Compartment
12390000935	Treasure Clue: Artisan's Legacy	Treasure Clue: Artisan's Legacy
12390000934	Treasure Clue: Butterfly's Promise	Treasure Clue: Butterfly's Promise
12390000933	Treasure Clue: Bridge Center Cache	Treasure Clue: Bridge Center Cache
12390000932	Treasure Clue: Camp Embers	Treasure Clue: Camp Embers
12390000931	Treasure Clue: Silver-Clad Shadow	Treasure Clue: Silver-Clad Shadow
12390000930	Treasure Clue: Bookshelf Relic	Treasure Clue: Bookshelf Relic
12390000929	Treasure Clue: Courtyard Cache	Treasure Clue: Courtyard Cache
12390000928	Treasure Clue: Monk's Gift	Treasure Clue: Monk's Gift
12390000927	Treasure Clue: Dead End Cache	Treasure Clue: Dead End Cache
12390000926	Treasure Map Fragment (Destination)	Treasure Map Fragment (Destination)
12390000925	Treasure Map Fragment (Guidance)	Treasure Map Fragment (Guidance)
12390000924	Treasure Map Fragment (Omen)	Treasure Map Fragment (Omen)
12390000923	Rare Treasure Map	Rare Treasure Map
12390000922	Standard Treasure Map	Standard Treasure Map
12390000921	Box of the Future	Box of the Future
12390000920	Crystal of Oaths	Crystal of Oaths
12390000919	Crystal of Regret	Crystal of Regret
12390000918	Crystal of Confusion	Crystal of Confusion
12390000917	Crystal of Joy	Crystal of Joy
12390000916	Crystal of Pain	Crystal of Pain
12390000915	Adventure Coins	Adventure Coins
12390000914	Pass Gift	Pass Gift
12390000913	Emerald Realm Breaker Scroll · Accessory-Red	Emerald Realm Breaker Scroll · Accessory-Red
12390000912	Azure Realm Breaker Scroll · Accessory-Red	Azure Realm Breaker Scroll · Accessory-Red
12390000911	Golden Realm Breaker Scroll · Accessory-Red	Golden Realm Breaker Scroll · Accessory-Red
12390000910	Crimson Realm Breaker Scroll · Accessory-Red	Crimson Realm Breaker Scroll · Accessory-Red
12390000909	Life Percentage · Accessory-Orange	Life Percentage · Accessory-Orange
12390000908	Magic Breaker Scroll · Accessory-Orange	Magic Breaker Scroll · Accessory-Orange
12390000907	Siegebreaker Scroll · Accessory-Orange	Siegebreaker Scroll · Accessory-Orange
12390000906	Arcane Scroll · Accessory-Orange	Arcane Scroll · Accessory-Orange
12390000905	God of War Scroll · Accessory-Orange	God of War Scroll · Accessory-Orange
12390000904	Oak Scroll · Accessory-Orange	Oak Scroll · Accessory-Orange
12390000903	Life Percentage · Accessory-Purple	Life Percentage · Accessory-Purple
12390000902	Magic Breaker Scroll · Accessory-Purple	Magic Breaker Scroll · Accessory-Purple
12390000901	Siegebreaker Scroll · Accessory-Purple	Siegebreaker Scroll · Accessory-Purple
12390000900	Arcane Scroll · Accessory-Purple	Arcane Scroll · Accessory-Purple
12390000899	God of War Scroll · Accessory-Purple	God of War Scroll · Accessory-Purple
12390000898	Oak Scroll · Accessory-Purple	Oak Scroll · Accessory-Purple
12390000897	Life Percentage · Accessory-Blue	Life Percentage · Accessory-Blue
12390000896	Magic Breaker Scroll · Accessory-Blue	Magic Breaker Scroll · Accessory-Blue
12390000895	Siegebreaker Scroll · Accessory-Blue	Siegebreaker Scroll · Accessory-Blue
12390000894	Arcane Scroll · Accessory-Blue	Arcane Scroll · Accessory-Blue
12390000893	God of War Scroll · Accessory-Blue	God of War Scroll · Accessory-Blue
12390000892	Oak Scroll · Accessory-Blue	Oak Scroll · Accessory-Blue
12390000891	Life Percentage · Accessory-Green	Life Percentage · Accessory-Green
12390000890	Magic Breaker Scroll · Accessory-Green	Magic Breaker Scroll · Accessory-Green
12390000889	Siegebreaker Scroll · Accessory-Green	Siegebreaker Scroll · Accessory-Green
12390000888	Arcane Scroll · Accessory-Green	Arcane Scroll · Accessory-Green
12390000887	God of War Scroll · Accessory-Green	God of War Scroll · Accessory-Green
12390000886	Oak Scroll · Accessory-Green	Oak Scroll · Accessory-Green
12390000885	Emerald Realm Ward Scroll · Shoes-Red	Emerald Realm Ward Scroll · Shoes-Red
12390000884	Azure Realm Ward Scroll · Shoes-Red	Azure Realm Ward Scroll · Shoes-Red
12390000883	Golden Realm Ward Scroll · Shoes-Red	Golden Realm Ward Scroll · Shoes-Red
12390000882	Crimson Realm Ward Scroll · Shoes-Red	Crimson Realm Ward Scroll · Shoes-Red
12390000881	Life Percentage · Shoes-Orange	Life Percentage · Shoes-Orange
12390000880	Magic Ward Scroll · Shoes-Orange	Magic Ward Scroll · Shoes-Orange
12390000879	Bulwark Scroll · Shoes-Orange	Bulwark Scroll · Shoes-Orange
12390000878	Oak Scroll · Shoes-Orange	Oak Scroll · Shoes-Orange
12390000877	Life Percentage · Shoes-Purple	Life Percentage · Shoes-Purple
12390000876	Magic Ward Scroll · Shoes-Purple	Magic Ward Scroll · Shoes-Purple
12390000875	Bulwark Scroll · Shoes-Purple	Bulwark Scroll · Shoes-Purple
12390000874	Oak Scroll · Shoes-Purple	Oak Scroll · Shoes-Purple
12390000873	Life Percentage · Shoes-Blue	Life Percentage · Shoes-Blue
12390000872	Magic Ward Scroll · Shoes-Blue	Magic Ward Scroll · Shoes-Blue
12390000871	Bulwark Scroll · Shoes-Blue	Bulwark Scroll · Shoes-Blue
12390000870	Oak Scroll · Shoes-Blue	Oak Scroll · Shoes-Blue
12390000869	Life Percentage · Shoes-Green	Life Percentage · Shoes-Green
12390000868	Magic Ward Scroll · Shoes-Green	Magic Ward Scroll · Shoes-Green
12390000867	Bulwark Scroll · Shoes-Green	Bulwark Scroll · Shoes-Green
12390000866	Oak Scroll · Shoes-Green	Oak Scroll · Shoes-Green
12390000865	Emerald Realm Ward Scroll · Cloak-Red	Emerald Realm Ward Scroll · Cloak-Red
12390000864	Azure Realm Ward Scroll · Cloak-Red	Azure Realm Ward Scroll · Cloak-Red
12390000863	Golden Realm Ward Scroll · Cloak-Red	Golden Realm Ward Scroll · Cloak-Red
12390000862	Crimson Realm Ward Scroll · Cloak-Red	Crimson Realm Ward Scroll · Cloak-Red
12390000861	Life Percentage · Cloak-Orange	Life Percentage · Cloak-Orange
12390000860	Magic Ward Scroll · Cloak-Orange	Magic Ward Scroll · Cloak-Orange
12390000859	Bulwark Scroll · Cloak-Orange	Bulwark Scroll · Cloak-Orange
12390000858	Oak Scroll · Cloak-Orange	Oak Scroll · Cloak-Orange
12390000857	Life Percentage · Cloak-Purple	Life Percentage · Cloak-Purple
12390000856	Magic Ward Scroll · Cloak-Purple	Magic Ward Scroll · Cloak-Purple
12390000855	Bulwark Scroll·Cloak-Purple	Bulwark Scroll·Cloak-Purple
12390000854	Oak Scroll·Cloak-Purple	Oak Scroll·Cloak-Purple
12390000853	Life Percentage·Cloak-Blue	Life Percentage·Cloak-Blue
12390000852	Magic Ward Scroll·Cloak-Blue	Magic Ward Scroll·Cloak-Blue
12390000851	Bulwark Scroll·Cloak-Blue	Bulwark Scroll·Cloak-Blue
12390000850	Oak Scroll·Cloak-Blue	Oak Scroll·Cloak-Blue
12390000849	Life Percentage·Cloak-Green	Life Percentage·Cloak-Green
12390000848	Magic Ward Scroll·Cloak-Green	Magic Ward Scroll·Cloak-Green
12390000847	Bulwark Scroll·Cloak-Green	Bulwark Scroll·Cloak-Green
12390000846	Oak Scroll·Cloak-Green	Oak Scroll·Cloak-Green
12390000845	Emerald Realmguard Scroll·Armor-Red	Emerald Realmguard Scroll·Armor-Red
12390000844	Azure Realmguard Scroll·Armor-Red	Azure Realmguard Scroll·Armor-Red
12390000843	Golden Realmguard Scroll·Armor-Red	Golden Realmguard Scroll·Armor-Red
12390000842	Crimson Realmguard Scroll·Armor-Red	Crimson Realmguard Scroll·Armor-Red
12390000841	Life Percentage·Armor-Orange	Life Percentage·Armor-Orange
12390000840	Fate Scroll·Armor-Orange	Fate Scroll·Armor-Orange
12390000839	Hummingbird Scroll·Armor-Orange	Hummingbird Scroll·Armor-Orange
12390000838	Ymir Scroll·Armor-Orange	Ymir Scroll·Armor-Orange
12390000837	Mountain Scroll·Armor-Orange	Mountain Scroll·Armor-Orange
12390000836	Hawkeye Scroll·Armor-Orange	Hawkeye Scroll·Armor-Orange
12390000835	Giant Scroll·Armor-Orange	Giant Scroll·Armor-Orange
12390000834	Life Percentage·Armor-Purple	Life Percentage·Armor-Purple
12390000833	Fate Scroll·Armor-Purple	Fate Scroll·Armor-Purple
12390000832	Hummingbird Scroll·Armor-Purple	Hummingbird Scroll·Armor-Purple
12390000831	Ymir Scroll·Armor-Purple	Ymir Scroll·Armor-Purple
12390000830	Mountain Scroll·Armor-Purple	Mountain Scroll·Armor-Purple
12390000829	Hawkeye Scroll·Armor-Purple	Hawkeye Scroll·Armor-Purple
12390000828	Giant Scroll·Armor-Purple	Giant Scroll·Armor-Purple
12390000827	Life Percentage·Armor-Blue	Life Percentage·Armor-Blue
12390000826	Fate Scroll·Armor-Blue	Fate Scroll·Armor-Blue
12390000825	Hummingbird Scroll·Armor-Blue	Hummingbird Scroll·Armor-Blue
12390000824	Ymir Scroll·Armor-Blue	Ymir Scroll·Armor-Blue
12390000823	Mountain Scroll·Armor-Blue	Mountain Scroll·Armor-Blue
12390000822	Hawkeye Scroll·Armor-Blue	Hawkeye Scroll·Armor-Blue
12390000821	Giant Scroll·Armor-Blue	Giant Scroll·Armor-Blue
12390000820	Life Percentage·Armor-Green	Life Percentage·Armor-Green
12390000819	Fate Scroll·Armor-Green	Fate Scroll·Armor-Green
12390000818	Hummingbird Scroll·Armor-Green	Hummingbird Scroll·Armor-Green
12390000817	Ymir Scroll·Armor-Green	Ymir Scroll·Armor-Green
12390000816	Mountain Scroll·Armor-Green	Mountain Scroll·Armor-Green
12390000815	Hawkeye Scroll·Armor-Green	Hawkeye Scroll·Armor-Green
12390000814	Giant Scroll·Armor-Green	Giant Scroll·Armor-Green
12390000813	Emerald Realmguard Scroll·Off-Hand-Red	Emerald Realmguard Scroll·Off-Hand-Red
12390000812	Azure Realmguard Scroll·Off-Hand-Red	Azure Realmguard Scroll·Off-Hand-Red
12390000811	Golden Realmguard Scroll·Off-Hand-Red	Golden Realmguard Scroll·Off-Hand-Red
12390000810	Crimson Realmguard Scroll·Off-Hand-Red	Crimson Realmguard Scroll·Off-Hand-Red
12390000809	Life Percentage·Off-Hand-Orange	Life Percentage·Off-Hand-Orange
12390000808	Fate Scroll·Off-Hand-Orange	Fate Scroll·Off-Hand-Orange
12390000807	Hummingbird Scroll·Off-Hand-Orange	Hummingbird Scroll·Off-Hand-Orange
12390000806	Ymir Scroll·Off-Hand-Orange	Ymir Scroll·Off-Hand-Orange
12390000805	Mountain Scroll·Off-Hand-Orange	Mountain Scroll·Off-Hand-Orange
12390000804	Hawkeye Scroll·Off-Hand-Orange	Hawkeye Scroll·Off-Hand-Orange
12390000803	Giant Scroll·Off-Hand-Orange	Giant Scroll·Off-Hand-Orange
12390000802	Life Percentage·Off-Hand-Purple	Life Percentage·Off-Hand-Purple
12390000801	Fate Scroll·Off-Hand-Purple	Fate Scroll·Off-Hand-Purple
12390000800	Hummingbird Scroll·Off-Hand-Purple	Hummingbird Scroll·Off-Hand-Purple
12390000799	Ymir Scroll·Off-Hand-Purple	Ymir Scroll·Off-Hand-Purple
12390000798	Mountain Scroll·Off-Hand-Purple	Mountain Scroll·Off-Hand-Purple
12390000797	Hawkeye Scroll·Off-Hand-Purple	Hawkeye Scroll·Off-Hand-Purple
12390000796	Giant Scroll·Off-Hand-Purple	Giant Scroll·Off-Hand-Purple
12390000795	Life Percentage·Off-Hand-Blue	Life Percentage·Off-Hand-Blue
12390000794	Fate Scroll·Off-Hand-Blue	Fate Scroll·Off-Hand-Blue
12390000793	Hummingbird Scroll·Off-Hand-Blue	Hummingbird Scroll·Off-Hand-Blue
12390000792	Ymir Scroll·Off-Hand-Blue	Ymir Scroll·Off-Hand-Blue
12390000791	Mountain Scroll·Off-Hand-Blue	Mountain Scroll·Off-Hand-Blue
12390000790	Eagle Eye Scroll·Off-Hand-Blue	Eagle Eye Scroll·Off-Hand-Blue
12390000789	Giant Scroll·Off-Hand-Blue	Giant Scroll·Off-Hand-Blue
12390000788	Life Percentage·Off-Hand-Green	Life Percentage·Off-Hand-Green
12390000787	Fate Scroll·Off-Hand-Green	Fate Scroll·Off-Hand-Green
12390000786	Hummingbird Scroll·Off-Hand-Green	Hummingbird Scroll·Off-Hand-Green
12390000785	Ymir Scroll·Off-Hand-Green	Ymir Scroll·Off-Hand-Green
12390000784	Mountain Scroll·Off-Hand-Green	Mountain Scroll·Off-Hand-Green
12390000783	Eagle Eye Scroll·Off-Hand-Green	Eagle Eye Scroll·Off-Hand-Green
12390000782	Giant Scroll·Off-Hand-Green	Giant Scroll·Off-Hand-Green
12390000781	Emerald Boundary-Breaking Scroll·One-Handed-Red	Emerald Boundary-Breaking Scroll·One-Handed-Red
12390000780	Azure Boundary-Breaking Scroll·One-Handed-Red	Azure Boundary-Breaking Scroll·One-Handed-Red
12390000779	Golden Boundary-Breaking Scroll·One-Handed-Red	Golden Boundary-Breaking Scroll·One-Handed-Red
12390000778	Crimson Boundary-Breaking Scroll·One-Handed-Red	Crimson Boundary-Breaking Scroll·One-Handed-Red
12390000777	Fate Scroll·One-Handed-Orange	Fate Scroll·One-Handed-Orange
12390000776	Hummingbird Scroll·One-Handed-Orange	Hummingbird Scroll·One-Handed-Orange
12390000775	Ymir Scroll·One-Handed-Orange	Ymir Scroll·One-Handed-Orange
12390000774	Mountain Scroll·One-Handed-Orange	Mountain Scroll·One-Handed-Orange
12390000773	Eagle Eye Scroll·One-Handed-Orange	Eagle Eye Scroll·One-Handed-Orange
12390000772	Giant Scroll·One-Handed-Orange	Giant Scroll·One-Handed-Orange
12390000771	Fate Scroll·One-Handed-Purple	Fate Scroll·One-Handed-Purple
12390000770	Hummingbird Scroll·One-Handed-Purple	Hummingbird Scroll·One-Handed-Purple
12390000769	Ymir Scroll·One-Handed-Purple	Ymir Scroll·One-Handed-Purple
12390000768	Mountain Scroll·One-Handed-Purple	Mountain Scroll·One-Handed-Purple
12390000767	Eagle Eye Scroll·One-Handed-Purple	Eagle Eye Scroll·One-Handed-Purple
12390000766	Giant Scroll·One-Handed-Purple	Giant Scroll·One-Handed-Purple
12390000765	Fate Scroll·One-Handed-Blue	Fate Scroll·One-Handed-Blue
12390000764	Hummingbird Scroll·One-Handed-Blue	Hummingbird Scroll·One-Handed-Blue
12390000763	Ymir Scroll·One-Handed-Blue	Ymir Scroll·One-Handed-Blue
12390000762	Mountain Scroll·One-Handed-Blue	Mountain Scroll·One-Handed-Blue
12390000761	Eagle Eye Scroll·One-Handed-Blue	Eagle Eye Scroll·One-Handed-Blue
12390000760	Giant Scroll·One-Handed-Blue	Giant Scroll·One-Handed-Blue
12390000759	Fate Scroll·One-Handed-Green	Fate Scroll·One-Handed-Green
12390000758	Hummingbird Scroll·One-Handed-Green	Hummingbird Scroll·One-Handed-Green
12390000757	Ymir Scroll·One-Handed-Green	Ymir Scroll·One-Handed-Green
12390000756	Mountain Scroll·One-Handed-Green	Mountain Scroll·One-Handed-Green
12390000755	Eagle Eye Scroll·One-Handed-Green	Eagle Eye Scroll·One-Handed-Green
12390000754	Giant Scroll·One-Handed-Green	Giant Scroll·One-Handed-Green
12390000753	Emerald Boundary-Breaking Scroll·Dual-Wield-Red	Emerald Boundary-Breaking Scroll·Dual-Wield-Red
12390000752	Azure Boundary-Breaking Scroll·Dual-Wield-Red	Azure Boundary-Breaking Scroll·Dual-Wield-Red
12390000751	Golden Boundary-Breaking Scroll·Dual-Wield-Red	Golden Boundary-Breaking Scroll·Dual-Wield-Red
12390000750	Crimson Boundary-Breaking Scroll·Dual-Wield-Red	Crimson Boundary-Breaking Scroll·Dual-Wield-Red
12390000749	Life Percentage·Dual-Wield-Orange	Life Percentage·Dual-Wield-Orange
12390000748	Fate Scroll·Dual-Wield-Orange	Fate Scroll·Dual-Wield-Orange
12390000747	Hummingbird Scroll·Dual-Wield-Orange	Hummingbird Scroll·Dual-Wield-Orange
12390000746	Ymir Scroll·Dual-Wield-Orange	Ymir Scroll·Dual-Wield-Orange
12390000745	Mountain Scroll·Dual-Wield-Orange	Mountain Scroll·Dual-Wield-Orange
12390000744	Eagle Eye Scroll·Dual-Wield-Orange	Eagle Eye Scroll·Dual-Wield-Orange
12390000743	Giant Scroll·Dual-Wield-Orange	Giant Scroll·Dual-Wield-Orange
12390000742	Life Percentage·Dual-Wield-Purple	Life Percentage·Dual-Wield-Purple
12390000741	Fate Scroll·Dual-Wield-Purple	Fate Scroll·Dual-Wield-Purple
12390000740	Hummingbird Scroll·Dual-Wield-Purple	Hummingbird Scroll·Dual-Wield-Purple
12390000739	Ymir Scroll·Dual-Wield-Purple	Ymir Scroll·Dual-Wield-Purple
12390000738	Mountain Scroll·Dual-Wield-Purple	Mountain Scroll·Dual-Wield-Purple
12390000737	Eagle Eye Scroll·Dual-Wield-Purple	Eagle Eye Scroll·Dual-Wield-Purple
12390000736	Giant Scroll·Dual-Wield-Purple	Giant Scroll·Dual-Wield-Purple
12390000735	Life Percentage · Dual Wield - Blue	Life Percentage · Dual Wield - Blue
12390000734	Destiny Scroll · Dual Wield - Blue	Destiny Scroll · Dual Wield - Blue
12390000733	Hummingbird Scroll · Dual Wield - Blue	Hummingbird Scroll · Dual Wield - Blue
12390000732	Ymir Scroll · Dual Wield - Blue	Ymir Scroll · Dual Wield - Blue
12390000731	Mountain Scroll · Dual Wield - Blue	Mountain Scroll · Dual Wield - Blue
12390000730	Eagle Eye Scroll · Dual Wield - Blue	Eagle Eye Scroll · Dual Wield - Blue
12390000729	Giant Scroll · Dual Wield - Blue	Giant Scroll · Dual Wield - Blue
12390000728	Life Percentage · Dual Wield - Green	Life Percentage · Dual Wield - Green
12390000727	Destiny Scroll · Dual Wield - Green	Destiny Scroll · Dual Wield - Green
12390000726	Hummingbird Scroll · Dual Wield - Green	Hummingbird Scroll · Dual Wield - Green
12390000725	Ymir Scroll · Dual Wield - Green	Ymir Scroll · Dual Wield - Green
12390000724	Mountain Scroll · Dual Wield - Green	Mountain Scroll · Dual Wield - Green
12390000723	Eagle Eye Scroll · Dual Wield - Green	Eagle Eye Scroll · Dual Wield - Green
12390000722	Giant Scroll · Dual Wield - Green	Giant Scroll · Dual Wield - Green
12390000721	Lord's Mane	Lord's Mane
12390000720	Giant Snake Egg	Giant Snake Egg
12390000719	Snake Gallbladder	Snake Gallbladder
12390000718	Tree Bark	Tree Bark
12390000717	Memory Particle Storage Unit	Memory Particle Storage Unit
12390000716	Professor's Notes	Professor's Notes
12390000715	Proof of Trial	Proof of Trial
12390000714	Expired Flatbread	Expired Flatbread
12390000713	Whispering Flower	Whispering Flower
12390000712	Eddga Hide	Eddga Hide
12390000711	High-Quality Sticky Mucus	High-Quality Sticky Mucus
12390000710	Cleaver's Testimony	Cleaver's Testimony
12390000709	Nita's Testimony	Nita's Testimony
12390000708	Hollgrehenn's Testimony	Hollgrehenn's Testimony
12390000707	Pathfinder Ant	Pathfinder Ant
12390000706	Teleport Key	Teleport Key
12390000705	Outpost Key	Outpost Key
12390000704	Dark Flak Cannon	Dark Flak Cannon
12390000703	Holy Flak Cannon	Holy Flak Cannon
12390000702	Lightning Raven	Lightning Raven
12390000701	Holy Rocket Launcher	Holy Rocket Launcher
12390000700	Poring Cannon	Poring Cannon
12390000699	Madogear Pilot Repair	Madogear Pilot Repair
12390000698	Peco Peco	Peco Peco
12390000697	Tank	Tank
12390000696	Adamantine Madogear	Adamantine Madogear
12390000695	Mithril Madogear	Mithril Madogear
12390000694	Steel Madogear	Steel Madogear
12390000693	Rocket Launcher	Rocket Launcher
12390000692	Anti-Aircraft Gun	Anti-Aircraft Gun
12390000691	Flying Raven	Flying Raven
12390000690	Arm Cannon	Arm Cannon
12390000689	Plain Balloon	Plain Balloon
12390000688	Dazzling Fireworks	Dazzling Fireworks
12390000687	Golden Fireworks	Golden Fireworks
12390000686	Sparkler	Sparkler
12390000685	Happy Sparkling Balloon	Happy Sparkling Balloon
12390000684	Cute Sparkling Balloon	Cute Sparkling Balloon
12390000683	Sparkling Balloon	Sparkling Balloon
12390000682	Lunatic Horn	Lunatic Horn
12390000681	Deviruchi Horn	Deviruchi Horn
12390000680	Small Horn	Small Horn
12390000679	Stone Arrow	Stone Arrow
12390000678	Arrow of Wind	Arrow of Wind
12390000677	Silver Arrow	Silver Arrow
12390000676	Crystal Arrow	Crystal Arrow
12390000675	Fire Arrow	Fire Arrow
12390000674	Steel Arrow	Steel Arrow
12390000673	Arrow	Arrow
12390000672	Quest Fly Wing	Quest Fly Wing
12390000671	Yggdrasil Leaf	Yggdrasil Leaf
12390000670	Bloody Branch	Bloody Branch
12390000669	Dead Branch	Dead Branch
12390000668	Fly Wing	Fly Wing
12390000667	Butterfly Wing	Butterfly Wing
12390000666	Life Crystal@{1}	Life Crystal@{1}
12390000665	Life Crystal	Life Crystal
12390000664	Magic DEF Crystal	Magic DEF Crystal
12390000663	Mana Crystal	Mana Crystal
12390000662	Shield Crystal	Shield Crystal
12390000661	Blade Crystal	Blade Crystal
12390000660	Citruswood Fruit Tea	Citruswood Fruit Tea
12390000659	Woody Grape Drink	Woody Grape Drink
12390000658	Lemon Herbal Tea	Lemon Herbal Tea
12390000657	Pure Lemon Water	Pure Lemon Water
12390000656	Strawberry Cocoa Crunch Bar	Strawberry Cocoa Crunch Bar
12390000655	Berry Herbal Tea	Berry Herbal Tea
12390000654	Colorful Lollipop	Colorful Lollipop
12390000653	Cocoa Pudding	Cocoa Pudding
12390000652	Spicy Fried Rice	Spicy Fried Rice
12390000651	Spicy Herb Wrap	Spicy Herb Wrap
12390000650	Herb Porridge	Herb Porridge
12390000649	Meat Bun	Meat Bun
12390000648	Mixed Fruit Juice	Mixed Fruit Juice
12390000647	Grape Sparkling Water	Grape Sparkling Water
12390000646	Refreshing Lemon Brew	Refreshing Lemon Brew
12390000645	Green Lemon Cocktail	Green Lemon Cocktail
12390000644	Grape Wine	Grape Wine
12390000643	Hot Strawberry Cocoa Milk	Hot Strawberry Cocoa Milk
12390000642	Strawberry Milkshake	Strawberry Milkshake
12390000641	Vanilla Hot Cocoa	Vanilla Hot Cocoa
12390000640	Strawberry Cocoa Truffle	Strawberry Cocoa Truffle
12390000639	Strawberry Hard Candy	Strawberry Hard Candy
12390000638	Spicy Meat Patty	Spicy Meat Patty
12390000637	Chili Beast Steak	Chili Beast Steak
12390000636	Grilled Mushroom Skewers	Grilled Mushroom Skewers
12390000635	Mushroom Tomato Soup	Mushroom Tomato Soup
12390000634	Creamy Tomato Soup	Creamy Tomato Soup
12390000633	Yor's Kitchen Creation	Yor's Kitchen Creation
12390000632	Quick-acting White Potion	Quick-acting White Potion
12390000631	Panacea	Panacea
12390000630	Panacea	Panacea
12390000629	Superior Fountain of Life	Superior Fountain of Life
12390000628	Superior Spirit Potion	Superior Spirit Potion
12390000627	Superior Vitality Potion	Superior Vitality Potion
12390000626	Superior Green Potion	Superior Green Potion
12390000625	Fountain of Life	Fountain of Life
12390000624	Holy Spirit Potion	Holy Spirit Potion
12390000623	Vitality Potion	Vitality Potion
12390000622	Red Potion	Red Potion
12390000621	Green Potion	Green Potion
12390000620	Condensed Blue Potion	Condensed Blue Potion
12390000619	Blue Potion	Blue Potion
12390000618	Superior Yellow Potion	Superior Yellow Potion
12390000617	Superior Orange Potion	Superior Orange Potion
12390000616	Superior Red Potion	Superior Red Potion
12390000615	Superior Breath Medicine	Superior Breath Medicine
12390000614	Concentrated Breath Medicine	Concentrated Breath Medicine
12390000613	First Aid Breath Medicine	First Aid Breath Medicine
12390000612	Potent Breath Medicine	Potent Breath Medicine
12390000611	Premium Breath Medicine	Premium Breath Medicine
12390000610	Gentle Breath Medicine	Gentle Breath Medicine
12390000609	Refreshing Breath Medicine	Refreshing Breath Medicine
12390000608	White Potion	White Potion
12390000607	Yellow Potion	Yellow Potion
12390000606	Orange Potion	Orange Potion
12390000605	Beginner Potion	Beginner Potion
12390000604	Feather Spirit	Feather Spirit
12390000603	Feather Flame	Feather Flame
12390000602	Constellation	Constellation
12390000601	Star Chain	Star Chain
12390000600	Christmas Stocking	Christmas Stocking
12390000599	FIRE	FIRE
12390000598	Take It Easy	Take It Easy
12390000597	Lv. @{1} Two-Handed Spear (Lance Knight Only, No BD)	Lv. @{1} Two-Handed Spear (Lance Knight Only, No BD)
12390000596	Lv. @{1} Shield (No BD)	Lv. @{1} Shield (No BD)
12390000595	Lv. @{1} Katar (No BD)	Lv. @{1} Katar (No BD)
12390000594	Lv. @{1} Bow (No BD)	Lv. @{1} Bow (No BD)
12390000593	Lv. @{1} Staff (No BD)	Lv. @{1} Staff (No BD)
12390000592	Lv. @{1} Wand (No BD)	Lv. @{1} Wand (No BD)
12390000591	Lv. @{1} Mace (No BD)	Lv. @{1} Mace (No BD)
12390000590	Lv. @{1} Two-Handed Axe (No BD)	Lv. @{1} Two-Handed Axe (No BD)
12390000589	Lv. @{1} One-Handed Axe (No BD)	Lv. @{1} One-Handed Axe (No BD)
12390000588	Lv. @{1} Two-Handed Spear (No BD)	Lv. @{1} Two-Handed Spear (No BD)
12390000587	Lv. @{1} One-Handed Spear (No BD)	Lv. @{1} One-Handed Spear (No BD)
12390000586	Lv. @{1} Two-Handed Sword (No BD)	Lv. @{1} Two-Handed Sword (No BD)
12390000585	Lv. @{1} One-Handed Sword (No BD)	Lv. @{1} One-Handed Sword (No BD)
12390000584	Lv. @{1} Dagger (No BD)	Lv. @{1} Dagger (No BD)
12390000583	Lv. @{1} Two-Handed Spear (Lance Knight Only)	Lv. @{1} Two-Handed Spear (Lance Knight Only)
12390000582	Lv. @{1} @{2} Shield	Lv. @{1} @{2} Shield
12390000581	Lv. @{1} @{2} Katar	Lv. @{1} @{2} Katar
12390000580	Lv. @{1} @{2} Bow	Lv. @{1} @{2} Bow
12390000579	Lv. @{1} @{2} Staff	Lv. @{1} @{2} Staff
12390000578	Lv. @{1} @{2} Wand	Lv. @{1} @{2} Wand
12390000577	Lv. @{1} @{2} Mace	Lv. @{1} @{2} Mace
12390000576	Lv. @{1} @{2} Two-Handed Axe	Lv. @{1} @{2} Two-Handed Axe
12390000575	Lv. @{1} @{2} One-Handed Axe	Lv. @{1} @{2} One-Handed Axe
12390000574	Lv. @{1} @{2} Two-Handed Spear	Lv. @{1} @{2} Two-Handed Spear
12390000573	Lv. @{1} @{2} One-Handed Spear	Lv. @{1} @{2} One-Handed Spear
12390000572	Lv. @{1} @{2} Two-Handed Sword	Lv. @{1} @{2} Two-Handed Sword
12390000571	Lv. @{1} @{2} One-Handed Sword	Lv. @{1} @{2} One-Handed Sword
12390000570	Lv. @{1} @{2} Dagger	Lv. @{1} @{2} Dagger
12390000569	Lv. @{1} Shield	Lv. @{1} Shield
12390000568	Lv. @{1} Katar	Lv. @{1} Katar
12390000567	Lv. @{1} Bow	Lv. @{1} Bow
12390000566	Lv. @{1} Staff	Lv. @{1} Staff
12390000565	Lv. @{1} Wand	Lv. @{1} Wand
12390000564	Lv. @{1} Mace	Lv. @{1} Mace
12390000563	Lv. @{1} Two-Handed Axe	Lv. @{1} Two-Handed Axe
12390000562	Lv. @{1} One-Handed Axe	Lv. @{1} One-Handed Axe
12390000561	Lv. @{1} Two-Handed Spear	Lv. @{1} Two-Handed Spear
12390000560	Lv. @{1} One-Handed Spear	Lv. @{1} One-Handed Spear
12390000559	Lv. @{1} Two-Handed Sword	Lv. @{1} Two-Handed Sword
12390000558	Lv. @{1} One-Handed Sword	Lv. @{1} One-Handed Sword
12390000557	Lv. @{1} Dagger	Lv. @{1} Dagger
12390000556	Super Arena Beck Battle Axe@{1}	Super Arena Beck Battle Axe@{1}
12390000555	Super Arena Earth Spirit Spear	Super Arena Earth Spirit Spear
12390000554	Super Arena Bow@{1}	Super Arena Bow@{1}
12390000553	Super Arena Knight Spear	Super Arena Knight Spear
12390000552	Super Arena Two-Handed Sword	Super Arena Two-Handed Sword
12390000551	Super Arena Katar	Super Arena Katar
12390000550	Super Tournament Dagger	Super Tournament Dagger
12390000549	Super Tournament Rod	Super Tournament Rod
12390000548	Superior Beck Battle Axe@{1}	Superior Beck Battle Axe@{1}
12390000547	Superior Earth Spirit Spear	Superior Earth Spirit Spear
12390000546	Superior Bow@{1}	Superior Bow@{1}
12390000545	Superior Knight Spear	Superior Knight Spear
12390000544	Superior Two-Handed Sword	Superior Two-Handed Sword
12390000543	Superior Katar	Superior Katar
12390000542	Superior Dagger	Superior Dagger
12390000541	Superior Rod	Superior Rod
12390000540	Advanced Beck Battle Axe@{1}	Advanced Beck Battle Axe@{1}
12390000539	Advanced Earth Spirit Spear	Advanced Earth Spirit Spear
12390000538	Advanced Bow@{1}	Advanced Bow@{1}
12390000537	Advanced Knight Spear	Advanced Knight Spear
12390000536	Advanced Two-Handed Sword	Advanced Two-Handed Sword
12390000535	Advanced Katar	Advanced Katar
12390000534	Advanced Dagger	Advanced Dagger
12390000533	Advanced Rod	Advanced Rod
12390000532	Intermediate Beck Battle Axe@{1}	Intermediate Beck Battle Axe@{1}
12390000531	Intermediate Earth Spirit Spear	Intermediate Earth Spirit Spear
12390000530	Intermediate Bow@{1}	Intermediate Bow@{1}
12390000529	Intermediate Knight Spear	Intermediate Knight Spear
12390000528	Intermediate Two-Handed Sword	Intermediate Two-Handed Sword
12390000527	Intermediate Katar	Intermediate Katar
12390000526	Intermediate Dagger	Intermediate Dagger
12390000525	Intermediate Rod	Intermediate Rod
12390000524	Basic Beck Battle Axe@{1}	Basic Beck Battle Axe@{1}
12390000523	Basic Earth Spirit Spear	Basic Earth Spirit Spear
12390000522	Basic Bow@{1}	Basic Bow@{1}
12390000521	Basic Knight Spear	Basic Knight Spear
12390000520	Basic Two-Handed Sword	Basic Two-Handed Sword
12390000519	Basic Katar	Basic Katar
12390000518	Basic Dagger	Basic Dagger
12390000517	Basic Rod	Basic Rod
12390000516	Flower Ring	Flower Ring
12390000515	Rosary	Rosary
12390000514	Diamond Ring	Diamond Ring
12390000513	Gold Ring	Gold Ring
121000	Not enough Required Materials to Enchant.	Not enough Required Materials to Enchant.
121001	Current Equipment already has an Enchant with the same name. Replace it?	Current Equipment already has an Enchant with the same name. Replace it?
121002	Continue Enchanting	Continue Enchanting
121003	Cancel	Cancel
121004	Select the equipment slot to Enchant.	Select the equipment slot to Enchant.
121005	${1}+ (${2}~${3})	${1}+ (${2}~${3})
121006	Chance to unlock a new slot or replace an existing Enchant.	Chance to unlock a new slot or replace an existing Enchant.
121007	Randomly replaces an existing Enchant.	Randomly replaces an existing Enchant.
121008	All equipment Enchant attributes will be removed when the Season ends.	All equipment Enchant attributes will be removed when the Season ends.
121009	No equipment available.	No equipment available.
121010	Select an Enchant formula.	Select an Enchant formula.
121011	Enchant Cost	Enchant Cost
121012	Unlock New Slot	Unlock New Slot
121013	Replace (${1})	Replace (${1})
12390000512	Clip	Clip
12390000511	Gloves	Gloves
12390000510	Novice Necklace	Novice Necklace
12390000509	Amulet	Amulet
12390000508	Novice Earrings	Novice Earrings
12390000507	Earrings	Earrings
12390000506	Novice Ring	Novice Ring
12390000505	Ring	Ring
12390000504	Vidar's Boots	Vidar's Boots
12390000503	Bunny Slippers	Bunny Slippers
12390000502	Goibne's Greaves	Goibne's Greaves
12390000501	Fricco's Shoes	Fricco's Shoes
12390000500	Safety Shoes	Safety Shoes
12390000499	Boots	Boots
12390000498	Novice Greaves	Novice Greaves
12390000497	Greaves	Greaves
12390000496	Novice Boots	Novice Boots
12390000495	Shoes	Shoes
12390000494	Novice Sandals	Novice Sandals
12390000493	Sandals	Sandals
12390000492	Falcon Cloak	Falcon Cloak
12390000491	Soldier Skeleton's Cloak	Soldier Skeleton's Cloak
12390000490	Vali's Cloak	Vali's Cloak
12390000489	Armored Pauldrons	Armored Pauldrons
12390000488	Survivor's Cloak	Survivor's Cloak
12390000487	Ancient Cloak	Ancient Cloak
12390000486	Novice Cloak	Novice Cloak
12390000485	Cloak	Cloak
12390000484	Novice Pauldrons	Novice Pauldrons
12390000483	Pauldrons	Pauldrons
12390000482	Novice Hooded Pauldrons	Novice Hooded Pauldrons
12390000481	Hooded Pauldrons	Hooded Pauldrons
12390000480	Steel Armor	Steel Armor
12390000479	Silk Robe	Silk Robe
12390000478	Steel Chain Mail	Steel Chain Mail
12390000477	Iron Armor	Iron Armor
12390000476	Mink Coat-STR/VIT-DEF	Mink Coat-STR/VIT-DEF
12390000475	Mink Coat-DEX/AGI-ATK	Mink Coat-DEX/AGI-ATK
12390000474	Mink Coat-INT/DEX-ATK	Mink Coat-INT/DEX-ATK
12390000473	Mink Coat-STR/VIT-ATK	Mink Coat-STR/VIT-ATK
12390000472	Mink Coat-STR/LUK-ATK	Mink Coat-STR/LUK-ATK
12390000471	Mink Coat-STR/AGI-ATK	Mink Coat-STR/AGI-ATK
12390000470	Mink Coat	Mink Coat
12390000469	Adventurer's Suit	Adventurer's Suit
12390000468	Novice Coat	Novice Coat
12390000467	Coat	Coat
12390000466	Novice Leather Jacket	Novice Leather Jacket
12390000465	Leather Jacket	Leather Jacket
12390000464	Novice Cotton Shirt	Novice Cotton Shirt
12390000463	Cotton Shirt	Cotton Shirt
12390000462	Holy Guard	Holy Guard
12390000461	Archangel's Shield	Archangel's Shield
12390000460	Strong Shield	Strong Shield
12390000459	Valkyrja's Shield	Valkyrja's Shield
12390000458	Stone Buckler	Stone Buckler
12390000457	Thorny Buckler	Thorny Buckler
12390000456	Novice Steel Shield	Novice Steel Shield
12390000455	Shield	Shield
12390000454	Novice Buckler	Novice Buckler
12390000453	Buckler	Buckler
12390000452	Novice Iron Shield	Novice Iron Shield
12390000451	Guard	Guard
12390000450	Wind Spirit Katar	Wind Spirit Katar
12390000449	Evil Katar	Evil Katar
12390000448	Loki's Nail	Loki's Nail
12390000447	Infiltrator	Infiltrator
12390000446	Wraith Katar	Wraith Katar
12390000445	Katar of Dusty Thornbush	Katar of Dusty Thornbush
12390000444	Novice Secret Blade: Dark Howl	Novice Secret Blade: Dark Howl
12390000443	Secret Blade: Dark Howl	Secret Blade: Dark Howl
12390000442	Novice Katar Blade	Novice Katar Blade
12390000441	Katar	Katar
12390000440	Novice Katar	Novice Katar
12390000439	Katar	Katar
12390000438	Luna Bow	Luna Bow
12390000437	Eblere Bow	Eblere Bow
12390000436	Ixion Wing	Ixion Wing
12390000435	Rudra Bow	Rudra Bow
12390000434	Sky Dragon Wing	Sky Dragon Wing
12390000433	Hunter Bow	Hunter Bow
12390000432	Novice Great Bow	Novice Great Bow
12390000431	Great Bow	Great Bow
12390000430	Novice Composite Bow	Novice Composite Bow
12390000429	Composite Bow	Composite Bow
12390000428	Novice Bow	Novice Bow
12390000427	Bow	Bow
12390000426	Staff of Destruction	Staff of Destruction
12390000425	Dea Staff	Dea Staff
12390000424	Kronos	Kronos
12390000423	Warrior's Staff of Destruction	Warrior's Staff of Destruction
12390000422	Wizardry Staff	Wizardry Staff
12390000421	Soul Staff	Soul Staff
12390000420	Rune Staff	Rune Staff
12390000419	Mistletoe Staff	Mistletoe Staff
12390000418	Pinewood Rod	Pinewood Rod
12390000417	Hypnotist's Staff	Hypnotist's Staff
12390000416	Lich's Bone Staff	Lich's Bone Staff
12390000415	Survivor's Rod (Dex)	Survivor's Rod (Dex)
12390000414	Wing Staff	Wing Staff
12390000413	Skull Staff	Skull Staff
12390000412	Arc Wand	Arc Wand
12390000411	Novice Staff of Wisdom	Novice Staff of Wisdom
12390000410	Staff	Staff
12390000409	Novice Oak Staff	Novice Oak Staff
12390000408	Oak Staff	Oak Staff
12390000407	Novice Staff	Novice Staff
12390000406	Rod	Rod
12390000405	Mithril Longhammer	Mithril Longhammer
12390000404	Golden Hammer	Golden Hammer
12390000403	Secret Hammer: Cold Moon	Secret Hammer: Cold Moon
12390000402	Sword Mace	Sword Mace
12390000401	Morning Star	Morning Star
12390000400	Stunner	Stunner
12390000399	Smash's Hammer	Smash's Hammer
12390000398	Mace	Mace
12390000397	Club	Club
12390000396	Wind Spirit Axe	Wind Spirit Axe
12390000395	Bardiche	Bardiche
12390000394	Doom Slayer	Doom Slayer
12390000393	Guillotine	Guillotine
12390000392	Great Axe	Great Axe
12390000391	Bloody Axe	Bloody Axe
12390000390	Novice Buster	Novice Buster
12390000389	Buster	Buster
12390000388	Novice Steel Axe	Novice Steel Axe
12390000387	Steel Axe	Steel Axe
12390000386	Novice Battle Axe	Novice Battle Axe
12390000385	Battle Axe	Battle Axe
12390000384	Bloody Battle Axe	Bloody Battle Axe
12390000383	Empowered Axe	Empowered Axe
12390000382	Vecer Axe	Vecer Axe
12390000381	Hill's Axe	Hill's Axe
12390000380	Cleaver	Cleaver
12390000379	Orcish Axe	Orcish Axe
12390000378	Double-Bladed Axe	Double-Bladed Axe
12390000377	Iron Axe	Iron Axe
12390000376	Axe	Axe
12390000375	Schulte Spear	Schulte Spear
12390000374	Wind Spirit Spear	Wind Spirit Spear
12390000373	Dragutin Spear	Dragutin Spear
12390000372	Halberd	Halberd
12390000371	Dreyn Halberd	Dreyn Halberd
12390000370	Double-Bladed Halberd	Double-Bladed Halberd
12390000369	Novice Pike	Novice Pike
12390000368	Pike	Pike
12390000367	Novice Guisarme	Novice Guisarme
12390000366	Guisarme	Guisarme
12390000365	Novice Knight Spear	Novice Knight Spear
12390000364	Knight Spear	Knight Spear
12390000363	Long Horn	Long Horn
12390000362	Halberd	Halberd
12390000361	Battle Hook	Battle Hook
12390000360	Hunting Spear	Hunting Spear
12390000359	Earth Spirit Spear	Earth Spirit Spear
12390000358	Gungnir	Gungnir
12390000357	Pike	Pike
12390000356	Spear	Spear
12390000355	Halberd	Halberd
12390000354	Arans Sword	Arans Sword
12390000353	Wind Spirit Sword	Wind Spirit Sword
12390000352	Executioner	Executioner
12390000340	Treasure Sword	Treasure Sword
12390000339	Excalibur	Excalibur
12390000338	Haedonggum	Haedonggum
12390000337	Saber	Saber
12390000336	Novice Rapier	Novice Rapier
12390000335	Rapier	Rapier
12390000334	Novice Blade	Novice Blade
12390000333	Blade	Blade
12390000332	Novice Sword	Novice Sword
12390000331	Sword	Sword
12390000330	TBD	TBD
12390000329	Double-Edged Dagger	Double-Edged Dagger
12390000328	Ornate Dagger	Ornate Dagger
12390000327	Damascus	Damascus
12390000326	Gladius	Gladius
12390000325	Dagger	Dagger
12390000324	Dirk	Dirk
12390000323	Novice Main Gauche	Novice Main Gauche
12390000322	Main Gauche	Main Gauche
12390000321	Novice Cutter	Novice Cutter
12390000320	Cutter	Cutter
12390000319	Novice Dagger	Novice Dagger
12390000318	Dagger	Dagger
12390000317	Two-Tone - Yellow/Red	Two-Tone - Yellow/Red
12390000316	Two-Tone - Blue/Red	Two-Tone - Blue/Red
12390000315	Two-Tone - Blue/Yellow	Two-Tone - Blue/Yellow
12390000314	Two-Tone - Green/Red	Two-Tone - Green/Red
12390000313	Two-Tone - Green/Yellow	Two-Tone - Green/Yellow
12390000312	Two-Tone - Green/Blue	Two-Tone - Green/Blue
12390000311	Supreme Scepter of Order	Supreme Scepter of Order
12390000310	Drum of Dread	Drum of Dread
12390000309	Desolate Mist Bagpipes	Desolate Mist Bagpipes
12390000308	Silvermoon Harp	Silvermoon Harp
12390000307	Prisoner's Dancing Bells	Prisoner's Dancing Bells
12390000306	Dream-Eating Flute	Dream-Eating Flute
12390000305	Final Vow Chalice	Final Vow Chalice
12390000304	Throat of the Ash Tree	Throat of the Ash Tree
12390000303	Scepter of Order	Scepter of Order
12390000302	Pearltear Conch	Pearltear Conch
12390000301	Snowy Night Music Box	Snowy Night Music Box
12390000300	Gorsk's Horn	Gorsk's Horn
11190000062	Rift Stone	Rift Stone
11190000115	Not enough high-multiplier Description consumed	Not enough high-multiplier Description consumed
12390000299	Treasure Hunt Dig Attempts	Treasure Hunt Dig Attempts
12390000298	Pass Currency	Pass Currency
12390000297	Premium Monthly Pass Currency	Premium Monthly Pass Currency
12390000296	Standard Monthly Pass Currency	Standard Monthly Pass Currency
12390000295	Guild Contribution Points	Guild Contribution Points
12390000294	Military Supplies	Military Supplies
12390000293	Region @{1} Points	Region @{1} Points
12390000292	Subjugation Medal	Subjugation Medal
12390000291	Vigor	Vigor
12390000290	Tailoring EXP	Tailoring EXP
12390000289	Gardening EXP	Gardening EXP
12390000288	Carving EXP	Carving EXP
12390000287	Logging EXP	Logging EXP
12390000286	Smithing EXP	Smithing EXP
12390000285	Mining EXP	Mining EXP
12390000284	Contributor Badge	Contributor Badge
12390000283	Crystallized Ore	Crystallized Ore
12390000282	Pass EXP	Pass EXP
12390000281	Paper Crane of Affection	Paper Crane of Affection
12390000280	Adventure Bond Points	Adventure Bond Points
12390000279	Auction Supplies	Auction Supplies
12390000278	Time Rift Gold Casting	Time Rift Gold Casting
12390000277	Time Rift Silver Casting	Time Rift Silver Casting
12390000276	Guild Supplies	Guild Supplies
12390000275	Codex Points (Monsters - Desert)	Codex Points (Monsters - Desert)
12390000274	Codex Points (Monsters - Mjolnir)	Codex Points (Monsters - Mjolnir)
12390000273	Codex Points (Monsters - Payon)	Codex Points (Monsters - Payon)
12390000272	Codex Points (Monsters - Geffen)	Codex Points (Monsters - Geffen)
12390000271	Codex Points (Monsters)	Codex Points (Monsters)
12390000270	Codex Points (Books)	Codex Points (Books)
12390000269	Codex Points (Cards)	Codex Points (Cards)
12390000268	Collection Points	Collection Points
12390000267	Novice Credits	Novice Credits
12390000266	Guild Contribution	Guild Contribution
12390000265	Guild Activity	Guild Activity
12390000264	Guild Prestige	Guild Prestige
12390000263	Guild Funds	Guild Funds
12390000262	Guild Emblem	Guild Emblem
12390000261	Personal Guild Contribution	Personal Guild Contribution
12390000260	Job EXP	Job EXP
12390000259	Base EXP	Base EXP
12390000258	Dragon Coffin Island Protection Points	Dragon Coffin Island Protection Points
12390000257	Dragon Coffin Island Net Victory Points	Dragon Coffin Island Net Victory Points
12390000256	War Merit Points	War Merit Points
12390000073	Card: Penomena	Card: Penomena
12390000072	Card: Ancient Mummy	Card: Ancient Mummy
12390000071	Card: Sky Petite	Card: Sky Petite
12390000070	Card: Munak	Card: Munak
12390000069	Shadow Card: Thara Frog	Shadow Card: Thara Frog
12390000068	Card: Orc Warrior	Card: Orc Warrior
12390000067	Card: Megalodon	Card: Megalodon
12390000066	Card: Bigfoot	Card: Bigfoot
12390000065	Card: Sropho	Card: Sropho
12390000064	Card: Deviace	Card: Deviace
12390000063	Card: Aster	Card: Aster
12390000062	Card: Shellfish	Card: Shellfish
12390000061	Card: Crab	Card: Crab
12390000060	Card: Caramel	Card: Caramel
12390000059	Card: Petite	Card: Petite
12390000058	Shadow Card: Skeleton Worker	Shadow Card: Skeleton Worker
12390000057	Card: Strouf	Card: Strouf
12390000056	Card: Orc Skeleton	Card: Orc Skeleton
12390000055	Card: Hunter Fly	Card: Hunter Fly
12390000054	Card: Requiem	Card: Requiem
12390000053	Card: Golem	Card: Golem
12390000052	Shadow Card: Minorous	Shadow Card: Minorous
12390000051	Shadow Card: Hydra	Shadow Card: Hydra
12390000050	Card: Flora	Card: Flora
12390000049	Card: Goblin	Card: Goblin
12390000048	Card: Drainliar	Card: Drainliar
12390000047	Card: Vadon	Card: Vadon
12390000046	Card: Metaller	Card: Metaller
12390000045	Card: Orc Lady	Card: Orc Lady
12390000044	Card: Wolf	Card: Wolf
12390000043	Card: Marina	Card: Marina
12390000042	Card: Plankton	Card: Plankton
12390000041	Card: Mandragora	Card: Mandragora
12390000040	Card: Scorpion	Card: Scorpion
12390000039	Card: Boa	Card: Boa
12390000038	Card: Andre	Card: Andre
12390000037	Card: Peco Peco Egg	Card: Peco Peco Egg
12390000036	Card: Willow	Card: Willow
12390000035	Card: Muka	Card: Muka
12390000034	Card: Poison Spore	Card: Poison Spore
12390000033	Card: Poporing	Card: Poporing
12390000032	Card: Tarou	Card: Tarou
12390000031	Card: Yoyo	Card: Yoyo
12390000030	Card: Spore	Card: Spore
12390000029	Card: Worm Tail	Card: Worm Tail
12390000028	Card: Eggyra	Card: Eggyra
12390000027	Card: Thief Bug Male	Card: Thief Bug Male
12390000026	Card: Zombie	Card: Zombie
12390000025	Card: Chonchon	Card: Chonchon
12390000024	Card: Condor	Card: Condor
12390000023	Card: Baby Desert Wolf	Card: Baby Desert Wolf
12390000022	Card: Thief Bug	Card: Thief Bug
12390000021	Card: Roda Frog	Card: Roda Frog
12390000020	Card: Rocker	Card: Rocker
12390000019	Card: Pupa	Card: Pupa
12390000018	Card: Super Picky	Card: Super Picky
12390000017	Card: Picky	Card: Picky
10960100002	Throne Token	Throne Token
10960100091	Kafra: Battle of the Survivors	Kafra: Battle of the Survivors
10960100106	Ilmatar Turret	Ilmatar Turret
56164	${1} has not completed placement confirmation	${1} has not completed placement confirmation
56196	${1} [${2}] ${3}	${1} [${2}] ${3}
56201	Divine Blessing:	Divine Blessing:
56202	Light of Bonds:	Light of Bonds:
56203	Divine Blessing	Divine Blessing
56205	<color=#CC762A>LV.${1}</color>	<color=#CC762A>LV.${1}</color>
56223	Lv. ${1}: ${2}	Lv. ${1}: ${2}
56229	×${1}	×${1}
56236	Locate	Locate
12390000016	Card: Poring	Card: Poring
56272	${1}*${2}	${1}*${2}
12380200000	(Progress ${1}/@{1})	(Progress ${1}/@{1})
12380100031	Successfully crafting a cloth item has a @{1}% Chance to increase the output by @{2}	Successfully crafting a cloth item has a @{1}% Chance to increase the output by @{2}
12380100030	Successfully crafting an engraved item has a @{1}% Chance to increase the output by @{2}	Successfully crafting an engraved item has a @{1}% Chance to increase the output by @{2}
12380100029	Successfully crafting a Metal item has a @{1}% Chance to increase the output by @{2}	Successfully crafting a Metal item has a @{1}% Chance to increase the output by @{2}
12380100028	For every @{1} cloth items crafted, gain @{2} Extra copies	For every @{1} cloth items crafted, gain @{2} Extra copies
12380100027	For every @{1} engraved items crafted, gain @{2} Extra copies	For every @{1} engraved items crafted, gain @{2} Extra copies
12380100026	For every @{1} Metal items crafted, gain @{2} Extra copies	For every @{1} Metal items crafted, gain @{2} Extra copies
12380100025	Successfully crafting orange cloth has a @{1}% Chance to double the output	Successfully crafting orange cloth has a @{1}% Chance to double the output
12380100024	Successfully crafting an orange engraving has a @{1}% Chance to double the output	Successfully crafting an orange engraving has a @{1}% Chance to double the output
12380100023	Successfully crafting orange Metal has a @{1}% Chance to double the output	Successfully crafting orange Metal has a @{1}% Chance to double the output
12380100022	Vigor cost for crafting Lv. @{1} recipes is reduced by @{2}	Vigor cost for crafting Lv. @{1} recipes is reduced by @{2}
12380100021	When both professions are crafting professions, crafting Vigor cost is reduced by @{1}	When both professions are crafting professions, crafting Vigor cost is reduced by @{1}
12380100020	Reduces Vivify consumed when crafting by @{1}	Reduces Vivify consumed when crafting by @{1}
12380100019	Has a @{1}% Chance to obtain a Gathering Set Mystery Box from a gathering resource	Has a @{1}% Chance to obtain a Gathering Set Mystery Box from a gathering resource
12380100018	After gathering successfully, gain @{1} Extra Zeny	After gathering successfully, gain @{1} Extra Zeny
12380100017	After gathering successfully, gain @{1}% Extra gathering EXP	After gathering successfully, gain @{1}% Extra gathering EXP
12380100016	Increases gathering speed by @{1}%	Increases gathering speed by @{1}%
12380100015	After gathering successfully, has a @{1}% Chance to receive double rewards	After gathering successfully, has a @{1}% Chance to receive double rewards
12380100014	Changes the main product quantity range to @{1}–@{2}\n(This skill effect is unique)	Changes the main product quantity range to @{1}–@{2}\n(This skill effect is unique)
12380100013	Increases the Chance of obtaining Rare byproducts by @{1}%	Increases the Chance of obtaining Rare byproducts by @{1}%
12380100012	When gathering, has a @{1}% Chance to consume no Vivify	When gathering, has a @{1}% Chance to consume no Vivify
12380100011	After gathering successfully, gain @{1} Extra main products	After gathering successfully, gain @{1} Extra main products
12380100010	After gathering any type of resource @{1} times, gain @{2} Extra corresponding main products	After gathering any type of resource @{1} times, gain @{2} Extra corresponding main products
12380100009	When Vivify is below @{1}%, gain @{2} Extra main products	When Vivify is below @{1}%, gain @{2} Extra main products
12380100008	After successfully gathering Lv. @{1} plants, gain @{2} Extra main products	After successfully gathering Lv. @{1} plants, gain @{2} Extra main products
12380100007	After successfully logging Lv. @{1} trees, gain @{2} Extra main products	After successfully logging Lv. @{1} trees, gain @{2} Extra main products
12380100006	After successfully mining Lv. @{1} ore, gain @{2} Extra main products	After successfully mining Lv. @{1} ore, gain @{2} Extra main products
12380100005	When your title is Moonlit Challenger, gain @{1} Extra main products	When your title is Moonlit Challenger, gain @{1} Extra main products
12380100004	Reduces Vivify consumed when gathering Lv. @{1} plants by @{2}	Reduces Vivify consumed when gathering Lv. @{1} plants by @{2}
12380100003	Reduces Vivify consumed when logging Lv. @{1} trees by @{2}	Reduces Vivify consumed when logging Lv. @{1} trees by @{2}
12380100002	Reduces Vivify consumed when mining Lv. @{1} ore by @{2}	Reduces Vivify consumed when mining Lv. @{1} ore by @{2}
12380100001	When both professions are gathering professions, reduces Vivify consumed when gathering by @{1}	When both professions are gathering professions, reduces Vivify consumed when gathering by @{1}
12380100000	Reduces Vivify consumed when gathering by @{1}	Reduces Vivify consumed when gathering by @{1}
12380000030	Enhanced Crafting - Carving	Enhanced Crafting - Carving
12380000029	Enhanced Crafting - Forging	Enhanced Crafting - Forging
12380000028	Continuous Crafting - Tailoring	Continuous Crafting - Tailoring
12380000027	Continuous Crafting - Carving	Continuous Crafting - Carving
12380000026	Continuous Crafting - Forging	Continuous Crafting - Forging
12380000025	Lucky Crafting - Tailoring	Lucky Crafting - Tailoring
12380000024	Lucky Crafting - Carving	Lucky Crafting - Carving
12380000023	Lucky Crafting - Forging	Lucky Crafting - Forging
12380000022	Advanced Crafting	Advanced Crafting
12380000021	Focused Crafting	Focused Crafting
12380000020	Energy-Efficient Crafting	Energy-Efficient Crafting
12380000019	Gatherer's Treasure	Gatherer's Treasure
12380000018	Gold Rush Gathering	Gold Rush Gathering
12380000017	Growth Gathering	Growth Gathering
12380000016	Rapid Gathering	Rapid Gathering
12380000015	Lucky Gathering	Lucky Gathering
12380000014	Variable Gathering	Variable Gathering
12380000013	Nature's Bounty	Nature's Bounty
12380000012	Cost-Free Gathering	Cost-Free Gathering
12380000011	Enhance Gathering	Enhance Gathering
12380000010	Continuous Gathering	Continuous Gathering
12380000009	Tenacious Gathering	Tenacious Gathering
10790100014	Magic Fashion	Magic Fashion
10790100019	Phantom Realm	Phantom Realm
10790100020	Realm of the Gods	Realm of the Gods
10790100021	Spirit Tower	Spirit Tower
10790100023	Kafra - Battle of the Survivors	Kafra - Battle of the Survivors
10790100025	MVP	MVP
10790100026	Guild Caravan	Guild Caravan
10790100030	Bonfire Party	Bonfire Party
10790100031	Commendation Vault	Commendation Vault
10790100032	Dracula's Bride	Dracula's Bride
10790100037	Lost Treasure	Lost Treasure
10790100050	Genesis Movement	Genesis Movement
10790100056	Poring	Poring
10790100057	Lunatic	Lunatic
10790100058	Fabre	Fabre
10790100059	Picky	Picky
10790100060	Chonchon	Chonchon
10790100061	Super Picky	Super Picky
10790100062	Willow	Willow
10790100063	Condor	Condor
10790100064	Savage Babe	Savage Babe
10790100065	Rocker	Rocker
10790100066	Roda Frog	Roda Frog
10790100067	Worm Tail	Worm Tail
10790100068	Ambernite	Ambernite
10790100069	Spore	Spore
10790100070	Thief Bug	Thief Bug
10790100071	Creamy	Creamy
10790100073	Tarou	Tarou
10790100075	Baby Desert Wolf	Baby Desert Wolf
10790100076	Yoyo	Yoyo
10790100077	Scorpion	Scorpion
10790100078	Poporing	Poporing
10790100079	Thief Bug Female	Thief Bug Female
10790100080	Mandragora	Mandragora
10790100081	Thief Bug Male	Thief Bug Male
10790100082	Smokie	Smokie
10790100083	Boa	Boa
10790100084	Poison Spore	Poison Spore
10790100085	Horn	Horn
10790100086	Bigfoot	Bigfoot
10790100087	Coco	Coco
10790100088	Peco Peco Egg	Peco Peco Egg
10790100089	Thief Bug Egg	Thief Bug Egg
10790100090	Pupa	Pupa
10790100091	Hydra	Hydra
10790100092	Rotar Zairo	Rotar Zairo
10790100093	Wraith	Wraith
10790100094	Dustiness	Dustiness
10790100095	Eggyra	Eggyra
10790100096	Muka	Muka
10790100097	Hornet	Hornet
10790100098	Soldier Skeleton	Soldier Skeleton
10790100099	Mummy	Mummy
10790100100	Zombie	Zombie
10790100101	Deniro	Deniro
10790100102	Piere	Piere
10790100103	Andre	Andre
10790100104	Vitata	Vitata
10790100105	Martin	Martin
10790100106	Giearth	Giearth
10790100107	Skeleton Worker	Skeleton Worker
10790100108	Drainliar	Drainliar
10790100109	Pirate Skeleton	Pirate Skeleton
10790100110	Choco	Choco
10790100111	Archer Skeleton	Archer Skeleton
10790100112	Verit	Verit
10790100113	Obeaune	Obeaune
10790100114	Magnolia	Magnolia
10790100115	Greatest General	Greatest General
10790100116	Mimic	Mimic
10790100117	Frilldora	Frilldora
10790100118	Baphomet Jr.	Baphomet Jr.
10790100119	Matyr	Matyr
10790100120	Minorous	Minorous
10790100121	Flora	Flora
10790100122	Savage	Savage
10790100123	Isis	Isis
10790100124	Bongun	Bongun
10790100125	Sasquatch	Sasquatch
10790100126	Ladybug	Ladybug
10790100127	Hedgehog Bug	Hedgehog Bug
10790100128	Peco Peco	Peco Peco
10790100129	Skeleton	Skeleton
10790100130	Ant Egg	Ant Egg
10790100131	Furious Poporing	Furious Poporing
10790100132	Elder Willow	Elder Willow
10790100133	Marin	Marin
10790100134	Plankton	Plankton
10790100135	Marina	Marina
10790100136	Kukre	Kukre
10790100137	Goblin (Axe)	Goblin (Axe)
10790100138	Goblin (Flail)	Goblin (Flail)
10790100139	Vadon	Vadon
10790100140	Wolf	Wolf
10790100141	Thara Frog	Thara Frog
10790100142	Orc Baby	Orc Baby
10790100143	Orc Warrior	Orc Warrior
10790100144	Orc Lady	Orc Lady
10790100146	Megalodon	Megalodon
10790100147	Marse	Marse
10790100148	Argos	Argos
10790100149	Steel Chonchon	Steel Chonchon
10790100150	Goblin (Dagger)	Goblin (Dagger)
10790100151	Myst	Myst
10790100152	Marine Sphere	Marine Sphere
10790100153	Phen	Phen
10790100154	Zenorc	Zenorc
10790100155	Beetle King	Beetle King
10790100156	Goblin Archer	Goblin Archer
10790100157	Metaller	Metaller
10790100158	Marc	Marc
10790100159	Goblin (Mace)	Goblin (Mace)
10790100160	Sword Fish	Sword Fish
10790100161	Orc Skeleton	Orc Skeleton
10790100162	Goblin (Hammer)	Goblin (Hammer)
10790100163	Orc Zombie	Orc Zombie
10790100164	Munak	Munak
10790100165	Merman	Merman
10790100166	Deviace	Deviace
10790100167	Ghoul	Ghoul
10790100168	Sandman	Sandman
10790100169	Golem	Golem
10790100170	Hunter Fly	Hunter Fly
10790100171	Hode	Hode
10790100172	Sohee	Sohee
10790100173	Mantis	Mantis
10790100174	Driller	Driller
10790100175	Goblin Steamrider	Goblin Steamrider
10790100176	Horong	Horong
10790100177	Dokebi	Dokebi
10790100179	Side Winder	Side Winder
10790100180	Zerom	Zerom
10790100181	Requiem	Requiem
10790100182	Nine Tails	Nine Tails
10790100183	Argiope	Argiope
10790100184	Orc Archer	Orc Archer
10790100185	Penomena	Penomena
10790100186	Crab	Crab
10790100187	Cornutus	Cornutus
10790100188	Raggler	Raggler
10790100189	Shellfish	Shellfish
10790100190	Starfish	Starfish
10790100191	Grove	Grove
10790100192	Alligator	Alligator
10790100193	Strouf	Strouf
10790100194	Jakk	Jakk
10790100195	Wild Rose	Wild Rose
10790100196	Marduk	Marduk
10790100197	Sky Petite	Sky Petite
10790100198	Pasana	Pasana
10790100199	Wind Ghost	Wind Ghost
10790100200	Cramp	Cramp
10790100201	Stem Worm	Stem Worm
10790100202	Petite	Petite
10790100203	Marionette	Marionette
10790100204	Deviruchi	Deviruchi
10790100205	Mace Kobold	Mace Kobold
10790100206	Hammer Kobold	Hammer Kobold
10790100207	Desert Wolf	Desert Wolf
10790100208	Anubis	Anubis
10790100209	Axe Kobold	Axe Kobold
10790100210	Kobold Archer	Kobold Archer
10790100211	Squidgitte	Squidgitte
10790100212	Sropho	Sropho
10790100213	Ancient Mummy	Ancient Mummy
10790100214	Pot Dofle	Pot Dofle
10790100215	King Dramoh	King Dramoh
10790100216	Creamy Fear	Creamy Fear
10790100217	Leib Olmai	Leib Olmai
10790100218	Killer Mantis	Killer Mantis
10790100219	Novice - Andre	Novice - Andre
10790100220	Random Card Album	Random Card Album
10790100221	Trading Card Album	Trading Card Album
10790100222	Random Purple Card Pack	Random Purple Card Pack
10790100223	Blue Cards Selection Chest	Blue Cards Selection Chest
10790100224	Purple Card Selection Chest	Purple Card Selection Chest
10790100225	Old Card Album	Old Card Album
10790100226	Card Album	Card Album
10790100227	Random Card Gift Box	Random Card Gift Box
12500000005	Ultraman arrived at the Pacific Ring of Fire.	Ultraman arrived at the Pacific Ring of Fire.
12500000006	The late Emperor had yet to complete half of his great undertaking when he passed away. Now the realm is divided into three, and Yizhou is exhausted and weakened. This is truly a critical moment upon which our survival depends. Yet the officials of the imperial guard remain diligent at court, while loyal and devoted officers abroad risk their lives, all because they remember the late Emperor's exceptional kindness and wish to repay it to Your Majesty. You should open your ears to wise counsel, thereby honoring the late Emperor's legacy and inspiring those of lofty ideals. You should not belittle yourself or make improper comparisons that would block the path of loyal remonstrance.\n\n　　The imperial palace and the government offices are one body; rewards and punishments, praise and censure, should be administered by the same standards. If anyone commits treachery or violates the law, or performs loyal and virtuous deeds, the proper authorities should determine their punishment or reward, thereby demonstrating Your Majesty's just and impartial rule. You should show no favoritism or allow different laws to apply within and outside the palace.\n\n　　Palace Attendants and Vice Directors Guo Youzhi, Fei Yi, Dong Yun, and the others are all honest and capable men, loyal and pure in purpose and judgment. For this reason, the late Emperor selected and promoted them to serve Your Majesty. In my humble opinion, all palace affairs, great or small, should be discussed with them before being carried out. They will surely remedy omissions and shortcomings and bring broad benefit.\n\n　　General Xiang Chong is virtuous and fair in character and conduct, and thoroughly versed in military affairs. When his abilities were tested in the past, the late Emperor praised him as capable. The officers therefore unanimously recommended Chong as commander. In my humble opinion, all military affairs should be discussed with him. He will surely bring harmony to the ranks and assign every soldier according to his ability.\n\n　　Drawing close to worthy ministers and keeping petty men Away was how the Former Han flourished; drawing close to petty men and keeping worthy ministers Away was how the Later Han declined. Whenever the late Emperor discussed this matter with me, he never failed to lament the reigns of Emperors Huan and Ling with bitter regret. The Palace Attendants, Directors of the Secretariat, Chief Clerks, and Army Advisers are all faithful and upright ministers willing to die for their principles. I pray that Your Majesty will remain close to them and place your trust in them. Then the restoration of the House of Han may soon be expected.\n\n　　I was once a commoner, personally tilling the fields in Nanyang. I sought only to preserve my life in troubled times and had no desire for fame or distinction among the feudal lords. The late Emperor did not disdain me for my humble station or lowly origins, but graciously humbled himself to visit me three times at my thatched cottage and consult me about the affairs of the age. Moved by his kindness, I pledged myself to his service. Later, when disaster struck, I accepted responsibility amid defeat and received my orders in a time of peril. Twenty-one years have passed since then.\n\n　　The late Emperor knew that I was cautious, and so, as death approached, he entrusted me with this great responsibility. Since receiving his command, I have worried and sighed day and night, fearing that I might fail in my charge and thereby tarnish the late Emperor's wisdom. Thus, in the fifth month, I crossed the Lu River and ventured deep into barren lands. Now the south has been pacified and our arms and provisions are sufficient. We should rally the three armies, march north to secure the Central Plains, and devote what little ability I possess to eliminating the traitors and villains, restoring the House of Han, and returning to the old capital. This is my duty in repaying the late Emperor and serving Your Majesty with loyalty. As for weighing advantages and disadvantages and offering faithful counsel, that is the responsibility of Youzhi, Yi, and Yun.\n\n　　I pray that Your Majesty will charge me with defeating the rebels and restoring the dynasty. If I fail, punish me for my crimes and inform the spirit of the late Emperor. If no counsel is offered to promote virtue, then rebuke Youzhi, Yi, Yun, and the others for their negligence and make their faults known. Your Majesty should also deliberate for yourself, seek advice on the right course, examine and accept sound counsel, and faithfully uphold the late Emperor's final edict. I am overwhelmed with gratitude for the favor I have received. Now that I must go Away, tears fall as I submit this memorial, and I scarcely know what I have written.	The late Emperor had yet to complete half of his great undertaking when he passed away. Now the realm is divided into three, and Yizhou is exhausted and weakened. This is truly a critical moment upon which our survival depends. Yet the officials of the imperial guard remain diligent at court, while loyal and devoted officers abroad risk their lives, all because they remember the late Emperor's exceptional kindness and wish to repay it to Your Majesty. You should open your ears to wise counsel, thereby honoring the late Emperor's legacy and inspiring those of lofty ideals. You should not belittle yourself or make improper comparisons that would block the path of loyal remonstrance.\n\n　　The imperial palace and the government offices are one body; rewards and punishments, praise and censure, should be administered by the same standards. If anyone commits treachery or violates the law, or performs loyal and virtuous deeds, the proper authorities should determine their punishment or reward, thereby demonstrating Your Majesty's just and impartial rule. You should show no favoritism or allow different laws to apply within and outside the palace.\n\n　　Palace Attendants and Vice Directors Guo Youzhi, Fei Yi, Dong Yun, and the others are all honest and capable men, loyal and pure in purpose and judgment. For this reason, the late Emperor selected and promoted them to serve Your Majesty. In my humble opinion, all palace affairs, great or small, should be discussed with them before being carried out. They will surely remedy omissions and shortcomings and bring broad benefit.\n\n　　General Xiang Chong is virtuous and fair in character and conduct, and thoroughly versed in military affairs. When his abilities were tested in the past, the late Emperor praised him as capable. The officers therefore unanimously recommended Chong as commander. In my humble opinion, all military affairs should be discussed with him. He will surely bring harmony to the ranks and assign every soldier according to his ability.\n\n　　Drawing close to worthy ministers and keeping petty men Away was how the Former Han flourished; drawing close to petty men and keeping worthy ministers Away was how the Later Han declined. Whenever the late Emperor discussed this matter with me, he never failed to lament the reigns of Emperors Huan and Ling with bitter regret. The Palace Attendants, Directors of the Secretariat, Chief Clerks, and Army Advisers are all faithful and upright ministers willing to die for their principles. I pray that Your Majesty will remain close to them and place your trust in them. Then the restoration of the House of Han may soon be expected.\n\n　　I was once a commoner, personally tilling the fields in Nanyang. I sought only to preserve my life in troubled times and had no desire for fame or distinction among the feudal lords. The late Emperor did not disdain me for my humble station or lowly origins, but graciously humbled himself to visit me three times at my thatched cottage and consult me about the affairs of the age. Moved by his kindness, I pledged myself to his service. Later, when disaster struck, I accepted responsibility amid defeat and received my orders in a time of peril. Twenty-one years have passed since then.\n\n　　The late Emperor knew that I was cautious, and so, as death approached, he entrusted me with this great responsibility. Since receiving his command, I have worried and sighed day and night, fearing that I might fail in my charge and thereby tarnish the late Emperor's wisdom. Thus, in the fifth month, I crossed the Lu River and ventured deep into barren lands. Now the south has been pacified and our arms and provisions are sufficient. We should rally the three armies, march north to secure the Central Plains, and devote what little ability I possess to eliminating the traitors and villains, restoring the House of Han, and returning to the old capital. This is my duty in repaying the late Emperor and serving Your Majesty with loyalty. As for weighing advantages and disadvantages and offering faithful counsel, that is the responsibility of Youzhi, Yi, and Yun.\n\n　　I pray that Your Majesty will charge me with defeating the rebels and restoring the dynasty. If I fail, punish me for my crimes and inform the spirit of the late Emperor. If no counsel is offered to promote virtue, then rebuke Youzhi, Yi, Yun, and the others for their negligence and make their faults known. Your Majesty should also deliberate for yourself, seek advice on the right course, examine and accept sound counsel, and faithfully uphold the late Emperor's final edict. I am overwhelmed with gratitude for the favor I have received. Now that I must go Away, tears fall as I submit this memorial, and I scarcely know what I have written.
12500000007	In the spring of the fourth year of the Qingli era@{1}, Teng Zijing was demoted and appointed governor of Baling Prefecture@{2}. By the following year@{3}, the government was efficient, the people were united@{4}, and all neglected endeavors had been revived@{5}. The Yueyang Tower was then renovated@{6} and expanded beyond its former dimensions@{7}, while poems and rhapsodies by eminent Tang poets and contemporary writers were inscribed upon it@{8}. I was asked to write this account in commemoration@{9}.\nIn my view, the magnificent scenery of Baling@{10} is embodied by Lake Dongting alone. It embraces the distant mountains@{11} and swallows the mighty Yangtze River@{12}, its vast waters surging endlessly@{13} and stretching beyond the horizon@{14}. From morning sunlight to evening shadow, its appearance changes in countless ways@{15}. Such is the grand vista from Yueyang Tower@{16}, which earlier writers have described in full@{17}. Yet with Wu Gorge accessible to the north@{18} and the Xiao and Xiang Rivers extending far to the south@{19}, banished officials and wandering poets@{20} often gather here@{21}. Could their feelings upon viewing this scenery possibly be the same@{22}?\nWhen ceaseless rain falls in dreary sheets@{23} and the sky remains overcast for months on end@{24}, bitter winds howl furiously@{25} and turbid waves surge toward the heavens@{26}. The sun and stars conceal their light@{27}, and the mountains vanish from sight@{28}. Merchants and travelers can go no farther@{29}, while masts topple and oars splinter@{30}. As twilight falls, all is engulfed in darkness@{31}, amid the roars of tigers and cries of apes. Those who ascend the tower then may lament their exile and yearn for home@{32}, fear slander and dread reproach@{33}, and find only desolation wherever they look@{34}, until sorrow overwhelms them@{35}.\nBut when the spring breeze is gentle and the sunlight bright@{36}, the water lies calm and untroubled@{37}. The radiance of sky and lake meets as one@{38} across a boundless expanse of blue-green. Gulls wheel above the sandbars and come to rest, while shimmering fish swim below@{39}. Angelica grows along the banks and orchids upon the islets@{40}, lush and verdant@{41}. At times, the lingering mist clears completely@{42}, revealing the brilliant moon over a thousand miles@{43}. Its glimmer dances like gold upon the rippling water@{44}, while its still reflection sinks like a jade disc into the depths@{45}. Fishermen's songs echo back and forth@{46}—how could such joy ever end@{47}? Those who ascend the tower then may feel their hearts open and their spirits soar@{48}, forgetting both favor and disgrace@{49}, and raise a cup of wine to the breeze@{50}, filled with boundless delight@{51}.\nAlas@{52}! I have often sought to understand the hearts of the benevolent sages of antiquity@{53}, whose sentiments perhaps differed from both of these@{54}. Why was that? They rejoiced not in material things, nor grieved over their own misfortunes@{55}. When serving in the imperial court, they worried for the people@{56}; when living in distant seclusion, they worried for their sovereign@{57}. Thus, whether advancing in office or withdrawing from it, they always had cause for concern. When, then, could they find joy? Surely they would say, "Be the first to worry about the world's troubles and the last to enjoy its pleasures"@{58}. Ah! Without such people, whom could I follow@{59}?\nWritten on the fifteenth day of the ninth month in the sixth year of the era. [@{60}]	In the spring of the fourth year of the Qingli era@{1}, Teng Zijing was demoted and appointed governor of Baling Prefecture@{2}. By the following year@{3}, the government was efficient, the people were united@{4}, and all neglected endeavors had been revived@{5}. The Yueyang Tower was then renovated@{6} and expanded beyond its former dimensions@{7}, while poems and rhapsodies by eminent Tang poets and contemporary writers were inscribed upon it@{8}. I was asked to write this account in commemoration@{9}.\nIn my view, the magnificent scenery of Baling@{10} is embodied by Lake Dongting alone. It embraces the distant mountains@{11} and swallows the mighty Yangtze River@{12}, its vast waters surging endlessly@{13} and stretching beyond the horizon@{14}. From morning sunlight to evening shadow, its appearance changes in countless ways@{15}. Such is the grand vista from Yueyang Tower@{16}, which earlier writers have described in full@{17}. Yet with Wu Gorge accessible to the north@{18} and the Xiao and Xiang Rivers extending far to the south@{19}, banished officials and wandering poets@{20} often gather here@{21}. Could their feelings upon viewing this scenery possibly be the same@{22}?\nWhen ceaseless rain falls in dreary sheets@{23} and the sky remains overcast for months on end@{24}, bitter winds howl furiously@{25} and turbid waves surge toward the heavens@{26}. The sun and stars conceal their light@{27}, and the mountains vanish from sight@{28}. Merchants and travelers can go no farther@{29}, while masts topple and oars splinter@{30}. As twilight falls, all is engulfed in darkness@{31}, amid the roars of tigers and cries of apes. Those who ascend the tower then may lament their exile and yearn for home@{32}, fear slander and dread reproach@{33}, and find only desolation wherever they look@{34}, until sorrow overwhelms them@{35}.\nBut when the spring breeze is gentle and the sunlight bright@{36}, the water lies calm and untroubled@{37}. The radiance of sky and lake meets as one@{38} across a boundless expanse of blue-green. Gulls wheel above the sandbars and come to rest, while shimmering fish swim below@{39}. Angelica grows along the banks and orchids upon the islets@{40}, lush and verdant@{41}. At times, the lingering mist clears completely@{42}, revealing the brilliant moon over a thousand miles@{43}. Its glimmer dances like gold upon the rippling water@{44}, while its still reflection sinks like a jade disc into the depths@{45}. Fishermen's songs echo back and forth@{46}—how could such joy ever end@{47}? Those who ascend the tower then may feel their hearts open and their spirits soar@{48}, forgetting both favor and disgrace@{49}, and raise a cup of wine to the breeze@{50}, filled with boundless delight@{51}.\nAlas@{52}! I have often sought to understand the hearts of the benevolent sages of antiquity@{53}, whose sentiments perhaps differed from both of these@{54}. Why was that? They rejoiced not in material things, nor grieved over their own misfortunes@{55}. When serving in the imperial court, they worried for the people@{56}; when living in distant seclusion, they worried for their sovereign@{57}. Thus, whether advancing in office or withdrawing from it, they always had cause for concern. When, then, could they find joy? Surely they would say, "Be the first to worry about the world's troubles and the last to enjoy its pleasures"@{58}. Ah! Without such people, whom could I follow@{59}?\nWritten on the fifteenth day of the ninth month in the sixth year of the era. [@{60}]
12500000008	A cloaked woman plays her instrument, then smiles at you and says:\n“Adventurer, there's something special about you... May I take a look?”	A cloaked woman plays her instrument, then smiles at you and says:\n“Adventurer, there's something special about you... May I take a look?”
12500000009	The Chrono Compass emits a dazzling light, then projects a strange vision: you see yourself entering a mysterious abyss, where a massive structure stands, seemingly a door.	The Chrono Compass emits a dazzling light, then projects a strange vision: you see yourself entering a mysterious abyss, where a massive structure stands, seemingly a door.
12500000010	The airship takes off. As you look outside, the people of Izlude wave goodbye.	The airship takes off. As you look outside, the people of Izlude wave goodbye.
12500000011	The naked young woman suddenly transforms into a giant ant—she was the Ant Queen all along!\nShe unleashes an attack skill and summons several Pieres to surround the Professor.\nA cocoon gradually envelops the Professor, and the ants drag them toward a mysterious opening. The Ant Queen follows them inside and disappears.	The naked young woman suddenly transforms into a giant ant—she was the Ant Queen all along!\nShe unleashes an attack skill and summons several Pieres to surround the Professor.\nA cocoon gradually envelops the Professor, and the ants drag them toward a mysterious opening. The Ant Queen follows them inside and disappears.
12500000012	Pushed from the Garden of Time by Ji, you fall into the abyss.	Pushed from the Garden of Time by Ji, you fall into the abyss.
12500000013	After using Interaction on the Chrono Compass, you see a brief vision of all the Nails of World Order lighting up.	After using Interaction on the Chrono Compass, you see a brief vision of all the Nails of World Order lighting up.
12500000014	The stone pillars drain your power, leaving you floating helplessly in midair. The pillars in Prontera and other cities shatter, revealing enormous nail-shaped sculptures within. The nails then plunge a short Distance into the ground, causing the entire continent to quake. The shock wave sends you flying, but Ji suddenly appears and catches you.	The stone pillars drain your power, leaving you floating helplessly in midair. The pillars in Prontera and other cities shatter, revealing enormous nail-shaped sculptures within. The nails then plunge a short Distance into the ground, causing the entire continent to quake. The shock wave sends you flying, but Ji suddenly appears and catches you.
12500000015	The professor comes over to greet you. Moments later, a Soldier reports that a glowing "Relic" appeared near Goblin Forest after the tremor, and someone needs to investigate.	The professor comes over to greet you. Moments later, a Soldier reports that a glowing "Relic" appeared near Goblin Forest after the tremor, and someone needs to investigate.
12500000016	The Relic begins to glow, and Pharaoh leaps out, catching everyone off guard. The knights are too busy to help, so they ask you to fight the monster.	The Relic begins to glow, and Pharaoh leaps out, catching everyone off guard. The knights are too busy to help, so they ask you to fight the monster.
12500000017	Ki shows you an animation of the massive gate to the Garden of Time coming together piece by piece.	Ki shows you an animation of the massive gate to the Garden of Time coming together piece by piece.
12500000018	After being released, the Pathfinder Ant crawled off in one direction, leaving a trail of Footprints.	After being released, the Pathfinder Ant crawled off in one direction, leaving a trail of Footprints.
12500000019	The Chrono Compass absorbs the Thoughtform, space trembles, time is set to Pause, and the player enters the Abyss.	The Chrono Compass absorbs the Thoughtform, space trembles, time is set to Pause, and the player enters the Abyss.
12500000020	Without looking back, Jack ran into the woods. In the distance, a scream rang out as a branch tore his clothes...	Without looking back, Jack ran into the woods. In the distance, a scream rang out as a branch tore his clothes...
12500000021	Under the Guild Members' conflicted gazes, you turned and left the suffocating place behind. Even the sunlight seemed unusually bright.	Under the Guild Members' conflicted gazes, you turned and left the suffocating place behind. Even the sunlight seemed unusually bright.
12500000022	You arrive at your destination, but no one is there. There's only an adorable little kitten meowing.	You arrive at your destination, but no one is there. There's only an adorable little kitten meowing.
12500000023	Pet the adorable kitten, and it affectionately nuzzles your hand... Suddenly, the ground gives way beneath your feet. It seems a Trap Hunter was set here. Helpless, you fall in and slam hard into the ground...	Pet the adorable kitten, and it affectionately nuzzles your hand... Suddenly, the ground gives way beneath your feet. It seems a Trap Hunter was set here. Helpless, you fall in and slam hard into the ground...
12500000024	The vision in your dream was a beacon from the future.	The vision in your dream was a beacon from the future.
12500000025	It revealed no illusion, but the calamity that the continent of Midgard will one day face—	It revealed no illusion, but the calamity that the continent of Midgard will one day face—
12500000026	A storm powerful enough to consume heaven and earth is gathering beyond the horizon.	A storm powerful enough to consume heaven and earth is gathering beyond the horizon.
12500000027	And you are the one chosen by the light.	And you are the one chosen by the light.
12500000028	The savior foretold in prophecy, the morning star that still shines amid despair.	The savior foretold in prophecy, the morning star that still shines amid despair.
12500000029	Until fate reveals itself once more, you must never stop moving Forward.	Until fate reveals itself once more, you must never stop moving Forward.
12500000030	Go forth and train, sharpening your edge with every Battle;	Go forth and train, sharpening your edge with every Battle;
12500000031	Go forth and explore, seeking every source of power across these ancient lands.	Go forth and explore, seeking every source of power across these ancient lands.
12500000032	When darkness truly descends, only the best-prepared hero	When darkness truly descends, only the best-prepared hero
12500000033	can become the light that pierces the endless night.	can become the light that pierces the endless night.
12180000011	Complete^{1}all of Mirko's objectives^{2}	Complete^{1}all of Mirko's objectives^{2}
12180000010	Complete^{1}all of Ilmo's objectives^{2}	Complete^{1}all of Ilmo's objectives^{2}
12180000009	Complete^{1}all of Naisha's objectives^{2}	Complete^{1}all of Naisha's objectives^{2}
12180000008	Complete^{1}all of Isti's objectives^{2}	Complete^{1}all of Isti's objectives^{2}
12180000007	Have more than^{1}@{1}^{2}minutes remaining until enrage	Have more than^{1}@{1}^{2}minutes remaining until enrage
12180000006	Have at least^{1}@{1}^{2}Revive attempts remaining	Have at least^{1}@{1}^{2}Revive attempts remaining
12180000005	Mirko's Trial	Mirko's Trial
12180000004	Ilmo's Trial	Ilmo's Trial
12180000003	Naisha's Trial	Naisha's Trial
12180000002	Isti's Trial	Isti's Trial
12180000001	Speedrun Challenge	Speedrun Challenge
12180000000	Survival Challenge	Survival Challenge
12170000001	Bonding Oath	Bonding Oath
12170000000	Guild Resonance	Guild Resonance
11520500001	High Priests are blessed by the gods. They repeatedly work miracles through sacred power and excel at purifying Undead Monsters. With a wide variety of Support and Healing Magic, they are among the most reliable members of any party.	High Priests are blessed by the gods. They repeatedly work miracles through sacred power and excel at purifying Undead Monsters. With a wide variety of Support and Healing Magic, they are among the most reliable members of any party.
11520500002	A powerful presence that saves allies from danger. Reduces the damage allies take while providing powerful Healing.	A powerful presence that saves allies from danger. Reduces the damage allies take while providing powerful Healing.
11520500003	As the Archbishop closest to the angels, a potent embodiment of sanctity, he offers the finest aid to his allies. At the same time, he wields holy magic to deliver devastating blows to his enemies.	As the Archbishop closest to the angels, a potent embodiment of sanctity, he offers the finest aid to his allies. At the same time, he wields holy magic to deliver devastating blows to his enemies.
11520500004	Abacus in hand, cart at the ready. A natural gift for business never stops this merchant from turning a pushcart into the perfect battlefield weapon.	Abacus in hand, cart at the ready. A natural gift for business never stops this merchant from turning a pushcart into the perfect battlefield weapon.
12120000019	Primordial Chaos · Ilmata	Primordial Chaos · Ilmata
12120000018	Parasitic Divine Vessel · Ilmata	Parasitic Divine Vessel · Ilmata
12120000017	Nature God · Ilmata	Nature God · Ilmata
12120000016	Mirko	Mirko
12120000015	Ilmo	Ilmo
12120000014	Nasha	Nasha
12120000013	Isti	Isti
12120000012	Hidden Realm	Hidden Realm
12120000011	Baphomet	Baphomet
12120000010	Moonlight Flower	Moonlight Flower
12120000009	Pharaoh	Pharaoh
12120000008	Osiris	Osiris
12120000007	Maya	Maya
12120000006	Mistress	Mistress
12120000005	Drake	Drake
12120000004	Orc Hero	Orc Hero
12120000003	Golden Thief Bug	Golden Thief Bug
12120000002	Epic Battle	Epic Battle
12120000001	Realm of the Gods	Realm of the Gods
12120000000	Phantom Realm	Phantom Realm
12110000098	Falling Dynamite Barrels	Falling Dynamite Barrels
12110000097	Falling Dynamite	Falling Dynamite
12110000096	Blooming Waves	Blooming Waves
12110000095	Ghost Ship	Ghost Ship
12110000094	Water Tornado	Water Tornado
12110000093	Rapid Thrust	Rapid Thrust
12110000092	Slash	Slash
12110000091	Resonant Sonic Wave	Resonant Sonic Wave
12110000090	Bell Charge	Bell Charge
12110000089	Summon Bell	Summon Bell
12110000088	Phantom Clone	Phantom Clone
12110000087	Bell Smash	Bell Smash
12110000086	Rapid Sonic Strikes	Rapid Sonic Strikes
12110000085	Horong Lash	Horong Lash
12110000084	Horong Split	Horong Split
12110000083	Bandage Lash	Bandage Lash
12110000082	Horong Impact	Horong Impact
12110000081	Quicksand Tornado	Quicksand Tornado
12110000080	Sandstone Pillar	Sandstone Pillar
12110000079	Sandstorm	Sandstorm
12110000078	Petrify Cleave	Petrify Cleave
12110000077	Stone Glyph Slash	Stone Glyph Slash
12110000076	Hellfire Pillar	Hellfire Pillar
12110000075	Hellfire	Hellfire
12110000074	Soul Reaper	Soul Reaper
12110000073	Summon Lightning	Summon Lightning
12110000072	Hell Charge	Hell Charge
12110000071	Scythe Throw	Scythe Throw
12110000070	Homing Ray	Homing Ray
12110000069	Pyramid Ray	Pyramid Ray
12110000068	Coffin Blast	Coffin Blast
12110000067	Grasp of the Dead	Grasp of the Dead
12110000066	Advancing Hornets	Advancing Hornets
12110000065	Hornet Army	Hornet Army
12110000064	Hornet Thrust	Hornet Thrust
12110000063	Swarming Bees	Swarming Bees
12110000062	Beehive Toss	Beehive Toss
12110000061	Musical Frenzy	Musical Frenzy
12110000060	Summon Musical Instrument	Summon Musical Instrument
12110000059	Perform Movement	Perform Movement
12110000058	Compose Movement	Compose Movement
12110000057	Memory Game	Memory Game
12110000056	Call Up	Call Up
12110000055	Meteor Shower	Meteor Shower
12110000054	Beat Prison	Beat Prison
12110000053	Rhythmic Leap	Rhythmic Leap
12110000052	Cross Score	Cross Score
12110000051	Dance together	Dance together
12110000050	Dazzling Dance Step	Dazzling Dance Step
12110000049	Backup Dancers	Backup Dancers
10620100000	Alphonse	Alphonse
10620100001	Z, awaiting your arrival in shadows beyond the moonlight's reach	Z, awaiting your arrival in shadows beyond the moonlight's reach
10620100002	Sincerely, Ryan	Sincerely, Ryan
10620100003	Wule	Wule
10620100004	Aikuni	Aikuni
10620100005	Ryan	Ryan
12110000048	Underwater Fireworks	Underwater Fireworks
12110000047	Bubble Burst	Bubble Burst
12110000046	Bubble Link	Bubble Link
12110000045	Unknown Skill	Unknown Skill
12110000044	Summon Evil	Summon Evil
12110000043	Demonic Pillar	Demonic Pillar
12110000042	Scythe Dance	Scythe Dance
12110000041	Nowhere to Hide	Nowhere to Hide
12110000040	Cat and Mouse	Cat and Mouse
12110000039	Hidden Bell	Hidden Bell
12110000038	Ocean Concerto	Ocean Concerto
12110000037	Bubble Dream	Bubble Dream
12110000036	Divine Light Purification	Divine Light Purification
12110000035	Coffin Trap	Coffin Trap
12110000034	Death Ray	Death Ray
12110000033	Astral Shift	Astral Shift
12110000032	Dark Pulse	Dark Pulse
12110000031	Summon Horong	Summon Horong
12110000030	Petrify Mist	Petrify Mist
12110000029	Quicksand Storm	Quicksand Storm
12110000028	Silk Spit	Silk Spit
12110000027	Hornet Charge	Hornet Charge
12110000026	Hornet Advance	Hornet Advance
12110000025	Hornet Formation	Hornet Formation
12110000024	Powder Keg Party	Powder Keg Party
12110000023	Cannonball Barrage	Cannonball Barrage
12110000022	Tidal Tornado	Tidal Tornado
12110000021	Deep-Sea Ghost Ship	Deep-Sea Ghost Ship
12110000020	Giant-Blade Kunai	Giant-Blade Kunai
12110000019	Lost Giant Blade	Lost Giant Blade
12110000018	Blade Deflection	Blade Deflection
12110000017	Earthquake	Earthquake
12110000016	Sandstorm	Sandstorm
12110000015	Wormhole	Wormhole
12110000014	Jellyfish Requiem	Jellyfish Requiem
12110000013	Great Whale's Aria	Great Whale's Aria
12110000012	Snowy Night Melody	Snowy Night Melody
12110000011	Melodic Memories	Melodic Memories
12110000010	Dream-Eater Prelude	Dream-Eater Prelude
12110000009	Fin Prison	Fin Prison
12110000008	Whaleback Slide	Whaleback Slide
12110000007	Summon the Four Saints	Summon the Four Saints
12110000006	Graveyard	Graveyard
12110000005	Interlude	Interlude
12110000004	Tidal Resonance	Tidal Resonance
12110000003	Opening Movement	Opening Movement
12110000002	Incoming Wave	Incoming Wave
12110000001	Spirit Melody	Spirit Melody
12110000000	Circling Fins	Circling Fins
10080000069	Glast Heim Underground Cave Floor @{1}	Glast Heim Underground Cave Floor @{1}
10080000070	Glast Heim Underground Cemetery	Glast Heim Underground Cemetery
10080000071	Glast Heim Underground Prison Floor @{1}	Glast Heim Underground Prison Floor @{1}
10080000072	Realm Sandbox-@{1}	Realm Sandbox-@{1}
10080000073	Producer's Lair	Producer's Lair
10110200184	Shield Press	Shield Press
10110200185	Reflect Damage	Reflect Damage
10110200186	Shield Cast	Shield Cast
10110200187	Holy Light Suppression	Holy Light Suppression
10110200188	Earth Drive	Earth Drive
10110200189	King's Grace	King's Grace
10110200190	Shield Defense	Shield Defense
10110200191	Union	Union
10110200192	Piety	Piety
10110200193	Divine Insight	Divine Insight
10110200194	Thorn	Thorn
10110200195	Shield Break	Shield Break
10110200196	Reflect Damage Passive	Reflect Damage Passive
10110200197	Spear Auto Counter	Spear Auto Counter
10110200198	Charge Up Strike	Charge Up Strike
10110200199	Shield Bash Enhance	Shield Bash Enhance
10110200200	Fearless Charge	Fearless Charge
10110200201	Earthshaker	Earthshaker
10110200202	Spear Formation - Crescent Moon	Spear Formation - Crescent Moon
10110200203	Powerful Shield Bash	Powerful Shield Bash
10110200204	Ultra Shield Bash	Ultra Shield Bash
10110200205	Advanced Monster Resistance	Advanced Monster Resistance
10110200206	Shield Block	Shield Block
10110200207	Shield Auto Counter	Shield Auto Counter
10110200208	Powerful Auto Counter	Powerful Auto Counter
10110200209	Block Impact	Block Impact
12050000112	Dragonblood Crystal	Dragonblood Crystal
12050000055	Rampage	Rampage
12050000017	Eight-Kill War God	Eight-Kill War God
12050000016	Peerless Five	Peerless Five
12010000041	Alberta Southern Capital - Base @{1}	Alberta Southern Capital - Base @{1}
12010000040	Alberta Western Capital - Base @{1}	Alberta Western Capital - Base @{1}
12010000039	Alberta Eastern Capital - Base @{1}	Alberta Eastern Capital - Base @{1}
12010000038	Alberta Southern Capital	Alberta Southern Capital
12010000037	Western Alberta Prefecture	Western Alberta Prefecture
12010000036	Eastern Alberta Prefecture	Eastern Alberta Prefecture
12010000035	Alberta	Alberta
12010000034	Southern Izlude Prefecture - Stronghold @{1}	Southern Izlude Prefecture - Stronghold @{1}
12010000033	Western Izlude Prefecture - Stronghold @{1}	Western Izlude Prefecture - Stronghold @{1}
12010000032	Eastern Izlude Prefecture - Stronghold @{1}	Eastern Izlude Prefecture - Stronghold @{1}
12010000031	Southern Izlude Prefecture	Southern Izlude Prefecture
12010000030	Western Izlude Prefecture	Western Izlude Prefecture
12010000029	Eastern Izlude Prefecture	Eastern Izlude Prefecture
12010000028	Izlude	Izlude
12010000027	South Morroc Prefecture - Stronghold @{1}	South Morroc Prefecture - Stronghold @{1}
12010000026	Western Morroc Prefecture - Stronghold @{1}	Western Morroc Prefecture - Stronghold @{1}
12010000025	Eastern Morroc Prefecture - Stronghold @{1}	Eastern Morroc Prefecture - Stronghold @{1}
12010000024	South Morroc Prefecture	South Morroc Prefecture
12010000023	Western Morroc Prefecture	Western Morroc Prefecture
12010000022	Eastern Morroc Prefecture	Eastern Morroc Prefecture
12010000021	Morroc	Morroc
12010000020	Southern Payon Prefecture - Stronghold @{1}	Southern Payon Prefecture - Stronghold @{1}
12010000019	Western Payon Prefecture - Stronghold @{1}	Western Payon Prefecture - Stronghold @{1}
12010000018	Eastern Payon Prefecture - Stronghold @{1}	Eastern Payon Prefecture - Stronghold @{1}
12010000017	Southern Payon Prefecture	Southern Payon Prefecture
12010000016	Western Payon Prefecture	Western Payon Prefecture
12010000015	Eastern Payon Prefecture	Eastern Payon Prefecture
12010000014	Payon	Payon
12010000013	Southern Geffen Prefecture - Stronghold @{1}	Southern Geffen Prefecture - Stronghold @{1}
12010000012	Western Geffen Prefecture - Stronghold @{1}	Western Geffen Prefecture - Stronghold @{1}
12010000011	Eastern Geffen Prefecture - Stronghold @{1}	Eastern Geffen Prefecture - Stronghold @{1}
12010000010	Southern Geffen Prefecture	Southern Geffen Prefecture
12010000009	Western Geffen Prefecture	Western Geffen Prefecture
12010000008	Eastern Geffen Prefecture	Eastern Geffen Prefecture
12010000007	Geffen	Geffen
12010000006	Southern Prontera Prefecture - Stronghold @{1}	Southern Prontera Prefecture - Stronghold @{1}
12010000005	Western Prontera Prefecture - Stronghold @{1}	Western Prontera Prefecture - Stronghold @{1}
12010000004	Stronghold @{1}	Stronghold @{1}
12010000003	Southern Prontera Prefecture	Southern Prontera Prefecture
12010000002	Western Prontera Prefecture	Western Prontera Prefecture
12010000001	Eastern Prontera Prefecture	Eastern Prontera Prefecture
12010000000	Prontera	Prontera
11970000001	Lv. @{1} Plant	Lv. @{1} Plant
11970000000	Lv. @{1} Ore Vein	Lv. @{1} Ore Vein
11950000009	Novice Guide	Novice Guide
11950000008	Sacrament	Sacrament
11950000007	Demonic Wolf	Demonic Wolf
11950000006	Falcon	Falcon
11950000005	Tier 5 Pushcart	Tier 5 Pushcart
11950000004	Tier 4 Cart	Tier 4 Cart
11950000003	Tier 3 Cart	Tier 3 Cart
11950000002	Tier 2 Cart	Tier 2 Cart
11950000001	Cart Merchant	Cart Merchant
11950000000	Blade	Blade
57004	${1}%	${1}%
57013	Lv.${1}	Lv.${1}
57018	Lv.1-20	Lv.1-20
57019	Lv.21-40	Lv.21-40
57020	Lv.41-60	Lv.41-60
57021	Lv.61-80	Lv.61-80
57022	Lv.81-100	Lv.81-100
57023	Lv.${1}-${2}	Lv.${1}-${2}
57027	Scholar Lv.	Scholar Lv.
57035	${1}/${2}	${1}/${2}
57051	${1} Lv.${2}	${1} Lv.${2}
57106	MAX	MAX
11930100004	Genesis Movement	Genesis Movement
11930100003	Divine Realm Speedrun	Divine Realm Speedrun
11930100002	Ilma Tower: Extreme Speedrun	Ilma Tower: Extreme Speedrun
11930100001	Spirit Tower Race	Spirit Tower Race
11930100000	Midterm Settlement	Midterm Settlement
11930000034	Territory War	Territory War
11930000033	S@{1} Large Card Pool @{2} - New Version	S@{1} Large Card Pool @{2} - New Version
11930000032	S@{1} Small Card Pool @{2} - New Version	S@{1} Small Card Pool @{2} - New Version
11930000006	Elf Tower: Race to the Top	Elf Tower: Race to the Top
11930000005	Realm Campaign · Midterm Settlement	Realm Campaign · Midterm Settlement
11930000004	Lost Treasure	Lost Treasure
11930000003	Gift of Time	Gift of Time
11930000002	Feature Preview	Feature Preview
11930000001	Growth Support	Growth Support
11930000000	Otherworldly Arrival	Otherworldly Arrival
11780000011	Exorciser	Exorciser
11780000010	Praiser Priest	Praiser Priest
11780000009	Iron Axe Artisan	Iron Axe Artisan
11780000008	Wandering Merchant	Wandering Merchant
11780000007	Stealth Assassin	Stealth Assassin
11780000006	Ambush Assassin	Ambush Assassin
11780000005	Eagle Eye Hunter	Eagle Eye Hunter
11780000004	Trap Hunter	Trap Hunter
11780000003	Frost Mage	Frost Mage
11780000002	Elemental Mage	Elemental Mage
11780000001	Swift Knight	Swift Knight
11780000000	Steel Shield Knight	Steel Shield Knight
11770000078	Bidder ID	Bidder ID
11770000077	Element	Element
11770000076	Elemental Mage	Elemental Mage
11770000075	Earthfire Mage	Earthfire Mage
11770000074	Frost Mage	Frost Mage
11770000073	Warg Hunter	Warg Hunter
11770000072	Wind Walker	Wind Walker
11770000071	Speedy Hunter	Speedy Hunter
11770000070	Eagle Eye Hunter	Eagle Eye Hunter
11770000069	Trap Hunter	Trap Hunter
11770000068	Rolling Cutter Assassin	Rolling Cutter Assassin
11770000067	Soul Breaker Assassin	Soul Breaker Assassin
11770000066	Stealth Assassin	Stealth Assassin
11770000065	Ambush Assassin	Ambush Assassin
11770000064	Iron Axe Artisan	Iron Axe Artisan
11770000063	Wandering Merchant	Wandering Merchant
11770000062	Cart Merchant	Cart Merchant
11770000061	Exorciser	Exorciser
11770000060	Praiser Priest	Praiser Priest
11770000059	Shield Crusader	Shield Crusader
11770000058	Spear Crusader	Spear Crusader
11770000057	Dragon Knight	Dragon Knight
11770000056	Steel Shield Knight	Steel Shield Knight
11770000055	Lance Knight	Lance Knight
11770000054	Swift Knight	Swift Knight
11770000053	Kafra's Ring	Kafra's Ring
11770000052	Survivor's Running Shoes	Survivor's Running Shoes
11770000051	Survivor's Coat	Survivor's Coat
11770000050	Survivor's Muffler	Survivor's Muffler
11770000049	Kafra's Sword	Kafra's Sword
11770000048	Wind Style - Monsoon	Wind Style - Monsoon
11770000047	Lightning Style - Rolling Thunder	Lightning Style - Rolling Thunder
11770000046	Fire Style - Flame Jet	Fire Style - Flame Jet
11770000045	Body Style - Expansion	Body Style - Expansion
11770000044	Earth Style - Burrow	Earth Style - Burrow
11770000043	Wind Style - Tornado	Wind Style - Tornado
11770000042	Hide-and-Seek	Hide-and-Seek
11770000041	Flame Launcher	Flame Launcher
11770000040	Pile Bunker	Pile Bunker
11770000039	Arm Cannon Enhance	Arm Cannon Enhance
11770000038	Flasher	Flasher
11770000037	Anklesnare	Anklesnare
11770000036	Myriad Stars Chase the Moon	Myriad Stars Chase the Moon
11770000035	Detecting	Detecting
11770000034	Arrow Storm	Arrow Storm
11770000033	Charge Arrow	Charge Arrow
11770000032	Hymn of the Lamb	Hymn of the Lamb
11770000031	Hymn of Devotion	Hymn of Devotion
11770000030	Highness Heal	Highness Heal
11770000029	Sanctuary	Sanctuary
11770000028	Radiant Holy Light	Radiant Holy Light
11770000027	Gravitation Field	Gravitation Field
11770000026	Earth Strain	Earth Strain
11770000025	Jack Frost	Jack Frost
11770000024	Crimson Rock	Crimson Rock
11770000023	Thunderclap	Thunderclap
11770000022	Comet	Comet
11770000021	Tetra Vortex	Tetra Vortex
11770000020	Heavy Cannon Shot	Heavy Cannon Shot
11770000019	Shield Defense	Shield Defense
11770000018	Twilight	Twilight
11770000017	Spear Formation - Crescent Moon	Spear Formation - Crescent Moon
11770000016	Fearless Charge	Fearless Charge
11770000015	Rain of Spears	Rain of Spears
11770000014	Phantom Thrust	Phantom Thrust
11770000013	Rift Impact	Rift Impact
11770000012	Evil Spirit Threat	Evil Spirit Threat
11770000011	Dark Illusion	Dark Illusion
11770000010	Meteor Assault	Meteor Assault
11770000009	Enhance Cloaking	Enhance Cloaking
11770000008	Soul Destroyer	Soul Destroyer
11770000007	Shadow Step	Shadow Step
11770000006	Disguise	Disguise
11770000005	Kaka Coin	Kaka Coin
11770000004	Cooldown Potion	Cooldown Potion
11770000003	Speed Potion	Speed Potion
11770000002	Instant Recovery Potion	Instant Recovery Potion
11770000001	Regeneration Potion	Regeneration Potion
11770000000	Panacea	Panacea
11740000000	Party Mode (Official)	Party Mode (Official)
11730000026	Legendary Survivor	Legendary Survivor
11730000025	Overlord	Overlord
11730000024	Moonlit Challenger I	Moonlit Challenger I
11730000023	Moonlit Challenger II	Moonlit Challenger II
11730000022	Moonlit Challenger III	Moonlit Challenger III
11730000021	Moonlit Challenger IV	Moonlit Challenger IV
11730000020	Moonlit Challenger V	Moonlit Challenger V
11730000019	Elite I	Elite I
11730000018	Elite II	Elite II
11730000017	Elite III	Elite III
11730000016	Elite IV	Elite IV
11730000015	Elite V	Elite V
11730000014	Warrior I	Warrior I
11730000013	Warrior II	Warrior II
11730000012	Warrior III	Warrior III
11730000011	Warrior IV	Warrior IV
11730000010	Warrior V	Warrior V
11730000009	Rookie I	Rookie I
11730000008	Rookie II	Rookie II
11730000007	Rookie III	Rookie III
11730000006	Rookie IV	Rookie IV
11730000005	Rookie V	Rookie V
11730000004	Apprentice I	Apprentice I
11730000003	Apprentice II	Apprentice II
11730000002	Apprentice III	Apprentice III
11730000001	Apprentice IV	Apprentice IV
11730000000	Apprentice V	Apprentice V
11720200002	Unlocked by Default	Unlocked by Default
11720200001	Unlocked by obtaining Appearance: Nine-Tone Mantra	Unlocked by obtaining Appearance: Nine-Tone Mantra
11720200000	Unlocked from the Start	Unlocked from the Start
11720100009	Right Heart	Right Heart
11720100008	Left Heart	Left Heart
11720100007	Look Back	Look Back
11720100006	Hands on Hips	Hands on Hips
11720100005	Sit	Sit
11720100004	Placeholder	Placeholder
11720100003	Listen to the Nine-Tone Mantra and await the moonlight.\nExclusive Idle Action for the Nine-Tone Mantra set	Listen to the Nine-Tone Mantra and await the moonlight.\nExclusive Idle Action for the Nine-Tone Mantra set
11720100002	Chase the bright moon and behold Dunhuang.\nExclusive Duo Action for the Nine-Tone Mantra set	Chase the bright moon and behold Dunhuang.\nExclusive Duo Action for the Nine-Tone Mantra set
11720100001	Don celestial robes and dance in the Moonlight.\nExclusive performance action for the Nine-Tone Mantra set	Don celestial robes and dance in the Moonlight.\nExclusive performance action for the Nine-Tone Mantra set
11720100000	Meditate on the spot to recover.	Meditate on the spot to recover.
11680000004	Gospel	Gospel
11680000003	Stellar Vortex	Stellar Vortex
11680000002	Blade Soul	Blade Soul
11680000001	Shrined	Shrined
11680000000	Inactive	Inactive
11670000006	Other Violations	Other Violations
11670000005	Soliciting Contact Information	Soliciting Contact Information
11670000004	Advertising	Advertising
11670000003	Gambling Content	Gambling Content
11670000002	Abusive Language	Abusive Language
11670000001	Sexual or Vulgar Content	Sexual or Vulgar Content
11670000000	Political Content	Political Content
11530400012	Complete the Commission Quests Post by Daidai to earn tons of rewards.	Complete the Commission Quests Post by Daidai to earn tons of rewards.
11530400011	Lead your Pet in a Challenge against the Spirit Tower.	Lead your Pet in a Challenge against the Spirit Tower.
11530400010	Participate in any Misc activity in the Treasure Vault to earn an Eden Group Commendation.	Participate in any Misc activity in the Treasure Vault to earn an Eden Group Commendation.
11530400009	Participate Solo or with a party.	Participate Solo or with a party.
11530400008	Complete a Territory War Faction Quest.	Complete a Territory War Faction Quest.
11530400007	Participate Solo or with a party in fair Competition.	Participate Solo or with a party in fair Competition.
11530400006	Take on a squad Challenge against the Phantom Realm BOSS with @{1} players to earn tons of rewards.	Take on a squad Challenge against the Phantom Realm BOSS with @{1} players to earn tons of rewards.
11530400005	Take on a Party Challenge against the Realm of the Gods BOSS with @{1} players to earn tons of rewards.	Take on a Party Challenge against the Realm of the Gods BOSS with @{1} players to earn tons of rewards.
11530400004	Consume Vigor to gather open-world resources and craft Tradeable items.	Consume Vigor to gather open-world resources and craft Tradeable items.
11530400003	Spend Bonus Time to obtain Monster Drop Rewards	Spend Bonus Time to obtain Monster Drop Rewards
11530400002	Participate in the Kill of any MVP to earn Rare rewards	Participate in the Kill of any MVP to earn Rare rewards
11530400001	Lead your Pet in a Challenge of the Spirit Tower and push the limits	Lead your Pet in a Challenge of the Spirit Tower and push the limits
11530400000	Complete a Royal Caravan Departure to earn Personal Rewards and Guild Funds	Complete a Royal Caravan Departure to earn Personal Rewards and Guild Funds
11530300003	@{1} VS @{2} Competition Match	@{1} VS @{2} Competition Match
11530300002	Coming Soon	Coming Soon
11530300001	Head to the Guild Territory and join the Bonfire Party to earn tons of EXP!	Head to the Guild Territory and join the Bonfire Party to earn tons of EXP!
11530300000	Fair Competition for @{1} Players	Fair Competition for @{1} Players
11530200021	Event Period: During the Ignition Test, Sunday from @{1}:@{2}~@{3}:@{4}	Event Period: During the Ignition Test, Sunday from @{1}:@{2}~@{3}:@{4}
11530200020	Event Period: During the Ignition Test, Friday from @{1}:@{2}~@{3}:@{4}	Event Period: During the Ignition Test, Friday from @{1}:@{2}~@{3}:@{4}
11530200019	Event Period: During the Ignition Test, opens Friday from @{1}:@{2}~@{3}:@{4}	Event Period: During the Ignition Test, opens Friday from @{1}:@{2}~@{3}:@{4}
11530200018	Event Period: During the Ignition Test, Thursday from @{1}:@{2}~@{3}:@{4}	Event Period: During the Ignition Test, Thursday from @{1}:@{2}~@{3}:@{4}
11530200017	Event Period: Every Sunday from @{1}:@{2}~@{3}:@{4}	Event Period: Every Sunday from @{1}:@{2}~@{3}:@{4}
11530200016	Event Period: Two-week cycle, Tuesday and Thursday of the first week and Thursday of the second week, @{1}:@{2}~@{3}:@{4}	Event Period: Two-week cycle, Tuesday and Thursday of the first week and Thursday of the second week, @{1}:@{2}~@{3}:@{4}
11530200015	Event Period: Monday through Thursday, Saturday, and Sunday, @{1}:@{2}~@{3}:@{4}	Event Period: Monday through Thursday, Saturday, and Sunday, @{1}:@{2}~@{3}:@{4}
11530200014	Event Period: Sundays on even-numbered weeks, @{1}:@{2}~@{3}:@{4}	Event Period: Sundays on even-numbered weeks, @{1}:@{2}~@{3}:@{4}
11530200013	Tuesday, Thursday, Saturday, and Sunday, @{1}:@{2}~@{3}:@{4}	Tuesday, Thursday, Saturday, and Sunday, @{1}:@{2}~@{3}:@{4}
11530200012	Monday, Wednesday, Friday, and Sunday, @{1}:@{2}~@{3}:@{4}	Monday, Wednesday, Friday, and Sunday, @{1}:@{2}~@{3}:@{4}
11530200011	Event Period: Two-week cycle, Wednesday and Saturday of the first week and Saturday of the second week, @{1}:@{2}~@{3}:@{4}	Event Period: Two-week cycle, Wednesday and Saturday of the first week and Saturday of the second week, @{1}:@{2}~@{3}:@{4}
11530200010	Event Period: During the Ignition Test, opens Monday, Wednesday, and Saturday from @{1}:@{2}~@{3}:@{4}	Event Period: During the Ignition Test, opens Monday, Wednesday, and Saturday from @{1}:@{2}~@{3}:@{4}
11530200009	Event Period: During the Ignition Test, opens Sunday from @{1}:@{2}~@{3}:@{4}	Event Period: During the Ignition Test, opens Sunday from @{1}:@{2}~@{3}:@{4}
11530200008	Event Period: Sundays on odd-numbered weeks, @{1}:@{2}~@{3}:@{4}	Event Period: Sundays on odd-numbered weeks, @{1}:@{2}~@{3}:@{4}
11530200007	Event Period: Thursday, @{1}:@{2}~@{3}:@{4}	Event Period: Thursday, @{1}:@{2}~@{3}:@{4}
11530200006	Event Period: Tuesday and Friday, @{1}:@{2}~@{3}:@{4}	Event Period: Tuesday and Friday, @{1}:@{2}~@{3}:@{4}
11530200005	Event Period: Daily, @{1}:@{2}~@{3}:@{4}	Event Period: Daily, @{1}:@{2}~@{3}:@{4}
11530200004	Event Period: During the Ignition Test, opens daily from @{1}:@{2}~@{3}:@{4}	Event Period: During the Ignition Test, opens daily from @{1}:@{2}~@{3}:@{4}
11530200003	Event Period: During the Ignition Test, opens Wednesday from @{1}:@{2}~@{3}:@{4}	Event Period: During the Ignition Test, opens Wednesday from @{1}:@{2}~@{3}:@{4}
11530200002	Event Period: During the Ignition Test, opens Tuesday, Thursday, and Sunday from @{1}:@{2}~@{3}:@{4}	Event Period: During the Ignition Test, opens Tuesday, Thursday, and Sunday from @{1}:@{2}~@{3}:@{4}
11530200001	Event Period: During the Ignition Test, opens Saturday and the following Monday and Tuesday from @{1}:@{2}~@{3}:@{4}	Event Period: During the Ignition Test, opens Saturday and the following Monday and Tuesday from @{1}:@{2}~@{3}:@{4}
11530200000	Event Period: All Day	Event Period: All Day
11520500026	Warlocks are the ultimate form of the Mage path and the most complex class in the entire Magic system. They combine absolute mastery of the four Elements with the secrets of Soul Buster. A Warlock can weave the four Elements into an Entrapping Net or crush a single target through sheer force of will with Soul Buster.	Warlocks are the ultimate form of the Mage path and the most complex class in the entire Magic system. They combine absolute mastery of the four Elements with the secrets of Soul Buster. A Warlock can weave the four Elements into an Entrapping Net or crush a single target through sheer force of will with Soul Buster.
11520500025	These magic experts own overwhelming magic potential already, but now their magics are at a complete different level: they are capable of wielding the power of Neutral magics, or even utilizing their Psychokinesis power to control gravity.	These magic experts own overwhelming magic potential already, but now their magics are at a complete different level: they are capable of wielding the power of Neutral magics, or even utilizing their Psychokinesis power to control gravity.
11520500024	Capable of using more powerful magics. Although their poor close-quarter combat ability being their weakness as past, by mastering the four elemental stats of Water, Earth, Fire, and Air, they can still be a powerful addition to the team with their incredibly wide-range AOE magics.	Capable of using more powerful magics. Although their poor close-quarter combat ability being their weakness as past, by mastering the four elemental stats of Water, Earth, Fire, and Air, they can still be a powerful addition to the team with their incredibly wide-range AOE magics.
11520500023	Excels at long-range magical combat and can command the five elements of Water, Fire, Wind, Earth, and Ghost.	Excels at long-range magical combat and can command the five elements of Water, Fire, Wind, Earth, and Ghost.
11520500022	When an Assassin Cross achieves a Breakthrough beyond their limits, they become the dreaded Guillotine Cross. Each ring of violet-black afterimages is a waltz that reaps Life—a devastating display of Ultra speed.	When an Assassin Cross achieves a Breakthrough beyond their limits, they become the dreaded Guillotine Cross. Each ring of violet-black afterimages is a waltz that reaps Life—a devastating display of Ultra speed.
11520500021	An assassin who always has another trick under their sleeve, and none of their targets ever live to see another day. They're good at using poison and assassin techniques to sabotage the enemy's formation and achieve effective results.	An assassin who always has another trick under their sleeve, and none of their targets ever live to see another day. They're good at using poison and assassin techniques to sabotage the enemy's formation and achieve effective results.
11520500020	Agile, swift, and deadly, Assassins learn the ways of the Dual Blade Technique. Their unrivaled burst damage makes them rulers of one-on-one combat. They can equip the Katar, a weapon with a high critical rate.	Agile, swift, and deadly, Assassins learn the ways of the Dual Blade Technique. Their unrivaled burst damage makes them rulers of one-on-one combat. They can equip the Katar, a weapon with a high critical rate.
11520500019	Thief is the most agile of all Adventurer classes. Rather than relying on heavy armor to survive, Thieves use their extraordinary reflexes to evade attacks.	Thief is the most agile of all Adventurer classes. Rather than relying on heavy armor to survive, Thieves use their extraordinary reflexes to evade attacks.
11520500018	The kingdom's mightiest knight, having mastered the power of runes and tamed a demonic dragon. With complete mastery of swords and spears, Rune Knights ride demonic dragons into the fray, unleash elemental breath attacks, and Sweep Attack entire armies.	The kingdom's mightiest knight, having mastered the power of runes and tamed a demonic dragon. With complete mastery of swords and spears, Rune Knights ride demonic dragons into the fray, unleash elemental breath attacks, and Sweep Attack entire armies.
11520500017	Their stopping power is enough to crush frontline enemies in the blink of an eye, and they are the most powerful force of The Knights. Not only do they excel in both offensive and defensive positions, once they are in rampage, they're able to massively increase their physique within a short amount of time.	Their stopping power is enough to crush frontline enemies in the blink of an eye, and they are the most powerful force of The Knights. Not only do they excel in both offensive and defensive positions, once they are in rampage, they're able to massively increase their physique within a short amount of time.
11520500016	A loyal knight of the kingdom. Skilled with swords and spears, knights can ride Peco Pecos into battle, wield formidable offensive power, and rapidly charge toward enemies.	A loyal knight of the kingdom. Skilled with swords and spears, knights can ride Peco Pecos into battle, wield formidable offensive power, and rapidly charge toward enemies.
11520500015	Excels at close-range combat, wielding a sword with a balance of offense and defense.	Excels at close-range combat, wielding a sword with a balance of offense and defense.
11520500014	A solitary Ranger who keeps only a Demonic Wolf for company and has mastered the art of marksmanship. The Ranger can unleash rapid shots at distant targets with the speed of a gale or ride a Demonic Wolf for highly mobile hunts.	A solitary Ranger who keeps only a Demonic Wolf for company and has mastered the art of marksmanship. The Ranger can unleash rapid shots at distant targets with the speed of a gale or ride a Demonic Wolf for highly mobile hunts.
11520500013	They are shooters with perfect aim. Under the attack of arrows and their falcons, no enemy can withstand long, not to mention to fight back.	They are shooters with perfect aim. Under the attack of arrows and their falcons, no enemy can withstand long, not to mention to fight back.
11520500012	Long-range combat specialist, master of archery, and a mastermind who utilizes traps to lure the enemy into the palm of their hand. They can train a Falcon to support them, and the upper limit to their attack damage is very high.	Long-range combat specialist, master of archery, and a mastermind who utilizes traps to lure the enemy into the palm of their hand. They can train a Falcon to support them, and the upper limit to their attack damage is very high.
11520500011	Uses a bow to excel at ranged attacks and can knock enemies back at critical moments.	Uses a bow to excel at ranged attacks and can knock enemies back at critical moments.
11520500010	The ultimate evolution of the Crusader path. Royal Guards are not only the kingdom's mightiest warriors, but also engines of destruction that shatter enemy lines. They can withstand and deal heavy damage, crash repeatedly through enemy formations, or serve as the core of their own party.	The ultimate evolution of the Crusader path. Royal Guards are not only the kingdom's mightiest warriors, but also engines of destruction that shatter enemy lines. They can withstand and deal heavy damage, crash repeatedly through enemy formations, or serve as the core of their own party.
11520500009	Tempered by even greater holy trials, Paladins Enhance the core mechanics of each Crusader path, further defining the class traits of the "Attacker" and "Protector."	Tempered by even greater holy trials, Paladins Enhance the core mechanics of each Crusader path, further defining the class traits of the "Attacker" and "Protector."
11520500008	Warriors who walk the path of holy war, wielding faith and Spear as their sharpest weapons. After Job Advance from Swordsman, Crusaders Keep their formidable melee capabilities while further specializing in Spear weapons. They develop two distinct combat styles: an Attack-type Spear build that trades blood for damage, and a defensive shield build that protects allies in peril.	Warriors who walk the path of holy war, wielding faith and Spear as their sharpest weapons. After Job Advance from Swordsman, Crusaders Keep their formidable melee capabilities while further specializing in Spear weapons. They develop two distinct combat styles: an Attack-type Spear build that trades blood for damage, and a defensive shield build that protects allies in peril.
11520500007	Piloting the Madogear Pilot, they Launch long-range cannon fire to demolish enemy lines, or charge in with a kinetic battle axe to control the field and unleash explosive strikes, leaving opponents no time to breathe.	Piloting the Madogear Pilot, they Launch long-range cannon fire to demolish enemy lines, or charge in with a kinetic battle axe to control the field and unleash explosive strikes, leaving opponents no time to breathe.
11520500006	Skill elevated to an art, craftsmanship without limit. A Blacksmith at the pinnacle of the craft wields peerless hands to push forging power to its utmost.	Skill elevated to an art, craftsmanship without limit. A Blacksmith at the pinnacle of the craft wields peerless hands to push forging power to its utmost.
11520500005	Flame and hammer define a Blacksmith's life—the power of tempering not only forges keen blades, but also empowers the party to Sweep Attack through enemy lines.	Flame and hammer define a Blacksmith's life—the power of tempering not only forges keen blades, but also empowers the party to Sweep Attack through enemy lines.
12160000000	Rhythm of Music	Rhythm of Music
12160000001	Animal World	Animal World
12160000002	Dark Forest	Dark Forest
12160000003	Ethereal Dreamscape	Ethereal Dreamscape
11520500000	Excels at healing allies and specializes in defensive and buff magic.	Excels at healing allies and specializes in defensive and buff magic.
11520100007	Teamfight Initiation Control	Teamfight Initiation Control
11520100006	High Burst	High Burst
11520100005	High Attack Speed	High Attack Speed
11520100004	High Survivability	High Survivability
11520100003	Long Distance	Long Distance
11520100002	High Damage	High Damage
11520100001	Holy	Holy
11520100000	Healing	Healing
11480200000	Scroll of Bygone Days	Scroll of Bygone Days
11480100000	Chapter of Bygone Days	Chapter of Bygone Days
11480000001	Movement of the God of Nature · II	Movement of the God of Nature · II
11480000000	Movement of the God of Nature · I	Movement of the God of Nature · I
11460200001	Growth Support Lv. @{1} Rewards	Growth Support Lv. @{1} Rewards
11460200000	Purchase from the Magic Fashion Shop.	Purchase from the Magic Fashion Shop.
11410300003	CHAPTER IV	CHAPTER IV
11410300002	CHAPTER III	CHAPTER III
11410300001	CHAPTER II	CHAPTER II
11410300000	CHAPTER I	CHAPTER I
11280100002	Covered the content of Chapter 2	Covered the content of Chapter 2
11280100001	Covers the content of Chapter 1	Covers the content of Chapter 1
11280100000	An Interesting Book	An Interesting Book
11270000006	Outstanding	Outstanding
11270000005	Excellent	Excellent
11270000004	Good	Good
11270000003	Average	Average
11270000002	Fair	Fair
11270000001	Low	Low
11270000000	Low	Low
11250000070	MATK	MATK
11250000069	Continuous Shield	Continuous Shield
11250000068	Desperate Defense	Desperate Defense
11250000067	Fortitude Defense	Fortitude Defense
11250000066	Continuous Healing	Continuous Healing
11250000065	Abundant Healing	Abundant Healing
11250000064	Cure	Cure
11250000063	Multi Strike	Multi Strike
11250000062	Abundant Strength	Abundant Strength
11250000061	Vengeful Strength	Vengeful Strength
11250000060	Decapitation	Decapitation
11250000059	Magic Reverberation	Magic Reverberation
11250000058	Abundant Magic	Abundant Magic
11250000057	Vengeful Magic	Vengeful Magic
11250000056	Terminate	Terminate
11250000055	Healing Amplification	Healing Amplification
11250000054	DEF Boost	DEF Boost
11250000053	Ranged Amplification	Ranged Amplification
11250000052	Melee Amplification	Melee Amplification
11250000051	Magic Amplification	Magic Amplification
11250000050	Healing Cap	Healing Cap
11250000049	Defense Cap	Defense Cap
11250000048	Physical Damage Cap	Physical Damage Cap
11250000047	Magic Damage Cap	Magic Damage Cap
11250000046	Low-Level Hunting Protection	Low-Level Hunting Protection
11250000045	Basic Hunting Technique	Basic Hunting Technique
11250000044	Low-Tier DMG Reduction vs All Job	Low-Tier DMG Reduction vs All Job
11250000043	Low-Tier DMG vs All Job	Low-Tier DMG vs All Job
11250000042	Low-Tier Undead Resistance	Low-Tier Undead Resistance
11250000041	Minor Ghost Property Resistance	Minor Ghost Property Resistance
11250000040	Minor Shadow Resistance	Minor Shadow Resistance
10220200000	Blessing	Blessing
10220200001	Signum Crucis	Signum Crucis
10220200002	Ruwach	Ruwach
10220200003	Increase AGI	Increase AGI
10220200004	Angelus	Angelus
10220200005	Slow	Slow
10220200006	Pneuma	Pneuma
10220200007	Mace Mastery	Mace Mastery
10220200008	Lex Aeterna	Lex Aeterna
10220200009	Recovery	Recovery
10220200010	Magnificat	Magnificat
10220200011	Gloria	Gloria
10220200012	Resurrection	Resurrection
10220200013	Aspersio	Aspersio
10220200014	Kyrie Eleison	Kyrie Eleison
10220200015	Impositio Manus	Impositio Manus
10220200016	Suffragium	Suffragium
10220200017	Assumptio	Assumptio
10220200018	Meditatio	Meditatio
10220200019	Mana Recharge	Mana Recharge
10220200020	Basilica	Basilica
10220200021	Arcane Mastery	Arcane Mastery
10220200022	Arcane Mastery [Increases Turn Undead's Fixed Value]	Arcane Mastery [Increases Turn Undead's Fixed Value]
10220200023	Turn Undead [Buff Effect]	Turn Undead [Buff Effect]
10220200024	Turn Undead [Triggered Skill]	Turn Undead [Triggered Skill]
10220200025	Increase AGI [Buff Effect]	Increase AGI [Buff Effect]
10220200026	Swift Blessing	Swift Blessing
10220200027	Divine Light [Life Detection]	Divine Light [Life Detection]
10220200028	Basic Attack [Triggered Skill]	Basic Attack [Triggered Skill]
10220200029	Cross Exorciser [Buff Effect]	Cross Exorciser [Buff Effect]
10220200030	Cross Exorciser [Triggered Effect]	Cross Exorciser [Triggered Effect]
10220200031	Divine Light/Sanctuary [Buff Effect]	Divine Light/Sanctuary [Buff Effect]
10220200032	Revive [Buff Effect]	Revive [Buff Effect]
10220200033	Sanctuary [Triggered Skill]	Sanctuary [Triggered Skill]
10220200034	Cross Exorciser [Triggered Buff]	Cross Exorciser [Triggered Buff]
10220200035	Cross Exorciser [Triggered Skill]	Cross Exorciser [Triggered Skill]
10220200036	Basic Attack Damage	Basic Attack Damage
10220200037	Blunt Weapon Normal Attack [Triggered Effect]	Blunt Weapon Normal Attack [Triggered Effect]
10220200038	Cross Exorciser [Skill Mode]	Cross Exorciser [Skill Mode]
10220200039	Sanctuary	Sanctuary
10220200040	Sanctuary [Buff Check]	Sanctuary [Buff Check]
10220200041	Sanctuary [Buff Effect]	Sanctuary [Buff Effect]
10220200042	Basilica [Cast Completion Detection]	Basilica [Cast Completion Detection]
10220200043	Basilica [Triggered Effect]	Basilica [Triggered Effect]
10220200044	Divine Light [Triggered Skill]	Divine Light [Triggered Skill]
10220200045	Hymn of the Lamb	Hymn of the Lamb
10220200046	Status Effect	Status Effect
10220200047	Movement Restriction	Movement Restriction
10220200048	Radiant Holy Light	Radiant Holy Light
10220200049	Fragrance	Fragrance
10220200050	Prayer of the Holy Spirit	Prayer of the Holy Spirit
10220200051	Respawn	Respawn
10220200052	Prayer of Gratitude	Prayer of Gratitude
10220200053	Wood Spirit's Blessing	Wood Spirit's Blessing
10220200054	Tree Spirit's Blessing Trigger	Tree Spirit's Blessing Trigger
10220200055	Double Holy Light	Double Holy Light
10220200056	Holy Spirit Surge	Holy Spirit Surge
10220200057	Divine Retribution	Divine Retribution
10220200058	Stigma Count	Stigma Count
10220200059	Hymn of Devotion	Hymn of Devotion
10220200060	Tree Spirit's Blessing Invincible	Tree Spirit's Blessing Invincible
10220200061	Stigma Charge Buff	Stigma Charge Buff
10220200062	Descent of the Holy Spirit Prayer Trigger	Descent of the Holy Spirit Prayer Trigger
10220200063	Decay	Decay
10220200064	City Fallen	City Fallen
10220200065	Guild Battle Preparations	Guild Battle Preparations
10220200066	Crazy Uproar	Crazy Uproar
10220200067	Mammonite Replacement	Mammonite Replacement
10220200068	Crazy Uproar - Mind and Body Renewal	Crazy Uproar - Mind and Body Renewal
10220200069	Crazy Uproar - Self-Motivation	Crazy Uproar - Self-Motivation
10220200070	Hilt Binding	Hilt Binding
10220200071	Adrenaline Rush	Adrenaline Rush
10220200072	Power Thrust	Power Thrust
10220200073	Maximize Power	Maximize Power
10220200074	Maximize Power - Weapon Polishing	Maximize Power - Weapon Polishing
10220200075	Maximize Power - Weapon Enhance	Maximize Power - Weapon Enhance
10220200076	Cart Accessory	Cart Accessory
10220200077	Cart Boost	Cart Boost
10220200078	High Speed Cart Ram Replacement Mode	High Speed Cart Ram Replacement Mode
10220200079	Melt Down	Melt Down
10220200080	Maximum Over Thrust	Maximum Over Thrust
10220200081	Terminate Stun	Terminate Stun
10220200082	Maximum Over Thrust - Enhanced Power Thrust	Maximum Over Thrust - Enhanced Power Thrust
10220200083	Maximum Over Thrust - Critical Strike	Maximum Over Thrust - Critical Strike
10220200084	Cart Reinforcement	Cart Reinforcement
10220200085	Mammonite	Mammonite
10220200086	Gunpowder Smash	Gunpowder Smash
10220200087	Anaerobic Training	Anaerobic Training
10220200088	Booming Business	Booming Business
10220200089	Body Tempering	Body Tempering
10220200090	Earth's Power	Earth's Power
10220200091	Earth Spike	Earth Spike
10220200092	Earthshatter	Earthshatter
10220200093	Rousing Support	Rousing Support
10220200094	Mind and Body Renewal	Mind and Body Renewal
10220200095	Self-Motivation	Self-Motivation
10220200096	Cart Remodeling	Cart Remodeling
10220200097	Weapon Mastery	Weapon Mastery
10220200098	Cart Smash	Cart Smash
10220200099	Speed Is Weight	Speed Is Weight
10220200100	Second Wind	Second Wind
10220200101	Unlimited Acceleration	Unlimited Acceleration
10220200102	Finishing Blow	Finishing Blow
10220200103	Cart Clash	Cart Clash
10220200104	Terminate Blast	Terminate Blast
10220200105	Limit Break	Limit Break
10220200106	Weapon Polishing	Weapon Polishing
10220200107	Weapon Enhance	Weapon Enhance
10220200108	Charging Momentum	Charging Momentum
10220200109	Accelerating Impact	Accelerating Impact
10220200110	Sustained Acceleration	Sustained Acceleration
10220200111	AoE Power Thrust	AoE Power Thrust
10220200112	Enhanced Power Thrust	Enhanced Power Thrust
10220200113	Critical Strike	Critical Strike
10220200114	Axe Mastery	Axe Mastery
10220200115	Slow	Slow
10220200116	Emergency Treatment	Emergency Treatment
10220200117	Emergency Treatment Shield	Emergency Treatment Shield
10220200118	Emergency Treatment Healing	Emergency Treatment Healing
10220200119	Blade Mark	Blade Mark
10220200120	Cart Tornado - Enhance	Cart Tornado - Enhance
10220200121	Cart Tornado - Enhance Count	Cart Tornado - Enhance Count
10220200122	Firepower Ready	Firepower Ready
10220200123	Cannon Refresh	Cannon Refresh
10220200124	Firepower Loaded	Firepower Loaded
10220200125	Melody Bubble	Melody Bubble
10220200126	Season Vulcan Cannon Damage Boost Buff	Season Vulcan Cannon Damage Boost Buff
10220200127	Season Vulcan Cannon CRIT Boost Buff	Season Vulcan Cannon CRIT Boost Buff
10220200128	Play Season Melody Bubble Effect	Play Season Melody Bubble Effect
10220200129	Play Season Standard Cannon Hit Effect	Play Season Standard Cannon Hit Effect
10220200130	Play Season Enhanced Cannon Hit Effect	Play Season Enhanced Cannon Hit Effect
10220200131	High-Energy Eruption	High-Energy Eruption
10220200132	Blade Mark	Blade Mark
10220200133	High-Energy Impact Listener	High-Energy Impact Listener
10220200134	High-Energy Impact Mode Switch	High-Energy Impact Mode Switch
10220200135	Vulcan Cannon Floors Listener @{1}	Vulcan Cannon Floors Listener @{1}
10220200136	Vulcan Cannon Floors Listener @{1} Explosion Boost	Vulcan Cannon Floors Listener @{1} Explosion Boost
10220200137	Battle Axe Assembly Test	Battle Axe Assembly Test
10220200138	Battle Axe High-Energy Shield	Battle Axe High-Energy Shield
10220200139	High-Energy Pulse - Listener	High-Energy Pulse - Listener
10220200140	High-Energy Pulse	High-Energy Pulse
10220200141	High-Energy Pulse - Replace Mode with Axe Tornado	High-Energy Pulse - Replace Mode with Axe Tornado
10220200142	Enhanced Axe Tornado Listener	Enhanced Axe Tornado Listener
10220200143	Axe Tornado Listener - Remove Movement Speed Boost and Crowd Control Immunity When Skill Ends	Axe Tornado Listener - Remove Movement Speed Boost and Crowd Control Immunity When Skill Ends
10220200144	Heavy Axe Strike - Set Mode @{1}	Heavy Axe Strike - Set Mode @{1}
10220200145	Heavy Axe Strike Listener - Remove Mode Replacement	Heavy Axe Strike Listener - Remove Mode Replacement
10220200146	Crescent Blade Wheel Listener	Crescent Blade Wheel Listener
10220200147	Reset Crescent Blade Wheel Cooldown	Reset Crescent Blade Wheel Cooldown
10220200148	Energy Release	Energy Release
10220200149	Self-Destruct HP Lock	Self-Destruct HP Lock
10220200150	High-Energy Shield	High-Energy Shield
10220200151	Crescent Blade Wheel Mark	Crescent Blade Wheel Mark
10220200152	Energy Depletion	Energy Depletion
10220200153	Jet Acceleration	Jet Acceleration
10220200154	Monitor Arm Cannon Mode Removal of Season Vulcan Arm Explosion Boost	Monitor Arm Cannon Mode Removal of Season Vulcan Arm Explosion Boost
10220200155	Energy Release Shield	Energy Release Shield
10220200156	Season Cannon Switch BD @{1}	Season Cannon Switch BD @{1}
10220200157	Season Vulcan Cannon Switch BD @{1}	Season Vulcan Cannon Switch BD @{1}
10220200158	S@{1} High-Energy Impact Replaces Axe Tornado Mode	S@{1} High-Energy Impact Replaces Axe Tornado Mode
10220200159	S@{1} Axe Tornado Casts Demonic Roar to Add Floors	S@{1} Axe Tornado Casts Demonic Roar to Add Floors
10220200160	S@{1} Axe Tornado Casts Demonic Roar Listener	S@{1} Axe Tornado Casts Demonic Roar Listener
10220200161	S@{1} Vulcan Cannon Mode Replacement	S@{1} Vulcan Cannon Mode Replacement
10220200162	S@{1} Vulcan Cannon Counter Stack	S@{1} Vulcan Cannon Counter Stack
10220200163	S@{1} Firepower Loading	S@{1} Firepower Loading
10220200164	S@{1} Vulcan Cannon Triggers Cannon Follow-Up	S@{1} Vulcan Cannon Triggers Cannon Follow-Up
10220200165	S@{1} High-Energy Impact Listener	S@{1} High-Energy Impact Listener
10220200166	S@{1} High-Energy Impact Mode Switch	S@{1} High-Energy Impact Mode Switch
10220200167	S@{1} Vulcan Cannon Floors Listener	S@{1} Vulcan Cannon Floors Listener
10220200168	HP Lock Buff	HP Lock Buff
10220200169	Live Coal	Live Coal
10220200170	Intermediate Live Coal	Intermediate Live Coal
10220200171	Advanced Live Coal	Advanced Live Coal
10220200172	Lv. @{1} Bonfire	Lv. @{1} Bonfire
10220200173	Normal Live Coal - Live Coal	Normal Live Coal - Live Coal
10220200174	Intermediate Live Coal - Live Coal	Intermediate Live Coal - Live Coal
10220200175	Advanced Live Coal - Live Coal	Advanced Live Coal - Live Coal
10220200176	New Lv. @{1} Bonfire	New Lv. @{1} Bonfire
10220200177	Transform: Poring	Transform: Poring
10220200178	Transform into Lunatic	Transform into Lunatic
10220200179	Transform into Savage Babe	Transform into Savage Babe
10220200180	Transform into Baby Desert Wolf	Transform into Baby Desert Wolf
10220200181	Transform into Baphomet Jr.	Transform into Baphomet Jr.
10220200182	HP Listener	HP Listener
10220200183	Trigger Split	Trigger Split
10220200184	Transformation Manual	Transformation Manual
10220200185	Immunity	Immunity
10220200186	Cancel Transformation	Cancel Transformation
10220200187	Trigger Self-Destruct	Trigger Self-Destruct
10220200188	Spawn Stealth	Spawn Stealth
10220200189	Size @{1}	Size @{1}
10220200190	Enlargement Item	Enlargement Item
10220200191	Size Increased	Size Increased
10220200192	Shrinking Item	Shrinking Item
10220200193	Size Reduced	Size Reduced
10220200194	Red Thread Item	Red Thread Item
10220200195	Connected by Red Thread	Connected by Red Thread
10220200196	Switch Transform@{1}	Switch Transform@{1}
10220200197	Red Thread Heart Effect Overhead	Red Thread Heart Effect Overhead
10220200198	Sandman	Sandman
10220200199	Sword Fish	Sword Fish
10220200200	Dokebi	Dokebi
10220200201	Argiope	Argiope
10220200202	Pasana	Pasana
10220200203	Ghostring	Ghostring
10220200204	Golem	Golem
10220200205	Cornutus	Cornutus
10220200206	Maya Purple	Maya Purple
10220200207	Skills @{1}–@{2} have already been used. Don't use them again.	Skills @{1}–@{2} have already been used. Don't use them again.
10220200208	Drake	Drake
10220200209	Phreeoni	Phreeoni
10220200210	Dracula	Dracula
10220200211	Doppelganger	Doppelganger
10220200212	Baphomet	Baphomet
10220200213	Golden Thief Bug	Golden Thief Bug
10220200214	Maya	Maya
10220200215	Angeling	Angeling
10220200216	Orc Lord	Orc Lord
10220200217	Deviling	Deviling
10220200218	Osiris	Osiris
10220200219	Eddga	Eddga
10220200220	Moonlight Flower	Moonlight Flower
10220200221	Orc Hero	Orc Hero
10220200222	Mistress	Mistress
10220200223	Pharaoh	Pharaoh
10220200224	Goblin Leader	Goblin Leader
10220200225	Kraken	Kraken
10220200226	Steel Fur Grizzly	Steel Fur Grizzly
10220200227	Beetle King	Beetle King
10220200228	Driller	Driller
10220200229	Osiris (Red)	Osiris (Red)
10220200230	Osiris (Orange)	Osiris (Orange)
10220200231	Card Magnum Break	Card Magnum Break
10220200232	Endure	Endure
10220200233	Increased Spear ASPD	Increased Spear ASPD
10220200234	Auto Guard	Auto Guard
10220200235	Shield Reflect	Shield Reflect
10220200236	Providence	Providence
10220200237	Defending Aura	Defending Aura
10220200238	Recoil	Recoil
10220200239	Stun	Stun
10220200240	Faith	Faith
10220200241	Monster Resistance	Monster Resistance
10220200242	Recoil Animation	Recoil Animation
10220200243	Sacrifice	Sacrifice
10220200244	Battle Chant - Reduced Physical and Magic ATK	Battle Chant - Reduced Physical and Magic ATK
10220200245	Battle Chant - Increased Physical and Magic DEF	Battle Chant - Increased Physical and Magic DEF
10220200246	Devotion	Devotion
10220200247	Battle Chant	Battle Chant
10220200248	Battle Chant Orbit - Allies	Battle Chant Orbit - Allies
10220200249	Grand Cross Grants Endure	Grand Cross Grants Endure
10220200250	Devotion Self-Link	Devotion Self-Link
10220200251	Advanced Monster Resistance	Advanced Monster Resistance
10220200252	Holy Cross Triggers AoE Damage	Holy Cross Triggers AoE Damage
10220200253	Grand Cross Triggers ST	Grand Cross Triggers ST
10220200254	Grand Cross Triggers AoE	Grand Cross Triggers AoE
10220200255	Shield Boomerang Triggers ST	Shield Boomerang Triggers ST
10220200256	Divine Suppression Triggers AoE	Divine Suppression Triggers AoE
10220200257	Divine Suppression Triggers ST	Divine Suppression Triggers ST
10220200258	Holy Cross Weapon Damage (Deprecated; Uses Stunt)	Holy Cross Weapon Damage (Deprecated; Uses Stunt)
10220200259	Holy Cross Attack Frequency	Holy Cross Attack Frequency
10220200260	Increased Grand Cross Damage	Increased Grand Cross Damage
10220200261	Increased Grand Cross and Other Damage	Increased Grand Cross and Other Damage
10220200262	Spear Mastery Increased Physical ATK	Spear Mastery Increased Physical ATK
10220200263	Spear Mastery - Increased Physical ATK	Spear Mastery - Increased Physical ATK
10220200264	Spear Mastery Increased ASPD	Spear Mastery Increased ASPD
10220200265	Spear Mastery - Increased ASPD	Spear Mastery - Increased ASPD
10220200266	Spear Mastery Increased ATK	Spear Mastery Increased ATK
10220200267	Spear Mastery - Increased ATK	Spear Mastery - Increased ATK
10220200268	Spear Mastery Increased Holy Damage	Spear Mastery Increased Holy Damage
10220200269	Spear Mastery - Increased Holy Damage	Spear Mastery - Increased Holy Damage
10220200270	Shield Bash - Chance to Become AoE	Shield Bash - Chance to Become AoE
10220200271	Shield Bash - Increased Damage After @{1} Uses	Shield Bash - Increased Damage After @{1} Uses
10220200272	Reduced Martyr's Reckoning Cost	Reduced Martyr's Reckoning Cost
10220200273	Increased Martyr's Reckoning Normal Attack Damage	Increased Martyr's Reckoning Normal Attack Damage
10220200274	Auto Guard Increases Attack Life	Auto Guard Increases Attack Life
10220200275	Auto Guard Increases Shield Bash and Other Damage	Auto Guard Increases Shield Bash and Other Damage
10220200276	Auto Guard Reduces Damage Taken	Auto Guard Reduces Damage Taken
10220200277	Resilient Spirit	Resilient Spirit
10220200278	Increased Base Battle Chant Effects	Increased Base Battle Chant Effects
10220200279	Increased Max Life During Battle Chant	Increased Max Life During Battle Chant
10220200280	Increased Shield Boomerang Damage During Battle Chant	Increased Shield Boomerang Damage During Battle Chant
10220200281	Increased Rapid Smiting Damage	Increased Rapid Smiting Damage
10220200282	Rapid Smiting Triggers ST	Rapid Smiting Triggers ST
10220200283	Rapid Smiting Resets Shield Boomerang CD	Rapid Smiting Resets Shield Boomerang CD
10220200284	Shield Boomerang Becomes AoE	Shield Boomerang Becomes AoE
10220200285	Martyr's Reckoning - Enhances Holy Cross	Martyr's Reckoning - Enhances Holy Cross
10220200286	Shield Boomerang Has No CD	Shield Boomerang Has No CD
10220200287	Over Brand	Over Brand
10220200288	Charge Up Passive	Charge Up Passive
10220200289	Charge Up	Charge Up
10220200290	Shield	Shield
10220200291	Reflect Damage	Reflect Damage
10220200292	Shield Triggers Damage	Shield Triggers Damage
10220200293	Earth Drive Debuff	Earth Drive Debuff
10220200294	King's Grace Orbit	King's Grace Orbit
10220200295	King's Grace	King's Grace
10220200296	Shield Defense Orbit	Shield Defense Orbit
10220200297	DMG Reduction	DMG Reduction
10220200298	King's Grace Enemy Orbit	King's Grace Enemy Orbit
10220200299	King's Grace Slows Enemies	King's Grace Slows Enemies
10220200300	Piety	Piety
10220200301	Divine Insight	Divine Insight
10220200302	King's Grace Grants a Buff Every @{1} Seconds	King's Grace Grants a Buff Every @{1} Seconds
10220200303	Union	Union
10220200304	Union Passive	Union Passive
10220200305	Enhance Shield Bash Passive	Enhance Shield Bash Passive
10220200306	Shield Stance	Shield Stance
10220200307	Enhance Shield Bash	Enhance Shield Bash
10220200308	Reduce Enhance Shield Bash Floors	Reduce Enhance Shield Bash Floors
10220200309	Charge Countdown	Charge Countdown
10220200310	Reduce Shield Defense Cooldown	Reduce Shield Defense Cooldown
10220200311	Activate Holy Light Suppression	Activate Holy Light Suppression
10220200312	Casting Shield Trigger Check	Casting Shield Trigger Check
10220200313	King's Grace Counter Display	King's Grace Counter Display
10220200314	Gryphon State	Gryphon State
10220200315	Advanced Monster Resistance	Advanced Monster Resistance
10220200316	Parry	Parry
10220200317	Auto Counter	Auto Counter
10220200318	Skill Damage Multiplier	Skill Damage Multiplier
10220200319	Fixed Skill Damage	Fixed Skill Damage
10220200320	Extra Skill HIT	Extra Skill HIT
10220200321	Skill Critical Parameters	Skill Critical Parameters
10220200322	Extra Skill Critical	Extra Skill Critical
10220200323	Fixed CT	Fixed CT
10220200324	Variable CT	Variable CT
10220200325	Cast Animation Time	Cast Animation Time
10220200326	Skill Cooldown	Skill Cooldown
10220200327	Skill Mode	Skill Mode
10220200328	Minimum Cast Distance	Minimum Cast Distance
10220200329	Maximum Cast Distance	Maximum Cast Distance
10220200330	Logic Parameters	Logic Parameters
10220200331	Fake Damage Count	Fake Damage Count
10220200332	Maximum Number of Targets	Maximum Number of Targets
10220200333	Skill Casting Movement State	Skill Casting Movement State
10220200334	Usable	Usable
10220200335	Buff Applied to Allies	Buff Applied to Allies
10220200336	Buff Applied to Enemies	Buff Applied to Enemies
10220200337	SP Consumption	SP Consumption
10220200338	Custom Damage Parameters	Custom Damage Parameters
10220200339	Special Casting/Chanting State	Special Casting/Chanting State
10220200340	Skill Area of Effect	Skill Area of Effect
10220200341	Accelerate	Accelerate
10220200342	Add Attributes	Add Attributes
10220200343	BDTarget_MaxStack_BigType	BDTarget_MaxStack_BigType
10220200344	BDTarget_MaxStack_Tag	BDTarget_MaxStack_Tag
10220200345	BDTarget_ChangeAttri_BigType	BDTarget_ChangeAttri_BigType
10220200346	BDTarget_ChangeAttri_Tag	BDTarget_ChangeAttri_Tag
10220200347	BDTarget_AttriTransformRule_BigType	BDTarget_AttriTransformRule_BigType
10220200348	BDTarget_AttriTransformRule_Tag	BDTarget_AttriTransformRule_Tag
10220200349	BDTarget_LogicData_BigType	BDTarget_LogicData_BigType
10220200350	BDTarget_LogicData_Tag	BDTarget_LogicData_Tag
10220200351	BDDictionary_enum@{1}_BigType_AddSubtract	BDDictionary_enum@{1}_BigType_AddSubtract
10220200352	BDDictionary_enum@{1}_BigType_Set	BDDictionary_enum@{1}_BigType_Set
10220200353	BDDictionary_enum@{1}_Tag_AddSubtract	BDDictionary_enum@{1}_Tag_AddSubtract
10220200354	BDDictionary_enum@{1}_Tag_Set	BDDictionary_enum@{1}_Tag_Set
10220200355	BDDictionary_enum@{1}_BigType_PerTenThousand	BDDictionary_enum@{1}_BigType_PerTenThousand
10220200356	BDDictionary_enum@{1}_Tag_PerTenThousand	BDDictionary_enum@{1}_Tag_PerTenThousand
10220200357	Spatial Dimension	Spatial Dimension
10220200358	Stasis Space (Deprecated)	Stasis Space (Deprecated)
10220200359	Chaotic Space (Deprecated)	Chaotic Space (Deprecated)
10220200360	Grant All Players Full Mini Map Vision	Grant All Players Full Mini Map Vision
10220200361	Disguise	Disguise
10220200362	Hiding	Hiding
10220200363	Shadow Step Trail	Shadow Step Trail
10220200364	Shadow Step	Shadow Step
10220200365	Enhance Camouflage Stealth	Enhance Camouflage Stealth
10220200366	Enhance Camouflage Speed	Enhance Camouflage Speed
10220200367	Blind	Blind
10220200368	Rift Impact	Rift Impact
10220200369	Magnification	Magnification
10220200370	Burn	Burn
10220200371	Poisoned	Poisoned
10220200372	Sleep	Sleep
10220200373	Fear	Fear
10220200374	HP Recovery	HP Recovery
10220200375	Gravitation Field Sound Effect	Gravitation Field Sound Effect
10220200376	Instantly Restore @{1}%	Instantly Restore @{1}%
10220200377	Focus Orbit	Focus Orbit
10220200378	Endurance Orbit	Endurance Orbit
10220200379	Evil Orbit	Evil Orbit
10220200380	Attack Orbit	Attack Orbit
10220200381	Attribute Orbit	Attribute Orbit
10220200382	Life Steal Orbit	Life Steal Orbit
10220200383	Radiance Orbit	Radiance Orbit
10220200384	Desolation Orbit	Desolation Orbit
10220200385	Frozen Orbit	Frozen Orbit
10220200386	Instantly restores @{1} HP	Instantly restores @{1} HP
10220200387	Pirate	Pirate
10220200388	Reset Skill Cooldowns	Reset Skill Cooldowns
10220200389	Alternate	Alternate
10220200390	Hide HP Bar	Hide HP Bar
10220200391	Attack Immunity	Attack Immunity
10220200392	HP Lock	HP Lock
10220200393	Record	Record
10220200394	Cast Skill	Cast Skill
10220200395	Leave Combat	Leave Combat
10220200396	Increases Movement Speed and HP recover	Increases Movement Speed and HP recover
10220200397	Instantly restores all HP	Instantly restores all HP
10220200398	(Deprecated)	(Deprecated)
10220200399	Blessing (Deprecated)	Blessing (Deprecated)
10220200400	Death Prevention Visual Listener (Deprecated)	Death Prevention Visual Listener (Deprecated)
10220200401	Arrow Storm	Arrow Storm
10220200402	Detecting	Detecting
10220200403	Myriad Stars Chase the Moon	Myriad Stars Chase the Moon
10220200404	Tension Relax	Tension Relax
10220200405	Storm Gust (Deprecated)	Storm Gust (Deprecated)
10220200406	Wind Walker	Wind Walker
10220200407	Falcon's Eye	Falcon's Eye
10220200408	Equipment Drop Test	Equipment Drop Test
10220200409	Fire Release	Fire Release
10220200410	Lightning Release	Lightning Release
10220200411	Valkyrie's Blessing	Valkyrie's Blessing
10220200412	Blessing of Thor, God of Thunder	Blessing of Thor, God of Thunder
10220200413	Blessing of Odin, King of the Gods	Blessing of Odin, King of the Gods
10220200414	Valkyrie's Blessing (Deprecated!)	Valkyrie's Blessing (Deprecated!)
10220200415	Blessing of Baldr, God of Light	Blessing of Baldr, God of Light
10220200416	Blessing of Tyr, God of War	Blessing of Tyr, God of War
10220200417	Battle Royale Victory Buff	Battle Royale Victory Buff
10220200418	Cooldown Potion	Cooldown Potion
10220200419	Status Potion	Status Potion
10220200420	Restores @{1}% of Max Life per second	Restores @{1}% of Max Life per second
10220200421	Speed Potion	Speed Potion
10220200422	Battle Royale HP Drain Buff	Battle Royale HP Drain Buff
10220200423	Transform: Drops	Transform: Drops
10220200424	Transform: Poporing	Transform: Poporing
10220200425	Transform: Bombring	Transform: Bombring
10220200426	Transform: Angeling	Transform: Angeling
10220200427	Transform: Deviling	Transform: Deviling
10220200428	Transform into Lava Poring	Transform into Lava Poring
10220200429	Flying Magic	Flying Magic
10220200430	Teleportation Magic	Teleportation Magic
10220200431	Ping-Pong Poring	Ping-Pong Poring
10220200432	Poring Counterattack	Poring Counterattack
10220200433	Ball Catch Buff	Ball Catch Buff
10220200434	Masked	Masked
10220200435	Tension Relax	Tension Relax
10220200436	Escort Cart Lightly Damaged	Escort Cart Lightly Damaged
10220200437	Escort Cart Heavily Damaged	Escort Cart Heavily Damaged
10220200438	Escort Cart Destroyed	Escort Cart Destroyed
10220200439	Escort Cart Endure	Escort Cart Endure
10220200440	Swift Movement	Swift Movement
10220200441	Slow Down!	Slow Down!
10220200442	Invincible	Invincible
10220200443	Escort Cart Damage Reduction	Escort Cart Damage Reduction
10220200444	Vehicle Stealth	Vehicle Stealth
10220200445	Explosion Effect	Explosion Effect
10220200446	Vehicle Shield	Vehicle Shield
10220200447	First Blood Monster	First Blood Monster
10220200448	Movement Disabled	Movement Disabled
10220200449	Healing Orbit	Healing Orbit
10220200450	Healing Orbit Effect	Healing Orbit Effect
10220200451	Attack Orbit Effect	Attack Orbit Effect
10220200452	Damage Reduction Orbit	Damage Reduction Orbit
10220200453	Damage Reduction Orbit Effect	Damage Reduction Orbit Effect
10220200454	Escort Cart Explosion	Escort Cart Explosion
10220200455	Invincible Zone	Invincible Zone
10220200456	Escort Cart Catch-Up Speed Boost	Escort Cart Catch-Up Speed Boost
10220200457	Escort Cart Movement Penalty	Escort Cart Movement Penalty
10220200458	Protection Orbit	Protection Orbit
10220200459	Protection Orbit Mark	Protection Orbit Mark
10220200460	Protection Orbit DEF Boost	Protection Orbit DEF Boost
10220200461	Protection Orbit Effect (Not Full)	Protection Orbit Effect (Not Full)
10220200462	Protection Orbit Effect (Full)	Protection Orbit Effect (Full)
10220200463	Invincible Escort Cart	Invincible Escort Cart
10220200464	Knockback	Knockback
10220200465	Knock-Up	Knock-Up
10220200466	Frozen	Frozen
10220200467	Petrify	Petrify
10220200468	Silence	Silence
10220200469	Immobilize	Immobilize
10220200470	Frozen	Frozen
10220200471	Sluggish	Sluggish
10220200472	Bleeding	Bleeding
10220200473	Debuff Immunity	Debuff Immunity
10220200474	Revive Disabled in Instances	Revive Disabled in Instances
10220200475	Boss CC Immunity	Boss CC Immunity
10220200476	Stagger	Stagger
10220200477	Severe Wound	Severe Wound
10220200478	Prayer of the Holy Spirit is disabled in instances	Prayer of the Holy Spirit is disabled in instances
10220200479	Change Armor to Earth Property	Change Armor to Earth Property
10220200480	Change Armor to Water Property	Change Armor to Water Property
10220200481	Change Armor to Wind Property	Change Armor to Wind Property
10220200482	Convert Armor to Poison	Convert Armor to Poison
10220200483	Convert Armor to Fire Property	Convert Armor to Fire Property
10220200484	Change Armor to Ghost Property	Change Armor to Ghost Property
10220200485	Convert Armor to Holy Property	Convert Armor to Holy Property
10220200486	Curse	Curse
10220200487	Meditate	Meditate
10220200488	Flame Blast	Flame Blast
10220200489	Ice Blast	Ice Blast
10220200490	Thunder Blast	Thunder Blast
10220200491	Earth Blast	Earth Blast
10220200492	Dispel	Dispel
10220200493	Unstoppable	Unstoppable
10220200494	Item Use Disabled	Item Use Disabled
10220200495	Item Healing Disabled	Item Healing Disabled
10220200496	Element Counter Immunity	Element Counter Immunity
10220200497	Class Resonance	Class Resonance
10220200498	Guild Resonance	Guild Resonance
10220200499	Divine Blessing	Divine Blessing
10220200500	Fixed-Direction Buff	Fixed-Direction Buff
10220200501	Close Friend (Lv. @{1})	Close Friend (Lv. @{1})
10220200502	Fortify	Fortify
10220200503	Respawn Protection	Respawn Protection
10220200504	High Morale	High Morale
10220200505	High Morale	High Morale
10220200506	Unstoppable	Unstoppable
10220200507	Blessed Wind	Blessed Wind
10220200508	Blessing of Light	Blessing of Light
10220200509	Dark Curse	Dark Curse
10220200510	Weaken	Weaken
10220200511	Crystal Prison	Crystal Prison
10220200512	Iron Slash	Iron Slash
10220200513	Revive Point Protection	Revive Point Protection
10220200514	Blessing of Water	Blessing of Water
10220200515	Carry Cannonball	Carry Cannonball
10220200516	Flight	Flight
10220200517	Dragonblood Protection	Dragonblood Protection
10220200518	Carry Scale	Carry Scale
10220200519	Fafnir's Fury	Fafnir's Fury
10220200520	Weak	Weak
10220200521	Poring Poring!	Poring Poring!
10220200522	Madogear Pilot	Madogear Pilot
10220200523	Arcane Acceleration	Arcane Acceleration
10220200524	Ring of Frost	Ring of Frost
10220200525	Lightning Domain	Lightning Domain
10220200526	Freeze	Freeze
10220200527	Rapidness	Rapidness
10220200528	Guardian's Will	Guardian's Will
10220200529	Lightning Strike	Lightning Strike
10220200530	Dynamite	Dynamite
10220200531	Physical Immune	Physical Immune
10220200532	Magic Immune	Magic Immune
10220200533	Charge	Charge
10220200534	Split	Split
10220200535	Divine Light	Divine Light
10220200536	Manhunt	Manhunt
10220200537	Self-Destruct	Self-Destruct
10220200538	Boss	Boss
10220200539	Unstoppable Dragonkin	Unstoppable Dragonkin
10220200540	·	·
10220200541	Flame Scorch	Flame Scorch
10220200542	Berserk	Berserk
10220200543	Lope Start Marker	Lope Start Marker
10220200544	Lope Obstacle-Dodge Marker	Lope Obstacle-Dodge Marker
10220200545	Bride Character Marker	Bride Character Marker
10220200546	Blood Pool Pull	Blood Pool Pull
10220200547	Spawn Effect @{1}	Spawn Effect @{1}
10220200548	ATK Boost	ATK Boost
10220200549	DEF Boost	DEF Boost
10220200550	Cooldown Reduction	Cooldown Reduction
10220200551	CRIT Boost	CRIT Boost
10220200552	Movement Speed Boost	Movement Speed Boost
10220200553	HP Recovery	HP Recovery
10220200554	Chain Bind	Chain Bind
10220200555	Nightmare Mystery Box	Nightmare Mystery Box
10220200556	Concentrated Squid Ink	Concentrated Squid Ink
10220200557	DEF Injection	DEF Injection
10220200558	Berserk Injection	Berserk Injection
10220200559	Viscous Machine Oil	Viscous Machine Oil
10220200560	Brass Talisman	Brass Talisman
10220200561	Gain an ATK Boost	Gain an ATK Boost
10220200562	Gain DEF Boost	Gain DEF Boost
10220200563	Gain Cooldown Reduction	Gain Cooldown Reduction
10220200564	Gain CRIT Boost	Gain CRIT Boost
10220200565	Gain increased Movement Speed	Gain increased Movement Speed
10220200566	Recover HP	Recover HP
10220200567	Skill Acquisition Effect	Skill Acquisition Effect
10220200568	Adds a Lope button	Adds a Lope button
10220200569	Transform into a Red Note	Transform into a Red Note
10220200570	Immune to damage while using Lope	Immune to damage while using Lope
10220200571	Transform into a Blue Note	Transform into a Blue Note
10220200572	Double Jump Buff During Lope	Double Jump Buff During Lope
10220200573	Transform into Red Musical Notes Underfoot	Transform into Red Musical Notes Underfoot
10220200574	Transform into a Blue Note underfoot	Transform into a Blue Note underfoot
10220200575	HP Lock@{1}%	HP Lock@{1}%
10220200576	BOSS Visual Effects	BOSS Visual Effects
10220200577	Small note idle (stationary)	Small note idle (stationary)
10220200578	Little Note Counterclockwise Skill 2	Little Note Counterclockwise Skill 2
10220200579	Little Note Clockwise Skill 1	Little Note Clockwise Skill 1
10220200580	Little Note Counterclockwise Skill 3	Little Note Counterclockwise Skill 3
10220200581	Small Notes Clockwise Skill 4	Small Notes Clockwise Skill 4
10220200582	Phase 1 Goddess Energy Orb Charge + Burst + Idle Infinite Loop	Phase 1 Goddess Energy Orb Charge + Burst + Idle Infinite Loop
10220200583	Phase 1 Goddess Large Musical Note@{1}	Phase 1 Goddess Large Musical Note@{1}
10220200584	Slide Player Performance	Slide Player Performance
10220200585	Tiamat Effect	Tiamat Effect
10220200586	Tiamat Frontal Damage	Tiamat Frontal Damage
10220200587	Status Check Buff	Status Check Buff
10220200588	Little Note Counterclockwise Skill@{1}	Little Note Counterclockwise Skill@{1}
10220200589	Small Note Clockwise Skill@{1}	Small Note Clockwise Skill@{1}
10220200590	Battle Royale Transition Pull	Battle Royale Transition Pull
10220200591	Battle Royale Transition Player Effect	Battle Royale Transition Player Effect
58067	Buff	Buff
58069	Debuff	Debuff
58147	Divine Totem	Divine Totem
58148	Soul Echo	Soul Echo
10220200748	Safety Wall	Safety Wall
10220200749	Jupitel Thunder	Jupitel Thunder
10220200750	Frost Nova	Frost Nova
10220200751	Quagmire	Quagmire
10220200752	Meteor Storm	Meteor Storm
10220200753	Lord of Vermilion	Lord of Vermilion
10220200754	Storm Gust	Storm Gust
10220200755	Mystical Amplification	Mystical Amplification
10220200756	Soul Drain	Soul Drain
10220200757	Gravitation Field	Gravitation Field
10220200758	Prison	Prison
10220200759	Intense Telekinesis	Intense Telekinesis
10220200760	Penetration	Penetration
10220200761	Ionization	Ionization
10220200762	Reading Spellbook	Reading Spellbook
10220200763	Spellbook Reset	Spellbook Reset
10220200764	Trigger Spellbook Reset	Trigger Spellbook Reset
10220200765	Spellbook - Comet	Spellbook - Comet
10220200766	Spellbook - Thunderclap	Spellbook - Thunderclap
10220200767	Spellbook - Crimson Rock	Spellbook - Crimson Rock
10220200768	Spellbook - Earth Strain	Spellbook - Earth Strain
10220200769	Spellbook - Frost Blast	Spellbook - Frost Blast
10220200770	Spellbook - Tetra Vortex	Spellbook - Tetra Vortex
10220200771	Elemental Attunement	Elemental Attunement
10220200772	Soul Combo SFX	Soul Combo SFX
10220200773	White Imprison SFX	White Imprison SFX
10220200774	Tetra Vortex SFX	Tetra Vortex SFX
10220200775	Fire Wall SFX	Fire Wall SFX
10220200776	Quagmire SFX	Quagmire SFX
10220200777	Heaven's Drive SFX	Heaven's Drive SFX
10220200778	Lord of Vermilion SFX	Lord of Vermilion SFX
10220200779	Frost Spell SFX	Frost Spell SFX
10220200780	Storm Gust SFX	Storm Gust SFX
10220200781	Ganbantein SFX	Ganbantein SFX
10220200782	Page	Page
10220200783	Continuous Page Gain	Continuous Page Gain
10220200784	Spellbook - Soul Burst	Spellbook - Soul Burst
10220200785	Element Control	Element Control
10220200786	Telekinetic Orb - Count @{1}	Telekinetic Orb - Count @{1}
10220200787	Psychokinetic Astral Body	Psychokinetic Astral Body
10220200788	Intense Telekinesis · Lv@{1}	Intense Telekinesis · Lv@{1}
10220200789	Spellbook - Gravity Impact	Spellbook - Gravity Impact
10220200790	Telekinetic Orb HIT AoE	Telekinetic Orb HIT AoE
10220200791	Wall of Darkness SFX	Wall of Darkness SFX
10220200792	Psychic Mastery	Psychic Mastery
10220200793	Remove @{1} Pages	Remove @{1} Pages
10220200794	Continuous Slow While Channeling	Continuous Slow While Channeling
10220200795	Elemental Arrow Amplification	Elemental Arrow Amplification
10220200796	Fixed Casting	Fixed Casting
10220200797	Elemental Pursuit	Elemental Pursuit
10220200798	Elemental Shock	Elemental Shock
10220200799	Basic Magic Rune	Basic Magic Rune
10220200800	Basic Spell Calibration	Basic Spell Calibration
10220200801	Spell Lock	Spell Lock
10220200802	Flame Enhance	Flame Enhance
10220200803	Flame Chain	Flame Chain
10220200804	Fireball Burst	Fireball Burst
10220200805	Ice and Thunder Mastery	Ice and Thunder Mastery
10220200806	Ice Spike	Ice Spike
10220200807	Thunderbolt	Thunderbolt
10220200808	Inflict Freeze on Frozen Target HIT	Inflict Freeze on Frozen Target HIT
10220200809	Earthfire Mark	Earthfire Mark
10220200810	Flame Burst	Flame Burst
10220200811	Ember Zone	Ember Zone
10220200812	Ice and Thunder Mark	Ice and Thunder Mark
10220200813	Frost Burst	Frost Burst
10220200814	Thunder Shockwave	Thunder Shockwave
10220200815	Arcane Training	Arcane Training
10220200816	Magic Cannon	Magic Cannon
10220200817	Greater Psychic Shockwave	Greater Psychic Shockwave
10220200818	Magic Cannon Energy Removal	Magic Cannon Energy Removal
10220200819	Elemental Preparation	Elemental Preparation
10220200820	Soul Reaper	Soul Reaper
10220200821	Arcane Study	Arcane Study
10220200822	Killer Book MATK Increase	Killer Book MATK Increase
10220200823	Gravity Enhance	Gravity Enhance
10220200824	Spatial Distortion	Spatial Distortion
10220200825	Gravity Trap	Gravity Trap
10220200826	Intermediate Magic Rune	Intermediate Magic Rune
10220200827	Magic Calibration	Magic Calibration
10220200828	Magic Infusion	Magic Infusion
10220200829	Cast Time Increase @{1}	Cast Time Increase @{1}
10220200830	MATK Increase @{1}	MATK Increase @{1}
10220200831	Meteor Storm Triggers Embers	Meteor Storm Triggers Embers
10220200832	Bobo Bubble	Bobo Bubble
10220200833	Refreshing Breath Medicine	Refreshing Breath Medicine
10220200834	Gentle Breath Medicine	Gentle Breath Medicine
10220200835	Premium Breath Medicine	Premium Breath Medicine
10220200836	Potent Breath Medicine	Potent Breath Medicine
10220200837	First Aid Breath Medicine	First Aid Breath Medicine
10220200838	Concentrated Breath Medicine	Concentrated Breath Medicine
10220200839	Superior Breath Medicine	Superior Breath Medicine
10220200840	Green Potion	Green Potion
10220200841	Red Potion	Red Potion
10220200842	Yellow Potion	Yellow Potion
10220200843	Orange Potion	Orange Potion
10220200844	Vitality Potion	Vitality Potion
10220200845	Holy Spirit Potion	Holy Spirit Potion
10220200846	Fountain of Life	Fountain of Life
10220200847	Superior Green Potion	Superior Green Potion
10220200848	Superior Red Potion	Superior Red Potion
10220200849	Superior Yellow Potion	Superior Yellow Potion
10220200850	Superior Orange Potion	Superior Orange Potion
10220200851	Superior Vitality Potion	Superior Vitality Potion
10220200852	Superior Spirit Potion	Superior Spirit Potion
10220200853	Superior Fountain of Life	Superior Fountain of Life
10220200854	Panacea	Panacea
10220200855	Creamy Tomato Soup	Creamy Tomato Soup
10220200856	Mushroom Tomato Soup	Mushroom Tomato Soup
10220200857	Grilled Mushroom Skewers	Grilled Mushroom Skewers
10220200858	Chili Beast Steak	Chili Beast Steak
10220200859	Spicy Meat Patty	Spicy Meat Patty
10220200860	Meat Bun	Meat Bun
10220200861	Herb Porridge	Herb Porridge
10220200862	Spicy Herb Wrap	Spicy Herb Wrap
10220200863	Spicy Fried Rice	Spicy Fried Rice
10220200864	Strawberry Hard Candy	Strawberry Hard Candy
10220200865	Strawberry Cocoa Truffle	Strawberry Cocoa Truffle
10220200866	Vanilla Hot Cocoa	Vanilla Hot Cocoa
10220200867	Strawberry Milkshake	Strawberry Milkshake
10220200868	Hot Strawberry Cocoa Milk	Hot Strawberry Cocoa Milk
10220200869	Cocoa Pudding	Cocoa Pudding
10220200870	Colorful Lollipop	Colorful Lollipop
10220200871	Berry Herbal Tea	Berry Herbal Tea
10220200872	Strawberry Cocoa Crunch Bar	Strawberry Cocoa Crunch Bar
10220200873	Grape Wine	Grape Wine
10220200874	Green Lemon Cocktail	Green Lemon Cocktail
10220200875	Refreshing Lemon Brew	Refreshing Lemon Brew
10220200876	Grape Sparkling Water	Grape Sparkling Water
10220200877	Mixed Fruit Juice	Mixed Fruit Juice
10220200878	Pure Lemon Water	Pure Lemon Water
10220200879	Lemon Herbal Tea	Lemon Herbal Tea
10220200880	Woody Grape Drink	Woody Grape Drink
10220200881	Citruswood Fruit Tea	Citruswood Fruit Tea
10220200882	Training Dummy Auto-Recovery	Training Dummy Auto-Recovery
10220200883	Knockback Immunity for Immobile Monsters	Knockback Immunity for Immobile Monsters
10220200884	Tower Boss Stat Adjustment @{1}	Tower Boss Stat Adjustment @{1}
10220200885	Automatic Tower Difficulty Reduction Buff	Automatic Tower Difficulty Reduction Buff
10220200886	Tower Area Indicator Mark	Tower Area Indicator Mark
10220200887	Endure (Deprecated)	Endure (Deprecated)
10220200888	Realm of Light	Realm of Light
10220200889	Pyroblast	Pyroblast
10220200890	Delusion	Delusion
10220200891	Terrifying Roar	Terrifying Roar
10220200892	Blade Whirlwind	Blade Whirlwind
10220200893	Stone Coating	Stone Coating
10220200894	Petrify Screen Effect	Petrify Screen Effect
10220200895	Dark Curse	Dark Curse
10220200896	Realm of Darkness	Realm of Darkness
10220200897	Acid Corrosion	Acid Corrosion
10220200898	Slime Ground	Slime Ground
10220200899	Invincible and Untargetable Deprecated	Invincible and Untargetable Deprecated
10220200900	Summoned Unit Self-Destruct	Summoned Unit Self-Destruct
10220200901	MVP Skill Reset After Leaving Combat	MVP Skill Reset After Leaving Combat
10220200902	Mandragora Attack	Mandragora Attack
10220200903	Movement Speed Increase When Out of Combat	Movement Speed Increase When Out of Combat
10220200904	Lock Life to Fixed Value @{1} (Deprecated)	Lock Life to Fixed Value @{1} (Deprecated)
10220200905	Golden Thief Bug Summons Thief Bugs with Paralyze	Golden Thief Bug Summons Thief Bugs with Paralyze
10220200906	Paralyze	Paralyze
10220200907	Healing Dummy Exclusive Buff	Healing Dummy Exclusive Buff
10220200908	Phreeoni Continuous Drain	Phreeoni Continuous Drain
10220200909	Goblin Leader ST Target Lock Marker	Goblin Leader ST Target Lock Marker
10220200910	Pyramid Laser Damage	Pyramid Laser Damage
10220200911	Brutal Sweep Attack	Brutal Sweep Attack
10220200912	Totem ZS (Deprecated)	Totem ZS (Deprecated)
10220200913	Frequent Pull	Frequent Pull
10220200914	Check Whether Killed	Check Whether Killed
10220200915	Orc Lord's Totem	Orc Lord's Totem
10220200916	Moonlight Flower Marker Buff	Moonlight Flower Marker Buff
10220200917	Dark Corrosion	Dark Corrosion
10220200918	Bell Activation Effect	Bell Activation Effect
10220200919	Undead Phantom	Undead Phantom
10220200920	Burn	Burn
10220200921	Directional Effect Test	Directional Effect Test
10220200922	Osiris Disengagement Check	Osiris Disengagement Check
10220200923	Max Life Increase Buff Test	Max Life Increase Buff Test
10220200924	Goblin Helicopter Jet Effect	Goblin Helicopter Jet Effect
10220200925	Blackhole Boss Shield	Blackhole Boss Shield
10220200926	Trap Hunter Boss Target	Trap Hunter Boss Target
10220200927	Death Scythe Life Recovery	Death Scythe Life Recovery
10220200928	Dark Sorcery	Dark Sorcery
10220200929	Scythe Channeling	Scythe Channeling
10220200930	Trauma Drain	Trauma Drain
10220200931	Voice of the Dead	Voice of the Dead
10220200932	Undead Convergence	Undead Convergence
10220200933	Nether Phantom	Nether Phantom
10220200934	Serpent Spirit's Protection	Serpent Spirit's Protection
10220200935	Serpent Spirit's Embrace	Serpent Spirit's Embrace
10220200936	Phantom Barrier	Phantom Barrier
10220200937	Sinister Scythe	Sinister Scythe
10220200938	Sinister Chains	Sinister Chains
10220200939	Scythe Slash	Scythe Slash
10220200940	Holy Light Descending	Holy Light Descending
10220200941	Holy Spirit Divine Light	Holy Spirit Divine Light
10220200942	Clear Breeze	Clear Breeze
10220200943	Fox Fury	Fox Fury
10220200944	Raging Gale	Raging Gale
10220200945	Taunting Tease	Taunting Tease
10220200946	Harvesting Scythe	Harvesting Scythe
10220200947	Adaptive Attack	Adaptive Attack
10220200948	Adaptive Damage	Adaptive Damage
10220200949	Forest's Blessing	Forest's Blessing
10220200950	Tree Spirit Curse	Tree Spirit Curse
10220200951	Bobo's Protection	Bobo's Protection
10220200952	Moonlit Curse	Moonlit Curse
10220200953	Bell Miracle	Bell Miracle
10220200954	Orc Lord Passive	Orc Lord Passive
10220200955	Lightning Strike HIT Marker	Lightning Strike HIT Marker
10220200956	Summon Lightning	Summon Lightning
10220200957	Continuous Lightning Strike Damage Increase Check	Continuous Lightning Strike Damage Increase Check
10220200958	Lightning Strike Damage Increase Stack	Lightning Strike Damage Increase Stack
10220200959	Esen's Execution	Esen's Execution
10220200960	Esen's Slaughter	Esen's Slaughter
10220200961	Orc Roar	Orc Roar
10220200962	Armor-Shattering War Cry	Armor-Shattering War Cry
10220200963	Orc Stomp	Orc Stomp
10220200964	Armor Break	Armor Break
10220200965	Raging Gale	Raging Gale
10220200966	Enraged Tiger Roar	Enraged Tiger Roar
10220200967	Savage Shield	Savage Shield
10220200968	Tribal Protection	Tribal Protection
10220200969	Goat's Protection	Goat's Protection
10220200970	Stunning Tremor	Stunning Tremor
10220200971	Demonic Curse	Demonic Curse
10220200972	Bongun Passive Check	Bongun Passive Check
10220200973	Bongun Life Recovery Trigger	Bongun Life Recovery Trigger
10220200974	Choco Antics	Choco Antics
10220200975	Agility Song	Agility Song
10220200976	Swift Trick	Swift Trick
10220200977	Formless Passive	Formless Passive
10220200978	Bloodthirsty Impulse	Bloodthirsty Impulse
10220200979	Ancient Mummy Passive	Ancient Mummy Passive
10220200980	Malicious Curse	Malicious Curse
10220200981	Protection of the Sands	Protection of the Sands
10220200982	Detain	Detain
10220200983	Spectral Protection	Spectral Protection
10220200984	Spirit Shield	Spirit Shield
10220200985	Soul's Protection	Soul's Protection
10220200986	Corrupted Wander Man Passive	Corrupted Wander Man Passive
10220200987	ATK Reduction	ATK Reduction
10220200988	Corrupted Wander Man Exclusive Passive	Corrupted Wander Man Exclusive Passive
10220200989	Corrupted Soul Impact	Corrupted Soul Impact
10220200990	Power of the Wander Man	Power of the Wander Man
10220200991	Nightmare Passive	Nightmare Passive
10220200992	Shadow Hoofprint	Shadow Hoofprint
10220200993	Sinister Cry	Sinister Cry
10220200994	Elena Bokba Passive	Elena Bokba Passive
10220200995	Gunshot Wound	Gunshot Wound
10220200996	Gun-Smoke Severe Wound	Gun-Smoke Severe Wound
10220200997	Hard Prismatic Nightmare Passive	Hard Prismatic Nightmare Passive
10220200998	Sarah Irene Passive	Sarah Irene Passive
10220200999	Flame Fist	Flame Fist
10220201000	Fire Element Vulnerability	Fire Element Vulnerability
10220201001	Marionette Passive	Marionette Passive
10220201002	Marionette's Curse	Marionette's Curse
10220201003	Ancient Tree Passive	Ancient Tree Passive
10220201004	Ancient Tree's Protection	Ancient Tree's Protection
10220201005	Lava Lizard Passive	Lava Lizard Passive
10220201006	Scorched Armor	Scorched Armor
10220201007	Wild Rose Passive	Wild Rose Passive
10220201008	Lingering Breath	Lingering Breath
10220201009	Pain of the Wind Blade	Pain of the Wind Blade
10220201010	Iron Ball Rampage	Iron Ball Rampage
10220201011	Warrior Lola Passive	Warrior Lola Passive
10220201012	Concussion	Concussion
10220201013	Alicel - Damage Passive Monitor	Alicel - Damage Passive Monitor
10220201014	Alicel - Blade	Alicel - Blade
10220201015	Alert Reconnaissance	Alert Reconnaissance
10220201016	Defensive Vigilance	Defensive Vigilance
10220201017	Basilisk Passive	Basilisk Passive
10220201018	Farsight Revelation	Farsight Revelation
10220201019	Detect Stealth	Detect Stealth
10220201020	Vine Strike	Vine Strike
10220201021	Fruit Tree Turtle Passive	Fruit Tree Turtle Passive
10220201022	Fruit Blossom Healing	Fruit Blossom Healing
10220201023	Low Growl	Low Growl
10220201024	Clock Passive	Clock Passive
10220201025	Stealth	Stealth
10220201026	Ninja Art: Smoke Screen	Ninja Art: Smoke Screen
10220201027	ATK and MATK Reduction	ATK and MATK Reduction
10220201028	Silver Moon's Arrival Trigger	Silver Moon's Arrival Trigger
10220201029	Silver Moon Trigger Buff	Silver Moon Trigger Buff
10220201030	Moonlight	Moonlight
10220201031	Silver Moon	Silver Moon
10220201032	Damage Taken Increase	Damage Taken Increase
10220201033	Ranged Damage Increase	Ranged Damage Increase
10220201034	Demon's Whisper	Demon's Whisper
10220201035	Vanguard Shield	Vanguard Shield
10220201036	Wildcat Passive	Wildcat Passive
10220201037	Demonic Aura	Demonic Aura
10220201038	Demon Flame	Demon Flame
10220201039	Realm of Light	Realm of Light
10220201040	DMG Reduction	DMG Reduction
10220201041	Continuous Area Shield	Continuous Area Shield
10220201042	MATK Increase	MATK Increase
10220201043	Celestial Dance	Celestial Dance
10220201044	Fairy Blessing	Fairy Blessing
10220201045	Fairy Blessing - HP Lock	Fairy Blessing - HP Lock
10220201046	Fairy - Shield	Fairy - Shield
10220201047	Fairy Blessing - Max Life	Fairy Blessing - Max Life
10220201048	Fairy Shield	Fairy Shield
10220201049	DEF and MDEF Increase	DEF and MDEF Increase
10220201050	Piamette Passive	Piamette Passive
10220201051	DEF and MDEF Reduction	DEF and MDEF Reduction
10220201052	Butterfly Dance	Butterfly Dance
10220201053	Execution	Execution
10220201054	Executioner	Executioner
10220201055	Stat Reduction	Stat Reduction
10220201056	Rocker Rocker	Rocker Rocker
10220201057	Petrification Gaze	Petrification Gaze
10220201058	Serpent Sorcery	Serpent Sorcery
10220201059	Arcane Silver Serpent	Arcane Silver Serpent
10220201060	Flame of Hope	Flame of Hope
10220201061	Divine Hope	Divine Hope
10220201062	Formless Entanglement	Formless Entanglement
10220201063	Soul Siphon	Soul Siphon
10220201064	Collective Surveillance	Collective Surveillance
10220201065	Light of Scrutiny	Light of Scrutiny
10220201066	Eye of Scrutiny	Eye of Scrutiny
10220201067	Deliberate Laceration	Deliberate Laceration
10220201068	Samurai Charge	Samurai Charge
10220201069	Same Old Trick	Same Old Trick
10220201070	Flame Breath	Flame Breath
10220201071	Spreading Frost	Spreading Frost
10220201072	Tidal Hymn	Tidal Hymn
10220201073	Dance of the Sea Monster	Dance of the Sea Monster
10220201074	Cleaning Time	Cleaning Time
10220201075	Alice's Protection	Alice's Protection
10220201076	A Maid's Etiquette	A Maid's Etiquette
10220201077	Transform into Golden Thief Bug	Transform into Golden Thief Bug
10220201078	Universal - Gift Magic Circle	Universal - Gift Magic Circle
10220201079	Universal - Grand Gift Magic Circle	Universal - Grand Gift Magic Circle
10220201080	Transform into Little Poring	Transform into Little Poring
10220201081	Fatal Blow	Fatal Blow
10220201082	Golden Thief Bug Stealth	Golden Thief Bug Stealth
10220201083	Block Shield	Block Shield
10220201084	Sandstorm Slow	Sandstorm Slow
10220201085	Phreeoni Slow	Phreeoni Slow
10220201086	Move back Afterimage Status	Move back Afterimage Status
10220201087	Mist Formation Stealth	Mist Formation Stealth
10220201088	Dungeon Matchmaking Penalty I	Dungeon Matchmaking Penalty I
10220201089	Dungeon Matchmaking Penalty II	Dungeon Matchmaking Penalty II
10220201090	Dungeon Matchmaking Penalty III	Dungeon Matchmaking Penalty III
10220201091	Blade Deflection	Blade Deflection
10220201092	Full-screen AOE	Full-screen AOE
10220201093	Blade Mountain-Greatsword	Blade Mountain-Greatsword
10220201094	Blade Mountain-Greatsword Effect	Blade Mountain-Greatsword Effect
10220201095	Shield	Shield
10220201096	Cast AOE When Shield Ends	Cast AOE When Shield Ends
10220201097	Stone Blade	Stone Blade
10220201098	BUFF While Protected by Shield	BUFF While Protected by Shield
10220201099	Transform: Poring Cannot Be Attacked	Transform: Poring Cannot Be Attacked
10220201100	Sword, Derived Interaction	Sword, Derived Interaction
10220201101	Shield, Derived Interaction	Shield, Derived Interaction
10220201102	Weapon Deflection Mechanic Callout	Weapon Deflection Mechanic Callout
10220201103	Arrow Effect	Arrow Effect
10220201104	Check Whether It's on a Line	Check Whether It's on a Line
10220201105	Use a Revive to cancel Transform	Use a Revive to cancel Transform
10220201106	Continuously displays a red tether	Continuously displays a red tether
10220201107	Invincible and Untargetable	Invincible and Untargetable
10220201108	Drake Buff	Drake Buff
10220201109	Minion Buff	Minion Buff
10220201110	Waterspout Buff	Waterspout Buff
10220201111	Ghost Ship Buff	Ghost Ship Buff
10220201112	Ghost Ship Single-Hit Buff	Ghost Ship Single-Hit Buff
10220201113	Ghost Ship Second Wave Buff	Ghost Ship Second Wave Buff
10220201114	Player Link	Player Link
10220201115	Detection Distance	Detection Distance
10220201116	Petrify Screen Effect	Petrify Screen Effect
10220201117	NPC Only Receives Damage Effect	NPC Only Receives Damage Effect
10220201118	Player Link @{1}	Player Link @{1}
10220201119	New Player Link	New Player Link
10220201120	Red Line Link	Red Line Link
10220201121	White Line Link	White Line Link
10220201122	New Player Link Node	New Player Link Node
10220201123	Count	Count
10220201124	Boss-Player Link	Boss-Player Link
10220201125	Player-to-Player Link	Player-to-Player Link
10220201126	Player Accelerate/Slow	Player Accelerate/Slow
10220201127	Focus Zoom	Focus Zoom
10220201128	Summon Marker	Summon Marker
10220201129	Coffin Skill	Coffin Skill
10220201130	Shroud	Shroud
10220201131	Shroud Crowd Control Removal	Shroud Crowd Control Removal
10220201132	Shroud Detection	Shroud Detection
10220201133	Shroud Link	Shroud Link
10220201134	Coffin Skill@{1}	Coffin Skill@{1}
10220201135	Damage Reduction	Damage Reduction
10220201136	Damage Reduction Filter	Damage Reduction Filter
10220201137	Increase Aggro	Increase Aggro
10220201138	Party-Wide Stealth	Party-Wide Stealth
10220201139	On Removal	On Removal
10220201140	HP Bar Display	HP Bar Display
10220201141	Ultimate Marker	Ultimate Marker
10220201142	Laser Marker	Laser Marker
10220201143	AOE Marker	AOE Marker
10220201144	Enrage Marker	Enrage Marker
10220201145	Pyramid Laser	Pyramid Laser
10220201146	Enrage Effect	Enrage Effect
10220201147	Laser Link	Laser Link
10220201148	Warning Link	Warning Link
10220201149	Curse of the Pyramid	Curse of the Pyramid
10220201150	AOE Effect	AOE Effect
10220201151	Charged Bell	Charged Bell
10220201152	Party-Wide Stealth	Party-Wide Stealth
10220201153	Cumulative Time Under the Light	Cumulative Time Under the Light
10220201154	Continuously Apply Stealth Buff	Continuously Apply Stealth Buff
10220201155	Bell Untargetable Buff	Bell Untargetable Buff
10220201156	Anti-Flicker Buff	Anti-Flicker Buff
10220201157	Bullet Mark Buff	Bullet Mark Buff
10220201158	Post-Death Lighting Effect	Post-Death Lighting Effect
10220201159	Same-Color Collision Bubble NPC Left	Same-Color Collision Bubble NPC Left
10220201160	Same-Color Collision Bubble NPC Down	Same-Color Collision Bubble NPC Down
10220201161	Red Note	Red Note
10220201162	Bubble Movement	Bubble Movement
10220201163	Continuous Bubble Deployment	Continuous Bubble Deployment
10220201164	Yellow Note	Yellow Note
10220201165	Blue Note	Blue Note
10220201166	Green Note	Green Note
10220201167	Invincible and Untargetable (Deprecated)	Invincible and Untargetable (Deprecated)
10220201168	Different-Color Collision Bubble NPC Right	Different-Color Collision Bubble NPC Right
10220201169	Different-Color Collision Bubble NPC Up	Different-Color Collision Bubble NPC Up
10220201170	Player	Player
10220201171	Stationary Red Bubble	Stationary Red Bubble
10220201172	Stationary Yellow Bubble	Stationary Yellow Bubble
10220201173	Stationary Blue Bubble	Stationary Blue Bubble
10220201174	Stationary Green Bubble	Stationary Green Bubble
10220201175	Knockback Immunity	Knockback Immunity
10220201176	Wave Slow	Wave Slow
10220201177	A Red Bubble Is Tracking You	A Red Bubble Is Tracking You
10220201178	A Yellow Bubble Is Tracking You	A Yellow Bubble Is Tracking You
10220201179	A Blue Bubble Is Tracking You	A Blue Bubble Is Tracking You
10220201180	A Green Bubble Is Tracking You	A Green Bubble Is Tracking You
10220201181	Red Tracking Link Effect	Red Tracking Link Effect
10220201182	p@{1} Speed Buff	p@{1} Speed Buff
10220201183	Continuously Launch Water Jet	Continuously Launch Water Jet
10220201184	Yellow Tracking Line Effect	Yellow Tracking Line Effect
10220201185	Blue Tracking Line Effect	Blue Tracking Line Effect
10220201186	Green Tracking Line Effect	Green Tracking Line Effect
10220201187	Boss @{1} Persistent Water Orb Effect	Boss @{1} Persistent Water Orb Effect
10220201188	Highest-Aggro Target Effect	Highest-Aggro Target Effect
10220201189	Boss Movement Detection Buff	Boss Movement Detection Buff
10220201190	Red Bubble Screen Tracking Effect	Red Bubble Screen Tracking Effect
10220201191	Yellow Bubble Screen Tracking Effect	Yellow Bubble Screen Tracking Effect
10220201192	Blue Bubble Screen Tracking Effect	Blue Bubble Screen Tracking Effect
10220201193	Green Bubble Screen Tracking Effect	Green Bubble Screen Tracking Effect
10220201194	Bubble Attraction Control	Bubble Attraction Control
10220201195	Duo Dance	Duo Dance
10220201196	Dance Machine Transform	Dance Machine Transform
10220201197	Dance Machine Skill Swap	Dance Machine Skill Swap
10220201198	Summoned NPC Spawn Buff	Summoned NPC Spawn Buff
10220201199	Link	Link
10220201200	Linked Debuff	Linked Debuff
10220201201	Dance Move Check	Dance Move Check
10220201202	Dance Machine_Remove Transform Buff Remove Transform Buff	Dance Machine_Remove Transform Buff Remove Transform Buff
10220201203	Skill @{1} Cast Check	Skill @{1} Cast Check
10220201204	Remove Skill Check	Remove Skill Check
10220201205	Perfect State	Perfect State
10220201206	Dancing NPC Check	Dancing NPC Check
10220201207	Rhythm Button	Rhythm Button
10220201208	Launch Cross Compression Field	Launch Cross Compression Field
10220201209	Note Replacement on Cooldown	Note Replacement on Cooldown
10220201210	Red Note Magic Circle Expanding Outer Ring	Red Note Magic Circle Expanding Outer Ring
10220201211	Blue Note Magic Circle Expanding Outer Ring	Blue Note Magic Circle Expanding Outer Ring
10220201212	Yellow Note Magic Circle Expanding Outer Ring	Yellow Note Magic Circle Expanding Outer Ring
10220201213	Green Note Magic Circle Expanding Outer Ring	Green Note Magic Circle Expanding Outer Ring
10220201214	White Note Magic Circle Expanding Outer Ring	White Note Magic Circle Expanding Outer Ring
10220201215	Green Energy Barrier Activation	Green Energy Barrier Activation
10220201216	Immune Monolith	Immune Monolith
10220201217	Lock Life at @{1}%	Lock Life at @{1}%
10220201218	Green Marker	Green Marker
10220201219	Player Link Node	Player Link Node
10220201220	Knight Note@{1}	Knight Note@{1}
10220201221	Crusader Note@{1}	Crusader Note@{1}
10220201222	Mage Note@{1}	Mage Note@{1}
10220201223	Hunter Note@{1}	Hunter Note@{1}
10220201224	Harmony Self Buff	Harmony Self Buff
10220201225	Battle Chant Harmony: Harmony	Battle Chant Harmony: Harmony
10220201226	Spiritual Melody Purification Self Buff	Spiritual Melody Purification Self Buff
10220201227	Battle Chant Harmony: Rhythm	Battle Chant Harmony: Rhythm
10220201228	Psalm Self Buff	Psalm Self Buff
10220201229	Battle Chant Harmony: Psalm	Battle Chant Harmony: Psalm
10220201230	Original Melody Chorus Self Buff	Original Melody Chorus Self Buff
10220201231	Battle Chant Harmony: Original Melody Chorus	Battle Chant Harmony: Original Melody Chorus
10220201232	Organon Self Buff	Organon Self Buff
10220201233	Low Drone Self Buff	Low Drone Self Buff
10220201234	Admonitory Song of Suffering: Low Drone	Admonitory Song of Suffering: Low Drone
10220201235	Sacrament Baptism Self Buff	Sacrament Baptism Self Buff
10220201236	Sacred Music True Form	Sacred Music True Form
10220201237	Divinity True Form Self Buff	Divinity True Form Self Buff
10220201238	Voice Part	Voice Part
10220201239	Priest Note@{1}	Priest Note@{1}
10220201240	Rhythm Performance Buff	Rhythm Performance Buff
10220201241	Shield Cooldown Buff	Shield Cooldown Buff
10220201242	Voice Part Performance Buff	Voice Part Performance Buff
10220201243	Assassin Note@{1}	Assassin Note@{1}
10220201244	Merchant Note@{1}	Merchant Note@{1}
10220201245	Soul Burst Skill Detection Buff	Soul Burst Skill Detection Buff
10220201246	Initial Shield	Initial Shield
10220201247	Persistent Shield	Persistent Shield
10220201248	Season Axe Tornado Speed and ATK Boost Listener	Season Axe Tornado Speed and ATK Boost Listener
10220201249	Blade Mark - ATK Up	Blade Mark - ATK Up
10220201250	Blade Mark-Accelerate	Blade Mark-Accelerate
10220201251	Season High-Energy Impact Switch bd@{1}	Season High-Energy Impact Switch bd@{1}
10220201252	Season Axe Tornado Switch BD@{1}	Season Axe Tornado Switch BD@{1}
10220201253	Reflect Damage Slow	Reflect Damage Slow
10220201254	Switch Thorn	Switch Thorn
10220201255	King's Grace Unstoppable	King's Grace Unstoppable
10220201256	Switch Twilight Light	Switch Twilight Light
10220201257	Switch (Enhance) Blood Cross	Switch (Enhance) Blood Cross
10220201258	Switch Enhance Blood Cross	Switch Enhance Blood Cross
10220201259	Switch King's Grace	Switch King's Grace
10220201260	Shield Damage Reduction	Shield Damage Reduction
10220201261	Shield Casting Passive	Shield Casting Passive
10220201262	Modify Shield Press	Modify Shield Press
10220201263	Switch Shield Press	Switch Shield Press
10220201264	Switch Blood Cross	Switch Blood Cross
10220201265	Switch Moon Slasher	Switch Moon Slasher
10220201266	Earth Drive Slow	Earth Drive Slow
10220201267	Switch Earth Drive@{1}	Switch Earth Drive@{1}
10220201268	Switch Earth Drive	Switch Earth Drive
10220201269	Delay	Delay
10220201270	Shooting: BD@{1}	Shooting: BD@{1}
10220201271	Focused Arrow Strike	Focused Arrow Strike
10220201272	Wolf Hunt: BD@{1}	Wolf Hunt: BD@{1}
10220201273	Frenzy BD VFX	Frenzy BD VFX
10220201274	Dragon Knight: Fire Mark@{1}	Dragon Knight: Fire Mark@{1}
10220201275	Wind-Pressure Blade	Wind-Pressure Blade
10220201276	Dragon Knight: Wind Mark@{1}	Dragon Knight: Wind Mark@{1}
10220201277	Dragon Transformation	Dragon Transformation
10220201278	Monitor Slashing Strike	Monitor Slashing Strike
10220201279	Slashing Strike Floors	Slashing Strike Floors
10220201280	Reset Rift Impact CD	Reset Rift Impact CD
10220201281	Lance Knight: Wind Mark@{1}	Lance Knight: Wind Mark@{1}
10220201282	Target Mark	Target Mark
10220201283	Reset Phantom Thrust CD	Reset Phantom Thrust CD
10220201284	Note Mark@{1}	Note Mark@{1}
10220201285	Lance Knight: Fire Mark@{1}	Lance Knight: Fire Mark@{1}
10220201286	Frenzy S@{1}	Frenzy S@{1}
10220201287	Advanced Hundred Spear Counter S@{1}	Advanced Hundred Spear Counter S@{1}
10220201288	Hundred Spear Mode@{1}	Hundred Spear Mode@{1}
10220201289	Enhance Cloaking	Enhance Cloaking
10220201290	Dark Illusion_S@{1}_BD	Dark Illusion_S@{1}_BD
10220201291	Dark Illusion	Dark Illusion
10220201292	Cross Ripper Slasher_S@{1}_BD	Cross Ripper Slasher_S@{1}_BD
10220201293	Rolling Cutter BD_S@{1}_BD	Rolling Cutter BD_S@{1}_BD
10220201294	Cloaking Enhance BD_S@{1}_BD	Cloaking Enhance BD_S@{1}_BD
10220201295	Overpower Passive	Overpower Passive
10220201296	Freestyle Rap	Freestyle Rap
10220201297	Triple Rhyme	Triple Rhyme
10220201298	Hip-Hop Impersonation	Hip-Hop Impersonation
10220201299	Encore	Encore
10220201300	Multi-Rhyme	Multi-Rhyme
10220201301	Move back Afterimage State Season	Move back Afterimage State Season
10220201302	Syllable	Syllable
10220201303	Switch Comet	Switch Comet
10220201304	Switch Vortex	Switch Vortex
10220201305	Elemental Attunement-Comet	Elemental Attunement-Comet
10220201306	Elemental Attunement Comet	Elemental Attunement Comet
10220201307	Normal Attack Counter	Normal Attack Counter
10220201308	Switch White Imprison	Switch White Imprison
10220201309	Remix Resonance	Remix Resonance
10220201310	Switch Soul Burst	Switch Soul Burst
10220201311	Switch Enhance Soul Burst	Switch Enhance Soul Burst
10220201312	Spellbook-Little Meteor	Spellbook-Little Meteor
10220201313	Switch Psychic Orb	Switch Psychic Orb
10220201314	Switch Gravity Impact	Switch Gravity Impact
10220201315	Psychic Orb-Counter	Psychic Orb-Counter
10220201316	Manifestation	Manifestation
10220201317	Performance Buff	Performance Buff
10220201318	Divine Remnant	Divine Remnant
10220201319	Free	Free
10220201320	Buff	Buff
10220201321	Evil Spirit Possession	Evil Spirit Possession
10220201322	Praiser Priest Hymn: Equal Grace	Praiser Priest Hymn: Equal Grace
10220201323	Praiser Priest Hymn: Manifestation	Praiser Priest Hymn: Manifestation
10220201324	Praiser Priest Hymn: Divine Remnant	Praiser Priest Hymn: Divine Remnant
10220201325	Praiser Priest Hymn: Angel Incarnate	Praiser Priest Hymn: Angel Incarnate
10220201326	Exorciser Spell: Enlightenment	Exorciser Spell: Enlightenment
10220201327	Exorciser Spell: Free Will	Exorciser Spell: Free Will
10220201328	Exorciser Spell: Corruption	Exorciser Spell: Corruption
10220201329	Exorciser Spell: Evil Spirit Possession	Exorciser Spell: Evil Spirit Possession
10220201330	Chain	Chain
10220201331	Reduce Twilight Ray CD	Reduce Twilight Ray CD
10220201332	Replace Fearless Charge	Replace Fearless Charge
10220201333	Increase Earth Drive Damage	Increase Earth Drive Damage
10220201334	Replace Earth Drive	Replace Earth Drive
10220201335	Record Damage Dealt	Record Damage Dealt
10220201336	Enhance Guard	Enhance Guard
10220201337	Replace Block	Replace Block
10220201338	Focused Shot: Dark Night	Focused Shot: Dark Night
10220201339	Slash Mode@{1}	Slash Mode@{1}
10220201340	Phantom Thrust Stacks	Phantom Thrust Stacks
10220201341	Reset Sonic Blow CD	Reset Sonic Blow CD
10220201342	Blood Spear	Blood Spear
10220201343	Black Phantom	Black Phantom
10220201344	Haste	Haste
10220201345	Slow	Slow
10220201346	Dark Illusion_S@{1}_BD	Dark Illusion_S@{1}_BD
10220201347	Cross Ripper Slasher_S@{1}_BD	Cross Ripper Slasher_S@{1}_BD
10220201348	Rolling CutterBD_S@{1}_BD	Rolling CutterBD_S@{1}_BD
10220201349	Enhanced CloakingBD_S@{1}_BD	Enhanced CloakingBD_S@{1}_BD
10220201350	Move back Afterimage_S@{1}_BD	Move back Afterimage_S@{1}_BD
10220201351	Flowing Shadow_S@{1}_BD	Flowing Shadow_S@{1}_BD
10220201352	Shadow GuardBD_S@{1}_BD	Shadow GuardBD_S@{1}_BD
10220201353	Shadow PierceBD_S@{1}_BD	Shadow PierceBD_S@{1}_BD
10220201354	Flowing Shadow Floors	Flowing Shadow Floors
10220201355	Magic Release	Magic Release
10220201356	Healing Reduction	Healing Reduction
10220201357	Void Rift	Void Rift
10220201358	ElementBD@{1}	ElementBD@{1}
10220201359	Test@{1}	Test@{1}
10220201360	Replace Intense Telekinesis	Replace Intense Telekinesis
10220201361	Prison Slow	Prison Slow
10220201362	Enhanced Psychic Astrolabe Listener	Enhanced Psychic Astrolabe Listener
10220201363	Enhanced Gravity Impact Listener	Enhanced Gravity Impact Listener
10220201364	Soul Burst/White Imprison/Gravity Impact Slow	Soul Burst/White Imprison/Gravity Impact Slow
10220201365	Intense Telekinesis@{1}	Intense Telekinesis@{1}
10220201366	Gravity Impact Continuous Ghost Attack	Gravity Impact Continuous Ghost Attack
10220201367	Psychic Astrolabe@{1}	Psychic Astrolabe@{1}
10220201368	Spellbook-Gravity ImpactS@{1}	Spellbook-Gravity ImpactS@{1}
10220201369	Skill Slow Listener	Skill Slow Listener
10220201370	Magnum Break	Magnum Break
10220201371	DEF increased	DEF increased
10220201372	Sword Mastery	Sword Mastery
10220201373	Provoke	Provoke
10220201374	Sword Mastery	Sword Mastery
10220201375	Spear Mastery	Spear Mastery
10220201376	Spear Expert	Spear Expert
10220201377	Sword Quicken	Sword Quicken
10220201378	Enhance Auto Counter	Enhance Auto Counter
10220201379	Riding	Riding
10220201380	Charge	Charge
10220201381	Sword Attack Speed Increase	Sword Attack Speed Increase
10220201382	Aura Blade	Aura Blade
10220201383	Head Crush	Head Crush
10220201384	Concentration	Concentration
10220201385	Parry	Parry
10220201386	Berserk	Berserk
10220201387	Joint Beat	Joint Beat
10220201388	Joint Beat Movement Speed Reduction	Joint Beat Movement Speed Reduction
10220201389	Joint Beat Attack Speed Reduction	Joint Beat Attack Speed Reduction
10220201390	Joint Beat Physical DEF Reduction	Joint Beat Physical DEF Reduction
10220201391	Joint Beat Damage Taken Increase	Joint Beat Damage Taken Increase
10220201392	Joint Beat Add Immunity Buff	Joint Beat Add Immunity Buff
10220201393	Aura Blade Max Stack Sound Effect	Aura Blade Max Stack Sound Effect
10220201394	Dragon Wing	Dragon Wing
10220201395	Shield Visual Effect	Shield Visual Effect
10220201396	Dragon Howling	Dragon Howling
10220201397	Frenzy Visual Effect	Frenzy Visual Effect
10220201398	Death Bound	Death Bound
10220201399	Enchant Blade	Enchant Blade
10220201400	Rune Mastery	Rune Mastery
10220201401	Mounted State	Mounted State
10220201402	Dragon Training	Dragon Training
10220201403	Mounted State-Dragon	Mounted State-Dragon
10220201404	Phantom Thrust Target	Phantom Thrust Target
10220201405	Pinpoint Attack Stacks	Pinpoint Attack Stacks
10220201406	Hundred Spear Charge	Hundred Spear Charge
10220201407	Pinpoint Attack Listener	Pinpoint Attack Listener
10220201408	Furious Storm	Furious Storm
10220201409	Advanced Hundred Spear Count	Advanced Hundred Spear Count
10220201410	Wind Blade Slash	Wind Blade Slash
10220201411	Sturdy Strike	Sturdy Strike
10220201412	Cleave	Cleave
10220201413	Napalm Vulcan	Napalm Vulcan
10220201414	Shoot an arrow	Shoot an arrow
10220201415	Phantom Arrow	Phantom Arrow
10220201416	Minor Speed Boost	Minor Speed Boost
10220201417	Major Speed Boost	Major Speed Boost
10220201418	Guide Line Effect	Guide Line Effect
10220201419	Minor Speed Boost Effect	Minor Speed Boost Effect
10220201420	Major Speed Boost Effect	Major Speed Boost Effect
10220201421	Transform Wheel Replacement	Transform Wheel Replacement
10220201422	Speed Boost Charge	Speed Boost Charge
10220201423	Missile Charge	Missile Charge
10220201424	Trap Hunter Charge	Trap Hunter Charge
10220201425	Dark Charge	Dark Charge
10220201426	Shield Charge	Shield Charge
10220201427	Self-Destruct Charge	Self-Destruct Charge
10220201428	Extreme Speed Boost	Extreme Speed Boost
10220201429	Extreme Slow	Extreme Slow
10220201430	Self-Destruct Speed Boost	Self-Destruct Speed Boost
10220201431	Reduced Field of View	Reduced Field of View
10220201432	Control Immunity	Control Immunity
10220201433	Freezing Trap Hunter Effect	Freezing Trap Hunter Effect
10220201434	Flame Trap Hunter Effect	Flame Trap Hunter Effect
10220201435	Cheval-de-Frise Area Effect	Cheval-de-Frise Area Effect
10220201436	Chest Effect	Chest Effect
10220201437	System Buff@{1}	System Buff@{1}
10220201438	Damage Increase (Magnum Break)	Damage Increase (Magnum Break)
10220201439	Damage/Attack Speed (Weak Point Attack)	Damage/Attack Speed (Weak Point Attack)
10220201440	Dark Wall (Test)	Dark Wall (Test)
10220201441	Increase Dodge (Test)	Increase Dodge (Test)
10220201442	Effect (Test)	Effect (Test)
10220201443	Increase ATK@{1}	Increase ATK@{1}
10220201444	Increase Healing	Increase Healing
10220201445	Reduce Healing	Reduce Healing
10220201446	Ten Kills in One Step	Ten Kills in One Step
10220201447	Silence Test	Silence Test
10220201448	Meditation State	Meditation State
10220201449	Orbit Test Buff	Orbit Test Buff
10220201450	Double Attack	Double Attack
10220201451	Double Attack@{1}	Double Attack@{1}
10220201452	Dual-Dagger Logic Script@{1}	Dual-Dagger Logic Script@{1}
10220201453	Cloaking Passive	Cloaking Passive
10220201454	Sand Puff Slow	Sand Puff Slow
10220201455	Detoxify	Detoxify
10220201456	Katar Mastery	Katar Mastery
10220201457	Katar Mastery@{1}	Katar Mastery@{1}
10220201458	Sonic Acceleration	Sonic Acceleration
10220201459	Move back Increase Dodge	Move back Increase Dodge
10220201460	Dual-Wield Mastery	Dual-Wield Mastery
10220201461	Dual-Wield Mastery@{1}	Dual-Wield Mastery@{1}
10220201462	Grimtooth	Grimtooth
10220201463	Venom Splasher	Venom Splasher
10220201464	Envenom	Envenom
10220201465	Double Attack Increase Dodge	Double Attack Increase Dodge
10220201466	Deadly Poison	Deadly Poison
10220201467	Venom Creation	Venom Creation
10220201468	Advanced Soul Destroyer	Advanced Soul Destroyer
10220201469	Damage Increase Effect	Damage Increase Effect
10220201470	Cross Impact Effect	Cross Impact Effect
10220201471	Advanced Katar Mastery	Advanced Katar Mastery
10220201472	CRIT	CRIT
10220201473	Assassin Talent Placeholder@{1}-@{2}	Assassin Talent Placeholder@{1}-@{2}
10220201474	Premeditation	Premeditation
10220201475	Assassin Talent@{1}-@{2} Support Buff	Assassin Talent@{1}-@{2} Support Buff
10220201476	Black Phantom Damage Increase	Black Phantom Damage Increase
10220201477	Black Phantom Slow	Black Phantom Slow
10220201478	Rolling Cutter Passive	Rolling Cutter Passive
10220201479	Rolling Cutter Cooldown Reset Buff	Rolling Cutter Cooldown Reset Buff
10220201480	Venom Dance Increase Dodge	Venom Dance Increase Dodge
10220201481	Black Phantom Floors	Black Phantom Floors
10220201482	Black Phantom Timer	Black Phantom Timer
10220201483	Black Phantom Passive	Black Phantom Passive
10220201484	Thousand Shadows Status	Thousand Shadows Status
10220201485	Shadow Loop Status	Shadow Loop Status
10220201486	Savage Blade	Savage Blade
10220201487	Magic Blade	Magic Blade
10220201488	Resolve	Resolve
10220201489	Magic Mark	Magic Mark
10220201490	Holy Guard	Holy Guard
10220201491	Divine Message	Divine Message
10220201492	Ice Guardian	Ice Guardian
10220201493	Nature's Blessing	Nature's Blessing
10220201494	Magic Amplification	Magic Amplification
10220201495	Momentum Breaker	Momentum Breaker
10220201496	Magic Damage Cap	Magic Damage Cap
10220201497	Magic Convergence	Magic Convergence
10220201498	Holy Fortress	Holy Fortress
10220201499	Healing Amplification	Healing Amplification
10220201500	Healing Cap	Healing Cap
10220201501	Melee Amplification	Melee Amplification
10220201502	Holy Light Convergence	Holy Light Convergence
10220201503	Terminate	Terminate
10220201504	Ranged Amplification	Ranged Amplification
10220201505	Vengeful Magic	Vengeful Magic
10220201506	Physical Damage Cap	Physical Damage Cap
10220201507	Abundant Magic	Abundant Magic
10220201508	Strength Convergence	Strength Convergence
10220201509	Magic Reverberation	Magic Reverberation
10220201510	Cure	Cure
10220201511	Holy Light's Protection	Holy Light's Protection
10220201512	Defense Cap	Defense Cap
10220201513	Defense Convergence	Defense Convergence
10220201514	Abundant Healing	Abundant Healing
10220201515	Decapitation	Decapitation
10220201516	Continuous Healing	Continuous Healing
10220201517	Vengeful Strength	Vengeful Strength
10220201518	Battle Ready	Battle Ready
10220201519	Abundant Strength	Abundant Strength
10220201520	Multi Strike	Multi Strike
190001	Current Floors: <color=#CC762A>${1}</color>	Current Floors: <color=#CC762A>${1}</color>
190002	Daily Sweep Rewards: <color=#CC762A>${1}/${2}</color>	Daily Sweep Rewards: <color=#CC762A>${1}/${2}</color>
190003	Active MVPs: <color=#63A22B>${1}</color>	Active MVPs: <color=#63A22B>${1}</color>
190004	Ranking Reward Count: <color=#CC762A>${1}/${2}</color>\nParticipation Rewards Reward Count: <color=#CC762A>${3}/${4}</color>	Ranking Reward Count: <color=#CC762A>${1}/${2}</color>\nParticipation Rewards Reward Count: <color=#CC762A>${3}/${4}</color>
190005	Remaining Bonus Time: <color=#63A22B>${1}</color>	Remaining Bonus Time: <color=#63A22B>${1}</color>
190006	<color=#CC762A>60 minutes</color> of Bonus Time is restored daily at midnight	<color=#CC762A>60 minutes</color> of Bonus Time is restored daily at midnight
190007	This Week's Points: ${1}/${2}	This Week's Points: ${1}/${2}
190008	Open Tuesdays, Thursdays, and Sundays from 17:00–18:30	Open Tuesdays, Thursdays, and Sundays from 17:00–18:30
190009	${1}'s ${2}	${1}'s ${2}
190010	Current Stage: <color=#CC762A>Floor ${1}</color>	Current Stage: <color=#CC762A>Floor ${1}</color>
190011	Stage Boss: <color=#CC762A>${1}</color>	Stage Boss: <color=#CC762A>${1}</color>
11250000039	Minor Holy Resistance	Minor Holy Resistance
11250000038	Minor Poison Resistance	Minor Poison Resistance
11250000037	Minor Water Resistance	Minor Water Resistance
11250000036	Minor Fire Resistance	Minor Fire Resistance
11250000035	Minor Earth Resistance	Minor Earth Resistance
11250000034	Low Wind Resistance	Low Wind Resistance
11250000033	Low-Tier Neutral Resistance	Low-Tier Neutral Resistance
11250000032	Low-Tier FLEE	Low-Tier FLEE
11250000031	Low-Tier HIT	Low-Tier HIT
11250000030	Low-Tier Magic Penetration	Low-Tier Magic Penetration
11250000029	Low-Tier Physical Penetration	Low-Tier Physical Penetration
11250000028	Low-Tier Life	Low-Tier Life
11250000027	Low-Tier Physical Defense	Low-Tier Physical Defense
11250000026	Low-Tier Magic Defense	Low-Tier Magic Defense
11250000025	Low-Tier Physical Attack	Low-Tier Physical Attack
11250000024	Low-Tier Magic Attack	Low-Tier Magic Attack
11250000023	Low-Tier Continuous Shield	Low-Tier Continuous Shield
11250000022	Low-Tier Last Stand Defense	Low-Tier Last Stand Defense
11250000021	Low-Tier Fortitude Defense	Low-Tier Fortitude Defense
11250000020	Low-Tier Continuous Healing	Low-Tier Continuous Healing
11250000019	Low-Tier Abundant Healing	Low-Tier Abundant Healing
11250000018	Low-Tier First Aid	Low-Tier First Aid
11250000017	Low-Tier Multi Strike	Low-Tier Multi Strike
11250000016	Low-Tier Abundant Strength	Low-Tier Abundant Strength
11250000015	Low-Tier Vengeful Might	Low-Tier Vengeful Might
11250000014	Low-Tier Execution	Low-Tier Execution
11250000013	Low-Tier Magic Echo	Low-Tier Magic Echo
11250000012	Low-Tier Abundant Magic	Low-Tier Abundant Magic
11250000011	Low-Tier Vengeful Magic	Low-Tier Vengeful Magic
11250000010	Low-Tier Terminate	Low-Tier Terminate
11250000009	Holy Fortress	Holy Fortress
11250000008	Momentum Breaker	Momentum Breaker
11250000007	Ice Guardian	Ice Guardian
11250000006	Holy Guard	Holy Guard
11250000005	Nature's Blessing	Nature's Blessing
11250000004	Divine Message	Divine Message
11250000003	Resolve	Resolve
11250000002	Savage Blade	Savage Blade
11250000001	Magic Mark	Magic Mark
11250000000	Magic Blade	Magic Blade
11200100003	Phase Four Plan	Phase Four Plan
11200100002	Phase Three Strategy	Phase Three Strategy
11200100001	Phase 2 Strategy	Phase 2 Strategy
11200100000	Phase 1 Strategy	Phase 1 Strategy
11200000003	War of Emperium	War of Emperium
11200000002	Escort Battle	Escort Battle
11200000001	Stronghold War	Stronghold War
11200000000	General Tactics	General Tactics
59000	Tavern	Tavern
11190100050	Rift Stone	Rift Stone
11190100006	Reserve	Reserve
11110100014	Guild Store	Guild Store
11110100013	Guild Store	Guild Store
11110100012	Materials	Materials
11110100011	Consumables	Consumables
11110100010	Character Effects	Character Effects
11110100009	Backwear	Backwear
11110100008	Headwear	Headwear
11110100007	Adv. Guild	Adv. Guild
11110100006	Hairstyle	Hairstyle
11110100005	Zeny Shop	Zeny Shop
11110100004	Skills	Skills
11110100003	Equip	Equip
11110100002	Items	Items
11110100001	Mount	Mount
11110100000	Set	Set
11080600010	^{1}[Divine Realm]^{2}	^{1}[Divine Realm]^{2}
11080600009	^{1}[Event]^{2}	^{1}[Event]^{2}
11080600008	^{1}[Quest]^{2}	^{1}[Quest]^{2}
11080600007	^{1}[Stronghold War]^{2}	^{1}[Stronghold War]^{2}
11080600006	^{1}[War of Emperium]^{2}	^{1}[War of Emperium]^{2}
11080600005	^{1}[Tower of Spirits]^{2}	^{1}[Tower of Spirits]^{2}
11080600004	^{1}[Phantom Realm]^{2}	^{1}[Phantom Realm]^{2}
11080600003	^{1}[Epic Campaign]^{2}	^{1}[Epic Campaign]^{2}
11080600002	^{1}[Gameplay]^{2}	^{1}[Gameplay]^{2}
11080600001	^{1}[Referee]^{2}	^{1}[Referee]^{2}
11080600000	^{1}[Plane]^{2}	^{1}[Plane]^{2}
11080000001	Waiting for the Next Event	Waiting for the Next Event
11080000000	Seal Durability Remaining	Seal Durability Remaining
10960100261	Demonic Dragon Soul	Demonic Dragon Soul
10960100260	Dragonblood Crystal	Dragonblood Crystal
10960100183	Divine Vessel	Divine Vessel
10960100157	Valhalla Trials	Valhalla Trials
10960100137	Military Supplies	Military Supplies
10930000017	Together to the Ends of the Earth	Together to the Ends of the Earth
10930000016	Eternal Vows	Eternal Vows
10930000015	Devotion's Grace	Devotion's Grace
10930000014	Unwavering in Life and Death	Unwavering in Life and Death
10930000013	Trusted Confidants	Trusted Confidants
10930000012	Kindred Spirits	Kindred Spirits
10930000011	Wish We'd Met Sooner	Wish We'd Met Sooner
10930000010	Moonlit Bonds	Moonlit Bonds
10930000009	A Noble Friendship	A Noble Friendship
10860000000	Day @{1}	Day @{1}
10850000000	Server Launch Celebration	Server Launch Celebration
11080100000	Next Event Auto-Start Countdown	Next Event Auto-Start Countdown
12790000000	Charge	Charge
12790000001	Open Your Eyes	Open Your Eyes
12790000002	Turn the Ship's Wheel	Turn the Ship's Wheel
10740000002	ST	ST
10740000001	AoE	AoE
10740000000	Normal Attack	Normal Attack
60000	LV.${1}	LV.${1}
10800000000	^{1}Acolyte Talent @{1}-@{2}^{2}	^{1}Acolyte Talent @{1}-@{2}^{2}
10800000001	Mace Mastery Lv. @{1}	Mace Mastery Lv. @{1}
10800000002	^{1}Cart Reinforcement^{2}	^{1}Cart Reinforcement^{2}
10800000003	^{1}Mammonite^{2}	^{1}Mammonite^{2}
10800000004	^{1}Gunpowder Smash^{2}	^{1}Gunpowder Smash^{2}
10800000005	^{1}Anaerobic Training^{2}	^{1}Anaerobic Training^{2}
10800000006	^{1}Booming Business^{2}	^{1}Booming Business^{2}
10800000007	^{1}Body Tempering^{2}	^{1}Body Tempering^{2}
10800000008	^{1}Power of Earth^{2}	^{1}Power of Earth^{2}
10800000009	^{1}Earth Spike^{2}	^{1}Earth Spike^{2}
10800000010	^{1}Earthshattering Strike^{2}	^{1}Earthshattering Strike^{2}
10800000011	^{1}Rousing Cheer^{2}	^{1}Rousing Cheer^{2}
10800000012	^{1}Invigorate Body and Mind^{2}	^{1}Invigorate Body and Mind^{2}
10800000013	^{1}Self-Motivation^{2}	^{1}Self-Motivation^{2}
10800000014	^{1}Cart Remodeling^{2}	^{1}Cart Remodeling^{2}
10800000015	^{1}Weapon Research^{2}	^{1}Weapon Research^{2}
10800000016	^{1}Cart Slam^{2}	^{1}Cart Slam^{2}
10800000017	^{1}Speed Is Weight^{2}	^{1}Speed Is Weight^{2}
10800000018	^{1}Second Wind^{2}	^{1}Second Wind^{2}
10800000019	^{1}Unlimited Acceleration^{2}	^{1}Unlimited Acceleration^{2}
10800000020	^{1}Terminate Strike^{2}	^{1}Terminate Strike^{2}
10800000021	^{1}Cart Clash^{2}	^{1}Cart Clash^{2}
10800000022	^{1}Terminate Blast^{2}	^{1}Terminate Blast^{2}
10800000023	^{1}Limit Break^{2}	^{1}Limit Break^{2}
10800000024	^{1}Weapon Polishing^{2}	^{1}Weapon Polishing^{2}
10800000025	^{1}Weapon Enhance^{2}	^{1}Weapon Enhance^{2}
10800000026	^{1}Gathering Charge^{2}	^{1}Gathering Charge^{2}
10800000027	^{1}Accelerated Impact^{2}	^{1}Accelerated Impact^{2}
10800000028	^{1}Sustained Acceleration^{2}	^{1}Sustained Acceleration^{2}
10800000029	^{1}AoE Power Thrust^{2}	^{1}AoE Power Thrust^{2}
10800000030	^{1}Improved Power Thrust^{2}	^{1}Improved Power Thrust^{2}
10800000031	^{1}Critical Strike^{2}	^{1}Critical Strike^{2}
10800000032	Cross Attack Enhance	Cross Attack Enhance
10800000033	Cross Blast	Cross Blast
10800000034	Swift Cross Strike	Swift Cross Strike
10800000035	Shield Bash Enhance	Shield Bash Enhance
10800000036	Charged Shield Bash	Charged Shield Bash
10800000037	Concussive Shield Bash	Concussive Shield Bash
10800000038	Cross Judex Enhance	Cross Judex Enhance
10800000039	Cross Thrust	Cross Thrust
10800000040	Absolute Judex	Absolute Judex
10800000041	Shield Boomerang Enhance	Shield Boomerang Enhance
10800000042	Ricochet Shield	Ricochet Shield
10800000043	Shield Boomerang Combo	Shield Boomerang Combo
10800000044	Spear Mastery	Spear Mastery
10800000045	Spear Expert	Spear Expert
10800000046	Holy Spear	Holy Spear
10800000047	Auto Guard Enhance	Auto Guard Enhance
10800000048	Resilient Spirit	Resilient Spirit
10800000049	Strong Shield	Strong Shield
10800000050	Gloria Domini Enhance	Gloria Domini Enhance
10800000051	Double Pressure	Double Pressure
10800000052	Divine Punishment	Divine Punishment
10800000053	Rapid Smiting Enhance	Rapid Smiting Enhance
10800000054	Shield Pursuit	Shield Pursuit
10800000055	Shield Bash Echo	Shield Bash Echo
10800000056	Survival Instinct	Survival Instinct
10800000057	Enhanced Endurance	Enhanced Endurance
10800000058	Martyr's Reckoning Enhance	Martyr's Reckoning Enhance
10800000059	Battle Chant Enhance	Battle Chant Enhance
10800000060	Battle Cry	Battle Cry
10800000061	Fortifying Cry	Fortifying Cry
10800000062	Pierce Enhance	Pierce Enhance
10800000063	Rapid Pierce	Rapid Pierce
10800000064	Piercing Blast	Piercing Blast
10800000065	Swift Sword	Swift Sword
10800000066	Critical Attack	Critical Attack
10800000067	Double Counter	Double Counter
10800000068	Spear Throw Enhance	Spear Throw Enhance
10800000069	Rapid Throw	Rapid Throw
10800000070	Explosive Spear	Explosive Spear
10800000071	Sword Mastery	Sword Mastery
10800000072	Sword Attack Speed Increase	Sword Attack Speed Increase
10800000073	Mighty Sword	Mighty Sword
10800000074	Sharp Spear	Sharp Spear
10800000075	Brandish Spear Enhance	Brandish Spear Enhance
10800000076	Cavalry's Might	Cavalry's Might
10800000077	Flame Attack Enhance	Flame Attack Enhance
10800000078	Power Slash	Power Slash
10800000079	Heavy Blow	Heavy Blow
10800000080	Spiral Pierce Enhance	Spiral Pierce Enhance
10800000081	Spiral Pierce Mastery	Spiral Pierce Mastery
10800000082	Spiral Blast	Spiral Blast
10800000083	Aura Blade Enhance	Aura Blade Enhance
10800000084	Aura Insight - Swiftness	Aura Insight - Swiftness
10800000085	Aura Insight - Technique	Aura Insight - Technique
10800000086	Joint Beat Enhance	Joint Beat Enhance
10800000087	Joint Destruction	Joint Destruction
10800000088	Joint Beat Blast	Joint Beat Blast
10800000089	Guard Enhance	Guard Enhance
10800000090	Triple Slash	Triple Slash
10800000091	Greatsword Sweep Attack	Greatsword Sweep Attack
10800000092	AGI +${1}	AGI +${1}
10800000093	^{1}Six Stats +${1}^{2}	^{1}Six Stats +${1}^{2}
10800000094	Six Stats +${1}	Six Stats +${1}
10800000095	Beastbane	Beastbane
10800000096	Two Buffs	Two Buffs
10800000097	^{1}Two Skills^{2}	^{1}Two Skills^{2}
10800000098	Stunt-Affected Stats	Stunt-Affected Stats
10800000099	^{1}Refinement-Affected Stats^{2}	^{1}Refinement-Affected Stats^{2}
10800000100	Refinement-Affected Stats	Refinement-Affected Stats
10800000101	Hodgepodge	Hodgepodge
10800000102	Hundredfold Tempering - Power Strike	Hundredfold Tempering - Power Strike
10800000103	Hundredfold Tempering - Arcane Arts	Hundredfold Tempering - Arcane Arts
10800000104	Hundredfold Tempering - Vitality	Hundredfold Tempering - Vitality
10800000105	Master Smith's Blessing - Power Strike	Master Smith's Blessing - Power Strike
10800000106	Master Smith's Blessing - Arcane Arts	Master Smith's Blessing - Arcane Arts
10800000107	Master Smith's Blessing - Vitality	Master Smith's Blessing - Vitality
10800000108	Hundredfold Tempering - Keen Edge	Hundredfold Tempering - Keen Edge
10800000109	Hundredfold Tempering - Destruction	Hundredfold Tempering - Destruction
10800000110	Master Smith's Blessing - Keen Edge	Master Smith's Blessing - Keen Edge
10800000111	Master Smith's Blessing - Destruction	Master Smith's Blessing - Destruction
10800000112	Potent Elixir	Potent Elixir
10800000113	Magic-Tempered Blade	Magic-Tempered Blade
10800000114	Rage Conversion	Rage Conversion
10800000115	Hela's Bargain	Hela's Bargain
10800000116	Penetration Curse	Penetration Curse
10800000117	Magic-Breaking Curse	Magic-Breaking Curse
10800000118	Battle Instinct	Battle Instinct
10800000119	Urd's Spring	Urd's Spring
10800000120	Valhalla's Protection	Valhalla's Protection
10800000121	Judgment of Fate	Judgment of Fate
10800000122	Magic Convergence	Magic Convergence
10800000123	Strength Convergence	Strength Convergence
10800000124	Defense Convergence	Defense Convergence
10800000125	Holy Light Convergence	Holy Light Convergence
10800000126	Abundant Magic	Abundant Magic
10800000127	Abundant Strength	Abundant Strength
10800000128	Abundant Healing	Abundant Healing
10800000129	Desperate Defense	Desperate Defense
10800000130	Basic Magic Attack	Basic Magic Attack
10800000131	Basic Physical Attack	Basic Physical Attack
10800000132	Basic Magic Defense	Basic Magic Defense
10800000133	Basic Physical Defense	Basic Physical Defense
10800000134	Basic Life	Basic Life
10800000135	Low-grade Penetration Curse	Low-grade Penetration Curse
10800000136	Low-grade Magic-Breaking Curse	Low-grade Magic-Breaking Curse
10800000137	Basic HIT	Basic HIT
10800000138	Basic FLEE	Basic FLEE
10800000139	Minor Neutral Resistance	Minor Neutral Resistance
10800000140	Minor Wind Resistance	Minor Wind Resistance
10800000141	Minor Earth Resistance	Minor Earth Resistance
10800000142	Minor Fire Resistance	Minor Fire Resistance
10800000143	Minor Water Resistance	Minor Water Resistance
10800000144	Minor Poison Resistance	Minor Poison Resistance
10800000145	Minor Holy Resistance	Minor Holy Resistance
10800000146	Minor Shadow Resistance	Minor Shadow Resistance
10800000147	Minor Ghost Resistance	Minor Ghost Resistance
10800000148	Minor Undead Resistance	Minor Undead Resistance
10800000149	Minor DMG vs All Job	Minor DMG vs All Job
10800000150	Minor DMG Reduction vs All Job	Minor DMG Reduction vs All Job
10800000151	Minor Hunting Technique	Minor Hunting Technique
10800000152	Minor Hunting Protection	Minor Hunting Protection
10800000153	Magic Amplification	Magic Amplification
10800000154	Magic Damage Cap	Magic Damage Cap
10800000155	Melee Amplification	Melee Amplification
10800000156	Ranged Amplification	Ranged Amplification
10800000157	Physical Damage Cap	Physical Damage Cap
10800000158	DEF Boost	DEF Boost
10800000159	Defense Cap	Defense Cap
10800000160	Healing Amplification	Healing Amplification
10800000161	Healing Cap	Healing Cap
10800000162	Advanced Magic Attack	Advanced Magic Attack
10800000163	Advanced Physical Attack	Advanced Physical Attack
10800000164	Advanced Magic Defense	Advanced Magic Defense
10800000165	Advanced Physical Defense	Advanced Physical Defense
10800000166	Advanced Life	Advanced Life
10800000167	High-grade Penetration Curse	High-grade Penetration Curse
10800000168	High-grade Magic-Breaking Curse	High-grade Magic-Breaking Curse
10800000169	Advanced HIT	Advanced HIT
10800000170	Advanced FLEE	Advanced FLEE
10800000171	Advanced Neutral Resistance	Advanced Neutral Resistance
10800000172	Advanced Wind Resistance	Advanced Wind Resistance
10800000173	Advanced Earth Resistance	Advanced Earth Resistance
10800000174	Advanced Fire Resistance	Advanced Fire Resistance
10800000175	Advanced Water Resistance	Advanced Water Resistance
10800000176	Advanced Poison Resistance	Advanced Poison Resistance
10800000177	Advanced Holy Resistance	Advanced Holy Resistance
10800000178	Advanced Shadow Resistance	Advanced Shadow Resistance
10800000179	Advanced Ghost Resistance	Advanced Ghost Resistance
10800000180	Advanced Undead Resistance	Advanced Undead Resistance
10800000181	Advanced DMG vs All Job	Advanced DMG vs All Job
10800000182	Advanced DMG Reduction vs All Job	Advanced DMG Reduction vs All Job
10800000183	Advanced Hunting Expertise	Advanced Hunting Expertise
10800000184	Advanced Hunting Protection	Advanced Hunting Protection
10800000185	CRIT	CRIT
10800000186	CRIT DMG	CRIT DMG
10800000187	CRIT RES	CRIT RES
10800000188	CRIT DMG Reduction	CRIT DMG Reduction
10800000189	Green Note	Green Note
10800000190	Blue Note	Blue Note
10800000191	Yellow Note	Yellow Note
10800000192	Red Note	Red Note
10800000193	Divine Enchant: Grants divine power to equipment, evolving it into\n^{1}one badass piece of gear^{2}. Equip it to become Invincible.	Divine Enchant: Grants divine power to equipment, evolving it into\n^{1}one badass piece of gear^{2}. Equip it to become Invincible.
10800000194	Gigantic Enchant: Adds the\n^{1}Gigantic^{2} prefix to equipment and increases the attack range of the XX skill by @{1}%.	Gigantic Enchant: Adds the\n^{1}Gigantic^{2} prefix to equipment and increases the attack range of the XX skill by @{1}%.
10800000195	Emerald Boundary-Breaking Power	Emerald Boundary-Breaking Power
10800000196	Emerald Boundary-Breaking Remnant	Emerald Boundary-Breaking Remnant
10800000197	Emerald Boundary-Guarding Power	Emerald Boundary-Guarding Power
10800000198	Azure Boundary-Breaking Power	Azure Boundary-Breaking Power
10800000199	Azure Boundary-Breaking Remnant	Azure Boundary-Breaking Remnant
10800000200	Azure Boundary-Guarding Power	Azure Boundary-Guarding Power
10800000201	Golden Boundary-Breaking Power	Golden Boundary-Breaking Power
10800000202	Golden Boundary-Breaking Remnant	Golden Boundary-Breaking Remnant
10800000203	Golden Boundary-Guarding Power	Golden Boundary-Guarding Power
10800000204	Crimson Boundary-Breaking Power	Crimson Boundary-Breaking Power
10800000205	Crimson Boundary-Breaking Remnant	Crimson Boundary-Breaking Remnant
10800000206	Crimson Boundary-Guarding Power	Crimson Boundary-Guarding Power
10800000207	Normal Attack Boost	Normal Attack Boost
10800000208	Blade Dance	Blade Dance
10800000209	Opening	Opening
10800000210	Rapid Throw	Rapid Throw
10800000211	Chain Reaction	Chain Reaction
10800000212	Decapitation	Decapitation
10800000213	Deep Dagger Thrust	Deep Dagger Thrust
10800000214	Dagger Throw	Dagger Throw
10800000215	Secondary Damage	Secondary Damage
10800000216	Shadowless Boost	Shadowless Boost
10800000217	Shadow Fang	Shadow Fang
10800000218	Premeditation	Premeditation
10800000219	Cold-Blooded	Cold-Blooded
10800000220	Vanish Without a Trace	Vanish Without a Trace
10800000221	Quick Hands	Quick Hands
10800000222	Weapon Mastery	Weapon Mastery
10800000223	Sneak Attack	Sneak Attack
10800000224	Triple Slash	Triple Slash
10800000225	Virus Boost	Virus Boost
10800000226	Poisoned to the Core	Poisoned to the Core
10800000227	Toxic Rampage	Toxic Rampage
10800000228	Enhance Deadly Poison	Enhance Deadly Poison
10800000229	Venomous	Venomous
10800000230	Efficient Deadly Poison	Efficient Deadly Poison
10800000231	Mind Boost	Mind Boost
10800000232	Advanced Soul Destroyer	Advanced Soul Destroyer
10800000233	Spreading Shockwave	Spreading Shockwave
10800000234	Shadow Moonlit Challenger	Shadow Moonlit Challenger
10800000235	Dark Stalker	Dark Stalker
10800000236	Hidden Blade	Hidden Blade
10800000237	Merciless	Merciless
10800000238	Seize the Initiative	Seize the Initiative
10800000239	Combo Moonlit Challenger	Combo Moonlit Challenger
10800000240	Double Attack LV@{1}	Double Attack LV@{1}
10800000241	Two-Handed Training LV@{1}	Two-Handed Training LV@{1}
10800000242	^{1}Elemental Arrow Boost^{2}	^{1}Elemental Arrow Boost^{2}
10800000243	^{1}Fixed CT^{2}	^{1}Fixed CT^{2}
10800000244	^{1}Elemental Pursuit^{2}	^{1}Elemental Pursuit^{2}
10800000245	^{1}Elemental Shock^{2}	^{1}Elemental Shock^{2}
10800000246	^{1}Beginner Mana Rune^{2}	^{1}Beginner Mana Rune^{2}
10800000247	^{1}Beginner Spell Calibration^{2}	^{1}Beginner Spell Calibration^{2}
10800000248	^{1}Spell Lock^{2}	^{1}Spell Lock^{2}
10800000249	^{1}Flame Enhance^{2}	^{1}Flame Enhance^{2}
10800000250	^{1}Flame Chain^{2}	^{1}Flame Chain^{2}
10800000251	^{1}Fireball Burst^{2}	^{1}Fireball Burst^{2}
10800000252	^{1}Ice and Thunder Mastery^{2}	^{1}Ice and Thunder Mastery^{2}
10800000253	^{1}Ice Spike^{2}	^{1}Ice Spike^{2}
10800000254	^{1}Heaven's Thunder^{2}	^{1}Heaven's Thunder^{2}
10800000255	^{1}Earthfire Mark^{2}	^{1}Earthfire Mark^{2}
10800000256	^{1}Flame Eruption^{2}	^{1}Flame Eruption^{2}
10800000257	^{1}Ember Zone^{2}	^{1}Ember Zone^{2}
10800000258	^{1}Ice and Thunder Mark^{2}	^{1}Ice and Thunder Mark^{2}
10800000259	^{1}Frost Eruption^{2}	^{1}Frost Eruption^{2}
10800000260	^{1}Thunder Shockwave^{2}	^{1}Thunder Shockwave^{2}
10800000261	^{1}Arcane Mastery^{2}	^{1}Arcane Mastery^{2}
10800000262	^{1}Magic Cannon^{2}	^{1}Magic Cannon^{2}
10800000263	^{1}Psychic Shockwave^{2}	^{1}Psychic Shockwave^{2}
10800000264	^{1}Elemental Primer^{2}	^{1}Elemental Primer^{2}
10800000265	^{1}Soul Reaper^{2}	^{1}Soul Reaper^{2}
10800000266	^{1}Arcane Studies^{2}	^{1}Arcane Studies^{2}
10800000267	^{1}Gravity Enhance^{2}	^{1}Gravity Enhance^{2}
10800000268	^{1}Spatial Distortion^{2}	^{1}Spatial Distortion^{2}
10800000269	^{1}Gravity Trap^{2}	^{1}Gravity Trap^{2}
10800000270	^{1}Intermediate Mana Rune^{2}	^{1}Intermediate Mana Rune^{2}
10800000271	^{1}Magic Cannon Calibration^{2}	^{1}Magic Cannon Calibration^{2}
10800000272	^{1}Mana Infusion^{2}	^{1}Mana Infusion^{2}
10570100000	Base Level reaches ${1}	Base Level reaches ${1}
10570100001	Requires the ${1} class	Requires the ${1} class
10570100002	Status requirements not met	Status requirements not met
10570100003	Clear Floor ${1} of the Spirit Tower	Clear Floor ${1} of the Spirit Tower
10570100004	${1} class tier; text corresponds to enum table @{1}	${1} class tier; text corresponds to enum table @{1}
10570100005	Requires the specified number of items.	Requires the specified number of items.
10570100006	Complete ${1} quests	Complete ${1} quests
10570100007	${1}Faction	${1}Faction
10570100008	Corresponding Appearance not unlocked	Corresponding Appearance not unlocked
10570100009	This equipment is not currently equipped	This equipment is not currently equipped
10570100010	@{1}Firearms@{2}Vehicles	@{1}Firearms@{2}Vehicles
10570100011	Challenge opens on ${1}/${2} at ${3}	Challenge opens on ${1}/${2} at ${3}
10570100012	Day ${1} After Server Launch	Day ${1} After Server Launch
10570100013	Day ${2} of Week ${1} Since Server Launch	Day ${2} of Week ${1} Since Server Launch
10570100014	World Level reaches Lv. ${1}	World Level reaches Lv. ${1}
10570100015	Day ${2} After the Entire Server's First Clear of the 10-Player Raid ${1}	Day ${2} After the Entire Server's First Clear of the 10-Player Raid ${1}
10570100016	Week ${2}, Day ${3} after the Entire Server First Clear of 10-Player Dungeon ${1}	Week ${2}, Day ${3} after the Entire Server First Clear of 10-Player Dungeon ${1}
10570100017	Check the number of different classes in the party	Check the number of different classes in the party
10570100018	Check the number of party members with the same class	Check the number of party members with the same class
10570100019	Go to the designated area in ${1}	Go to the designated area in ${1}
10570100020	Complete Quest ${1}	Complete Quest ${1}
10570100021	Your party must include at least ${1} Guild Members from the same guild.	Your party must include at least ${1} Guild Members from the same guild.
10570100022	Participate in the Guild Bonfire at least ${1} times	Participate in the Guild Bonfire at least ${1} times
10570100023	Participate in Guild GvE ${1} times	Participate in Guild GvE ${1} times
10570100024	Guild League participation count must reach ${1}	Guild League participation count must reach ${1}
10570100025	Participate in Guild Siege ${1} times	Participate in Guild Siege ${1} times
10570100026	Guild Territory War participation count must reach ${1}.	Guild Territory War participation count must reach ${1}.
10570100027	Guild Siege score must reach ${1} points	Guild Siege score must reach ${1} points
10570100028	The Adventurer's Guild must have at least ${1} Members	The Adventurer's Guild must have at least ${1} Members
10570100029	Adventure Group must reach Lv. ${1}	Adventure Group must reach Lv. ${1}
10570100030	Kill ${1} monsters of the corresponding level	Kill ${1} monsters of the corresponding level
10570100031	Friendship must reach ${1}	Friendship must reach ${1}
10570100032	Reach Friendship Lv. ${1} with any friend	Reach Friendship Lv. ${1} with any friend
10570100033	Reach Friendship Lv. ${2} with any ${1} friends	Reach Friendship Lv. ${2} with any ${1} friends
10570100034	${1}${2} Unlocked	${1}${2} Unlocked
10570100035	Clear 【${1}】 difficulty	Clear 【${1}】 difficulty
10570100036	Must be in the designated area	Must be in the designated area
10570100037	[Battle Royale] Check Whether the ID Tag Belongs to a Teammate	[Battle Royale] Check Whether the ID Tag Belongs to a Teammate
10570100038	Whether the player is currently the Party Leader	Whether the player is currently the Party Leader
10570100039	Whether the current dungeon has a subsequent dungeon in the challenge sequence	Whether the current dungeon has a subsequent dungeon in the challenge sequence
10570100040	Check Party Members' Connect Relationships	Check Party Members' Connect Relationships
10570100041	Check the remaining time until the dungeon boss enrages	Check the remaining time until the dungeon boss enrages
10570100042	Check the number of Revives remaining after clearing the dungeon	Check the number of Revives remaining after clearing the dungeon
10570100043	All Final Trial objectives must be completed	All Final Trial objectives must be completed
10570100044	Event Not Available	Event Not Available
10570100045	Event has been available longer than the time limit	Event has been available longer than the time limit
10570100046	Invalid Ritual status	Invalid Ritual status
10570100047	Invalid identity	Invalid identity
10570100048	Appearance mismatch	Appearance mismatch
10570100049	You're not a Lucky Star	You're not a Lucky Star
10570100050	Not enough Revives remaining in the dungeon	Not enough Revives remaining in the dungeon
10570100051	Available for purchase at position ${1} or above	Available for purchase at position ${1} or above
10570100052	Can be unlocked at ${1} Lv. ${2} or above	Can be unlocked at ${1} Lv. ${2} or above
10570100053	Did not participate in the current guild event	Did not participate in the current guild event
10570100054	Guild Auction locked	Guild Auction locked
10570100055	Permanent	Permanent
10570100056	Guild Verification Passed	Guild Verification Passed
10570100057	Limited to the ${1} scenario	Limited to the ${1} scenario
10570100058	Available after the ${1} scenario	Available after the ${1} scenario
10570100059	Available starting in Phase ${1}	Available starting in Phase ${1}
10570100060	Conqueror Exclusive	Conqueror Exclusive
10570100061	Royal Capital Exclusive	Royal Capital Exclusive
10570100062	Requires ${1} class level ${2}	Requires ${1} class level ${2}
10570100063	Requires the ${2} professional title	Requires the ${2} professional title
10570100064	${1} is full!	${1} is full!
10570100065	No corresponding skill!	No corresponding skill!
10570100066	Interaction is currently unavailable	Interaction is currently unavailable
10570100067	Locked	Locked
10570100068	Not at the Bonfire Party!	Not at the Bonfire Party!
10570100069	Requirements not met	Requirements not met
10570100070	Not Yet Available (Deprecated)	Not Yet Available (Deprecated)
10570100071	Clear Valhalla ${1}	Clear Valhalla ${1}
10570100072	Not currently on this screen	Not currently on this screen
10570100073	Not enough Soul Echoes Deployed	Not enough Soul Echoes Deployed
10630000024	？？？.	？？？.
61000	${1}'s ${2}	${1}'s ${2}
61046	Mount	Mount
61050	Swordsman	Swordsman
61051	Hunter	Hunter
61052	Acolyte	Acolyte
61053	Mage	Mage
61054	Thief	Thief
61055	Merchant	Merchant
61118	P1	P1
61119	P2	P2
61120	P3	P3
61142	A	A
61143	B	B
61144	C	C
61145	D	D
61146	E	E
61147	F	F
61189	<color=#ff7d63>${1}</color>	<color=#ff7d63>${1}</color>
61190	<color=#4cafff>${1}</color>	<color=#4cafff>${1}</color>
1110001	Participate in Guild activities and make a Donation of supplies to repel the invasion.	Participate in Guild activities and make a Donation of supplies to repel the invasion.
1110002	Time Until Next Invasion:	Time Until Next Invasion:
1110003	Goddess Invasion in Progress:	Goddess Invasion in Progress:
1110004	${1}d ${2}h	${1}d ${2}h
1110005	${1}d ${2}h	${1}d ${2}h
1110006	Invasion Intensity:	Invasion Intensity:
1110007	${1}	${1}
1110008	MAX	MAX
1110009	Unable to make a Donation.	Unable to make a Donation.
1110010	Not enough supplies.	Not enough supplies.
1110011	Successful	Successful
1110012	You've reached today's Donation limit.	You've reached today's Donation limit.
1110013	Please join a guild first	Please join a guild first
1110014	Invasion Intensity: ${1}	Invasion Intensity: ${1}
1110015	Resistance Intensity: ${1}	Resistance Intensity: ${1}
1110016	Garrison	Garrison
1110017	Withdraw Garrison	Withdraw Garrison
1110018	Go to the region 【${1}】?	Go to the region 【${1}】?
1110019	Garrison your Guild's forces in the region 【${1}】?	Garrison your Guild's forces in the region 【${1}】?
1110020	Garrisoned Guild: ${1}	Garrisoned Guild: ${1}
1110021	No Guild garrisoned.	No Guild garrisoned.
1110022	No Guild ranked.	No Guild ranked.
1110023	Unranked	Unranked
1110024	Your Guild's forces are currently garrisoned in 【${1}】. Redeploy them to 【${2}】?	Your Guild's forces are currently garrisoned in 【${1}】. Redeploy them to 【${2}】?
1110025	Donation	Donation
1110026	Guild Readiness has increased to Lv. 【${1}】.	Guild Readiness has increased to Lv. 【${1}】.
10000200000	UI_Sys_Card_@{1}.prefab	UI_Sys_Card_@{1}.prefab
10110300508	Bobo deals Physical ATK*^{1} to the designated ST enemy within ${1} meters.	Bobo deals Physical ATK*^{1} to the designated ST enemy within ${1} meters.
10060100000	Acolyte	Acolyte
10060100001	Priest	Priest
10060100002	Monk	Monk
10060100003	High Priest	High Priest
10060100004	Archbishop	Archbishop
10060100005	Merchant	Merchant
10060100006	Blacksmith	Blacksmith
10060100007	Mastersmith	Mastersmith
10060100008	Mechanic	Mechanic
10060100009	Crusader	Crusader
10060100010	Paladin	Paladin
10060100011	Royal Guard	Royal Guard
10060100012	Archer	Archer
10060100013	Hunter	Hunter
10060100014	Bard	Bard
10060100015	Dancer	Dancer
10060100016	Sniper	Sniper
10060100017	Ranger	Ranger
10060100018	Novice	Novice
10060100019	Swordsman	Swordsman
10060100020	Knight	Knight
10060100021	Lord Knight	Lord Knight
10060100022	Rune Knight	Rune Knight
10060100023	Thief	Thief
10060100024	Assassin	Assassin
10060100025	Rogue	Rogue
10060100026	Assassin Cross	Assassin Cross
10060100027	Guillotine Cross	Guillotine Cross
10060100028	Mage	Mage
10060100029	Wizard	Wizard
10060100030	Sage	Sage
10060100031	High Wizard	High Wizard
10060100032	Warlock	Warlock
62056	Peak Season	Peak Season
62059	UID：${1}	UID：${1}
62060	Base	Base
62061	Job	Job
62074	${1}/${2}	${1}/${2}
62084	<color=#887968>${1}</color>/${2}	<color=#887968>${1}</color>/${2}
62098	${1}	${1}
10110301061	Plant timed Dynamite on a designated ST enemy within ${1} meters. After ${2} seconds, deal Physical ATK * ^{1}${5}%^{2} Poison ranged Physical damage that ignores FLEE to the designated enemy and up to ${4} other enemies within a ${3}-meter radius, and inflict 【^{3}^{4}【Poisoned】^{5}^{6} damage on the target.	Plant timed Dynamite on a designated ST enemy within ${1} meters. After ${2} seconds, deal Physical ATK * ^{1}${5}%^{2} Poison ranged Physical damage that ignores FLEE to the designated enemy and up to ${4} other enemies within a ${3}-meter radius, and inflict 【^{3}^{4}【Poisoned】^{5}^{6} damage on the target.
1111001	Novice Monthly Pass	Novice Monthly Pass
1111002	Purchase <color=#fe993f>30</color> days at once to receive:	Purchase <color=#fe993f>30</color> days at once to receive:
1111003	Total Rewards over 30 Days	Total Rewards over 30 Days
1111004	Immediately Obtain	Immediately Obtain
1111005	Rebate	Rebate
1111006	¥	¥
1111007	$	$
1111008	Quick Buy	Quick Buy
1111009	<color=#fe993f>${1}</color> days remaining	<color=#fe993f>${1}</color> days remaining
1111010	<color=#DD563F>${1}</color> days remaining	<color=#DD563F>${1}</color> days remaining
1111011	Claim Daily	Claim Daily
1111012	Reapplying the Monthly Pass will extend it by 30 days. Reapply?	Reapplying the Monthly Pass will extend it by 30 days. Reapply?
1111013	You've reached the stockpiling limit for the Standard Monthly Pass and cannot purchase more.	You've reached the stockpiling limit for the Standard Monthly Pass and cannot purchase more.
1111014	Standard Monthly Pass	Standard Monthly Pass
1111015	Premium Monthly Pass	Premium Monthly Pass
1111016	1200%	1200%
1111017	2500%	2500%
1111018	x1050	x1050
1111019	x3000	x3000
1111020	x4050	x4050
1111021	Reapply	Reapply
1111022	You've reached the stockpiling limit for the Premium Monthly Pass and cannot purchase more.	You've reached the stockpiling limit for the Premium Monthly Pass and cannot purchase more.
1111023	You've reached the stockpiling limit for both the Standard and Premium Monthly Passes and cannot purchase more.	You've reached the stockpiling limit for both the Standard and Premium Monthly Passes and cannot purchase more.
13250000000	Research on Thought Particles	Research on Thought Particles
1111201	Event ends in ${1}	Event ends in ${1}
1111202	Chronicle Level	Chronicle Level
1111203	Purchase Levels	Purchase Levels
1111204	Gift to a Friend	Gift to a Friend
1111205	Premium Benefits	Premium Benefits
1111206	Claim All	Claim All
1111207	Unlock Pass	Unlock Pass
1111208	Unlock to Receive Immediately:	Unlock to Receive Immediately:
1111209	Purchase Pass Levels	Purchase Pass Levels
1111210	Reach Lv. ${1} to immediately receive <color=#ff993f>${2}</color> rewards	Reach Lv. ${1} to immediately receive <color=#ff993f>${2}</color> rewards
1111211	Unlock the [Premium Pass] to receive <color=#ff993f>${1}</color> more rewards	Unlock the [Premium Pass] to receive <color=#ff993f>${1}</color> more rewards
1111212	Buy	Buy
1111213	Unlock	Unlock
1111214	Unlock the following rewards as you level up	Unlock the following rewards as you level up
1111215	Purchase Premium Pass	Purchase Premium Pass
1111216	Immediately receive the following <color=#fbcd7e>powerful perks</color>	Immediately receive the following <color=#fbcd7e>powerful perks</color>
1111217	Unlock the following <color=#fbcd7e>premium rewards</color> as you level up	Unlock the following <color=#fbcd7e>premium rewards</color> as you level up
1111218	Return Rate <size=#36>${1}</size>  %	Return Rate <size=#36>${1}</size>  %
1111219	¥${1}	¥${1}
1111220	Congrats on Obtaining the following rewards	Congrats on Obtaining the following rewards
1111221	Unlock the Premium Pass to also receive immediately	Unlock the Premium Pass to also receive immediately
1111222	Unlock Premium Pass	Unlock Premium Pass
1111223	Gift a Pass	Gift a Pass
1111224	Gift	Gift
1111225	Gift to: <color=#ff993f>${1}</color>	Gift to: <color=#ff993f>${1}</color>
1111226	This is for you. No need to thank me!	This is for you. No need to thank me!
1111227	This is for you. No need to thank me 2!	This is for you. No need to thank me 2!
1111228	This is for you. No need to thank me 3!	This is for you. No need to thank me 3!
1111229	Gift	Gift
1111230	Switch Gift Message	Switch Gift Message
1111231	Premium Pass Lv. ${1} Rewards	Premium Pass Lv. ${1} Rewards
1111232	Purchased	Purchased
1111233	The recipient already has the Pass.	The recipient already has the Pass.
1111234	Not enough ${1}. Please purchase more.	Not enough ${1}. Please purchase more.
1111235	Gift	Gift
1111236	Gladly accepted!	Gladly accepted!
1111237	Remaining <color=#DD563F>${1}</color>	Remaining <color=#DD563F>${1}</color>
10480000133	One-Year Promise	One-Year Promise
10480000132	Six Months Together	Six Months Together
10480000131	Four-Month Flourish	Four-Month Flourish
10480000130	One Season Together	One Season Together
10480000129	Two Months Together	Two Months Together
10480000128	One-Month Milestone	One-Month Milestone
10480000127	Two Weeks Together	Two Weeks Together
10480000126	Seven-Day Promise	Seven-Day Promise
10480000125	New Arrival	New Arrival
10480000124	Third Class Advancement	Third Class Advancement
10480000123	Trans. 2nd	Trans. 2nd
10480000122	Second Job Change	Second Job Change
10480000121	1st Job Advance	1st Job Advance
10480000120	Dressed to Impress	Dressed to Impress
10480000119	Dazzling Accessory Collection	Dazzling Accessory Collection
10480000118	Accessory Mastery	Accessory Mastery
10480000117	Growing Accessory Collection	Growing Accessory Collection
10480000116	Accessory Adept	Accessory Adept
10480000115	First Accessory	First Accessory
10480000114	Five Mounts	Five Mounts
10480000113	Three Mounts	Three Mounts
10480000112	First Mount	First Mount
10480000111	Five Costumes	Five Costumes
10480000110	Three Costumes	Three Costumes
10480000109	First Costume	First Costume
10480000108	Unlock · Solar Chariot	Unlock · Solar Chariot
10480000107	Unlock · Orchid Waterside Pavilion	Unlock · Orchid Waterside Pavilion
10480000106	Unlock · Lord of the Starry Firmament	Unlock · Lord of the Starry Firmament
10480000105	Unlock · Silverwing Covenant	Unlock · Silverwing Covenant
10480000104	Unlock · Nine-Tone Mantra	Unlock · Nine-Tone Mantra
10480000103	Unlock · Worldscorch Feather	Unlock · Worldscorch Feather
10480000102	Fashion Legend	Fashion Legend
10480000101	Fashion Leader	Fashion Leader
10480000100	Fashion Vanguard	Fashion Vanguard
10480000099	Fashionista	Fashionista
10480000098	Fashion Rookie	Fashion Rookie
10480000097	Fashion Beginner	Fashion Beginner
10480000096	Tavern Legend	Tavern Legend
10480000095	Wine and Tales	Wine and Tales
10480000094	A Drink for a Story	A Drink for a Story
10480000093	Wine Connoisseur	Wine Connoisseur
10480000092	Savor the Wine	Savor the Wine
10480000091	A Nose for Wine	A Nose for Wine
10480000090	A Friendship Set in Stone	A Friendship Set in Stone
10480000089	Kindred Spirits	Kindred Spirits
10480000088	Inseparable	Inseparable
10480000087	Kindred Spirits	Kindred Spirits
10480000086	Laughing Together	Laughing Together
10480000085	A New Friendship	A New Friendship
10480000084	Friends Far and Wide	Friends Far and Wide
10480000083	A Gathering of Friends	A Gathering of Friends
10480000082	League of Ten Friends	League of Ten Friends
10480000081	A Few Close Friends	A Few Close Friends
10480000080	Old Friends	Old Friends
10480000079	First Major Responsibility	First Major Responsibility
10480000078	United We Stand	United We Stand
10480000077	Defeat Mirko · Hard	Defeat Mirko · Hard
10480000076	Defeat Ilmo · Hard	Defeat Ilmo · Hard
10480000075	Defeat Nasha · Hard	Defeat Nasha · Hard
10480000074	Defeat Isti · Hard	Defeat Isti · Hard
10480000073	Defeat Mirko	Defeat Mirko
10480000072	Defeat Ilmo	Defeat Ilmo
10480000071	Defeat Nasha	Defeat Nasha
10480000070	Defeat Isti	Defeat Isti
10480000069	Clear the Dark Domain	Clear the Dark Domain
10480000068	Clear the Forbidden Wilds	Clear the Forbidden Wilds
10480000067	Clear the Savage Hinterlands	Clear the Savage Hinterlands
10480000066	Clear the Dark Land	Clear the Dark Land
10480000065	Clear the Natural Land	Clear the Natural Land
10480000064	Clear the Wildlands	Clear the Wildlands
10480000063	Spirit Tower Pinnacle	Spirit Tower Pinnacle
10480000062	Spirit Tower Legend	Spirit Tower Legend
10480000061	Spirit Tower Champion	Spirit Tower Champion
10480000060	Spirit Tower Adept	Spirit Tower Adept
10480000059	Spirit Tower Debut	Spirit Tower Debut
10480000058	MVP Terminator	MVP Terminator
10480000057	MVP Nemesis	MVP Nemesis
10480000056	MVP Regular	MVP Regular
10480000055	MVP Hunter	MVP Hunter
10480000054	First MVP Defeat	First MVP Defeat
10480000053	Hatch Egg Maniac	Hatch Egg Maniac
10480000052	100 Eggs Hatched	100 Eggs Hatched
10480000051	50 Eggs Hatched	50 Eggs Hatched
10480000050	First Hatch Egg	First Hatch Egg
10480000049	Nine S-Rank Pets	Nine S-Rank Pets
10480000048	Four S-Rank Pets	Four S-Rank Pets
10480000047	First S-Rank Pet	First S-Rank Pet
10480000046	Pet Expert	Pet Expert
10480000045	A Pack of 20	A Pack of 20
10480000044	A Home for 10 Pets	A Home for 10 Pets
10480000043	5 Pets at Your Side	5 Pets at Your Side
10480000042	First Companion	First Companion
10480000041	Two Spirits in Harmony	Two Spirits in Harmony
10480000040	One-Spirit Resonance	One-Spirit Resonance
10480000039	Echoes Assembled	Echoes Assembled
10480000038	First Talent Loadout	First Talent Loadout
10480000037	Talent Mastery	Talent Mastery
10480000036	Talent Training	Talent Training
10480000035	Talent Awakened	Talent Awakened
10480000034	Max Stars Achieved	Max Stars Achieved
10480000033	Another Star Upgrade	Another Star Upgrade
10480000032	First Star Upgrade	First Star Upgrade
10480000031	Card Synergy	Card Synergy
10480000030	Card Chorus	Card Chorus
10480000029	Try a Card	Try a Card
10480000028	First MVP	First MVP
10480000027	Illusion Arrives	Illusion Arrives
10480000026	First Purple Card	First Purple Card
10480000025	1,000-Card Legend	1,000-Card Legend
10480000024	100-Card Collection	100-Card Collection
10480000023	50-Card Collection	50-Card Collection
10480000022	A Small Haul: 10 Cards	A Small Haul: 10 Cards
10480000021	First Card	First Card
10480000020	Refine: Legend	Refine: Legend
10480000019	Refine: Pinnacle	Refine: Pinnacle
10480000018	Refine: Expert	Refine: Expert
10480000017	Refine: Advanced	Refine: Advanced
10480000016	Refine: Apprentice	Refine: Apprentice
10480000015	Refine: First Steps	Refine: First Steps
10480000014	Eye of Discernment	Eye of Discernment
10480000013	A Keen Eye	A Keen Eye
10480000012	Appraisal Basics	Appraisal Basics
10480000011	Eye of Wisdom: Skills	Eye of Wisdom: Skills
10480000010	First Rare Items	First Rare Items
10480000009	Craft Grandmaster	Craft Grandmaster
10480000008	Practice Makes Perfect	Practice Makes Perfect
10480000007	Crafting Basics	Crafting Basics
10480000006	Legendary Red Gear	Legendary Red Gear
10480000005	First Illusion	First Illusion
10480000004	First Touch of Purple	First Touch of Purple
10480000003	Crimson Legend	Crimson Legend
10480000002	Illusion's Radiance	Illusion's Radiance
10480000001	Purple Radiance	Purple Radiance
10480000000	Blue Gear Collection	Blue Gear Collection
10470000855	Hollgrehenn	Hollgrehenn
10470000854	Archer Mentor	Archer Mentor
10470000853	Mage Mentor	Mage Mentor
10470000852	Swordsman Mentor	Swordsman Mentor
10470000851	Acolyte Mentor	Acolyte Mentor
10470000850	Merchant Mentor	Merchant Mentor
10470000849	Thief Mentor	Thief Mentor
10470000848	Masked Girl	Masked Girl
10470000847	Tough-Looking Woman	Tough-Looking Woman
10470000846	Kind Girl	Kind Girl
10470000845	General	General
10470000844	Stylist	Stylist
10470000843	Amatsu Guide	Amatsu Guide
10470000842	Amatsu Boy	Amatsu Boy
10470000841	Malaya Girl	Malaya Girl
10470000840	Kunlun Boy	Kunlun Boy
10470000839	Kunlun Girl	Kunlun Girl
10470000838	Dewata Man	Dewata Man
10470000837	Malaya Woman	Malaya Woman
10470000836	Malaya Man	Malaya Man
10470000835	Jati Man	Jati Man
10470000834	Kates	Kates
10470000833	Assassin Mentor	Assassin Mentor
10470000832	Lord of Amatsu	Lord of Amatsu
10470000831	Muay Thai Man	Muay Thai Man
10470000830	Dewata Woman	Dewata Woman
10470000829	Aikuni	Aikuni
10470000828	Alphonse	Alphonse
10470000827	Vendor	Vendor
10470000826	Mei Mei	Mei Mei
10470000825	Alien	Alien
10470000824	Customer	Customer
10470000789	Dancer	Dancer
10470000788	Karu	Karu
10470000787	Mengmeng	Mengmeng
10470000786	Arunafeltz's Follower	Arunafeltz's Follower
10470000785	Puppy	Puppy
10470000784	Nun	Nun
10470000783	Zalab	Zalab
10470000782	Novice	Novice
10470000781	Girl	Girl
10470000780	Shop Clerk	Shop Clerk
10470000779	Shanshan	Shanshan
10470000778	Ziqian	Ziqian
10470000777	Jade	Jade
10470000776	Biko	Biko
10470000775	Chungwolmang	Chungwolmang
10470000774	Guard	Guard
10470000773	Keni	Keni
10470000772	Singer	Singer
10470000771	Granny Broom	Granny Broom
10470000770	Geho	Geho
10470000769	Eerie Man	Eerie Man
10470000768	Strong Man	Strong Man
10460000001	Goodbye, imitators! Only the real RO can fight!	Goodbye, imitators! Only the real RO can fight!
10460000000	Welcome to RO Ragnarok Online @{1}!	Welcome to RO Ragnarok Online @{1}!
10420100003	Very Inactive	Very Inactive
10420100002	Active	Active
10420100001	Moderately Active	Moderately Active
10420100000	Very Active	Very Active
10400400006	Participate in one Guild League and earn more than ^{1}@{1}^{2} individual points.	Participate in one Guild League and earn more than ^{1}@{1}^{2} individual points.
10400400005	Participate in one Guild Bonfire Party.	Participate in one Guild Bonfire Party.
10400400004	Complete the Battle of Dragon Coffin Island once with ^{1}@{1} Member(s)^{2} from your guild	Complete the Battle of Dragon Coffin Island once with ^{1}@{1} Member(s)^{2} from your guild
10400400003	Complete one Kafra: Battle of the Survivors with ^{1}@{1} Guild Members^{2}.	Complete one Kafra: Battle of the Survivors with ^{1}@{1} Guild Members^{2}.
10400400002	Clear any Realm of the Gods Dungeon with ^{1}@{1} Guild Members^{2} from your guild.	Clear any Realm of the Gods Dungeon with ^{1}@{1} Guild Members^{2} from your guild.
10400400001	Clear any Phantom Realm dungeon with ^{1}@{1} Guild Members^{2}.	Clear any Phantom Realm dungeon with ^{1}@{1} Guild Members^{2}.
10400400000	Dispatch the Royal Caravan once.	Dispatch the Royal Caravan once.
63002	Kafra - Battle of the Survivors	Kafra - Battle of the Survivors
63070	Novice	Novice
63075	Kafra: Survivor Battle	Kafra: Survivor Battle
63122	MVP	MVP
63124	NPC	NPC
63193	【${1} Ten Thousand】	【${1} Ten Thousand】
63194	【${1} Hundred Million】	【${1} Hundred Million】
63211	<color=#BD9932>${1}</color>/${2}	<color=#BD9932>${1}</color>/${2}
63218	<#62af5e>${1}</color>	<#62af5e>${1}</color>
63223	Kafra: Battle of Survivors  ${1}	Kafra: Battle of Survivors  ${1}
63240	<color=#594E3D>${1}</color>/${2}	<color=#594E3D>${1}</color>/${2}
63241	${1}/${2}	${1}/${2}
260000	Join Adventure Guild	Join Adventure Guild
260001	Support Adventure Guild	Support Adventure Guild
260002	Create Adventure Guild	Create Adventure Guild
260003	Enter an Adventure Guild name	Enter an Adventure Guild name
260004	Member Limit: ${1}	Member Limit: ${1}
260005	Current Preference: ${1}	Current Preference: ${1}
260006	No Approval Required	No Approval Required
260007	Approval Required	Approval Required
260008	Request to Join	Request to Join
260009	Max Adventure Guild applications: <color=${3}>${1}</color>/${2}	Max Adventure Guild applications: <color=${3}>${1}</color>/${2}
260010	LV.${1}	LV.${1}
260011	View Declaration	View Declaration
260012	Cancel Application	Cancel Application
260013	Support Time Remaining:	Support Time Remaining:
260014	Apply to Support	Apply to Support
260015	Cancel Support Application	Cancel Support Application
260016	Max support applications: <color=${3}>${1}</color>/${2}	Max support applications: <color=${3}>${1}</color>/${2}
260017	Withdraw Support	Withdraw Support
260018	Remind to Create	Remind to Create
260019	Cancel Support Application	Cancel Support Application
260020	Cancel Recruitment	Cancel Recruitment
260021	Establish Adventure Guild	Establish Adventure Guild
260022	Preview	Preview
260023	Profile Card Style	Profile Card Style
260024	Enter an Adventure Guild name	Enter an Adventure Guild name
260025	Enter the Adventure Guild recruitment declaration	Enter the Adventure Guild recruitment declaration
260026	Select Adventure Guild tags (up to six)	Select Adventure Guild tags (up to six)
260027	Complete Creation	Complete Creation
260028	After requesting support, you need at least 3 supporting Members before you can create an Adventure Guild	After requesting support, you need at least 3 supporting Members before you can create an Adventure Guild
260029	All team Members present when the Adventure Guild is created will become official Members. Anyone outside the team cannot join during creation.	All team Members present when the Adventure Guild is created will become official Members. Anyone outside the team cannot join during creation.
260030	If the Adventure Guild creation process is not started within the support period, the support group will automatically disband	If the Adventure Guild creation process is not started within the support period, the support group will automatically disband
260031	Automatically Approve Support Requests	Automatically Approve Support Requests
260032	Responding Members (${1}/${2})	Responding Members (${1}/${2})
260033	Request List	Request List
260034	Disband Adventure Group	Disband Adventure Group
260035	Profile	Profile
260036	Invite to Party	Invite to Party
260037	Remove from Adventure Group	Remove from Adventure Group
260038	Transfer Leadership	Transfer Leadership
260039	Recruitment Time Remaining:	Recruitment Time Remaining:
260040	Disband Adventure Group	Disband Adventure Group
260041	Establish Adventure Guild	Establish Adventure Guild
260042	Cancel Changes	Cancel Changes
260043	Save edits	Save edits
260044	Create Adventure Guild	Create Adventure Guild
260045	Enter an Adventure Guild name	Enter an Adventure Guild name
260046	Enter Text	Enter Text
260047	Create Adventure Guild	Create Adventure Guild
260048	Cancel Creation	Cancel Creation
260049	Confirm Travel	Confirm Travel
260050	Adventure Group Oath	Adventure Group Oath
260051	Please choose an oath method	Please choose an oath method
260052	Tap the left side to record your oath	Tap the left side to record your oath
260053	(Voice recordings can be up to 15 seconds long)	(Voice recordings can be up to 15 seconds long)
260054	(Tap the left side again to stop recording)	(Tap the left side again to stop recording)
260055	Tap the right side to enter your oath	Tap the right side to enter your oath
260056	Confirm Oath	Confirm Oath
260057	Tap to close	Tap to close
260058	Adventure Group Established	Adventure Group Established
260059	Hang	Hang
260060	Watering	Watering
260061	View	View
260062	Adventure Group Evergreen	Adventure Group Evergreen
260063	Care List	Care List
260064	Sapling Status	Sapling Status
260065	Achieved	Achieved
260066	Achieved at ${1} Growth	Achieved at ${1} Growth
260067	Show	Show
260068	Hide	Hide
260069	This Week's Limit: ${1}/${2}	This Week's Limit: ${1}/${2}
260070	Obtained This Week: ${1}  ${2}/${3}	Obtained This Week: ${1}  ${2}/${3}
260071	Adventure Group Sapling	Adventure Group Sapling
260072	Waterings Today: ${1}/${2}	Waterings Today: ${1}/${2}
260073	Waterings: ${1}	Waterings: ${1}
260074	Group Chat	Group Chat
260075	Rally	Rally
260076	Connect Shop	Connect Shop
260077	Adventure Group Level Rewards	Adventure Group Level Rewards
260078	Adventure Group reaches Lv. ${1}/${2}	Adventure Group reaches Lv. ${1}/${2}
260079	Claim	Claim
260080	Claimed	Claimed
260081	Locked	Locked
260082	Quests	Quests
260083	Member	Member
260084	Notes	Notes
260085	Claim	Claim
260086	Go	Go
260087	Complete	Complete
260088	Leave Adventure Group	Leave Adventure Group
260089	Are you sure you want to leave the Adventure Group?	Are you sure you want to leave the Adventure Group?
260090	Profile	Profile
260091	Add Friend	Add Friend
260092	Invite to Party	Invite to Party
260093	Remove from Adventure Group	Remove from Adventure Group
260094	Are you sure you want to remove ${1} from the Adventure Group?	Are you sure you want to remove ${1} from the Adventure Group?
260095	Transfer Leadership	Transfer Leadership
260096	Are you sure you want to transfer leadership of the Adventure Group to ${1}?	Are you sure you want to transfer leadership of the Adventure Group to ${1}?
260097	Adventure Group Members (${1}/${2})	Adventure Group Members (${1}/${2})
260098	Request List	Request List
260099	Created on ${2}/${3}/${1}	Created on ${2}/${3}/${1}
260100	View Declaration	View Declaration
260101	Share Recruitment	Share Recruitment
260102	Edit message	Edit message
260103	Your current server, [${1}], differs from the Adventure Group's server, [${2}].	Your current server, [${1}], differs from the Adventure Group's server, [${2}].
260104	Please decide whether to transfer to the Adventure Group's server before ${1}.	Please decide whether to transfer to the Adventure Group's server before ${1}.
260105	Otherwise, you will automatically leave the Adventure Group when time runs out.	Otherwise, you will automatically leave the Adventure Group when time runs out.
260106	Close	Close
260107	Transfer Server	Transfer Server
260108	This Member is not on the Adventure Group's server. If they do not transfer to the Adventure Group's server before <color=#EB543A>${1}</color>, <color=#EB543A>they will automatically leave the Adventure Group</color>.	This Member is not on the Adventure Group's server. If they do not transfer to the Adventure Group's server before <color=#EB543A>${1}</color>, <color=#EB543A>they will automatically leave the Adventure Group</color>.
63604	Evil Eye Messenger	Evil Eye Messenger
63605	Traveling Merchant	Traveling Merchant
63606	Mysterious Cube	Mysterious Cube
63607	Pirate Treasure	Pirate Treasure
63608	Evil Eye Emissary	Evil Eye Emissary
63609	Evil Eye Emissary & Blessing of the Gods	Evil Eye Emissary & Blessing of the Gods
63610	Pirate Phantom	Pirate Phantom
11090000000	Poisoned	Poisoned
11090000001	Bleeding	Bleeding
11090000002	Burn	Burn
11090000003	Curse	Curse
11090000004	Blind	Blind
11090000005	Silence	Silence
11090000006	Fear	Fear
11090000007	Immobilize	Immobilize
11090000008	Frozen	Frozen
11090000009	Petrify	Petrify
11090000010	Paralyze	Paralyze
11090000011	Sleep	Sleep
11090000012	Stun	Stun
11090000013	Slow	Slow
11090000014	Damage Sharing	Damage Sharing
10340100028	Order Restored to All Cities	Order Restored to All Cities
10340100027	Primordial Chaos - Ilmata	Primordial Chaos - Ilmata
10340100026	God of Nature - Ilmata	God of Nature - Ilmata
10340100025	Proof of the Hunt · Executioner	Proof of the Hunt · Executioner
10340100024	Proof of the Hunt · Conqueror	Proof of the Hunt · Conqueror
10340100023	Proof of the Hunt · Pursuer	Proof of the Hunt · Pursuer
10340100022	Proof of the Hunt · Warden	Proof of the Hunt · Warden
10340100021	Fabre	Fabre
10340100020	Sohee	Sohee
10340100019	Roda Frog	Roda Frog
10340100018	Lunatic	Lunatic
10340100017	Deviling	Deviling
10340100016	Whisper	Whisper
10340100015	Muka	Muka
10340100014	Poring	Poring
10340100013	Star Crown Orbit	Star Crown Orbit
10340100012	Dark Crystal Orbit	Dark Crystal Orbit
10340100011	Frosty Sky Orbit	Frosty Sky Orbit
10340100010	Hunting Emblem · Executioner	Hunting Emblem · Executioner
10340100009	Hunting Emblem · Conqueror	Hunting Emblem · Conqueror
10340100008	Hunting Emblem · Pursuer	Hunting Emblem · Pursuer
10340100007	Hunting Emblem · Warden	Hunting Emblem · Warden
10340100006	Crimson-Black Orbit	Crimson-Black Orbit
10340100005	Crimson Flame Orbit	Crimson Flame Orbit
10340100004	Golden Orbit	Golden Orbit
10340100003	Blue Ocean Orbit	Blue Ocean Orbit
10340100002	Brown Sun Orbit	Brown Sun Orbit
10340100001	Violet Moon Orbit	Violet Moon Orbit
10340100000	Gray Star Orbit	Gray Star Orbit
10340000006	Default guild emblem design	Default guild emblem design
10340000005	Unlocked when the guild occupies a provincial capital stronghold in Territory War.\n(The item will be sent to the Guild Leader's mail after occupation. Use it to unlock this.)	Unlocked when the guild occupies a provincial capital stronghold in Territory War.\n(The item will be sent to the Guild Leader's mail after occupation. Use it to unlock this.)
10340000004	Unlocked when the guild clears the Nature God Ilmata event on Hard difficulty.\n(The item will be sent to the Guild Leader's mail upon completion. Use it to unlock this.)	Unlocked when the guild clears the Nature God Ilmata event on Hard difficulty.\n(The item will be sent to the Guild Leader's mail upon completion. Use it to unlock this.)
10340000003	Unlocked when the guild clears the Nature God Ilmata event on Medium difficulty.\n(The item will be sent to the Guild Leader's mail upon completion. Use it to unlock this.)	Unlocked when the guild clears the Nature God Ilmata event on Medium difficulty.\n(The item will be sent to the Guild Leader's mail upon completion. Use it to unlock this.)
10340000002	Unlocked by ranking No. @{1} on the Entire Server in the Hunting Challenge.\n(After clearing the Challenge, the item will be sent to the Guild Master's mail. Use it to unlock this.)	Unlocked by ranking No. @{1} on the Entire Server in the Hunting Challenge.\n(After clearing the Challenge, the item will be sent to the Guild Master's mail. Use it to unlock this.)
10340000001	Unlocked by ranking between @{1} and @{2} on the Entire Server in the Hunting Challenge.\n(After clearing the Challenge, the item will be sent to the Guild Master's mail. Use it to unlock this.)	Unlocked by ranking between @{1} and @{2} on the Entire Server in the Hunting Challenge.\n(After clearing the Challenge, the item will be sent to the Guild Master's mail. Use it to unlock this.)
10340000000	Default guild emblem background frame	Default guild emblem background frame
10310100002	Spring Blossom Cart	Spring Blossom Cart
10310100001	Birchwood Cart	Birchwood Cart
10310100000	Cart Merchant	Cart Merchant
10270000028	Tier Two	Tier Two
10270000027	Tier One	Tier One
10270000026	Red	Red
10270000025	Orange	Orange
10270000024	Purple	Purple
10270000023	Blue	Blue
10270000022	Green	Green
10270000021	White	White
10270000020	Accessory	Accessory
10270000019	Shoes	Shoes
10270000018	Cloak	Cloak
10270000017	Clothes	Clothes
10270000016	Shield	Shield
10270000015	Whip	Whip
10270000014	Musical Instrument	Musical Instrument
10270000013	Book	Book
10270000012	Knuckles	Knuckles
10270000011	Katar	Katar
10270000010	Bow	Bow
10270000009	Staff	Staff
10270000008	Wand	Wand
10270000007	Mace	Mace
10270000006	Two-Handed Axe	Two-Handed Axe
10270000005	One-Handed Axe	One-Handed Axe
10270000004	Two-Handed Spear	Two-Handed Spear
10270000003	One-Handed Spear	One-Handed Spear
10270000002	Two-Handed Sword	Two-Handed Sword
10270000001	One-Handed Sword	One-Handed Sword
10270000000	Dagger	Dagger
64025	Novice	Novice
64130	${1}/<color=#e5dcc1>${2}</color>	${1}/<color=#e5dcc1>${2}</color>
64138	DPS	DPS
10220201526	CRIT DMG Reduction	CRIT DMG Reduction
10220201525	CRIT RES	CRIT RES
10220201524	CRIT DMG	CRIT DMG
10220201523	Continuous Shield	Continuous Shield
10220201522	Desperate Defense	Desperate Defense
10220201521	Fortitude Defense	Fortitude Defense
10220200747	Energy Coat	Energy Coat
10220200746	Sight Sprout	Sight Sprout
10220200745	Sight	Sight
10220200744	Wind Element Damage Boost Buff	Wind Element Damage Boost Buff
10220200743	Fire Element Damage Boost Buff	Fire Element Damage Boost Buff
10220200742	Drowning	Drowning
10220200741	Heart Rend	Heart Rend
10220200740	Generic Blind	Generic Blind
10220200739	Generic Slow	Generic Slow
10220200738	Generic Immobilize	Generic Immobilize
10220200737	Generic Stun	Generic Stun
10220200736	Generic Freeze	Generic Freeze
10220200735	Butterfly	Butterfly
10220200734	Chonchon	Chonchon
10220200733	Sacred Timber	Sacred Timber
12340100000	Lottery	Lottery
12340100001	Disable Messages	Disable Messages
12340100002	Enable Announcements	Enable Announcements
12340100003	Baphomet Jr. Reward Boost Lv@{1}	Baphomet Jr. Reward Boost Lv@{1}
12340100004	Poring Reward Boost Lv@{1}	Poring Reward Boost Lv@{1}
12340100005	Savage Babe Reward Boost Lv@{1}	Savage Babe Reward Boost Lv@{1}
12340100006	Lunatic Reward Boost Lv@{1}	Lunatic Reward Boost Lv@{1}
12340100007	Baby Desert Wolf Reward Boost Lv@{1}	Baby Desert Wolf Reward Boost Lv@{1}
12340100008	Lucky Baphomet Jr. Lv@{1}	Lucky Baphomet Jr. Lv@{1}
12340100009	Lucky Poring Lv@{1}	Lucky Poring Lv@{1}
12340100010	Lucky Savage Babe Lv@{1}	Lucky Savage Babe Lv@{1}
12340100011	Lucky Lunatic Lv@{1}	Lucky Lunatic Lv@{1}
12340100012	Lucky Baby Desert Wolf Lv@{1}	Lucky Baby Desert Wolf Lv@{1}
12340100013	Flame of Fortune	Flame of Fortune
12340100014	Wishes Shared	Wishes Shared
12340100015	Blessing of Growth Lv.@{1}	Blessing of Growth Lv.@{1}
12340100016	Radiance of Wealth Lv.@{1}	Radiance of Wealth Lv.@{1}
10220200715	Armor Plate	Armor Plate
10220200714	Blessed Sacred Glyph	Blessed Sacred Glyph
10220200713	Sacred Glyph	Sacred Glyph
10220200712	Spirit Glyph	Spirit Glyph
10220200711	Glyph	Glyph
10220200710	Energized Honing Iron	Energized Honing Iron
10220200709	Honing Iron	Honing Iron
10220200708	Sharpened Honing Stone	Sharpened Honing Stone
10220200707	Honing Stone	Honing Stone
10220200706	Potion Healing	Potion Healing
10220200705	Luck Resonance	Luck Resonance
10220200704	Vitality Resonance	Vitality Resonance
10220200703	Dexterity Resonance	Dexterity Resonance
10220200702	Intelligence Resonance	Intelligence Resonance
10220200701	Agility Resonance	Agility Resonance
10220200700	Strength Resonance	Strength Resonance
10220200699	Swift Warg	Swift Warg
10220200698	King of the Wargs	King of the Wargs
10220200697	Wolf's Fang	Wolf's Fang
10220200696	Warg Accessory	Warg Accessory
10220200695	Warg Strike	Warg Strike
10220200694	Warg Howl	Warg Howl
10220200693	Warg Strike	Warg Strike
10220200692	Warg Strike Trigger	Warg Strike Trigger
10220200691	Warg Bite	Warg Bite
10220200690	Mount Buff	Mount Buff
10220200689	Keen Senses	Keen Senses
10220200688	Unlimited Shooting	Unlimited Shooting
10220200687	Fear Breeze	Fear Breeze
10220200686	Arrow Shower【Timer】	Arrow Shower【Timer】
10220200685	Sniper's Aim【Invalid Shell】	Sniper's Aim【Invalid Shell】
10220200684	Sniper's Aim【Stat Boost】	Sniper's Aim【Stat Boost】
130001	Fight for the glory that awaits!	Fight for the glory that awaits!
130002	You have not joined a guild.	You have not joined a guild.
130003	Ranking rewards will be issued during Settlement after the event ends.	Ranking rewards will be issued during Settlement after the event ends.
130004	Empty	Empty
130005	Unranked	Unranked
130006	Settlement in ${1}	Settlement in ${1}
130007	Total Treasure Hunts	Total Treasure Hunts
130008	Settlement in ${1}d ${2}h	Settlement in ${1}d ${2}h
130009	Settlement in ${1}h	Settlement in ${1}h
130010	Not yet achieved	Not yet achieved
130011	The event ends in less than one hour.	The event ends in less than one hour.
130012	Participate in the Tower of Spirits during the event. Rewards will be issued based on rankings during Settlement.	Participate in the Tower of Spirits during the event. Rewards will be issued based on rankings during Settlement.
130013	Challenge Irmata, God of Nature during the event. Rankings are based on the shortest Clear Time for a single full run.	Challenge Irmata, God of Nature during the event. Rankings are based on the shortest Clear Time for a single full run.
130014	Clear Realm of the Gods on Normal difficulty without using the Praiser Priest Revive skill. Rewards will be issued based on the shortest Clear Time during event Settlement.	Clear Realm of the Gods on Normal difficulty without using the Praiser Priest Revive skill. Rewards will be issued based on the shortest Clear Time during event Settlement.
130015	Go challenge	Go challenge
130016	View Rankings	View Rankings
130017	Not Challenged	Not Challenged
130018	Unranked	Unranked
130019	Realm of the Gods · Flawless Speedrun	Realm of the Gods · Flawless Speedrun
130020	Guild GvE · Desperate Speedrun	Guild GvE · Desperate Speedrun
130021	Pet Tower · Peak Showdown	Pet Tower · Peak Showdown
130022	Challenge · Isti	Challenge · Isti
130023	Challenge · Nessa	Challenge · Nessa
130024	Challenge · Irmo	Challenge · Irmo
130025	Challenge · Mirko	Challenge · Mirko
130026	Rewards	Rewards
130027	Normal Chest Rewards	Normal Chest Rewards
130028	Chest Level-up Rewards	Chest Level-up Rewards
130029	Event Quest	Event Quest
130030	Collect all the Crystals to craft a treasure chest.	Collect all the Crystals to craft a treasure chest.
130031	Settlement in ${1}d ${2}h	Settlement in ${1}d ${2}h
130032	Settlement in ${1}h	Settlement in ${1}h
130033	The event ends in less than one hour.	The event ends in less than one hour.
130034	Crystal Request	Crystal Request
130035	Clearing Rewards-${1}	Clearing Rewards-${1}
130036	Challenge Not Yet Unlocked	Challenge Not Yet Unlocked
130037	Rank ${1}	Rank ${1}
130038	Me	Me
130039	View Rankings	View Rankings
130040	Go challenge	Go challenge
130041	Cumulative Rewards	Cumulative Rewards
130042	Pending	Pending
130043	There are currently no active Season events.	There are currently no active Season events.
130044	Donate Crystals	Donate Crystals
130045	Log in for a total of 7 days during the event to unlock all check-in rewards!	Log in for a total of 7 days during the event to unlock all check-in rewards!
130046	<size=75>${1}</size> days	<size=75>${1}</size> days
130047	You do not meet the requirements to claim this reward.	You do not meet the requirements to claim this reward.
130048	Please obtain the shard first.	Please obtain the shard first.
130049	Complete <color=#c27b47>Echo Growth Quests</color> during the event to earn bountiful rewards!	Complete <color=#c27b47>Echo Growth Quests</color> during the event to earn bountiful rewards!
130050	Go	Go
130051	Complete	Complete
130052	Claim	Claim
130053	Please obtain a Soul Echo first.	Please obtain a Soul Echo first.
130054	Ranks ${1}-${2}	Ranks ${1}-${2}
130055	Settlement in ${1}	Settlement in ${1}
130056	The event ends in less than one hour.	The event ends in less than one hour.
130057	Participate Now	Participate Now
130058	My guild	My guild
130059	Rank ${1}	Rank ${1}
130060	Contribution: ${1}	Contribution: ${1}
130061	View Rankings	View Rankings
130062	Reach <color=#97e553>${1}/${2}</color> Personal Contribution to receive the following ranking rewards.	Reach <color=#97e553>${1}/${2}</color> Personal Contribution to receive the following ranking rewards.
130063	Actively participate in <color=#ff993f>guild events</color>. Guilds with the highest total Member Contribution will receive rewards, including <color=#ff993f>Military Supplies that provide an advantage in Territory War.</color>	Actively participate in <color=#ff993f>guild events</color>. Guilds with the highest total Member Contribution will receive rewards, including <color=#ff993f>Military Supplies that provide an advantage in Territory War.</color>
130064	Reach <color=#ec543a>${1}/${2}</color> Personal Contribution to receive the following ranking rewards.	Reach <color=#ec543a>${1}/${2}</color> Personal Contribution to receive the following ranking rewards.
130065	Unranked	Unranked
130066	My guild Rank: ${1}	My guild Rank: ${1}
130067	Your guild is not yet ranked, so there are no rewards available!	Your guild is not yet ranked, so there are no rewards available!
130068	The Boss was defeated, and the treasure was taken by other players.	The Boss was defeated, and the treasure was taken by other players.
130069	South Gate Reunion Invitation	South Gate Reunion Invitation
10220200683	Detection Skill【Buff Effect】	Detection Skill【Buff Effect】
10220200682	Wind Walk【Buff Effect】	Wind Walk【Buff Effect】
10220200681	General Effect【Buff Effect】	General Effect【Buff Effect】
10220200680	Falcon Assault【Trigger Effect】	Falcon Assault【Trigger Effect】
10220200679	Falcon Assault【Stat Boost】	Falcon Assault【Stat Boost】
10220200678	Sharp Shooting【Buff Effect】	Sharp Shooting【Buff Effect】
10220200677	Sharp Shooting【Stat Boost】	Sharp Shooting【Stat Boost】
10220200676	Trap Hunter Skill【Buff Effect】	Trap Hunter Skill【Buff Effect】
10220200675	General Effect【Invalid Shell】	General Effect【Invalid Shell】
10220200674	Blitz Beat【Buff Effect】	Blitz Beat【Buff Effect】
10220200673	Blitz Beat【Invalid Shell】	Blitz Beat【Invalid Shell】
10220200672	Arrow Shower【Mode/Trigger】	Arrow Shower【Mode/Trigger】
10220200671	Arrow Shower【Trigger Effect】	Arrow Shower【Trigger Effect】
10220200670	Arrow Shower【Stat Boost】	Arrow Shower【Stat Boost】
10220200669	Blitz Beat【Skill Mode】	Blitz Beat【Skill Mode】
10220200668	Blitz Beat【Trigger Effect】	Blitz Beat【Trigger Effect】
10220200667	Blitz Beat【Stat Boost】	Blitz Beat【Stat Boost】
10220200666	Double Strafe【Trigger Effect】	Double Strafe【Trigger Effect】
10220200665	Double Strafe【Stat Boost】	Double Strafe【Stat Boost】
10220200664	Basic Attack【Trigger Effect】	Basic Attack【Trigger Effect】
10220200663	Basic Attack【Stat Boost】	Basic Attack【Stat Boost】
10220200662	True Sight	True Sight
10220200661	Steel Crow	Steel Crow
10220200660	Blitz Beat	Blitz Beat
10220200659	Falconry	Falconry
10220200658	Steady Focus	Steady Focus
10220200657	Hunter Spawn Buff	Hunter Spawn Buff
10220200656	Guard Domain	Guard Domain
10220200655	Guard Domain Orbit	Guard Domain Orbit
10220200654	Sandman Slow	Sandman Slow
10220200653	Gryphon Skill Shield	Gryphon Skill Shield
10220200652	AoE Buff	AoE Buff
10220200651	Goddess's Protection	Goddess's Protection
10220200650	Morale Surge	Morale Surge
10220200649	Full Steam Ahead	Full Steam Ahead
10220200648	Fatigue Immunity	Fatigue Immunity
10220200647	Safe Zone	Safe Zone
10220200646	Fatigue	Fatigue
10220200645	Locked	Locked
10220200644	Repair	Repair
10220200643	Emergency Call	Emergency Call
10220200642	Battle Command	Battle Command
10220200641	Solo Madogear Pilot Shield Recovery State	Solo Madogear Pilot Shield Recovery State
10220200640	Solo Madogear Pilot Shield	Solo Madogear Pilot Shield
10220200639	Idle Speed	Idle Speed
10220200638	Set Periodic Damage Cap	Set Periodic Damage Cap
10220200637	Set Single-Hit Damage Cap	Set Single-Hit Damage Cap
10220200636	HP Lock	HP Lock
10220200635	Trigger Self-Destruct	Trigger Self-Destruct
10220200634	Solo Madogear Pilot Monitoring	Solo Madogear Pilot Monitoring
10220200633	Rapidness Shot	Rapidness Shot
10220200632	Acceleration	Acceleration
10220200631	Invincible Tank	Invincible Tank
10220200630	Magnificent Burst	Magnificent Burst
10220200629	Magnificent Damage Reduction	Magnificent Damage Reduction
10220200628	Targeted	Targeted
10220200627	Rising Resolve	Rising Resolve
10220200626	Morale Boost	Morale Boost
10220200625	Battle Start Protection	Battle Start Protection
10220200624	Ability Enhance	Ability Enhance
10220200623	DMG Reduction	DMG Reduction
10220200622	Repairable Mark	Repairable Mark
10220200621	Madogear Pilot Repair	Madogear Pilot Repair
10220200620	AoE Acceleration	AoE Acceleration
10220200619	Respawn Buff	Respawn Buff
10220200618	Continual Burn	Continual Burn
10220200617	Electrified	Electrified
10220200616	HP Recovery	HP Recovery
10220200615	Madogear Pilot Protection	Madogear Pilot Protection
10220200614	Demonic Dragon Soul Vulnerability	Demonic Dragon Soul Vulnerability
10220200613	Demonic Dragon Soul	Demonic Dragon Soul
10220200612	Death Immunity Buff	Death Immunity Buff
10220200611	Accelerate Buff	Accelerate Buff
10220200610	HP Buff	HP Buff
10220200609	Shield Buff	Shield Buff
10220200608	ATK Buff	ATK Buff
10220200607	Focused Blade	Focused Blade
10220200606	Protective Shield	Protective Shield
10220200605	Soul Recall Ring	Soul Recall Ring
10220200604	Blazing Formation	Blazing Formation
10220200603	Tornado Incarnation	Tornado Incarnation
10220200602	Power of Tide	Power of Tide
10220200601	Blackhole Pull	Blackhole Pull
10220200600	Sonic Barrier Field	Sonic Barrier Field
10220200599	Suffocation	Suffocation
10220200598	Count	Count
10220200597	Cloud Connection	Cloud Connection
10220200596	Player Aggro Control	Player Aggro Control
10220200595	Force-display targeted players	Force-display targeted players
10220200594	White Circle Underfoot	White Circle Underfoot
10220200593	Player behavior after the opening movement ends	Player behavior after the opening movement ends
10220200592	An indicator circle appears under the clone monster's feet	An indicator circle appears under the clone monster's feet
10180000041	Breakthrough	Breakthrough
10180000040	Advance	Advance
10180000039	Details	Details
10180000038	Revive Teammate	Revive Teammate
10180000037	Enchant Scroll	Enchant Scroll
10180000036	Take off	Take off
10180000035	Replace	Replace
10180000034	Mount Vehicle	Mount Vehicle
10180000033	Build	Build
10180000032	Demount	Demount
10180000031	Ride Mount	Ride Mount
10180000030	Open	Open
10180000029	Remove	Remove
10180000028	Reset Stats	Reset Stats
10180000027	Learn Skills	Learn Skills
10180000026	Deploy	Deploy
10180000025	Wardrobe	Wardrobe
10180000024	Craft	Craft
10110300809	[No Translation Required]	[No Translation Required]
12170100000	When two Guild Members from the same guild are in a party, both gain an Extra bonus: Damage to Bosses +^{1}@{1}%^{2}; damage taken from Bosses -^{3}@{2}%^{4}	When two Guild Members from the same guild are in a party, both gain an Extra bonus: Damage to Bosses +^{1}@{1}%^{2}; damage taken from Bosses -^{3}@{2}%^{4}
12170100001	When the party includes @{1} Members of different classes, each Member gains an Extra bonus: Damage to Bosses +^{1}@{2}%^{2}; damage taken from Bosses -^{3}@{3}%^{4}	When the party includes @{1} Members of different classes, each Member gains an Extra bonus: Damage to Bosses +^{1}@{2}%^{2}; damage taken from Bosses -^{3}@{3}%^{4}
10110201310	Stone Blades - Outer Ring	Stone Blades - Outer Ring
10110201309	Blade Mountain - False Fall	Blade Mountain - False Fall
10110201308	Blade Mountain - True Fall	Blade Mountain - True Fall
10110201307	Blade Mountain - Rise	Blade Mountain - Rise
10110201306	Blade Deflection - Repeat Until Death	Blade Deflection - Repeat Until Death
10110201305	Blade Deflection	Blade Deflection
10110201304	Rock Shatter	Rock Shatter
10110201303	Shatter Blade	Shatter Blade
10110201302	Spinning Blade Strike	Spinning Blade Strike
10110201301	Blade Whirlwind	Blade Whirlwind
10110201300	Terrifying Roar	Terrifying Roar
10110201299	Orc Hero Normal Attack - Ground	Orc Hero Normal Attack - Ground
10110201298	Enter Wormhole	Enter Wormhole
10110201297	Summon Thief Bug@{1}	Summon Thief Bug@{1}
10110201296	Lava Heat Wave@{1}	Lava Heat Wave@{1}
10110201295	Pyroblast@{1}	Pyroblast@{1}
10110201294	Normal Attack	Normal Attack
10110201293	Haze Formation	Haze Formation
10110201292	Easy Movement	Easy Movement
10110201291	Move back Afterimage	Move back Afterimage
10110201290	Haste	Haste
10110201289	Immobilize	Immobilize
10110201288	Clone	Clone
10110201287	Knock-Up	Knock-Up
10110201286	Charge	Charge
10110201285	Acid Spray	Acid Spray
10110201284	Slow	Slow
10110201283	Shield	Shield
10110201282	Burrow and Hide	Burrow and Hide
10110201281	Knockback	Knockback
10110201280	Great Leap	Great Leap
10110201279	Poring Transform	Poring Transform
10110201278	Random Teleport	Random Teleport
10110201277	Distribute Gifts	Distribute Gifts
10110201276	Test Transform@{1}	Test Transform@{1}
10110201275	Spawn Effect - Elite	Spawn Effect - Elite
10110201274	Savage Charge - Earth	Savage Charge - Earth
10110201273	Verit Charge - Undead	Verit Charge - Undead
10110201272	Roda Frog Cone - Water	Roda Frog Cone - Water
10110201271	Rotar Zairo Cone - Wind	Rotar Zairo Cone - Wind
10110201270	Golem AOE - Neutral	Golem AOE - Neutral
10110201269	Dokebi AOE - Shadow	Dokebi AOE - Shadow
10110201268	Nightmare AOE - Ghost	Nightmare AOE - Ghost
10110201267	Obeaune AOE - Water	Obeaune AOE - Water
10110201266	Greatest General Targeting - Fire	Greatest General Targeting - Fire
10110201265	Ranged Arrow Monster Normal Attack - Undead	Ranged Arrow Monster Normal Attack - Undead
10110201264	Ranged Arrow Monster Normal Attack - Ghost	Ranged Arrow Monster Normal Attack - Ghost
10110201263	Ranged Arrow Monster Normal Attack - Shadow	Ranged Arrow Monster Normal Attack - Shadow
10110201262	Ranged Arrow Monster Normal Attack - Holy	Ranged Arrow Monster Normal Attack - Holy
10110201261	Ranged Arrow Monster Normal Attack - Poison	Ranged Arrow Monster Normal Attack - Poison
10110201260	Ranged Arrow Monster Normal Attack - Water	Ranged Arrow Monster Normal Attack - Water
10110201259	Ranged Arrow Monster Normal Attack - Fire	Ranged Arrow Monster Normal Attack - Fire
10110201258	Ranged Arrow Monster Normal Attack-Earth	Ranged Arrow Monster Normal Attack-Earth
10110201257	Ranged Arrow Monster Normal Attack-Wind	Ranged Arrow Monster Normal Attack-Wind
10110201256	Ranged Arrow Monster Normal Attack-Neutral	Ranged Arrow Monster Normal Attack-Neutral
10110201255	Spawn VFX	Spawn VFX
10110201254	Matyr Charge-Shadow	Matyr Charge-Shadow
10110201253	Elder Willow Cone-Fire	Elder Willow Cone-Fire
10110201252	Minorous AOE-Fire	Minorous AOE-Fire
10110201251	Poison Mushroom AOE-Poison	Poison Mushroom AOE-Poison
10110201250	Orc Archer ST-Earth	Orc Archer ST-Earth
10110201249	Goblin Archer Rectangle-Poison	Goblin Archer Rectangle-Poison
10110201248	Archer Skeleton Normal Attack-Undead	Archer Skeleton Normal Attack-Undead
10110201247	Archer Skeleton Mark-Undead	Archer Skeleton Mark-Undead
10110201246	Monster Normal Attack-Eternal	Monster Normal Attack-Eternal
10110201245	Monster Normal Attack-Ghost	Monster Normal Attack-Ghost
10110201244	Monster Normal Attack-Shadow	Monster Normal Attack-Shadow
10110201243	Monster Normal Attack-Holy	Monster Normal Attack-Holy
10110201242	Monster Normal Attack-Poison	Monster Normal Attack-Poison
10110201241	Monster Normal Attack-Water	Monster Normal Attack-Water
10110201240	Monster Normal Attack-Fire	Monster Normal Attack-Fire
10110201239	Monster Normal Attack-Earth	Monster Normal Attack-Earth
10110201238	Monster Normal Attack-Wind	Monster Normal Attack-Wind
10110201237	Monster Normal Attack-Neutral	Monster Normal Attack-Neutral
10110201236	A Maid's Etiquette	A Maid's Etiquette
10110201235	Alice's Protection	Alice's Protection
10110201234	Cleaning Time	Cleaning Time
10110201233	Dance of the Sea Monster	Dance of the Sea Monster
10110201232	Tidal Hymn	Tidal Hymn
10110201231	Frost Breath	Frost Breath
10110201230	Spreading Frost	Spreading Frost
10110201229	Same Old Trick	Same Old Trick
10110201228	Flame Breath	Flame Breath
10110201227	Samurai Charge	Samurai Charge
10110201226	Samurai's Fury	Samurai's Fury
10110201225	Deliberate Laceration	Deliberate Laceration
10110201224	Eye of Scrutiny	Eye of Scrutiny
10110201223	Light of Scrutiny	Light of Scrutiny
10110201222	Collective Surveillance	Collective Surveillance
10110201221	Soul Siphon	Soul Siphon
10110201220	Soul Prayer	Soul Prayer
10110201219	Formless Entanglement	Formless Entanglement
10110201218	Piercing Hope	Piercing Hope
10110201217	Divine Hope	Divine Hope
10110201216	Flame of Hope	Flame of Hope
10110201215	Arcane Silver Serpent	Arcane Silver Serpent
10110201214	Serpent Sorcery	Serpent Sorcery
10110201213	Petrification Gaze	Petrification Gaze
10110201212	Restorative Craving	Restorative Craving
10110201211	Rocker Rock	Rocker Rock
10110201210	Executioner's Blade	Executioner's Blade
10110201209	Path of Execution	Path of Execution
10110201208	Execution Time	Execution Time
10110201207	Blood Butterfly Dance	Blood Butterfly Dance
10110201206	Instinctive Thrill	Instinctive Thrill
10110201205	Crimson Storm	Crimson Storm
10110201204	Here Comes the Big Bunny!	Here Comes the Big Bunny!
10110201203	Bunny Brigade	Bunny Brigade
10110201202	Bunny Arrival	Bunny Arrival
10110201201	Fairy Ward	Fairy Ward
10110201200	Mavka's Dance	Mavka's Dance
10110201199	Passive	Passive
10110201198	Holy Light Descending	Holy Light Descending
10110201197	Holy Light Pierce	Holy Light Pierce
10110201196	Blazing Radiance	Blazing Radiance
10110201195	Realm of Light	Realm of Light
10110201194	Demonic Miasma	Demonic Miasma
10110201193	Infernal Prayer	Infernal Prayer
10110201192	Demonic Aura	Demonic Aura
10110201191	Passive Proximity Detection	Passive Proximity Detection
10110201190	Flying Fish Impact	Flying Fish Impact
10110201189	Cat Knight's Guard	Cat Knight's Guard
10110201188	Battle Charge	Battle Charge
10110201187	Demon's Whisper	Demon's Whisper
10110201186	Fatal Temptation	Fatal Temptation
10110201185	Dead Silence	Dead Silence
10110201184	Vile Drain	Vile Drain
10110201096	Esen's Execution	Esen's Execution
10110201095	Whirling Whip	Whirling Whip
10110201094	Nightfall Finale	Nightfall Finale
10110201093	Passive Trigger Skill	Passive Trigger Skill
10110201092	Bell Miracle	Bell Miracle
10110201091	Moonlit Curse	Moonlit Curse
10110201090	Bell Rampage	Bell Rampage
10110201089	Bobo's Protection	Bobo's Protection
10110201088	Curse Slash	Curse Slash
10110201087	Harvesting Scythe	Harvesting Scythe
10110201086	Taunting Tease	Taunting Tease
10110201085	Raging Gale	Raging Gale
10110201084	Fox Fury	Fox Fury
10110201083	Clear Breeze	Clear Breeze
10110201082	Holy Divine Light	Holy Divine Light
10110201081	Holy Spirit Divine Light	Holy Spirit Divine Light
10110201080	Angel Halo	Angel Halo
10110201079	Scythe Slash	Scythe Slash
10110201078	Sinister Chains	Sinister Chains
10110201077	Sinister Scythe	Sinister Scythe
10110201076	Phantom Barrier	Phantom Barrier
10110201075	Serpent Spirit's Embrace	Serpent Spirit's Embrace
10110201074	Serpent Spirit's Protection	Serpent Spirit's Protection
10110201073	AoE Surgery	AoE Surgery
10110201072	Trauma Drain	Trauma Drain
10110201071	Precision Surgery	Precision Surgery
10110201070	Scythe Channeling	Scythe Channeling
10110201069	Dark Sorcery	Dark Sorcery
10110201068	Death Scythe	Death Scythe
10110201067	Meditate	Meditate
10110201066	Normal Punch	Normal Punch
10110201065	Battle Axe Smash	Battle Axe Smash
13880000000	Fortitude	Fortitude
13880000001	Iron Wall	Iron Wall
13880000002	Magic Ward	Magic Ward
13880000003	Law of Offense	Law of Offense
13880000004	Life Extension	Life Extension
13880000005	Battle Pledge	Battle Pledge
13880000006	Normal Attack Boost	Normal Attack Boost
13880000007	Blade Dance	Blade Dance
13880000008	Opening	Opening
13880000009	Rapid Throw	Rapid Throw
13880000010	Chain Reaction	Chain Reaction
13880000011	Decapitation	Decapitation
13880000012	Deep Dagger Thrust	Deep Dagger Thrust
13880000013	Dagger Throw	Dagger Throw
13880000014	Secondary Damage	Secondary Damage
13880000015	Shadowless Boost	Shadowless Boost
13880000016	Shadow Fang	Shadow Fang
13880000017	Premeditation	Premeditation
13880000018	Cold-Blooded	Cold-Blooded
13880000019	Vanish Without a Trace	Vanish Without a Trace
13880000020	Quick Hands	Quick Hands
13880000021	Weapon Mastery	Weapon Mastery
13880000022	Sneak Attack	Sneak Attack
13880000023	Triple Slash	Triple Slash
13880000024	Virus Boost	Virus Boost
13880000025	Poisoned to the Core	Poisoned to the Core
13880000026	Toxic Rampage	Toxic Rampage
13880000027	Enhance Deadly Poison	Enhance Deadly Poison
13880000028	Venomous	Venomous
13880000029	Efficient Deadly Poison	Efficient Deadly Poison
13880000030	Mind Boost	Mind Boost
13880000031	Advanced Soul Destroyer	Advanced Soul Destroyer
13880000032	Spreading Shockwave	Spreading Shockwave
13880000033	Shadow Moonlit Challenger	Shadow Moonlit Challenger
13880000034	Dark Stalker	Dark Stalker
13880000035	Hidden Blade	Hidden Blade
13880000036	Merciless	Merciless
13880000037	Seize the Initiative	Seize the Initiative
13880000038	Combo Moonlit Challenger	Combo Moonlit Challenger
13880000039	Divine Resurrection	Divine Resurrection
13880000040	Holy Light Resurrection	Holy Light Resurrection
13880000041	Radiant Resurrection	Radiant Resurrection
13880000042	Swift Blessing	Swift Blessing
13880000043	Sacred Divine Light	Sacred Divine Light
13880000044	Mace Proficiency	Mace Proficiency
13880000045	Holy Light Strike	Holy Light Strike
13880000046	Staff Mastery	Staff Mastery
13880000047	Holy Cross Exorciser	Holy Cross Exorciser
13880000048	Holy Cross Judgment	Holy Cross Judgment
13880000049	Rapid Recovery	Rapid Recovery
13880000050	Sanctuary Redemption	Sanctuary Redemption
13880000051	Purifying Light Orbit	Purifying Light Orbit
13880000052	Swift Exorciser	Swift Exorciser
13880000053	Fated Resurrection	Fated Resurrection
13880000054	Mace Mastery	Mace Mastery
13880000055	Prayer of Holy Might	Prayer of Holy Might
13880000056	Blessing of Sacred Wisdom	Blessing of Sacred Wisdom
13880000057	Holy Light Prayer	Holy Light Prayer
13880000058	Normal Attack Mastery	Normal Attack Mastery
13880000059	Momentum-Breaking Hammer	Momentum-Breaking Hammer
13880000060	Holy Light Bludgeon	Holy Light Bludgeon
13880000061	Arcane Mastery	Arcane Mastery
13880000062	Grand Cross Exorciser	Grand Cross Exorciser
13880000063	Holy Light Baptism	Holy Light Baptism
13880000064	Radiant Sanctuary	Radiant Sanctuary
13880000065	Holy Light Domain	Holy Light Domain
13880000066	Grand Sanctuary	Grand Sanctuary
13880000067	Holy Protection	Holy Protection
13880000068	Divine Judgment	Divine Judgment
13880000069	Shrined Judex	Shrined Judex
13880000070	Prayer of Mercy	Prayer of Mercy
13880000071	Holy Healing Light	Holy Healing Light
13880000072	Radiant Sanctuary	Radiant Sanctuary
13880000073	Pierce Enhance	Pierce Enhance
13880000074	Rapid Pierce	Rapid Pierce
13880000075	Piercing Blast	Piercing Blast
13880000076	Swift Sword	Swift Sword
13880000077	Critical Attack	Critical Attack
13880000078	Double Counter	Double Counter
13880000079	Spear Throw Enhance	Spear Throw Enhance
13880000080	Rapid Throw	Rapid Throw
13880000081	Explosive Spear	Explosive Spear
13880000082	Sword Mastery	Sword Mastery
13880000083	Sword Attack Speed Increase	Sword Attack Speed Increase
13880000084	Mighty Sword	Mighty Sword
13880000085	Sharp Spear	Sharp Spear
13880000086	Brandish Spear Enhance	Brandish Spear Enhance
13880000087	Cavalry's Might	Cavalry's Might
13880000088	Flame Attack Enhance	Flame Attack Enhance
13880000089	Power Slash	Power Slash
13880000090	Heavy Blow	Heavy Blow
13880000091	Spiral Pierce Enhance	Spiral Pierce Enhance
13880000092	Spiral Pierce Mastery	Spiral Pierce Mastery
13880000093	Spiral Blast	Spiral Blast
13880000094	Aura Blade Enhance	Aura Blade Enhance
13880000095	Aura Insight - Swiftness	Aura Insight - Swiftness
13880000096	Aura Insight - Technique	Aura Insight - Technique
13880000097	Joint Beat Enhance	Joint Beat Enhance
13880000098	Joint Destruction	Joint Destruction
13880000099	Joint Beat Blast	Joint Beat Blast
13880000100	Guard Enhance	Guard Enhance
13880000101	Triple Slash	Triple Slash
13880000102	Greatsword Sweep Attack	Greatsword Sweep Attack
13880000103	Cross Attack Enhance	Cross Attack Enhance
13880000104	Cross Blast	Cross Blast
13880000105	Swift Cross Strike	Swift Cross Strike
13880000106	Shield Bash Enhance	Shield Bash Enhance
13880000107	Charged Shield Bash	Charged Shield Bash
13880000108	Concussive Shield Bash	Concussive Shield Bash
13880000109	Spear Mastery	Spear Mastery
13880000110	Spear Expert	Spear Expert
13880000111	Holy Spear	Holy Spear
13880000112	Shield Boomerang Enhance	Shield Boomerang Enhance
13880000113	Ricochet Shield	Ricochet Shield
13880000114	Shield Boomerang Combo	Shield Boomerang Combo
13880000115	Cross Judex Enhance	Cross Judex Enhance
13880000116	Cross Thrust	Cross Thrust
13880000117	Absolute Judex	Absolute Judex
13880000118	Auto Guard Enhance	Auto Guard Enhance
13880000119	Resilient Spirit	Resilient Spirit
13880000120	Strong Shield	Strong Shield
13880000121	Gloria Domini Enhance	Gloria Domini Enhance
13880000122	Double Pressure	Double Pressure
13880000123	Divine Punishment	Divine Punishment
13880000124	Battle Chant Enhance	Battle Chant Enhance
13880000125	Battle Cry	Battle Cry
13880000126	Fortifying Cry	Fortifying Cry
13880000127	Survival Instinct	Survival Instinct
13880000128	Enhanced Endurance	Enhanced Endurance
13880000129	Martyr's Reckoning Enhance	Martyr's Reckoning Enhance
13880000130	Rapid Smiting Enhance	Rapid Smiting Enhance
13880000131	Shield Pursuit	Shield Pursuit
13880000132	Shield Bash Echo	Shield Bash Echo
13880000133	Cart Reinforcement	Cart Reinforcement
13880000134	Mammonite	Mammonite
13880000135	Gunpowder Smash	Gunpowder Smash
13880000136	Anaerobic Training	Anaerobic Training
13880000137	Booming Business	Booming Business
13880000138	Body Tempering	Body Tempering
13880000139	Earth's Power	Earth's Power
13880000140	Earth Spike	Earth Spike
13880000141	Earthshatter	Earthshatter
13880000142	Rousing Support	Rousing Support
13880000143	Mind and Body Renewal	Mind and Body Renewal
13880000144	Self-Motivation	Self-Motivation
13880000145	Cart Remodeling	Cart Remodeling
13880000146	Weapon Mastery	Weapon Mastery
13880000147	Cart Smash	Cart Smash
13880000148	Speed Is Weight	Speed Is Weight
13880000149	Second Wind	Second Wind
13880000150	Unlimited Acceleration	Unlimited Acceleration
13880000151	Finishing Blow	Finishing Blow
13880000152	Stunning Smash	Stunning Smash
13880000153	Terminate Blast	Terminate Blast
13880000154	Limit Break	Limit Break
13880000155	Weapon Polishing	Weapon Polishing
13880000156	Weapon Enhance	Weapon Enhance
13880000157	Charging Momentum	Charging Momentum
13880000158	Accelerating Impact	Accelerating Impact
13880000159	Sustained Acceleration	Sustained Acceleration
13880000160	AoE Power Thrust	AoE Power Thrust
13880000161	Enhanced Power Thrust	Enhanced Power Thrust
13880000162	Critical Strike	Critical Strike
13880000163	Elemental Arrow Amplification	Elemental Arrow Amplification
13880000164	Fixed Casting	Fixed Casting
13880000165	Elemental Pursuit	Elemental Pursuit
13880000166	Elemental Shock	Elemental Shock
13880000167	Basic Magic Rune	Basic Magic Rune
13880000168	Basic Spell Calibration	Basic Spell Calibration
13880000169	Spell Lock	Spell Lock
13880000170	Flame Enhance	Flame Enhance
13880000171	Flame Chain	Flame Chain
13880000172	Fireball Burst	Fireball Burst
13880000173	Ice and Thunder Mastery	Ice and Thunder Mastery
13880000174	Ice Spike	Ice Spike
13880000175	Thunderbolt	Thunderbolt
13880000176	Earthfire Mark	Earthfire Mark
13880000177	Flame Burst	Flame Burst
13880000178	Ember Zone	Ember Zone
13880000179	Ice and Thunder Mark	Ice and Thunder Mark
13880000180	Frost Burst	Frost Burst
13880000181	Thunder Shockwave	Thunder Shockwave
13880000182	Arcane Training	Arcane Training
13880000183	Magic Cannon	Magic Cannon
13880000184	Greater Psychic Shockwave	Greater Psychic Shockwave
13880000185	Elemental Preparation	Elemental Preparation
13880000186	Soul Reaper	Soul Reaper
13880000187	Arcane Study	Arcane Study
13880000188	Gravity Enhance	Gravity Enhance
13880000189	Spatial Distortion	Spatial Distortion
13880000190	Gravity Trap	Gravity Trap
13880000191	Intermediate Magic Rune	Intermediate Magic Rune
13590200000	Add New Products	Add New Products
13590200001	Open More Stalls	Open More Stalls
13590200002	Recruit New Members	Recruit New Members
13590200003	Expand the Territory	Expand the Territory
13590200004	Publish a New Issue	Publish a New Issue
13880000197	Enhanced Double Strafe	Enhanced Double Strafe
13880000198	Triple Strafe	Triple Strafe
13880000199	Explosive Arrow	Explosive Arrow
13880000200	Lightning Strike Training	Lightning Strike Training
13880000201	Falcon Strike	Falcon Strike
13880000202	Rending Lightning Strike	Rending Lightning Strike
13880000203	Enhanced Arrow Shower	Enhanced Arrow Shower
13880000204	Meteor Arrow Shower	Meteor Arrow Shower
13880000205	Arrow Barrage	Arrow Barrage
13880000206	Enhanced Lightning Strike	Enhanced Lightning Strike
13880000207	Lightning Blitz	Lightning Blitz
13880000208	Falcon's Might	Falcon's Might
13880000209	Enhanced Trap Hunter	Enhanced Trap Hunter
13880000210	Entrapping Net	Entrapping Net
13880000211	Enhanced Sharp Shooting	Enhanced Sharp Shooting
13880000212	Perfect Shot	Perfect Shot
13880000213	Arrow Flash	Arrow Flash
13880000214	Enhanced Bow	Enhanced Bow
13880000215	Sprint	Sprint
13880000216	Scouting	Scouting
13880000217	Enhanced Falcon Assault	Enhanced Falcon Assault
13880000218	Double Assault	Double Assault
13880000219	Falcon Rush	Falcon Rush
13880000220	Enhanced Sniper's Aim	Enhanced Sniper's Aim
13880000221	Stroke of Luck	Stroke of Luck
13880000222	Sixfold Blessing	Sixfold Blessing
10110200237	Rift Impact	Rift Impact
10060300000	A Novice Adventurer Sets Out	A Novice Adventurer Sets Out
10060300001	The One with the Sword	The One with the Sword
10060300002	The One Riding a Peco Peco	The One Riding a Peco Peco
10060300003	The One Using Spiral Pierce	The One Using Spiral Pierce
10060300004	The One Riding a Dragon	The One Riding a Dragon
10110200236	Sonic Slash	Sonic Slash
10110200235	Evil Spirit Threat	Evil Spirit Threat
10110200234	Dark Illusion	Dark Illusion
10110200233	Rolling Cutter	Rolling Cutter
10110200232	Meteor Assault	Meteor Assault
10110200231	Enhance Cloaking	Enhance Cloaking
10110200230	Soul Destroyer	Soul Destroyer
10110200229	Shadow Step	Shadow Step
10110200228	Assassin Normal Attack	Assassin Normal Attack
10110200227	Cloaking Dimension (Unreleased)	Cloaking Dimension (Unreleased)
10110200226	Create Ambulance	Create Ambulance
10110200225	Create Vending Cart	Create Vending Cart
10110200224	Falcon Patrol	Falcon Patrol
10110200223	Slow Dimension	Slow Dimension
10110200222	Flame Dimension (Unreleased)	Flame Dimension (Unreleased)
10110200221	Hunting Trap	Hunting Trap
10110200220	Darkness Dimension	Darkness Dimension
10110200219	Immobilize Dimension	Immobilize Dimension
10110200218	Silence Dimension	Silence Dimension
10110200217	Sleep Dimension	Sleep Dimension
10110200216	Petrify Dimension (Unreleased)	Petrify Dimension (Unreleased)
10110200215	Freezing Dimension	Freezing Dimension
10110200214	Flame Surge	Flame Surge
10110200213	Ricochet Dimension	Ricochet Dimension
10110200212	Spatial Dimension	Spatial Dimension
10110200211	Test Skill@{1}*	Test Skill@{1}*
10110200210	Test Skill@{1}	Test Skill@{1}
12060000000	[Hard-Golden Thief Bug]	[Hard-Golden Thief Bug]
12060000001	[Normal-Golden Thief Bug]	[Normal-Golden Thief Bug]
12060000002	Hidden Land Boss	Hidden Land Boss
12060000003	[Hard-Mistress]	[Hard-Mistress]
12060000004	[Normal-Mistress]	[Normal-Mistress]
12060000005	[Hard-Maya]	[Hard-Maya]
12060000006	[Normal-Maya]	[Normal-Maya]
12060000007	[Hard-Osiris]	[Hard-Osiris]
12060000008	[Normal-Osiris]	[Normal-Osiris]
12060000009	[Normal-Pharaoh]	[Normal-Pharaoh]
12060000010	[Hard-Pharaoh]	[Hard-Pharaoh]
12060000011	[Normal-Moonlight Flower]	[Normal-Moonlight Flower]
12060000012	[Hard-Moonlight Flower]	[Hard-Moonlight Flower]
12060000013	[Normal-Baphomet]	[Normal-Baphomet]
12060000014	[Hard-Baphomet]	[Hard-Baphomet]
12060000015	[Hard-Isti]	[Hard-Isti]
12060000016	[Normal-Isti]	[Normal-Isti]
12060000017	[Final Trial-Isti]	[Final Trial-Isti]
12060000018	[Hard-Nasha]	[Hard-Nasha]
12060000019	[Normal-Nasha]	[Normal-Nasha]
12060000020	[Final Trial-Nasha]	[Final Trial-Nasha]
12060000021	[Hard-Ilmo]	[Hard-Ilmo]
12060000022	[Normal-Ilmo]	[Normal-Ilmo]
12060000023	[Final Trial-Ilmo]	[Final Trial-Ilmo]
12060000024	[Hard-Mirko]	[Hard-Mirko]
12060000025	[Normal-Mirko]	[Normal-Mirko]
12060000026	[Final Trial-Mirko]	[Final Trial-Mirko]
12060000027	[Hard-Orc Hero]	[Hard-Orc Hero]
12060000028	[Normal-Orc Hero]	[Normal-Orc Hero]
12060000029	[Hard-Drake]	[Hard-Drake]
12060000030	[Normal-Drake]	[Normal-Drake]
10080000068	Glast Heim Chivalry Floor @{1}	Glast Heim Chivalry Floor @{1}
10080000067	Glast Heim Culvert Floor @{1}	Glast Heim Culvert Floor @{1}
10080000066	Glast Heim Aboveground Floor @{1}	Glast Heim Aboveground Floor @{1}
10080000065	Glast Heim Monastery	Glast Heim Monastery
10080000064	Glast Heim the Ancient City	Glast Heim the Ancient City
10080000063	Shipwreck Labyrinth Floor @{1}	Shipwreck Labyrinth Floor @{1}
10080000062	Sunken Ship	Sunken Ship
10080000061	Port Malaya	Port Malaya
10080000060	Dewata Village	Dewata Village
10080000059	Ayothaya	Ayothaya
10080000058	Luoyang	Luoyang
10080000057	Gonryun	Gonryun
10080000056	Amatsu	Amatsu
10080000055	Alberta	Alberta
10080000054	Sphinx Dungeon Floor @{1}	Sphinx Dungeon Floor @{1}
10080000053	Pyramid Floor @{1}	Pyramid Floor @{1}
10080000052	Ant Hell	Ant Hell
10080000051	Pharos Lighthouse	Pharos Lighthouse
10080000050	Papuchicha Forest	Papuchicha Forest
10080000049	Western Morroc	Western Morroc
10080000048	Southern Sograt	Southern Sograt
10080000047	South Morroc	South Morroc
10080000046	Sograt Desert	Sograt Desert
10080000045	Bridge of Desert	Bridge of Desert
10080000044	Desert Crossroad	Desert Crossroad
10080000043	Morroc	Morroc
10080000042	Abandoned Mine	Abandoned Mine
10080000041	Hidden Forest	Hidden Forest
10080000040	Larva Canyon	Larva Canyon
10080000039	Mt. Mjolnir	Mt. Mjolnir
10080000038	Mjolnir Garden	Mjolnir Garden
10080000037	Geffen Tower Floor @{1}	Geffen Tower Floor @{1}
10080000036	Orc Cave	Orc Cave
10080000035	Geffen East Gate	Geffen East Gate
10080000034	Goblin Forest	Goblin Forest
10080000033	Geffen Field	Geffen Field
10080000032	Geffen West Gate	Geffen West Gate
10080000031	Geffen Outskirts	Geffen Outskirts
10080000030	Geffen North Gate	Geffen North Gate
10080000029	Kordt Forest	Kordt Forest
10080000028	Orc Village	Orc Village
10080000027	Geffen	Geffen
10080000026	Abandoned Village	Abandoned Village
10080000025	Payon Cave	Payon Cave
10080000024	Payon Forest	Payon Forest
10080000023	Deep Forest	Deep Forest
10080000022	Eastern Payon	Eastern Payon
10080000021	Southeast Payon	Southeast Payon
10080000020	Poring Island	Poring Island
10080000019	Southern Payon	Southern Payon
10080000018	Archer Village	Archer Village
10080000017	Payon	Payon
10080000016	Culvert Floor @{1}	Culvert Floor @{1}
260154	Adventure Guild names must be 2-7 characters long	Adventure Guild names must be 2-7 characters long
260153	Recruitment withdrawn successfully.	Recruitment withdrawn successfully.
260152	Recruitment posted successfully.	Recruitment posted successfully.
260151	Refreshed successfully.	Refreshed successfully.
260150	N/A	N/A
260149	Select up to ${1} tags.	Select up to ${1} tags.
260148	Sapling Status	Sapling Status
260147	Care List	Care List
260146	Unlocks when Growth reaches ${1}.	Unlocks when Growth reaches ${1}.
260145	Member	Member
260144	Only the prospective Adventurer Group's creator can create it.	Only the prospective Adventurer Group's creator can create it.
260143	You need at least three nearby party Members to create an Adventurer Group.	You need at least three nearby party Members to create an Adventurer Group.
260142	A party Member is not nearby.	A party Member is not nearby.
260141	You need at least three party Members to create an Adventurer Group.	You need at least three party Members to create an Adventurer Group.
260140	Only the Party Leader can perform this action.	Only the Party Leader can perform this action.
260139	A party Member has already joined another Adventurer Group.	A party Member has already joined another Adventurer Group.
260138	Create an Adventurer Group named ${1}?	Create an Adventurer Group named ${1}?
260137	Go to the Adventurer Group Tree?	Go to the Adventurer Group Tree?
260136	Invite this player to the Adventurer Group?	Invite this player to the Adventurer Group?
260135	Call the Adventurer Group Members?	Call the Adventurer Group Members?
260134	Cancel your application?	Cancel your application?
260133	Join the Adventurer Group?	Join the Adventurer Group?
260132	Start recruitment?	Start recruitment?
260131	Cancel application?	Cancel application?
260130	Are you sure you want to Apply to Support this Adventure Guild?	Are you sure you want to Apply to Support this Adventure Guild?
260129	Are you sure you want to create the Adventure Group?	Are you sure you want to create the Adventure Group?
260128	Modify recruitment information?	Modify recruitment information?
260127	Are you sure you want to cancel recruitment?	Are you sure you want to cancel recruitment?
260126	${1} has issued an Adventure Group call. Respond?	${1} has issued an Adventure Group call. Respond?
260125	Adventure Group Call	Adventure Group Call
260124	Call Issued	Call Issued
260123	Invite all responding Members to a party and begin creating the Adventure Group?	Invite all responding Members to a party and begin creating the Adventure Group?
260122	Notice	Notice
260121	You have been removed from the Adventure Group.	You have been removed from the Adventure Group.
260120	Left	Left
260119	Canceled	Canceled
260118	Request sent	Request sent
260117	Adventure Group response recruitment posted successfully	Adventure Group response recruitment posted successfully
260116	Group Chat ${1} created	Group Chat ${1} created
260115	No Saplings Being Cared For	No Saplings Being Cared For
260114	Leader	Leader
260113	Stranger	Stranger
260112	No Adventure Groups	No Adventure Groups
260111	No Member Applications	No Member Applications
13710000000	Izlude Map Description	Izlude Map Description
13710000001	Payon Map Description	Payon Map Description
13710000002	Alberta Map Description	Alberta Map Description
13710000003	Geffen Map Description	Geffen Map Description
13710000004	Morroc Map Description	Morroc Map Description
13710000005	Prontera Map Description	Prontera Map Description
170073	Guild Declaration	Guild Declaration
170072	Design	Design
110105	Current	Current
110104	No related content	No related content
110103	None	None
110102	Red	Red
110101	Orange	Orange
110100	Purple	Purple
110099	Blue	Blue
110098	Green	Green
110097	White	White
110096	Rarity	Rarity
110095	Chance Rewards:	Chance Rewards:
110094	Main Reward:	Main Reward:
110093	Sort by Type	Sort by Type
110092	Sort by Quality	Sort by Quality
110091	Sort	Sort
110090	Bonfire Blessing	Bonfire Blessing
110089	Congratulate the winners	Congratulate the winners
110088	Cancel	Cancel
110087	Add	Add
110086	Advanced accelerants grant advanced effects	Advanced accelerants grant advanced effects
110085	Change Bonfire Effect	Change Bonfire Effect
110084	P3	P3
110083	P2	P2
110082	P${1}	P${1}
110081	Bonfire Lv. ${1} Unlock Effect	Bonfire Lv. ${1} Unlock Effect
110080	Poring Party	Poring Party
110079	Bonfire	Bonfire
110078	Use the following items to unlock the recipe?	Use the following items to unlock the recipe?
110077	No skill selected!	No skill selected!
110076	Not enough items. Unable to refresh!	Not enough items. Unable to refresh!
110075	${1}'s level has increased to Lv. ${2}	${1}'s level has increased to Lv. ${2}
110074	Product ${1} unlocked	Product ${1} unlocked
110073	Recipe ${1} unlocked	Recipe ${1} unlocked
110072	Material Type	Material Type
110071	Vivify Cost	Vivify Cost
110070	Monthly Uses:	Monthly Uses:
110069	Weekly Uses:	Weekly Uses:
110068	Daily Uses:	Daily Uses:
110067	Not enough items. Unable to unlock!	Not enough items. Unable to unlock!
110066	Type	Type
110065	Trade	Trade
110064	Unlocked	Unlocked
110063	Output	Output
110062	Craft	Craft
110061	Weekly Uses: limit reached (${1}/${2})!	Weekly Uses: limit reached (${1}/${2})!
110060	Not enough items in your Backpack. Unable to use!	Not enough items in your Backpack. Unable to use!
110059	Interrupt	Interrupt
110058	Crafting	Crafting
110057	Continue Crafting	Continue Crafting
110056	Abandon	Abandon
110055	Abandon this crafting attempt?	Abandon this crafting attempt?
110054	Not enough Vivify. Unable to gather!	Not enough Vivify. Unable to gather!
110053	Not enough required items. Unable to craft!	Not enough required items. Unable to craft!
110052	Not enough Vivify. Unable to craft!	Not enough Vivify. Unable to craft!
110051	Not enough required items. Unable to advance!	Not enough required items. Unable to advance!
110050	Job Level too low. Unable to advance!	Job Level too low. Unable to advance!
110049	You dug up nothing but air. Keep at it!	You dug up nothing but air. Keep at it!
110048	Bonfire Affix	Bonfire Affix
110047	Daily quests refresh at ${1} o'clock.	Daily quests refresh at ${1} o'clock.
110046	Distance to the Treasure: <color=#FF993F>${1}</color> meters	Distance to the Treasure: <color=#FF993F>${1}</color> meters
110045	Treasure Hunting	Treasure Hunting
110044	The treasure chest is nearby. Search the area!	The treasure chest is nearby. Search the area!
110043	<color=#FF993F>Treasure Discovered! Dig here to see what you find.</color>	<color=#FF993F>Treasure Discovered! Dig here to see what you find.</color>
110042	Scanning…	Scanning…
110041	You've reached today's limit for sending request messages. Please try again tomorrow.	You've reached today's limit for sending request messages. Please try again tomorrow.
110040	You've reached today's limit for receiving gifted Crystals.	You've reached today's limit for receiving gifted Crystals.
110039	Participate in MVP battles, Caravans, and Daily Activity for a chance to obtain Crystals, which can be used to craft reward chests. Craft enough, and the “Chest of the Future” can be unlocked and carried over to the Season!	Participate in MVP battles, Caravans, and Daily Activity for a chance to obtain Crystals, which can be used to craft reward chests. Craft enough, and the “Chest of the Future” can be unlocked and carried over to the Season!
110038	Tap to Congratulate	Tap to Congratulate
110037	Gain powerful effects after the Bonfire Level-up!	Gain powerful effects after the Bonfire Level-up!
91050	【Tap to Participate】	【Tap to Participate】
91034	RO Genius LUK Star	RO Genius LUK Star
91030	[Event]	[Event]
91029	${1}	${1}
91028	${1}	${1}
91027	${1}	${1}
91009	（${1}/${2}）	（${1}/${2}）
