10110300582	When an ^{1}Offensive-type^{2} Primary Battle Skill Deals DMG to an enemy, inflicts ${1}% ^{3}【Sluggish】^{4} for ${2} sec.	เมื่อสกิลต่อสู้หลักประเภท ^{1}Offensive-type^{2} สร้างความเสียหายแก่ศัตรู จะทำให้ติดสถานะ ${1}% ^{3}[ Sluggish ]^{4} เป็นเวลา ${2} วินาที
10110300583	Deals Neutral melee Physical damage equal to Pet Physical ATK*^{1}${3}%^{2} to up to ${2} enemies within a ${1}-meter radius and inflicts ${4}% ^{3}【Slow】^{4} for ${5} seconds.	สร้างดาเมจกายภาพระยะประชิดไร้ธาตุ เท่ากับ P.ATK ของสัตว์เลี้ยง*^{1}${3}%^{2} แก่ศัตรูสูงสุด ${2} ตัว ในรัศมี ${1} เมตร และทำให้ติดสถานะ ${4}% ^{3}[ Slow ]^{4} เป็นเวลา ${5} วินาที
10110300000	Call down an Angel's blessing, increasing STR, DEX, and INT by ^{1}${3}^{2} for you and up to ${2} allies within a ${1}-meter radius for ${4} seconds.	อัญเชิญพรจาก Angel เพิ่ม STR, DEX และ INT ขึ้น ^{1}${3}^{2} ให้แก่ผู้ใช้และพันธมิตรสูงสุด ${2} ตัว ในรัศมี ${1} เมตร เป็นเวลา ${4} วินาที
10110300001	When you cast ^{1}【Holy Light】^{2}, reduces the Physical DEF of ^{3}Undead-property^{4} targets and ^{5}Demon Race^{6} targets by ^{7}${1}^{8} for ${2} sec.	เมื่อใช้ ^{1}[ Holy Light ]^{2} จะลด P.DEF ของเป้าหมายธาตุ ^{3}Undead^{4} และเป้าหมายเผ่า ^{5}Demon^{6} ลง ^{7}${1}^{8} เป็นเวลา ${2} วินาที
10110300002	Summon a holy spirit that circles around you and locates one enemy within a ${1}-meter radius who is under the ^{1}^{2}[Disguise]^{3}^{4} Status Effect. Removes their ^{5}^{6}[Disguise]^{7}^{8} Status Effect and deals Holy Ranged Magic damage equal to MATK * ^{9}${2}%^{10}. The holy spirit lasts ${3} seconds and disappears after Discovering a target.	อัญเชิญวิญญาณศักดิ์สิทธิ์ให้วนรอบผู้ใช้และค้นหาศัตรู หนึ่งตัว ในรัศมี ${1} เมตร ที่ติดสถานะ ^{1}^{2}[ Disguise ]^{3}^{4} ลบสถานะ ^{5}^{6}[ Disguise ]^{7}^{8} ของเป้าหมาย และสร้างดาเมจเวทระยะไกลธาตุ Holy เท่ากับ M.ATK * ^{9}${2}%^{10} วิญญาณศักดิ์สิทธิ์คงอยู่ ${3} วินาที และหายไปหลังพบเป้าหมาย
10110300003	Restores ^{3}Life^{4} equal to your Magic ATK * ^{1}${2}% + ${3}^{2} for you and the designated ST ally within ${1}m. Each ^{5}Base Lv.^{6} gained increases ^{7}Healing Volume by ${4}%^{8}. When used on an ^{9}Undead-property^{10} enemy, deals Holy-property ranged magic damage equal to your Magic ATK * ^{11}${5}% + ${6}^{12}.	ฟื้นฟู ^{3}HP^{4} เท่ากับ M.ATK ของผู้ใช้ * ^{1}${2}% + ${3}^{2} ให้แก่ผู้ใช้และพันธมิตรเป้าหมายแบบ Single Target ในระยะ ${1} เมตร ทุก ^{5}Base Lv.^{6} ที่เพิ่มขึ้นจะเพิ่ม ^{7}ปริมาณการฟื้นฟู ${4}%^{8} เมื่อใช้กับศัตรูธาตุ ^{9}Undead^{10} จะสร้างดาเมจเวทระยะไกลธาตุ Holy เท่ากับ M.ATK ของผู้ใช้ * ^{11}${5}% + ${6}^{12}
10110300004	Consumes ^{1}${1}^{2} points of ^{3}Life^{4} to increase the caster's and up to ${3} allies' ^{5}AGI by ${4}^{6}, ^{7}Attack Speed by ${5}%^{8}, and ^{9}Move Speed by ${6}%^{10} within a ${2}-meter radius for ${7} sec.	ใช้ ^{1}${1}^{2} แต้มจาก ^{3}HP^{4} เพื่อเสริมพลังให้แก่ผู้ใช้และพันธมิตรสูงสุด ${3} ตัว โดยเพิ่ม ^{5}AGI ขึ้น ${4}^{6}, ^{7}ASPD ขึ้น ${5}%^{8} และ ^{9}MSPD ขึ้น ${6}%^{10} ภายในรัศมี ${2} เมตร เป็นเวลา ${7} วินาที
10110300005	Deals Magic ATK * ^{1}${2}% + ${3}^{2} Holy ranged magic damage to a target ST enemy within ${1} meters and removes the target's ^{3}^{4}【Kyrie Eleison】^{5}^{6} effect.	สร้างดาเมจเวทระยะไกลธาตุ Holy เท่ากับ M.ATK * ^{1}${2}% + ${3}^{2} แก่ศัตรูเป้าหมายแบบ Single Target ในระยะ ${1} เมตร และลบเอฟเฟกต์ ^{3}^{4}[ Kyrie Eleison ]^{5}^{6} ของเป้าหมาย
10110300006	Increases your damage against ^{3}Undead^{4} Monsters and ^{5}Demon Race^{6} Monsters by ^{1}${1}%^{2}.	เพิ่มความเสียหายที่ผู้ใช้สร้างต่อมอนสเตอร์ ^{3}Undead^{4} และมอนสเตอร์เผ่า ^{5}Demon^{6} ขึ้น ^{1}${1}%^{2}
10110300007	Reduces the damage you take from ^{3}Undead^{4} Monsters and ^{5}Demon Race^{6} Monsters by ^{1}${1}%^{2}.	ลดความเสียหายที่ผู้ใช้ได้รับจากมอนสเตอร์ ^{3}Undead^{4} และมอนสเตอร์เผ่า ^{5}Demon^{6} ลง ^{1}${1}%^{2}
10110300008	Removes ^{1}^{2}【Silence】^{3}^{4} and ^{5}^{6}【Blind】^{7}^{8} from the designated ST ally within ${1} meters.	ลบสถานะ ^{1}^{2}[ Silence ]^{3}^{4} และ ^{5}^{6}[ Blind ]^{7}^{8} จากพันธมิตรเป้าหมายแบบ Single Target ในระยะ ${1} เมตร
10110300009	Recite the Three Bells Sutra, granting you and up to ${2} allies within a ${1}-meter radius ^{1}${3}^{2} Physical DEF and ^{3}${4}^{4} Max Life for ${5} seconds.	สวด Three Bells Sutra มอบพรให้แก่ผู้ใช้และพันธมิตรสูงสุด ${2} ตัว ในรัศมี ${1} เมตร โดยเพิ่ม P.DEF ขึ้น ^{1}${3}^{2} และ Max HP ขึ้น ^{3}${4}^{4} เป็นเวลา ${5} วินาที
10110300010	Reduces a selected ST enemy's AGI by ^{1}${2}^{2} and inflicts a ^{3}${3}%^{4} ^{5}【Slow】^{6} effect for ${4} seconds. The enemy must be within ${1} meters.	ลด AGI ของศัตรูเป้าหมายแบบ Single Target ลง ^{1}${2}^{2} และทำให้ติดเอฟเฟกต์ ^{3}${3}%^{4} ^{5}[ Slow ]^{6} เป็นเวลา ${4} วินาที ศัตรูต้องอยู่ในระยะ ${1} เมตร
10110300011	Create a ^{1}circular magic barrier^{2} with a ${2}-meter radius within ${1} meters of yourself. The barrier blocks ^{3}ranged Physical damage^{4} taken by a single ally standing inside it. It lasts ${3} seconds, can block up to ${4} instances of damage, and only one can exist at a time.	สร้าง ^{1}ม่านพลังเวททรงกลม^{2} รัศมี ${2} เมตร ในระยะ ${1} เมตร จากผู้ใช้ ม่านพลังป้องกัน ^{3}ดาเมจกายภาพระยะไกล^{4} ที่พันธมิตร หนึ่งตัว ภายในพื้นที่จะได้รับ คงอยู่ ${3} วินาที ป้องกันความเสียหายได้สูงสุด ${4} ครั้ง และมีได้ครั้งละ หนึ่งม่านพลังเท่านั้น
10110300012	The temporary Revive skill obtained in the dungeon revives a targeted ST ally who is ^{1}dead^{2} within ${1} meters, restoring ^{3}${2}% of their Max Life^{4} and ^{5}${3}% of their Max MP^{6}. After learning ^{7}Revive^{8}, this skill can no longer be equipped.	สกิล Revive ชั่วคราวที่ได้รับในดันเจี้ยน ชุบชีวิตพันธมิตรเป้าหมายแบบ Single Target ที่ ^{1}ตาย^{2} ในระยะ ${1} เมตร โดยฟื้นฟู ^{3}${2}% ของ Max HP^{4} และ ^{5}${3}% ของ Max MP^{6} หลังเรียนรู้ ^{7}Revive^{8} จะไม่สามารถติดตั้งสกิลนี้ได้อีก
10110300013	When equipped with a ^{1}【Mace】^{2} weapon, gain ^{3}${1}^{4} Physical ATK and ^{5}${2}%^{6} Normal Attack Crit Chance.	เมื่อสวมอาวุธ ^{1}[ Mace ]^{2} จะได้รับ P.ATK เพิ่ม ^{3}${1}^{4} และ CRIT ของการโจมตีปกติเพิ่ม ^{5}${2}%^{6}
10110300014	Calls down an Angel's wrath on the designated ST enemy within ${1} meters, applying ^{1}${2}%^{2} ^{3}[Damage Taken Increase]^{4}. The ^{5}[Damage Taken Increase]^{6} effect lasts ${3} seconds and disappears after the target takes damage.	อัญเชิญความพิโรธของ Angel ใส่ศัตรูเป้าหมายแบบ Single Target ในระยะ ${1} เมตร ทำให้ติด ^{1}${2}%^{2} ^{3}[ Damage Taken Increase ]^{4} เอฟเฟกต์ ^{5}[ Damage Taken Increase ]^{6} คงอยู่ ${3} วินาที และหายไปหลังเป้าหมายได้รับความเสียหาย
10110300015	Permanently increases your ^{1}${1}^{2} ^{3}MP Regen^{4}, ^{5}${2}%^{6} ^{7}Max MP Regen^{8}, and ^{9}${3}^{10} ^{11}Magic ATK^{12}.	เพิ่ม ^{1}${1}^{2} ให้แก่ ^{3}MP Regen^{4}, เพิ่ม ^{5}${2}%^{6} ให้แก่ ^{7}Max MP Regen^{8} และเพิ่ม ^{9}${3}^{10} ให้แก่ ^{11}M.ATK^{12} ของผู้ใช้อย่างถาวร
10110300016	When casting ^{1}【Healing Skills】^{2}, also removes ^{3}^{4}【Stun】^{5}^{6}, ^{7}^{8}【Freeze】^{9}^{10}, and ^{11}^{12}【Petrify】^{13}^{14} from the target.	เมื่อใช้ ^{1}[ Healing Skills ]^{2} จะลบสถานะ ^{3}^{4}[ Stun ]^{5}^{6}, ^{7}^{8}[ Freeze ]^{9}^{10} และ ^{11}^{12}[ Petrify ]^{13}^{14} จากเป้าหมายด้วย
10110300017	Increases ^{3}Magic Recovery Speed^{4} by ^{1}${3}%^{2} and ^{7}Magic ATK^{8} by ^{5}${4}^{6} for you and up to ${2} allies within a ${1}-meter radius for ${5} sec.	เพิ่ม ^{3}Magic Recovery Speed^{4} ขึ้น ^{1}${3}%^{2} และเพิ่ม ^{7}M.ATK^{8} ขึ้น ^{5}${4}^{6} ให้แก่ผู้ใช้และพันธมิตรสูงสุด ${2} ตัว ในรัศมี ${1} เมตร เป็นเวลา ${5} วินาที
10110300018	Increases the LUK of up to ${2} allies within a ${1}m radius by ^{1}${3}^{2} for ${4} sec.	เพิ่ม LUK ของพันธมิตรสูงสุด ${2} ตัว ในรัศมี ${1} เมตร ขึ้น ^{1}${3}^{2} เป็นเวลา ${4} วินาที
10110300019	Summon a ${2}m*${3}m cross within ${1}m of yourself. For the next ${4} sec., it deals Magic ATK*^{1}${7}%+${8}^{2} Holy ranged magic damage to up to ${6} enemies in the area every ${5} sec. Damage dealt to enemies of the ^{3}Undead Race^{4} or ^{5}Demon Race^{6}, or with the ^{7}Shadow property^{8} or ^{9}Undead property^{10}, is increased by ^{11}${9}%^{12}.	อัญเชิญกางเขนขนาด ${2} เมตร*${3} เมตร ในระยะ ${1} เมตร จากผู้ใช้ เป็นเวลา ${4} วินาที สร้างดาเมจเวทระยะไกลธาตุ Holy เท่ากับ M.ATK*^{1}${7}%+${8}^{2} แก่ศัตรูสูงสุด ${6} ตัว ในพื้นที่ทุก ${5} วินาที ความเสียหายต่อศัตรูเผ่า ^{3}Undead^{4} หรือเผ่า ^{5}Demon^{6} หรือศัตรูธาตุ ^{7}Shadow^{8} หรือธาตุ ^{9}Undead^{10} เพิ่มขึ้น ^{11}${9}%^{12}
10110300020	Revive the designated ^{1}dead^{2} ST ally within ${1} meters, restoring ^{3}${2}% of their Max Life^{4} and ^{5}${3}% of their Max MP^{6}.	ชุบชีวิตพันธมิตรเป้าหมายแบบ Single Target ที่ ^{1}ตาย^{2} ในระยะ ${1} เมตร โดยฟื้นฟู ^{3}${2}% ของ Max HP^{4} และ ^{5}${3}% ของ Max MP^{6}
10110300021	Changes your ^{1}Basic Attack^{2} element and that of a selected ST ally within a ${1}-meter radius to ^{3}Holy^{4} for ${2} seconds.	เปลี่ยนธาตุของ ^{1}การโจมตีปกติ^{2} ของผู้ใช้และพันธมิตรเป้าหมายแบบ Single Target ในรัศมี ${1} เมตร เป็นธาตุ ^{3}Holy^{4} เป็นเวลา ${2} วินาที
10110300022	Summon a ${2}m*${3}m Holy Spirit blessing area within ${1}m of yourself. For the next ${4} seconds, every ${5} seconds, it restores Life equal to your Magic ATK*^{1}${7}%+${8}^{2} points to up to ${6} allies within the area^{3}^{4}. ^{5}Undead-property^{6} and ^{7}Demon Race^{8} monsters within the area take ranged Holy magic damage equal to your Magic ATK*^{9}${9}%+${10}^{10}.	อัญเชิญพื้นที่พรจาก Holy Spirit ขนาด ${2} เมตร*${3} เมตร ในระยะ ${1} เมตร จากผู้ใช้ เป็นเวลา ${4} วินาที ทุก ${5} วินาที จะฟื้นฟู HP เท่ากับ M.ATK ของผู้ใช้*^{1}${7}%+${8}^{2} แต้ม ให้แก่พันธมิตรสูงสุด ${6} ตัว ภายในพื้นที่^{3}^{4} มอนสเตอร์ธาตุ ^{5}Undead^{6} และมอนสเตอร์เผ่า ^{7}Demon^{8} ภายในพื้นที่จะได้รับดาเมจเวทระยะไกลธาตุ Holy เท่ากับ M.ATK ของผู้ใช้*^{9}${9}%+${10}^{10}
10110300023	Grants yourself and a designated ST ally within a ${1}-meter radius a ^{3}Physical damage absorption shield^{4} equal to your Magic ATK*^{1}${2}%^{2} for ${3} seconds. A target protected by ^{5}【Kyrie Eleison】^{6} immediately loses the shield when hit by ^{7}^{8}【Holy Light】^{9}^{10}.	ผู้ใช้และพันธมิตรเป้าหมายแบบ Single Target ในรัศมี ${1} เมตร ได้รับ ^{3}โล่ดูดซับดาเมจกายภาพ^{4} เท่ากับ M.ATK ของผู้ใช้*^{1}${2}%^{2} เป็นเวลา ${3} วินาที เป้าหมายที่ได้รับการป้องกันจาก ^{5}[ Kyrie Eleison ]^{6} จะสูญเสียโล่ทันทีเมื่อถูก ^{7}^{8}[ Holy Light ]^{9}^{10}
10110300024	Deals Holy Ranged Magic damage equal to MATK * ^{1}${2}% + ${3}^{2} to one designated Enemy within ${1} meters. If the target is a ^{3}Normal Undead Monster^{4}, there is a ^{5}${4}%^{6} Chance to kill it instantly.	สร้างดาเมจเวทระยะไกลธาตุ Holy เท่ากับ M.ATK * ^{1}${2}% + ${3}^{2} แก่ศัตรูเป้าหมาย หนึ่งตัว ในระยะ ${1} เมตร หากเป้าหมายเป็น ^{3}มอนสเตอร์ Undead ทั่วไป^{4} จะมีโอกาส ^{5}${4}%^{6} สังหารทันที
10110300025	Increases Physical ATK and Magic ATK by ^{1}${3}^{2} for you and up to ${2} allies within a ${1}m radius for ${4} sec.	เพิ่ม P.ATK และ M.ATK ขึ้น ^{1}${3}^{2} ให้แก่ผู้ใช้และพันธมิตรสูงสุด ${2} ตัว ในรัศมี ${1} เมตร เป็นเวลา ${4} วินาที
10110300026	Deals Magic ATK * ^{1}${2}% + ${3}^{2} Holy ranged magic damage to the target ST enemy within ${1} meters, and inflicts ^{7}^{8}【Silence】^{9}^{10} on ^{3}normal monsters^{4} or ^{5}players^{6} for ${4} seconds.	สร้างดาเมจเวทระยะไกลธาตุ Holy เท่ากับ M.ATK * ^{1}${2}% + ${3}^{2} แก่ศัตรูเป้าหมายแบบ Single Target ในระยะ ${1} เมตร และทำให้ติดสถานะ ^{7}^{8}[ Silence ]^{9}^{10} หากเป็น ^{3}มอนสเตอร์ทั่วไป^{4} หรือ ^{5}ผู้เล่น^{6} เป็นเวลา ${4} วินาที
10110300027	Create a ^{1}circular magic barrier^{2} with a radius of ${2} meters within ${1} meters of yourself, protecting one ally within its area from incoming ^{3}melee Physical damage^{4}. The barrier lasts ${3} seconds and can block up to ^{5}${4}^{6} instances of damage. Only one can exist at a time.	สร้าง ^{1}ม่านพลังเวททรงกลม^{2} รัศมี ${2} เมตร ในระยะ ${1} เมตร จากผู้ใช้ ป้องกันพันธมิตร หนึ่งตัว ภายในพื้นที่จาก ^{3}ดาเมจกายภาพระยะประชิด^{4} ม่านพลังคงอยู่ ${3} วินาที และป้องกันความเสียหายได้สูงสุด ^{5}${4}^{6} ครั้ง มีได้ครั้งละ หนึ่งม่านพลังเท่านั้น
10110300028	A prayer that blesses others, increasing Cast Speed by ^{1}${3}^{2} for you and up to ${2} allies within a ${1}-meter radius for ${4} seconds.	สวดอวยพร เพิ่ม Cast Speed ขึ้น ^{1}${3}^{2} ให้แก่ผู้ใช้และพันธมิตรสูงสุด ${2} ตัว ในรัศมี ${1} เมตร เป็นเวลา ${4} วินาที
10110300029	Bestows an Angel's blessing, increasing Physical DEF and Magic DEF by ^{1}${3}%^{2} for you and up to ${2} allies within a ${1}-meter radius, and increasing their ^{5}healing received^{6} by ^{3}${4}%^{4} for ${5} seconds.	มอบพรจาก Angel เพิ่ม P.DEF และ M.DEF ขึ้น ^{1}${3}%^{2} ให้แก่ผู้ใช้และพันธมิตรสูงสุด ${2} ตัว ในรัศมี ${1} เมตร พร้อมเพิ่ม ^{5}การฟื้นฟูที่ได้รับ^{6} ขึ้น ^{3}${4}%^{4} เป็นเวลา ${5} วินาที
10110300030	Increases your ^{1}${1}%^{2} ^{3}Max MP^{4} and ^{5}${2}%^{6} ^{7}MP Recovery Speed^{8}. Also grants a ^{9}${3}%^{10} increase to the healing provided by your ^{11}【Divine Light】^{12}.	เพิ่ม ^{1}${1}%^{2} ให้แก่ ^{3}Max MP^{4} และเพิ่ม ^{5}${2}%^{6} ให้แก่ ^{7}ความเร็วในการฟื้นฟู MP^{8} ของผู้ใช้ พร้อมเพิ่ม ^{9}${3}%^{10} ให้แก่การฟื้นฟูจาก ^{11}[ Divine Light ]^{12} ของผู้ใช้
10110300031	Reduces the ^{3}MP cost^{4} of skills cast by the user by ^{1}${1}%^{2} and increases ^{7}Magic ATK^{8} by ^{5}${2}^{6}.	ลด ^{3}MP ที่ใช้^{4} ในการร่ายสกิลของผู้ใช้ลง ^{1}${1}%^{2} และเพิ่ม ^{7}M.ATK^{8} ขึ้น ^{5}${2}^{6}
10110300032	Empowers yourself with the power of the Sanctuary, increasing your ^{1}Holy damage by ${1}%^{2} for ${2} seconds.	เสริมพลังจาก Sanctuary เพิ่ม ^{1}ความเสียหายธาตุ Holy ของผู้ใช้ขึ้น ${1}%^{2} เป็นเวลา ${2} วินาที
10110300453	Orc Hero summons three greatswords that fall from the sky, dealing heavy damage to players hit. The greatswords remain on the ground for @{1} sec and continuously damage nearby players. When they disappear, they explode and deal heavy damage to nearby players.	Orc Hero อัญเชิญดาบใหญ่ สามเล่มให้ตกลงมาจากฟ้า สร้างความเสียหายอย่างหนักแก่ผู้เล่นที่ถูกดาบ ดาบใหญ่จะคงอยู่บนพื้นเป็นเวลา @{1} วินาที และสร้างความเสียหายแก่ผู้เล่นที่อยู่ใกล้อย่างต่อเนื่อง เมื่อดาบหายไปจะระเบิด สร้างความเสียหายอย่างหนักแก่ผู้เล่นที่อยู่ใกล้
10110300522	High Orc stomps the ground, dealing the master's ^{1}Adaptive ATK^{2}*^{3}${3}%^{4} Neutral melee ^{5}Adaptive Damage^{6} to up to ${2} enemies within ${1} meters of the master and increasing the damage dealt by up to ${5} allies within ${4} meters of High Orc by ^{7}${6}%^{8} for ${7} seconds.	High Orc กระทืบพื้น สร้างความเสียหายกายภาพ เท่ากับ ^{1}Adaptive ATK^{2} ของเจ้าของ*^{3}${3}%^{4} ในรูปแบบ ไร้ธาตุ ระยะประชิด ^{5}Adaptive Damage^{6} ใส่ศัตรูสูงสุด ${2} ตัว ในระยะ ${1} เมตร ของ เจ้าของ และเพิ่มความเสียหายที่ทำได้ให้กับพันธมิตรสูงสุด ${5} ตัว ในระยะ ${4} เมตร ของ High Orc ขึ้น ^{7}${6}%^{8} เป็นเวลา ${7} วิ
10110300523	High Orc stomps the ground, dealing ^{1}${3}%^{2} Neutral melee ^{3}Adaptive Damage^{4} to up to ${2} enemies within ${1} meters of the master and increasing the damage dealt by up to ${5} allies within ${4} meters of High Orc by ^{5}${6}%^{6} for ${7} seconds.	High Orc กระทืบพื้น สร้างความเสียหายกายภาพ ^{1}${3}%^{2} ในรูปแบบ ไร้ธาตุ ระยะประชิด ^{3}Adaptive Damage^{4} ใส่ศัตรูสูงสุด ${2} ตัว ในระยะ ${1} เมตร ของ เจ้าของ และเพิ่มความเสียหายที่ทำได้ให้กับพันธมิตรสูงสุด ${5} ตัว ในระยะ ${4} เมตร ของ High Orc ขึ้น ^{5}${6}%^{6} เป็นเวลา ${7} วิ
10220300542	^{1}^{2}【Frost Nova】^{3}^{4}'s area increases to ^{5}${1}^{6} meters and triggers 【Ice Spike】 @{1} times on all targets hit, dealing Water Ranged Magic damage equal to MATK*^{7}${2}%+${3}^{8}. Hitting enemies affected by ^{9}^{10}【Frozen】^{11}^{12} does not remove Frozen.	พื้นที่ของ ^{1}^{2}[ Frost Nova ]^{3}^{4} เพิ่มเป็น ^{5}${1}^{6} เมตร และทำให้ [ Ice Spike ] ทำงาน @{1} ครั้งกับเป้าหมายทั้งหมดที่ถูกโจมตี สร้างดาเมจเวทระยะไกลธาตุ Water เท่ากับ M.ATK*^{7}${2}%+${3}^{8} การโจมตีศัตรูที่ติดสถานะ ^{9}^{10}[ Frozen ]^{11}^{12} จะไม่ลบสถานะ Frozen
10220300541	Reduces the maximum Cooldown of ^{1}^{2}【Frost Nova】^{3}^{4} and ^{5}^{6}【Jupitel Thunder】^{7}^{8} by ^{9}${1}^{10} seconds.	ลด Cooldown สูงสุดของ ^{1}^{2}[ Frost Nova ]^{3}^{4} และ ^{5}^{6}[ Jupitel Thunder ]^{7}^{8} ลง ^{9}${1}^{10} วินาที
12390100930	Activate the Academy Diary matching Mouthwear Appearance (Permanent).	ปลดล็อกรูปลักษณ์เครื่องประดับปากที่เข้าชุดกับ Academy Diary อย่างถาวร
12390100929	Activate the Afternoon Stroll Costume Appearance (Permanent).	ปลดล็อกรูปลักษณ์ชุด Afternoon Stroll อย่างถาวร
12390100928	Activate the Afternoon Stroll Costume Appearance (Permanent).	ปลดล็อกรูปลักษณ์ชุด Afternoon Stroll อย่างถาวร
12390100927	Activate the Afternoon Stroll matching Headwear Appearance (Permanent).	ปลดล็อกรูปลักษณ์เครื่องประดับศีรษะที่เข้าชุดกับ Afternoon Stroll อย่างถาวร
12390100926	Activate the Dinner Date Costume Appearance (Permanent).	ปลดล็อกรูปลักษณ์ชุด Dinner Date อย่างถาวร
12390100925	Permanently unlock the Formal Set - Face Accessory appearance	ปลดล็อกรูปลักษณ์ Formal Set - Face Accessory อย่างถาวร
12390100924	Activate the Dinner Date matching Facewear Appearance (Permanent).	ปลดล็อกรูปลักษณ์เครื่องประดับใบหน้าที่เข้าชุดกับ Dinner Date อย่างถาวร
12390100923	Activate the Nine-Tone Mantra matching Theme Headwear Appearance (Permanent).	ปลดล็อกรูปลักษณ์เครื่องประดับศีรษะที่เข้าชุดกับธีม Nine-Tone Mantra อย่างถาวร
12390100922	Activate the Nine-Tone Mantra matching Theme Character Effects Appearance (Permanent).	ปลดล็อกรูปลักษณ์เอฟเฟกต์ตัวละครที่เข้าชุดกับธีม Nine-Tone Mantra อย่างถาวร
12390100921	Permanently unlock the Mechanical Set - Body Accessory appearance	ปลดล็อกรูปลักษณ์ Mechanical Set - Body Accessory อย่างถาวร
12390100920	Activate the Silverwing Covenant matching Theme Backwear Appearance (Permanent).	ปลดล็อกรูปลักษณ์เครื่องประดับหลังที่เข้าชุดกับธีม Silverwing Covenant อย่างถาวร
12390100919	Activate the Dunhuang Theme Nine-Tone Mantra Appearance (Permanent).	ปลดล็อกรูปลักษณ์ Nine-Tone Mantra ธีม Dunhuang อย่างถาวร
12390100918	Activate the Silverwing Covenant Appearance (Permanent).	ปลดล็อกรูปลักษณ์ Silverwing Covenant อย่างถาวร
12390100917	Activate the Nine-Tone Mantra matching Theme Mouthwear Appearance (Permanent).	ปลดล็อกรูปลักษณ์เครื่องประดับปากที่เข้าชุดกับธีม Nine-Tone Mantra อย่างถาวร
12390100916	Activate the Silverwing Covenant matching Facewear Appearance (Permanent).	ปลดล็อกรูปลักษณ์เครื่องประดับใบหน้าที่เข้าชุดกับ Silverwing Covenant อย่างถาวร
12390100915	Activate the Silverwing Covenant matching Headwear Appearance (Permanent).	ปลดล็อกรูปลักษณ์เครื่องประดับศีรษะที่เข้าชุดกับ Silverwing Covenant อย่างถาวร
12390100914	Activate the Night Judgment Costume Appearance (Permanent).	ปลดล็อกรูปลักษณ์ชุด Night Judgment อย่างถาวร
12390100913	Activate the Night Judgment matching Facewear Appearance (Permanent).	ปลดล็อกรูปลักษณ์เครื่องประดับใบหน้าที่เข้าชุดกับ Night Judgment อย่างถาวร
12390100912	Activate the Sweet Waltz Character Effects (Permanent).	ปลดล็อกเอฟเฟกต์ตัวละคร Sweet Waltz อย่างถาวร
12390100909	Activate the Bonnie's Afternoon Appearance (Permanent).	ปลดล็อกรูปลักษณ์ Bonnie's Afternoon อย่างถาวร
12390100908	Activate the Sweetheart Tea Party Costume Appearance (Permanent).	ปลดล็อกรูปลักษณ์ชุด Sweetheart Tea Party อย่างถาวร
12390100907	Activate the Sweetheart Tea Party matching Headwear Appearance (Permanent).	ปลดล็อกรูปลักษณ์เครื่องประดับศีรษะที่เข้าชุดกับ Sweetheart Tea Party อย่างถาวร
12390100906	Activate the Worldscorch Feather matching Hairstyle Appearance (Permanent).	ปลดล็อกรูปลักษณ์ทรงผมที่เข้าชุดกับ Worldscorch Feather อย่างถาวร
12390100905	Activate the Worldscorch Feather matching Backwear Appearance (Permanent).	ปลดล็อกรูปลักษณ์เครื่องประดับหลังที่เข้าชุดกับ Worldscorch Feather อย่างถาวร
12390100904	Permanently unlocks the Costume - World-Scorching Feathers appearance	ปลดล็อกรูปลักษณ์ชุด Costume - World-Scorching Feathers อย่างถาวร
12390100670	A roll woven from high-quality silk. Its smooth yet durable texture makes it ideal for crafting fine equipment.	ผ้าไหมคุณภาพสูงหนึ่งม้วน เนื้อผ้าเรียบลื่นแต่ทนทาน เหมาะสำหรับสร้างอุปกรณ์ชั้นดี
12390100665	A roll woven from hemp cloth, used to make simple equipment.	ผ้าป่านหนึ่งม้วน ใช้สร้างอุปกรณ์พื้นฐาน
12390100664	Thread imbued with a sacred blessing, used to weave sacred cloth or blessed armor with a faint shimmering glow.	เส้นด้ายที่ได้รับพรศักดิ์สิทธิ์ ใช้ทอผ้าศักดิ์สิทธิ์หรือชุดเกราะที่ได้รับพร พร้อมประกายเรืองแสงจาง ๆ
12390100657	A soft bundle of Cotton that can be processed into Cotton cloth or used as stuffing. Commonly used in textiles.	ฝ้ายนุ่มหนึ่งมัด แปรรูปเป็นผ้าฝ้ายหรือใช้เป็นวัสดุยัดไส้ได้ นิยมใช้ในงานสิ่งทอ
12390100611	A blade forged from radiant gold with exceptional sharpness and durability. Suitable for crafting fine weapons.	คมดาบที่ตีขึ้นจากทองอันสุกสว่าง มีความคมและความทนทานเป็นเลิศ เหมาะสำหรับสร้างอาวุธชั้นดี
12390100610	A Metal bar smelted from radiant gold. Lightweight yet hard, it is a core material for crafting fine equipment.	แท่งโลหะที่หลอมจากทองอันสุกสว่าง น้ำหนักเบาแต่แข็ง เป็นวัตถุดิบหลักสำหรับสร้างอุปกรณ์ชั้นดี
12390100607	A Metal bar smelted from mithril. Both tough and lightweight, it can be used to forge standard equipment.	แท่งโลหะที่หลอมจาก mithril ทั้งแข็งแกร่งและน้ำหนักเบา ใช้ตีอุปกรณ์มาตรฐานได้
10220300000	Strength +${1}, Dexterity +${2}, Intelligence +${3}.	STR +${1}, DEX +${2}, INT +${3}
10220300002	Agility +${1}, Attack Speed +${2}%, Movement Speed +${3}%.	AGI +${1}, ASPD +${2}%, MSPD +${3}%
10220300003	Physical DEF +${1} and Max Life +${2}.	P.DEF +${1}, Max HP +${2}
10220300004	Agility -${1} and Movement Speed -${2}%.	AGI -${1}, MSPD -${2}%
10220300008	MP Recovery Speed +${1}% and Magic ATK +${2}.	ความเร็วในการฟื้นฟู MP +${1}%, M.ATK +${2}
10220300009	LUK increases by ${1}.	เพิ่ม LUK ขึ้น ${1}
10220300014	Increases Cast Speed by ${1}.	เพิ่ม Cast Speed ขึ้น ${1}
10220300017	Holy damage +${1}%.	ความเสียหายธาตุ Holy +${1}%
10220300019	Attack Speed +${1}%.	ASPD +${1}%
10220300031	Gain ${1}% Holy damage.	ได้รับโบนัส ${1}% ให้แก่ความเสียหายธาตุ Holy
10220300032	Gain ${1}% Holy damage.	ได้รับโบนัส ${1}% ให้แก่ความเสียหายธาตุ Holy
10220300037	Strength +@{1}, Physical ATK +@{2}	STR +@{1}, P.ATK +@{2}
10220300038	Vitality +@{1}, Luck +@{2}	VIT +@{1}, LUK +@{2}
10220300039	Strength +@{1}	STR +@{1}
10220300040	Attack Speed +@{1}%.	ASPD +@{1}%
10220300041	Physical ATK +@{1}	P.ATK +@{1}
10220300042	Physical Damage +@{1}%	P.DMG +@{1}%
10220300043	Movement Speed increases by ${1}%	เพิ่ม MSPD ขึ้น ${1}%
10220300047	Physical ATK +${1}	P.ATK +${1}
10220300048	Crit Chance +@{1}%	CRIT +@{1}%
10220300052	STR increases by ${1}.	เพิ่ม STR ขึ้น ${1}
10220300053	VIT increases by ${1}.	เพิ่ม VIT ขึ้น ${1}
10220300077	Movement Speed -@{1}%	MSPD -@{1}%
10220300078	Gain a shield equal to ${1}% of your Life.	ได้รับโล่เท่ากับ ${1}% ของ HP
10220300084	Movement Speed +@{1}%	MSPD +@{1}%
10220300101	Changes armor property to Earth.	เปลี่ยนธาตุของชุดเกราะเป็น Earth
10220300102	Changes armor property to Water.	เปลี่ยนธาตุของชุดเกราะเป็น Water
10220300103	Changes armor property to Wind.	เปลี่ยนธาตุของชุดเกราะเป็น Wind
10220300104	Changes armor property to Poison.	เปลี่ยนธาตุของชุดเกราะเป็น Poison
10220300105	Changes armor property to Fire.	เปลี่ยนธาตุของชุดเกราะเป็น Fire
10220300106	Changes armor property to Ghost.	เปลี่ยนธาตุของชุดเกราะเป็น Ghost
10220300114	Damage against all Kobolds +@{1}%.	ความเสียหายต่อ Kobolds ทั้งหมด +@{1}%
10220300121	Damage against Kara Crabs +@{1}%.	ความเสียหายต่อ Kara Crabs +@{1}%
10220300122	Damage against Shellfish +@{1}%.	ความเสียหายต่อ Shellfish +@{1}%
10220300123	Damage against Starfish +@{1}%.	ความเสียหายต่อ Starfish +@{1}%
10220300129	Attack Speed +@{1}%, Crit +@{2}, Crit DMG +@{3}%.	ASPD +@{1}%, CRIT +@{2}, CRIT DMG +@{3}%
10220300149	Immune to 【Slow】.	มีภูมิคุ้มกันต่อ [ Slow ]
10220300150	Stun Resistance +@{1}.	ความต้านทาน Stun +@{1}
10220300151	Immune to 【Stun】.	มีภูมิคุ้มกันต่อ [ Stun ]
10220300152	MP Cost -@{1}%, Magic DMG +@{2}%.	MP ที่ใช้ -@{1}%, M.DMG +@{2}%
10220300154	MP Cost -@{1}%, Healing +@{2}%.	MP ที่ใช้ -@{1}%, การฟื้นฟู +@{2}%
10220300160	Damage Reduction +@{1}%	การลดความเสียหาย +@{1}%
10220300169	Physical DEF and Magic DEF increased by @{1}	เพิ่ม P.DEF และ M.DEF ขึ้น @{1}
10220300178	Normal Attack damage +@{1}%	ความเสียหายจากการโจมตีปกติ +@{1}%
10220300179	Physical ATK and Magic ATK reduced by @{1}	ลด P.ATK และ M.ATK ลง @{1}
10220300180	Physical DEF and Magic DEF increased by @{1}	เพิ่ม P.DEF และ M.DEF ขึ้น @{1}
10220300187	Movement Speed -@{1}%	MSPD -@{1}%
10220300190	Shield equal to @{1}% Max Life	โล่เท่ากับ @{1}% ของ Max HP
10220300194	Reduces damage taken by @{1}%	ลด ความเสียหายที่ได้รับ ลง @{1}%
10220300206	Increases Movement Speed by @{1}%	เพิ่ม MSPD ขึ้น @{1}%
10220300236	Increases Crit Chance by @{1}% for @{2} sec.	เพิ่ม CRIT ขึ้น @{1}% เป็นเวลา @{2} วินาที
10220300243	Increases healing received by @{1}% for @{2} sec.	เพิ่ม การฟื้นฟูที่ได้รับ ขึ้น @{1}% เป็นเวลา @{2} วินาที
10220300245	Increases damage by @{1}% for @{2} sec.	เพิ่ม ความเสียหาย ขึ้น @{1}% เป็นเวลา @{2} วินาที
10220300250	Reduces Movement Speed by @{1}%	ลด MSPD ลง @{1}%
10220300255	Movement Speed +@{1}%, FLEE +@{2}	MSPD +@{1}%, Flee +@{2}
10220300263	Reduces skill cooldowns by @{1}%.	ลด Cooldown ของสกิลลง @{1}%
10220300265	Increases Movement Speed by @{1}%.	เพิ่ม MSPD ขึ้น @{1}%
10220300266	Increases CRIT by @{1}%.	เพิ่ม CRIT ขึ้น @{1}%
10220300267	Reduces skill cooldowns by @{1}% for @{2} sec.	ลด Cooldown ของสกิลลง @{1}% เป็นเวลา @{2} วินาที
10220300271	Transform: Poring	แปลงร่างเป็น Poring
10220300272	Transform: Drops	แปลงร่างเป็น Drops
10220300273	Transform: Poporing	แปลงร่างเป็น Poporing
10220300274	Transform: Bombring	แปลงร่างเป็น Bombring
10220300275	Transform: Angeling	แปลงร่างเป็น Angeling
10220300276	Transform: Deviling	แปลงร่างเป็น Deviling
10220300277	Transform into Lava Poring	แปลงร่างเป็น Lava Poring
10220300303	Reduces healing received by @{1}%.	ลด การฟื้นฟูที่ได้รับ ลง @{1}%
10220300304	Change Armor to Earth Property	เปลี่ยนธาตุของชุดเกราะเป็น Earth
10220300305	Change Armor to Water Property	เปลี่ยนธาตุของชุดเกราะเป็น Water
10220300306	Change Armor to Wind Property	เปลี่ยนธาตุของชุดเกราะเป็น Wind
10220300307	Convert Armor to Poison	เปลี่ยนธาตุของชุดเกราะเป็น Poison
10220300308	Convert Armor to Fire Property	เปลี่ยนธาตุของชุดเกราะเป็น Fire
10220300309	Change Armor to Ghost Property	เปลี่ยนธาตุของชุดเกราะเป็น Ghost
10220300310	Convert Armor to Holy Property	เปลี่ยนธาตุของชุดเกราะเป็น Holy
10220300311	Reduces Physical Attack and Magic Attack by @{1}%.	ลด P.ATK และ M.ATK ลง @{1}%
10220300335	Increases Physical Attack and Magic Attack by @{1}%.	เพิ่ม P.ATK และ M.ATK ขึ้น @{1}%
10220300376	Increases PATK and MATK by @{1}%.	เพิ่ม P.ATK และ M.ATK ขึ้น @{1}%
10220300377	Increases damage reduction by @{1}%.	เพิ่ม การลดความเสียหาย ขึ้น @{1}%
10220300380	Increases MSPD by @{1}%.	เพิ่ม MSPD ขึ้น @{1}%
10220300390	Transform: Red	แปลงร่างเป็น Red
10220300392	Transform: Blue	แปลงร่างเป็น Blue
10220300402	Damage Increase +@{1}%.	การเพิ่มความเสียหาย +@{1}%
10220300403	Gain a Shield equal to @{1}% of max HP.	ได้รับโล่เท่ากับ @{1}% ของ Max HP
10220300405	Increases MSPD by @{1}%.	เพิ่ม MSPD ขึ้น @{1}%
10220300409	Movement Speed reduced by @{1}%.	ลด MSPD ลง @{1}%
10220300416	Movement Speed increased by @{1}%.	เพิ่ม MSPD ขึ้น @{1}%
10220300443	FLEE +@{1}	Flee +@{1}
10220300460	Attack Speed +@{1}%	ASPD +@{1}%
10220300461	Physical ATK +${1}.	P.ATK +${1}
10220300465	DEX +${1}.	DEX +${1}
10220300476	LUK +${1}.	LUK +${1}
10800100013	^{1}^{2}[Magnus Exorcismus]^{3}^{4} Variable CT -${1} seconds.	^{1}^{2}[ Magnus Exorcismus ]^{3}^{4} VCT -${1} วินาที
10800100015	When a mace is equipped, AGI +${1}.	เมื่อสวมกระบอง AGI +${1}
10800100016	When ^{1}^{2}[Impositio Manus]^{3}^{4} reaches Lv. ${1}, Physical/Magic ATK +${2}.	เมื่อ ^{1}^{2}[ Impositio Manus ]^{3}^{4} ถึง Lv. ${1} จะได้รับ P.ATK/M.ATK +${2}
10800100017	When ^{1}^{2}[Sanctuary]^{3}^{4} or ^{5}^{6}[Magnus Exorcismus]^{7}^{8} reaches Lv. ${1}, INT +${2}.	เมื่อ ^{1}^{2}[ Sanctuary ]^{3}^{4} หรือ ^{5}^{6}[ Magnus Exorcismus ]^{7}^{8} ถึง Lv. ${1} จะได้รับ INT +${2}
10800100018	When ^{1}^{2}[Impositio Manus]^{3}^{4} reaches Lv. ${1}, MATK +${2}.	เมื่อ ^{1}^{2}[ Impositio Manus ]^{3}^{4} ถึง Lv. ${1} จะได้รับ M.ATK +${2}
10800100019	^{1}^{2}[Basic Attack]^{3}^{4}'s percentage damage multiplier increases by ${1}% and its fixed damage increases by ${2}.	ตัวคูณความเสียหายแบบเปอร์เซ็นต์ของ ^{1}^{2}[ Basic Attack ]^{3}^{4} เพิ่มขึ้น ${1}% และความเสียหายจริงเพิ่มขึ้น ${2}
10800100022	When equipped with a ^{1}【Mace】^{2} weapon, gain ^{3}${1}^{4} Physical ATK and ^{5}${2}%^{6} Normal Attack Crit Chance.	เมื่อสวมอาวุธ ^{1}[ Mace ]^{2} จะได้รับ P.ATK เพิ่ม ^{3}${1}^{4} และ CRIT ของการโจมตีปกติเพิ่ม ^{5}${2}%^{6}
10800100023	When ^{1}^{2}[Arcane Mastery]^{3}^{4} reaches Lv. ${1}, MATK +${2}.	เมื่อ ^{1}^{2}[ Arcane Mastery ]^{3}^{4} ถึง Lv. ${1} จะได้รับ M.ATK +${2}
10800100024	^{1}^{2}[Magnus Exorcismus]^{3}^{4} target count +${1}	^{1}^{2}[ Magnus Exorcismus ]^{3}^{4} จำนวนเป้าหมาย +${1}
10800100026	^{1}^{2}[Sanctuary]^{3}^{4}'s percentage Healing multiplier increases by ${1}% and its fixed Healing increases by ${2}.	ตัวคูณการฟื้นฟูแบบเปอร์เซ็นต์ของ ^{1}^{2}[ Sanctuary ]^{3}^{4} เพิ่มขึ้น ${1}% และค่าการฟื้นฟูคงที่เพิ่มขึ้น ${2}
10800100027	Allies within ^{1}^{2}[Sanctuary]^{3}^{4}'s area gain PDEF/MDEF +${1}%.	พันธมิตรภายในพื้นที่ของ ^{1}^{2}[ Sanctuary ]^{3}^{4} ได้รับ P.DEF/M.DEF +${1}%
10800100028	^{1}^{2}[Sanctuary]^{3}^{4} target count +${1}	^{1}^{2}[ Sanctuary ]^{3}^{4} จำนวนเป้าหมาย +${1}
10800100029	When ^{1}^{2}[Basilica]^{3}^{4} reaches Lv. ${1}, MDEF/PDEF +${2}.	เมื่อ ^{1}^{2}[ Basilica ]^{3}^{4} ถึง Lv. ${1} จะได้รับ M.DEF/P.DEF +${2}
10800100032	When ^{1}^{2}[Assumptio]^{3}^{4} reaches Lv. ${1}, VIT +${2}.	เมื่อ ^{1}^{2}[ Assumptio ]^{3}^{4} ถึง Lv. ${1} จะได้รับ VIT +${2}
10800100035	^{1}^{2}[Cart Revolution]^{3}^{4}'s percentage damage multiplier increases by ${1}%.	ตัวคูณความเสียหายแบบเปอร์เซ็นต์ของ ^{1}^{2}[ Cart Revolution ]^{3}^{4} เพิ่มขึ้น ${1}%
10800100038	STR increases by ${1}.	เพิ่ม STR ขึ้น ${1}
10800100039	LUK increases by ${1}.	เพิ่ม LUK ขึ้น ${1}
10800100040	VIT increases by ${1}.	เพิ่ม VIT ขึ้น ${1}
10800100041	^{1}^{2}[Hammer Fall]^{3}^{4}'s percentage damage multiplier increases by ${1}% and its fixed damage increases by ${2}.	ตัวคูณความเสียหายแบบเปอร์เซ็นต์ของ ^{1}^{2}[ Hammer Fall ]^{3}^{4} เพิ่มขึ้น ${1}% และความเสียหายจริงเพิ่มขึ้น ${2}
10800100053	^{1}^{2}[High Speed Cart Ram]^{3}^{4}'s percentage damage multiplier increases by ${1}% and its fixed damage increases by ${2}.	ตัวคูณความเสียหายแบบเปอร์เซ็นต์ของ ^{1}^{2}[ High Speed Cart Ram ]^{3}^{4} เพิ่มขึ้น ${1}% และความเสียหายจริงเพิ่มขึ้น ${2}
10800100068	^{1}^{2}[Smite]^{3}^{4}'s percentage damage multiplier increases by ${1}% and its fixed damage increases by ${2}.	ตัวคูณความเสียหายแบบเปอร์เซ็นต์ของ ^{1}^{2}[ Smite ]^{3}^{4} เพิ่มขึ้น ${1}% และความเสียหายจริงเพิ่มขึ้น ${2}
10800100071	^{1}^{2}[Grand Cross]^{3}^{4}'s percentage damage multiplier increases by ${1}% and its fixed damage increases by ${2}.	ตัวคูณความเสียหายแบบเปอร์เซ็นต์ของ ^{1}^{2}[ Grand Cross ]^{3}^{4} เพิ่มขึ้น ${1}% และความเสียหายจริงเพิ่มขึ้น ${2}
10800100074	^{1}^{2}[Shield Boomerang]^{3}^{4}'s percentage damage multiplier increases by ${1}% and its fixed damage increases by ${2}.	ตัวคูณความเสียหายแบบเปอร์เซ็นต์ของ ^{1}^{2}[ Shield Boomerang ]^{3}^{4} เพิ่มขึ้น ${1}% และความเสียหายจริงเพิ่มขึ้น ${2}
10800100125	AGI +${1}	AGI +${1}
10800100199	Reduces Water damage taken by ${1}%.	ลด ความเสียหายธาตุ Water ที่ได้รับ ลง ${1}%
10800100230	STR +${1}	STR +${1}
10800100231	AGI +${1}	AGI +${1}
10800100232	VIT +${1}	VIT +${1}
10800100233	INT +${1}	INT +${1}
10800100234	DEX +${1}	DEX +${1}
10800100249	Physical ATK +${1}.	P.ATK +${1}
10800100276	Magic ATK increases by ${1}.	เพิ่ม M.ATK ขึ้น ${1}
10800100277	Cast Speed increases by ${1}.	เพิ่ม Cast Speed ขึ้น ${1}
10800100278	Crit increases by ${1}.	เพิ่ม CRIT ขึ้น ${1}
12390100933	Permanently unlock the Kitty Set Costume appearance	ปลดล็อกรูปลักษณ์ Kitty Set Costume อย่างถาวร
12390100932	Permanently unlock the GM Set Costume appearance	ปลดล็อกรูปลักษณ์ GM Set Costume อย่างถาวร
12390100931	Permanently unlock the Academy Set Costume appearance	ปลดล็อกรูปลักษณ์ Academy Set Costume อย่างถาวร
12390100911	Activate the Strawberry Macaron Hairstyle (Permanent).	ปลดล็อกทรงผม Strawberry Macaron อย่างถาวร
12390100910	Activate the Kitty Tail Appearance (Permanent).	ปลดล็อกรูปลักษณ์ Kitty Tail อย่างถาวร
12390100903	Activate the Worldscorch Feather matching Headwear Appearance (Permanent).	ปลดล็อกรูปลักษณ์เครื่องประดับศีรษะที่เข้าชุดกับ Worldscorch Feather อย่างถาวร
12390100902	Permanently unlocks the Giant Bow Scarf appearance	ปลดล็อกรูปลักษณ์ Giant Bow Scarf อย่างถาวร
12390100901	Permanently unlocks the Crazy Bunny Family Balloon appearance	ปลดล็อกรูปลักษณ์ Crazy Bunny Family Balloon อย่างถาวร
12390100900	Permanently unlocks the Crazy Bunny appearance	ปลดล็อกรูปลักษณ์ Crazy Bunny อย่างถาวร
12390100899	Permanently unlocks the Grim Reaper's Scythe appearance	ปลดล็อกรูปลักษณ์ Grim Reaper's Scythe อย่างถาวร
12390100898	Permanently unlocks the Wheel of Space-Time appearance	ปลดล็อกรูปลักษณ์ Wheel of Space-Time อย่างถาวร
12390100897	Permanently unlocks the Blossom Fairy appearance	ปลดล็อกรูปลักษณ์ Blossom Fairy อย่างถาวร
12390100896	Permanently unlocks the Fish In Mouth appearance	ปลดล็อกรูปลักษณ์ Fish In Mouth อย่างถาวร
12390100895	Permanently unlocks the Pipe appearance	ปลดล็อกรูปลักษณ์ Pipe อย่างถาวร
12390100894	Permanently unlocks the Angry Snarl appearance	ปลดล็อกรูปลักษณ์ Angry Snarl อย่างถาวร
12390100893	Permanently unlocks the Angel Wing Earrings appearance	ปลดล็อกรูปลักษณ์ Angel Wing Earrings อย่างถาวร
12390100892	Permanently unlocks the Evil Wing Ears appearance	ปลดล็อกรูปลักษณ์ Evil Wing Ears อย่างถาวร
12390100891	Permanently unlocks the Goblin Leader Mask appearance	ปลดล็อกรูปลักษณ์ Goblin Leader Mask อย่างถาวร
12390100890	Permanently unlocks the Prankster Mask appearance	ปลดล็อกรูปลักษณ์ Prankster Mask อย่างถาวร
12390100889	Permanently unlocks the Rune Crown appearance	ปลดล็อกรูปลักษณ์ Rune Crown อย่างถาวร
12390100888	Permanently unlocks the Midnight Thorn appearance	ปลดล็อกรูปลักษณ์ Midnight Thorn อย่างถาวร
12390100887	Permanently unlocks the Fox Mask appearance	ปลดล็อกรูปลักษณ์ Fox Mask อย่างถาวร
12390100886	Permanently unlocks the Poo Poo Hat appearance	ปลดล็อกรูปลักษณ์ Poo Poo Hat อย่างถาวร
12390100885	Permanently unlocks the Sun God Helmet appearance	ปลดล็อกรูปลักษณ์ Sun God Helmet อย่างถาวร
12390100884	Permanently unlocks the Starfish Hairpin appearance	ปลดล็อกรูปลักษณ์ Starfish Hairpin อย่างถาวร
12390100883	Permanently unlocks the Vampire Hairpin appearance	ปลดล็อกรูปลักษณ์ Vampire Hairpin อย่างถาวร
12390100882	Permanently unlocks the Moonlight Flower Hat appearance	ปลดล็อกรูปลักษณ์ Moonlight Flower Hat อย่างถาวร
12390100881	Permanently unlocks the Majestic Goat appearance	ปลดล็อกรูปลักษณ์ Majestic Goat อย่างถาวร
12390100880	Permanently unlocks the Jewel Crown appearance	ปลดล็อกรูปลักษณ์ Jewel Crown อย่างถาวร
12390100879	Permanently unlocks the Horned Headband appearance	ปลดล็อกรูปลักษณ์ Horned Headband อย่างถาวร
12390100878	Permanently unlocks the Sphinx Hat appearance	ปลดล็อกรูปลักษณ์ Sphinx Hat อย่างถาวร
12390100877	Permanently unlocks the Crown appearance	ปลดล็อกรูปลักษณ์ Crown อย่างถาวร
12390100876	Permanently unlocks the Golden Coronet appearance	ปลดล็อกรูปลักษณ์ Golden Coronet อย่างถาวร
12390100875	Permanently unlocks the Pirate Captain's Hat appearance	ปลดล็อกรูปลักษณ์ Pirate Captain's Hat อย่างถาวร
12390100874	Permanently unlocks the Grand Circlet appearance	ปลดล็อกรูปลักษณ์ Grand Circlet อย่างถาวร
12390100873	Permanently unlocks the Tiara appearance	ปลดล็อกรูปลักษณ์ Tiara อย่างถาวร
12390100872	Permanently unlocks the Helmet of Orc Hero appearance	ปลดล็อกรูปลักษณ์ Helmet of Orc Hero อย่างถาวร
12390100871	Permanently unlocks the Evil Wing appearance	ปลดล็อกรูปลักษณ์ Evil Wing อย่างถาวร
12390100870	Permanently unlocks the Golden Headwear appearance	ปลดล็อกรูปลักษณ์ Golden Headwear อย่างถาวร
12390100869	Permanently unlocks the Angel Headband appearance	ปลดล็อกรูปลักษณ์ Angel Headband อย่างถาวร
12390100868	Permanently unlocks the School Backpack appearance	ปลดล็อกรูปลักษณ์ School Backpack อย่างถาวร
12390100867	Permanently unlocks the Grand Voyage appearance	ปลดล็อกรูปลักษณ์ Grand Voyage อย่างถาวร
12390100866	Permanently unlocks the Old Television appearance	ปลดล็อกรูปลักษณ์ Old Television อย่างถาวร
12390100865	Permanently unlocks the Furry Tail appearance	ปลดล็อกรูปลักษณ์ Furry Tail อย่างถาวร
12390100864	Permanently unlocks the Flame Scarf appearance	ปลดล็อกรูปลักษณ์ Flame Scarf อย่างถาวร
12390100863	Permanently unlocks the Child Pacifier appearance	ปลดล็อกรูปลักษณ์ Child Pacifier อย่างถาวร
12390100862	Permanently unlocks the Toast appearance	ปลดล็อกรูปลักษณ์ Toast อย่างถาวร
12390100861	Permanently unlocks the Lucky Clover appearance	ปลดล็อกรูปลักษณ์ Lucky Clover อย่างถาวร
12390100860	Permanently unlocks the Romantic Leaf appearance	ปลดล็อกรูปลักษณ์ Romantic Leaf อย่างถาวร
12390100859	Permanently unlocks the Sweet Candy appearance	ปลดล็อกรูปลักษณ์ Sweet Candy อย่างถาวร
12390100858	Permanently unlocks the Clown Nose appearance	ปลดล็อกรูปลักษณ์ Clown Nose อย่างถาวร
12390100857	Permanently unlocks the Lovely Sleep Mask appearance	ปลดล็อกรูปลักษณ์ Lovely Sleep Mask อย่างถาวร
12390100856	Permanently unlocks the Small Ribbons appearance	ปลดล็อกรูปลักษณ์ Small Ribbons อย่างถาวร
12390100855	Permanently unlocks the Blush appearance	ปลดล็อกรูปลักษณ์ Blush อย่างถาวร
12390100854	Permanently unlocks the Smiling Mask appearance	ปลดล็อกรูปลักษณ์ Smiling Mask อย่างถาวร
12390100853	Permanently unlocks the Spinning Glasses appearance	ปลดล็อกรูปลักษณ์ Spinning Glasses อย่างถาวร
12390100852	Permanently unlocks the One-Eyed Blinker appearance	ปลดล็อกรูปลักษณ์ One-Eyed Blinker อย่างถาวร
12390100851	Permanently unlocks the Urgent Care appearance	ปลดล็อกรูปลักษณ์ Urgent Care อย่างถาวร
12390100850	Permanently unlocks the Black Cat Ears appearance	ปลดล็อกรูปลักษณ์ Black Cat Ears อย่างถาวร
12390100849	Permanently unlocks the Sage's Stone Helm appearance	ปลดล็อกรูปลักษณ์ Sage's Stone Helm อย่างถาวร
12390100848	Permanently unlocks the Banana Hat appearance	ปลดล็อกรูปลักษณ์ Banana Hat อย่างถาวร
12390100847	Permanently unlocks the Drama Hat appearance	ปลดล็อกรูปลักษณ์ Drama Hat อย่างถาวร
12390100846	Permanently unlocks the Apple Headwear appearance	ปลดล็อกรูปลักษณ์ Apple Headwear อย่างถาวร
12390100845	Permanently unlocks the Deviruchi Hat appearance	ปลดล็อกรูปลักษณ์ Deviruchi Hat อย่างถาวร
12390100844	Permanently unlocks the Nurse Cap appearance	ปลดล็อกรูปลักษณ์ Nurse Cap อย่างถาวร
12390100843	Permanently unlocks the Drooping Cat appearance	ปลดล็อกรูปลักษณ์ Drooping Cat อย่างถาวร
12390100842	Permanently unlocks the Playful Lace Kitty Headband appearance	ปลดล็อกรูปลักษณ์ Playful Lace Kitty Headband อย่างถาวร
12390100841	Permanently unlocks the Goggles appearance	ปลดล็อกรูปลักษณ์ Goggles อย่างถาวร
12390100840	Permanently unlocks the Feather Bonnet appearance.	ปลดล็อกรูปลักษณ์ Feather Bonnet อย่างถาวร
12390100839	Permanently unlocks the Bunny Hair Band appearance	ปลดล็อกรูปลักษณ์ Bunny Hair Band อย่างถาวร
12390100838	Permanently unlocks the Grand Peco Hair Accessory appearance	ปลดล็อกรูปลักษณ์ Grand Peco Hair Accessory อย่างถาวร
12390100837	 permanently unlocks the Chicken Beak appearance	ปลดล็อกรูปลักษณ์ Chicken Beak อย่างถาวร
12390100836	Permanently unlocks the White Beard appearance	ปลดล็อกรูปลักษณ์ White Beard อย่างถาวร
12390100835	Permanently unlocks the Blinker appearance	ปลดล็อกรูปลักษณ์ Blinker อย่างถาวร
12390100834	Permanently unlocks the Sunglasses appearance	ปลดล็อกรูปลักษณ์ Sunglasses อย่างถาวร
12390100833	Permanently unlocks the Student Hat appearance	ปลดล็อกรูปลักษณ์ Student Hat อย่างถาวร
12390100832	Permanently unlocks the Mage's Hat appearance	ปลดล็อกรูปลักษณ์ Mage's Hat อย่างถาวร
12390100831	Permanently unlocks the Army Cap appearance	ปลดล็อกรูปลักษณ์ Army Cap อย่างถาวร
12390100830	Permanently unlocks the Egg Shell appearance	ปลดล็อกรูปลักษณ์ Egg Shell อย่างถาวร
12390100829	Permanently unlocks the Bread Bag Hat appearance	ปลดล็อกรูปลักษณ์ Bread Bag Hat อย่างถาวร
12390100828	Permanently unlocks the Fruit Peel Hat appearance	ปลดล็อกรูปลักษณ์ Fruit Peel Hat อย่างถาวร
12390100822	Use to unlock Chapter 2 of a book	ใช้เพื่อปลดล็อกบทที่ 2 ของหนังสือ
12390100821	Use to unlock Chapter 1 of a book	ใช้เพื่อปลดล็อกบทที่ 1 ของหนังสือ
12390100820	Mount · Magic Carpet can be unlocked upon use.	ใช้เพื่อปลดล็อกสัตว์ขี่ Magic Carpet
12390100819	Mount · Baby Kun can be unlocked upon use.	ใช้เพื่อปลดล็อกสัตว์ขี่ Baby Kun
12390100818	Mount · Fish of the Northern Deep can be unlocked upon use.	ใช้เพื่อปลดล็อกสัตว์ขี่ Fish of the Northern Deep
12390100817	Mount · Crab You Very Much can be unlocked upon use.	ใช้เพื่อปลดล็อกสัตว์ขี่ Crab You Very Much
12390100815	Mount · Savage can be unlocked upon use.	ใช้เพื่อปลดล็อกสัตว์ขี่ Savage
12390100814	Mount · Ostrich can be unlocked upon use.	ใช้เพื่อปลดล็อกสัตว์ขี่ Ostrich
12390100813	Mount · Fox can be unlocked upon use.	ใช้เพื่อปลดล็อกสัตว์ขี่ Fox
12390100812	Mount · Hyena can be unlocked upon use.	ใช้เพื่อปลดล็อกสัตว์ขี่ Hyena
12390100811	Mount · Alpaca can be unlocked upon use.	ใช้เพื่อปลดล็อกสัตว์ขี่ Alpaca
12390100810	Mount · Lion can be unlocked upon use.	ใช้เพื่อปลดล็อกสัตว์ขี่ Lion
12390100809	Mount · Big Poring can be unlocked upon use.	ใช้เพื่อปลดล็อกสัตว์ขี่ Big Poring
12390100808	Mount · Dream Steed can be unlocked upon use.	ใช้เพื่อปลดล็อกสัตว์ขี่ Dream Steed
12390100807	Mount · Eggshell Chubby Chick can be unlocked upon use.	ใช้เพื่อปลดล็อกสัตว์ขี่ Eggshell Chubby Chick
12390100806	Mount · Wind-Up Rocking Chair can be unlocked upon use.	ใช้เพื่อปลดล็อกสัตว์ขี่ Wind-Up Rocking Chair
12390100805	Mount · Goblin Balloon can be unlocked upon use.	ใช้เพื่อปลดล็อกสัตว์ขี่ Goblin Balloon
12390100804	Mount · Pompadour can be unlocked upon use.	ใช้เพื่อปลดล็อกสัตว์ขี่ Pompadour
12390100803	Mount · Fluffy Bunny can be unlocked upon use.	ใช้เพื่อปลดล็อกสัตว์ขี่ Fluffy Bunny
12390100802	Mount · Orchid Waterside Pavilion can be unlocked upon use.	ใช้เพื่อปลดล็อกสัตว์ขี่ Orchid Waterside Pavilion
12390100801	Mount · Solar Chariot can be unlocked upon use.	ใช้เพื่อปลดล็อกสัตว์ขี่ Solar Chariot
12390100800	Mount · Starshatter Dragon can be unlocked upon use.	ใช้เพื่อปลดล็อกสัตว์ขี่ Starshatter Dragon
12390100799	Use to Activate the Set Sail Name Card Theme.	ใช้เพื่อเปิดใช้งานธีมนามบัตร Set Sail
12390100798	Use to Activate the Meow Name Card Theme.	ใช้เพื่อเปิดใช้งานธีมนามบัตร Meow
12390100797	Use to Activate the Bouquet Name Card Theme.	ใช้เพื่อเปิดใช้งานธีมนามบัตร Bouquet
12390100796	Use to Activate the Land of Lilies of the Valley Name Card Location.	ใช้เพื่อเปิดใช้งานสถานที่บนหน้าบัตรชื่อ Land of Lilies of the Valley
12390100795	Use to Activate the Path of Adventure Name Card Location.	ใช้เพื่อเปิดใช้งานสถานที่บนหน้าบัตรชื่อ Path of Adventure
12390100792	Use to Activate the Fashion Gala title for @{1} hours.	ใช้เพื่อเปิดใช้งานฉายา Fashion Gala เป็นเวลา @{1} ชั่วโมง
12390100791	Use to Activate the Hero Registry title for @{1} hours.	ใช้เพื่อเปิดใช้งานฉายา Hero Registry เป็นเวลา @{1} ชั่วโมง
12390100790	Use to Activate the Spirit Conqueror title for @{1} hours.	ใช้เพื่อเปิดใช้งานฉายา Spirit Conqueror เป็นเวลา @{1} ชั่วโมง
12390100789	Use to Activate the Star of Rekenber title (Permanent).	ใช้เพื่อปลดล็อกฉายา Star of Rekenber อย่างถาวร
12390100788	Use to Activate the Novice's Pride title (Permanent).	ใช้เพื่อปลดล็อกฉายา Novice's Pride อย่างถาวร
12390100787	Use to Activate the Ten Great Heroes title for @{1} hours.	ใช้เพื่อเปิดใช้งานฉายา Ten Great Heroes เป็นเวลา @{1} ชั่วโมง
12390100786	Use to Activate the Victory of the Covenant Bubble (Permanent).	ใช้เพื่อปลดล็อกกรอบข้อความแชต Victory of the Covenant อย่างถาวร
12390100785	Use to Activate the Rift in the Sky Bubble (Permanent).	ใช้เพื่อปลดล็อกกรอบข้อความแชต Rift in the Sky อย่างถาวร
12390100784	Use to Activate the Victory of the Covenant Portrait Frame (Permanent).	ใช้เพื่อปลดล็อกกรอบรูปโปรไฟล์ Victory of the Covenant อย่างถาวร
12390100783	Use to Activate the Genesis Canticle Portrait Frame (Permanent).	ใช้เพื่อปลดล็อกกรอบรูปโปรไฟล์ Genesis Canticle อย่างถาวร
12390100781	Use to Activate the Star of Rekenber Portrait (Permanent).	ใช้เพื่อปลดล็อกรูปโปรไฟล์ Star of Rekenber อย่างถาวร
12390100240	Freshly squeezed Grape and Lemon juices blended into a bright, sweet-and-tart drink. Increases Magic DEF by @{1}~@{2} for @{3} hours.	น้ำองุ่นและน้ำมะนาวคั้นสดผสมเป็นเครื่องดื่มสีสด รสหวานอมเปรี้ยว เพิ่ม M.DEF ขึ้น @{1}~@{2} เป็นเวลา @{3} ชั่วโมง
12390100239	Grape powder dissolved in sparkling water, topped with persistent purple-red foam. Increases Physical DEF by @{1}~@{2} for @{3} hours.	ผงองุ่นละลายในน้ำอัดลม เติมฟองสีม่วงแดงที่คงอยู่ได้นาน เพิ่ม P.DEF ขึ้น @{1}~@{2} เป็นเวลา @{3} ชั่วโมง
12390100238	Lemon and herbs infused in Alcohol until as clear as Crystal. Increases Life by @{1}~@{2} for @{3} hours.	มะนาวและสมุนไพรที่แช่ในแอลกอฮอล์จนใสราวคริสตัล เพิ่ม HP ขึ้น @{1}~@{2} เป็นเวลา @{3} ชั่วโมง
12390100237	A deep purple cocktail of Grape juice, Lemon juice, and Alcohol, shaken well. Increases Magic ATK by @{1}~@{2} for @{3} hours.	ค็อกเทลสีม่วงเข้มจากน้ำองุ่น น้ำมะนาว และแอลกอฮอล์ เขย่าจนเข้ากัน เพิ่ม M.ATK ขึ้น @{1}~@{2} เป็นเวลา @{3} ชั่วโมง
12390100236	Slow-fermented Grape wine with a deep purple hue and herbal finish. Increases Physical ATK by @{1}~@{2} for @{3} hours.	ไวน์องุ่นที่หมักช้า ๆ จนเป็นสีม่วงเข้ม มีรสสมุนไพรติดปลายลิ้น เพิ่ม P.ATK ขึ้น @{1}~@{2} เป็นเวลา @{3} ชั่วโมง
12390100235	Strawberry and cocoa melted into warm Milk, creating a rich pinkish-brown drink. Increases Magic DEF by @{1}~@{2} for @{3} hours.	สตรอว์เบอร์รีและโกโก้ที่ละลายในนมอุ่น กลายเป็นเครื่องดื่มเข้มข้นสีน้ำตาลอมชมพู เพิ่ม M.DEF ขึ้น @{1}~@{2} เป็นเวลา @{3} ชั่วโมง
12390100234	A thick pink milkshake blended from strawberries and Milk. Increases Physical DEF by @{1}~@{2} for @{3} hours.	มิลก์เชกสีชมพูเนื้อข้น ปั่นจากสตรอว์เบอร์รีและนม เพิ่ม P.DEF ขึ้น @{1}~@{2} เป็นเวลา @{3} ชั่วโมง
12390100233	Thick hot cocoa flavored with vanilla and topped with fine Milk foam. Increases Life by @{1}~@{2} for @{3} hours.	โกโก้ร้อนเข้มข้นแต่งกลิ่นวานิลลา ราดด้วยฟองนมเนื้อละเอียด เพิ่ม HP ขึ้น @{1}~@{2} เป็นเวลา @{3} ชั่วโมง
12390100232	Round strawberry-and-cocoa-filled candies coated in a hard sugar shell. Increases Magic ATK by @{1}~@{2} for @{3} hours.	ลูกอมกลมไส้สตรอว์เบอร์รีและโกโก้ เคลือบเปลือกน้ำตาลแข็ง เพิ่ม M.ATK ขึ้น @{1}~@{2} เป็นเวลา @{3} ชั่วโมง
12390100231	Strawberry juice boiled into amber hard candy and broken into shards. Increases Physical ATK by @{1}~@{2} for @{3} hours.	น้ำสตรอว์เบอร์รีที่ต้มจนเป็นลูกอมแข็งสีอำพันแล้วหักเป็นชิ้น เพิ่ม P.ATK ขึ้น @{1}~@{2} เป็นเวลา @{3} ชั่วโมง
12390100230	A coarse, thick flatbread baked from Grains flour mixed with monster meat and chili peppers. Increases Magic DEF by @{1}~@{2} for @{3} hours.	ขนมปังแผ่นหนาเนื้อหยาบ อบจากแป้งธัญพืชผสมเนื้อมอนสเตอร์และพริก เพิ่ม M.DEF ขึ้น @{1}~@{2} เป็นเวลา @{3} ชั่วโมง
12390100229	Monster meat marinated in chili sauce and seared on a griddle until crisp outside and tender within. Increases Physical DEF by @{1}~@{2} for @{3} hours.	เนื้อมอนสเตอร์หมักซอสพริก ย่างบนกระทะแบนจนกรอบนอกนุ่มใน เพิ่ม P.DEF ขึ้น @{1}~@{2} เป็นเวลา @{3} ชั่วโมง
12390100228	Fresh mushrooms skewered and charcoal-grilled until browned outside and plump within. Increases Life by @{1}~@{2} for @{3} hours.	เห็ดสดเสียบไม้ย่างถ่านจนผิวเกรียมสีน้ำตาลและเนื้อในอวบฉ่ำ เพิ่ม HP ขึ้น @{1}~@{2} เป็นเวลา @{3} ชั่วโมง
12390100227	Mushrooms and tomatoes simmered together into a fragrant amber broth. Increases Magic ATK by @{1}~@{2} for @{3} hours.	เห็ดและมะเขือเทศที่เคี่ยวรวมกันเป็นน้ำซุปสีอำพันหอมกรุ่น เพิ่ม M.ATK ขึ้น @{1}~@{2} เป็นเวลา @{3} ชั่วโมง
12390100226	Slow-simmered tomatoes reduced into a rich orange-red broth with a robust tangy aroma. Increases Physical ATK by @{1}~@{2} for @{3} hours.	มะเขือเทศที่เคี่ยวช้า ๆ จนเป็นน้ำซุปข้นสีส้มแดง มีกลิ่นหอมเปรี้ยวเข้มข้น เพิ่ม P.ATK ขึ้น @{1}~@{2} เป็นเวลา @{3} ชั่วโมง
12390100215	A Fountain of Life surging with boundless vitality that instantly restores @{1} HP. Cooldown: @{2} sec.	Fountain of Life ที่เปี่ยมด้วยพลังชีวิตไร้ขอบเขต ฟื้นฟู HP @{1} แต้มทันที Cooldown: @{2} วินาที
12390100214	A Healing Potion imbued with the power of Blessing that instantly restores @{1} HP. Cooldown: @{2} sec.	ยาฟื้นฟูที่เปี่ยมด้วยพลังแห่ง Blessing ฟื้นฟู HP @{1} แต้มทันที Cooldown: @{2} วินาที
12390100213	A vibrant Green Healing Potion brimming with Life that instantly restores @{1} HP. Cooldown: @{2} sec.	ยาฟื้นฟูสีเขียวสดใสที่เปี่ยมด้วยพลังชีวิต ฟื้นฟู HP @{1} แต้มทันที Cooldown: @{2} วินาที
12390100212	A deep crimson Healing Potion that instantly restores @{1} HP. Cooldown: @{2} sec.	ยาฟื้นฟูสีแดงเข้ม ฟื้นฟู HP @{1} แต้มทันที Cooldown: @{2} วินาที
12390100211	A golden Yellow Healing Potion that instantly restores @{1} HP. Cooldown: @{2} sec.	ยาฟื้นฟูสีเหลืองทอง ฟื้นฟู HP @{1} แต้มทันที Cooldown: @{2} วินาที
12390100210	A bright Red Healing Potion that instantly restores @{1} HP. Cooldown: @{2} sec.	ยาฟื้นฟูสีแดงสด ฟื้นฟู HP @{1} แต้มทันที Cooldown: @{2} วินาที
12390100209	A vibrant Green Healing Potion that instantly restores @{1} HP. Cooldown: @{2} sec.	ยาฟื้นฟูสีเขียวสดใส ฟื้นฟู HP @{1} แต้มทันที Cooldown: @{2} วินาที
12390100241	Marinated Beast Meat wrapped in dough made from Grains, then steamed and baked to form a dark red crust. Grants @{1}%~@{2}% Increased Damage to Medium Monsters for @{3} hours.	เนื้อสัตว์หมักห่อด้วยแป้งธัญพืช นึ่งแล้วอบจนมีเปลือกสีแดงเข้ม ได้รับโบนัส @{1}%~@{2}% ให้แก่ความเสียหายต่อมอนสเตอร์ขนาดกลาง เป็นเวลา @{3} ชั่วโมง
12390100242	Herbs simmered into soft rice porridge, leaving a lingering bittersweet aroma. Reduces damage taken from Medium monsters by @{1}%~@{2}% for @{3} hours.	สมุนไพรที่เคี่ยวกับข้าวจนเป็นโจ๊กเนื้อนุ่ม มีกลิ่นหอมหวานขมติดปลายจมูก ลดความเสียหายที่ได้รับจากมอนสเตอร์ขนาดกลางลง @{1}%~@{2}% เป็นเวลา @{3} ชั่วโมง
12390100243	Beast hide marinated with herbs and chili peppers, rolled into a tube, and charcoal-grilled. Grants @{1}%~@{2}% DMG vs Demi-Human for @{3} hours.	หนังสัตว์หมักสมุนไพรและพริก ม้วนเป็นหลอดแล้วย่างถ่าน ได้รับโบนัส @{1}%~@{2}% ให้แก่ความเสียหายต่อ Demi-Human เป็นเวลา @{3} ชั่วโมง
12390100244	Grains, monster meat, and chili peppers stir-fried over high heat until every grain gleams with oil. Reduces damage taken from Demi-Human monsters by @{1}%~@{2}% for @{3} hours.	ธัญพืช เนื้อมอนสเตอร์ และพริก ผัดด้วยไฟแรงจนทุกเมล็ดเป็นมันวาวจากน้ำมัน ลดความเสียหายที่ได้รับจากมอนสเตอร์ Demi-Human ลง @{1}%~@{2}% เป็นเวลา @{3} ชั่วโมง
12390100245	A smooth brown pudding made by setting cocoa bean juice with Milk. Grants @{1}%-@{2}% Increased Damage to Medium Monsters for @{3} hours.	พุดดิ้งสีน้ำตาลเนื้อเนียน ทำจากน้ำเมล็ดโกโก้ผสมนมแล้วปล่อยให้เซตตัว ได้รับโบนัส @{1}%-@{2}% ให้แก่ความเสียหายต่อมอนสเตอร์ขนาดกลาง เป็นเวลา @{3} ชั่วโมง
12390100246	A Stem coated in colorful layers of syrup for a dazzling finish. Reduces damage taken from Medium monsters by @{1}%-@{2}% for @{3} hours.	ก้านพืชเคลือบน้ำเชื่อมหลากสีเป็นชั้น ๆ ดูสะดุดตา ลดความเสียหายที่ได้รับจากมอนสเตอร์ขนาดกลางลง @{1}%-@{2}% เป็นเวลา @{3} ชั่วโมง
12390100247	Dried Strawberry and herb leaves slow-simmered into a light red soup with a delicate sweetness. Grants @{1}%-@{2}% DMG vs Demi-Human for @{3} hours.	สตรอว์เบอร์รีแห้งและใบสมุนไพรที่เคี่ยวช้า ๆ เป็นซุปสีแดงอ่อน รสหวานละมุน ได้รับโบนัส @{1}%-@{2}% ให้แก่ความเสียหายต่อ Demi-Human เป็นเวลา @{3} ชั่วโมง
12390100248	Dried strawberries coated in cocoa syrup and set on a Stem. Reduces damage taken from Demi-Human monsters by @{1}%-@{2}% for @{3} hours.	สตรอว์เบอร์รีแห้งเคลือบน้ำเชื่อมโกโก้แล้วเสียบบนก้านพืช ลดความเสียหายที่ได้รับจากมอนสเตอร์ Demi-Human ลง @{1}%-@{2}% เป็นเวลา @{3} ชั่วโมง
12390100249	Lemon slices steeped in orangewood sap, creating a clear, light drink with a citrus aroma. Grants @{1}%~@{2}% Increased Damage to Medium Monsters for @{3} hours.	มะนาวหั่นแว่นแช่ในน้ำเลี้ยงไม้ส้ม เป็นเครื่องดื่มใสรสเบาพร้อมกลิ่นหอมส้ม ได้รับโบนัส @{1}%~@{2}% ให้แก่ความเสียหายต่อมอนสเตอร์ขนาดกลาง เป็นเวลา @{3} ชั่วโมง
12390100250	Herbs and Lemon gently infused in orangewood sap at a low temperature. Reduces damage taken from Medium monsters by @{1}%~@{2}% for @{3} hours.	สมุนไพรและมะนาวที่แช่ในน้ำเลี้ยงไม้ส้มอย่างช้า ๆ ที่อุณหภูมิต่ำ ลดความเสียหายที่ได้รับจากมอนสเตอร์ขนาดกลางลง @{1}%~@{2}% เป็นเวลา @{3} ชั่วโมง
12390100251	Grape and herbs slow-simmered in orangewood sap for a rich, woody aroma. Increases damage to Demi-Human monsters by @{1}%~@{2}% for @{3} hours.	องุ่นและสมุนไพรที่เคี่ยวช้า ๆ ในน้ำเลี้ยงไม้ส้ม มีกลิ่นไม้หอมเข้มข้น เพิ่มความเสียหายต่อมอนสเตอร์ Demi-Human ขึ้น @{1}%~@{2}% เป็นเวลา @{3} ชั่วโมง
12390100252	Grape and Lemon simmered in bitter orange juice for a lingering woody sweetness. Use to increase Demi-Human damage reduction by @{1}%~@{2}% for @{3} hours.	องุ่นและมะนาวที่เคี่ยวในน้ำส้มขม มีรสหวานและกลิ่นไม้ติดปลายลิ้น ใช้เพื่อเพิ่มการลดความเสียหายจาก Demi-Human ขึ้น @{1}%~@{2}% เป็นเวลา @{3} ชั่วโมง
10110300070	Increases your Physical ATK by ^{1}${1}^{2} for ${2} sec.	เพิ่ม P.ATK ขึ้น ^{1}${1}^{2} เป็นเวลา ${2} วินาที
10110300141	Increases Max Life by ^{1}${1}^{2}.	เพิ่ม Max HP ขึ้น ^{1}${1}^{2}
10220300953	Physical DEF and Magic DEF increased by @{1}%.	เพิ่ม P.DEF และ M.DEF ขึ้น @{1}%
10220300952	Physical ATK increased by @{1}%.	เพิ่ม P.ATK ขึ้น @{1}%
10220300930	Damage taken reduced by @{1}%.	ลด ความเสียหายที่ได้รับ ลง @{1}%
10220300899	Increases 【Meteor Assault】 damage by ${1}%.	เพิ่มความเสียหายของ [ Meteor Assault ] ขึ้น ${1}%
10220300890	Increases 【Virus Spread】 damage by ${1}%.	เพิ่มความเสียหายของ [ Virus Spread ] ขึ้น ${1}%
10220300884	Physical ATK +${1}.	P.ATK +${1}
10220300881	Increases 【Grimtooth】 damage by ${1}%.	เพิ่มความเสียหายของ [ Grimtooth ] ขึ้น ${1}%
10220300878	Increases 【Envenomed Blade】 damage by ${1}%.	เพิ่มความเสียหายของ [ Envenomed Blade ] ขึ้น ${1}%
10220300875	Increases 【Sonic Blow】 damage by ${1}%.	เพิ่มความเสียหายของ [ Sonic Blow ] ขึ้น ${1}%
10220300869	Increases your damage dealt by @{1}%	เพิ่ม ความเสียหายที่สร้าง ขึ้น @{1}%
10220300867	Increases your Poison damage by @{1}%	เพิ่ม ความเสียหายธาตุ Poison ขึ้น @{1}%
10220300863	Increases 【Grimtooth】 damage by @{1}%.	เพิ่มความเสียหายของ [ Grimtooth ] ขึ้น @{1}%
10220300858	Immune to 【Poisoned】	มีภูมิคุ้มกันต่อ [ Poisoned ]
10220300857	Movement Speed -@{1}%, AGI -@{2}	MSPD -@{1}%, AGI -@{2}
10220300853	Reduces Healing Volume by @{1}%	ลด ปริมาณการฟื้นฟู ลง @{1}%
10220300852	Increases Healing Volume by @{1}%	เพิ่ม ปริมาณการฟื้นฟู ขึ้น @{1}%
10220300851	ATK +@{1}	ATK +@{1}
10220300840	Increases DEF by @{1}%.	เพิ่ม DEF ขึ้น @{1}%
10220300836	Damage taken increased by @{1}%.	เพิ่ม ความเสียหายที่ได้รับ ขึ้น @{1}%
10220300835	Physical DEF reduced by @{1}.	ลด P.DEF ลง @{1}
10220300834	Attack Speed reduced by @{1}%.	ลด ASPD ลง @{1}%
10220300833	Movement Speed reduced by @{1}%.	ลด MSPD ลง @{1}%
10220300826	Increases Basic Attack damage by @{1}%.	เพิ่ม ความเสียหายจากการโจมตีปกติ ขึ้น @{1}%
10220300822	Attack Speed increased by ${1}%.	เพิ่ม ASPD ขึ้น ${1}%
10220300818	Physical DEF increased by ${1}.	เพิ่ม P.DEF ขึ้น ${1}
10220300817	【Bash】 damage increased by @{1}%.	[ Bash ] สร้างความเสียหายเพิ่มขึ้น @{1}%
10220300816	Increases Physical and Magic DEF by ${1}.	เพิ่ม P.DEF และ M.DEF ขึ้น ${1}
10220300810	Movement Speed reduced by @{1}%.	ลด MSPD ลง @{1}%
10220300809	Movement Speed increased by @{1}%.	เพิ่ม MSPD ขึ้น @{1}%
10220300788	Movement Speed increased by @{1}%.	เพิ่ม MSPD ขึ้น @{1}%
10220300777	Movement Speed reduced by @{1}%.	ลด MSPD ลง @{1}%
10220300766	Stacks up to ${1} times.	สะสมได้สูงสุด ${1} stacks
10220300721	Movement Speed -@{1}%	MSPD -@{1}%
10220300718	Attack Speed +@{1}%.	ASPD +@{1}%
10220300717	Damage Reduction +^{1}${6}%^{2}.	การลดความเสียหาย +^{1}${6}%^{2}
10220300716	Damage Reduction +^{1}${5}%^{2}.	การลดความเสียหาย +^{1}${5}%^{2}
10220300715	Damage Reduction +^{1}${4}%^{2}.	การลดความเสียหาย +^{1}${4}%^{2}
10220300714	Damage Reduction +^{1}${3}%^{2}.	การลดความเสียหาย +^{1}${3}%^{2}
10220300713	Damage Reduction +^{1}${2}%^{2}.	การลดความเสียหาย +^{1}${2}%^{2}
10220300712	Damage taken -^{1}${1}%^{2}.	ความเสียหายที่ได้รับ -^{1}${1}%^{2}
10220300711	Water damage taken -^{1}${1}%^{2}.	ความเสียหายธาตุ Water ที่ได้รับ -^{1}${1}%^{2}
10220300706	Damage Reduction +^{1}${1}%^{2}.	การลดความเสียหาย +^{1}${1}%^{2}
10220300705	Physical/Magic ATK -^{1}${1}%^{2}.	P.ATK/M.ATK -^{1}${1}%^{2}
10220300703	Physical/Magic ATK +^{1}${1}%^{2}.	P.ATK/M.ATK +^{1}${1}%^{2}
10220300700	Physical/Magic DEF +^{1}${1}%^{2}.	P.DEF/M.DEF +^{1}${1}%^{2}
10220300696	Movement Speed -^{1}${1}%^{2}	MSPD -^{1}${1}%^{2}
10220300694	Physical/Magic DEF -^{1}${1}%^{2}	P.DEF/M.DEF -^{1}${1}%^{2}
10220300693	Physical/Magic DEF +^{1}${1}%^{2}	P.DEF/M.DEF +^{1}${1}%^{2}
10220300692	Shield equal to ^{1}${1}%^{2} of Max Life	โล่เท่ากับ ^{1}${1}%^{2} ของ Max HP
10220300690	Magic ATK +^{1}${1}%^{2}	M.ATK +^{1}${1}%^{2}
10220300689	Damage Taken -^{1}${1}%^{2}	ความเสียหายที่ได้รับ -^{1}${1}%^{2}
10220300684	Shield equal to ^{1}${1}%^{2} of Max Life	โล่เท่ากับ ^{1}${1}%^{2} ของ Max HP
10220300683	Ranged Damage +^{1}${1}%^{2}	ความเสียหายระยะไกล +^{1}${1}%^{2}
10220300682	Ranged Damage Taken +^{1}${1}%^{2}	ความเสียหายระยะไกลที่ได้รับ +^{1}${1}%^{2}
10220300681	Damage increased by ^{1}${1}%^{2}	เพิ่ม ความเสียหาย ขึ้น ^{1}${1}%^{2}
10220300677	Movement Speed increases by ^{1}${1}%^{2}	เพิ่ม MSPD ขึ้น ^{1}${1}%^{2}
10220300675	Reduces Move Speed by ${1}%.	ลด MSPD ลง ${1}%
10220300673	Restores ${1} Life per second.	ฟื้นฟู HP ${1} แต้มทุกวินาที
10220300664	Movement Speed decreases by ${1}%.	ลด MSPD ลง ${1}%
10220300661	Physical/Magic DEF decreases by @{1}%.	ลด P.DEF/M.DEF ลง @{1}%
10220300659	Cast Speed decreases by @{1}.	ลด Cast Speed ลง @{1}
10220300654	Physical DEF decreases by ${1}%.	ลด P.DEF ลง ${1}%
10220300651	Crit Chance increases by ${1}.	เพิ่ม CRIT ขึ้น ${1}
10220300649	Physical and Magic DEF reduced by ${1}%.	ลด P.DEF และ M.DEF ลง ${1}%
10220300648	Physical ATK and Magic ATK reduced by ${1}%.	ลด P.ATK และ M.ATK ลง ${1}%
10220300644	Movement Speed is reduced by @{1}%.	ลด MSPD ลง @{1}%
10220300640	Attack Speed +${1}%	ASPD +${1}%
10220300632	Physical/Magic DEF decreases by @{1}%	ลด P.DEF/M.DEF ลง @{1}%
10220300627	Increases damage dealt by ${1}%.	เพิ่ม ความเสียหายที่สร้าง ขึ้น ${1}%
10220300626	Increases damage taken by @{1}%	เพิ่ม ความเสียหายที่ได้รับ ขึ้น @{1}%
10220300625	Increases damage dealt by ^{1}${1}%^{2}.	เพิ่ม ความเสียหายที่สร้าง ขึ้น ^{1}${1}%^{2}
10220300624	Increases melee damage dealt by ^{1}${1}%^{2}.	เพิ่ม ความเสียหายระยะประชิดที่สร้าง ขึ้น ^{1}${1}%^{2}
10220300623	Increases damage dealt by ${1}% for ${2} seconds.	เพิ่ม ความเสียหายที่สร้าง ขึ้น ${1}% เป็นเวลา ${2} วินาที
10220300614	Increases Cast Speed by @{1}	เพิ่ม Cast Speed ขึ้น @{1}
10220300613	Increases Movement Speed by @{1}%.	เพิ่ม MSPD ขึ้น @{1}%
10220300592	Reduces Attack Speed by @{1}%	ลด ASPD ลง @{1}%
10220300580	ATK Speed reduced by @{1}%	ลด ASPD ลง @{1}%
10220300561	Increases Magic ATK by ^{1}${1}^{2}.	เพิ่ม M.ATK ขึ้น ^{1}${1}^{2}
10220300556	Increases magic damage dealt by ^{1}${1}%^{2}.	เพิ่ม ดาเมจเวทที่สร้าง ขึ้น ^{1}${1}%^{2}
10220300537	Increases Crit Chance by ^{1}${1}%^{2}.	เพิ่ม CRIT ขึ้น ^{1}${1}%^{2}
10220300536	Increases Cast Speed by ^{1}${1}^{2}.	เพิ่ม Cast Speed ขึ้น ^{1}${1}^{2}
10220300535	Increases Magic ATK by ^{1}${1}^{2}.	เพิ่ม M.ATK ขึ้น ^{1}${1}^{2}
10220300521	Increases Ghost damage dealt by @{1}%	เพิ่ม ความเสียหายธาตุ Ghost ที่สร้าง ขึ้น @{1}%
10220300520	Increases damage taken by @{1}%	เพิ่ม ความเสียหายที่ได้รับ ขึ้น @{1}%
10220300508	Reduces damage taken by ${1}%	ลด ความเสียหายที่ได้รับ ลง ${1}%
10220300497	Life increased by ${1}	เพิ่ม HP ขึ้น ${1}
10220300486	Physical Damage increased by ${1}%.	เพิ่ม P.DMG ขึ้น ${1}%
10220300485	Movement Speed increased by ${1}%.	เพิ่ม MSPD ขึ้น ${1}%
10220300483	Increases Physical ATK by @{1}%	เพิ่ม P.ATK ขึ้น @{1}%
10220300481	Increases Movement Speed by @{1}%	เพิ่ม MSPD ขึ้น @{1}%
10220300001	Searching for enemies within range who are ^{1}Hidden^{2}.	ค้นหาศัตรูภายในระยะที่อยู่ในสถานะ ^{1}Hidden^{2}
10220300005	Blocks ranged Physical damage.	ป้องกันดาเมจกายภาพระยะไกล
10220300006	This unit's Physical DEF is reduced.	P.DEF ของยูนิตนี้ลดลง
10220300007	Damage taken by this unit from the next hit is increased by ${1}%.	ความเสียหายจากการโจมตีครั้งถัดไปที่ยูนิตนี้ได้รับเพิ่มขึ้น ${1}%
10220300010	Become briefly Invincible and restore MP.	เป็นอมตะชั่วครู่และฟื้นฟู MP
10220300011	This unit's weapon gains the Holy property.	อาวุธของยูนิตนี้ได้รับธาตุ Holy
10220300012	This shield absorbs Physical damage equal to Magic ATK *${1}%.	โล่นี้ดูดซับดาเมจกายภาพเท่ากับ M.ATK *${1}%
10220300013	This unit's Physical ATK and Magic ATK increase by ${1}.	P.ATK และ M.ATK ของยูนิตนี้เพิ่มขึ้น ${1}
10220300015	Become briefly Invincible and restore Life.	เป็นอมตะชั่วครู่และฟื้นฟู HP
10220300018	Each stack increases Magic ATK by ${1}.	แต่ละ stacks เพิ่ม M.ATK ขึ้น ${1}
10220300021	Gain @{1} chances to become immune to movement-impairing status effects.	ได้รับโอกาส @{1} ครั้งในการป้องกันสถานะที่ขัดขวางการเคลื่อนที่
10220300022	Includes Stun, Knockback, Knock-up, Fear, Freeze, Petrify, Sleep, Silence, Immobilize, Darkness, Chill, Slow, Bleed, and Poisoned. These effects caused by dungeon content are excluded.	รวมถึง Stun, Knockback, Knock-up, Fear, Freeze, Petrify, Sleep, Silence, Immobilize, Darkness, Chill, Slow, Bleed และ Poisoned แต่ไม่รวมเอฟเฟกต์เหล่านี้ที่เกิดจากกลไกดันเจี้ยน
10220300023	Refers to effects that cause players to Cannot move or reduce their Movement Speed. These effects caused by dungeon content are excluded.	หมายถึงเอฟเฟกต์ที่ทำให้ผู้เล่นเคลื่อนที่ไม่ได้หรือลด MSPD แต่ไม่รวมเอฟเฟกต์เหล่านี้ที่เกิดจากกลไกดันเจี้ยน
10220300024	Gain a universal damage-absorption shield.	ได้รับโล่ดูดซับความเสียหายทุกประเภท
10220300025	Gain ${1}% Magic ATK and Physical ATK.	ได้รับโบนัส ${1}% ให้แก่ M.ATK และ P.ATK
10220300026	Gain ${1}% damage reduction and one chance to Respawn upon taking fatal damage.	ได้รับการลดความเสียหาย ${1}% และโอกาส Respawn หนึ่งครั้งเมื่อได้รับความเสียหายถึงตาย
10220300027	Gain one chance to Instant respawn upon death, excluding deaths caused by certain dungeon mechanics.	ได้รับโอกาสเกิดใหม่ทันทีหนึ่งครั้งเมื่อตาย ยกเว้นการตายจากกลไกดันเจี้ยนบางประเภท
10220300028	Gain a permanent damage-absorption shield.	ได้รับโล่ดูดซับความเสียหายถาวร
10220300029	Protected by the Sacred Tree Spirit, granting one chance to Instant respawn upon taking fatal damage (excluding deaths caused by certain dungeon mechanics).	ได้รับการคุ้มครองจาก Sacred Tree Spirit มอบโอกาสเกิดใหม่ทันทีหนึ่งครั้งเมื่อได้รับความเสียหายถึงตาย ยกเว้นการตายจากกลไกดันเจี้ยนบางประเภท
10220300030	Invincible.	เป็นอมตะ
10220300033	This unit continuously restores Life.	ยูนิตนี้ฟื้นฟู HP อย่างต่อเนื่อง
10220300034	Already protected by the Sacred Tree Spirit. Cannot be triggered again.	ได้รับการคุ้มครองจาก Sacred Tree Spirit แล้ว ไม่สามารถทำงานซ้ำได้
10220300044	Gain Melt Down for ${1} seconds. While active, attacks against enemy players have a ${2}% Chance to cause ^{1}Weapon Damage^{2} (disabling all attributes, affixes, and Stunts on both main-hand and off-hand weapons) for ${3} seconds. Attacks against monsters instead have a ${4}% Chance to reduce their ^{3}${5}%^{4} Physical ATK and DEF for ${6} seconds.	ได้รับ Melt Down เป็นเวลา ${1} วินาที ขณะเอฟเฟกต์ทำงาน การโจมตีผู้เล่นฝ่ายศัตรูมีโอกาส ${2}% ทำให้เกิด ^{1}Weapon Damage^{2} ซึ่งปิดการทำงานของค่าสถานะ Affixes และ Stunts ทั้งหมดของอาวุธมือหลักและมือรอง เป็นเวลา ${3} วินาที หากโจมตีมอนสเตอร์ จะมีโอกาส ${4}% ลด P.ATK และ P.DEF ลง ^{3}${5}%^{4} เป็นเวลา ${6} วินาทีแทน
10220300045	Weapon damaged. All Main/Off-Hand Weapon stats and Affixes are not Active.	อาวุธเสียหาย ค่าสถานะและ Affixes ทั้งหมดของอาวุธมือหลักและมือรองไม่ทำงาน
10220300046	Reduces Physical ATK and DEF by ${1}%	ลด P.ATK และ P.DEF ลง ${1}%
10220300049	^{1}^{2}【Cart Revolution】^{3}^{4}: Percentage damage multiplier +${1}%; Fixed Damage Increase +${2}.	^{1}^{2}[ Cart Revolution ]^{3}^{4}: ตัวคูณความเสียหายแบบเปอร์เซ็นต์ +${1}%; ความเสียหายจริงเพิ่ม +${2}
10110300250	Transform into an environmental object, increasing Movement Speed by @{1}% for @{2} sec.\nDealing or taking damage a total of @{3} times immediately ends the Transform. Skill cooldown: ^{1}@{4}^{2} sec.	แปลงร่างเป็นวัตถุในสภาพแวดล้อม เพิ่ม MSPD ขึ้น @{1}% เป็นเวลา @{2} วินาที\nเมื่อสร้างหรือได้รับความเสียหายรวม @{3} ครั้ง การแปลงร่างจะสิ้นสุดทันที Cooldown ของสกิล: ^{1}@{4}^{2} วินาที
10110300296	Transform into a blazing storm, becoming untargetable by enemies and continuously dealing damage to enemies within ${1}m for ${2}s.	แปลงร่างเป็นพายุเพลิง ทำให้ศัตรูเลือกผู้ใช้เป็นเป้าหมายไม่ได้ และสร้างความเสียหายแก่ศัตรูในระยะ ${1} เมตร อย่างต่อเนื่อง เป็นเวลา ${2} วินาที
10110300297	Transform into a wave and use Movement to travel ${1}m forward, then knock back all enemies within ${2}m upon reaching the destination.	แปลงร่างเป็นคลื่นแล้วเคลื่อนที่ไปด้านหน้า ${1} เมตร เมื่อถึงจุดหมายจะผลักศัตรูทั้งหมดในระยะ ${2} เมตร ถอยหลัง
10220300348	Transform: Poring, reducing Movement Speed and preventing attacks	แปลงร่างเป็น Poring ลด MSPD และไม่สามารถโจมตีได้
10220300744	Transform into a Mummy and reduce Movement Speed by @{1}%	แปลงร่างเป็น Mummy และลด MSPD ลง @{1}%
10220300732	Transform: Poring cannot be attacked	แปลงร่างเป็น Poring ไม่สามารถถูกโจมตีได้
10110300033	Increases your MATK by ^{1}${1}^{2} and increases the damage of ^{3}^{4}[Turn Undead]^{5}^{6} by ^{7}${2}^{8}.	เพิ่ม M.ATK ของผู้ใช้ขึ้น ^{1}${1}^{2} และเพิ่มความเสียหายของ ^{3}^{4}[ Turn Undead ]^{5}^{6} ขึ้น ^{7}${2}^{8}
10110300034	Summons a Divine Light spell, restoring HP equal to your MATK * ^{1}${2}% + ${3}^{2} to You and one designated ally within ${1} meters^{3}^{4}.	อัญเชิญเวท Divine Light ฟื้นฟู HP เท่ากับ M.ATK ของผู้ใช้ * ^{1}${2}% + ${3}^{2} ให้แก่ผู้ใช้และพันธมิตรเป้าหมายหนึ่งตัว ในระยะ ${1} เมตร^{3}^{4}
10110300035	Chants a powerful purification spell, removing ^{3}^{4}[Status Effect]^{5}^{6} and ^{7}^{8}[Movement Restriction]^{9}^{10} effects from You and ^{1}Party Members^{2} within a ${1}-meter radius. For the next ${2} seconds, grants them Immunity to up to ^{11}${3}^{12} ^{13}^{14}[Status Effect]^{15}^{16} and ^{17}^{18}[Movement Restriction]^{19}^{20} effects. This skill cannot be cast while You are under any control effect.	ร่ายเวทชำระล้างอันทรงพลัง ลบเอฟเฟกต์ ^{3}^{4}[ Status Effect ]^{5}^{6} และ ^{7}^{8}[ Movement Restriction ]^{9}^{10} จากผู้ใช้และ ^{1}สมาชิกปาร์ตี้^{2} ในรัศมี ${1} เมตร จากนั้นมอบภูมิคุ้มกันเป็นเวลา ${2} วินาที ป้องกันได้สูงสุด ^{11}${3}^{12} ครั้งสำหรับเอฟเฟกต์ ^{13}^{14}[ Status Effect ]^{15}^{16} และ ^{17}^{18}[ Movement Restriction ]^{19}^{20} ไม่สามารถร่ายสกิลนี้ขณะผู้ใช้ติดเอฟเฟกต์ควบคุมใด ๆ
10110300036	Instantly calls down Divine Light, restoring HP equal to your MATK * ^{1}${3}%^{2} ^{3}to You and up to ${2} allies within a ${1}-meter radius, prioritizing Party Members (^{4}^{5}Dexterity Resonance ${6}%^{6}^{7})^{8}. Also grants a Shield equal to your MATK * ^{9}${4}%^{10}^{11}^{12} for ${5} seconds.	อัญเชิญ Divine Light ทันที ฟื้นฟู HP เท่ากับ M.ATK ของผู้ใช้ * ^{1}${3}%^{2} ^{3}ให้แก่ผู้ใช้และพันธมิตรสูงสุด ${2} ตัว ในรัศมี ${1} เมตร โดยให้ความสำคัญกับสมาชิกปาร์ตี้ก่อน (^{4}^{5}Dexterity Resonance ${6}%^{6}^{7})^{8} พร้อมมอบโล่เท่ากับ M.ATK ของผู้ใช้ * ^{9}${4}%^{10}^{11}^{12} เป็นเวลา ${5} วินาที
10110300037	Summons sacred lilies to bloom and shower the area with petals, increasing the MATK and PATK of You and ^{1}^{2}Party Members^{3}^{4} within a ${1}-meter radius by ^{5}${2}%^{6} for ${3} seconds.	อัญเชิญดอกลิลลี่ศักดิ์สิทธิ์ให้เบ่งบานและโปรยกลีบดอกทั่วพื้นที่ เพิ่ม M.ATK และ P.ATK ของผู้ใช้และ ^{1}^{2}สมาชิกปาร์ตี้^{3}^{4} ในรัศมี ${1} เมตร ขึ้น ^{5}${2}%^{6} เป็นเวลา ${3} วินาที
10110300038	Summons sacred lilies to bloom and shower the area with petals, increasing the ^{7}MATK^{8} and ^{9}PATK^{10} of You and ^{1}^{2}Party Members^{3}^{4} within a ${1}-meter radius by ^{5}${2}%^{6} for ${3} seconds.	อัญเชิญดอกลิลลี่ศักดิ์สิทธิ์ให้เบ่งบานและโปรยกลีบดอกทั่วพื้นที่ เพิ่ม ^{7}M.ATK^{8} และ ^{9}P.ATK^{10} ของผู้ใช้และ ^{1}^{2}สมาชิกปาร์ตี้^{3}^{4} ในรัศมี ${1} เมตร ขึ้น ^{5}${2}%^{6} เป็นเวลา ${3} วินาที
10110300039	Summon a Golden Sacred Tree of Life at your location, increasing ^{5}damage reduction^{6} by ^{3}${2}%^{4} for you and ^{1}party Members^{2} within a ${1}-meter radius for ${3} seconds. While the effect is active, you and party Members can ^{9}^{10}【Respawn】^{11}^{12} once upon taking ^{7}lethal damage^{8}, returning with ^{13}${4}% of Max Life^{14}. (This skill is disabled in PVE dungeons.)	อัญเชิญ Golden Sacred Tree of Life ณ ตำแหน่งผู้ใช้ เพิ่ม ^{5}การลดความเสียหาย^{6} ขึ้น ^{3}${2}%^{4} ให้แก่ผู้ใช้และ ^{1}สมาชิกปาร์ตี้^{2} ในรัศมี ${1} เมตร เป็นเวลา ${3} วินาที ขณะเอฟเฟกต์ทำงาน ผู้ใช้และสมาชิกปาร์ตี้สามารถ ^{9}^{10}[ Respawn ]^{11}^{12} ได้หนึ่งครั้งเมื่อได้รับ ^{7}ความเสียหายถึงตาย^{8} โดยกลับมาพร้อม ^{13}${4}% ของ Max HP^{14} (สกิลนี้ไม่ทำงานในดันเจี้ยน PVE)
10110300040	Gain ^{1}${1}%^{2} Magic ATK, ^{3}${2}%^{4} MP Regen, and ^{5}${3}%^{6} Healing Efficiency and Shield Efficiency, plus a shield equal to ^{7}Max Life * ${4}%^{8}. (Refreshes after taking no damage for ${5} sec.)	ได้รับ M.ATK เพิ่ม ^{1}${1}%^{2}, MP Regen เพิ่ม ^{3}${2}%^{4} และประสิทธิภาพการฟื้นฟูกับประสิทธิภาพโล่เพิ่ม ^{5}${3}%^{6} พร้อมโล่เท่ากับ ^{7}Max HP * ${4}%^{8} (รีเฟรชหลังไม่ได้รับความเสียหายเป็นเวลา ${5} วินาที)
10110300041	Protected by the Sacred Tree Spirit, when you take ^{1}lethal damage^{2}, you gain one chance to ^{3}^{4}【Respawn】^{5}^{6}. When triggered, you recover ^{7}${2}% Life^{8} and enter the ^{9}【Withered】^{10} state for ${3} minutes. During this time, ^{11}^{12}【Respawn】^{13}^{14} cannot trigger again.	ได้รับการคุ้มครองจาก Sacred Tree Spirit เมื่อได้รับ ^{1}ความเสียหายถึงตาย^{2} จะได้รับโอกาสหนึ่งครั้งในการ ^{3}^{4}[ Respawn ]^{5}^{6} เมื่อทำงาน จะฟื้นฟู ^{7}${2}% ของ HP^{8} และเข้าสู่สถานะ ^{9}[ Withered ]^{10} เป็นเวลา ${3} นาที ระหว่างนี้ ^{11}^{12}[ Respawn ]^{13}^{14} จะไม่ทำงานซ้ำ
10110300042	Tree Spirit ^{1}^{2}[Respawn]^{3}^{4}	Tree Spirit ^{1}^{2}[ Respawn ]^{3}^{4}
10110300043	Summons the holy light of Judex, dealing Holy ranged magic damage equal to your Magic ATK*^{1}${2}%^{2} to a designated ST enemy within ${1} meters.	อัญเชิญแสงศักดิ์สิทธิ์แห่ง Judex สร้างดาเมจเวทระยะไกลธาตุ Holy เท่ากับ M.ATK ของผู้ใช้*^{1}${2}%^{2} แก่ศัตรูเป้าหมายแบบ Single Target ในระยะ ${1} เมตร
10110300044	Unleashes a powerful Holy Light, dealing your Magic ATK *^{1}${4}%^{2} as ranged Holy magic damage to up to ${3} enemies in a targeted area with a ${2}-meter radius within ${1} meters of you, and inflicting ^{3}^{4}【Immobilize】^{5}^{6} and ^{7}^{8}【Blind】^{9}^{10} on enemies hit for ${5} seconds.	ปลดปล่อย Holy Light อันทรงพลัง สร้างดาเมจเวทระยะไกลธาตุ Holy เท่ากับ M.ATK ของผู้ใช้ *^{1}${4}%^{2} แก่ศัตรูสูงสุด ${3} ตัว ในพื้นที่เป้าหมายรัศมี ${2} เมตร ภายในระยะ ${1} เมตร จากผู้ใช้ และทำให้ศัตรูที่ถูกโจมตีติดสถานะ ^{3}^{4}[ Immobilize ]^{5}^{6} และ ^{7}^{8}[ Blind ]^{9}^{10} เป็นเวลา ${5} วินาที
10110300045	^{1}【Judex】^{2} cast by you has a ^{3}${1}%^{4} Chance to deal one Extra instance of Neutral ranged magic damage equal to your Magic ATK * ^{5}${2}%^{6} to the target, and a ^{7}${1}%^{8} Chance to deal one Extra instance of Neutral ranged Physical damage equal to your Magic ATK * ^{9}${3}%^{10} to the target. (The two Chances are calculated independently.)	^{1}[ Judex ]^{2} ที่ผู้ใช้ร่ายมีโอกาส ^{3}${1}%^{4} สร้างดาเมจเวทระยะไกลไร้ธาตุเพิ่มเติมหนึ่งครั้ง เท่ากับ M.ATK ของผู้ใช้ * ^{5}${2}%^{6} แก่เป้าหมาย และมีโอกาส ^{7}${1}%^{8} สร้างดาเมจกายภาพระยะไกลไร้ธาตุเพิ่มเติมหนึ่งครั้ง เท่ากับ M.ATK ของผู้ใช้ * ^{9}${3}%^{10} แก่เป้าหมาย (คำนวณโอกาสทั้งสองแยกกัน)
10110300046	Break the Holy seal to unleash a surge of holy spirits, increasing Holy damage by ^{1}${1}%^{2} for ${2} seconds. During this time, the Chance to trigger ^{3}^{4}【Duple Light】^{5}^{6} becomes ^{7}${3}%^{8}.	ทำลายผนึกศักดิ์สิทธิ์เพื่อปลดปล่อยวิญญาณศักดิ์สิทธิ์ เพิ่มความเสียหายธาตุ Holy ขึ้น ^{1}${1}%^{2} เป็นเวลา ${2} วินาที ระหว่างนี้โอกาสทำงานของ ^{3}^{4}[ Duple Light ]^{5}^{6} จะเปลี่ยนเป็น ^{7}${3}%^{8}
10110300047	Summons a holy light talisman from the heavens, dealing Holy ranged magic damage equal to Magic ATK*^{1}${2}%^{2} to a designated ST enemy within ${1} meters and increasing your Holy damage by ^{3}${3}%^{4} for ${4} seconds.	อัญเชิญยันต์แสงศักดิ์สิทธิ์จากฟ้า สร้างดาเมจเวทระยะไกลธาตุ Holy เท่ากับ M.ATK*^{1}${2}%^{2} แก่ศัตรูเป้าหมายแบบ Single Target ในระยะ ${1} เมตร และเพิ่มความเสียหายธาตุ Holy ของผู้ใช้ขึ้น ^{3}${3}%^{4} เป็นเวลา ${4} วินาที
10110300048	Draw a holy light magic circle with an Exorciser incantation, dealing Holy ranged magic damage equal to Magic ATK * ^{1}${4}%^{2} to up to ${3} enemies within the targeted ${2}-meter-radius area within ${1} meters of you (^{3}^{4}DEX Resonance ${6}%^{5}^{6}). For this skill, ^{7}Uses:^{8} +1 every ${5} seconds, up to 2.	วาดวงเวทแสงศักดิ์สิทธิ์ด้วยคาถา Exorciser สร้างดาเมจเวทระยะไกลธาตุ Holy เท่ากับ M.ATK * ^{1}${4}%^{2} แก่ศัตรูสูงสุด ${3} ตัว ในพื้นที่เป้าหมายรัศมี ${2} เมตร ภายในระยะ ${1} เมตร จากผู้ใช้ (^{3}^{4}DEX Resonance ${6}%^{5}^{6}) สกิลนี้ได้รับ ^{7}จำนวนครั้งใช้งาน:^{8} +1 ทุก ${5} วินาที สูงสุด 2 ครั้ง
10110300049	Strengthens holy power through a prayer of devotion, restoring HP equal to your MATK * ^{1}${2}% + ${3}^{2} every second to You and Party Members within a ${1}-meter radius^{3}^{4} for ${4} seconds.	สวดภาวนาด้วยศรัทธาเพื่อเสริมพลังศักดิ์สิทธิ์ ฟื้นฟู HP เท่ากับ M.ATK ของผู้ใช้ * ^{1}${2}% + ${3}^{2} ทุกวินาที ให้แก่ผู้ใช้และสมาชิกปาร์ตี้ในรัศมี ${1} เมตร^{3}^{4} เป็นเวลา ${4} วินาที
10110300050	Reduces prices by ^{1}${1}%^{2} when purchasing items with Minted Coins in certain shops.	ลดราคาลง ^{1}${1}%^{2} เมื่อซื้อไอเทมด้วย Minted Coins ในร้านค้าบางแห่ง
10110300051	When dismantling items, the number of Coins obtained increases by ^{1}${1}%^{2}.	เมื่อแยกชิ้นส่วนไอเทม จำนวน Coins ที่ได้รับเพิ่มขึ้น ^{1}${1}%^{2}
10110300052	Once learned, allows you to rent a Pushcart and use various Pushcart-related skills.	เมื่อเรียนรู้แล้ว สามารถเช่า Pushcart และใช้สกิลที่เกี่ยวข้องกับ Pushcart ได้
10110300053	Change your Pushcart's appearance by choosing a special design you like.	เปลี่ยนรูปลักษณ์ Pushcart โดยเลือกแบบพิเศษที่ชอบ
10110300054	Cart-exclusive skill. Merchants gain ^{1}${1}^{2} Extra slots while operating a Stall.	สกิลเฉพาะรถเข็น Merchant ได้รับช่องขายของเพิ่มเติม ^{1}${1}^{2} ช่อง ขณะตั้งร้าน
10110300055	Cart-exclusive skill. Ram enemies with your cart, dealing Physical ATK * ^{1}${3}% + ${4}^{2} Neutral melee Physical damage to up to @{2} selected enemies within @{1} meters and up to ${2} other enemies within ${1} meters of them.	สกิลเฉพาะรถเข็น ใช้รถเข็นพุ่งชนศัตรู สร้างดาเมจกายภาพระยะประชิดไร้ธาตุ เท่ากับ P.ATK * ^{1}${3}% + ${4}^{2} แก่ศัตรูเป้าหมายสูงสุด @{2} ตัว ในระยะ @{1} เมตร และศัตรูอื่นสูงสุด ${2} ตัว ในระยะ ${1} เมตร จากเป้าหมายเหล่านั้น
10110300056	Consumes @{1} Coins to cast, but costs nothing below Base Lv. @{2}. Strikes fiercely with money, dealing Physical ATK*^{1}${1}%+${2}^{2} as Neutral melee Physical damage to the selected ST enemy within @{3} meters.	ใช้ Coins @{1} เหรียญในการร่าย แต่ไม่เสียค่าใช้จ่ายหาก Base Lv. ต่ำกว่า @{2} โจมตีอย่างรุนแรงด้วยเงิน สร้างดาเมจกายภาพระยะประชิดไร้ธาตุ เท่ากับ P.ATK*^{1}${1}%+${2}^{2} แก่ศัตรูเป้าหมายแบบ Single Target ในระยะ @{3} เมตร
10110300057	Let out a Crazy Uproar to channel your luck and strength, increasing your and up to ${2} allies' STR by ^{1}${3}^{2} and Physical ATK by ^{3}${4}^{4} within a ${1}-meter radius for ${5} sec.	ส่งเสียง Crazy Uproar เพื่อรวบรวมโชคและพลัง เพิ่ม STR ให้แก่ผู้ใช้และพันธมิตรสูงสุด ${2} ตัว ขึ้น ^{1}${3}^{2} และเพิ่ม P.ATK ขึ้น ^{3}${4}^{4} ภายในรัศมี ${1} เมตร เป็นเวลา ${5} วินาที
10110300058	Increases Physical ATK by ^{1}${1}^{2} and STR by ^{3}${2}^{4}. Increases the duration of Adrenaline Rush, Power Thrust, and Maximize Power by ${3} sec.	เพิ่ม P.ATK ขึ้น ^{1}${1}^{2} และ STR ขึ้น ^{3}${2}^{4} เพิ่มระยะเวลาของ Adrenaline Rush, Power Thrust และ Maximize Power ขึ้น ${3} วินาที
10110300059	Deepens your understanding of weapons, increasing Physical ATK by ^{1}${1}^{2} and HIT by ^{3}${2}^{4}.	เพิ่มความเข้าใจเกี่ยวกับอาวุธ เพิ่ม P.ATK ขึ้น ^{1}${1}^{2} และ Hit ขึ้น ^{3}${2}^{4}
10110300060	Increases Fire resistance, reducing Fire and Neutral damage taken by ^{1}${1}%^{2}.	เพิ่มความต้านทานธาตุ Fire ลดความเสียหายธาตุ Fire และไร้ธาตุที่ได้รับลง ^{1}${1}%^{2}
10110300061	Viciously hammer the ground within a ${1}-meter radius, dealing Neutral melee Physical damage equal to Physical ATK * ^{1}${4}%+${7}^{2} to up to ${3} enemies within a ${2}-meter radius, with a ${5}% Chance to inflict ^{3} ^{4}【Stun】^{5}^{6} for ${6} seconds.	ใช้ค้อนทุบพื้นอย่างรุนแรงในรัศมี ${1} เมตร สร้างดาเมจกายภาพระยะประชิดไร้ธาตุ เท่ากับ P.ATK * ^{1}${4}%+${7}^{2} แก่ศัตรูสูงสุด ${3} ตัว ในรัศมี ${2} เมตร มีโอกาส ${5}% ทำให้ติดสถานะ ^{3} ^{4}[ Stun ]^{5}^{6} เป็นเวลา ${6} วินาที
10110300062	Increases the Attack Speed of up to ${2} allies, including yourself, within a ${1}-meter radius by ^{1}${3}%^{2}. If the target is a Blacksmith class, grants an Extra ^{3}${4}%^{4} Attack Speed for ${5} seconds.	เพิ่ม ASPD ของพันธมิตรสูงสุด ${2} ตัว รวมผู้ใช้ ในรัศมี ${1} เมตร ขึ้น ^{1}${3}%^{2} หากเป้าหมายเป็นคลาส Blacksmith จะได้รับ ASPD เพิ่มเติม ^{3}${4}%^{4} เป็นเวลา ${5} วินาที
10110300063	Increases the Attack Speed of yourself and up to ${2} allies within ${1} meters by ^{1}${3}%^{2}, plus an Extra ^{3}${4}%^{4} regardless of Job Restriction, for ${5} seconds.	เพิ่ม ASPD ของผู้ใช้และพันธมิตรสูงสุด ${2} ตัว ในระยะ ${1} เมตร ขึ้น ^{1}${3}%^{2} พร้อมเพิ่มอีก ^{3}${4}%^{4} โดยไม่มีข้อจำกัดคลาส เป็นเวลา ${5} วินาที
10110300064	Increases Physical ATK for you and up to @{1} allies within a ${1}-meter radius by ^{1}${2}^{2} for ${3} sec.	เพิ่ม P.ATK ให้แก่ผู้ใช้และพันธมิตรสูงสุด @{1} ตัว ในรัศมี ${1} เมตร ขึ้น ^{1}${2}^{2} เป็นเวลา ${3} วินาที
10110300065	Unleashes the weapon's full potential, increasing your Physical DMG by ^{1}${2}%^{2} for ${1} sec.	ปลดปล่อยศักยภาพสูงสุดของอาวุธ เพิ่ม P.DMG ของผู้ใช้ขึ้น ^{1}${2}%^{2} เป็นเวลา ${1} วินาที
10110300066	Unleashes the weapon's full potential, increasing Physical DMG by ^{1}${2}%^{2} for ${1} sec.	ปลดปล่อยศักยภาพสูงสุดของอาวุธ เพิ่ม P.DMG ขึ้น ^{1}${2}%^{2} เป็นเวลา ${1} วินาที
10110300067	Cart-exclusive skill. Increases your Movement Speed by ^{1}${1}%^{2} and removes ^{3}【Slow】^{4} from you for ^{5}${2}^{6} sec.	สกิลเฉพาะรถเข็น เพิ่ม MSPD ของผู้ใช้ขึ้น ^{1}${1}%^{2} และลบสถานะ ^{3}[ Slow ]^{4} จากผู้ใช้ เป็นเวลา ^{5}${2}^{6} วินาที
10110300068	Cart-exclusive skill. Deals Physical ATK * ^{1}${1}% + ${5}^{2} Neutral melee Physical DMG to a designated ST enemy within @{1} m. Has a ${2}% Chance to inflict Stun for ${3} sec. When used while under ^{3}^{4}【Cart Boost】^{5}^{6}, High Speed Cart Ram can be cast while moving and deals ${4}% more damage.	สกิลเฉพาะรถเข็น สร้างดาเมจกายภาพระยะประชิดไร้ธาตุ เท่ากับ P.ATK * ^{1}${1}% + ${5}^{2} แก่ศัตรูเป้าหมายแบบ Single Target ในระยะ @{1} เมตร มีโอกาส ${2}% ทำให้ติดสถานะ Stun เป็นเวลา ${3} วินาที เมื่อใช้ขณะมี ^{3}^{4}[ Cart Boost ]^{5}^{6} สามารถร่าย High Speed Cart Ram ขณะเคลื่อนที่ และสร้างความเสียหายเพิ่ม ${4}%
10110300069	You gain the [Melt Down] Effect for ${1} seconds. While [Melt Down] is Active, attacking an Enemy Team player has a ${2}% Chance to inflict ^{1}[Weapon Damage]^{2} for ${3} seconds. When attacking a Monster while [Melt Down] is Active, there is a ${4}% Chance to reduce its ^{3}PATK and DEF by ${5}%^{4} for ${6} seconds. [Weapon Damage]: The Initial stats and Affixes of Main/Off-Hand Weapons are not Active for the duration.	ผู้ใช้ได้รับเอฟเฟกต์ [ Melt Down ] เป็นเวลา ${1} วินาที ขณะ [ Melt Down ] ทำงาน การโจมตีผู้เล่นฝ่ายศัตรูมีโอกาส ${2}% ทำให้เกิด ^{1}[ Weapon Damage ]^{2} เป็นเวลา ${3} วินาที เมื่อโจมตีมอนสเตอร์ขณะ [ Melt Down ] ทำงาน มีโอกาส ${4}% ลด ^{3}P.ATK และ DEF ลง ${5}%^{4} เป็นเวลา ${6} วินาที [ Weapon Damage ]: ค่าสถานะพื้นฐานและ Affixes ของอาวุธมือหลักและมือรองไม่ทำงานตลอดระยะเวลาของเอฟเฟกต์
10110300071	Increases the Physical ATK of up to @{2} allies within a @{1} m radius by ^{1}${1}^{2} for ${2} sec.	เพิ่ม P.ATK ของพันธมิตรสูงสุด @{2} ตัว ในรัศมี @{1} เมตร ขึ้น ^{1}${1}^{2} เป็นเวลา ${2} วินาที
10110300072	Researches Fire and Earth monsters, reducing damage taken from Fire and Earth monsters by ^{1}${1}%^{2} and increasing damage dealt to Fire and Earth monsters by ^{3}${2}%^{4}.	ศึกษามอนสเตอร์ธาตุ Fire และ Earth ลดความเสียหายที่ได้รับจากมอนสเตอร์ธาตุ Fire และ Earth ลง ^{1}${1}%^{2} และเพิ่มความเสียหายที่สร้างต่อมอนสเตอร์ธาตุ Fire และ Earth ขึ้น ^{3}${2}%^{4}
10110300073	When equipped with an axe or mace, increases your Physical ATK by ^{1}${1}^{2} and HIT by ^{3}${2}^{4}.	เมื่อสวมขวานหรือกระบอง เพิ่ม P.ATK ของผู้ใช้ขึ้น ^{1}${1}^{2} และ Hit ขึ้น ^{3}${2}^{4}
10110300074	When you take damage while your HP is below ${1}%, grants a shield equal to ${2}% of your HP and restores ${3}% of your Life. This effect can trigger up to @{1} times every ${4} sec.	เมื่อได้รับความเสียหายขณะ HP ต่ำกว่า ${1}% จะได้รับโล่เท่ากับ ${2}% ของ HP และฟื้นฟู ${3}% ของ HP เอฟเฟกต์นี้ทำงานได้สูงสุด @{1} ครั้งทุก ${4} วินาที
10110300075	Axe- and Mace-only skill. Rapidly spins the Axe, dealing total Neutral melee Physical damage equal to PATK * ^{1}${3}%^{2} to up to ${2} enemies within a ${1}-meter radius (^{3}^{4}Vitality Resonance ${5}%^{5}^{6}). While Enhance is Active, Axe Tornado lasts longer, increases your MSPD by ${4}%, and grants [Immunity] for the duration of the skill.	สกิลสำหรับขวานและกระบองเท่านั้น หมุนขวานอย่างรวดเร็ว สร้างดาเมจกายภาพระยะประชิดไร้ธาตุรวมเท่ากับ P.ATK * ^{1}${3}%^{2} แก่ศัตรูสูงสุด ${2} ตัว ในรัศมี ${1} เมตร (^{3}^{4}Vitality Resonance ${5}%^{5}^{6}) ขณะ Enhance ทำงาน Axe Tornado จะคงอยู่นานขึ้น เพิ่ม MSPD ของผู้ใช้ขึ้น ${4}% และมอบ [ Immunity ] ตลอดระยะเวลาสกิล
10110300076	Axe and Mace skill. Swing your Axe to Move rapidly in front of the target, dealing Neutral Melee Physical DMG equal to PATK * ^{1}${3}%^{2} to up to ${2} enemies within a ${1}-meter radius.	สกิลสำหรับขวานและกระบอง เหวี่ยงขวานเพื่อเคลื่อนที่ไปด้านหน้าเป้าหมายอย่างรวดเร็ว สร้างดาเมจกายภาพระยะประชิดไร้ธาตุ เท่ากับ P.ATK * ^{1}${3}%^{2} แก่ศัตรูสูงสุด ${2} ตัว ในรัศมี ${1} เมตร
10110300077	Axe and Mace skill. Throw a flying Axe forward, dealing ${4} hits of Neutral Melee Physical DMG totaling PATK * ^{1}${5}%^{2} to up to ${3} members of the Enemy Team in a ${1} * ${2}-meter rectangular area in front of you.	สกิลสำหรับขวานและกระบอง ขว้างขวานบินไปด้านหน้า โจมตี ${4} ครั้ง สร้างดาเมจกายภาพระยะประชิดไร้ธาตุรวมเท่ากับ P.ATK * ^{1}${5}%^{2} แก่สมาชิกฝ่ายศัตรูสูงสุด ${3} ตัว ในพื้นที่สี่เหลี่ยมขนาด ${1} * ${2} เมตร ด้านหน้าผู้ใช้
10110300078	Can only be used while riding Madogear. Use the Madogear's ignition system to become Flying and gain a Shield equal to ${1}% of your Max HP for ${2} seconds. You can Move and have 【Immunity】 during this time. Tap the skill again or wait until the Flying duration ends to attack Below, dealing Neutral Melee Physical DMG equal to PATK * ^{1}${5}%^{2} to up to ${4} enemies within a ${3}-meter radius and inflicting Stun for ${6} seconds, as well as 【Severe Wound】 for @{1} seconds. For every ${7} enemies hit by this attack, gain @{2} stacks of Shield equal to ${8}% of your Max HP, stacking up to ${9} times and lasting ${10} seconds. This also Enhances your next Axe Tornado, Launching 【High-Energy Pulse】 a number of times based on the number of enemies hit by this attack.\n【Severe Wound】: Reduces Healing Done received by @{3}%.\n【High-Energy Pulse】: Deals Neutral Melee Physical DMG equal to PATK * ^{3}${11}%^{4} to up to @{5} enemies within a @{4}-meter radius around you.	ใช้ได้ขณะขับ Madogear เท่านั้น ใช้ระบบจุดระเบิดของ Madogear เพื่อบินและรับโล่เท่ากับ ${1}% ของ Max HP เป็นเวลา ${2} วินาที ระหว่างนี้สามารถเคลื่อนที่และมี [ Immunity ] กดสกิลอีกครั้งหรือรอจนระยะเวลาบินสิ้นสุดเพื่อโจมตีด้านล่าง สร้างดาเมจกายภาพระยะประชิดไร้ธาตุ เท่ากับ P.ATK * ^{1}${5}%^{2} แก่ศัตรูสูงสุด ${4} ตัว ในรัศมี ${3} เมตร และทำให้ติดสถานะ Stun เป็นเวลา ${6} วินาที พร้อม [ Severe Wound ] เป็นเวลา @{1} วินาที ทุกครั้งที่โจมตีถูกศัตรู ${7} ตัว จะได้รับโล่ @{2} stacks แต่ละ stacks เท่ากับ ${8}% ของ Max HP สะสมได้สูงสุด ${9} ครั้ง และคงอยู่ ${10} วินาที พร้อมเสริมพลัง Axe Tornado ครั้งถัดไปให้ปล่อย [ High-Energy Pulse ] ตามจำนวนศัตรูที่โจมตีถูก\n[ Severe Wound ]: ลดการฟื้นฟูที่ได้รับลง @{3}%\n[ High-Energy Pulse ]: สร้างดาเมจกายภาพระยะประชิดไร้ธาตุ เท่ากับ P.ATK * ^{3}${11}%^{4} แก่ศัตรูสูงสุด @{5} ตัว ในรัศมี @{4} เมตร รอบผู้ใช้
10110300079	Axe and Mace skill. Throw flying axes around you, dealing Neutral Melee Physical DMG totaling PATK * ^{1}${3}%^{2} to up to ${2} members of the Enemy Team within a ${1}-meter radius. For every @{1} enemies hit, reduce Axe Tornado's Cooldown by ${4} seconds and gain 【Immunity】 while casting your next unenhanced Axe Tornado.	สกิลสำหรับขวานและกระบอง ขว้างขวานบินรอบตัว สร้างดาเมจกายภาพระยะประชิดไร้ธาตุรวมเท่ากับ P.ATK * ^{1}${3}%^{2} แก่สมาชิกฝ่ายศัตรูสูงสุด ${2} ตัว ในรัศมี ${1} เมตร ทุกครั้งที่โจมตีถูกศัตรู @{1} ตัว จะลด Cooldown ของ Axe Tornado ลง ${4} วินาที และได้รับ [ Immunity ] ขณะร่าย Axe Tornado ครั้งถัดไปที่ไม่ได้เสริมพลัง
10110300080	Once learned, Mechanics can ride a Madogear in battle and use Madogear skills.	เมื่อเรียนรู้แล้ว Mechanic สามารถขับ Madogear ในการต่อสู้และใช้สกิล Madogear ได้
10110300081	Can only be used while riding Madogear. Launch a rocket-powered fist at the selected ST enemy within ${1} meters, dealing Neutral Ranged Physical DMG equal to PATK * ^{1}${2}%^{2}.	ใช้ได้ขณะขับ Madogear เท่านั้น ยิงหมัดขับเคลื่อนด้วยจรวดใส่ศัตรูเป้าหมายแบบ Single Target ในระยะ ${1} เมตร สร้างดาเมจกายภาพระยะไกลไร้ธาตุ เท่ากับ P.ATK * ^{1}${2}%^{2}
10110300082	Can only be used while riding Madogear. Equip ${1} Arm Cannons on the Madogear's shoulders and Launch ${6} Cannon shells at ${3} selected enemies within ${2} meters and up to ${5} Other enemies within ${4} meters of them, dealing Neutral Ranged Physical DMG totaling PATK * ^{1}${7}%^{2} (^{3}^{4}Luck Resonance ${8}%^{5}^{6}).	ใช้ได้ขณะขับ Madogear เท่านั้น ติดตั้ง Arm Cannons ${1} กระบอก บนไหล่ Madogear แล้วยิงกระสุน Cannon ${6} นัด ใส่ศัตรูเป้าหมาย ${3} ตัว ในระยะ ${2} เมตร และศัตรูอื่นสูงสุด ${5} ตัว ในระยะ ${4} เมตร จากเป้าหมายเหล่านั้น สร้างดาเมจกายภาพระยะไกลไร้ธาตุรวมเท่ากับ P.ATK * ^{1}${7}%^{2} (^{3}^{4}Luck Resonance ${8}%^{5}^{6})
10050100000	A vibrant Green Healing Potion that instantly restores @{1} HP. Cooldown: @{2} sec.	ยาฟื้นฟูสีเขียวสดใส ฟื้นฟู HP @{1} แต้มทันที Cooldown: @{2} วินาที
10050100001	A bright Red Healing Potion that instantly restores @{1} HP. Cooldown: @{2} sec.	ยาฟื้นฟูสีแดงสด ฟื้นฟู HP @{1} แต้มทันที Cooldown: @{2} วินาที
10050100002	Slow-simmered tomatoes reduced into a rich orange-red broth with a robust tangy aroma. Increases Physical ATK by @{1}~@{2} for @{3} hours.	มะเขือเทศที่เคี่ยวช้า ๆ จนเป็นน้ำซุปข้นสีส้มแดง มีกลิ่นหอมเปรี้ยวเข้มข้น เพิ่ม P.ATK ขึ้น @{1}~@{2} เป็นเวลา @{3} ชั่วโมง
10050100003	Mushrooms and tomatoes simmered together into a fragrant amber broth. Increases Magic ATK by @{1}~@{2} for @{3} hours.	เห็ดและมะเขือเทศที่เคี่ยวรวมกันเป็นน้ำซุปสีอำพันหอมกรุ่น เพิ่ม M.ATK ขึ้น @{1}~@{2} เป็นเวลา @{3} ชั่วโมง
10050100004	Fresh mushrooms skewered and charcoal-grilled until browned outside and plump within. Increases Life by @{1}~@{2} for @{3} hours.	เห็ดสดเสียบไม้ย่างถ่านจนผิวเกรียมสีน้ำตาลและเนื้อในอวบฉ่ำ เพิ่ม HP ขึ้น @{1}~@{2} เป็นเวลา @{3} ชั่วโมง
10050100005	Monster meat marinated in chili sauce and seared on a griddle until crisp outside and tender within. Increases Physical DEF by @{1}~@{2} for @{3} hours.	เนื้อมอนสเตอร์หมักซอสพริก ย่างบนกระทะแบนจนกรอบนอกนุ่มใน เพิ่ม P.DEF ขึ้น @{1}~@{2} เป็นเวลา @{3} ชั่วโมง
10050100006	A coarse, thick flatbread baked from Grains flour mixed with monster meat and chili peppers. Increases Magic DEF by @{1}~@{2} for @{3} hours.	ขนมปังแผ่นหนาเนื้อหยาบ อบจากแป้งธัญพืชผสมเนื้อมอนสเตอร์และพริก เพิ่ม M.DEF ขึ้น @{1}~@{2} เป็นเวลา @{3} ชั่วโมง
10050100007	A golden Yellow Healing Potion that instantly restores @{1} HP. Cooldown: @{2} sec.	ยาฟื้นฟูสีเหลืองทอง ฟื้นฟู HP @{1} แต้มทันที Cooldown: @{2} วินาที
10050100008	Marinated Beast Meat wrapped in dough made from Grains, then steamed and baked to form a dark red crust. Grants @{1}%~@{2}% Increased Damage to Medium Monsters for @{3} hours.	เนื้อสัตว์หมักห่อด้วยแป้งธัญพืช นึ่งแล้วอบจนมีเปลือกสีแดงเข้ม ได้รับโบนัส @{1}%~@{2}% ให้แก่ความเสียหายต่อมอนสเตอร์ขนาดกลาง เป็นเวลา @{3} ชั่วโมง
10050100009	Herbs simmered into soft rice porridge, leaving a lingering bittersweet aroma. Reduces damage taken from Medium monsters by @{1}%~@{2}% for @{3} hours.	สมุนไพรที่เคี่ยวกับข้าวจนเป็นโจ๊กเนื้อนุ่ม มีกลิ่นหอมหวานขมติดปลายจมูก ลดความเสียหายที่ได้รับจากมอนสเตอร์ขนาดกลางลง @{1}%~@{2}% เป็นเวลา @{3} ชั่วโมง
10050100010	Beast hide marinated with herbs and chili peppers, rolled into a tube, and charcoal-grilled. Grants @{1}%~@{2}% DMG vs Demi-Human for @{3} hours.	หนังสัตว์หมักสมุนไพรและพริก ม้วนเป็นหลอดแล้วย่างถ่าน ได้รับโบนัส @{1}%~@{2}% ให้แก่ความเสียหายต่อ Demi-Human เป็นเวลา @{3} ชั่วโมง
10050100011	Grains, monster meat, and chili peppers stir-fried over high heat until every grain gleams with oil. Reduces damage taken from Demi-Human monsters by @{1}%~@{2}% for @{3} hours.	ธัญพืช เนื้อมอนสเตอร์ และพริก ผัดด้วยไฟแรงจนทุกเมล็ดเป็นมันวาวจากน้ำมัน ลดความเสียหายที่ได้รับจากมอนสเตอร์ Demi-Human ลง @{1}%~@{2}% เป็นเวลา @{3} ชั่วโมง
10050100012	A deep crimson Healing Potion that instantly restores @{1} HP. Cooldown: @{2} sec.	ยาฟื้นฟูสีแดงเข้ม ฟื้นฟู HP @{1} แต้มทันที Cooldown: @{2} วินาที
10050100013	Strawberry juice boiled into amber hard candy and broken into shards. Increases Physical ATK by @{1}~@{2} for @{3} hours.	น้ำสตรอว์เบอร์รีที่ต้มจนเป็นลูกอมแข็งสีอำพันแล้วหักเป็นชิ้น เพิ่ม P.ATK ขึ้น @{1}~@{2} เป็นเวลา @{3} ชั่วโมง
10050100014	Round strawberry-and-cocoa-filled candies coated in a hard sugar shell. Increases Magic ATK by @{1}~@{2} for @{3} hours.	ลูกอมกลมไส้สตรอว์เบอร์รีและโกโก้ เคลือบเปลือกน้ำตาลแข็ง เพิ่ม M.ATK ขึ้น @{1}~@{2} เป็นเวลา @{3} ชั่วโมง
10050100015	Thick hot cocoa flavored with vanilla and topped with fine Milk foam. Increases Life by @{1}~@{2} for @{3} hours.	โกโก้ร้อนเข้มข้นแต่งกลิ่นวานิลลา ราดด้วยฟองนมเนื้อละเอียด เพิ่ม HP ขึ้น @{1}~@{2} เป็นเวลา @{3} ชั่วโมง
10050100016	A vibrant Green Healing Potion brimming with Life that instantly restores @{1} HP. Cooldown: @{2} sec.	ยาฟื้นฟูสีเขียวสดใสที่เปี่ยมด้วยพลังชีวิต ฟื้นฟู HP @{1} แต้มทันที Cooldown: @{2} วินาที
10050100017	A thick pink milkshake blended from strawberries and Milk. Increases Physical DEF by @{1}~@{2} for @{3} hours.	มิลก์เชกสีชมพูเนื้อข้น ปั่นจากสตรอว์เบอร์รีและนม เพิ่ม P.DEF ขึ้น @{1}~@{2} เป็นเวลา @{3} ชั่วโมง
10050100018	Strawberry and cocoa melted into warm Milk, creating a rich pinkish-brown drink. Increases Magic DEF by @{1}~@{2} for @{3} hours.	สตรอว์เบอร์รีและโกโก้ที่ละลายในนมอุ่น กลายเป็นเครื่องดื่มเข้มข้นสีน้ำตาลอมชมพู เพิ่ม M.DEF ขึ้น @{1}~@{2} เป็นเวลา @{3} ชั่วโมง
10050100019	A smooth brown pudding made by setting cocoa bean juice with Milk. Grants @{1}%-@{2}% Increased Damage to Medium Monsters for @{3} hours.	พุดดิ้งสีน้ำตาลเนื้อเนียน ทำจากน้ำเมล็ดโกโก้ผสมนมแล้วปล่อยให้เซตตัว ได้รับโบนัส @{1}%-@{2}% ให้แก่ความเสียหายต่อมอนสเตอร์ขนาดกลาง เป็นเวลา @{3} ชั่วโมง
10050100020	A Stem coated in colorful layers of syrup for a dazzling finish. Reduces damage taken from Medium monsters by @{1}%-@{2}% for @{3} hours.	ก้านพืชเคลือบน้ำเชื่อมหลากสีเป็นชั้น ๆ ดูสะดุดตา ลดความเสียหายที่ได้รับจากมอนสเตอร์ขนาดกลางลง @{1}%-@{2}% เป็นเวลา @{3} ชั่วโมง
10050100021	Dried Strawberry and herb leaves slow-simmered into a light red soup with a delicate sweetness. Grants @{1}%-@{2}% DMG vs Demi-Human for @{3} hours.	สตรอว์เบอร์รีแห้งและใบสมุนไพรที่เคี่ยวช้า ๆ เป็นซุปสีแดงอ่อน รสหวานละมุน ได้รับโบนัส @{1}%-@{2}% ให้แก่ความเสียหายต่อ Demi-Human เป็นเวลา @{3} ชั่วโมง
10050100022	Dried strawberries coated in cocoa syrup and set on a Stem. Reduces damage taken from Demi-Human monsters by @{1}%-@{2}% for @{3} hours.	สตรอว์เบอร์รีแห้งเคลือบน้ำเชื่อมโกโก้แล้วเสียบบนก้านพืช ลดความเสียหายที่ได้รับจากมอนสเตอร์ Demi-Human ลง @{1}%-@{2}% เป็นเวลา @{3} ชั่วโมง
10050100023	A Healing Potion imbued with the power of Blessing that instantly restores @{1} HP. Cooldown: @{2} sec.	ยาฟื้นฟูที่เปี่ยมด้วยพลังแห่ง Blessing ฟื้นฟู HP @{1} แต้มทันที Cooldown: @{2} วินาที
10050100024	Slow-fermented Grape wine with a deep purple hue and herbal finish. Increases Physical ATK by @{1}~@{2} for @{3} hours.	ไวน์องุ่นที่หมักช้า ๆ จนเป็นสีม่วงเข้ม มีรสสมุนไพรติดปลายลิ้น เพิ่ม P.ATK ขึ้น @{1}~@{2} เป็นเวลา @{3} ชั่วโมง
10050100025	A deep purple cocktail of Grape juice, Lemon juice, and Alcohol, shaken well. Increases Magic ATK by @{1}~@{2} for @{3} hours.	ค็อกเทลสีม่วงเข้มจากน้ำองุ่น น้ำมะนาว และแอลกอฮอล์ เขย่าจนเข้ากัน เพิ่ม M.ATK ขึ้น @{1}~@{2} เป็นเวลา @{3} ชั่วโมง
10050100026	Lemon and herbs infused in Alcohol until as clear as Crystal. Increases Life by @{1}~@{2} for @{3} hours.	มะนาวและสมุนไพรที่แช่ในแอลกอฮอล์จนใสราวคริสตัล เพิ่ม HP ขึ้น @{1}~@{2} เป็นเวลา @{3} ชั่วโมง
10050100027	Grape powder dissolved in sparkling water, topped with persistent purple-red foam. Increases Physical DEF by @{1}~@{2} for @{3} hours.	ผงองุ่นละลายในน้ำอัดลม เติมฟองสีม่วงแดงที่คงอยู่ได้นาน เพิ่ม P.DEF ขึ้น @{1}~@{2} เป็นเวลา @{3} ชั่วโมง
10050100028	Freshly squeezed Grape and Lemon juices blended into a bright, sweet-and-tart drink. Increases Magic DEF by @{1}~@{2} for @{3} hours.	น้ำองุ่นและน้ำมะนาวคั้นสดผสมเป็นเครื่องดื่มสีสด รสหวานอมเปรี้ยว เพิ่ม M.DEF ขึ้น @{1}~@{2} เป็นเวลา @{3} ชั่วโมง
10050100029	A Fountain of Life surging with boundless vitality that instantly restores @{1} HP. Cooldown: @{2} sec.	Fountain of Life ที่เปี่ยมด้วยพลังชีวิตไร้ขอบเขต ฟื้นฟู HP @{1} แต้มทันที Cooldown: @{2} วินาที
10050100030	Lemon slices steeped in orangewood sap, creating a clear, light drink with a citrus aroma. Grants @{1}%~@{2}% Increased Damage to Medium Monsters for @{3} hours.	มะนาวหั่นแว่นแช่ในน้ำเลี้ยงไม้ส้ม เป็นเครื่องดื่มใสรสเบาพร้อมกลิ่นหอมส้ม ได้รับโบนัส @{1}%~@{2}% ให้แก่ความเสียหายต่อมอนสเตอร์ขนาดกลาง เป็นเวลา @{3} ชั่วโมง
10050100031	Herbs and Lemon gently infused in orangewood sap at a low temperature. Reduces damage taken from Medium monsters by @{1}%~@{2}% for @{3} hours.	สมุนไพรและมะนาวที่แช่ในน้ำเลี้ยงไม้ส้มอย่างช้า ๆ ที่อุณหภูมิต่ำ ลดความเสียหายที่ได้รับจากมอนสเตอร์ขนาดกลางลง @{1}%~@{2}% เป็นเวลา @{3} ชั่วโมง
10050100032	Grape and herbs slow-simmered in orangewood sap for a rich, woody aroma. Increases damage to Demi-Human monsters by @{1}%~@{2}% for @{3} hours.	องุ่นและสมุนไพรที่เคี่ยวช้า ๆ ในน้ำเลี้ยงไม้ส้ม มีกลิ่นไม้หอมเข้มข้น เพิ่มความเสียหายต่อมอนสเตอร์ Demi-Human ขึ้น @{1}%~@{2}% เป็นเวลา @{3} ชั่วโมง
10050100033	Grape and Lemon simmered in bitter orange juice for a lingering woody sweetness. Use to increase Demi-Human damage reduction by @{1}%~@{2}% for @{3} hours.	องุ่นและมะนาวที่เคี่ยวในน้ำส้มขม มีรสหวานและกลิ่นไม้ติดปลายลิ้น ใช้เพื่อเพิ่มการลดความเสียหายจาก Demi-Human ขึ้น @{1}%~@{2}% เป็นเวลา @{3} ชั่วโมง
10800100000	^{1}^{2}【Turn Undead】^{3}^{4}'s percentage-based damage multiplier increases by ${1}%, and its fixed damage increases by ${2}.	ตัวคูณความเสียหายแบบเปอร์เซ็นต์ของ ^{1}^{2}[ Turn Undead ]^{3}^{4} เพิ่มขึ้น ${1}% และความเสียหายจริงเพิ่มขึ้น ${2}
10800100001	When ^{1}^{2}【Turn Undead】^{3}^{4} hits an enemy, it deals ${1} Extra hit(s) of Ranged Holy Magic damage equal to MATK * ${2}% + ${3}. Internal Cooldown: ${4} sec.	เมื่อ ^{1}^{2}[ Turn Undead ]^{3}^{4} โจมตีถูกศัตรู จะสร้างดาเมจเวทระยะไกลธาตุ Holy เพิ่มเติม ${1} ครั้ง เท่ากับ M.ATK * ${2}% + ${3} CD ภายใน: ${4} วินาที
10800100002	^{1}^{2}[Turn Undead]^{3}^{4} infuses the ground with holy light upon hitting an enemy, dealing MATK*${3}%+${4} Holy Ranged Magic damage to the enemy and up to ${2} enemies within a ${1}-meter radius. Internal Cooldown: ${5} seconds.	^{1}^{2}[ Turn Undead ]^{3}^{4} แผ่แสงศักดิ์สิทธิ์บนพื้นเมื่อโจมตีถูกศัตรู สร้างดาเมจเวทระยะไกลธาตุ Holy เท่ากับ M.ATK*${3}%+${4} แก่ศัตรูเป้าหมายและศัตรูสูงสุด ${2} ตัว ในรัศมี ${1} เมตร CD ภายใน: ${5} วินาที
10800100003	While ^{1}^{2}[Increase AGI]^{3}^{4} is active, ASPD +${1}%.	ขณะ ^{1}^{2}[ Increase AGI ]^{3}^{4} ทำงาน ASPD +${1}%
10800100004	^{1}^{2}[Heal]^{3}^{4} restores an Extra MATK*${2}%+${3} HP to targets below ${1}% HP.	^{1}^{2}[ Heal ]^{3}^{4} ฟื้นฟู HP เพิ่มเติมเท่ากับ M.ATK*${2}%+${3} ให้แก่เป้าหมายที่มี HP ต่ำกว่า ${1}%
10800100005	When ^{1}^{2}[Mace Mastery]^{3}^{4} reaches Lv. ${1}, STR +${2}.	เมื่อ ^{1}^{2}[ Mace Mastery ]^{3}^{4} ถึง Lv. ${1} จะได้รับ STR +${2}
10800100006	When ^{1}^{2}[Basic Attack]^{3}^{4} hits an enemy, it triggers Holy Light Strike, dealing an Extra ${1} hits of MATK*${2}%+${3} Holy Ranged Magic damage. Internal Cooldown: ${4} seconds.	เมื่อ ^{1}^{2}[ Basic Attack ]^{3}^{4} โจมตีถูกศัตรู จะทำให้ Holy Light Strike ทำงาน สร้างดาเมจเวทระยะไกลธาตุ Holy เพิ่มเติม ${1} ครั้ง เท่ากับ M.ATK*${2}%+${3} CD ภายใน: ${4} วินาที
10800100007	When a one-handed or two-handed staff is equipped, Magic ATK +${1}.	เมื่อสวมคทามือเดียวหรือคทาสองมือ M.ATK +${1}
10800100008	When ^{1}^{2}[Magnus Exorcismus]^{3}^{4} hits a single enemy, its percentage damage multiplier increases by ${1}% and its fixed damage increases by ${2}.	เมื่อ ^{1}^{2}[ Magnus Exorcismus ]^{3}^{4} โจมตีถูกศัตรูเพียงตัวเดียว ตัวคูณความเสียหายแบบเปอร์เซ็นต์เพิ่มขึ้น ${1}% และความเสียหายจริงเพิ่มขึ้น ${2}
10800100009	When ^{1}^{2}[Magnus Exorcismus]^{3}^{4} is cast, it also unleashes a powerful burst of holy light, dealing MATK*${2}%+${3} Holy Ranged Magic damage to up to ${1} enemies within the area.	เมื่อร่าย ^{1}^{2}[ Magnus Exorcismus ]^{3}^{4} จะปลดปล่อยแสงศักดิ์สิทธิ์อันทรงพลังด้วย สร้างดาเมจเวทระยะไกลธาตุ Holy เท่ากับ M.ATK*${2}%+${3} แก่ศัตรูสูงสุด ${1} ตัว ภายในพื้นที่
10800100010	^{1}^{2}[Heal]^{3}^{4} and ^{5}^{6}[Sanctuary]^{7}^{8} Variable CT -${1}%.	^{1}^{2}[ Heal ]^{3}^{4} และ ^{5}^{6}[ Sanctuary ]^{7}^{8} มี VCT -${1}%
10800100011	When ^{1}^{2}[Resurrection]^{3}^{4} Revives a target below Base ${1}, its HP and SP recovery are increased by ${2}%.	เมื่อ ^{1}^{2}[ Resurrection ]^{3}^{4} ชุบชีวิตเป้าหมายที่มี Base ต่ำกว่า ${1} การฟื้นฟู HP และ SP เพิ่มขึ้น ${2}%
12390100827	Deploy a Divine Arts Totem to increase your Combat Power.	วาง Divine Arts Totem เพื่อเพิ่ม Combat Power ของผู้ใช้
12390100826	Divine Totem Exclusive Skill Book	หนังสือสกิลเฉพาะ Divine Totem
12390100825	Pet Shards can be used to unlock and star up the corresponding Pet.	ใช้ชิ้นส่วนสัตว์เลี้ยงเพื่อปลดล็อกและเพิ่มดาวให้สัตว์เลี้ยงที่ตรงกันได้
12390100823	Use to unlock Secret History of Prontera: @{1} of @{2}	ใช้เพื่อปลดล็อก Secret History of Prontera: @{1} จาก @{2}
12390100794	A coin formed from the crystallized faith of Valhalla. Used to increase the level of Heroic Spirit statues.	เหรียญที่เกิดจากศรัทธาของ Valhalla ตกผลึก ใช้เพิ่มเลเวลรูปปั้น Heroic Spirit
12390100782	Use to Activate Composer (Permanent).	ใช้เพื่อเปิดใช้งาน Composer อย่างถาวร
12390100780	A crystal imbued with magical energy. It powers Magic Equipment and is used to prepare for the New World.	คริสตัลที่อัดแน่นด้วยพลังเวท ใช้เป็นแหล่งพลังให้ Magic Equipment และใช้เตรียมพร้อมสำหรับ New World
12390100779	Participate in MVP hunts to receive large quantities of Minted Coins, Cards, and other resources. Rewards have already been sent directly to your Backpack.	เข้าร่วมล่า MVP เพื่อรับ Minted Coins, Cards และทรัพยากรอื่นจำนวนมาก รางวัลถูกส่งเข้ากระเป๋าโดยตรงแล้ว
12390100778	The Eden Group presents this reward to Adventurers who participated in Rift Crisis. Open it to receive a few small gifts from the Eden Group.	Eden Group มอบรางวัลนี้ให้แก่ Adventurer ที่เข้าร่วม Rift Crisis เปิดเพื่อรับของขวัญเล็ก ๆ จาก Eden Group
12390100777	The Eden Group presents this reward to Adventurers who made an outstanding Contribution during Rift Crisis. Open it to receive a mysterious gift specially prepared by the Eden Group.	Eden Group มอบรางวัลนี้ให้แก่ Adventurer ที่สร้างผลงานโดดเด่นระหว่าง Rift Crisis เปิดเพื่อรับของขวัญลึกลับที่ Eden Group เตรียมไว้เป็นพิเศษ
12390100776	The Eden Group presents this reward to Adventurers who made a Contribution during unusual events. Open it to receive the Eden Group's thanks.	Eden Group มอบรางวัลนี้ให้แก่ Adventurer ที่มีส่วนร่วมในเหตุการณ์ผิดปกติ เปิดเพื่อรับคำขอบคุณจาก Eden Group
12390100775	Open the gift box to receive 1 random Purple-, Blue-, or Green-quality card.	เปิดกล่องของขวัญเพื่อสุ่มรับการ์ดคุณภาพสีม่วง สีฟ้า หรือสีเขียว 1 ใบ
12390100774	Open the Card album to receive @{1} random Green or Blue Quality Cards.	เปิดอัลบั้มการ์ดเพื่อสุ่มรับการ์ดคุณภาพสีเขียวหรือสีฟ้า @{1} ใบ
12390100773	Basic Card Pack containing a variety of Green Cards.	แพ็กการ์ดพื้นฐานที่บรรจุการ์ดสีเขียวหลากหลายแบบ
12390100772	A card album used to store cards. It's so old that it's hard to tell which cards are inside.	อัลบั้มสำหรับเก็บการ์ด เก่ามากจนดูไม่ออกว่ามีการ์ดอะไรอยู่ข้างใน
12390100771	Can be opened at Lv. @{1} to receive @{2} Crystals.	เปิดได้เมื่อถึง Lv. @{1} เพื่อรับ Crystals @{2} เม็ด
12390100770	Open to receive a generous Crystal reward.	เปิดเพื่อรับรางวัล Crystals จำนวนมาก
12390100769	Open to receive Dig Boss Assist Rewards.	เปิดเพื่อรับรางวัลช่วยโจมตี Dig Boss
12390100768	Open to receive Dig Boss Kill Rewards.	เปิดเพื่อรับรางวัลสังหาร Dig Boss
12390100767	Open to receive Dig Elite Kill Rewards.	เปิดเพื่อรับรางวัลสังหาร Dig Elite
12390100766	Open to select and receive 1 piece of T@{1} Red upper-body equipment.	เปิดเพื่อเลือกและรับอุปกรณ์ส่วนบนสีแดง T@{1} จำนวน 1 ชิ้น
12390100765	Open to receive the Nine-Tone Mantra Costume set.	เปิดเพื่อรับชุดคอสตูม Nine-Tone Mantra
12390100764	Open to receive a random Soul Echo.	เปิดเพื่อสุ่มรับ Soul Echo
12390100763	Open to receive random Soul Echoes and Soul Echo EXP.	เปิดเพื่อสุ่มรับ Soul Echoes และ Soul Echo EXP
12390100762	Open to select and receive 1 Purple Card.	เปิดเพื่อเลือกและรับการ์ดสีม่วง 1 ใบ
12390100761	Open to receive 1 random item from the following selection.	เปิดเพื่อสุ่มรับไอเทม 1 ชิ้นจากรายการต่อไปนี้
12390100760	Open to receive 1 random Orange Divine Art Totem.	เปิดเพื่อสุ่มรับ Divine Art Totem สีส้ม 1 ชิ้น
12390100759	Open to receive 1 random Blue or Purple Card.	เปิดเพื่อสุ่มรับการ์ดสีฟ้าหรือสีม่วง 1 ใบ
12390100758	Open to receive 10,000 × @{1} Minted Coins.	เปิดเพื่อรับ Minted Coins จำนวน 10,000 × @{1} เหรียญ
12390100757	Open to receive @{1} Zeny.	เปิดเพื่อรับ Zeny @{1}
12390100756	Open to receive Soul Echo EXP.	เปิดเพื่อรับ Soul Echo EXP
12390100755	Open to receive @{1} Oridecon and @{2} Aluminum.	เปิดเพื่อรับ Oridecon @{1} ชิ้น และ Aluminum @{2} ชิ้น
12390100754	Grants one random Refinement Blessing material.	สุ่มรับวัตถุดิบ Refinement Blessing หนึ่งชิ้น
12390100753	Grants a random Advanced Divine Art Totem Skill Book.	สุ่มรับหนังสือสกิล Advanced Divine Art Totem
12390100752	Randomly obtain a low-tier Divine Totem Skill Book.	สุ่มรับหนังสือสกิล Divine Totem ระดับล่าง
12390100751	Randomly obtain one piece of Blue, Purple, or Orange Headwear.	สุ่มรับเครื่องประดับศีรษะสีฟ้า สีม่วง หรือสีส้มหนึ่งชิ้น
12390100750	Obtain Green and Blue Headgear Materials, plus one random Purple or Orange Headgear Material.	ได้รับวัตถุดิบเครื่องประดับศีรษะสีเขียวและสีฟ้า พร้อมสุ่มรับวัตถุดิบเครื่องประดับศีรษะสีม่วงหรือสีส้มหนึ่งชิ้น
12390100749	Open to select and obtain one Blue Card.	เปิดเพื่อเลือกและรับการ์ดสีฟ้าหนึ่งใบ
12390100748	Open to select and receive one T@{1} Orange equipment item.	เปิดเพื่อเลือกและรับอุปกรณ์สีส้ม T@{1} หนึ่งชิ้น
12390100747	Open to select one T@{1} orange weapon.	เปิดเพื่อเลือกอาวุธสีส้ม T@{1} หนึ่งชิ้น
12390100746	Open the gift box to receive one random Refinement Material.	เปิดกล่องของขวัญเพื่อสุ่มรับวัตถุดิบตีบวกหนึ่งชิ้น
12390100745	Open to obtain a Card: Savage Babe.	เปิดเพื่อรับการ์ด Savage Babe
12390100744	Open the gift box to receive a random Purple Quality card.	เปิดกล่องของขวัญเพื่อสุ่มรับการ์ดคุณภาพสีม่วง
12390100743	A lavish gift awarded to active participants in the Territory War.	ของขวัญล้ำค่าที่มอบให้ผู้เข้าร่วม Territory War อย่างแข็งขัน
12390100742	The highest honor reserved for those who achieve outstanding merit in the Territory War.	เกียรติยศสูงสุดสำหรับผู้สร้างผลงานยอดเยี่ยมใน Territory War
12390100741	Open this chest to select one type of T@{1} Fragment.	เปิดหีบนี้เพื่อเลือก Fragment T@{1} หนึ่งประเภท
12390100740	Open to receive a Tier @{1} Orange weapon for your class.	เปิดเพื่อรับอาวุธสีส้ม Tier @{1} สำหรับคลาสของผู้ใช้
12390100739	Open this gift box to randomly obtain one Card of any Rarity.	เปิดกล่องของขวัญนี้เพื่อสุ่มรับการ์ดหนึ่งใบจากทุกระดับความหายาก
12390100732	Open to receive all of the following Soul Echoes.	เปิดเพื่อรับ Soul Echoes ทั้งหมดต่อไปนี้
12390100731	Open to receive one common crafting material.	เปิดเพื่อรับวัตถุดิบสร้างไอเทมทั่วไปหนึ่งชิ้น
12390100730	Open to receive a certain number of Unclaimed Soul Crystals.	เปิดเพื่อรับ Unclaimed Soul Crystals จำนวนหนึ่ง
12390100729	Open this gift box to randomly obtain one of the following Soul Echoes.	เปิดกล่องของขวัญนี้เพื่อสุ่มรับ Soul Echoes หนึ่งรายการจากรายการต่อไปนี้
12390100728	Contents vary depending on the Season in which it is opened.	ของภายในเปลี่ยนไปตาม Season ที่เปิด
12390100721	Open to receive @{1} Card: Whisper, @{2} Blue Card Shards, and @{3} Diamonds.	เปิดเพื่อรับการ์ด Whisper @{1} ใบ, Blue Card Shards @{2} ชิ้น และ Diamonds @{3} เม็ด
12390100720	Open to select one piece of T@{1} Orange Equipment.	เปิดเพื่อเลือกอุปกรณ์สีส้ม T@{1} หนึ่งชิ้น
12390100719	Open to select one Weapon.	เปิดเพื่อเลือกอาวุธหนึ่งชิ้น
12390100718	Beginner's Chest--Can be opened upon reaching Base Lv. @{1}.	Beginner's Chest--เปิดได้เมื่อถึง Base Lv. @{1}
12390100717	Open this gift box to obtain a certain number of Candles of Contemplation.	เปิดกล่องของขวัญนี้เพื่อรับ Candles of Contemplation จำนวนหนึ่ง
12390100716	Open this gift box to randomly obtain one of the following Divine Art Totem Skill Books.	เปิดกล่องของขวัญนี้เพื่อสุ่มรับหนังสือสกิล Divine Art Totem หนึ่งเล่มจากรายการต่อไปนี้
12390100715	Open this gift box to randomly obtain one of the following Soul Echoes.	เปิดกล่องของขวัญนี้เพื่อสุ่มรับ Soul Echoes หนึ่งรายการจากรายการต่อไปนี้
12390100714	Open this gift box to obtain a large number of progression items.	เปิดกล่องของขวัญนี้เพื่อรับไอเทมพัฒนาตัวละครจำนวนมาก
12390100713	Open this Pack to obtain @{1} Star Diamond I and @{2} Starlight Silk I.	เปิดแพ็กนี้เพื่อรับ Star Diamond I @{1} ชิ้น และ Starlight Silk I @{2} ชิ้น
12390100712	Open to obtain a Tier @{1} Weapon Blueprint and the required Crafting Materials.	เปิดเพื่อรับ Weapon Blueprint Tier @{1} และวัตถุดิบที่ใช้สร้าง
12390100711	Open to obtain @{1} Spirit Pact Stones, @{2} Pet Training Diary I, and @{3} Diamonds.	เปิดเพื่อรับ Spirit Pact Stones @{1} ชิ้น, Pet Training Diary I @{2} เล่ม และ Diamonds @{3} เม็ด
12390100710	Open to obtain @{1} Card: Eclipse, @{2} Blue Card Fragments, and @{3} Diamonds.	เปิดเพื่อรับการ์ด Eclipse @{1} ใบ, Blue Card Fragments @{2} ชิ้น และ Diamonds @{3} เม็ด
12390100709	Open to obtain Card: Golden Thief Bug, a large amount of Zeny, and some Blue Card Fragments.	เปิดเพื่อรับการ์ด Golden Thief Bug, Zeny จำนวนมาก และ Blue Card Fragments จำนวนหนึ่ง
12390100700	A top-quality fish used in many dishes. Its high price makes it difficult to enjoy regularly.	ปลาคุณภาพเยี่ยมที่ใช้ทำอาหารได้หลายเมนู ราคาสูงจนยากจะกินเป็นประจำ
12390100699	A transparent jellyfish with a moon-shaped marking on its head. It is said to glow at night.	แมงกะพรุนโปร่งใสที่มีลายรูปดวงจันทร์บนหัว ว่ากันว่าเรืองแสงในเวลากลางคืน
12390100698	A blue-backed fish from Frozen waters that's very nutritious. Feed for the Pet [Leafy Cat]. Weight: @{1}	ปลาหลังสีน้ำเงินจากแหล่งน้ำเย็นจัด อุดมด้วยสารอาหาร ใช้เป็นอาหารสัตว์เลี้ยง [ Leafy Cat ] น้ำหนัก: @{1}
12390100697	A sea urchin covered in spiky armor. Handle it carefully, or it may prick your hand.	เม่นทะเลที่มีเกราะหนามปกคลุม จับอย่างระมัดระวัง ไม่เช่นนั้นอาจถูกหนามทิ่มมือ
12390100696	An eight-legged mollusk. It will Launch ink when threatened, so be careful.	สัตว์จำพวกหอยที่มีแปดแขน เมื่อถูกคุกคามจะพ่นหมึก จึงต้องระวัง
12390100695	A premium, colorful, and delicious sea bream used in many dishes.	ปลาทะเลตระกูลซีบรีมคุณภาพดี สีสวย รสอร่อย ใช้ทำอาหารได้หลายเมนู
12390100692	A shimmering star fragment from the intertidal zone. Legend says its tentacles absorb moonlight.	เศษดาวระยิบระยับจากเขตน้ำขึ้นน้ำลง ตำนานกล่าวว่าหนวดของมันดูดซับแสงจันทร์ได้
12390100691	An amphibian with incredible jumping ability. Its slippery body makes it difficult to catch.	สัตว์สะเทินน้ำสะเทินบกที่กระโดดได้ยอดเยี่ยม ลำตัวลื่นทำให้จับได้ยาก
12390100690	An eel renowned for its strength. One of the best fish for restoring energy.	ปลาไหลที่ขึ้นชื่อเรื่องพละกำลัง เป็นหนึ่งในปลาที่ช่วยฟื้นพลังได้ดีที่สุด
12390100688	A blue crab used in many dishes. Sometimes used as bait.	ปูสีน้ำเงินที่ใช้ทำอาหารได้หลายเมนู บางครั้งใช้เป็นเหยื่อตกปลา
12390100687	DHA-rich mackerel that is sometimes used as bait.	ปลาแมกเคอเรลที่อุดมด้วย DHA บางครั้งใช้เป็นเหยื่อตกปลา
12390100686	A small, common Basilac Clam that is easy to catch almost anywhere. Sometimes used as bait.	Basilac Clam ตัวเล็กที่พบทั่วไป จับได้ง่ายแทบทุกแห่ง บางครั้งใช้เป็นเหยื่อตกปลา
12390100685	A crustacean with five pairs of legs. It turns pink when cooked and is absolutely delicious.	สัตว์เปลือกแข็งที่มีขาห้าคู่ เมื่อปรุงสุกจะเปลี่ยนเป็นสีชมพูและอร่อยมาก
12390100684	Enhanced sacred armor plating combining high durability with holy protection, providing top-tier defense.	แผ่นเกราะศักดิ์สิทธิ์ที่เสริมพลังแล้ว ผสานความทนทานสูงกับการคุ้มครองศักดิ์สิทธิ์ ให้การป้องกันระดับสูงสุด
12390100683	Armor plating made from an alloy blessed by holy light, providing advanced protection.	แผ่นเกราะทำจากโลหะผสมที่ได้รับพรจากแสงศักดิ์สิทธิ์ ให้การป้องกันขั้นสูง
12390100682	Armor plating treated to Enhance its strength, providing intermediate protection.	แผ่นเกราะที่ผ่านกระบวนการเพิ่มความแข็งแกร่ง ให้การป้องกันระดับกลาง
12390100681	Armor plating forged from ordinary Metal, providing basic protection.	แผ่นเกราะตีขึ้นจากโลหะทั่วไป ให้การป้องกันพื้นฐาน
12390100679	A semi-finished sacred cloth material for shoulder armor. Its blessed Orbit provides Extra DEF.	วัตถุดิบผ้าศักดิ์สิทธิ์กึ่งสำเร็จรูปสำหรับเกราะไหล่ Orbit ที่ได้รับพรช่วยเพิ่ม DEF
12390100677	Fabric used to line sacred equipment, providing a blessing bonus and greater protection.	ผ้าสำหรับบุอุปกรณ์ศักดิ์สิทธิ์ เพิ่มโบนัสพรและการป้องกัน
12390100676	A roll of sacred cloth radiating intense holy light. Used to craft advanced equipment.	ผ้าศักดิ์สิทธิ์หนึ่งม้วนที่แผ่แสงศักดิ์สิทธิ์เข้มข้น ใช้สร้างอุปกรณ์ขั้นสูง
12390100675	High-quality silk thread made from fine silk fibers. Used to sew advanced clothing or equipment.	เส้นไหมคุณภาพสูงจากใยไหมเนื้อละเอียด ใช้เย็บเสื้อผ้าหรืออุปกรณ์ขั้นสูง
12390100674	A semi-finished silk material for footwear. Used to craft fine footwear or armor.	วัตถุดิบไหมกึ่งสำเร็จรูปสำหรับรองเท้า ใช้สร้างรองเท้าหรือชุดเกราะชั้นดี
12390100672	A semi-finished material made from initially processed raw silk. Used to craft fine clothing or armor.	วัตถุดิบกึ่งสำเร็จรูปจากไหมดิบที่ผ่านการแปรรูปเบื้องต้น ใช้สร้างเสื้อผ้าหรือชุดเกราะชั้นดี
12390100671	Silk material used to line clothing or armor, providing both comfort and Extra cushioning.	วัสดุไหมสำหรับบุเสื้อผ้าหรือชุดเกราะ ให้ความสบายและช่วยรองรับแรงกระแทกเพิ่มขึ้น
12390100669	Woolen material used to line clothing or armor, providing Extra warmth and cushioning.	วัสดุขนสัตว์สำหรับบุเสื้อผ้าหรือชุดเกราะ เพิ่มความอบอุ่นและการรองรับแรงกระแทก
12390100668	Common silk thread used to sew clothing or light cloth equipment.	เส้นไหมทั่วไป ใช้เย็บเสื้อผ้าหรืออุปกรณ์ผ้าเนื้อบาง
12390100667	A roll of woolen cloth that provides good insulation, commonly used to Craft Fine equipment.	ผ้าขนสัตว์หนึ่งม้วนที่เก็บความอบอุ่นได้ดี นิยมใช้สร้างอุปกรณ์ชั้นดี
12390100666	A roll of coarse Cotton cloth used to make common cloth equipment and for basic sewing.	ผ้าฝ้ายเนื้อหยาบหนึ่งม้วน ใช้สร้างอุปกรณ์ผ้าทั่วไปและงานเย็บพื้นฐาน
12390100660	A special moss that grows in damp areas. It can be gathered and spun into warm fibers.	มอสชนิดพิเศษที่เติบโตในพื้นที่ชื้น เก็บมาปั่นเป็นเส้นใยที่ให้ความอบอุ่นได้
12390100659	A mysterious plant stem infused with nature's energy. It is said to give fabric an affinity for magic.	ก้านพืชลึกลับที่เปี่ยมด้วยพลังธรรมชาติ ว่ากันว่าช่วยให้ผ้ารับพลังเวทได้ดี
12390100658	Plant fluff that drifts on the wind. It can be gathered and used as stuffing.	ปุยพืชที่ปลิวไปตามลม เก็บมาใช้เป็นวัสดุยัดไส้ได้
12390100656	Rough hemp leaves found in the wilderness, used to weave coarse cloth or make basic yarn.	ใบป่านเนื้อหยาบที่พบในป่า ใช้ทอผ้าหยาบหรือทำเส้นด้ายพื้นฐาน
12390100655	A wooden rune imbued with the power of blessings that grants equipment Extra advanced magical effects.	รูนไม้ที่เปี่ยมด้วยพลังแห่งพร มอบเอฟเฟกต์เวทขั้นสูงเพิ่มเติมให้อุปกรณ์
12390100654	A wooden rune imbued with holy light that can add powerful magical effects to equipment.	รูนไม้ที่เปี่ยมด้วยแสงศักดิ์สิทธิ์ เพิ่มเอฟเฟกต์เวทอันทรงพลังให้อุปกรณ์ได้
12390100653	A wooden rune imbued with spiritual power that can add Extra magical properties to equipment.	รูนไม้ที่เปี่ยมด้วยพลังวิญญาณ เพิ่มคุณสมบัติเวทให้อุปกรณ์ได้
12390100652	A wooden rune engraved with mysterious symbols. It can add basic magical properties to equipment.	รูนไม้สลักสัญลักษณ์ลึกลับ เพิ่มคุณสมบัติเวทพื้นฐานให้อุปกรณ์ได้
12390100651	Wrapping material made from Sacred Wood, used to craft advanced equipment with blessed effects.	วัสดุหุ้มทำจาก Sacred Wood ใช้สร้างอุปกรณ์ขั้นสูงที่มีเอฟเฟกต์พร
12390100650	A specialized mold for crafting advanced rings and accessories imbued with blessed properties.	แม่พิมพ์เฉพาะสำหรับสร้างแหวนและเครื่องประดับขั้นสูงที่มีคุณสมบัติพร
12390100647	A block of Sacred Wood that emits a faint glow, used to craft advanced equipment.	Sacred Wood หนึ่งท่อนที่เปล่งแสงจาง ๆ ใช้สร้างอุปกรณ์ขั้นสูง
12390100646	An Ironwood outer layer used to wrap equipment, improving its durability and handling.	ชั้นผิว Ironwood สำหรับหุ้มอุปกรณ์ เพิ่มความทนทานและความถนัดในการใช้งาน
12390100645	A precision mold carved from Ironwood, used to make strong yet resilient rings.	แม่พิมพ์แกะจาก Ironwood อย่างประณีต ใช้สร้างแหวนที่แข็งแรงแต่ยืดหยุ่น
12390100641	Processed from Ironwood. Its hardness and resilience make it ideal for crafting fine equipment.	วัสดุแปรรูปจาก Ironwood ความแข็งและความยืดหยุ่นทำให้เหมาะกับการสร้างอุปกรณ์ชั้นดี
12390100639	Pure wood taken from the heart of solid timber, offering exceptional resilience and support.	ไม้เนื้อบริสุทธิ์จากแก่นไม้แข็ง ให้ความยืดหยุ่นและการรองรับที่ยอดเยี่ยม
12390100638	White crystals used as a basic seasoning to enhance the savory flavor of dishes.	ผลึกสีขาวที่ใช้เป็นเครื่องปรุงพื้นฐาน ช่วยเพิ่มรสกลมกล่อมให้อาหาร
12390100636	A clear, colorless liquid used in cooking to remove unwanted odors and enhance aroma.	ของเหลวใสไม่มีสี ใช้ในการปรุงอาหารเพื่อขจัดกลิ่นไม่พึงประสงค์และเพิ่มกลิ่นหอม
12390100634	White granulated crystals used to sweeten dishes.	ผลึกเม็ดสีขาวสำหรับเพิ่มความหวานให้อาหาร
12390100633	Tender animal meat that can be grilled or stewed for a variety of meat dishes.	เนื้อสัตว์นุ่มที่นำไปย่างหรือตุ๋นเป็นอาหารประเภทเนื้อได้หลากหลาย
12390100620	A whetstone polished multiple times to greatly improve a weapon's cutting power and durability.	หินลับมีดที่ผ่านการขัดหลายครั้ง ช่วยเพิ่มความคมและความทนทานของอาวุธอย่างมาก
12390100604	Not only is it sufficiently hard, but it is also easier to work with than other Metals.	มีความแข็งเพียงพอและขึ้นรูปได้ง่ายกว่าโลหะอื่น
12390100594	Restores @{1} Life Skill Vigor upon use.	ใช้เพื่อฟื้นฟู Vigor ของ Life Skill @{1} แต้ม
12390100592	Item used to Learn a skill.	ไอเทมสำหรับเรียนรู้สกิล
12390100591	Item used to Level-up a title.	ไอเทมสำหรับเพิ่มเลเวลฉายา
12390100590	Hide from a blue Pegasus said to exist only in Legend!\nIt's warm and soft to the touch.	หนังจาก Pegasus สีน้ำเงินที่ว่ากันว่ามีอยู่เพียงในตำนาน!\nสัมผัสอบอุ่นและนุ่มนวล
12390100589	A hard shell from a monster. Available from the Collector.	เปลือกแข็งจากมอนสเตอร์ หาได้จาก Collector
12390100585	A knife-sharp scale that can be processed into many useful items. Available from the Collector.	เกล็ดคมราวใบมีด แปรรูปเป็นไอเทมที่มีประโยชน์ได้หลายชนิด หาได้จาก Collector
12390100584	A fingernail taken from the dead. Available from the Collector.	เล็บจากผู้ตาย หาได้จาก Collector
10110300083	Can only be used while riding Madogear. Equip ${1} Vulcan Arm on each hand and Launch them at ${3} selected enemies up to ${2} meters away, dealing ${4} hits of Neutral Ranged Physical DMG equal to PATK * ^{1}${5}%^{2}. Every ${6} casts of 【Vulcan Arm】 trigger 【Firepower Loaded】 ${7} times.\n【Firepower Loaded】: Increases the number of Cannon shells Launched by each 【Arm Cannon】 attack to ${8} for ${9} attacks.	ใช้ได้ขณะขับ Madogear เท่านั้น ติดตั้ง Vulcan Arm ${1} กระบอกบนมือแต่ละข้าง แล้วยิงใส่ศัตรูเป้าหมาย ${3} ตัว ในระยะไม่เกิน ${2} เมตร สร้างดาเมจกายภาพระยะไกลไร้ธาตุ ${4} ครั้ง เท่ากับ P.ATK * ^{1}${5}%^{2} ทุก ${6} ครั้งที่ใช้ [ Vulcan Arm ] จะทำให้ [ Firepower Loaded ] ทำงาน ${7} ครั้ง\n[ Firepower Loaded ]: เพิ่มจำนวนกระสุน Cannon ที่ยิงในการโจมตีด้วย [ Arm Cannon ] แต่ละครั้งเป็น ${8} นัด สำหรับการโจมตี ${9} ครั้ง
10110300084	Can only be used while riding Madogear. Launch Pile Bunker at ${2} selected enemies within ${1} meters of you and up to ${4} enemies within ${3} meters of them, dealing Neutral Ranged Physical DMG equal to PATK * ^{1}${5}%^{2}, inflicting ${6}-meter Knockback, and inflicting Stun for ${7} seconds. DMG increases with STR.	ใช้ได้ขณะขับ Madogear เท่านั้น ยิง Pile Bunker ใส่ศัตรูเป้าหมาย ${2} ตัว ในระยะ ${1} เมตร จากผู้ใช้ และศัตรูสูงสุด ${4} ตัว ในระยะ ${3} เมตร จากเป้าหมายเหล่านั้น สร้างดาเมจกายภาพระยะไกลไร้ธาตุ เท่ากับ P.ATK * ^{1}${5}%^{2} ผลักถอยหลัง ${6} เมตร และทำให้ติดสถานะ Stun เป็นเวลา ${7} วินาที ความเสียหายเพิ่มตาม STR
10110300085	Can only be used while riding Madogear. Use Flame Launcher on ${2} selected enemies within ${1} meters of you, dealing ${6} hits of Fire Ranged Physical DMG totaling PATK * ^{1}${7}%^{2} to up to ${5} targets in a ${3} * ${4}-meter rectangular area in front of you. Immediately triggers 【Firepower Loaded】 @{1} times after casting. 【Firepower Loaded】: Increases the number of Cannon shells Launched by each 【Arm Cannon】 attack to ${8} for ${9} attacks.	ใช้ได้ขณะขับ Madogear เท่านั้น ใช้ Flame Launcher ใส่ศัตรูเป้าหมาย ${2} ตัว ในระยะ ${1} เมตร จากผู้ใช้ โจมตี ${6} ครั้ง สร้างดาเมจกายภาพระยะไกลธาตุ Fire รวมเท่ากับ P.ATK * ^{1}${7}%^{2} แก่เป้าหมายสูงสุด ${5} ตัว ในพื้นที่สี่เหลี่ยมขนาด ${3} * ${4} เมตร ด้านหน้าผู้ใช้ หลังร่ายจะทำให้ [ Firepower Loaded ] ทำงาน @{1} ครั้งทันที [ Firepower Loaded ]: เพิ่มจำนวนกระสุน Cannon ที่ยิงในการโจมตีด้วย [ Arm Cannon ] แต่ละครั้งเป็น ${8} นัด สำหรับการโจมตี ${9} ครั้ง
10110300086	Can only be used while riding Madogear. Use the thrusters to Move ^{1}${1}^{2} meters in the specified direction.	ใช้ได้ขณะขับ Madogear เท่านั้น ใช้เครื่องขับดันเคลื่อนที่ ^{1}${1}^{2} เมตร ไปในทิศทางที่กำหนด
10110300087	Can only be used while riding Madogear. Consumes HP equal to ^{1}${7}%^{2} of your Max HP and converts it into a 【Shield】 for @{1} seconds. Immediately removes all Control effects from you, then begins a ${1}-second countdown before using Energy Release. You have 【Immunity】 during the countdown. When the countdown ends, deal Neutral Melee Physical DMG equal to PATK * ^{3}${4}%^{4} to up to ${3} targets within a ${2}-meter radius and inflict Knock-Up. You then lose ${5}% of your current Max HP. This HP loss cannot be fatal. Reduces MSPD. by @{2}% for ${6} seconds.	ใช้ได้ขณะขับ Madogear เท่านั้น ใช้ HP เท่ากับ ^{1}${7}%^{2} ของ Max HP แล้วแปลงเป็น [ Shield ] คงอยู่ @{1} วินาที ลบเอฟเฟกต์ควบคุมทั้งหมดจากผู้ใช้ทันที จากนั้นเริ่มนับถอยหลัง ${1} วินาทีก่อนใช้ Energy Release ระหว่างนับถอยหลังจะมี [ Immunity ] เมื่อนับถอยหลังสิ้นสุด สร้างดาเมจกายภาพระยะประชิดไร้ธาตุ เท่ากับ P.ATK * ^{3}${4}%^{4} แก่เป้าหมายสูงสุด ${3} ตัว ในรัศมี ${2} เมตร และทำให้ลอยขึ้น จากนั้นผู้ใช้สูญเสีย HP เท่ากับ ${5}% ของ Max HP ปัจจุบัน การสูญเสีย HP นี้ไม่ทำให้ตาย ลด MSPD ลง @{2}% เป็นเวลา ${6} วินาที
10110300088	Can only be used while riding Madogear. Bombard a ${1} * ${2}-meter area in the specified direction. You have 【Immunity】 while using the skill and deal Neutral Ranged Physical DMG totaling PATK * ^{1}${4}%^{2} to up to ${3} enemies along the path. Increases MSPD by ^{3}${5}%^{4} for the skill's duration.	ใช้ได้ขณะขับ Madogear เท่านั้น ยิงถล่มพื้นที่ขนาด ${1} * ${2} เมตร ไปในทิศทางที่กำหนด ผู้ใช้มี [ Immunity ] ขณะใช้สกิล และสร้างดาเมจกายภาพระยะไกลไร้ธาตุรวมเท่ากับ P.ATK * ^{1}${4}%^{2} แก่ศัตรูสูงสุด ${3} ตัว ตามเส้นทาง เพิ่ม MSPD ขึ้น ^{3}${5}%^{4} ตลอดระยะเวลาสกิล
10110300089	Releases a pulse within a ${1} m radius, dealing Physical ATK * ^{1}${3}%^{2} Neutral melee Physical DMG ${2} times.	ปล่อยพัลส์ในรัศมี ${1} เมตร สร้างดาเมจกายภาพระยะประชิดไร้ธาตุ เท่ากับ P.ATK * ^{1}${3}%^{2} จำนวน ${2} ครั้ง
10110300090	Once learned, Mechanics can use the Kinetic Battle Axe and its related skills.	เมื่อเรียนรู้แล้ว Mechanic สามารถใช้ Kinetic Battle Axe และสกิลที่เกี่ยวข้องได้
10110300091	Can only be used while riding Madogear. Consumes HP equal to ^{1}${7}%^{2} of your Max HP, immediately removes all Control effects from you, then begins a ${1}-second countdown before using Energy Release. You have 【Immunity】 during the countdown. When the countdown ends, deal Neutral Melee Physical DMG equal to PATK * ^{3}${4}%^{4} to up to ${3} targets within a ${2}-meter radius. You then lose ${5}% of your current Max HP. This HP loss cannot be fatal. Reduces MSPD. by @{1}% for ${6} seconds.	ใช้ได้ขณะขับ Madogear เท่านั้น ใช้ HP เท่ากับ ^{1}${7}%^{2} ของ Max HP ลบเอฟเฟกต์ควบคุมทั้งหมดจากผู้ใช้ทันที จากนั้นเริ่มนับถอยหลัง ${1} วินาทีก่อนใช้ Energy Release ระหว่างนับถอยหลังจะมี [ Immunity ] เมื่อนับถอยหลังสิ้นสุด สร้างดาเมจกายภาพระยะประชิดไร้ธาตุ เท่ากับ P.ATK * ^{3}${4}%^{4} แก่เป้าหมายสูงสุด ${3} ตัว ในรัศมี ${2} เมตร จากนั้นผู้ใช้สูญเสีย HP เท่ากับ ${5}% ของ Max HP ปัจจุบัน การสูญเสีย HP นี้ไม่ทำให้ตาย ลด MSPD ลง @{1}% เป็นเวลา ${6} วินาที
10110300092	Uses a Burst of speed to move ${1} m in the designated direction.	เคลื่อนที่อย่างรวดเร็ว ${1} เมตร ไปในทิศทางที่กำหนด
10110300093	Perform a Dance Move in the designated direction	ทำท่าเต้นในทิศทางที่กำหนด
10110300094	Dance Move	ท่าเต้น
10110300095	Charges one of the @{1} Bells on the field, then shuffles them. Players must destroy the charged Bell.	ชาร์จพลังให้ระฆังหนึ่งใบจากทั้งหมด @{1} ใบในสนาม แล้วสลับตำแหน่ง ผู้เล่นต้องทำลายระฆังที่ได้รับการชาร์จพลัง
10110300096	The field goes dark. Each player can see one glowing Bell and must follow it.	สนามมืดลง ผู้เล่นแต่ละคนจะเห็นระฆังเรืองแสงหนึ่งใบและต้องติดตามมัน
10110300097	Angeling consecutively releases three rings of light energy around itself, damaging players hit.	Angeling ปล่อยวงแหวนพลังแสงสามวงรอบตัวติดต่อกัน สร้างความเสียหายแก่ผู้เล่นที่ถูกวงแหวน
10110300098	Angeling gathers light energy, damaging players in a fan-shaped area ahead.	Angeling รวบรวมพลังแสง สร้างความเสียหายแก่ผู้เล่นในพื้นที่รูปพัดด้านหน้า
10110300099	Strikes the currently targeted player in the grid	โจมตีผู้เล่นเป้าหมายปัจจุบันในช่องตาราง
10110300100	Deviling gathers dark energy, damaging players in a fan-shaped area ahead.	Deviling รวบรวมพลังมืด สร้างความเสียหายแก่ผู้เล่นในพื้นที่รูปพัดด้านหน้า
10110300101	Deviling consecutively releases three rings of dark energy around itself, damaging players hit.	Deviling ปล่อยวงแหวนพลังมืดสามวงรอบตัวติดต่อกัน สร้างความเสียหายแก่ผู้เล่นที่ถูกวงแหวน
10110300102	Place Live Coal	ใส่ Live Coal
10110300103	Place Accelerant	ใส่ Accelerant
10110300104	Collect Live Coals	เก็บ Live Coals
10110300105	Collect	เก็บ
10110300106	Cancel Transformation	ยกเลิกการแปลงร่าง
10110300107	Enlarge the target	ขยายขนาดเป้าหมาย
10110300108	Shrink the target	ย่อขนาดเป้าหมาย
10110300109	Connect to them with a red line	เชื่อมกับเป้าหมายด้วยเส้นสีแดง
10110300110	Strikes an enemy with great force, dealing Physical ATK * ^{1}${2}% + ${3}^{2} Neutral melee Physical DMG to a designated ST enemy within ${1} m.	โจมตีศัตรูอย่างรุนแรง สร้างดาเมจกายภาพระยะประชิดไร้ธาตุ เท่ากับ P.ATK * ^{1}${2}% + ${3}^{2} แก่ศัตรูเป้าหมายแบบ Single Target ในระยะ ${1} เมตร
10110300111	Launches an electric orb, dealing MATK * ^{1}${2}% + ${3}^{2} Wind ranged Magic DMG to a designated ST enemy within ${1} m and ^{3}knocking them back^{4} ${4} m.	ยิงลูกแก้วไฟฟ้า สร้างดาเมจเวทระยะไกลธาตุ Wind เท่ากับ M.ATK * ^{1}${2}% + ${3}^{2} แก่ศัตรูเป้าหมายแบบ Single Target ในระยะ ${1} เมตร และ ^{3}ผลักถอยหลัง^{4} ${4} เมตร
10110300112	Restores ^{3}Life^{4} equal to MATK * ^{1}${2}% + ${3}^{2} for you and a designated ST ally within ${1} m. Each ^{5}Base Level^{6} increases ^{7}Healing Volume by ${4}%^{8}. When used on an ^{9}Undead^{10} enemy, deals MATK * ^{11}${5}% + ${6}^{12} Holy ranged Magic DMG.	ฟื้นฟู ^{3}HP^{4} เท่ากับ M.ATK * ^{1}${2}% + ${3}^{2} ให้แก่ผู้ใช้และพันธมิตรเป้าหมายแบบ Single Target ในระยะ ${1} เมตร ทุก ^{5}Base Level^{6} เพิ่ม ^{7}ปริมาณการฟื้นฟู ${4}%^{8} เมื่อใช้กับศัตรู ^{9}Undead^{10} จะสร้างดาเมจเวทระยะไกลธาตุ Holy เท่ากับ M.ATK * ^{11}${5}% + ${6}^{12}
10110300113	Immediately enters ^{1}^{2}【Camouflage】^{3}^{4} and 【Hiding】^{5}^{6}, making you invisible and untargetable and increasing Movement Speed by ^{7}${1}%^{8} for ${2} sec.\nDealing or taking damage a total of ${3} times immediately ends 【Camouflage】 and 【Hiding】.	เข้าสู่สถานะ ^{1}^{2}[ Camouflage ]^{3}^{4} และ [ Hiding ]^{5}^{6} ทันที ทำให้ล่องหนและถูกเลือกเป็นเป้าหมายไม่ได้ พร้อมเพิ่ม MSPD ขึ้น ^{7}${1}%^{8} เป็นเวลา ${2} วินาที\nเมื่อสร้างหรือได้รับความเสียหายรวม ${3} ครั้ง จะสิ้นสุด [ Camouflage ] และ [ Hiding ] ทันที
10110300114	Deals Physical ATK * ^{1}${3}% + ${4}^{2} Fire melee Physical DMG to up to ${2} enemies within a ${1} m radius, increases your Fire DMG by ^{3}${5}%^{4}, and changes Normal Attacks to Fire for ${6} sec.	สร้างดาเมจกายภาพระยะประชิดธาตุ Fire เท่ากับ P.ATK * ^{1}${3}% + ${4}^{2} แก่ศัตรูสูงสุด ${2} ตัว ในรัศมี ${1} เมตร เพิ่มความเสียหายธาตุ Fire ของผู้ใช้ขึ้น ^{3}${5}%^{4} และเปลี่ยนการโจมตีปกติเป็นธาตุ Fire เป็นเวลา ${6} วินาที
10110300115	Deals Physical ATK * ^{1}${2}% + ${3}^{2} Poison melee Physical DMG to a designated ST enemy within ${1} m and applies ^{3}^{4}【Poisoned】^{5}^{6} damage.	สร้างดาเมจกายภาพระยะประชิดธาตุ Poison เท่ากับ P.ATK * ^{1}${2}% + ${3}^{2} แก่ศัตรูเป้าหมายแบบ Single Target ในระยะ ${1} เมตร และทำให้ได้รับความเสียหายจากสถานะ ^{3}^{4}[ Poisoned ]^{5}^{6}
10110300116	Summons Sight around you, revealing hidden targets within a ${2} m radius over ${1} sec.	อัญเชิญ Sight รอบตัว เปิดเผยเป้าหมายที่ซ่อนตัวในรัศมี ${2} เมตร เป็นเวลา ${1} วินาที
10110300117	Can only be used while under ^{1}^{2}【Camouflage】^{3}^{4}. Deals Physical ATK * ^{5}${3}% + ${4}^{6} Neutral melee Physical DMG to up to ${2} enemies within a ${1} m radius, with a ${5}% Chance to inflict ^{7}^{8}【Stun】^{9}^{10} for ${6} sec and a ${7}% Chance to inflict ^{11}^{12}【Blind】^{13}^{14} for ${8} sec.	ใช้ได้ขณะมีสถานะ ^{1}^{2}[ Camouflage ]^{3}^{4} เท่านั้น สร้างดาเมจกายภาพระยะประชิดไร้ธาตุ เท่ากับ P.ATK * ^{5}${3}% + ${4}^{6} แก่ศัตรูสูงสุด ${2} ตัว ในรัศมี ${1} เมตร มีโอกาส ${5}% ทำให้ติดสถานะ ^{7}^{8}[ Stun ]^{9}^{10} เป็นเวลา ${6} วินาที และมีโอกาส ${7}% ทำให้ติดสถานะ ^{11}^{12}[ Blind ]^{13}^{14} เป็นเวลา ${8} วินาที
10110300118	Master the Spear. When equipped with a Spear weapon, increases Physical ATK by ^{1}${1}^{2}.	ฝึกฝนการใช้หอก เมื่อสวมหอก เพิ่ม P.ATK ขึ้น ^{1}${1}^{2}
10110300119	Specializes in Spear weapons, increasing CRIT by ^{1}${1}^{2}, CRIT RES by ^{3}${2}^{4}, and Attack Speed by ^{5}${3}^{6}%.	เพิ่มความชำนาญอาวุธหอก เพิ่ม CRIT ขึ้น ^{1}${1}^{2}, CRIT RES ขึ้น ^{3}${2}^{4} และ ASPD ขึ้น ^{5}${3}^{6}%
10110300120	Increases your damage against Undead property monsters and Demon Race monsters by ^{1}${1}%^{2}.	เพิ่มความเสียหายของผู้ใช้ต่อมอนสเตอร์ธาตุ Undead และมอนสเตอร์เผ่า Demon ขึ้น ^{1}${1}%^{2}
10110300121	Reduces damage taken from Undead property monsters and Demon Race monsters by ^{1}${1}%^{2}.	ลดความเสียหายที่ได้รับจากมอนสเตอร์ธาตุ Undead และมอนสเตอร์เผ่า Demon ลง ^{1}${1}%^{2}
10110300122	Removes ^{1}【Silence】^{2} and ^{3}【Blind】^{4} from a designated ST ally within ${1} m.	ลบสถานะ ^{1}[ Silence ]^{2} และ ^{3}[ Blind ]^{4} จากพันธมิตรเป้าหมายแบบ Single Target ในระยะ ${1} เมตร
10110300123	Learn riding techniques to unlock the Peco Peco mount and increase Movement Speed by ^{1}${1}%^{2} while mounted.	เรียนรู้ทักษะการขี่เพื่อปลดล็อกสัตว์ขี่ Peco Peco และเพิ่ม MSPD ขึ้น ^{1}${1}%^{2} ขณะขี่
10110300124	Shield skill. Expand Auto Guard, increasing your PDEF and MDEF by ^{1}${2}^{2} for ${1} seconds.	สกิลโล่ ขยายพลัง Auto Guard เพิ่ม P.DEF และ M.DEF ของผู้ใช้ขึ้น ^{1}${2}^{2} เป็นเวลา ${1} วินาที
10110300125	Shield skill. Attack with your Shield, dealing Neutral Melee Physical DMG equal to PATK * ^{1}${2}%^{2} + ^{3}${3}^{4} to the selected ST enemy within ${1} meters.	สกิลโล่ โจมตีด้วยโล่ สร้างดาเมจกายภาพระยะประชิดไร้ธาตุ เท่ากับ P.ATK * ^{1}${2}%^{2} + ^{3}${3}^{4} แก่ศัตรูเป้าหมายแบบ Single Target ในระยะ ${1} เมตร
10110300126	Shield skill. Grants you 【Shield Reflect】 for ${3} seconds. 【Shield Reflect】: When you take Melee Physical DMG from an attacker within ${5} meters, deals Neutral Melee Physical DMG equal to your PATK * ^{1}${2}%^{2} + ^{3}${6}^{4} to the attacker. This effect can trigger up to ${4} times per second.	สกิลโล่ มอบ [ Shield Reflect ] ให้แก่ผู้ใช้ เป็นเวลา ${3} วินาที [ Shield Reflect ]: เมื่อได้รับดาเมจกายภาพระยะประชิดจากผู้โจมตีในระยะ ${5} เมตร จะสร้างดาเมจกายภาพระยะประชิดไร้ธาตุ เท่ากับ P.ATK ของผู้ใช้ * ^{1}${2}%^{2} + ^{3}${6}^{4} กลับไปยังผู้โจมตี เอฟเฟกต์นี้ทำงานได้สูงสุด ${4} ครั้งต่อวินาที
10110300127	Deals Holy melee Physical damage equal to the caster's Physical ATK*^{1}${2}%^{2}+^{3}${7}^{4} to a designated ST enemy within ${1} meters and has a ${3}% Chance to inflict ^{5}Blind^{6} for ${6} seconds. When the caster has a two-handed spear equipped, the damage multiplier is increased by an Extra ^{7}${4}%^{8}. This skill is treated as a Basic Attack and has an Attack Speed ratio of ${5}%.	สร้างดาเมจกายภาพระยะประชิดธาตุ Holy เท่ากับ P.ATK ของผู้ใช้*^{1}${2}%^{2}+^{3}${7}^{4} แก่ศัตรูเป้าหมายแบบ Single Target ในระยะ ${1} เมตร และมีโอกาส ${3}% ทำให้ติดสถานะ ^{5}Blind^{6} เป็นเวลา ${6} วินาที เมื่อผู้ใช้สวมหอกสองมือ ตัวคูณความเสียหายเพิ่มอีก ^{7}${4}%^{8} สกิลนี้ถือเป็นการโจมตีปกติ และมีอัตราส่วน ASPD ${5}%
10110300128	Consumes ^{1}${1}^{2} HP to deal Holy Melee Physical DMG equal to PATK * ^{3}${3}%^{4} + ^{5}${4}^{6} to up to ${5} enemies within a ${2}-meter radius. You have ^{7} ^{8}【Endure】^{9} ^{10} while using the skill.	ใช้ HP ^{1}${1}^{2} แต้ม สร้างดาเมจกายภาพระยะประชิดธาตุ Holy เท่ากับ P.ATK * ^{3}${3}%^{4} + ^{5}${4}^{6} แก่ศัตรูสูงสุด ${5} ตัว ในรัศมี ${2} เมตร ผู้ใช้มี ^{7} ^{8}[ Endure ]^{9} ^{10} ขณะใช้สกิล
10110300129	Select a single ally within ${3} meters of you. For the next ${1} seconds, you take ^{1}${2}%^{2} of the damage they receive. If the Distance between you exceeds ${4} meters during this time, the effect ends.	เลือกพันธมิตรหนึ่งตัวในระยะ ${3} เมตร จากผู้ใช้ เป็นเวลา ${1} วินาที ผู้ใช้จะรับ ^{1}${2}%^{2} ของความเสียหายที่พันธมิตรได้รับแทน หากระยะห่างเกิน ${4} เมตร ระหว่างนี้ เอฟเฟกต์จะสิ้นสุด
10110300130	Reduces damage taken from the Demon Race and Holy-property attacks by ^{1}${2}%^{2} for yourself and up to ${3} allies within a ${1}-meter radius for ${4} seconds.	ลดความเสียหายที่ได้รับจากเผ่า Demon และการโจมตีธาตุ Holy ลง ^{1}${2}%^{2} ให้แก่ผู้ใช้และพันธมิตรสูงสุด ${3} ตัว ในรัศมี ${1} เมตร เป็นเวลา ${4} วินาที
10110300131	Shield skill. Grants you 【Defending Aura】 for ${1} seconds. 【Defending Aura】: Reduces Ranged Physical DMG taken by ^{1}${2}%^{2}.	สกิลโล่ มอบ [ Defending Aura ] ให้แก่ผู้ใช้ เป็นเวลา ${1} วินาที [ Defending Aura ]: ลดดาเมจกายภาพระยะไกลที่ได้รับลง ^{1}${2}%^{2}
10110300132	Enters the 【Shrink】 state for ${1} sec. While 【Auto Guard】 is active, taking damage from an attacker within ${5} meters has a ^{1}${2}%^{2} Chance to inflict ^{3}^{4}【Stun】^{5} ^{6}on them for ${3} sec. (Cooldown: ${4} sec.)	เข้าสู่สถานะ [ Shrink ] เป็นเวลา ${1} วินาที ขณะ [ Auto Guard ] ทำงาน เมื่อได้รับความเสียหายจากผู้โจมตีในระยะ ${5} เมตร จะมีโอกาส ^{1}${2}%^{2} ทำให้ผู้โจมตีติดสถานะ ^{3}^{4}[ Stun ]^{5} ^{6} เป็นเวลา ${3} วินาที (Cooldown: ${4} วินาที)
10110300133	Max Life increases by ^{1}${1}^{2}, and Holy damage taken is reduced by ^{3}${2}%^{4}.	Max HP เพิ่มขึ้น ^{1}${1}^{2} และความเสียหายธาตุ Holy ที่ได้รับลดลง ^{3}${2}%^{4}
10110300134	Shield skill. Throw your Shield, dealing Neutral Melee Physical DMG equal to PATK * ^{1}${2}%^{2} + *^{3}${3}^{4} to the selected ST enemy within ${1} meters.	สกิลโล่ ขว้างโล่ สร้างดาเมจกายภาพระยะประชิดไร้ธาตุ เท่ากับ P.ATK * ^{1}${2}%^{2} + *^{3}${3}^{4} แก่ศัตรูเป้าหมายแบบ Single Target ในระยะ ${1} เมตร
10110300135	Shield skill. Throw your Shield, dealing Neutral Melee Physical DMG equal to PATK * ^{1}${2}%^{2} to the selected ST enemy within ${1} meters.	สกิลโล่ ขว้างโล่ สร้างดาเมจกายภาพระยะประชิดไร้ธาตุ เท่ากับ P.ATK * ^{1}${2}%^{2} แก่ศัตรูเป้าหมายแบบ Single Target ในระยะ ${1} เมตร
10110300136	Mastery of shields increases damage reduction from monsters by ^{1}${1}%^{2} while a shield is equipped. Does not stack with other monster damage reduction effects.	ความชำนาญโล่เพิ่มการลดความเสียหายจากมอนสเตอร์ขึ้น ^{1}${1}%^{2} ขณะสวมโล่ ไม่สะสมร่วมกับเอฟเฟกต์ลดความเสียหายจากมอนสเตอร์อื่น
10110300137	Two-Handed Spear skill. Deals Holy Melee Physical DMG equal to PATK * ^{1}${2}%^{2} + ^{3}${3}^{4} to the selected ST enemy within ${1} meters and reduces their SP by ^{5}${4}^{6}.	สกิลหอกสองมือ สร้างดาเมจกายภาพระยะประชิดธาตุ Holy เท่ากับ P.ATK * ^{1}${2}%^{2} + ^{3}${3}^{4} แก่ศัตรูเป้าหมายแบบ Single Target ในระยะ ${1} เมตร และลด SP ของเป้าหมายลง ^{5}${4}^{6}
10110300138	Enhance your Normal Attacks for ${1} seconds, increasing the percentage DMG multiplier of ^{1}^{2}【Basic Attack】^{3}^{4} by ^{5}${2}%^{6}, but each Normal Attack consumes ^{7}${3}^{8} HP.	เสริมพลังการโจมตีปกติเป็นเวลา ${1} วินาที เพิ่มตัวคูณความเสียหายแบบเปอร์เซ็นต์ของ ^{1}^{2}[ Basic Attack ]^{3}^{4} ขึ้น ^{5}${2}%^{6} แต่การโจมตีปกติแต่ละครั้งใช้ HP ^{7}${3}^{8} แต้ม
10110300139	Sing a gospel hymn for ${4} sec. While active, increases the Physical Defense and Magic Defense of you and up to ${5} allies within ${1} m by ^{1}${2}^{2}, and reduces the Physical Attack and Magic Attack of up to ${5} enemies within ${1} m by ^{3}${3}^{4}.	ร้องบทเพลงกอสเปลเป็นเวลา ${4} วินาที ขณะทำงาน เพิ่ม P.DEF และ M.DEF ให้แก่ผู้ใช้และพันธมิตรสูงสุด ${5} ตัว ในระยะ ${1} เมตร ขึ้น ^{1}${2}^{2} และลด P.ATK กับ M.ATK ของศัตรูสูงสุด ${5} ตัว ในระยะ ${1} เมตร ลง ^{3}${3}^{4}
10110300140	Shield skill. Throw your Shield, dealing Neutral Melee Physical DMG equal to your PATK * ^{1}${3}%^{2} + ^{3}${4}^{4} to the selected ST enemy within ${1} meters.	สกิลโล่ ขว้างโล่ สร้างดาเมจกายภาพระยะประชิดไร้ธาตุ เท่ากับ P.ATK ของผู้ใช้ * ^{1}${3}%^{2} + ^{3}${4}^{4} แก่ศัตรูเป้าหมายแบบ Single Target ในระยะ ${1} เมตร
10110300142	Increases Attack Speed by ^{1}${1}%^{2} and Physical and Magic DEF by ^{3}${2}%^{4}.	เพิ่ม ASPD ขึ้น ^{1}${1}%^{2} และ P.DEF กับ M.DEF ขึ้น ^{3}${2}%^{4}
10110300143	Two-Handed Spear skill. Deals Neutral Melee Physical DMG equal to PATK * ^{1}${3}%^{2} to up to ${5} enemies in a ${2} * ${1}-meter area in front of you. For every @{1}% ASPD, this DMG increases by ^{3}${6}%^{4}.	สกิลหอกสองมือ สร้างดาเมจกายภาพระยะประชิดไร้ธาตุ เท่ากับ P.ATK * ^{1}${3}%^{2} แก่ศัตรูสูงสุด ${5} ตัว ในพื้นที่ขนาด ${2} * ${1} เมตร ด้านหน้าผู้ใช้ ทุก @{1}% ASPD จะเพิ่มความเสียหายนี้ขึ้น ^{3}${6}%^{4}
10110300144	Two-Handed Spear skill. Deals Neutral Melee Physical DMG equal to PATK * ^{1}${3}%^{2} to up to ${8} enemies in a ${2} * ${1}-meter area in front of you. For every ${7}% ASPD, this DMG increases by ^{3}${6}%^{4}, up to @{1}% ASPD. Grants you 【Charge Up】 for ${9} seconds. 【Charge Up】: Increases MSPD by ^{5}${4}%^{6}. The next time you Deals DMG, removes 【Charge Up】 and triggers 【Charge Up Strike】 against the primary target, dealing Neutral Melee Physical DMG equal to ^{7}${5}%^{8} PATK.	สกิลหอกสองมือ สร้างดาเมจกายภาพระยะประชิดไร้ธาตุ เท่ากับ P.ATK * ^{1}${3}%^{2} แก่ศัตรูสูงสุด ${8} ตัว ในพื้นที่ขนาด ${2} * ${1} เมตร ด้านหน้าผู้ใช้ ทุก ${7}% ASPD จะเพิ่มความเสียหายนี้ขึ้น ^{3}${6}%^{4} โดยคำนวณ ASPD ได้สูงสุด @{1}% มอบ [ Charge Up ] ให้แก่ผู้ใช้ เป็นเวลา ${9} วินาที [ Charge Up ]: เพิ่ม MSPD ขึ้น ^{5}${4}%^{6} เมื่อสร้างความเสียหายครั้งถัดไป จะลบ [ Charge Up ] และทำให้ [ Charge Up Strike ] ทำงานกับเป้าหมายหลัก สร้างดาเมจกายภาพระยะประชิดไร้ธาตุ เท่ากับ ^{7}${5}%^{8} ของ P.ATK
10110300171	Shield skill. ^{1}【Powerful Auto Counter】^{2}: Deals Neutral Melee Physical DMG equal to PATK * ^{3}${7}%^{4} to up to ${6} enemies within a ${4}-degree, ${9}-meter area in front of you. Against Monster targets, the percentage DMG multiplier increases by ^{5}${12}%^{6}. During this time, you have Debuff Immunity, Monster DMG Reduction increases by ^{7}${2}%^{8}, and you gain ^{9}${3}%^{10} DEF and MDEF Increase.	สกิลโล่ ^{1}[ Powerful Auto Counter ]^{2}: สร้างดาเมจกายภาพระยะประชิดไร้ธาตุ เท่ากับ P.ATK * ^{3}${7}%^{4} แก่ศัตรูสูงสุด ${6} ตัว ในพื้นที่มุม ${4} องศา ระยะ ${9} เมตร ด้านหน้าผู้ใช้ เมื่อโจมตีมอนสเตอร์ ตัวคูณความเสียหายแบบเปอร์เซ็นต์เพิ่มขึ้น ^{5}${12}%^{6} ระหว่างนี้ผู้ใช้มีภูมิคุ้มกันดีบัฟ การลดความเสียหายจากมอนสเตอร์เพิ่มขึ้น ^{7}${2}%^{8} และได้รับโบนัส ^{9}${3}%^{10} ให้แก่ DEF และ M.DEF
10110300172	Creates a three-dimensional space with a radius of @{1} meters at your location. Players within the space are immune to poison zone damage for ^{1} @{2}^{2} seconds.	สร้างพื้นที่สามมิติรัศมี @{1} เมตร ณ ตำแหน่งผู้ใช้ ผู้เล่นภายในพื้นที่มีภูมิคุ้มกันต่อความเสียหายจากเขตพิษ เป็นเวลา ^{1} @{2}^{2} วินาที
10110300173	Creates a repulsion field with a radius of @{1} meters at your location. Enemies who enter are ejected. Lasts ^{1} @{2}^{2} seconds.	สร้างสนามผลักรัศมี @{1} เมตร ณ ตำแหน่งผู้ใช้ ศัตรูที่เข้ามาจะถูกผลักออก คงอยู่ ^{1} @{2}^{2} วินาที
10110300174	Dive toward a target location within @{1} meters. Upon landing, inflict ^{1}【Knock-Up】^{2} and deal damage equal to ^{3}@{4}%^{4} of ATK to up to @{3} enemies within a @{2}-meter radius.	พุ่งลงสู่ตำแหน่งเป้าหมายในระยะ @{1} เมตร เมื่อลงพื้น ทำให้ติดสถานะ ^{1}[ Knock-Up ]^{2} และสร้างความเสียหายเท่ากับ ^{3}@{4}%^{4} ของ ATK แก่ศัตรูสูงสุด @{3} ตัว ในรัศมี @{2} เมตร
10110300175	Dive toward a target location within @{1} meters. Upon landing, inflict ^{1}【Freeze】^{2} for @{4} sec and deal damage equal to ^{3}@{5}%^{4} of ATK to up to @{3} enemies within a @{2}-meter radius.	พุ่งลงสู่ตำแหน่งเป้าหมายในระยะ @{1} เมตร เมื่อลงพื้น ทำให้ติดสถานะ ^{1}[ Freeze ]^{2} เป็นเวลา @{4} วินาที และสร้างความเสียหายเท่ากับ ^{3}@{5}%^{4} ของ ATK แก่ศัตรูสูงสุด @{3} ตัว ในรัศมี @{2} เมตร
10110300176	Dive toward a designated location within @{1} meters. After the dive, create an @{2}-meter circular Petrify zone that inflicts Petrify on up to @{3} enemies for @{4} seconds.	พุ่งลงสู่ตำแหน่งที่กำหนดในระยะ @{1} เมตร หลังพุ่งลงจะสร้างเขต Petrify ทรงกลมขนาด @{2} เมตร ทำให้ศัตรูสูงสุด @{3} ตัว ติดสถานะ Petrify เป็นเวลา @{4} วินาที
10110300177	Dive at a designated location within @{1} meters. Upon landing, inflict ^{1}【Sleep】^{2} for @{4} seconds on up to @{3} enemies within a @{2}-meter radius and deal damage equal to ATK * ^{3}@{5}%^{4}.	พุ่งลงสู่ตำแหน่งที่กำหนดในระยะ @{1} เมตร เมื่อลงพื้น ทำให้ติดสถานะ ^{1}[ Sleep ]^{2} เป็นเวลา @{4} วินาที แก่ศัตรูสูงสุด @{3} ตัว ในรัศมี @{2} เมตร และสร้างความเสียหายเท่ากับ ATK * ^{3}@{5}%^{4}
10110300178	Dive toward a designated location within @{1} m. Upon impact, inflict ^{1}【Silence】^{2} for @{4} sec and deal damage equal to ATK * ^{3}@{5}%^{4} to up to @{3} enemies within a @{2} m radius.	พุ่งลงสู่ตำแหน่งที่กำหนดในระยะ @{1} เมตร เมื่อกระแทกพื้น ทำให้ติดสถานะ ^{1}[ Silence ]^{2} เป็นเวลา @{4} วินาที และสร้างความเสียหายเท่ากับ ATK * ^{3}@{5}%^{4} แก่ศัตรูสูงสุด @{3} ตัว ในรัศมี @{2} เมตร
10110300179	Dive to a designated location within @{1} meters. Upon impact, inflict ^{1}【Immobilize】^{2} for @{4} seconds and deal damage equal to ATK * ^{3}@{5}%^{4} to up to @{3} enemies within a @{2}-meter radius.	พุ่งลงสู่ตำแหน่งที่กำหนดในระยะ @{1} เมตร เมื่อกระแทกพื้น ทำให้ติดสถานะ ^{1}[ Immobilize ]^{2} เป็นเวลา @{4} วินาที และสร้างความเสียหายเท่ากับ ATK * ^{3}@{5}%^{4} แก่ศัตรูสูงสุด @{3} ตัว ในรัศมี @{2} เมตร
10110300390	Increases your DEX by ^{1}${1}^{2} and AGI by ^{3}${2}^{4}, and reveals ^{5}Hidden^{6} enemies within a Distance of ${3} meters for ${4} seconds.	เพิ่ม DEX ของคุณขึ้น ^{1}${1}^{2} และ AGI ขึ้น ^{3}${2}^{4} พร้อมเปิดเผยศัตรูที่ใช้ ^{5}Hidden^{6} ในระยะ ${3} เมตร เป็นเวลา ${4} วินาที
10110300391	You can rent a ^{1}【Falcon】^{2} to aid you in battle.	คุณสามารถเช่า ^{1}[ Falcon ]^{2} เพื่อช่วยในการต่อสู้ได้
10110300392	Can only be cast while the Falcon is in Follow mode. Commander the Falcon to Initiate an assault on a designated distant target, dealing PATK * ^{1}${4}% + ${5}^{2} Neutral Ranged Physical DMG to the designated ST enemy within ${1} meters and up to ${3} Other enemies within ${2} meters of the target. Every ^{3}${6}^{4} AGI increases this DMG by ^{5}${7}%^{6}. When using a Basic Attack, the Falcon has a ^{7}${8}%^{8} Chance to cast ^{9}【Blitz Beat】^{10} on the enemy, dealing ^{11}${9}%^{12} of the original skill's Neutral Ranged Physical DMG.	ใช้ได้เฉพาะเมื่อ Falcon อยู่ในโหมดติดตาม สั่ง Falcon โจมตีเป้าหมายระยะไกลที่กำหนด สร้างดาเมจกายภาพระยะไกลไร้ธาตุเท่ากับ P.ATK * ^{1}${4}% + ${5}^{2} แก่ศัตรูแบบ Single Target ที่กำหนดในระยะ ${1} เมตร และศัตรูอื่นสูงสุด ${3} ตัว ในระยะ ${2} เมตรรอบเป้าหมาย ทุก ^{3}${6}^{4} AGI เพิ่มดาเมจนี้ขึ้น ^{5}${7}%^{6} เมื่อโจมตีปกติ Falcon มีโอกาส ^{7}${8}%^{8} ใช้ ^{9}[ Blitz Beat ]^{10} ใส่ศัตรู สร้างดาเมจกายภาพระยะไกลไร้ธาตุเท่ากับ ^{11}${9}%^{12} ของสกิลเดิม
10110300393	Can only be cast while the Falcon is in Follow mode. After casting, increases your DEX by ^{1}${1}^{2} and AGI by ^{3}${2}^{4}. The Falcon reveals enemies using ^{5}Hiding^{6} within a ${3}-meter radius of you for ${4} seconds.	ใช้ได้เฉพาะเมื่อ Falcon อยู่ในโหมดติดตาม หลังใช้สกิล เพิ่ม DEX ของคุณขึ้น ^{1}${1}^{2} และ AGI ขึ้น ^{3}${2}^{4} Falcon จะเปิดเผยศัตรูที่ใช้ ^{5}Hiding^{6} ในรัศมี ${3} เมตรรอบตัวคุณ เป็นเวลา ${4} วินาที
10110300394	Increases damage against Brute Race and Insect Race enemies by ^{1}${1}%^{2}.	เพิ่มดาเมจที่ทำต่อศัตรูเผ่า Brute และ Insect ขึ้น ^{1}${1}%^{2}
10110300395	Increases the percentage damage coefficient of ^{1}【Blitz Beat】^{2} by ^{3}${1}%^{4}.	เพิ่มตัวคูณดาเมจแบบเปอร์เซ็นต์ของ ^{1}[ Blitz Beat ]^{2} ขึ้น ^{3}${1}%^{4}
10110300396	Places an Anklesnare within ${1}m. When an enemy enters the Trap's ${2}m trigger radius, it explodes, dealing Physical ATK*^{1}${5}%+${6}^{2} Earth ranged Physical damage to up to ${4} enemies within a ${3}m radius and inflicting ^{3}^{4}【Immobilize】^{5}^{6} for ${7}^{7} sec. The Trap lasts ${8} sec.	วาง Anklesnare ในระยะ ${1} เมตร เมื่อศัตรูเข้าสู่รัศมีทำงาน ${2} เมตรของกับดัก กับดักจะระเบิด สร้างดาเมจกายภาพระยะไกลธาตุ Earth เท่ากับ P.ATK*^{1}${5}%+${6}^{2} แก่ศัตรูสูงสุด ${4} ตัว ในรัศมี ${3} เมตร และทำให้ติดสถานะ ^{3}^{4}[ Immobilize ]^{5}^{6} เป็นเวลา ${7}^{7} วินาที กับดักคงอยู่ ${8} วินาที
10110300397	Places a Claymore Trap within ${1}m. When an enemy enters the Trap's ${2}m trigger radius, it explodes, dealing Physical ATK*^{1}${5}%+${6}^{2} Fire ranged Physical damage to up to ${4} enemies within a ${3}m radius. The Trap lasts ${7} sec.	วาง Claymore Trap ในระยะ ${1} เมตร เมื่อศัตรูเข้าสู่รัศมีทำงาน ${2} เมตรของกับดัก กับดักจะระเบิด สร้างดาเมจกายภาพระยะไกลธาตุ Fire เท่ากับ P.ATK*^{1}${5}%+${6}^{2} แก่ศัตรูสูงสุด ${4} ตัว ในรัศมี ${3} เมตร กับดักคงอยู่ ${7} วินาที
10110300398	Places a Freezing Trap within ${1}m. When an enemy enters the Trap's ${2}m trigger radius, it explodes, dealing Physical ATK*^{1}${5}%+${6}^{2} Water ranged Physical damage to up to ${4} enemies within a ${3}m radius and inflicting ^{3}^{4}【Freeze】^{5}^{6} for ${7} sec. The Trap lasts ${8} sec.	วาง Freezing Trap ในระยะ ${1} เมตร เมื่อศัตรูเข้าสู่รัศมีทำงาน ${2} เมตรของกับดัก กับดักจะระเบิด สร้างดาเมจกายภาพระยะไกลธาตุ Water เท่ากับ P.ATK*^{1}${5}%+${6}^{2} แก่ศัตรูสูงสุด ${4} ตัว ในรัศมี ${3} เมตร และทำให้ติดสถานะ ^{3}^{4}[ Freeze ]^{5}^{6} เป็นเวลา ${7} วินาที กับดักคงอยู่ ${8} วินาที
10110300399	Places a Flasher within ${1}m. When an enemy enters the Trap's ${2}m trigger radius, it explodes, dealing Physical ATK*^{1}${5}%+${6}^{2} Wind ranged Physical damage to up to ${4} enemies within a ${3}m radius and inflicting ^{3}^{4}【Blind】^{5}^{6} for ${7} sec. The Trap lasts ${8} sec.	วาง Flasher ในระยะ ${1} เมตร เมื่อศัตรูเข้าสู่รัศมีทำงาน ${2} เมตรของกับดัก กับดักจะระเบิด สร้างดาเมจกายภาพระยะไกลธาตุ Wind เท่ากับ P.ATK*^{1}${5}%+${6}^{2} แก่ศัตรูสูงสุด ${4} ตัว ในรัศมี ${3} เมตร และทำให้ติดสถานะ ^{3}^{4}[ Blind ]^{5}^{6} เป็นเวลา ${7} วินาที กับดักคงอยู่ ${8} วินาที
10110300400	Grants yourself and up to ${2} allies within a ${1}m radius ^{1}${3}%^{2} Movement Speed and ^{3}${4}^{4} FLEE for ${5} sec.	เพิ่ม MSPD ให้คุณและพันธมิตรสูงสุด ${2} คน ในรัศมี ${1} เมตรขึ้น ^{1}${3}%^{2} และเพิ่ม Flee ขึ้น ^{3}${4}^{4} เป็นเวลา ${5} วินาที
10110300401	Can only be cast while the Falcon is in Follow mode. Use the Falcon to perform Concentration, dealing PATK * ^{1}${2}% + ${3}^{2} Neutral Ranged Physical DMG to the designated ST enemy within ${1} meters.	ใช้ได้เฉพาะเมื่อ Falcon อยู่ในโหมดติดตาม ใช้ Falcon ทำ Concentration สร้างดาเมจกายภาพระยะไกลไร้ธาตุเท่ากับ P.ATK * ^{1}${2}% + ${3}^{2} แก่ศัตรูแบบ Single Target ที่กำหนดในระยะ ${1} เมตร
10110300402	Grants yourself ^{1}${1}^{2} to all base stats, ^{3}${2}^{4} HIT, and ^{5}${3}%^{6} Physical damage for ${4} sec.	เพิ่มค่าสถานะพื้นฐานทั้งหมดของคุณขึ้น ^{1}${1}^{2} เพิ่ม Hit ขึ้น ^{3}${2}^{4} และเพิ่ม P.DMG ขึ้น ^{5}${3}%^{6} เป็นเวลา ${4} วินาที
10110300403	Bow-exclusive skill. Unleashes a powerful attack against the designated ST enemy within ${1} meters, dealing PATK * ^{1}${3}% + ${4}^{2} Neutral Ranged Physical DMG to the target and up to ${2} enemies in a line within Attack Range.	สกิลเฉพาะธนู โจมตีอย่างรุนแรงใส่ศัตรูแบบ Single Target ที่กำหนดในระยะ ${1} เมตร สร้างดาเมจกายภาพระยะไกลไร้ธาตุเท่ากับ P.ATK * ^{1}${3}% + ${4}^{2} แก่เป้าหมายและศัตรูสูงสุด ${2} ตัวที่อยู่ในแนวเส้นตรงภายในระยะโจมตี
10110300404	Increases damage against Brute, Plant, and Fish Race enemies by ^{1}${1}%^{2}, and reduces damage taken from Brute, Plant, and Fish Race enemies by ^{3}${2}%^{4}.	เพิ่มดาเมจที่ทำต่อศัตรูเผ่า Brute, Plant และ Fish ขึ้น ^{1}${1}%^{2} และลดดาเมจที่ได้รับจากศัตรูเผ่า Brute, Plant และ Fish ลง ^{3}${2}%^{4}
10110300405	Bow-exclusive skill. Rains down Arrows, dealing PATK * ^{1}${4}%^{2} Neutral Ranged Physical DMG to up to ${3} enemies in a target area with a radius of ${2} meters within ${1} meters of you (^{3}^{4}Agility Resonance ${5}%^{5}^{6}).	สกิลเฉพาะธนู ยิงห่าลูกธนู สร้างดาเมจกายภาพระยะไกลไร้ธาตุเท่ากับ P.ATK * ^{1}${4}%^{2} แก่ศัตรูสูงสุด ${3} ตัว ในพื้นที่เป้าหมายรัศมี ${2} เมตร ซึ่งอยู่ในระยะ ${1} เมตรจากคุณ (^{3}^{4}Agility Resonance ${5}%^{5}^{6})
10110300406	While the effect lasts, when a targeted bow skill hits, the target has a ^{1}${1}%^{2} Chance to be struck by piercing arrows, taking ${2} hits of Neutral ranged Physical damage totaling Physical ATK*^{3}${3}%^{4}. Lasts ${4} sec.	ระหว่างที่ผลสกิลคงอยู่ เมื่อสกิลธนูแบบระบุเป้าหมายโจมตีโดน เป้าหมายมีโอกาส ^{1}${1}%^{2} ถูกลูกธนูทะลวงโจมตี ได้รับดาเมจกายภาพระยะไกลไร้ธาตุ ${2} ครั้ง รวมเท่ากับ P.ATK*^{3}${3}%^{4} ผลคงอยู่ ${4} วินาที
10110300407	Bow-exclusive skill. Unleashes a powerful attack against the designated ST enemy within ${1} meters, dealing PATK * ^{1}${3}%^{2} Neutral Ranged Physical DMG to the target and up to ${2} enemies in a line within Attack Range.	สกิลเฉพาะธนู โจมตีอย่างรุนแรงใส่ศัตรูแบบ Single Target ที่กำหนดในระยะ ${1} เมตร สร้างดาเมจกายภาพระยะไกลไร้ธาตุเท่ากับ P.ATK * ^{1}${3}%^{2} แก่เป้าหมายและศัตรูสูงสุด ${2} ตัวที่อยู่ในแนวเส้นตรงภายในระยะโจมตี
10110300408	Calls upon the power of the god of hunting and archery, increasing Physical damage by ^{1}${1}%^{2} and Movement Speed by ^{3}${2}%^{4} for ${3} sec. During this time, the percentage damage multiplier of ^{5}^{6}【Aimed Shot】^{7}^{8} increases by ^{9}${4}%^{10}.	อัญเชิญพลังแห่งเทพผู้ล่าและการยิงธนู เพิ่ม P.DMG ขึ้น ^{1}${1}%^{2} และ MSPD ขึ้น ^{3}${2}%^{4} เป็นเวลา ${3} วินาที ระหว่างนี้ ตัวคูณดาเมจแบบเปอร์เซ็นต์ของ ^{5}^{6}[ Aimed Shot ]^{7}^{8} เพิ่มขึ้น ^{9}${4}%^{10}
10110300409	Can only be cast while the Demonic Wolf is in Follow mode. Commands the wolf to Sense threats, revealing enemies using ^{1}Hiding^{2} within ${1} meters of the Ranger for ${2} seconds.	ใช้ได้เฉพาะเมื่อ Demonic Wolf อยู่ในโหมดติดตาม สั่งหมาป่าตรวจจับภัยคุกคาม เปิดเผยศัตรูที่ใช้ ^{1}Hiding^{2} ในระยะ ${1} เมตรรอบ Ranger เป็นเวลา ${2} วินาที
10110300410	The Ranger can rent a loyal Demonic Wolf. While mounted on the Demonic Wolf, Movement Speed increases by ^{1}${1}%^{2} and Normal Attack becomes ^{3}^{4}【Warg Strike】^{5}^{6}. When the Demonic Wolf is not mounted and follows the Ranger, it howls every ${2} sec, increasing the Ranger's Physical ATK by ^{7}${3}%^{8} for ${4} sec.	Ranger สามารถเช่า Demonic Wolf ผู้ภักดีได้ ขณะขี่ Demonic Wolf เพิ่ม MSPD ขึ้น ^{1}${1}%^{2} และเปลี่ยนการโจมตีปกติเป็น ^{3}^{4}[ Warg Strike ]^{5}^{6} เมื่อไม่ได้ขี่และ Demonic Wolf ติดตาม Ranger มันจะหอนทุก ${2} วินาที เพิ่ม P.ATK ของ Ranger ขึ้น ^{7}${3}%^{8} เป็นเวลา ${4} วินาที
10110300411	Can be used while riding the Demonic Wolf. Commands the Demonic Wolf to Charge the designated ST target within ${1} meters, dealing PATK * ^{1}${2}%^{2} Neutral Melee Physical DMG (^{3}^{4}Agility Resonance ${10}%^{5}^{6}). If you are riding the Demonic Wolf, inflicts ^{7}^{8}【Stun】^{9}^{10} on the target for ${3} seconds, grants you a ^{11}${4}%^{12} Physical DMG Bonus, and reduces the target's healing received by ^{13}${5}%^{14} for ${6} seconds. Additionally, every ${7} seconds, using Focused Arrow Strike casts this skill on the target, dealing PATK * ^{15}${11}%^{16} Neutral Ranged Physical DMG and inflicting ^{17}【Slow】^{18} by ${8}% for ${9} seconds.	ใช้ได้ขณะขี่ Demonic Wolf สั่ง Demonic Wolf พุ่งเข้าหาเป้าหมายแบบ Single Target ที่กำหนดในระยะ ${1} เมตร สร้างดาเมจกายภาพระยะประชิดไร้ธาตุเท่ากับ P.ATK * ^{1}${2}%^{2} (^{3}^{4}Agility Resonance ${10}%^{5}^{6}) หากคุณกำลังขี่ Demonic Wolf ทำให้เป้าหมายติดสถานะ ^{7}^{8}[ Stun ]^{9}^{10} เป็นเวลา ${3} วินาที เพิ่ม P.DMG ของคุณขึ้น ^{11}${4}%^{12} และลดการฮีลที่เป้าหมายได้รับลง ^{13}${5}%^{14} เป็นเวลา ${6} วินาที นอกจากนี้ ทุก ${7} วินาที การใช้ Focused Arrow Strike จะใช้สกิลนี้ใส่เป้าหมาย สร้างดาเมจกายภาพระยะไกลไร้ธาตุเท่ากับ P.ATK * ^{15}${11}%^{16} และทำให้ติดสถานะ ^{17}[ Slow ]^{18} ลดความเร็วลง ${8}% เป็นเวลา ${9} วินาที
10110300412	Bow-exclusive skill. Fires a hurricane Arrow in the designated direction across a ${1}-meter by ${2}-meter area, continuously dealing PATK * ^{1}${4}%^{2} Neutral Ranged Physical DMG to up to ${3} enemies in its path. While the skill is Active, MSPD increases by ^{3}${5}%^{4}.	สกิลเฉพาะธนู ยิงลูกธนูพายุไปในทิศทางที่กำหนด ครอบคลุมพื้นที่ ${1} เมตรคูณ ${2} เมตร สร้างดาเมจกายภาพระยะไกลไร้ธาตุอย่างต่อเนื่องเท่ากับ P.ATK * ^{1}${4}%^{2} แก่ศัตรูสูงสุด ${3} ตัวในเส้นทาง ระหว่างที่สกิลทำงาน เพิ่ม MSPD ขึ้น ^{3}${5}%^{4}
10110300413	Commands the Ghost Wolf to attack, dealing ${1}% Neutral ranged Physical damage to one enemy unit. Every ${2}% Attack Speed grants an Extra ${3}% increase to this skill's damage multiplier.	สั่ง Ghost Wolf โจมตี สร้างดาเมจกายภาพระยะไกลไร้ธาตุ ${1}% แก่ศัตรูหนึ่งตัว ทุก ${2}% ASPD เพิ่มตัวคูณดาเมจของสกิลนี้อีก ${3}%
10110300414	While mounted on the Demonic Wolf, Physical ATK increases by ^{1}${1}%^{2}, and the percentage damage multipliers of 【Warg Charge】, 【Warg Bite】, and 【Warg Hunt】 increase by ^{3}${2}%^{4}.	ขณะขี่ Demonic Wolf เพิ่ม P.ATK ขึ้น ^{1}${1}%^{2} และเพิ่มตัวคูณดาเมจแบบเปอร์เซ็นต์ของ [ Warg Charge ], [ Warg Bite ] และ [ Warg Hunt ] ขึ้น ^{3}${2}%^{4}
10110300415	Can only be used and take effect while mounted on the Demonic Wolf. The Demonic Wolf howls loudly and enters the ^{3}【King of the Pack】^{4} state for ^{1}${1}^{2} sec. During this time, casting 【Warg Charge】 causes ${2} wolf followers to charge alongside you, dealing ${2} Extra hits of Neutral melee Physical damage totaling Physical ATK*^{5}${3}%^{6} to the target. Casting 【Warg Bite】 causes ${4} wolf followers to bite the target, dealing ${4} hits of Neutral melee Physical damage totaling Physical ATK*^{7}${5}%^{8}. 【Warg Hunt】 becomes ^{9}^{10}【Enhanced Warg Hunt】^{11}^{12}.	ใช้และมีผลเฉพาะขณะขี่ Demonic Wolf หมาป่าหอนเสียงดังและเข้าสู่สถานะ ^{3}[ King of the Pack ]^{4} เป็นเวลา ^{1}${1}^{2} วินาที ระหว่างนี้ การใช้ [ Warg Charge ] จะเรียกหมาป่าบริวาร ${2} ตัวให้พุ่งโจมตีพร้อมคุณ สร้างดาเมจกายภาพระยะประชิดไร้ธาตุเพิ่มเติม ${2} ครั้ง รวมเท่ากับ P.ATK*^{5}${3}%^{6} แก่เป้าหมาย การใช้ [ Warg Bite ] จะเรียกหมาป่าบริวาร ${4} ตัวกัดเป้าหมาย สร้างดาเมจกายภาพระยะประชิดไร้ธาตุ ${4} ครั้ง รวมเท่ากับ P.ATK*^{7}${5}%^{8} และเปลี่ยน [ Warg Hunt ] เป็น ^{9}^{10}[ Enhanced Warg Hunt ]^{11}^{12}
10110300416	Can only be used while mounted on the Demonic Wolf. Commands ${1} wolf followers to attack the designated ST target within ${2}m, dealing ${3} hits of Neutral melee Physical damage totaling Physical ATK*^{1}${4}%^{2}. If you are more than ${5}m from the target, you also dash in front of it.	ใช้ได้เฉพาะขณะขี่ Demonic Wolf สั่งหมาป่าบริวาร ${1} ตัวโจมตีเป้าหมายแบบ Single Target ที่กำหนดในระยะ ${2} เมตร สร้างดาเมจกายภาพระยะประชิดไร้ธาตุ ${3} ครั้ง รวมเท่ากับ P.ATK*^{1}${4}%^{2} หากคุณอยู่ห่างจากเป้าหมายเกิน ${5} เมตร คุณจะพุ่งไปด้านหน้าเป้าหมายด้วย
10110300417	Can only be used while mounted on the Demonic Wolf. Commands the Demonic Wolf to bite the designated ST target within ${1}m, dealing Physical ATK*^{1}${2}%^{2} Neutral melee Physical damage and resetting the Cooldown of 【Warg Hunt】.	ใช้ได้เฉพาะขณะขี่ Demonic Wolf สั่ง Demonic Wolf กัดเป้าหมายแบบ Single Target ที่กำหนดในระยะ ${1} เมตร สร้างดาเมจกายภาพระยะประชิดไร้ธาตุเท่ากับ P.ATK*^{1}${2}%^{2} และรีเซ็ต Cooldown ของ [ Warg Hunt ]
10110300418	Can only be used while mounted on the Demonic Wolf. Casting 【Warg Charge】 or 【Warg Hunt】 resets this skill's Cooldown. Commands the Demonic Wolf to dash ${1}m in the designated direction and increases your Movement Speed by ^{1}${2}%^{2} for ${3} sec. When this skill reaches Lv. @{1}, after casting 【Warg Charge】 or 【Warg Hunt】, your next movement instead casts this skill in the movement direction.	ใช้ได้เฉพาะขณะขี่ Demonic Wolf การใช้ [ Warg Charge ] หรือ [ Warg Hunt ] จะรีเซ็ต Cooldown ของสกิลนี้ สั่ง Demonic Wolf พุ่งไป ${1} เมตรในทิศทางที่กำหนด และเพิ่ม MSPD ของคุณขึ้น ^{1}${2}%^{2} เป็นเวลา ${3} วินาที เมื่อสกิลนี้ถึง Lv. @{1} หลังใช้ [ Warg Charge ] หรือ [ Warg Hunt ] การเคลื่อนที่ครั้งถัดไปจะเปลี่ยนเป็นการใช้สกิลนี้ในทิศทางที่เคลื่อนที่
10110300419	Can only be used while mounted on the Demonic Wolf. Casting 【Warg Charge】 or 【Warg Hunt】 resets this skill's Cooldown. Commands the Demonic Wolf to dash ${1}m in the designated direction and increases your Movement Speed by ^{1}${2}%^{2} for ${3} sec. After casting 【Warg Charge】 or 【Warg Hunt】, your next movement instead casts this skill in the movement direction.	ใช้ได้เฉพาะขณะขี่ Demonic Wolf การใช้ [ Warg Charge ] หรือ [ Warg Hunt ] จะรีเซ็ต Cooldown ของสกิลนี้ สั่ง Demonic Wolf พุ่งไป ${1} เมตรในทิศทางที่กำหนด และเพิ่ม MSPD ของคุณขึ้น ^{1}${2}%^{2} เป็นเวลา ${3} วินาที หลังใช้ [ Warg Charge ] หรือ [ Warg Hunt ] การเคลื่อนที่ครั้งถัดไปจะเปลี่ยนเป็นการใช้สกิลนี้ในทิศทางที่เคลื่อนที่
10110300420	Targets a fallen ally within ${1}m. After successfully casting, Revives the ally and restores @{1}% of their Life and MP.	เลือกพันธมิตรที่ล้มลงในระยะ ${1} เมตร เมื่อใช้สกิลสำเร็จ ชุบชีวิตพันธมิตรและฟื้นฟู HP กับ MP ให้ @{1}%
10110300441	Poring blows a bubble, creating a ^{1}Bubble Shield^{2} for its master that lasts ${2} sec.	Poring เป่าฟองสบู่ สร้าง ^{1}Bubble Shield^{2} ให้เจ้าของเป็นเวลา ${2} วินาที
10110300442	Angeling summons three Self-Destruct Porings nearby. The Self-Destruct Porings explode after @{1} sec, damaging players in a large surrounding area.	Angeling เรียก Self-Destruct Poring สามตัวมาใกล้ตัว พวกมันจะระเบิดหลังผ่านไป @{1} วินาที สร้างดาเมจแก่ผู้เล่นในพื้นที่กว้างโดยรอบ
10110300443	After a @{1}-sec warning, deals damage in a circular area with an @{2}m radius.	หลังแจ้งเตือน @{1} วินาที สร้างดาเมจในพื้นที่วงกลมรัศมี @{2} เมตร
10110300444	Angeling marks multiple players. After @{1} sec, a light magic circle appears beneath each marked player, dealing damage every second to players inside for @{2} sec.	Angeling ทำเครื่องหมายผู้เล่นหลายคน หลังผ่านไป @{1} วินาที วงเวทแสงจะปรากฏใต้ผู้เล่นที่ถูกทำเครื่องหมายแต่ละคน สร้างดาเมจทุกวินาทีแก่ผู้เล่นในวงเวทเป็นเวลา @{2} วินาที
10110300445	Golden Thief Bug marks multiple players and Launches fireballs at them after @{1} sec, damaging the targets and nearby players.	Golden Thief Bug ทำเครื่องหมายผู้เล่นหลายคนและยิงลูกไฟใส่หลังผ่านไป @{1} วินาที สร้างดาเมจแก่เป้าหมายและผู้เล่นใกล้เคียง
10110300446	Golden Thief Bug harnesses the power of lava and Launches magma at multiple nearby players, damaging players hit.	Golden Thief Bug ใช้พลังลาวายิงแมกมาใส่ผู้เล่นหลายคนที่อยู่ใกล้ สร้างดาเมจแก่ผู้เล่นที่ถูกโจมตี
10110300447	Golden Thief Bug summons @{1} Thief Bugs to assist it. Their Basic Attacks inflict 【Paralyze】, reducing the target's Attack Speed by @{2}% for @{3} sec.	Golden Thief Bug เรียก Thief Bug @{1} ตัวมาช่วยต่อสู้ การโจมตีปกติของพวกมันทำให้ติดสถานะ [ Paralyze ] ลด ASPD ของเป้าหมายลง @{2}% เป็นเวลา @{3} วินาที
10110300448	Golden Thief Bug increases its own and all summoned Thief Bugs' damage by @{1}% and Attack Speed by @{2}%, but also increases their damage taken by @{3}% for @{4} sec.	Golden Thief Bug เพิ่มดาเมจของตนเองและ Thief Bug ที่เรียกมาทั้งหมดขึ้น @{1}% และเพิ่ม ASPD ขึ้น @{2}% แต่เพิ่มดาเมจที่พวกมันได้รับขึ้น @{3}% ด้วย เป็นเวลา @{4} วินาที
10110300449	Deviling summons three Bombrings nearby. The Bombrings explode after @{1} sec, damaging players in a large surrounding area.	Deviling เรียก Bombring สามตัวมาใกล้ตัว พวกมันจะระเบิดหลังผ่านไป @{1} วินาที สร้างดาเมจแก่ผู้เล่นในพื้นที่กว้างโดยรอบ
10110300450	Deviling marks multiple players. After @{1} sec, a dark magic circle appears beneath each marked player, dealing damage every second to players inside for @{2} sec.	Deviling ทำเครื่องหมายผู้เล่นหลายคน หลังผ่านไป @{1} วินาที วงเวทมืดจะปรากฏใต้ผู้เล่นที่ถูกทำเครื่องหมายแต่ละคน สร้างดาเมจทุกวินาทีแก่ผู้เล่นในวงเวทเป็นเวลา @{2} วินาที
10110300451	Orc Hero lets out an enraged roar, damaging nearby players and reducing their Attack Speed by @{1}% for @{2} sec.	Orc Hero คำรามด้วยความโกรธ สร้างดาเมจแก่ผู้เล่นใกล้เคียงและลด ASPD ของพวกเขาลง @{1}% เป็นเวลา @{2} วินาที
10110300452	Orc Hero surrounds himself with blades, continuously damaging nearby players.	Orc Hero ใช้คมดาบล้อมรอบตัว สร้างดาเมจแก่ผู้เล่นใกล้เคียงอย่างต่อเนื่อง
10110300454	Detonates the greatswords on the ground, dealing heavy damage to players near them.	ระเบิดดาบใหญ่บนพื้น สร้างดาเมจรุนแรงแก่ผู้เล่นที่อยู่ใกล้ดาบ
10110300455	Orc Hero slashes the ground, sending three fan-shaped shockwaves outward that damage players hit. This skill is cast repeatedly.	Orc Hero ฟันพื้น ส่งคลื่นกระแทกรูปพัดสามระลอกออกไป สร้างดาเมจแก่ผู้เล่นที่ถูกโจมตี สกิลนี้จะใช้ซ้ำต่อเนื่อง
10110300456	Maya Launches a cross-shaped blade wave forward, damaging players hit.	Maya ปล่อยคลื่นคมดาบรูปกากบาทไปด้านหน้า สร้างดาเมจแก่ผู้เล่นที่ถูกโจมตี
10110300457	Maya sweeps her blade forward, dealing DMG to players in a large fan-shaped area ahead, then turns around and uses the skill again.	Maya กวาดคมดาบไปด้านหน้า สร้างดาเมจแก่ผู้เล่นในพื้นที่รูปพัดขนาดใหญ่ด้านหน้า จากนั้นหันกลับและใช้สกิลอีกครั้ง
10110300458	Maya releases three clouds of Petrify mist nearby. Each cloud damages players inside every second.	Maya ปล่อยกลุ่มหมอก Petrify สามกลุ่มใกล้ตัว หมอกแต่ละกลุ่มสร้างดาเมจทุกวินาทีแก่ผู้เล่นที่อยู่ภายใน
10110300459	Maya summons a sandstorm, dealing minor damage to players throughout a large surrounding area.	Maya เรียกพายุทราย สร้างดาเมจเล็กน้อยแก่ผู้เล่นทั่วพื้นที่กว้างโดยรอบ
10110300460	Pulls enemies inward toward yourself, damaging enemies hit and inflicting 【Gastric Acid Corrosion】.	ดึงศัตรูเข้าหาตัว สร้างดาเมจแก่ศัตรูที่ถูกโจมตีและทำให้ติดสถานะ [ Gastric Acid Corrosion ]
10110300461	Deals Physical ATK*^{1}${2}%+${3}^{2} as Neutral melee Physical damage to the targeted ST enemy within ${1}m.	สร้างดาเมจกายภาพระยะประชิดไร้ธาตุเท่ากับ P.ATK*^{1}${2}%+${3}^{2} แก่ศัตรูแบบ Single Target ที่เลือกในระยะ ${1} เมตร
10110300462	Strike the enemy with full force, dealing Physical ATK*^{1}${2}%+${3}^{2} Neutral melee Physical damage to the specified ST enemy within ${1} meters.	โจมตีศัตรูอย่างสุดกำลัง สร้างดาเมจกายภาพระยะประชิดไร้ธาตุเท่ากับ P.ATK*^{1}${2}%+${3}^{2} แก่ศัตรูแบบ Single Target ที่กำหนดในระยะ ${1} เมตร
10110300463	Use First Aid on yourself, restoring a fixed ^{1}${1}^{2} ^{3}Life^{4}.	ใช้ First Aid กับตัวเอง ฟื้นฟู ^{1}${1}^{2} หน่วยของ ^{3}HP^{4} แบบค่าคงที่
10110300464	Deals Physical ATK * ^{1}${2}%^{2} Neutral melee Physical damage to the targeted ST enemy within ${1} meters.	สร้างดาเมจกายภาพระยะประชิดไร้ธาตุเท่ากับ P.ATK * ^{1}${2}%^{2} แก่ศัตรูแบบ Single Target ที่เลือกในระยะ ${1} เมตร
10110300465	Deals PATK * ^{1}${2}%^{2} Neutral melee Physical DMG to the designated ST enemy within ${1} meters. If you are more than ${6} meters from the target, you also Charge directly in front of it. After casting this skill @{1} times, the next 【Warg Strike】 becomes ^{3}^{4}【Empowered Warg Strike】^{5}^{6}. This skill's cast speed is unaffected by ASPD, but every ${3}% ASPD grants an Extra ^{7}${4}%^{8} Skill Damage Multiplier, up to ${5}% ASPD.	สร้างดาเมจกายภาพระยะประชิดไร้ธาตุเท่ากับ P.ATK * ^{1}${2}%^{2} แก่ศัตรูแบบ Single Target ที่กำหนดในระยะ ${1} เมตร หากคุณอยู่ห่างจากเป้าหมายเกิน ${6} เมตร คุณจะพุ่งไปด้านหน้าเป้าหมายด้วย หลังใช้สกิลนี้ @{1} ครั้ง [ Warg Strike ] ครั้งถัดไปจะเปลี่ยนเป็น ^{3}^{4}[ Empowered Warg Strike ]^{5}^{6} ความเร็วในการใช้สกิลนี้ไม่ได้รับผลจาก ASPD แต่ทุก ${3}% ASPD เพิ่มตัวคูณดาเมจสกิลอีก ^{7}${4}%^{8} โดยคำนวณจาก ASPD สูงสุด ${5}%
10220300016	Physical DEF and Magic DEF +${1}%, Healing Received +${2}%.	P.DEF และ M.DEF +${1}%, การฮีลที่ได้รับ +${2}%
10220300035	City Fallen Debuff	ดีบัฟเมืองที่ถูกยึด
10220300036	Guild Battle Prep Buff	บัฟเตรียมพร้อม Guild Battle
10220300050	^{1}^{2}【Cart Revolution】^{3}^{4} hits its primary target, triggering 【Money Throw】 @{1} Extra times and dealing PATK * ${1}% + ${2} Neutral melee Physical damage. This effect has a ${3}-second Cooldown.	เมื่อ ^{1}^{2}[ Cart Revolution ]^{3}^{4} โจมตีโดนเป้าหมายหลัก จะใช้ [ Money Throw ] เพิ่มอีก @{1} ครั้ง สร้างดาเมจกายภาพระยะประชิดไร้ธาตุเท่ากับ P.ATK * ${1}% + ${2} ผลนี้มี Cooldown ${3} วินาที
10220300054	^{1}^{2}【Hammer Fall】^{3}^{4}'s percentage damage multiplier increases by ${1}%, and its fixed Damage Increase increases by ${2}.	ตัวคูณดาเมจแบบเปอร์เซ็นต์ของ ^{1}^{2}[ Hammer Fall ]^{3}^{4} เพิ่มขึ้น ${1}% และค่าการเพิ่มดาเมจคงที่เพิ่มขึ้น ${2}
10220300056	^{1}^{2}【Hammer Fall】^{3}^{4}For every @{1} enemies hit, the percentage damage multiplier increases by ${1}%, up to ${2}%.	^{1}^{2}[ Hammer Fall ]^{3}^{4} ทุกครั้งที่โจมตีโดนศัตรู @{1} ตัว ตัวคูณดาเมจแบบเปอร์เซ็นต์เพิ่มขึ้น ${1}% สูงสุด ${2}%
10220300057	^{1}^{2}【Crazy Uproar】^{3}^{4}Extra PATK +${1}.	^{1}^{2}[ Crazy Uproar ]^{3}^{4} เพิ่ม P.ATK อีก +${1}
10220300058	^{1}^{2}【Crazy Uproar】^{3}^{4}Extra VIT +${1} and LUK +${2}.	^{1}^{2}[ Crazy Uproar ]^{3}^{4} เพิ่ม VIT อีก +${1} และ LUK อีก +${2}
10220300059	^{1}^{2}【Crazy Uproar】^{3}^{4}grants an Extra ${1} STR.	^{1}^{2}[ Crazy Uproar ]^{3}^{4} เพิ่ม STR อีก ${1}
10220300060	^{1}^{2}[Weaponry Research]^{3}^{4} At Lv. @{1}, increases PATK by ${1}.	^{1}^{2}[ Weaponry Research ]^{3}^{4} เมื่อถึง Lv. @{1} เพิ่ม P.ATK ขึ้น ${1}
10220300061	^{1}^{2}【Cart Revolution】^{3}^{4}CRIT Chance increases by ${1}%.	^{1}^{2}[ Cart Revolution ]^{3}^{4} เพิ่ม CRIT ขึ้น ${1}%
10220300062	^{1}^{2}Adrenaline Rush^{3}^{4} Lv. ${1} increases your STR by ${1}.	^{1}^{2}Adrenaline Rush^{3}^{4} Lv. ${1} เพิ่ม STR ของคุณขึ้น ${1}
10220300063	^{1}^{2}[Adrenaline Rush]^{3}^{4} grants the Blacksmith Class an Extra ${1}% ASPD.	^{1}^{2}[ Adrenaline Rush ]^{3}^{4} เพิ่ม ASPD ให้คลาส Blacksmith อีก ${1}%
10220300064	^{1}^{2}【Adrenaline Rush】^{3}^{4} ignores Job Restriction.	^{1}^{2}[ Adrenaline Rush ]^{3}^{4} ไม่จำกัดอาชีพ
10220300065	^{1}^{2}【High Speed Cart Ram】^{3}^{4} percentage damage multiplier +${1}%; Fixed Damage Increase +${2}.	^{1}^{2}[ High Speed Cart Ram ]^{3}^{4} ตัวคูณดาเมจแบบเปอร์เซ็นต์ +${1}%; ค่าการเพิ่มดาเมจคงที่ +${2}
10220300068	^{1}^{2}【Maximize Power】^{3}^{4}is Active for up to ${2} allies within ${1} meters.	^{1}^{2}[ Maximize Power ]^{3}^{4} มีผลต่อพันธมิตรสูงสุด ${2} คน ในระยะ ${1} เมตร
10220300069	^{1}^{2}[Maximize Power]^{3}^{4} Increases your PATK by ${1}.	^{1}^{2}[ Maximize Power ]^{3}^{4} เพิ่ม P.ATK ของคุณขึ้น ${1}
10220300070	^{1}^{2}【Maximize Power】^{3}^{4} increases nearby allies' PATK by ${1}.	^{1}^{2}[ Maximize Power ]^{3}^{4} เพิ่ม P.ATK ของพันธมิตรใกล้เคียงขึ้น ${1}
10220300071	^{1}^{2}【Cart Boost】^{3}^{4} increases the damage bonus of ^{5}^{6}【High Speed Cart Ram】^{7}^{8} by ${1}% while active.	ขณะ ^{1}^{2}[ Cart Boost ]^{3}^{4} ทำงาน เพิ่มโบนัสดาเมจของ ^{5}^{6}[ High Speed Cart Ram ]^{7}^{8} ขึ้น ${1}%
10220300072	^{1}^{2}【Cart Boost】^{3}^{4} maximum Cooldown is reduced by ${1} sec. Gain ^{9}^{10}【Immunity】^{11}^{12} for ${2} sec. after casting ^{5}^{6}【Cart Boost】^{7}^{8}.	^{1}^{2}[ Cart Boost ]^{3}^{4} ลด Cooldown สูงสุดลง ${1} วินาที ได้รับ ^{9}^{10}[ Immunity ]^{11}^{12} เป็นเวลา ${2} วินาที หลังใช้ ^{5}^{6}[ Cart Boost ]^{7}^{8}
10220300073	^{1}^{2}【Cart Boost】^{3}^{4} duration is extended by ${1} sec.	^{1}^{2}[ Cart Boost ]^{3}^{4} เพิ่มระยะเวลาคงอยู่ ${1} วินาที
10220300074	^{1}^{2}【Maximum Over Thrust】^{3}^{4} is Active for up to ${2} allies within ${1} meters.	^{1}^{2}[ Maximum Over Thrust ]^{3}^{4} มีผลต่อพันธมิตรสูงสุด ${2} คน ในระยะ ${1} เมตร
10220300075	^{1}^{2}【Maximum Over Thrust】^{3}^{4}increases Physical damage dealt by ${1}%.	^{1}^{2}[ Maximum Over Thrust ]^{3}^{4} เพิ่ม P.DMG ที่ทำได้ขึ้น ${1}%
10220300076	^{1}^{2}【Maximum Over Thrust】^{3}^{4}grants an Extra ${1}% Crit Chance.	^{1}^{2}[ Maximum Over Thrust ]^{3}^{4} เพิ่ม CRIT อีก ${1}%
10220300079	Restore ${1}% of your Life.	ฟื้นฟู HP ของคุณ ${1}%
10220300080	Using 【Axe Smash】 or 【Axe Tornado】 grants stacks of 【Blade Mark】. At @{1} stacks, triggers 【Axe Boomerang - Enhance】.	การใช้ [ Axe Smash ] หรือ [ Axe Tornado ] ทำให้ได้รับ stacks ของ [ Blade Mark ] เมื่อครบ @{1} stacks จะใช้ [ Axe Boomerang - Enhance ]
10220300081	At @{1} stacks, triggers 【Firepower Loading】.	เมื่อครบ @{1} stacks จะใช้ [ Firepower Loading ]
10220300082	Cannon Enhance lasts for @{1} uses.	Cannon Enhance คงอยู่จนใช้ครบ @{1} ครั้ง
10220300083	When attacked, the Melody Bubble gradually expands and explodes, dealing damage.	เมื่อถูกโจมตี Melody Bubble จะค่อยๆ ขยายตัวแล้วระเบิด สร้างดาเมจ
10220300085	Gain a shield.	ได้รับโล่
10220300086	Releases energy when the countdown ends.	ปล่อยพลังงานเมื่อการนับถอยหลังสิ้นสุด
10220300088	Obtain a Giant Transformation item.	ได้รับไอเท็มแปลงร่างเป็นยักษ์
10220300089	Enlarged	ขนาดตัวเพิ่มขึ้น
10220300090	Obtain a Dwarf Transformation item.	ได้รับไอเท็มแปลงร่างเป็นคนแคระ
10220300091	Obtain a Red Thread item.	ได้รับไอเท็มด้ายแดง
10220300092	A red thread now connects you and them.	ด้ายแดงเชื่อมคุณกับอีกฝ่ายแล้ว
10220300093	When dealing damage, has a @{1}% Chance to inflict 【Stun】 on the enemy for @{2} sec. Internal Cooldown: @{3} sec. Chance stacks with multiple cards.	เมื่อสร้างดาเมจ มีโอกาส @{1}% ทำให้ศัตรูติดสถานะ [ Stun ] เป็นเวลา @{2} วินาที CD ภายใน: @{3} วินาที โอกาสสะสมได้เมื่อใช้การ์ดหลายใบ
10220300094	When dealing damage, has a @{1}% Chance to inflict 【Blind】 on the enemy for @{2} sec. Internal Cooldown: @{3} sec. Chance stacks with multiple cards.	เมื่อสร้างดาเมจ มีโอกาส @{1}% ทำให้ศัตรูติดสถานะ [ Blind ] เป็นเวลา @{2} วินาที CD ภายใน: @{3} วินาที โอกาสสะสมได้เมื่อใช้การ์ดหลายใบ
10220300095	When dealing damage, has a @{1}% Chance to inflict 【Curse】 on the enemy for @{2} sec. Internal Cooldown: @{3} sec. Chance stacks with multiple cards.	เมื่อสร้างดาเมจ มีโอกาส @{1}% ทำให้ศัตรูติดสถานะ [ Curse ] เป็นเวลา @{2} วินาที CD ภายใน: @{3} วินาที โอกาสสะสมได้เมื่อใช้การ์ดหลายใบ
10220300096	When dealing damage, has a @{1}% Chance to inflict 【Immobilize】 on the enemy for @{2} sec. Internal Cooldown: @{3} sec. Chance stacks with multiple cards.	เมื่อสร้างดาเมจ มีโอกาส @{1}% ทำให้ศัตรูติดสถานะ [ Immobilize ] เป็นเวลา @{2} วินาที CD ภายใน: @{3} วินาที โอกาสสะสมได้เมื่อใช้การ์ดหลายใบ
10220300097	When dealing damage, has a @{1}% Chance to inflict 【Sleep】 on the enemy for @{2} sec. Internal Cooldown: @{3} sec. Chance stacks with multiple cards.	เมื่อสร้างดาเมจ มีโอกาส @{1}% ทำให้ศัตรูติดสถานะ [ Sleep ] เป็นเวลา @{2} วินาที CD ภายใน: @{3} วินาที โอกาสสะสมได้เมื่อใช้การ์ดหลายใบ
10220300098	When dealing damage, has a @{1}% Chance to inflict 【Freeze】 on the enemy for @{2} sec. Internal Cooldown: @{3} sec. Chance stacks with multiple cards.	เมื่อสร้างดาเมจ มีโอกาส @{1}% ทำให้ศัตรูติดสถานะ [ Freeze ] เป็นเวลา @{2} วินาที CD ภายใน: @{3} วินาที โอกาสสะสมได้เมื่อใช้การ์ดหลายใบ
10220300099	When dealing damage, has a @{1}% Chance to inflict 【Silence】 on the enemy for @{2} sec. Internal Cooldown: @{3} sec. Chance stacks with multiple cards.	เมื่อสร้างดาเมจ มีโอกาส @{1}% ทำให้ศัตรูติดสถานะ [ Silence ] เป็นเวลา @{2} วินาที CD ภายใน: @{3} วินาที โอกาสสะสมได้เมื่อใช้การ์ดหลายใบ
10220300100	When dealing damage, has a @{1}% Chance to inflict 【Fear】 on the enemy for @{2} sec. Internal Cooldown: @{3} sec. Chance stacks with multiple cards.	เมื่อสร้างดาเมจ มีโอกาส @{1}% ทำให้ศัตรูติดสถานะ [ Fear ] เป็นเวลา @{2} วินาที CD ภายใน: @{3} วินาที โอกาสสะสมได้เมื่อใช้การ์ดหลายใบ
10220300107	Damage against all Orcs +@{1}% (excluding Orc Lord and Orc Hero).	ดาเมจต่อ Orc ทั้งหมด +@{1}% (ยกเว้น Orc Lord และ Orc Hero)
10220300108	Weapon cannot be destroyed.	อาวุธไม่สามารถถูกทำลายได้
10220300109	When dealing damage, has a @{1}% Chance to restore Life equal to @{2}% of the damage dealt to the enemy, up to @{3}. Internal Cooldown: @{4} sec. Chance stacks with multiple cards.	เมื่อสร้างดาเมจ มีโอกาส @{1}% ฟื้นฟู HP เท่ากับ @{2}% ของดาเมจที่ทำต่อศัตรู สูงสุด @{3} CD ภายใน: @{4} วินาที โอกาสสะสมได้เมื่อใช้การ์ดหลายใบ
10220300110	Armor cannot be destroyed.	เกราะไม่สามารถถูกทำลายได้
10220300111	When making a Physical attack, has a ${1}% Chance to autocast ^{1}^{2}【Bash】 Lv.@{1}^{3}^{4}. Internal Cooldown: ${2} sec. Chance stacks with multiple cards.	เมื่อโจมตีกายภาพ มีโอกาส ${1}% ใช้ ^{1}^{2}[ Bash ] Lv.@{1}^{3}^{4} อัตโนมัติ CD ภายใน: ${2} วินาที โอกาสสะสมได้เมื่อใช้การ์ดหลายใบ
10220300112	When making a Physical attack, has a ${1}% Chance to autocast ^{1}^{2}【Jupitel Thunder】 Lv.@{1}^{3}^{4}. Internal Cooldown: ${2} sec. Chance stacks with multiple cards.	เมื่อโจมตีกายภาพ มีโอกาส ${1}% ใช้ ^{1}^{2}[ Jupitel Thunder ] Lv.@{1}^{3}^{4} อัตโนมัติ CD ภายใน: ${2} วินาที โอกาสสะสมได้เมื่อใช้การ์ดหลายใบ
10220300113	Basic Attack has a @{1}% Chance to trigger 【Double Attack】, dealing Extra Neutral melee Physical damage equal to @{2}%. Internal Cooldown: @{3} sec. Chance stacks with multiple cards.	การโจมตีปกติมีโอกาส @{1}% ใช้ [ Double Attack ] สร้างดาเมจกายภาพระยะประชิดไร้ธาตุเพิ่มเติมเท่ากับ @{2}% CD ภายใน: @{3} วินาที โอกาสสะสมได้เมื่อใช้การ์ดหลายใบ
10220300115	When dealing DMG, there is a @{1}% Chance to reduce the target's current SP by @{2}%, up to @{3}. Internal Cooldown: @{4} sec. The trigger Chance stacks with multiple Cards.	เมื่อสร้างดาเมจ มีโอกาส @{1}% ลด SP ปัจจุบันของเป้าหมายลง @{2}% สูงสุด @{3} CD ภายใน: @{4} วินาที โอกาสเกิดผลสะสมได้เมื่อใช้การ์ดหลายใบ
10220300116	Control effects cannot interrupt casting. Variable CT +@{1}%.	ผลควบคุมไม่สามารถขัดจังหวะการร่ายได้ VCT +@{1}%
10220300117	Control effects cannot interrupt casting. Variable CT +@{1}%	ผลควบคุมไม่สามารถขัดจังหวะการร่ายได้ VCT +@{1}%
10220300118	Control effects cannot interrupt casting. Variable CT +@{1}%.	ผลควบคุมไม่สามารถขัดจังหวะการร่ายได้ VCT +@{1}%
10220300119	Reveals hidden or cloaked monsters within @{1} meters.	เปิดเผยมอนสเตอร์ที่ซ่อนตัวหรือล่องหนในระยะ @{1} เมตร
10220300120	Damage taken while Silenced -@{1}%.	ดาเมจที่ได้รับขณะติด Silence -@{1}%
10220300125	Ignores monster Size. When attacking, has a @{1}% Chance to increase damage against Small, Medium, and Large monsters by @{2}%.	ไม่คำนึงถึงขนาดมอนสเตอร์ เมื่อโจมตี มีโอกาส @{1}% เพิ่มดาเมจต่อมอนสเตอร์ขนาดเล็ก กลาง และใหญ่ขึ้น @{2}%
10220300126	Ignores monster Size. Damage against Small, Medium, and Large monsters +@{1}%.	ไม่คำนึงถึงขนาดมอนสเตอร์ ดาเมจต่อมอนสเตอร์ขนาดเล็ก กลาง และใหญ่ +@{1}%
10220300127	Every @{1} HIT increases Physical damage by @{2}%, up to @{3}%.	ทุก @{1} Hit เพิ่ม P.DMG ขึ้น @{2}% สูงสุด @{3}%
10220300128	When dealing damage, has a @{1}% Chance to absorb @{2}% of the damage dealt to the enemy as SP.	เมื่อสร้างดาเมจ มีโอกาส @{1}% ดูดซับ @{2}% ของดาเมจที่ทำต่อศัตรูมาเป็น SP
10220300130	When you land a critical hit, your next instance of damage is increased by @{1}%.	เมื่อโจมตีติดคริติคอล ดาเมจครั้งถัดไปของคุณเพิ่มขึ้น @{1}%
10220300133	When hit by a magic attack, has a @{1}% Chance to nullify its damage. Internal Cooldown: @{2} seconds. (Boss instant-kill skills can bypass this card's effect.)	เมื่อถูกโจมตีด้วยเวท มีโอกาส @{1}% ทำให้ดาเมจนั้นเป็นศูนย์ CD ภายใน: @{2} วินาที (สกิลสังหารทันทีของบอสสามารถข้ามผลของการ์ดนี้ได้)
10220300134	When hit by a player's ST magic skill, reflects @{1}% of the damage taken, up to @{2}% of the attacker's Max Life. Internal Cooldown: @{3} seconds.	เมื่อถูกสกิลเวทแบบ Single Target ของผู้เล่น สะท้อนดาเมจที่ได้รับ @{1}% สูงสุด @{2}% ของ Max HP ของผู้โจมตี CD ภายใน: @{3} วินาที
10220300135	When hit by a player's ST magic skill, reflects @{1}% of the damage taken, up to @{2}% of the attacker's Max Life. For every @{3} VIT, reflects an Extra @{4}% of the damage taken, up to @{5}%. Internal Cooldown: @{6} seconds.	เมื่อถูกสกิลเวทแบบ Single Target ของผู้เล่น สะท้อนดาเมจที่ได้รับ @{1}% สูงสุด @{2}% ของ Max HP ของผู้โจมตี ทุก @{3} VIT สะท้อนดาเมจที่ได้รับเพิ่มอีก @{4}% สูงสุด @{5}% CD ภายใน: @{6} วินาที
10220300136	When taking damage, has a @{1}% Chance to change your armor's element to Holy for @{2} seconds. Internal Cooldown: @{3} seconds.	เมื่อได้รับดาเมจ มีโอกาส @{1}% เปลี่ยนธาตุเกราะของคุณเป็น Holy เป็นเวลา @{2} วินาที CD ภายใน: @{3} วินาที
10220300137	When taking damage, changes your armor's element to Holy for @{1} seconds. Internal Cooldown: @{2} seconds.	เมื่อได้รับดาเมจ เปลี่ยนธาตุเกราะของคุณเป็น Holy เป็นเวลา @{1} วินาที CD ภายใน: @{2} วินาที
10220300138	Changes your armor's element to Holy.	เปลี่ยนธาตุเกราะของคุณเป็น Holy
10220300139	When hit by a player's ST Physical skill, reflects @{1}% of the damage taken, up to @{2}% of the attacker's Max Life. Internal Cooldown: @{3} seconds.	เมื่อถูกสกิลกายภาพแบบ Single Target ของผู้เล่น สะท้อนดาเมจที่ได้รับ @{1}% สูงสุด @{2}% ของ Max HP ของผู้โจมตี CD ภายใน: @{3} วินาที
10220300140	When hit by a player's ST Physical skill, reflects @{1}% of the damage taken, up to @{2}% of the attacker's Max Life. For every @{3} VIT, reflects an Extra @{4}% of the damage taken, up to @{5}%. Internal Cooldown: @{6} seconds.	เมื่อถูกสกิลกายภาพแบบ Single Target ของผู้เล่น สะท้อนดาเมจที่ได้รับ @{1}% สูงสุด @{2}% ของ Max HP ของผู้โจมตี ทุก @{3} VIT สะท้อนดาเมจที่ได้รับเพิ่มอีก @{4}% สูงสุด @{5}% CD ภายใน: @{6} วินาที
10220300141	Neutral damage taken -@{1}%. Damage taken from other elements +@{2}%.	ดาเมจไร้ธาตุที่ได้รับ -@{1}% ดาเมจที่ได้รับจากธาตุอื่น +@{2}%
10220300142	Neutral damage taken -@{1}%.	ดาเมจไร้ธาตุที่ได้รับ -@{1}%
10220300144	After taking lethal skill damage, you may choose whether to Revive. After Revive, Life/MP is immediately restored to @{1}%. Internal Cooldown: @{2} minutes.	หลังได้รับดาเมจสกิลถึงตาย คุณเลือกได้ว่าจะชุบชีวิตหรือไม่ หลังชุบชีวิต ฟื้นฟู HP/MP ทันทีเป็น @{1}% CD ภายใน: @{2} นาที
10220300146	Control debuff resistance increased by +@{1}.	เพิ่มความต้านทานดีบัฟควบคุม +@{1}
10220300147	Grants permanent 【Endure】 (immune to knockback, knock-up, and hitstun effects).	ได้รับ [ Endure ] ถาวร (ป้องกันการผลัก กระเด็นขึ้น และชะงักจากการถูกโจมตี)
10220300148	Movement Speed +@{1}% (unique effect), Max Life +@{2}%.	MSPD +@{1}% (ผลเฉพาะ), Max HP +@{2}%
10220300153	After using a skill, has a @{1}% Chance to reset that skill's Cooldown. Its Cooldown cannot be reset again for a period of time. The internal Cooldown is @{2} times that skill's Cooldown. (Does not reset the global Cooldown.)	หลังใช้สกิล มีโอกาส @{1}% รีเซ็ต Cooldown ของสกิลนั้น โดยจะรีเซ็ตซ้ำไม่ได้ชั่วระยะหนึ่ง CD ภายในเท่ากับ @{2} เท่าของ Cooldown สกิลนั้น (ไม่รีเซ็ต Cooldown ส่วนกลาง)
10220300155	When applying a healing skill effect, has a ${1}% Chance to trigger ^{1}^{2}【Divine Light】 Lv@{1}^{3}^{4}. Internal Cooldown: ${2} seconds.	เมื่อทำให้เกิดผลของสกิลฮีล มีโอกาส ${1}% ใช้ ^{1}^{2}[ Divine Light ] Lv@{1}^{3}^{4} CD ภายใน: ${2} วินาที
10220300156	Damage dealt to Goblins +@{1}%.	ดาเมจที่ทำต่อ Goblin +@{1}%
10220300157	Allows use of Hiding Lv@{1} and Sightless Mind Lv@{2}.	สามารถใช้ Hiding Lv@{1} และ Sightless Mind Lv@{2} ได้
10220300158	Allows use of Hiding Lv@{1} and Sightless Mind Lv@{2}. Sightless Mind always inflicts 【Stun】 and has a Chance to inflict Bleeding on the enemy.	สามารถใช้ Hiding Lv@{1} และ Sightless Mind Lv@{2} ได้ Sightless Mind ทำให้ติดสถานะ [ Stun ] เสมอ และมีโอกาสทำให้ศัตรูติด Bleeding
10220300161	When Life is below @{1}%, damage taken from sources other than status effects is reduced by @{2}%. Internal Cooldown: @{3}S.	เมื่อ HP ต่ำกว่า @{1}% ลดดาเมจที่ได้รับจากแหล่งอื่นที่ไม่ใช่ผลสถานะลง @{2}% CD ภายใน: @{3} วินาที
10220300162	Kill Fish and Shellfish monsters to restore @{1} MP. No internal Cooldown.	สังหารมอนสเตอร์ Fish และ Shellfish เพื่อฟื้นฟู MP @{1} ไม่มี CD ภายใน
10220300163	Kill Dragon monsters to restore @{1} MP. No internal Cooldown.	สังหารมอนสเตอร์ Dragon เพื่อฟื้นฟู MP @{1} ไม่มี CD ภายใน
10220300164	Internal Cooldown	CD ภายใน
10220300165	Cannot use skill or move	ไม่สามารถใช้สกิลหรือเคลื่อนที่ได้
10220300166	Fire damage +@{1}%. Basic Attacks become Fire.	ดาเมจธาตุ Fire +@{1}% การโจมตีปกติเปลี่ยนเป็นธาตุ Fire
10220300167	Immune to knockback, knock-up, and hitstun effects	ป้องกันการผลัก กระเด็นขึ้น และชะงักจากการถูกโจมตี
10220300168	Spear mastery increases Crit by @{1}, Crit Resistance by @{2}, and Attack Speed by @{3}%.	ความชำนาญหอกเพิ่ม CRIT ขึ้น @{1}, CRIT RES ขึ้น @{2} และ ASPD ขึ้น @{3}%
10220300170	When taking melee Physical damage, deals damage to the attacker based on your Physical ATK	เมื่อได้รับดาเมจกายภาพระยะประชิด สร้างดาเมจแก่ผู้โจมตีตามค่า P.ATK ของคุณ
10220300172	Demon Resistance and Holy Resistance +@{1}%	ความต้านทาน Demon และ Holy +@{1}%
10220300173	Ranged Physical damage taken -@{1}%	ดาเมจกายภาพระยะไกลที่ได้รับ -@{1}%
10220300174	When hit during Auto Guard, has a @{1}% Chance to Stun the attacker for @{2} seconds	เมื่อถูกโจมตีระหว่างใช้ Auto Guard มีโอกาส @{1}% ทำให้ผู้โจมตีติด Stun เป็นเวลา @{2} วินาที
10220300176	Max Life and Holy Resistance +@{1}%	Max HP และความต้านทาน Holy +@{1}%
10220300177	Shield mastery reduces damage taken from monsters by @{1}%.	ความชำนาญโล่ลดดาเมจที่ได้รับจากมอนสเตอร์ลง @{1}%
10220300181	The Crusader takes @{1}% of the damage you receive	Crusader รับดาเมจที่คุณได้รับแทน @{1}%
10220300182	Reduces the Physical and Magic ATK of nearby enemies while increasing the Physical and Magic DEF of nearby allies	ลด P.ATK และ M.ATK ของศัตรูใกล้เคียง พร้อมเพิ่ม P.DEF และ M.DEF ของพันธมิตรใกล้เคียง
10220300183	Damage taken is reduced.	ดาเมจที่ได้รับลดลง
10220300184	【Spear Formation - Blood Cross】 damage +@{1}%	ดาเมจของ [ Spear Formation - Blood Cross ] +@{1}%
10220300185	Permanently triggers Charge-Up	ทำให้เกิด Charge-Up อย่างถาวร
10220300186	Movement Speed +@{1}%. Your next attack deals Extra damage	MSPD +@{1}% การโจมตีครั้งถัดไปของคุณสร้างดาเมจเพิ่มเติม
10220300188	Each stack grants a shield equal to @{1}% of Max Life	แต่ละ stacks มอบโล่เท่ากับ @{1}% ของ Max HP
10220300189	When hit, Deals Physical damage. Nearby enemies are affected.	เมื่อถูกโจมตี สร้างดาเมจกายภาพ โดยมีผลต่อศัตรูใกล้เคียง
10220300191	Shield Triggers Damage	โล่ทำให้เกิดดาเมจ
10220300192	Reduces Attack Speed and Movement Speed by @{1}%	ลด ASPD และ MSPD ลง @{1}%
10220300193	The Crusader takes @{1}% of the damage you receive	Crusader รับดาเมจที่คุณได้รับแทน @{1}%
10220300195	Each stack reduces Movement Speed by @{1}%. At @{2} stacks, inflicts Stun for @{3} sec.	แต่ละ stacks ลด MSPD ลง @{1}% เมื่อครบ @{2} stacks ทำให้ติด Stun เป็นเวลา @{3} วินาที
10220300196	Changes your armor to Holy property	เปลี่ยนธาตุเกราะของคุณเป็น Holy
10220300197	Increases Max Life by @{1}% and Physical ATK by @{2}%	เพิ่ม Max HP ขึ้น @{1}% และ P.ATK ขึ้น @{2}%
10220300198	Each stack increases your Physical ATK, Physical DEF, and Magic DEF by @{1}	แต่ละ stacks เพิ่ม P.ATK, P.DEF และ M.DEF ของคุณขึ้น @{1}
10220300200	Shield Stance	ท่าตั้งโล่
10220300201	Smite damage is increased.	ดาเมจของ Smite เพิ่มขึ้น
10220300202	Gain 【Charge Up】 when the countdown ends	ได้รับ [ Charge Up ] เมื่อการนับถอยหลังสิ้นสุด
10220300203	Reduces damage taken from monsters by @{1}% and increases Physical and Magic DEF by @{2}%	ลดดาเมจที่ได้รับจากมอนสเตอร์ลง @{1}% และเพิ่ม P.DEF กับ M.DEF ขึ้น @{2}%
10220300204	Temporarily increases DEX by @{1} and AGI by @{2}, and detects hidden enemies within a @{3}-meter radius.	เพิ่ม DEX ขึ้น @{1} และ AGI ขึ้น @{2} ชั่วคราว พร้อมตรวจจับศัตรูที่ซ่อนตัวในรัศมี @{3} เมตร
10220300205	Grant All Players Full Mini Map Vision	มอบการมองเห็นแผนที่ย่อทั้งหมดให้ผู้เล่นทุกคน
10220300207	Enter 【Camouflage】, becoming invisible and untargetable. Revealed after taking damage @{1} times	เข้าสู่ [ Camouflage ] ล่องหนและไม่สามารถถูกเลือกเป็นเป้าหมายได้ เปิดเผยตัวเมื่อได้รับดาเมจ @{1} ครั้ง
10220300208	Trail effect	เอฟเฟกต์ร่องรอย
10220300209	Become invisible, but taking damage @{1} times or dealing damage removes 【Enhanced Camouflage】.	ล่องหน แต่การได้รับดาเมจ @{1} ครั้งหรือสร้างดาเมจจะยกเลิก [ Enhanced Camouflage ]
10220300210	Inflicts Blind	ทำให้ติด Blind
10220300211	Caused by Rift Impact. Reduces Movement Speed by @{1}%.	ผลจาก Rift Impact ลด MSPD ลง @{1}%
10220300212	Become Giant for @{1} sec., recovering @{3}% Max Life every @{2} sec.	แปลงร่างเป็นยักษ์เป็นเวลา @{1} วินาที ฟื้นฟู @{3}% ของ Max HP ทุก @{2} วินาที
10220300214	Instantly recovers @{1}% Max Life	ฟื้นฟู @{1}% ของ Max HP ทันที
10220300215	Increases your and your allies' DEF	เพิ่ม DEF ของคุณและพันธมิตร
10220300216	Increases DEF	เพิ่ม DEF
10220300217	Increases your and your allies' Movement Speed and Attack Speed	เพิ่ม MSPD และ ASPD ของคุณและพันธมิตร
10220300218	Increases Movement Speed and Attack Speed	เพิ่ม MSPD และ ASPD
10220300219	Increases your and your allies' Movement Speed and HP recover	เพิ่ม MSPD และการฟื้นฟู HP ของคุณและพันธมิตร
10220300220	Increases Movement Speed and HP recover	เพิ่ม MSPD และการฟื้นฟู HP
10220300221	Increases your and your allies' ATK	เพิ่ม ATK ของคุณและพันธมิตร
10220300222	Increase Attack	เพิ่ม ATK
10220300223	Increases your and your allies' damage reflection	เพิ่มการสะท้อนดาเมจของคุณและพันธมิตร
10220300224	Increases damage reflection	เพิ่มการสะท้อนดาเมจ
10220300225	Increases each of your and your allies' stats by @{1}	เพิ่มค่าสถานะแต่ละอย่างของคุณและพันธมิตรขึ้น @{1}
10220300226	Increases each stat by @{1} points	เพิ่มค่าสถานะแต่ละอย่างขึ้น @{1} แต้ม
10220300227	Attacks have a @{1}% Chance to recover @{2} HP. No cooldown	เมื่อโจมตี มีโอกาส @{1}% ฟื้นฟู HP @{2} ไม่มี Cooldown
10220300228	Attacks have a @{1}% Chance to recover @{2} HP	เมื่อโจมตี มีโอกาส @{1}% ฟื้นฟู HP @{2}
10220300229	Increases allies' MP recovery by @{1}	เพิ่มการฟื้นฟู MP ของพันธมิตรขึ้น @{1}
10220300231	Reduces the DEF of nearby enemies	ลด DEF ของศัตรูใกล้เคียง
10220300232	Reduces DEF	ลด DEF
10220300233	Reduces the Movement Speed of nearby enemies	ลด MSPD ของศัตรูใกล้เคียง
10220300234	Reduces Movement Speed	ลด MSPD
10220300235	Gain @{1} match Currency	ได้รับเงินตราในการแข่งขัน @{1}
10220300237	Reflects @{1}% of damage taken for @{2} sec. Reflection cooldown: @{3} sec. (Each reflected hit cannot exceed @{4}W)	สะท้อนดาเมจที่ได้รับ @{1}% เป็นเวลา @{2} วินาที Cooldown การสะท้อน: @{3} วินาที (ดาเมจสะท้อนแต่ละครั้งไม่เกิน @{4}W)
10220300238	Raises the quality of all equipped gear by one tier	เพิ่มคุณภาพอุปกรณ์ที่สวมใส่ทั้งหมดขึ้นหนึ่งระดับ
10220300239	Become Super Giant for @{1} sec. During this time, damage dealt increases by @{2}%, damage taken increases by @{3}%, and you recover @{5}% Max Life every @{4} sec.	แปลงร่างเป็น Super Giant เป็นเวลา @{1} วินาที ระหว่างนี้ ดาเมจที่ทำได้เพิ่มขึ้น @{2}% ดาเมจที่ได้รับเพิ่มขึ้น @{3}% และฟื้นฟู @{5}% ของ Max HP ทุก @{4} วินาที
10220300240	Become immune to all debuffs and control effects for @{1} sec.	ป้องกันดีบัฟและผลควบคุมทั้งหมดเป็นเวลา @{1} วินาที
10220300241	Self-heal, recovering @{1}% Max Life per sec. for @{2} sec.	ฮีลตัวเอง ฟื้นฟู @{1}% ของ Max HP ทุกวินาที เป็นเวลา @{2} วินาที
10220300242	Increases Movement Speed by @{1}% and grants immunity to slows for @{2} sec.	เพิ่ม MSPD ขึ้น @{1}% และป้องกันการลดความเร็วเป็นเวลา @{2} วินาที
10220300244	Gain a slowing Orbit that reduces the Movement Speed of enemies within a @{1}-meter radius by @{2}% for @{3} sec.	ได้รับวงโคจรลดความเร็ว ลด MSPD ของศัตรูในรัศมี @{1} เมตรลง @{2}% เป็นเวลา @{3} วินาที
10220300248	Gain damage reduction and survive one fatal blow.	ได้รับการลดดาเมจและรอดจากการโจมตีถึงตายหนึ่งครั้ง
10220300249	Continuously recover Life.	ฟื้นฟู HP อย่างต่อเนื่อง
10220300251	Gain Falcon's Eye, revealing hidden targets within a @{1}-meter radius	ได้รับ Falcon's Eye เปิดเผยเป้าหมายที่ซ่อนตัวในรัศมี @{1} เมตร
10220300252	Recover @{1}% Max Life per sec. for @{2} sec.	ฟื้นฟู @{1}% ของ Max HP ทุกวินาที เป็นเวลา @{2} วินาที
10220300253	Gain Endure, reducing damage taken by @{1}%.	ได้รับ Endure ลดดาเมจที่ได้รับลง @{1}%
10220300254	Freeze effect	ผลของ Freeze
10220300256	Reveals enemies in ^{1}【Hiding】^{2} within a @{1}-meter radius.	เปิดเผยศัตรูที่อยู่ใน ^{1}[ Hiding ]^{2} ในรัศมี @{1} เมตร
10220300257	Hide-and-Seek status. Revealed after taking damage @{1} times.	สถานะ Hide-and-Seek เปิดเผยตัวเมื่อได้รับดาเมจ @{1} ครั้ง
10220300258	Every @{1} sec, loses HP equal to @{2}% of the applier's Fire Magic Damage.	ทุก @{1} วินาที สูญเสีย HP เท่ากับ @{2}% ของ M.DMG ธาตุ Fire ของผู้สร้างสถานะ
10220300259	Searching for enemies in Hiding within range.	กำลังค้นหาศัตรูที่ใช้ Hiding ในระยะ
10220300262	Unlocks @{1} Extra skills.	ปลดล็อกสกิลเพิ่มเติม @{1} สกิล
10220300264	Raises the quality of all players' currently equipped gear by one tier.	เพิ่มคุณภาพอุปกรณ์ที่ผู้เล่นทุกคนสวมใส่อยู่ขึ้นหนึ่งระดับ
10220300268	Removes all status effects.	ลบผลสถานะทั้งหมด
10220300269	Restores @{1}% Max HP per sec for @{2} sec.	ฟื้นฟู @{1}% ของ Max HP ทุกวินาที เป็นเวลา @{2} วินาที
10220300270	Grants a @{1}% Movement Speed bonus for @{2} sec.	เพิ่ม MSPD ขึ้น @{1}% เป็นเวลา @{2} วินาที
10220300278	Flying Magic	เวทบิน
10220300279	Teleportation Magic	เวทเคลื่อนย้าย
10220300280	Ping-Pong Poring	Poring ปิงปอง
10800100012	When ^{1}^{2}[Sanctuary]^{3}^{4} is cast, it restores MATK*${2}%+${3} HP to up to ${1} allies within the area.	เมื่อใช้ ^{1}^{2}[ Sanctuary ]^{3}^{4} ฟื้นฟู HP เท่ากับ M.ATK*${2}%+${3} ให้พันธมิตรสูงสุด ${1} คนในพื้นที่
10800100014	After casting ^{1}^{2}[Turn Undead]^{3}^{4}, there is a ${1}% Chance to trigger Turn Undead one Extra time. Internal Cooldown: ${2} seconds.	หลังใช้ ^{1}^{2}[ Turn Undead ]^{3}^{4} มีโอกาส ${1}% ใช้ Turn Undead เพิ่มอีกหนึ่งครั้ง CD ภายใน: ${2} วินาที
10800100020	When using ^{1}^{2}[Basic Attack]^{3}^{4} with a Mace, inflicts ^{5}^{6}[Stun]^{7}^{8} on the target for ${1} seconds. Internal Cooldown: ${2} seconds.	เมื่อใช้ ^{1}^{2}[ Basic Attack ]^{3}^{4} ด้วยกระบอง ทำให้เป้าหมายติดสถานะ ^{5}^{6}[ Stun ]^{7}^{8} เป็นเวลา ${1} วินาที CD ภายใน: ${2} วินาที
10800100021	When using ^{1}^{2}[Basic Attack]^{3}^{4} with a Mace, unleashes the power of holy light, dealing MATK*${3}%+${4} Neutral Ranged Magic damage to the enemy and up to ${2} enemies within a ${1}-meter radius. Internal Cooldown: ${5} seconds.	เมื่อใช้ ^{1}^{2}[ Basic Attack ]^{3}^{4} ด้วยกระบอง ปลดปล่อยพลังแสงศักดิ์สิทธิ์ สร้างดาเมจเวทระยะไกลไร้ธาตุเท่ากับ M.ATK*${3}%+${4} แก่ศัตรูและศัตรูสูงสุด ${2} ตัว ในรัศมี ${1} เมตร CD ภายใน: ${5} วินาที
10800100025	Holy Light Baptism blesses you, reducing ^{1}^{2}[Magnus Exorcismus]^{3}^{4} Cooldown by ${1} seconds.	ได้รับพรจาก Holy Light Baptism ลด Cooldown ของ ^{1}^{2}[ Magnus Exorcismus ]^{3}^{4} ลง ${1} วินาที
10800100030	While ^{1}^{2}[Basilica]^{3}^{4} is active, ^{5}^{6}[Holy Light]^{7}^{8} and ^{9}^{10}[Turn Undead]^{11}^{12}'s percentage damage multipliers increase by ${1}% and their fixed damage increases by ${2}.	ขณะ ^{1}^{2}[ Basilica ]^{3}^{4} ทำงาน ตัวคูณดาเมจแบบเปอร์เซ็นต์ของ ^{5}^{6}[ Holy Light ]^{7}^{8} และ ^{9}^{10}[ Turn Undead ]^{11}^{12} เพิ่มขึ้น ${1}% และดาเมจส่วนค่าคงที่เพิ่มขึ้น ${2}
10800100031	While ^{1}^{2}[Basilica]^{3}^{4} is active, ^{5}^{6}[Magnus Exorcismus]^{7}^{8}'s percentage damage multiplier increases by ${1}% and its fixed damage increases by ${2}.	ขณะ ^{1}^{2}[ Basilica ]^{3}^{4} ทำงาน ตัวคูณดาเมจแบบเปอร์เซ็นต์ของ ^{5}^{6}[ Magnus Exorcismus ]^{7}^{8} เพิ่มขึ้น ${1}% และดาเมจส่วนค่าคงที่เพิ่มขึ้น ${2}
10800100033	^{1}^{2}[Heal]^{3}^{4} has a ${1}% Chance to Splash to ${3} Other allies within ${2} meters of the target, restoring the same Healing Volume as the skill itself. Internal Cooldown: ${4} seconds.	^{1}^{2}[ Heal ]^{3}^{4} มีโอกาส ${1}% กระจายไปยังพันธมิตรอื่น ${3} คน ในระยะ ${2} เมตรรอบเป้าหมาย ฟื้นฟูเท่ากับปริมาณฮีลของสกิล CD ภายใน: ${4} วินาที
10800100034	After ^{1}^{2}[Sanctuary]^{3}^{4} has been active for a time, it restores MATK*${3}%+${4} HP to up to ${2} allies within ${1} meters of you.	หลัง ^{1}^{2}[ Sanctuary ]^{3}^{4} ทำงานไปช่วงหนึ่ง ฟื้นฟู HP เท่ากับ M.ATK*${3}%+${4} ให้พันธมิตรสูงสุด ${2} คน ในระยะ ${1} เมตรจากคุณ
10800100037	Immediately after using ^{1}^{2}[Cart Revolution]^{3}^{4}, triggers [Gunpowder Throw] @{1} times, dealing PATK*${3}% Fire melee Physical damage to up to ${2} enemies within ${1} meters. This effect has a ${4}-second Cooldown.	ทันทีหลังใช้ ^{1}^{2}[ Cart Revolution ]^{3}^{4} ใช้ [ Gunpowder Throw ] @{1} ครั้ง สร้างดาเมจกายภาพระยะประชิดธาตุ Fire เท่ากับ P.ATK*${3}% แก่ศัตรูสูงสุด ${2} ตัว ในระยะ ${1} เมตร ผลนี้มี Cooldown ${4} วินาที
10800100042	When ^{1}^{2}[Hammer Fall]^{3}^{4} is cast, it unleashes [Earth Spike] against ${1} enemies within the area, dealing PATK*${2}%+${3} Neutral melee Physical damage and gaining a ${4}% Chance to inflict ^{5}^{6}[Stun]^{7}^{8} for ${5} seconds.	เมื่อใช้ ^{1}^{2}[ Hammer Fall ]^{3}^{4} ปล่อย [ Earth Spike ] ใส่ศัตรู ${1} ตัวในพื้นที่ สร้างดาเมจกายภาพระยะประชิดไร้ธาตุเท่ากับ P.ATK*${2}%+${3} และมีโอกาส ${4}% ทำให้ติดสถานะ ^{5}^{6}[ Stun ]^{7}^{8} เป็นเวลา ${5} วินาที
10800100043	For every @{1} enemies hit by ^{1}^{2}[Hammer Fall]^{3}^{4}, DMG Bonus +${1}%, up to ${2}%.	ทุกศัตรู @{1} ตัวที่ถูก ^{1}^{2}[ Hammer Fall ]^{3}^{4} โจมตี โบนัสดาเมจ +${1}% สูงสุด ${2}%
10800100047	^{1}^{2}[Cart Revolution]^{3}^{4} fixed damage +${1}%.	^{1}^{2}[ Cart Revolution ]^{3}^{4} ดาเมจส่วนค่าคงที่ +${1}%
10800100051	^{1}^{2}[Adrenaline Rush]^{3}^{4} grants an Extra ${1}% ASPD.	^{1}^{2}[ Adrenaline Rush ]^{3}^{4} เพิ่ม ASPD อีก ${1}%
10800100054	^{1}^{2}[High Speed Cart Ram]^{3}^{4} gains ${2}% DMG Bonus against targets below ${1}% HP, and its Chance to inflict ^{5}^{6}[Stun]^{7}^{8} increases by ${3}%.	^{1}^{2}[ High Speed Cart Ram ]^{3}^{4} ได้รับโบนัสดาเมจ ${2}% ต่อเป้าหมายที่มี HP ต่ำกว่า ${1}% และโอกาสทำให้ติดสถานะ ^{5}^{6}[ Stun ]^{7}^{8} เพิ่มขึ้น ${3}%
10800100055	^{1}^{2}[High Speed Cart Ram]^{3}^{4} additionally deals PATK*${3}%+${4} Neutral melee Physical damage to up to ${2} enemies within ${1} meters. This effect has a ${5}-second Cooldown.	^{1}^{2}[ High Speed Cart Ram ]^{3}^{4} สร้างดาเมจกายภาพระยะประชิดไร้ธาตุเพิ่มเติมเท่ากับ P.ATK*${3}%+${4} แก่ศัตรูสูงสุด ${2} ตัว ในระยะ ${1} เมตร ผลนี้มี Cooldown ${5} วินาที
10800100059	While ^{1}^{2}[Cart Boost]^{3}^{4} is active, [High Speed Cart Ram]'s damage bonus increases by ${1}%.	ขณะ ^{1}^{2}[ Cart Boost ]^{3}^{4} ทำงาน โบนัสดาเมจของ [ High Speed Cart Ram ] เพิ่มขึ้น ${1}%
10800100065	When equipped with a Two-Handed Spear, ^{1}^{2}[Holy Cross]^{3}^{4}'s percentage damage multiplier increases by ${1}%.	เมื่อสวมหอกสองมือ ตัวคูณดาเมจแบบเปอร์เซ็นต์ของ ^{1}^{2}[ Holy Cross ]^{3}^{4} เพิ่มขึ้น ${1}%
10800100066	When ^{1}^{2}[Holy Cross]^{3}^{4} hits an enemy, it additionally casts [Cross Blast] on them, dealing PATK*${3}%+${4} Neutral melee Physical damage to up to ${2} enemies within ${1} meters of the target. Internal Cooldown: ${5} seconds.	เมื่อ ^{1}^{2}[ Holy Cross ]^{3}^{4} โจมตีโดนศัตรู ใช้ [ Cross Blast ] เพิ่มใส่ศัตรูนั้น สร้างดาเมจกายภาพระยะประชิดไร้ธาตุเท่ากับ P.ATK*${3}%+${4} แก่ศัตรูสูงสุด ${2} ตัว ในระยะ ${1} เมตรรอบเป้าหมาย CD ภายใน: ${5} วินาที
10800100067	^{1}^{2}[Holy Cross]^{3}^{4} casts ${1}% faster, but is no longer affected by ASPD.	^{1}^{2}[ Holy Cross ]^{3}^{4} ใช้ได้เร็วขึ้น ${1}% แต่ไม่ได้รับผลจาก ASPD อีกต่อไป
10800100069	After every ${1} casts of ^{1}^{2}[Smite]^{3}^{4}, the next ^{5}^{6}[Smite]^{7}^{8}'s percentage damage multiplier and fixed damage increase by ${2}%.	ทุกการใช้ ${1} ครั้งของ ^{1}^{2}[ Smite ]^{3}^{4} ตัวคูณดาเมจแบบเปอร์เซ็นต์และดาเมจส่วนค่าคงที่ของ ^{5}^{6}[ Smite ]^{7}^{8} ครั้งถัดไปเพิ่มขึ้น ${2}%
10800100070	When ^{1}^{2}[Smite]^{3}^{4} is cast, it additionally deals PATK*${3}%+${4} Neutral melee Physical damage to a total of ${2} Other enemies within ${1} meters of the target. Internal Cooldown: ${5} seconds.	เมื่อใช้ ^{1}^{2}[ Smite ]^{3}^{4} สร้างดาเมจกายภาพระยะประชิดไร้ธาตุเพิ่มเติมเท่ากับ P.ATK*${3}%+${4} แก่ศัตรูอื่นรวม ${2} ตัว ในระยะ ${1} เมตรรอบเป้าหมาย CD ภายใน: ${5} วินาที
10800100072	When ^{1}^{2}[Grand Cross]^{3}^{4} is cast, triggers [Cross Thrust] on @{1} random targets within the area, dealing PATK*${1}%+${2} Neutral melee Physical damage.	เมื่อใช้ ^{1}^{2}[ Grand Cross ]^{3}^{4} ใช้ [ Cross Thrust ] ใส่เป้าหมายสุ่ม @{1} ตัวในพื้นที่ สร้างดาเมจกายภาพระยะประชิดไร้ธาตุเท่ากับ P.ATK*${1}%+${2}
10800100075	^{1}^{2}[Shield Boomerang]^{3}^{4} ricochets an Extra ${1} times.	^{1}^{2}[ Shield Boomerang ]^{3}^{4} ชิ่งเพิ่มอีก ${1} ครั้ง
10800100076	^{1}^{2}[Shield Boomerang]^{3}^{4} deals an Extra @{1} hits of PATK*${1}%+${2} Neutral melee Physical damage to the locked-on target.	^{1}^{2}[ Shield Boomerang ]^{3}^{4} สร้างดาเมจกายภาพระยะประชิดไร้ธาตุเพิ่มอีก @{1} ครั้ง แต่ละครั้งเท่ากับ P.ATK*${1}%+${2} แก่เป้าหมายที่ล็อกไว้
10800100077	Learning ^{1}^{2}[Spear Mastery]^{3}^{4} grants ${1} PATK.	เมื่อเรียน ^{1}^{2}[ Spear Mastery ]^{3}^{4} ได้รับ P.ATK ${1}
10800100078	Gain ${1} PATK for each learned level of ^{1}^{2}[Spear Mastery]^{3}^{4}.	ได้รับ P.ATK ${1} ต่อแต่ละเลเวลที่เรียนของ ^{1}^{2}[ Spear Mastery ]^{3}^{4}
10800100079	Learning ^{1}^{2}[Spear Mastery]^{3}^{4} grants ${1}% Holy Damage.	เมื่อเรียน ^{1}^{2}[ Spear Mastery ]^{3}^{4} ได้รับโบนัสดาเมจธาตุ Holy ${1}%
10800100080	While ^{1}^{2}[Auto Guard]^{3}^{4} is active, PATK +${1} and Max HP +${2}.	ขณะ ^{1}^{2}[ Auto Guard ]^{3}^{4} ทำงาน P.ATK +${1} และ Max HP +${2}
10800100081	While ^{1}^{2}[Auto Guard]^{3}^{4} is active, taking damage increases your DMG Reduction by ${1}% for ${2} seconds. Internal Cooldown: ${3} seconds.	ขณะ ^{1}^{2}[ Auto Guard ]^{3}^{4} ทำงาน การได้รับดาเมจจะเพิ่มการลดดาเมจของคุณขึ้น ${1}% เป็นเวลา ${2} วินาที CD ภายใน: ${3} วินาที
10800100082	While ^{1}^{2}[Auto Guard]^{3}^{4} is active, Smite and Rapid Smiting's percentage damage multipliers and fixed damage increase by ${1}%.	ขณะ ^{1}^{2}[ Auto Guard ]^{3}^{4} ทำงาน ตัวคูณดาเมจแบบเปอร์เซ็นต์และดาเมจส่วนค่าคงที่ของ Smite และ Rapid Smiting เพิ่มขึ้น ${1}%
10800100083	^{1}^{2}[Gloria Domini]^{3}^{4}'s percentage damage multiplier increases by ${1}%, and its fixed damage increases by ${2}.	ตัวคูณดาเมจแบบเปอร์เซ็นต์ของ ^{1}^{2}[ Gloria Domini ]^{3}^{4} เพิ่มขึ้น ${1}% และดาเมจส่วนค่าคงที่เพิ่มขึ้น ${2}
10800100084	When casting ^{1}^{2}[Gloria Domini]^{3}^{4}, Deals DMG equal to PATK * ${3}% + ${4} as Neutral Melee Physical damage to the target and up to ${2} enemies within ${1} meters of the target.	เมื่อใช้ ^{1}^{2}[ Gloria Domini ]^{3}^{4} สร้างดาเมจกายภาพระยะประชิดไร้ธาตุเท่ากับ P.ATK * ${3}% + ${4} แก่เป้าหมายและศัตรูสูงสุด ${2} ตัว ในระยะ ${1} เมตรรอบเป้าหมาย
10800100085	^{1}^{2}[Gloria Domini]^{3}^{4} Deals DMG to the locked target an Extra @{1} times, each dealing PATK * ${1}% + ${2} as Neutral Melee Physical damage.	^{1}^{2}[ Gloria Domini ]^{3}^{4} สร้างดาเมจแก่เป้าหมายที่ล็อกไว้เพิ่มอีก @{1} ครั้ง แต่ละครั้งสร้างดาเมจกายภาพระยะประชิดไร้ธาตุเท่ากับ P.ATK * ${1}% + ${2}
10800100086	^{1}^{2}[Rapid Smiting]^{3}^{4}'s percentage damage multiplier increases by ${1}%, and its fixed damage increases by ${2}.	ตัวคูณดาเมจแบบเปอร์เซ็นต์ของ ^{1}^{2}[ Rapid Smiting ]^{3}^{4} เพิ่มขึ้น ${1}% และดาเมจส่วนค่าคงที่เพิ่มขึ้น ${2}
10800100087	^{1}^{2}[Rapid Smiting]^{3}^{4} has a ${1}% Chance to Deals DMG to the target an Extra @{1} times, each dealing PATK * ${2}% + ${3} as Neutral Melee Physical damage.	^{1}^{2}[ Rapid Smiting ]^{3}^{4} มีโอกาส ${1}% สร้างดาเมจแก่เป้าหมายเพิ่มอีก @{1} ครั้ง แต่ละครั้งสร้างดาเมจกายภาพระยะประชิดไร้ธาตุเท่ากับ P.ATK * ${2}% + ${3}
10800100088	When casting ^{1}^{2}[Rapid Smiting]^{3}^{4}, there is a ${1}% Chance to change the Cooldown of your next Shield Boomerang to @{1} seconds. This effect cannot stack and can trigger up to @{2} times every ${2} seconds.	เมื่อใช้ ^{1}^{2}[ Rapid Smiting ]^{3}^{4} มีโอกาส ${1}% เปลี่ยน Cooldown ของ Shield Boomerang ครั้งถัดไปเป็น @{1} วินาที ผลนี้ไม่ซ้อนกันและเกิดได้สูงสุด @{2} ครั้งทุก ${2} วินาที
10800100089	PATK +@{1}, and ^{1}^{2}[Sacrifice]^{3}^{4} no longer consumes HP.	P.ATK +@{1} และ ^{1}^{2}[ Sacrifice ]^{3}^{4} ไม่ใช้ HP อีกต่อไป
10800100090	^{1}^{2}[Sacrifice]^{3}^{4}'s duration increases to ${1} seconds. During ^{5}^{6}[Sacrifice]^{7}^{8}, ^{9}^{10}[Holy Cross]^{11}^{12}'s percentage damage multiplier and fixed Damage Increase by ${2}%.	^{1}^{2}[ Sacrifice ]^{3}^{4} คงอยู่นานขึ้นเป็น ${1} วินาที ระหว่างใช้ ^{5}^{6}[ Sacrifice ]^{7}^{8} ตัวคูณดาเมจแบบเปอร์เซ็นต์และดาเมจส่วนค่าคงที่ของ ^{9}^{10}[ Holy Cross ]^{11}^{12} เพิ่มขึ้น ${2}%
10800100091	While ^{1}^{2}[Sacrifice]^{3}^{4} is active, ^{5}^{6}[Basic Attack]^{7}^{8}'s percentage damage multiplier increases by ${1}%.	ขณะ ^{1}^{2}[ Sacrifice ]^{3}^{4} ทำงาน ตัวคูณดาเมจแบบเปอร์เซ็นต์ของ ^{5}^{6}[ Basic Attack ]^{7}^{8} เพิ่มขึ้น ${1}%
10800100092	^{1}^{2}[Battle Chant]^{3}^{4} grants allies an Extra ${1} PDEF and MDEF and reduces enemies' PATK and MATK by an Extra ${2}.	^{1}^{2}[ Battle Chant ]^{3}^{4} เพิ่ม P.DEF และ M.DEF ให้พันธมิตรอีก ${1} และลด P.ATK กับ M.ATK ของศัตรูเพิ่มอีก ${2}
10800100093	While ^{1}^{2}[Battle Chant]^{3}^{4} is active, your ^{5}^{6}[Shield Boomerang]^{7}^{8}'s percentage damage multiplier increases by ${1}%, and its fixed damage increases by ${2}.	ขณะ ^{1}^{2}[ Battle Chant ]^{3}^{4} ทำงาน ตัวคูณดาเมจแบบเปอร์เซ็นต์ของ ^{5}^{6}[ Shield Boomerang ]^{7}^{8} ของคุณเพิ่มขึ้น ${1}% และดาเมจส่วนค่าคงที่เพิ่มขึ้น ${2}
10800100094	While ^{1}^{2}[Battle Chant]^{3}^{4} is active, your Max HP increases by ${1}.	ขณะ ^{1}^{2}[ Battle Chant ]^{3}^{4} ทำงาน Max HP ของคุณเพิ่มขึ้น ${1}
10800100095	^{1}^{2}[Pierce]^{3}^{4}'s percentage damage multiplier increases by ${1}%, and its fixed damage increases by ${2}.	ตัวคูณดาเมจแบบเปอร์เซ็นต์ของ ^{1}^{2}[ Pierce ]^{3}^{4} เพิ่มขึ้น ${1}% และดาเมจส่วนค่าคงที่เพิ่มขึ้น ${2}
10800100096	When casting ^{1}^{2}[Pierce]^{3}^{4}, there is a ${1}% Chance to Deals DMG to the target an Extra @{1} times, dealing a total of PATK * ${2}% + ${3} as Neutral Ranged Physical damage. Cooldown: ${4} seconds.	เมื่อใช้ ^{1}^{2}[ Pierce ]^{3}^{4} มีโอกาส ${1}% สร้างดาเมจแก่เป้าหมายเพิ่มอีก @{1} ครั้ง รวมเป็นดาเมจกายภาพระยะไกลไร้ธาตุเท่ากับ P.ATK * ${2}% + ${3} Cooldown: ${4} วินาที
10800100097	When casting ^{1}^{2}[Pierce]^{3}^{4}, there is a ${1}% Chance to trigger an Extra Shatter, which Deals DMG equal to PATK * ${4}% + ${5} as Neutral Ranged Physical damage to the target and ${3} Other enemies within ${2} meters. Cooldown: ${6} seconds.	เมื่อใช้ ^{1}^{2}[ Pierce ]^{3}^{4} มีโอกาส ${1}% ทำให้เกิด Shatter เพิ่ม สร้างดาเมจกายภาพระยะไกลไร้ธาตุเท่ากับ P.ATK * ${4}% + ${5} แก่เป้าหมายและศัตรูอื่น ${3} ตัว ในระยะ ${2} เมตร Cooldown: ${6} วินาที
10800100098	^{1}^{2}[Bowling Bash]^{3}^{4}'s Cooldown is changed to ${1} seconds.	เปลี่ยน Cooldown ของ ^{1}^{2}[ Bowling Bash ]^{3}^{4} เป็น ${1} วินาที
10800100099	When ^{1}^{2}[Bowling Bash]^{3}^{4} hits only @{1} enemy, it Deals DMG to that enemy equal to an Extra PATK * ${1}% + ${2} as Neutral Melee Physical damage.	เมื่อ ^{1}^{2}[ Bowling Bash ]^{3}^{4} โจมตีโดนศัตรูเพียง @{1} ตัว สร้างดาเมจกายภาพระยะประชิดไร้ธาตุเพิ่มเติมแก่ศัตรูนั้นเท่ากับ P.ATK * ${1}% + ${2}
10800100100	When casting ^{1}^{2}[Bowling Bash]^{3}^{4}, there is a ${1}% Chance to cast it one Extra time.	เมื่อใช้ ^{1}^{2}[ Bowling Bash ]^{3}^{4} มีโอกาส ${1}% ใช้ซ้ำเพิ่มอีกหนึ่งครั้ง
10800100101	^{1}^{2}[Spear Throw]^{3}^{4}'s percentage damage multiplier increases by ${1}%, and its fixed damage increases by ${2}.	ตัวคูณดาเมจแบบเปอร์เซ็นต์ของ ^{1}^{2}[ Spear Throw ]^{3}^{4} เพิ่มขึ้น ${1}% และดาเมจส่วนค่าคงที่เพิ่มขึ้น ${2}
10800100102	When casting ^{1}^{2}[Spear Throw]^{3}^{4}, you throw one Extra Spear that Deals DMG equal to PATK * ${1}% + ${2} as Extra Neutral Ranged Physical damage.	เมื่อใช้ ^{1}^{2}[ Spear Throw ]^{3}^{4} ขว้างหอกเพิ่มอีกหนึ่งเล่ม สร้างดาเมจกายภาพระยะไกลไร้ธาตุเพิ่มเติมเท่ากับ P.ATK * ${1}% + ${2}
10800100103	^{1}^{2}[Spear Throw]^{3}^{4} now throws an Explosive Spear that explodes upon hitting the target, also Deals DMG to ${2} Other enemies within ${1} meters of the target.	^{1}^{2}[ Spear Throw ]^{3}^{4} เปลี่ยนเป็นการขว้างหอกระเบิดที่ระเบิดเมื่อโดนเป้าหมาย และสร้างดาเมจแก่ศัตรูอื่น ${2} ตัว ในระยะ ${1} เมตรรอบเป้าหมายด้วย
10800100104	When a sword-type Weapon is equipped, PATK increases by ${1} for each Learn Lv. of ^{1}^{2}[Sword Quicken]^{3}^{4}.	เมื่อสวมอาวุธประเภทดาบ เพิ่ม P.ATK ขึ้น ${1} ต่อแต่ละเลเวลที่เรียนของ ^{1}^{2}[ Sword Quicken ]^{3}^{4}
10800100105	When a Two-Handed Sword is equipped, casting ^{1}^{2}[Basic Attack]^{3}^{4} has a ${1}% Chance to increase ASPD by ${2}% for ${3} seconds. Cooldown: ${4} seconds.	เมื่อสวมดาบสองมือ การใช้ ^{1}^{2}[ Basic Attack ]^{3}^{4} มีโอกาส ${1}% เพิ่ม ASPD ขึ้น ${2}% เป็นเวลา ${3} วินาที Cooldown: ${4} วินาที
10800100106	When a Sword is equipped, STR +${1}.	เมื่อสวมดาบ STR +${1}
10800100107	^{1}^{2}[Brandish Spear]^{3}^{4} gains an Extra ${1}% Crit Chance.	^{1}^{2}[ Brandish Spear ]^{3}^{4} ได้รับ CRIT เพิ่มอีก ${1}%
10800100108	^{1}^{2}[Brandish Spear]^{3}^{4}'s percentage damage multiplier increases by ${1}%, and its fixed damage increases by ${2}.	ตัวคูณดาเมจแบบเปอร์เซ็นต์ของ ^{1}^{2}[ Brandish Spear ]^{3}^{4} เพิ่มขึ้น ${1}% และดาเมจส่วนค่าคงที่เพิ่มขึ้น ${2}
10800100109	^{1}^{2}[Brandish Spear]^{3}^{4} can also Deals DMG to ${2} Other enemies within ${1} meters of the target.	^{1}^{2}[ Brandish Spear ]^{3}^{4} สามารถสร้างดาเมจแก่ศัตรูอื่น ${2} ตัว ในระยะ ${1} เมตรรอบเป้าหมายด้วย
10800100110	Increases ^{1}^{2}【Basic Attack】^{3}^{4}'s percentage damage multiplier by ${1}% and fixed damage by ${2}, and extends the duration of Magnum Break's buff to ${3} sec.	เพิ่มตัวคูณดาเมจแบบเปอร์เซ็นต์ของ ^{1}^{2}[ Basic Attack ]^{3}^{4} ขึ้น ${1}% และดาเมจส่วนค่าคงที่ขึ้น ${2} พร้อมเพิ่มระยะเวลาบัฟของ Magnum Break เป็น ${3} วินาที
10800100111	Casting ^{1}^{2}[Basic Attack]^{3}^{4} triggers Slash, which Deals DMG equal to PATK * ${1}% + ${2} as Neutral Melee Physical damage to the target. Internal Cooldown: ${3} seconds.	การใช้ ^{1}^{2}[ Basic Attack ]^{3}^{4} ทำให้เกิด Slash สร้างดาเมจกายภาพระยะประชิดไร้ธาตุเท่ากับ P.ATK * ${1}% + ${2} แก่เป้าหมาย CD ภายใน: ${3} วินาที
10800100112	Reduces Attack Speed by ${1}%. Using ^{1}^{2}【Basic Attack】^{3}^{4} triggers Splash damage, dealing Physical ATK*${4}% Neutral melee Physical damage to ${3} other enemies within ${2} meters of the target.	ลด ASPD ลง ${1}% การใช้ ^{1}^{2}[ Basic Attack ]^{3}^{4} ทำให้เกิดดาเมจกระจาย สร้างดาเมจกายภาพระยะประชิดไร้ธาตุเท่ากับ P.ATK*${4}% แก่ศัตรูอื่น ${3} ตัว ในระยะ ${2} เมตรรอบเป้าหมาย
10800100113	^{1}^{2}[Spiral Pierce]^{3}^{4}'s percentage damage multiplier increases by ${1}%, and its fixed damage increases by ${2}.	ตัวคูณดาเมจแบบเปอร์เซ็นต์ของ ^{1}^{2}[ Spiral Pierce ]^{3}^{4} เพิ่มขึ้น ${1}% และดาเมจส่วนค่าคงที่เพิ่มขึ้น ${2}
10800100114	After casting ^{1}^{2}[Spiral Pierce]^{3}^{4} @{1} times, your next ^{5}^{6}[Spiral Pierce]^{7}^{8} is guaranteed to CRIT.	หลังใช้ ^{1}^{2}[ Spiral Pierce ]^{3}^{4} @{1} ครั้ง ^{5}^{6}[ Spiral Pierce ]^{7}^{8} ครั้งถัดไปจะติด CRIT แน่นอน
10800100115	^{1}^{2}[Spiral Pierce]^{3}^{4} can also Deals DMG to ${2} Other enemies within ${1} meters of the target.	^{1}^{2}[ Spiral Pierce ]^{3}^{4} สามารถสร้างดาเมจแก่ศัตรูอื่น ${2} ตัว ในระยะ ${1} เมตรรอบเป้าหมายด้วย
10800100116	While ^{1}^{2}[Aura Blade]^{3}^{4} is active, the percentage damage multiplier of Normal Attack-type skills increases by ${1}%, and their fixed damage increases by ${2}.	ขณะ ^{1}^{2}[ Aura Blade ]^{3}^{4} ทำงาน ตัวคูณดาเมจแบบเปอร์เซ็นต์ของสกิลประเภทโจมตีปกติเพิ่มขึ้น ${1}% และดาเมจส่วนค่าคงที่เพิ่มขึ้น ${2}
10800100117	While ^{1}^{2}[Aura Blade]^{3}^{4} is active, ASPD increases by ${1}%, and Normal Attack-type skills gain an Extra ${2}% Crit Chance.	ขณะ ^{1}^{2}[ Aura Blade ]^{3}^{4} ทำงาน เพิ่ม ASPD ขึ้น ${1}% และสกิลประเภทโจมตีปกติได้รับ CRIT เพิ่มอีก ${2}%
10800100119	^{1}^{2}[Joint Beat]^{3}^{4}'s percentage damage multiplier increases by ${1}%, and its fixed damage increases by ${2}.	ตัวคูณดาเมจแบบเปอร์เซ็นต์ของ ^{1}^{2}[ Joint Beat ]^{3}^{4} เพิ่มขึ้น ${1}% และดาเมจส่วนค่าคงที่เพิ่มขึ้น ${2}
10800100120	^{1}^{2}[Joint Beat]^{3}^{4} simultaneously inflicts [Break Ankle], [Break Wrist], [Break Waist], and [Break Neck] on the target.	^{1}^{2}[ Joint Beat ]^{3}^{4} ทำให้เป้าหมายติด [ Break Ankle ], [ Break Wrist ], [ Break Waist ] และ [ Break Neck ] พร้อมกัน
10800100121	^{1}^{2}[Joint Beat]^{3}^{4} can also Deals DMG to ${2} Other enemies within ${1} meters of the target and break their body parts.	^{1}^{2}[ Joint Beat ]^{3}^{4} สามารถสร้างดาเมจแก่ศัตรูอื่น ${2} ตัว ในระยะ ${1} เมตรรอบเป้าหมาย และทำลายส่วนต่างๆ ของร่างกายพวกมันด้วย
10800100122	While ^{1}^{2}[Parry]^{3}^{4} is active, gain an Extra ${1} PDEF and MDEF.	ขณะ ^{1}^{2}[ Parry ]^{3}^{4} ทำงาน ได้รับ P.DEF และ M.DEF เพิ่มอีก ${1}
10800100123	While ^{1}^{2}[Parry]^{3}^{4} is active, casting ^{5}^{6}[Basic Attack]^{7}^{8} triggers Triple Slash, which Deals DMG to the target over @{1} hits for a total of PATK * ${1}% + ${2} as Neutral Melee Physical damage. Cooldown: ${3} seconds.	ขณะ ^{1}^{2}[ Parry ]^{3}^{4} ทำงาน การใช้ ^{5}^{6}[ Basic Attack ]^{7}^{8} ทำให้เกิด Triple Slash สร้างดาเมจแก่เป้าหมาย @{1} ครั้ง รวมเป็นดาเมจกายภาพระยะประชิดไร้ธาตุเท่ากับ P.ATK * ${1}% + ${2} Cooldown: ${3} วินาที
10800100124	While ^{1}^{2}[Parry]^{3}^{4} is active, casting ^{5}^{6}[Basic Attack]^{7}^{8} triggers Sweep, which Deals DMG equal to PATK * ${3}% + ${4} as Neutral Melee Physical damage to up to ${2} enemies within ${1} meters of you. Cooldown: ${5} seconds.	ขณะ ^{1}^{2}[ Parry ]^{3}^{4} ทำงาน การใช้ ^{5}^{6}[ Basic Attack ]^{7}^{8} ทำให้เกิด Sweep สร้างดาเมจกายภาพระยะประชิดไร้ธาตุเท่ากับ P.ATK * ${3}% + ${4} แก่ศัตรูสูงสุด ${2} ตัว ในระยะ ${1} เมตรจากคุณ Cooldown: ${5} วินาที
10800100126	Six Stats +${1}	ค่าสถานะทั้งหก +${1}
10800100127	Physical damage dealt to Brute and Insect monsters +${1}%	P.DMG ที่ทำต่อมอนสเตอร์ Brute และ Insect +${1}%
10800100128	Physical damage dealt to Brute and Insect monsters +${1}%; Movement Speed ${2}%	P.DMG ที่ทำต่อมอนสเตอร์ Brute และ Insect +${1}%; MSPD ${2}%
10800100129	For every @{1} additional Stunt on all equipped gear, VIT +${1}	ทุก @{1} Stunt เพิ่มเติมบนอุปกรณ์ที่สวมใส่ทั้งหมด VIT +${1}
10800100130	For every @{1} refine levels on the Current Equipment slot, INT +${1}	ทุก @{1} เลเวลการตีบวกของช่องอุปกรณ์ปัจจุบัน INT +${1}
10800100132	Deals (@{3}+VIT/@{4})*${1}%+${2} Neutral Physical damage to up to @{2} targets within a @{1}-meter radius and reduces their Movement Speed by @{5}% for @{6} sec. If the target is a monster, it is forced to attack you for @{7} sec. Your Physical DEF +@{8}%	สร้างดาเมจกายภาพไร้ธาตุเท่ากับ (@{3}+VIT/@{4})*${1}%+${2} แก่เป้าหมายสูงสุด @{2} ตัว ในรัศมี @{1} เมตร และลด MSPD ของพวกมันลง @{5}% เป็นเวลา @{6} วินาที หากเป้าหมายเป็นมอนสเตอร์ จะบังคับให้โจมตีคุณเป็นเวลา @{7} วินาที P.DEF ของคุณ +@{8}%
10800100133	For every ${1} additional skills on this Divine Arts Totem, Life +${2}	ทุก ${1} สกิลเพิ่มเติมบน Divine Arts Totem นี้ HP +${2}
10800100134	For every ${1} additional skills on this Divine Arts Totem, Physical ATK +${2}	ทุก ${1} สกิลเพิ่มเติมบน Divine Arts Totem นี้ P.ATK +${2}
10800100137	Each Soul Echo Element ^{1} grants @{1} DMG vs All Job	แต่ละองค์ประกอบ Soul Echo ^{1} มอบดาเมจต่อทุกอาชีพ @{1}
10800100138	When using an instant recovery item, there is a @{1}% Chance its effect increases by @{2}%	เมื่อใช้ไอเท็มฟื้นฟูทันที มีโอกาส @{1}% เพิ่มผลของไอเท็มขึ้น @{2}%
10800100140	Converts @{1}% of the sum of Physical ATK and Magic ATK into Life	แปลง @{1}% ของผลรวม P.ATK และ M.ATK เป็น HP
10800100141	For the Arch Mage job, every @{1} INT increases Magic ATK by @{2}, up to a maximum of @{3}	สำหรับอาชีพ Arch Mage ทุก @{1} INT เพิ่ม M.ATK ขึ้น @{2} สูงสุด @{3}
10800100142	For every +${1} Refine, Physical ATK +${2}	ทุกการตีบวก +${1} P.ATK +${2}
10800100143	For every +${1} Refine, Magic ATK +${2}	ทุกการตีบวก +${1} M.ATK +${2}
10800100144	For every +${1} Refine, Max Life +${2}	ทุกการตีบวก +${1} Max HP +${2}
10800100145	For every ${1} Stunts on equipped gear, Physical ATK +${2} (up to ${3} Stunts)	ทุก ${1} Stunts บนอุปกรณ์ที่สวมใส่ P.ATK +${2} (คำนวณสูงสุด ${3} Stunts)
10800100146	For every ${1} Stunts on equipped gear, Magic ATK +${2} (up to ${3} Stunts)	ทุก ${1} Stunts บนอุปกรณ์ที่สวมใส่ M.ATK +${2} (คำนวณสูงสุด ${3} Stunts)
10800100147	For every ${1} Stunts on equipped gear, Max Life +${2} (up to ${3} Stunts)	ทุก ${1} Stunts บนอุปกรณ์ที่สวมใส่ Max HP +${2} (คำนวณสูงสุด ${3} Stunts)
10800100148	For every +${1} Refine, CRIT +${2}	ทุกการตีบวก +${1} CRIT +${2}
10800100149	For every +${1} Refine, CRIT DMG +${2}%	ทุกการตีบวก +${1} CRIT DMG +${2}%
10800100150	For every ${1} Stunts on equipped gear, CRIT +${2} (up to ${3} Stunts)	ทุก ${1} Stunts บนอุปกรณ์ที่สวมใส่ CRIT +${2} (คำนวณสูงสุด ${3} Stunts)
10800100151	For every ${1} Stunts on equipped gear, CRIT DMG +${2}% (up to ${3} Stunts)	ทุก ${1} Stunts บนอุปกรณ์ที่สวมใส่ CRIT DMG +${2}% (คำนวณสูงสุด ${3} Stunts)
10800100152	When using an instant recovery item, there is a ${1}% Chance to increase its effect by ${2}%	เมื่อใช้ไอเท็มฟื้นฟูทันที มีโอกาส ${1}% เพิ่มผลของไอเท็มขึ้น ${2}%
10800100153	Increases PATK by ${1}% of MATK, up to ${2}.	เพิ่ม P.ATK เท่ากับ ${1}% ของ M.ATK สูงสุด ${2}
10800100154	Increases MATK by ${1}% of PATK, up to ${2}.	เพิ่ม M.ATK เท่ากับ ${1}% ของ P.ATK สูงสุด ${2}
10800100155	Increases Max HP by ${1}% of the total PATK and MATK, up to ${2}.	เพิ่ม Max HP เท่ากับ ${1}% ของผลรวม P.ATK และ M.ATK สูงสุด ${2}
10800100156	Ignores ${1}% of the target's Physical DEF	Ignore P.DEF ของเป้าหมาย ${1}%
10800100157	Ignores ${1}% of the target's Magic DEF	Ignore M.DEF ของเป้าหมาย ${1}%
10220300385	Damage taken is reduced.	ดาเมจที่ได้รับลดลง
10800100044	^{1}^{2}【Crazy Uproar】^{3}^{4}Extra PATK +${1}.	^{1}^{2}[ Crazy Uproar ]^{3}^{4} เพิ่ม P.ATK อีก +${1}
10800100045	^{1}^{2}【Crazy Uproar】^{3}^{4}Extra VIT +${1} and LUK +${2}.	^{1}^{2}[ Crazy Uproar ]^{3}^{4} เพิ่ม VIT อีก +${1} และ LUK อีก +${2}
10800100046	^{1}^{2}【Crazy Uproar】^{3}^{4}grants an Extra ${1} STR.	^{1}^{2}[ Crazy Uproar ]^{3}^{4} เพิ่ม STR อีก ${1}
10800100048	^{1}^{2}[Weaponry Research]^{3}^{4} At Lv. @{1}, increases PATK by ${1}.	^{1}^{2}[ Weaponry Research ]^{3}^{4} เมื่อถึง Lv. @{1} เพิ่ม P.ATK ขึ้น ${1}
10800100049	^{1}^{2}【Cart Revolution】^{3}^{4}CRIT Chance increases by ${1}%.	^{1}^{2}[ Cart Revolution ]^{3}^{4} เพิ่ม CRIT ขึ้น ${1}%
10800100050	^{1}^{2}Adrenaline Rush^{3}^{4} Lv. ${1} increases your STR by ${1}.	^{1}^{2}Adrenaline Rush^{3}^{4} Lv. ${1} เพิ่ม STR ของคุณขึ้น ${1}
10800100052	^{1}^{2}【Adrenaline Rush】^{3}^{4} ignores Job Restriction.	^{1}^{2}[ Adrenaline Rush ]^{3}^{4} ไม่จำกัดอาชีพ
10800100056	^{1}^{2}【Maximize Power】^{3}^{4}is Active for up to ${2} allies within ${1} meters.	^{1}^{2}[ Maximize Power ]^{3}^{4} มีผลต่อพันธมิตรสูงสุด ${2} คน ในระยะ ${1} เมตร
10800100057	^{1}^{2}[Maximize Power]^{3}^{4} Increases your PATK by ${1}.	^{1}^{2}[ Maximize Power ]^{3}^{4} เพิ่ม P.ATK ของคุณขึ้น ${1}
10800100058	^{1}^{2}【Maximize Power】^{3}^{4} increases nearby allies' PATK by ${1}.	^{1}^{2}[ Maximize Power ]^{3}^{4} เพิ่ม P.ATK ของพันธมิตรใกล้เคียงขึ้น ${1}
10800100060	^{1}^{2}【Cart Boost】^{3}^{4} maximum Cooldown is reduced by ${1} sec. Gain ^{9}^{10}【Immunity】^{11}^{12} for ${2} sec. after casting ^{5}^{6}【Cart Boost】^{7}^{8}.	^{1}^{2}[ Cart Boost ]^{3}^{4} ลด Cooldown สูงสุดลง ${1} วินาที ได้รับ ^{9}^{10}[ Immunity ]^{11}^{12} เป็นเวลา ${2} วินาที หลังใช้ ^{5}^{6}[ Cart Boost ]^{7}^{8}
10800100061	^{1}^{2}【Cart Boost】^{3}^{4} duration is extended by ${1} sec.	^{1}^{2}[ Cart Boost ]^{3}^{4} เพิ่มระยะเวลาคงอยู่ ${1} วินาที
10800100062	^{1}^{2}【Maximum Over Thrust】^{3}^{4} is Active for up to ${2} allies within ${1} meters.	^{1}^{2}[ Maximum Over Thrust ]^{3}^{4} มีผลต่อพันธมิตรสูงสุด ${2} คน ในระยะ ${1} เมตร
10800100063	^{1}^{2}【Maximum Over Thrust】^{3}^{4}increases Physical damage dealt by ${1}%.	^{1}^{2}[ Maximum Over Thrust ]^{3}^{4} เพิ่ม P.DMG ที่ทำได้ขึ้น ${1}%
10800100064	^{1}^{2}【Maximum Over Thrust】^{3}^{4}grants an Extra ${1}% Crit Chance.	^{1}^{2}[ Maximum Over Thrust ]^{3}^{4} เพิ่ม CRIT อีก ${1}%
10110300426	Golden Thief Bug marks multiple players and Launches fireballs at them after @{1} sec, damaging the targets and nearby players.	Golden Thief Bug ทำเครื่องหมายผู้เล่นหลายคนและยิงลูกไฟใส่หลังผ่านไป @{1} วินาที สร้างดาเมจแก่เป้าหมายและผู้เล่นใกล้เคียง
10110300427	Golden Thief Bug harnesses the power of lava and Launches magma at multiple nearby players, damaging players hit.	Golden Thief Bug ใช้พลังลาวายิงแมกมาใส่ผู้เล่นหลายคนที่อยู่ใกล้ สร้างดาเมจแก่ผู้เล่นที่ถูกโจมตี
10110300180	Dive toward a target location within @{1} meters. Upon impact, deal damage equal to ATK * ^{3}@{5}%^{4} to up to @{3} enemies within a @{2}-meter radius and inflict ^{1}【Blind】^{2} for @{4} seconds.	พุ่งลงสู่ตำแหน่งเป้าหมายในระยะ @{1} เมตร เมื่อกระแทกพื้น สร้างดาเมจเท่ากับ ATK * ^{3}@{5}%^{4} แก่ศัตรูสูงสุด @{3} ตัว ในรัศมี @{2} เมตร และทำให้ติดสถานะ ^{1}[ Blind ]^{2} เป็นเวลา @{4} วินาที
10110300181	Creates a Trap Hunter at the current location. When an enemy enters within @{1}m of it, it explodes, dealing ATK * ^{1}@{4}%^{2} damage to up to @{3} enemies within a @{2}m radius and inflicting ^{3}【Immobilize】^{4} for @{5}^{5} sec. The Trap Hunter lasts @{6} sec.	สร้าง Trap Hunter ณ ตำแหน่งปัจจุบัน เมื่อศัตรูเข้ามาในระยะ @{1} เมตร กับดักจะระเบิด สร้างดาเมจเท่ากับ ATK * ^{1}@{4}%^{2} แก่ศัตรูสูงสุด @{3} ตัว ในรัศมี @{2} เมตร และทำให้ติดสถานะ ^{3}[ Immobilize ]^{4} เป็นเวลา @{5}^{5} วินาที Trap Hunter คงอยู่ @{6} วินาที
10110300182	Dive toward a designated location within @{1} meters. After landing, create a circular burning area @{2} meters wide that inflicts Burn on up to @{3} enemies for @{4} seconds.	พุ่งลงสู่ตำแหน่งที่กำหนดในระยะ @{1} เมตร เมื่อลงถึงพื้น สร้างพื้นที่เผาไหม้รูปวงกลมกว้าง @{2} เมตร ทำให้ศัตรูสูงสุด @{3} ตัวติด Burn เป็นเวลา @{4} วินาที
10110300183	Dive at a target location within @{1} meters. Upon impact, inflict ^{1}【Slow】^{2} for @{4} seconds and deal damage equal to ATK * ^{3}@{5}%^{4} to up to @{3} enemies within a @{2}-meter radius.	พุ่งลงสู่ตำแหน่งเป้าหมายในระยะ @{1} เมตร เมื่อกระแทกพื้น ทำให้ติดสถานะ ^{1}[ Slow ]^{2} เป็นเวลา @{4} วินาที และสร้างดาเมจเท่ากับ ATK * ^{3}@{5}%^{4} แก่ศัตรูสูงสุด @{3} ตัว ในรัศมี @{2} เมตร
10110300184	Have the Falcon scan the area, revealing all enemies on the Mini Map to you and your teammates for @{1} sec.	สั่ง Falcon สำรวจพื้นที่ เปิดเผยศัตรูทั้งหมดบนแผนที่ย่อให้คุณและเพื่อนร่วมทีมเห็นเป็นเวลา @{1} วินาที
10110300185	Summons a vending cart nearby where you can purchase Battle Royale items. The vending cart lasts ^{1} @{1}^{2} sec.	เรียกรถเข็นขายของมาใกล้ตัวเพื่อซื้อไอเท็ม Battle Royale รถเข็นคงอยู่ ^{1} @{1}^{2} วินาที
10110300186	Summon an ambulance nearby that can be used to Revive teammates. The ambulance lasts ^{1} @{1}^{2} sec.	เรียกรถพยาบาลมาใกล้ตัวเพื่อใช้ชุบชีวิตเพื่อนร่วมทีม รถพยาบาลคงอยู่ ^{1} @{1}^{2} วินาที
10110300187	Creates a circular camouflage field spanning @{1} meters at your location, granting Stealth to up to @{2} allies for @{3} seconds	สร้างพื้นที่พรางตัวรูปวงกลมขนาด @{1} เมตร ณ ตำแหน่งของคุณ มอบ Stealth ให้พันธมิตรสูงสุด @{2} คน เป็นเวลา @{3} วินาที
10110300189	Immediately enters the ^{1}【Camouflage】【Hiding】^{2} states upon use, becoming invisible and untargetable and increasing Movement Speed by ^{3}@{1}%^{4} for @{2} sec.\nThe ^{5}【Camouflage】【Hiding】^{6} states end immediately after dealing or taking damage a total of @{3} times. Skill Cooldown: ^{7}@{4}^{8} sec.	เมื่อใช้ เข้าสู่สถานะ ^{1}[ Camouflage ][ Hiding ]^{2} ทันที ล่องหนและไม่สามารถถูกเลือกเป็นเป้าหมายได้ พร้อมเพิ่ม MSPD ขึ้น ^{3}@{1}%^{4} เป็นเวลา @{2} วินาที\nสถานะ ^{5}[ Camouflage ][ Hiding ]^{6} สิ้นสุดทันทีหลังสร้างหรือได้รับดาเมจรวม @{3} ครั้ง Cooldown สกิล: ^{7}@{4}^{8} วินาที
10110300190	Locks on to an enemy within @{1} m and quickly dashes @{2} m toward the target, dealing ATK * ^{1}@{5}%^{2} damage to up to @{4} enemies within a @{3} m radius of the target and ^{3}slowing them by @{6}%^{4} for @{7} sec.	ล็อกศัตรูในระยะ @{1} เมตร แล้วพุ่งเข้าหาเป้าหมายอย่างรวดเร็ว @{2} เมตร สร้างดาเมจเท่ากับ ATK * ^{1}@{5}%^{2} แก่ศัตรูสูงสุด @{4} ตัว ในรัศมี @{3} เมตรรอบเป้าหมาย และ ^{3}ลดความเร็วลง @{6}%^{4} เป็นเวลา @{7} วินาที
10110300191	Launches a shockwave, dealing ATK * ^{1}@{2}%^{2} damage to the designated ST enemy within @{1} m.	ปล่อยคลื่นกระแทก สร้างดาเมจเท่ากับ ATK * ^{1}@{2}%^{2} แก่ศัตรูแบบ Single Target ที่กำหนดในระยะ @{1} เมตร
10110300192	An upgraded Camouflage. Enters the ^{1}【Enhanced Camouflage】^{2} state for @{1} sec. upon use, increasing Movement Speed by ^{3}@{2}%^{4}. ^{5}【Enhanced Camouflage】^{6} ends after taking damage @{3} times or dealing damage. Skill Cooldown: ^{7}@{4}^{8} sec.	Camouflage รุ่นเสริมพลัง เมื่อใช้ เข้าสู่สถานะ ^{1}[ Enhanced Camouflage ]^{2} เป็นเวลา @{1} วินาที และเพิ่ม MSPD ขึ้น ^{3}@{2}%^{4} สถานะ ^{5}[ Enhanced Camouflage ]^{6} สิ้นสุดหลังได้รับดาเมจ @{3} ครั้งหรือสร้างดาเมจ Cooldown สกิล: ^{7}@{4}^{8} วินาที
10110300193	Deals ATK * ^{1}@{3}%^{2} damage to up to @{2} enemies within a @{1} m radius and inflicts ^{3}@{4} sec. of ^{4}【Blind】^{5}.	สร้างดาเมจเท่ากับ ATK * ^{1}@{3}%^{2} แก่ศัตรูสูงสุด @{2} ตัว ในรัศมี @{1} เมตร พร้อมผลนาน ^{3}@{4} วินาที: ^{4}[ Blind ]^{5}
10110300195	Charges to a point @{2} m in front of the designated ST enemy within @{1} m, dealing ATK * ^{1}@{3}%^{2} damage.	พุ่งไปยังจุดที่อยู่ด้านหน้าเป้าหมาย @{2} เมตร โดยเลือกศัตรูแบบ Single Target ที่กำหนดในระยะ @{1} เมตร สร้างดาเมจเท่ากับ ATK * ^{1}@{3}%^{2}
10110300196	Unleashes an evil spirit, dealing ATK * ^{1}@{3}%^{2} damage to up to @{2} enemies within a @{1} m radius.	ปลดปล่อยวิญญาณชั่วร้าย สร้างดาเมจเท่ากับ ATK * ^{1}@{3}%^{2} แก่ศัตรูสูงสุด @{2} ตัว ในรัศมี @{1} เมตร
10110300197	Rapidly attacks the target, dealing ATK * ^{1}@{2}%^{2} damage to the designated ST enemy within @{1} m.	โจมตีเป้าหมายอย่างรวดเร็ว สร้างดาเมจเท่ากับ ATK * ^{1}@{2}%^{2} แก่ศัตรูแบบ Single Target ที่กำหนดในระยะ @{1} เมตร
10110300198	Dives toward a designated location within @{1} m. Upon landing, deals ATK * ^{3}@{6}%^{4} damage to up to @{3} enemies within a @{2} m radius and ^{1}slows them by @{5}%^{2} for @{4} sec.	พุ่งลงสู่ตำแหน่งที่กำหนดในระยะ @{1} เมตร เมื่อลงถึงพื้น สร้างดาเมจเท่ากับ ATK * ^{3}@{6}%^{4} แก่ศัตรูสูงสุด @{3} ตัว ในรัศมี @{2} เมตร และ ^{1}ลดความเร็วลง @{5}%^{2} เป็นเวลา @{4} วินาที
10110300199	Swings the weapon to unleash an energy blade, dealing a total of ATK * ^{1}@{4}%^{2} damage over @{3} hits to up to @{2} enemies within a @{1} m radius.	แกว่งอาวุธปล่อยคมดาบพลังงาน สร้างดาเมจรวมเท่ากับ ATK * ^{1}@{4}%^{2} ในการโจมตี @{3} ครั้ง แก่ศัตรูสูงสุด @{2} ตัว ในรัศมี @{1} เมตร
10110300200	Charge Up a spiraling mass of energy, then hurl your Spear toward a locked target within @{1} meters. Charge to the Spear's location and Deals DMG equal to ^{1}@{4}%^{2} once to up to @{3} enemies along the @{2}-meter-wide throwing path.	ชาร์จกลุ่มพลังงานหมุนวนแล้วขว้างหอกไปยังเป้าหมายที่ล็อกไว้ในระยะ @{1} เมตร พุ่งไปยังตำแหน่งหอกและสร้างดาเมจเท่ากับ ^{1}@{4}%^{2} หนึ่งครั้ง แก่ศัตรูสูงสุด @{3} ตัว ตามเส้นทางขว้างที่กว้าง @{2} เมตร
10110300201	Summons a barrage of thrusting Spears, dealing ^{1}@{4}%^{2} damage to up to @{3} enemies in a @{1} m x @{2} m area in the designated direction.	เรียกหอกจำนวนมากแทงโจมตี สร้างดาเมจ ^{1}@{4}%^{2} แก่ศัตรูสูงสุด @{3} ตัว ในพื้นที่ @{1} เมตร x @{2} เมตร ตามทิศทางที่กำหนด
10110300202	Deals ATK * ^{3}@{4}%^{4} damage and ^{1}【Knockback】^{2} to up to @{3} enemies in a @{1} m * @{2} m area ahead, then moves @{5} m in that direction and deals ATK * ^{7}@{6}%^{8} damage and ^{5}【Knock-up】^{6} to the targets. Gains ^{9}【Control Immunity】^{10} while using the skill.	สร้างดาเมจเท่ากับ ATK * ^{3}@{4}%^{4} และทำให้ติด ^{1}[ Knockback ]^{2} แก่ศัตรูสูงสุด @{3} ตัว ในพื้นที่ @{1} เมตร * @{2} เมตรด้านหน้า จากนั้นเคลื่อนที่ไปในทิศทางนั้น @{5} เมตร สร้างดาเมจเท่ากับ ATK * ^{7}@{6}%^{8} และทำให้เป้าหมายติด ^{5}[ Knock-up ]^{6} ได้รับ ^{9}[ Control Immunity ]^{10} ระหว่างใช้สกิล
10110300203	Deals ATK * ^{1}@{4}%^{2} damage @{3} times to up to @{2} enemies within a @{1} m radius and ^{3}pulls them closer^{4}.	สร้างดาเมจเท่ากับ ATK * ^{1}@{4}%^{2} จำนวน @{3} ครั้ง แก่ศัตรูสูงสุด @{2} ตัว ในรัศมี @{1} เมตร และ ^{3}ดึงพวกมันเข้ามาใกล้^{4}
10110300204	Leaps high into the air and lands in a designated area within @{1} m, dealing a total of ATK * ^{1}@{4}%^{2} damage to up to @{3} enemies within @{2} m of the target area and inflicting ^{3}【Immobilize】^{4} for @{5} sec. Gains ^{5}【Control Immunity】^{6} while using the skill.	กระโดดขึ้นสูงแล้วลงสู่พื้นที่ที่กำหนดในระยะ @{1} เมตร สร้างดาเมจรวมเท่ากับ ATK * ^{1}@{4}%^{2} แก่ศัตรูสูงสุด @{3} ตัว ในระยะ @{2} เมตรรอบพื้นที่เป้าหมาย และทำให้ติดสถานะ ^{3}[ Immobilize ]^{4} เป็นเวลา @{5} วินาที ได้รับ ^{5}[ Control Immunity ]^{6} ระหว่างใช้สกิล
10110300206	Deals ATK * ^{1}@{4}%^{2} damage to up to @{3} enemies in a @{1} m * @{2} m area ahead.	สร้างดาเมจเท่ากับ ATK * ^{1}@{4}%^{2} แก่ศัตรูสูงสุด @{3} ตัว ในพื้นที่ @{1} เมตร * @{2} เมตรด้านหน้า
10110300207	Deals ATK * ^{1}@{5}%^{2} damage @{4} times to up to @{3} enemies in a target area with a @{2} m radius within @{1} m and inflicts ^{3}【Pull】^{4} once. Each hit has a @{6}% Chance to inflict ^{5}【Freeze】^{6}.	สร้างดาเมจเท่ากับ ATK * ^{1}@{5}%^{2} จำนวน @{4} ครั้ง แก่ศัตรูสูงสุด @{3} ตัว ในพื้นที่เป้าหมายรัศมี @{2} เมตร ซึ่งอยู่ในระยะ @{1} เมตร และทำให้ติด ^{3}[ Pull ]^{4} หนึ่งครั้ง แต่ละครั้งมีโอกาส @{6}% ทำให้ติดสถานะ ^{5}[ Freeze ]^{6}
10110300208	Summons a massive comet from space, dealing ATK * ^{1}@{4}%^{2} damage to up to @{3} enemies in a target area with a @{2} m radius within @{1} m.	เรียกดาวหางขนาดยักษ์จากอวกาศ สร้างดาเมจเท่ากับ ATK * ^{1}@{4}%^{2} แก่ศัตรูสูงสุด @{3} ตัว ในพื้นที่เป้าหมายรัศมี @{2} เมตร ซึ่งอยู่ในระยะ @{1} เมตร
10110300209	Unleashes the power of thunder, dealing ATK * ^{1}@{4}%^{2} damage to up to @{3} enemies in a target area with a @{2} m radius within @{1} m, with a @{5}% Chance to inflict ^{3}【Stun】^{4} for @{6} sec. ^{5}【Stun】^{6}: Interrupts movement, casting, and skills. Cannot move or use skills.	ปลดปล่อยพลังสายฟ้า สร้างดาเมจเท่ากับ ATK * ^{1}@{4}%^{2} แก่ศัตรูสูงสุด @{3} ตัว ในพื้นที่เป้าหมายรัศมี @{2} เมตร ซึ่งอยู่ในระยะ @{1} เมตร มีโอกาส @{5}% ทำให้ติดสถานะ ^{3}[ Stun ]^{4} เป็นเวลา @{6} วินาที ^{5}[ Stun ]^{6}: ขัดจังหวะการเคลื่อนที่ การร่าย และสกิล ไม่สามารถเคลื่อนที่หรือใช้สกิลได้
10110300210	Summons a meteor, dealing ATK * ^{1}@{4}%^{2} damage to up to @{3} enemies in a target area with a @{2} m radius within @{1} m, with a @{5}% Chance to inflict ^{3}【Burn】^{4}.	เรียกอุกกาบาต สร้างดาเมจเท่ากับ ATK * ^{1}@{4}%^{2} แก่ศัตรูสูงสุด @{3} ตัว ในพื้นที่เป้าหมายรัศมี @{2} เมตร ซึ่งอยู่ในระยะ @{1} เมตร มีโอกาส @{5}% ทำให้ติดสถานะ ^{3}[ Burn ]^{4}
10110300211	Unleashes flames to incinerate enemies, dealing ATK * ^{1}@{4}%^{2} damage to up to @{3} enemies in a target area with a @{2} m radius within @{1} m.	ปลดปล่อยเปลวไฟเผาศัตรู สร้างดาเมจเท่ากับ ATK * ^{1}@{4}%^{2} แก่ศัตรูสูงสุด @{3} ตัว ในพื้นที่เป้าหมายรัศมี @{2} เมตร ซึ่งอยู่ในระยะ @{1} เมตร
10110300212	Focuses earth-elemental energy, dealing ATK * ^{1}@{4}%^{2} damage to up to @{3} enemies in a target area with a @{2} m radius within @{1} m.	รวมพลังธาตุ Earth สร้างดาเมจเท่ากับ ATK * ^{1}@{4}%^{2} แก่ศัตรูสูงสุด @{3} ตัว ในพื้นที่เป้าหมายรัศมี @{2} เมตร ซึ่งอยู่ในระยะ @{1} เมตร
10110300213	Unleashes a Burst of frost, dealing ATK * ^{1}@{4}%^{2} damage to up to @{3} enemies in a target area with a @{2} m radius within @{1} m, with a @{5}% Chance to inflict ^{3}【Freeze】^{4} for @{6} sec.	ปลดปล่อยความเย็นฉับพลัน สร้างดาเมจเท่ากับ ATK * ^{1}@{4}%^{2} แก่ศัตรูสูงสุด @{3} ตัว ในพื้นที่เป้าหมายรัศมี @{2} เมตร ซึ่งอยู่ในระยะ @{1} เมตร มีโอกาส @{5}% ทำให้ติดสถานะ ^{3}[ Freeze ]^{4} เป็นเวลา @{6} วินาที
10110300214	Condenses ice and unleashes a freezing mist, dealing ATK * ^{1}@{4}%^{2} damage to up to @{3} enemies in a designated area with a @{2} m radius within @{1} m.	ควบแน่นน้ำแข็งและปล่อยหมอกเยือกแข็ง สร้างดาเมจเท่ากับ ATK * ^{1}@{4}%^{2} แก่ศัตรูสูงสุด @{3} ตัว ในพื้นที่ที่กำหนดรัศมี @{2} เมตร ซึ่งอยู่ในระยะ @{1} เมตร
10110300215	Causes the earth to erupt, dealing ATK * ^{1}@{4}%^{2} damage to up to @{3} enemies in a @{1} m * @{2} m area ahead, with a @{5}% Chance to inflict ^{3}【Petrify】^{4} for @{6} sec.	ทำให้พื้นดินปะทุ สร้างดาเมจเท่ากับ ATK * ^{1}@{4}%^{2} แก่ศัตรูสูงสุด @{3} ตัว ในพื้นที่ @{1} เมตร * @{2} เมตรด้านหน้า มีโอกาส @{5}% ทำให้ติดสถานะ ^{3}[ Petrify ]^{4} เป็นเวลา @{6} วินาที
10110300216	Intensifies gravity in a designated area with a @{2} m radius within @{1} m, dealing ATK * ^{1}@{4}%^{2} damage per wave to up to @{3} enemies. The gravity field lasts @{5} sec. and strikes a total of @{6} waves.	เพิ่มแรงโน้มถ่วงในพื้นที่ที่กำหนดรัศมี @{2} เมตร ซึ่งอยู่ในระยะ @{1} เมตร สร้างดาเมจต่อระลอกเท่ากับ ATK * ^{1}@{4}%^{2} แก่ศัตรูสูงสุด @{3} ตัว สนามแรงโน้มถ่วงคงอยู่ @{5} วินาที และโจมตีรวม @{6} ระลอก
10110300217	Attacks with psychic power, dealing ranged Magic Damage equal to Magic ATK * ^{1}@{3}%^{2} to an ST enemy within @{1} m and up to @{2} nearby enemies.	โจมตีด้วยพลังจิต สร้างดาเมจเวทระยะไกลเท่ากับ M.ATK * ^{1}@{3}%^{2} แก่ศัตรูแบบ Single Target ในระยะ @{1} เมตร และศัตรูใกล้เคียงสูงสุด @{2} ตัว
10110300218	Instantly calls down Divine Light, restoring ^{3}Life^{4} equal to own ATK * ^{1}@{3}%^{2} for self and up to @{2} allies within a @{1} m radius, prioritizing party Members.	เรียก Divine Light ลงมาทันที ฟื้นฟู ^{3}HP^{4} เท่ากับ ATK ของตนเอง * ^{1}@{3}%^{2} ให้ตัวเองและพันธมิตรสูงสุด @{2} คน ในรัศมี @{1} เมตร โดยให้ความสำคัญกับสมาชิกปาร์ตี้ก่อน
10110300219	Summons a @{2} × @{3} m rectangular magic field within @{1} m, restoring ^{1}@{5}%^{2} Life per sec. to up to @{4} allies within the area for @{6} sec.	เรียกพื้นที่เวทรูปสี่เหลี่ยมขนาด @{2} × @{3} เมตร ในระยะ @{1} เมตร ฟื้นฟู HP ^{1}@{5}%^{2} ทุกวินาทีให้พันธมิตรสูงสุด @{4} คนในพื้นที่ เป็นเวลา @{6} วินาที
10110300235	Places a Flasher at the caster's location. When an enemy enters within @{1} m of the Trap Hunter, it explodes, dealing ATK * ^{1}@{4}%^{2} damage to up to @{3} enemies within a @{2} m radius and inflicting ^{3}【Blind】^{4} for @{5} sec. The Trap Hunter lasts @{6} sec.	วาง Flasher ณ ตำแหน่งผู้ใช้ เมื่อศัตรูเข้ามาในระยะ @{1} เมตรของ Trap Hunter กับดักจะระเบิด สร้างดาเมจเท่ากับ ATK * ^{1}@{4}%^{2} แก่ศัตรูสูงสุด @{3} ตัว ในรัศมี @{2} เมตร และทำให้ติดสถานะ ^{3}[ Blind ]^{4} เป็นเวลา @{5} วินาที Trap Hunter คงอยู่ @{6} วินาที
10110300236	Unleashes a powerful attack against the designated ST enemy within @{1} m, dealing Neutral ranged Physical damage equal to Physical ATK * ^{1}@{3}%^{2} to the target and up to @{2} enemies in a line within range.	โจมตีอย่างรุนแรงใส่ศัตรูแบบ Single Target ที่กำหนดในระยะ @{1} เมตร สร้างดาเมจกายภาพระยะไกลไร้ธาตุเท่ากับ P.ATK * ^{1}@{3}%^{2} แก่เป้าหมายและศัตรูสูงสุด @{2} ตัวที่อยู่ในแนวเส้นตรงภายในระยะ
10110300237	Launches @{5} cannon rounds at @{2} designated enemies within @{1} m and up to @{4} other enemies within @{3} m of them, dealing a total of ATK * ^{1}@{6}%^{2} damage.	ยิงกระสุนปืนใหญ่ @{5} นัดใส่ศัตรูที่กำหนด @{2} ตัว ในระยะ @{1} เมตร และศัตรูอื่นสูงสุด @{4} ตัว ในระยะ @{3} เมตรรอบพวกมัน สร้างดาเมจรวมเท่ากับ ATK * ^{1}@{6}%^{2}
10110300238	Launches an impact cone at @{2} designated enemies within @{1} m and up to @{4} enemies within @{3} m of them, dealing ATK * ^{1}@{5}%^{2} damage, inflicting @{6} m of ^{3}【Knockback】^{4}, and inflicting ^{5}【Stun】^{6} for @{7} sec.	ยิงกรวยกระแทกใส่ศัตรูที่กำหนด @{2} ตัว ในระยะ @{1} เมตร และศัตรูสูงสุด @{4} ตัว ในระยะ @{3} เมตรรอบพวกมัน สร้างดาเมจเท่ากับ ATK * ^{1}@{5}%^{2} พร้อมผลักออก @{6} เมตรด้วย ^{3}[ Knockback ]^{4} และทำให้ติดสถานะ ^{5}[ Stun ]^{6} เป็นเวลา @{7} วินาที
10110300239	Uses a flamethrower on @{2} designated enemies within @{1} m, dealing a total of ATK * ^{1}@{7}%^{2} damage over @{6} hits to up to @{5} targets in a @{3} * @{4} m rectangular area ahead.	ใช้เครื่องพ่นไฟใส่ศัตรูที่กำหนด @{2} ตัว ในระยะ @{1} เมตร สร้างดาเมจรวมเท่ากับ ATK * ^{1}@{7}%^{2} ในการโจมตี @{6} ครั้ง แก่เป้าหมายสูงสุด @{5} ตัว ในพื้นที่สี่เหลี่ยมขนาด @{3} * @{4} เมตรด้านหน้า
10110300240	Launches a rocket punch, dealing ATK * ^{1}@{2}%^{2} damage to the designated ST enemy within @{1} m.	ยิงหมัดจรวด สร้างดาเมจเท่ากับ ATK * ^{1}@{2}%^{2} แก่ศัตรูแบบ Single Target ที่กำหนดในระยะ @{1} เมตร
10110300241	Can only be used while riding Madogear Pilot. Equips @{1} Vulcan cannons on each hand and fires at @{3} designated enemies up to @{2} m away, dealing ATK * ^{1}@{5}%^{2} damage @{4} times.	ใช้ได้เฉพาะขณะขี่ Madogear Pilot ติดตั้งปืน Vulcan @{1} กระบอกบนมือแต่ละข้าง และยิงใส่ศัตรูที่กำหนด @{3} ตัว ในระยะสูงสุด @{2} เมตร สร้างดาเมจเท่ากับ ATK * ^{1}@{5}%^{2} จำนวน @{4} ครั้ง
10110300242	Rapidly restores Life, recovering a total of ^{1}@{2}% of Max Life^{2} over @{1} sec.	ฟื้นฟู HP อย่างรวดเร็ว รวมเป็น ^{1}@{2}% ของ Max HP^{2} ภายใน @{1} วินาที
10110300243	Grants allies within a @{1} m radius ^{1}【Endure】^{2} and reduces their damage taken by @{2}% for @{3} sec.	พันธมิตรในรัศมี @{1} เมตรได้รับ ^{1}[ Endure ]^{2} และลดดาเมจที่ได้รับลง @{2}% เป็นเวลา @{3} วินาที
10110300244	Summons lightning within @{1} m, dealing ^{1}@{4}%^{2} damage per hit to up to @{3} enemies within a circular area with a @{2} m radius. Lasts @{5} sec. and attacks @{6} times per sec. Each hit has a @{7}% Chance to inflict ^{3}【Blind】^{4} for @{8} sec.	เรียกสายฟ้าในระยะ @{1} เมตร สร้างดาเมจ ^{1}@{4}%^{2} ต่อครั้ง แก่ศัตรูสูงสุด @{3} ตัว ในพื้นที่วงกลมรัศมี @{2} เมตร คงอยู่ @{5} วินาที และโจมตี @{6} ครั้งต่อวินาที แต่ละครั้งมีโอกาส @{7}% ทำให้ติดสถานะ ^{3}[ Blind ]^{4} เป็นเวลา @{8} วินาที
10110300245	Summons Storm Gust within @{1} m, dealing ^{1}@{4}%^{2} damage per hit to up to @{3} enemies within a circular area with a @{2} m radius. The magic field lasts @{5} sec. and attacks @{6} times per sec. Each hit has a @{7}% Chance to inflict ^{3}【Freeze】^{4} for @{8} sec.	เรียก Storm Gust ในระยะ @{1} เมตร สร้างดาเมจ ^{1}@{4}%^{2} ต่อครั้ง แก่ศัตรูสูงสุด @{3} ตัว ในพื้นที่วงกลมรัศมี @{2} เมตร พื้นที่เวทคงอยู่ @{5} วินาที และโจมตี @{6} ครั้งต่อวินาที แต่ละครั้งมีโอกาส @{7}% ทำให้ติดสถานะ ^{3}[ Freeze ]^{4} เป็นเวลา @{8} วินาที
10110300246	Temporarily increases Movement Speed by ^{1}@{3}%^{2} and FLEE by ^{3}@{4}^{4} for self and up to @{2} allies within @{1} m for @{5} sec.	เพิ่ม MSPD ชั่วคราวขึ้น ^{1}@{3}%^{2} และ Flee ขึ้น ^{3}@{4}^{4} ให้ตัวเองและพันธมิตรสูงสุด @{2} คน ในระยะ @{1} เมตร เป็นเวลา @{5} วินาที
10110300247	Grants Falcon's Eye to allies within @{1} m. Players with Falcon's Eye can see enemies in the ^{1}【Hiding】^{2} state within a @{2} m radius for @{3} sec.	มอบ Falcon's Eye ให้พันธมิตรในระยะ @{1} เมตร ผู้เล่นที่ได้รับ Falcon's Eye จะมองเห็นศัตรูในสถานะ ^{1}[ Hiding ]^{2} ในรัศมี @{2} เมตร เป็นเวลา @{3} วินาที
10110300248	Lock onto an allied target within @{1} meters, restoring Life equal to ^{1}@{2}%^{2} of ATK for you and the target	ล็อกเป้าหมายพันธมิตรในระยะ @{1} เมตร ฟื้นฟู HP เท่ากับ ^{1}@{2}%^{2} ของ ATK ให้คุณและเป้าหมาย
10110300249	Cast in a selected direction to perform Movement @{1} m away from the target and enter the ^{1}【Camouflage】【Hiding】^{2} states for @{2} sec.\nThe ^{3}【Camouflage】【Hiding】^{4} states end immediately after dealing or taking damage a total of @{3} times.	ใช้ในทิศทางที่เลือกเพื่อเคลื่อนที่ห่างจากเป้าหมาย @{1} เมตร และเข้าสู่สถานะ ^{1}[ Camouflage ][ Hiding ]^{2} เป็นเวลา @{2} วินาที\nสถานะ ^{3}[ Camouflage ][ Hiding ]^{4} สิ้นสุดทันทีหลังสร้างหรือได้รับดาเมจรวม @{3} ครั้ง
10110300251	Within @{1} meters of yourself, unleash a rain of arrows that deals ^{1}@{4}%^{2} damage to up to @{3} enemies within a @{2}-meter radius and ^{3}【Knocks Back】^{4} targets hit	ยิงห่าลูกธนูในระยะ @{1} เมตรจากตัวคุณ สร้างดาเมจ ^{1}@{4}%^{2} แก่ศัตรูสูงสุด @{3} ตัว ในรัศมี @{2} เมตร และทำให้เป้าหมายที่ถูกโจมตีติด ^{3}[ Knocks Back ]^{4}
10110300252	Spend Zeny to launch a powerful attack at a target within @{1} m, dealing ATK * ^{1}@{4}%^{2} damage to up to @{3} enemies within a @{2} m radius of the target.	ใช้ Zeny โจมตีอย่างรุนแรงใส่เป้าหมายในระยะ @{1} เมตร สร้างดาเมจเท่ากับ ATK * ^{1}@{4}%^{2} แก่ศัตรูสูงสุด @{3} ตัว ในรัศมี @{2} เมตรรอบเป้าหมาย
10110300253	Summons a Holy Spirit to Discover a single enemy in ^{1}【Hiding】^{2} within a @{1}-meter radius, removes their ^{3}【Hiding】^{4}, and deals damage equal to ATK * ^{5}@{2}%^{6}. The Holy Spirit lasts @{3} seconds and disappears after detecting a target.	เรียก Holy Spirit ตรวจจับศัตรูหนึ่งตัวในสถานะ ^{1}[ Hiding ]^{2} ในรัศมี @{1} เมตร ยกเลิก ^{3}[ Hiding ]^{4} ของศัตรูนั้นและสร้างดาเมจเท่ากับ ATK * ^{5}@{2}%^{6} Holy Spirit คงอยู่ @{3} วินาที และหายไปหลังตรวจพบเป้าหมาย
10110300256	Summons a storm that goes Flying in the designated direction, dealing ^{1}@{2}%^{2} damage to enemies within a @{1}-meter radius along its path and ^{3}【knocking them airborne】^{4}. After being ^{5}【knocked airborne】^{6}, four equipped items are randomly selected, each with a @{3}% Chance to ^{7}【drop】^{8}.	เรียกพายุพุ่งไปในทิศทางที่กำหนด สร้างดาเมจ ^{1}@{2}%^{2} แก่ศัตรูในรัศมี @{1} เมตรตามเส้นทาง และทำให้ติด ^{3}[ knocking them airborne ]^{4} หลังติด ^{5}[ knocked airborne ]^{6} จะสุ่มอุปกรณ์ที่สวมใส่สี่ชิ้น แต่ละชิ้นมีโอกาส @{3}% ^{7}[ drop ]^{8}
10110300257	Burrow in the specified direction, moving up to @{1} m. Skill cooldown: ^{1}@{2}^{2} sec.	มุดดินไปในทิศทางที่กำหนด เคลื่อนที่ได้สูงสุด @{1} เมตร Cooldown สกิล: ^{1}@{2}^{2} วินาที
10110300258	After use, Enlarge to @{1} times your size. During Magnification, restores ^{1}@{3}% ^{2} of your Max HP every @{2} seconds for @{4} seconds. Cooldown: ^{3}@{5}^{4} seconds.	หลังใช้ ขยายร่างเป็น @{1} เท่าของขนาดเดิม ระหว่างขยายร่าง ฟื้นฟู ^{1}@{3}% ^{2} ของ Max HP ทุก @{2} วินาที เป็นเวลา @{4} วินาที Cooldown: ^{3}@{5}^{4} วินาที
10110300259	Use Fire Release to deal Damage over Time to enemies in a @{1}° cone with a radius of @{2} m directly in front of you, dealing ^{1}@{3}%^{2} damage each time for @{4} sec.	ใช้ Fire Release สร้างดาเมจต่อเนื่องแก่ศัตรูในพื้นที่รูปกรวยมุม @{1}° รัศมี @{2} เมตรตรงด้านหน้า สร้างดาเมจ ^{1}@{3}%^{2} ต่อครั้ง เป็นเวลา @{4} วินาที
10110300260	Deals Damage over Time to enemies within a @{1}-meter radius, dealing ^{1}@{2}%^{2} damage per tick for @{3} seconds.	สร้างดาเมจต่อเนื่องแก่ศัตรูในรัศมี @{1} เมตร ดาเมจ ^{1}@{2}%^{2} ต่อครั้ง เป็นเวลา @{3} วินาที
10110300261	Summon a monsoon, dealing ^{1}@{2}%^{2} damage to enemies within a @{1}-meter radius and inflicting ^{3}【Knockback】^{4}.	เรียกพายุมรสุม สร้างดาเมจ ^{1}@{2}%^{2} แก่ศัตรูในรัศมี @{1} เมตร และทำให้ติด ^{3}[ Knockback ]^{4}
10110300263	Deals a total of ^{1}@{3}%^{2} damage to up to @{2} targets within a @{1}m radius over @{4} sec.	สร้างดาเมจรวม ^{1}@{3}%^{2} แก่เป้าหมายสูงสุด @{2} ตัว ในรัศมี @{1} เมตร ภายใน @{4} วินาที
10110300265	Creates a spherical area with a radius of @{1} meters at your location. Players within the area are immune to poison zone damage for @{2} seconds.	สร้างพื้นที่ทรงกลมรัศมี @{1} เมตร ณ ตำแหน่งของคุณ ผู้เล่นในพื้นที่ป้องกันดาเมจจากเขตพิษเป็นเวลา @{2} วินาที
10110300266	Creates a repulsion field with a radius of @{1} meters at your location. Enemies who enter the field are ejected. Lasts @{2} seconds.	สร้างสนามผลักรัศมี @{1} เมตร ณ ตำแหน่งของคุณ ศัตรูที่เข้าสู่สนามจะถูกผลักออก คงอยู่ @{2} วินาที
10110300267	Dive to a target location within @{1} meters, inflicting ^{1}【Knock Up】^{2} and dealing damage equal to ATK * ^{3}@{4}%^{4} to up to @{3} enemies within a @{2}-meter radius upon landing.	พุ่งลงสู่ตำแหน่งเป้าหมายในระยะ @{1} เมตร ทำให้ติด ^{1}[ Knock Up ]^{2} และสร้างดาเมจเท่ากับ ATK * ^{3}@{4}%^{4} แก่ศัตรูสูงสุด @{3} ตัว ในรัศมี @{2} เมตรเมื่อลงถึงพื้น
10110300268	Commands the Falcon to scan the area, revealing all enemies' locations on the Mini Map to you and your teammates for @{1} sec. Skill cooldown: ^{1}@{2}^{2} sec.	สั่ง Falcon สำรวจพื้นที่ เปิดเผยตำแหน่งศัตรูทั้งหมดบนแผนที่ย่อให้คุณและเพื่อนร่วมทีมเห็นเป็นเวลา @{1} วินาที Cooldown สกิล: ^{1}@{2}^{2} วินาที
10110300269	Summon a vending cart nearby where you can purchase Battle Royale items. The vending cart lasts for @{1} sec.	เรียกรถเข็นขายของมาใกล้ตัวเพื่อซื้อไอเท็ม Battle Royale รถเข็นคงอยู่ @{1} วินาที
10110300270	Summons an ambulance nearby that can be used to Revive teammates. The ambulance lasts for @{1} sec.	เรียกรถพยาบาลมาใกล้ตัวเพื่อใช้ชุบชีวิตเพื่อนร่วมทีม รถพยาบาลคงอยู่ @{1} วินาที
10110300275	Detach the Supply Cart. While detached, it continuously restores HP to allies within @{1} meters.	ปลด Supply Cart ออก ระหว่างที่ปลดอยู่ ฟื้นฟู HP ให้พันธมิตรในระยะ @{1} เมตรอย่างต่อเนื่อง
10110300276	Camouflages the Supply Cart for ${1} sec. Taking damage while camouflaged will not reveal it.	พราง Supply Cart เป็นเวลา ${1} วินาที การได้รับดาเมจระหว่างพรางตัวจะไม่เปิดเผยตัวมัน
10110300277	After use, the Supply Cart gains a shield equal to ${1}% of its maximum Life for ${2} seconds.	หลังใช้ Supply Cart ได้รับโล่เท่ากับ ${1}% ของ Max HP ของมัน เป็นเวลา ${2} วินาที
10110300278	Causes the Supply Cart to explode after ${1} seconds, dealing damage equal to up to ${3}% of each target's Life within a ${2}-meter radius.	ทำให้ Supply Cart ระเบิดหลังผ่านไป ${1} วินาที สร้างดาเมจสูงสุดเท่ากับ ${3}% ของ HP ของแต่ละเป้าหมายในรัศมี ${2} เมตร
10110300281	Unload the Supply Cart. While unloaded, it increases the DEF of allies within @{1} meters.	ปลด Supply Cart ออก ระหว่างที่ปลดอยู่ เพิ่ม DEF ให้พันธมิตรในระยะ @{1} เมตร
10110300282	Charge forward with the supply cart, knocking back and Stunning enemies along the way.	พุ่งไปข้างหน้าพร้อม Supply Cart ผลักศัตรูในเส้นทางและทำให้ติด Stun
10110300284	Causes the Supply Cart to explode after ${1} seconds, dealing damage equal to ${3}% of Life to enemies within a ${2}-meter radius.	ทำให้ Supply Cart ระเบิดหลังผ่านไป ${1} วินาที สร้างดาเมจเท่ากับ ${3}% ของ HP แก่ศัตรูในรัศมี ${2} เมตร
10110300288	Unleash Soul Buster and Enter the ^{1}^{2}【Intense Telekinesis】^{3}^{4} state for ${1} seconds. During this time, your Ghost Damage increases by ^{5}${2}%^{6}, Soul Expansion's Cooldown is reduced by ${3}%, and Psychokinetic Astral Body acquisition efficiency increases by ${4}%.	ปลดปล่อย Soul Buster และเข้าสู่สถานะ ^{1}^{2}[ Intense Telekinesis ]^{3}^{4} เป็นเวลา ${1} วินาที ระหว่างนี้ ดาเมจธาตุ Ghost ของคุณเพิ่มขึ้น ^{5}${2}%^{6} Cooldown ของ Soul Expansion ลดลง ${3}% และประสิทธิภาพการได้รับ Psychokinetic Astral Body เพิ่มขึ้น ${4}%
10110300289	Increases Ghost Damage by ^{1}${1}%^{2}. Ghost Damage dealt to targets with Neutral armor is no longer reduced due to elemental disadvantage.	เพิ่มดาเมจธาตุ Ghost ขึ้น ^{1}${1}%^{2} ดาเมจธาตุ Ghost ที่ทำต่อเป้าหมายสวมเกราะ Neutral จะไม่ลดลงจากการเสียเปรียบธาตุอีกต่อไป
10110300292	Summons a radiant magic circle, granting allied units within ${1} meters Endure and immunity to crowd control, knock-up, and knockback effects for ${2} seconds.	เรียกวงเวทแสง มอบ Endure และป้องกันผลควบคุม การกระเด็นขึ้น และการผลักให้พันธมิตรในระยะ ${1} เมตร เป็นเวลา ${2} วินาที
10110300293	Summon a dark magic circle that inflicts ${2}% Slow, Silence, and Disarm on enemies within ${1} meters for ${3} seconds.	เรียกวงเวทมืด ทำให้ติด Slow ${2}%, Silence และ Disarm แก่ศัตรูในระยะ ${1} เมตร เป็นเวลา ${3} วินาที
10110300294	Summons a Gale Magic Circle, granting allied units within ${1}m increased Move Speed and Attack Speed and reduced cooldowns for ${2} sec.	เรียก Gale Magic Circle เพิ่ม MSPD กับ ASPD และลด Cooldown ให้พันธมิตรในระยะ ${1} เมตร เป็นเวลา ${2} วินาที
10110300295	Summon an Earthshatter Formation, inflicting Stun on enemies within ${1}m for ${2}s.	เรียก Earthshatter Formation ทำให้ศัตรูในระยะ ${1} เมตรติด Stun เป็นเวลา ${2} วินาที
10110300298	Controls the target for ${1}s, dealing damage equal to ${2}% of its Max Life each second. If the target dies during this time, restores ${3}% of the caster's Max Life.	ควบคุมเป้าหมายเป็นเวลา ${1} วินาที สร้างดาเมจเท่ากับ ${2}% ของ Max HP ของเป้าหมายทุกวินาที หากเป้าหมายตายในระหว่างนี้ ฟื้นฟู ${3}% ของ Max HP ของผู้ใช้
10110300299	Deals damage equal to ${2}% of Max Life to targets above ${1}% Life; instantly kills targets below ${3}% Life and increases the caster's Physical ATK and Magic ATK by ${4}% for ${5}s	สำหรับดาเมจเท่ากับ ${2}% ของ Max HP: สร้างแก่เป้าหมายที่มี HP สูงกว่า ${1}%; สังหารเป้าหมายที่มี HP ต่ำกว่า ${3}% ทันที และเพิ่ม P.ATK กับ M.ATK ของผู้ใช้ขึ้น ${4}% เป็นเวลา ${5} วินาที
10110300300	Grants Endure, making you immune to crowd control, knock-up, and knockback for ${1} seconds.	ได้รับ Endure ป้องกันผลควบคุม การกระเด็นขึ้น และการผลักเป็นเวลา ${1} วินาที
10110300302	The dragon summons drakes in the outer area and drakes carrying energy orbs toward the boss in the inner area. If an inner-area drake reaches its destination, the boss gains a stack of a damage-increasing buff.	มังกรเรียกมังกรเล็กในพื้นที่ด้านนอก และเรียกมังกรเล็กที่แบกลูกแก้วพลังงานให้เข้าหาบอสในพื้นที่ด้านใน หากมังกรเล็กด้านในไปถึงจุดหมาย บอสจะได้รับบัฟเพิ่มดาเมจหนึ่ง stacks
10110300303	The dragon takes flight and prepares to bombard both sides of the arena with fiery breath.	มังกรบินขึ้นและเตรียมพ่นไฟถล่มทั้งสองด้านของสนามต่อสู้
10110300304	The dragon leaps to the edge of the arena and summons a wall of fire that moves forward.	มังกรกระโดดไปขอบสนามต่อสู้และเรียกกำแพงไฟที่เคลื่อนที่ไปข้างหน้า
10110300305	The dragon breathes fire across the full-screen. Players who aren't behind an intact shield will be killed instantly.	มังกรพ่นไฟทั่วทั้งหน้าจอ ผู้เล่นที่ไม่ได้หลบหลังกำบังที่ยังสมบูรณ์จะถูกสังหารทันที
10110300334	After a @{1}-second warning, damages players within a circular area with a five-meter radius around itself and applies 【Stomach Acid Corrosion】	หลังแจ้งเตือน @{1} วินาที สร้างดาเมจแก่ผู้เล่นในพื้นที่วงกลมรัศมีห้าเมตรรอบตัว และทำให้ติด [ Stomach Acid Corrosion ]
10110300335	Sprays its stomach acid, applying a high-damage DoT to all players within @{1} meters for @{2}s. Contact with 【Unidentified Digestive Matter】 removes this buff	พ่นกรดในกระเพาะ ทำให้ผู้เล่นทั้งหมดในระยะ @{1} เมตรได้รับดาเมจต่อเนื่องรุนแรงเป็นเวลา @{2} วินาที การสัมผัส [ Unidentified Digestive Matter ] จะยกเลิกบัฟนี้
10110300336	Creates @{1} rectangular AoEs measuring @{2} by @{3}, centered on itself, damaging enemies within and applying 【Stomach Acid Corrosion】	สร้างพื้นที่โจมตีรูปสี่เหลี่ยม @{1} พื้นที่ ขนาด @{2} คูณ @{3} โดยมีตัวเองเป็นศูนย์กลาง สร้างดาเมจแก่ศัตรูในพื้นที่และทำให้ติด [ Stomach Acid Corrosion ]
10110300338	Enrages itself and all Thief Bugs, increasing their Attack Speed and Movement Speed	ทำให้ตัวเองและ Thief Bug ทั้งหมดคลุ้มคลั่ง เพิ่ม ASPD และ MSPD
10110300348	After use, creates a magnetic field in the selected Guild Battlefield that continuously affects every player's Move.	หลังใช้ สร้างสนามแม่เหล็กใน Guild Battlefield ที่เลือก ส่งผลต่อการเคลื่อนที่ของผู้เล่นทุกคนอย่างต่อเนื่อง
10110300349	After use, creates a Chain in the selected Guild Battlefield, inflicting Movement Disabled on all players.	หลังใช้ สร้างโซ่ใน Guild Battlefield ที่เลือก ทำให้ผู้เล่นทุกคนเคลื่อนที่ไม่ได้
10110300350	After use, creates a Nightmare Mystery Box in the selected Guild Battlefield. All players Cannot use skill.	หลังใช้ สร้าง Nightmare Mystery Box ใน Guild Battlefield ที่เลือก ทำให้ผู้เล่นทุกคนใช้สกิลไม่ได้
10110300351	After use, creates squid ink in the selected Guild Battlefield, obstructing every player's vision.	หลังใช้ สร้างหมึกปลาหมึกใน Guild Battlefield ที่เลือก บดบังการมองเห็นของผู้เล่นทุกคน
10110300354	After use, creates Sticky Mucus in the selected Guild Battlefield. Reduces MSPD. for all players.	หลังใช้ สร้าง Sticky Mucus ใน Guild Battlefield ที่เลือก ลด MSPD ของผู้เล่นทุกคน
10110300355	After use, generates multiple compressed shockwaves in the selected Guild Battlefield, inflicting Knock-Up on all players multiple times.	หลังใช้ สร้างคลื่นกระแทกอัดแน่นหลายระลอกใน Guild Battlefield ที่เลือก ทำให้ผู้เล่นทุกคนกระเด็นขึ้นหลายครั้ง
10110300356	After use, creates a talisman in the current Guild Battlefield, granting Endure to all players.	หลังใช้ สร้างเครื่องรางใน Guild Battlefield ปัจจุบัน มอบ Endure ให้ผู้เล่นทุกคน
10800100237	^{1}^{2}[Basic Attack]^{3}^{4}'s percentage damage multiplier increases by ${1}%, and its fixed damage increases by ${2}.	ตัวคูณดาเมจแบบเปอร์เซ็นต์ของ ^{1}^{2}[ Basic Attack ]^{3}^{4} เพิ่มขึ้น ${1}% และดาเมจส่วนค่าคงที่เพิ่มขึ้น ${2}
10800100240	^{1}^{2}[Sonic Blow]^{3}^{4}'s percentage damage multiplier increases by ${1}%, and its fixed damage increases by ${2}.	ตัวคูณดาเมจแบบเปอร์เซ็นต์ของ ^{1}^{2}[ Sonic Blow ]^{3}^{4} เพิ่มขึ้น ${1}% และดาเมจส่วนค่าคงที่เพิ่มขึ้น ${2}
10800100243	^{1}^{2}[Envenomed Blade]^{3}^{4}'s percentage damage multiplier increases by ${1}%, and its fixed damage increases by ${2}.	ตัวคูณดาเมจแบบเปอร์เซ็นต์ของ ^{1}^{2}[ Envenomed Blade ]^{3}^{4} เพิ่มขึ้น ${1}% และดาเมจส่วนค่าคงที่เพิ่มขึ้น ${2}
10800100246	^{1}^{2}[Grimtooth]^{3}^{4}'s percentage damage multiplier increases by ${1}%, and its fixed damage increases by ${2}.	ตัวคูณดาเมจแบบเปอร์เซ็นต์ของ ^{1}^{2}[ Grimtooth ]^{3}^{4} เพิ่มขึ้น ${1}% และดาเมจส่วนค่าคงที่เพิ่มขึ้น ${2}
10110300220	Summons a @{2} × @{3} m rectangular magic field within @{1} m, restoring ^{1}@{5}%^{2} Life per sec. to up to @{4} allies within the area for @{6} sec.	เรียกพื้นที่เวทรูปสี่เหลี่ยมขนาด @{2} × @{3} เมตร ในระยะ @{1} เมตร ฟื้นฟู HP ^{1}@{5}%^{2} ทุกวินาทีให้พันธมิตรสูงสุด @{4} คนในพื้นที่ เป็นเวลา @{6} วินาที
10220300281	Poring Counterattack	การสวนกลับของ Poring
10220300282	Ball Catch Buff	บัฟรับลูกบอล
10220300283	The vehicle restores a total of ${2}% HP over ${1} sec. Destroyed sections cannot be restored.	พาหนะฟื้นฟู HP รวม ${2}% ภายใน ${1} วินาที ส่วนที่ถูกทำลายไม่สามารถฟื้นฟูได้
10220300285	The player moves at @{1} m/sec while transporting valuable Military Supplies. Be sure to move slowly.	ผู้เล่นเคลื่อนที่ด้วยความเร็ว @{1} เมตรต่อวินาทีขณะขนส่ง Military Supplies มูลค่าสูง โปรดเคลื่อนที่อย่างช้าๆ
10220300286	Immune to damage and debuffs.	ป้องกันดาเมจและดีบัฟ
10220300287	Reduces damage taken by @{1}% after entering a relay station.	ลดดาเมจที่ได้รับลง @{1}% หลังเข้าสู่สถานีส่งต่อ
10220300288	【Camouflage】 status. Cannot be seen or targeted.	สถานะ [ Camouflage ] ไม่สามารถถูกมองเห็นหรือเลือกเป็นเป้าหมายได้
10220300289	Vehicle shield activated, granting a shield equal to ${1}% of the vehicle's HP for ${2} sec.	เปิดใช้โล่พาหนะ ได้รับโล่เท่ากับ ${1}% ของ HP พาหนะ เป็นเวลา ${2} วินาที
10220300290	Cannot use skill or move, and Physical and Magic DEF are reduced by ${1}. Removed when hit, then inflicts ^{1}Freeze^{2}.	ไม่สามารถใช้สกิลหรือเคลื่อนที่ได้ และ P.DEF กับ M.DEF ลดลง ${1} ยกเลิกเมื่อถูกโจมตี จากนั้นทำให้ติด ^{1}Freeze^{2}
10220300291	Cannot use skill or move, and Physical and Magic DEF are reduced by ${1}. Removed when hit, then inflicts ^{1}Slow^{2}.	ไม่สามารถใช้สกิลหรือเคลื่อนที่ได้ และ P.DEF กับ M.DEF ลดลง ${1} ยกเลิกเมื่อถูกโจมตี จากนั้นทำให้ติด ^{1}Slow^{2}
10220300292	Cannot use skill or move. Removed when hit.	ไม่สามารถใช้สกิลหรือเคลื่อนที่ได้ ยกเลิกเมื่อถูกโจมตี
10220300293	Cannot use skill	ไม่สามารถใช้สกิลได้
10220300294	Cannot move	ไม่สามารถเคลื่อนที่ได้
10220300295	Reduces field of view.	ลดขอบเขตการมองเห็น
10220300296	Reduces Movement Speed by @{1}% and CRIT, Attack Speed, and Cast Speed by @{2}%.	ลด MSPD ลง @{1}% และลด CRIT, ASPD กับ Cast Speed ลง @{2}%
10220300297	Reduces Movement Speed by @{1}% and Physical DEF, Magic DEF, and CRIT RES by @{2}%.	ลด MSPD ลง @{1}% และลด P.DEF, M.DEF กับ CRIT RES ลง @{2}%
10220300298	Every @{1} sec, loses HP equal to @{2}% of the applier's Neutral Physical Damage.	ทุก @{1} วินาที สูญเสีย HP เท่ากับ @{2}% ของ P.DMG ไร้ธาตุของผู้สร้างสถานะ
10220300299	Every @{1} sec, loses HP equal to @{2}% of the applier's Poison Physical Damage.	ทุก @{1} วินาที สูญเสีย HP เท่ากับ @{2}% ของ P.DMG ธาตุ Poison ของผู้สร้างสถานะ
10220300300	Immune to Knockback, Launch, Stun, Freeze, Petrify, Silence, Immobilize, and Blind.	ป้องกัน Knockback, Launch, Stun, Freeze, Petrify, Silence, Immobilize และ Blind
10220300301	Immune to all debuffs.	ป้องกันดีบัฟทั้งหมด
10220300302	Immune to Knockback, Launch, Stun, Freeze, Petrify, Silence, Immobilize, Blind, and Slow.	ป้องกัน Knockback, Launch, Stun, Freeze, Petrify, Silence, Immobilize, Blind และ Slow
10220300312	Loses HP equal to @{1}% of the applier's Fire Magic Damage.	สูญเสีย HP เท่ากับ @{1}% ของ M.DMG ธาตุ Fire ของผู้สร้างสถานะ
10220300313	Cannot use skill or move, and Physical and Magic DEF are reduced by @{1}%. Removed when hit, then inflicts Freeze.	ไม่สามารถใช้สกิลหรือเคลื่อนที่ได้ และ P.DEF กับ M.DEF ลดลง @{1}% ยกเลิกเมื่อถูกโจมตี จากนั้นทำให้ติด Freeze
10220300314	Cannot use skill or move, and Physical and Magic DEF are reduced by @{1}%. Removed when hit, then inflicts Slow.	ไม่สามารถใช้สกิลหรือเคลื่อนที่ได้ และ P.DEF กับ M.DEF ลดลง @{1}% ยกเลิกเมื่อถูกโจมตี จากนั้นทำให้ติด Slow
10220300315	Immune to Knockback and Launch.	ป้องกัน Knockback และ Launch
10220300316	Dispels Lv. @{1} control effects.	ล้างผลควบคุม Lv. @{1}
10220300317	Life will not fall to @{1}.	HP จะไม่ลดลงถึง @{1}
10220300318	Items cannot be used while in this state.	ไม่สามารถใช้ไอเท็มได้ขณะอยู่ในสถานะนี้
10220300319	Healing from items has no effect while in this state.	การฮีลจากไอเท็มไม่มีผลขณะอยู่ในสถานะนี้
10220300320	Element advantages and disadvantages do not affect you.	ความได้เปรียบและเสียเปรียบธาตุไม่มีผลต่อคุณ
10220300321	Each Member gains a different Class Resonance effect: damage dealt to Bosses +@{1}%, damage taken from Bosses -@{2}%.	สมาชิกแต่ละคนได้รับผล Class Resonance ที่ต่างกัน: ดาเมจที่ทำต่อบอส +@{1}%, ดาเมจที่ได้รับจากบอส -@{2}%
10220300322	The party gains the Class Resonance effect.	ปาร์ตี้ได้รับผล Class Resonance
10220300323	Both sides gain a same-Guild Member bonus: damage dealt to Bosses +@{1}%, damage taken from Bosses -@{2}%.	ทั้งสองฝ่ายได้รับโบนัสสมาชิกกิลด์เดียวกัน: ดาเมจที่ทำต่อบอส +@{1}%, ดาเมจที่ได้รับจากบอส -@{2}%
10220300324	Gain Divine Blessing: Increases Damage Increase by @{1}% and DMG Reduction by @{2}%.	ได้รับ Divine Blessing: โบนัสดาเมจเพิ่มขึ้น @{1}% และการลดดาเมจเพิ่มขึ้น @{2}%
10220300325	Gain Divine Blessing: Increases Damage Increase by @{1}% and DMG Reduction by @{2}%, and increases the number of party Revives available in the Dungeon by @{3}.	ได้รับ Divine Blessing: โบนัสดาเมจเพิ่มขึ้น @{1}% และการลดดาเมจเพิ่มขึ้น @{2}% พร้อมเพิ่มจำนวนครั้งที่ปาร์ตี้ชุบชีวิตได้ในดันเจี้ยนอีก @{3}
10220300326	A close friend is in the party. Life +@{1}%, Physical Attack +@{2}%, Magic Attack +@{3}%.	มีเพื่อนสนิทอยู่ในปาร์ตี้ HP +@{1}%, P.ATK +@{2}%, M.ATK +@{3}%
10220300327	Immune to damage.	ป้องกันดาเมจ
10220300328	Immune to damage for up to @{1} sec. Ends upon using a skill.	ป้องกันดาเมจเป็นเวลาสูงสุด @{1} วินาที สิ้นสุดเมื่อใช้สกิล
10220300329	Morale is high, granting Increase Attack and DEF by @{1}%.	ขวัญกำลังใจสูง เพิ่ม ATK และ DEF ขึ้น @{1}%
10220300330	Blessed by the power of wind, increasing Attack Speed and Movement Speed by @{1}% for @{2} sec.	ได้รับพรจากพลังลม เพิ่ม ASPD และ MSPD ขึ้น @{1}% เป็นเวลา @{2} วินาที
10220300331	Protected by the power of light, granting Endure and immunity to control effects and Knockback for @{1} sec.	ได้รับการคุ้มครองจากพลังแสง มอบ Endure และป้องกันผลควบคุมกับ Knockback เป็นเวลา @{1} วินาที
10220300332	Afflicted by the Curse of darkness, reducing Movement Speed by @{1}% and inflicting Silence and Disarm for @{2} sec.	ถูกสาปด้วยความมืด ลด MSPD ลง @{1}% และทำให้ติด Silence กับ Disarm เป็นเวลา @{2} วินาที
10220300333	Continually weakens, causing damage taken to increase over time.	อ่อนแอลงอย่างต่อเนื่อง ทำให้ดาเมจที่ได้รับเพิ่มขึ้นตามเวลา
10220300334	Takes Damage over Time.	ได้รับดาเมจต่อเนื่อง
10220300336	Protected by the Revive point and immune to damage.	ได้รับการคุ้มครองจากจุดชุบชีวิตและป้องกันดาเมจ
10220300337	Immune to control effects, knock-up, and knockback	ป้องกันผลควบคุม การกระเด็นขึ้น และการผลัก
10220300338	Carrying a cannonball that can be loaded into a repaired Turret	กำลังแบกกระสุนปืนใหญ่ที่สามารถบรรจุในป้อมปืนที่ซ่อมแล้วได้
10220300339	Fafnir takes flight and becomes immune to Basic Attacks	Fafnir บินขึ้นและป้องกันการโจมตีปกติ
10220300340	Awakens the power of dragonblood, becoming immune to targeting and damage	ปลุกพลังเลือดมังกร ทำให้ไม่สามารถถูกเลือกเป็นเป้าหมายได้และป้องกันดาเมจ
10220300341	Carrying one of Fafnir's scales, which can be used to build a Dragon Scale Shield Wall	กำลังแบกเกล็ดของ Fafnir ซึ่งใช้สร้าง Dragon Scale Shield Wall ได้
10220300342	Fafnir's damage increases by @{1}%	ดาเมจของ Fafnir เพิ่มขึ้น @{1}%
10220300343	Cannot attack and takes increased damage	ไม่สามารถโจมตีได้และได้รับดาเมจเพิ่มขึ้น
10220300344	Physical Damage Reduction, Magic Vulnerability	ลด P.DMG ที่ได้รับ แต่ได้รับ M.DMG เพิ่มขึ้น
10220300345	Magic Damage Reduction, Physical Vulnerability	ลด M.DMG ที่ได้รับ แต่ได้รับ P.DMG เพิ่มขึ้น
10220300346	Movement Speed Increase	MSPD เพิ่มขึ้น
10220300347	Defense Increase	DEF เพิ่มขึ้น
10220300349	Become a Madogear Pilot, greatly increasing Movement Speed and continuously spraying flames in a circular area to deal damage	แปลงเป็น Madogear Pilot เพิ่ม MSPD อย่างมาก และพ่นไฟอย่างต่อเนื่องในพื้นที่วงกลมเพื่อสร้างดาเมจ
10220300350	Skills cost no SP, skill cooldowns and CT are reduced, and Attack Speed is increased	สกิลไม่ใช้ SP ลด Cooldown และ CT ของสกิล พร้อมเพิ่ม ASPD
10220300351	Deals damage to nearby enemies every @{1} sec. and Freezes them for @{2} sec.	สร้างดาเมจแก่ศัตรูใกล้เคียงทุก @{1} วินาที และทำให้ติด Freeze เป็นเวลา @{2} วินาที
10220300352	Surrounded by lightning, shocking up to @{1} nearby enemies every second to deal damage.	สายฟ้าล้อมรอบตัว ช็อตศัตรูใกล้เคียงสูงสุด @{1} ตัวทุกวินาทีเพื่อสร้างดาเมจ
10220300353	Frozen in ice. Cannot move or attack	ถูกแช่แข็ง ไม่สามารถเคลื่อนที่หรือโจมตีได้
10220300354	Greatly increases Movement Speed for @{1} sec.	เพิ่ม MSPD อย่างมากเป็นเวลา @{1} วินาที
10220300355	Greatly increases Defense for @{1} sec.	เพิ่ม DEF อย่างมากเป็นเวลา @{1} วินาที
10220300356	Periodically takes AoE lightning damage	ได้รับดาเมจสายฟ้าแบบพื้นที่เป็นระยะ
10220300357	Carrying explosives that damage all nearby allies, enemies, and the carrier when the countdown ends	กำลังแบกวัตถุระเบิดที่จะสร้างดาเมจแก่พันธมิตร ศัตรู และผู้แบกทั้งหมดที่อยู่ใกล้เมื่อการนับถอยหลังสิ้นสุด
10220300358	Extremely high Physical Defense, but highly vulnerable to Magic attacks	P.DEF สูงมาก แต่แพ้ทางการโจมตีเวทอย่างรุนแรง
10220300359	Extremely high Magic Defense, but highly vulnerable to Physical attacks	M.DEF สูงมาก แต่แพ้ทางการโจมตีกายภาพอย่างรุนแรง
10220300360	Does not actively attack players. Prioritizes charging toward the center of the island to attack the seal	ไม่โจมตีผู้เล่นก่อน มุ่งพุ่งไปกลางเกาะเพื่อโจมตีผนึกเป็นลำดับแรก
10220300361	Upon death, Splits into @{1} monsters	เมื่อตาย แยกออกเป็นมอนสเตอร์ @{1} ตัว
10220300362	Periodically restores the Life of nearby monsters	ฟื้นฟู HP ให้มอนสเตอร์ใกล้เคียงเป็นระยะ
10220300363	Targets and attacks the nearest player within range	เลือกและโจมตีผู้เล่นที่อยู่ใกล้ที่สุดภายในระยะ
10220300364	Upon death, explodes and deals damage to nearby enemies	เมื่อตาย ระเบิดและสร้างดาเมจแก่ศัตรูใกล้เคียง
10220300365	A rare and powerful monster	มอนสเตอร์หายากที่ทรงพลัง
10220300366	Immune to crowd control and knockback	ป้องกันผลควบคุมและการผลัก
10220300373	Periodically takes damage	ได้รับดาเมจเป็นระยะ
10220300374	Enters a frenzy and gains extremely high ATK	คลุ้มคลั่งและได้รับ ATK สูงมาก
10220300375	You are continuously being pulled inward!	คุณกำลังถูกดึงเข้าด้านในอย่างต่อเนื่อง!
10220300378	Decreases Cooldown Reduction by @{1}%.	ลดการลด Cooldown ลง @{1}%
10220300379	Increases CRIT Rate by @{1}% and CRIT DMG by @{2}%.	เพิ่ม CRIT ขึ้น @{1}% และ CRIT DMG ขึ้น @{2}%
10220300382	Cannot move while affected by Chain Bind.	ไม่สามารถเคลื่อนที่ได้ขณะติด Chain Bind
10220300383	Cannot use skill while under the Nightmare effect.	ไม่สามารถใช้สกิลได้ขณะอยู่ภายใต้ผล Nightmare
10220300384	Your vision is currently impaired by squid ink.	หมึกปลาหมึกกำลังบดบังการมองเห็นของคุณ
10220300386	Currently Berserk. Deals DMG is increased.	กำลังอยู่ในสถานะ Berserk ดาเมจที่ทำได้เพิ่มขึ้น
10220300387	Currently affected by Sticky Mucus, reducing MSPD.	กำลังได้รับผล Sticky Mucus ซึ่งลด MSPD
10220300388	While Brass Blessing is active, gain Endure.	ขณะ Brass Blessing ทำงาน ได้รับ Endure
10220300394	Cannot move or use skills	ไม่สามารถเคลื่อนที่หรือใช้สกิลได้
10220300395	You are within the Sonic Barrier and will not take damage from Jellyfish Requiem.	คุณอยู่ใน Sonic Barrier และจะไม่ได้รับดาเมจจาก Jellyfish Requiem
10220300396	You are continuously being pushed outward!	คุณกำลังถูกผลักออกด้านนอกอย่างต่อเนื่อง!
10220300397	Gain Accelerate and continuously deal DMG to nearby characters, inflicting Slow.	ได้รับ Accelerate และสร้างดาเมจแก่ตัวละครใกล้เคียงอย่างต่อเนื่อง พร้อมทำให้ติด Slow
10220300398	Gains DMG Reduction and continuously Deals DMG to nearby targets, inflicting Burn	ได้รับการลดดาเมจ และสร้างดาเมจแก่เป้าหมายใกล้เคียงอย่างต่อเนื่อง พร้อมทำให้ติด Burn
10220300399	Continuously restores HP to nearby allies	ฟื้นฟู HP ให้พันธมิตรใกล้เคียงอย่างต่อเนื่อง
10220300400	Defense slightly increased	DEF เพิ่มขึ้นเล็กน้อย
10220300401	Attack slightly increased	ATK เพิ่มขึ้นเล็กน้อย
10220300406	When taking fatal damage, inflicts Knockback on nearby players and restores @{1}% HP. This effect is removed after triggering @{2} times.	เมื่อได้รับดาเมจถึงตาย ทำให้ผู้เล่นใกล้เคียงติด Knockback และฟื้นฟู HP @{1}% ผลนี้ถูกยกเลิกหลังเกิดผล @{2} ครั้ง
10220300407	Damage Increase: @{1}%. Damage taken increases by @{2}% every second.	การเพิ่มดาเมจ: @{1}% ดาเมจที่ได้รับเพิ่มขึ้น @{2}% ทุกวินาที
10220300408	Each stack increases damage taken by @{1}%, up to @{2} stacks.	แต่ละ stacks เพิ่มดาเมจที่ได้รับขึ้น @{1}% สูงสุด @{2} stacks
10220300410	Protects nearby allies, continuously restoring their Life.	คุ้มครองพันธมิตรใกล้เคียงและฟื้นฟู HP ให้พวกเขาอย่างต่อเนื่อง
10220300411	Fight near an allied Madogear Pilot to gain its protection and continuously restore Life.	ต่อสู้ใกล้ Madogear Pilot ฝ่ายเดียวกันเพื่อรับการคุ้มครองและฟื้นฟู HP อย่างต่อเนื่อง
10220300412	Being hit by an allied Holy Bullet continuously restores Life.	เมื่อถูก Holy Bullet ของฝ่ายเดียวกัน จะฟื้นฟู HP อย่างต่อเนื่อง
10220300413	Inflicts Stun for @{2} sec. every @{1} sec.	ทำให้ติด Stun เป็นเวลา @{2} วินาที ทุก @{1} วินาที
10220300414	Loses HP equal to a certain amount of Fire Magic damage every @{1} seconds.	สูญเสีย HP เท่ากับดาเมจเวทธาตุ Fire จำนวนหนึ่งทุก @{1} วินาที
10220300415	Immune to damage and debuffs. This effect ends upon attacking another target.	ป้องกันดาเมจและดีบัฟ ผลนี้สิ้นสุดเมื่อโจมตีเป้าหมายอื่น
10220300417	The Madogear Pilot is being repaired.	Madogear Pilot กำลังถูกซ่อมแซม
10220300418	Damage Reduction.	การลดดาเมจ
10220300419	Damage Reduction and Damage Increase.	การลดดาเมจและการเพิ่มดาเมจ
10220300420	Immune to damage and debuffs	ป้องกันดาเมจและดีบัฟ
10220300421	Movement Speed increased by @{1}%. Stacks up to @{2} times.	MSPD เพิ่มขึ้น @{1}% สะสมได้สูงสุด @{2} stacks
10220300422	Damage increased by @{1}%. Stacks up to @{2} times.	ดาเมจเพิ่มขึ้น @{1}% สะสมได้สูงสุด @{2} stacks
10110300467	A powerful strike unique to Swordsman classes that deals Physical ATK*^{1}${2}%+${3}^{2} Neutral melee Physical DMG to a designated ST enemy within ${1} meters.	การโจมตีรุนแรงเฉพาะคลาส Swordsman สร้างดาเมจกายภาพระยะประชิดไร้ธาตุเท่ากับ P.ATK*^{1}${2}%+${3}^{2} แก่ศัตรูแบบ Single Target ที่กำหนดในระยะ ${1} เมตร
10110300468	You can place certain buff skills on the Skill Bar. When you use the Skill Bar, all available skills in the Lineup will be cast.	คุณสามารถวางสกิลบัฟบางชนิดบน Skill Bar เมื่อใช้ Skill Bar จะใช้สกิลทั้งหมดในชุดที่พร้อมใช้งาน
10110300469	A Mage-exclusive heavy strike that deals Physical ATK * ^{1}${2}% + ${3}^{2} Neutral ranged Physical damage to the designated ST enemy within ${1} meters.	การโจมตีรุนแรงเฉพาะ Mage สร้างดาเมจกายภาพระยะไกลไร้ธาตุเท่ากับ P.ATK * ^{1}${2}% + ${3}^{2} แก่ศัตรูแบบ Single Target ที่กำหนดในระยะ ${1} เมตร
10110300470	Deals PATK * ^{1}${2}%^{2} Neutral Ranged Physical DMG to the designated ST enemy within ${1} meters.	สร้างดาเมจกายภาพระยะไกลไร้ธาตุเท่ากับ P.ATK * ^{1}${2}%^{2} แก่ศัตรูแบบ Single Target ที่กำหนดในระยะ ${1} เมตร
10110300471	A powerful strike unique to Archer classes that deals Physical ATK*^{1}${2}%+${3}^{2} Neutral ranged Physical damage to a target enemy (ST) within ${1} meters.	การโจมตีรุนแรงเฉพาะคลาส Archer สร้างดาเมจกายภาพระยะไกลไร้ธาตุเท่ากับ P.ATK*^{1}${2}%+${3}^{2} แก่ศัตรูเป้าหมายแบบ Single Target ในระยะ ${1} เมตร
10110300472	A signature heavy strike unique to Acolyte classes that deals Physical ATK *^{1}${2}%+${3}^{2} Neutral ranged Physical damage to a designated ST enemy within ${1} meters.	การโจมตีรุนแรงอันเป็นเอกลักษณ์ของคลาส Acolyte สร้างดาเมจกายภาพระยะไกลไร้ธาตุเท่ากับ P.ATK *^{1}${2}%+${3}^{2} แก่ศัตรูแบบ Single Target ที่กำหนดในระยะ ${1} เมตร
10110300473	A powerful strike unique to Thief classes that deals Physical ATK*^{1}${2}%+${3}^{2} Neutral melee Physical damage to the specified ST enemy within ${1} meters.	การโจมตีรุนแรงเฉพาะคลาส Thief สร้างดาเมจกายภาพระยะประชิดไร้ธาตุเท่ากับ P.ATK*^{1}${2}%+${3}^{2} แก่ศัตรูแบบ Single Target ที่กำหนดในระยะ ${1} เมตร
10110300474	A powerful strike unique to Merchants that deals Physical ATK*^{1}${2}%+${3}^{2} Neutral melee Physical damage to the selected ST enemy within ${1} meters.	การโจมตีรุนแรงเฉพาะ Merchant สร้างดาเมจกายภาพระยะประชิดไร้ธาตุเท่ากับ P.ATK*^{1}${2}%+${3}^{2} แก่ศัตรูแบบ Single Target ที่เลือกในระยะ ${1} เมตร
10110300475	Can only be cast while riding the Madogear Pilot. Pilot the Madogear and swing its iron fist, dealing PATK * ^{1}${2}%^{2} Neutral Ranged Physical DMG to the designated ST enemy within ${1} meters.	ใช้ได้เฉพาะขณะขี่ Madogear Pilot ควบคุม Madogear แกว่งหมัดเหล็ก สร้างดาเมจกายภาพระยะไกลไร้ธาตุเท่ากับ P.ATK * ^{1}${2}%^{2} แก่ศัตรูแบบ Single Target ที่กำหนดในระยะ ${1} เมตร
10110300477	When a ^{1}Dispel-type^{2} Primary Battle Skill is cast, restores ^{3}${1}% of the owner's Max HP^{4}.	เมื่อใช้สกิลต่อสู้หลักประเภท ^{1}Dispel-type^{2} ฟื้นฟู ^{3}${1}% ของ Max HP ของเจ้าของ^{4}
10110300479	Death Witch deals Physical ATK*^{1}{2}%^{2} Neutral melee Physical damage to the designated ST enemy within ${1} meters.	Death Witch สร้างดาเมจกายภาพระยะประชิดไร้ธาตุเท่ากับ P.ATK*^{1}{2}%^{2} แก่ศัตรูแบบ Single Target ที่กำหนดในระยะ ${1} เมตร
10110300481	For ${1} seconds after casting a ^{1}Healing-type^{2} or ^{3}Dispel-type^{4} Primary Battle Skill, when the owner Deals DMG, restores ^{5}Adaptive Attack^{6} * ^{7}${4}%^{8} ^{9}HP^{10} to this unit and up to ${3} allies within a ${2}-meter radius. (This effect has a ${5}-second Cooldown.)	ภายใน ${1} วินาทีหลังใช้สกิลต่อสู้หลักประเภท ^{1}Healing-type^{2} หรือ ^{3}Dispel-type^{4} เมื่อเจ้าของสร้างดาเมจ ฟื้นฟูเท่ากับ ^{5}Adaptive Attack^{6} * ^{7}${4}%^{8} หน่วยของ ^{9}HP^{10} ให้ยูนิตนี้และพันธมิตรสูงสุด ${3} คน ในรัศมี ${2} เมตร (ผลนี้มี Cooldown ${5} วินาที)
10110300482	Aliot ^{1}pulls in^{2} up to ${2} enemies within ${1} meters and continuously Deals DMG, dealing a total of Aliot's PATK * ^{3}${3}%^{4} Neutral melee Physical DMG and converting the damage coefficient * ^{5}${4}%^{6} into ^{7}Healing^{8} for Aliot.	Aliot ^{1}ดึงเข้ามา^{2} ซึ่งศัตรูสูงสุด ${2} ตัว ในระยะ ${1} เมตร และสร้างดาเมจอย่างต่อเนื่อง รวมเป็นดาเมจกายภาพระยะประชิดไร้ธาตุเท่ากับ P.ATK ของ Aliot * ^{3}${3}%^{4} พร้อมแปลงตัวคูณดาเมจ * ^{5}${4}%^{6} เป็น ^{7}การฮีล^{8} ให้ Aliot
10110300483	Elio deals Physical ATK*^{1}${2}%^{2} Neutral melee Physical damage to the designated ST enemy within ${1} meters.	Elio สร้างดาเมจกายภาพระยะประชิดไร้ธาตุเท่ากับ P.ATK*^{1}${2}%^{2} แก่ศัตรูแบบ Single Target ที่กำหนดในระยะ ${1} เมตร
10110300484	Is restores ^{1}Adaptive ATK^{2}*^{3}${3}%^{4} ^{5}Life^{6} to self and up to ${2} allies within ${1} meters, and applies ^{7}^{8}[Serpent's Protection]^{9}^{10} for ${4} seconds.	Is ฟื้นฟูเท่ากับ ^{1}Adaptive ATK^{2}*^{3}${3}%^{4} หน่วยของ ^{5}HP^{6} ให้ตัวเองและพันธมิตรสูงสุด ${2} คน ในระยะ ${1} เมตร พร้อมมอบ ^{7}^{8}[ Serpent's Protection ]^{9}^{10} เป็นเวลา ${4} วินาที
10110300485	For ${1} seconds after casting a ^{1}Buff-type^{2} Primary Battle Skill, increases the DMG Reduction of the owner and up to ${3} allies within a ${2}-meter radius by ^{3}${4}%^{4}.	ภายใน ${1} วินาทีหลังใช้สกิลต่อสู้หลักประเภท ^{1}Buff-type^{2} เพิ่มการลดดาเมจให้เจ้าของและพันธมิตรสูงสุด ${3} คน ในรัศมี ${2} เมตรขึ้น ^{3}${4}%^{4}
10110300486	Is summons intertwining, agile serpent shadows, granting self and up to ${2} allies within ${1} meters a shield equal to each target's Max Life*^{1}${3}%^{2} for ${4} seconds. While the shield is active, Physical and Magic DEF increase by ^{3}${5}%^{4}.	Is เรียกเงางูปราดเปรียวที่พันเกี่ยวกัน มอบโล่ให้ตัวเองและพันธมิตรสูงสุด ${2} คน ในระยะ ${1} เมตร เท่ากับ Max HP ของแต่ละเป้าหมาย*^{1}${3}%^{2} เป็นเวลา ${4} วินาที ขณะโล่คงอยู่ เพิ่ม P.DEF และ M.DEF ขึ้น ^{3}${5}%^{4}
10110300487	Is deals Physical ATK*^{1}${2}%^{2} Neutral ranged Physical damage to the designated ST enemy within ${1} meters.	Is สร้างดาเมจกายภาพระยะไกลไร้ธาตุเท่ากับ P.ATK*^{1}${2}%^{2} แก่ศัตรูแบบ Single Target ที่กำหนดในระยะ ${1} เมตร
10110300489	Extends the Buff duration of ^{1}Debuff-type^{2} Primary Battle Skills by ${1} seconds.	เพิ่มระยะเวลาบัฟของสกิลต่อสู้หลักประเภท ^{1}Debuff-type^{2} อีก ${1} วินาที
10110300490	Eve spins her scythe, dealing a total of Physical ATK*^{1}${3}%^{2} Neutral melee damage to up to ${2} enemies within ${1} meters. Hit enemies' Physical and Magic DEF decrease by ^{3}${4}%^{4} for ${5} seconds.	Eve หมุนเคียว สร้างดาเมจระยะประชิดไร้ธาตุรวมเท่ากับ P.ATK*^{1}${3}%^{2} แก่ศัตรูสูงสุด ${2} ตัว ในระยะ ${1} เมตร ศัตรูที่ถูกโจมตีมี P.DEF และ M.DEF ลดลง ^{3}${4}%^{4} เป็นเวลา ${5} วินาที
10110300491	Eve deals Physical ATK*^{1}${2}%^{2} Neutral melee Physical damage to the designated ST enemy within ${1} meters.	Eve สร้างดาเมจกายภาพระยะประชิดไร้ธาตุเท่ากับ P.ATK*^{1}${2}%^{2} แก่ศัตรูแบบ Single Target ที่กำหนดในระยะ ${1} เมตร
10110300493	Reduces the Cooldown of ^{1}Healing-type^{2} Primary Battle Skills by ${1} seconds.	ลด Cooldown ของสกิลต่อสู้หลักประเภท ^{1}Healing-type^{2} ลง ${1} วินาที
10110300494	Angeling restores ^{1}${3}%^{2} ^{3}Life^{4} to self and up to ${2} allies within ${1} meters.	Angeling ฟื้นฟู ^{1}${3}%^{2} ของ ^{3}HP^{4} ให้ตัวเองและพันธมิตรสูงสุด ${2} คน ในระยะ ${1} เมตร
10110300495	Angeling deals Physical ATK*^{1}${2}%^{2} Neutral melee Physical damage to the designated ST enemy within ${1} meters.	Angeling สร้างดาเมจกายภาพระยะประชิดไร้ธาตุเท่ากับ P.ATK*^{1}${2}%^{2} แก่ศัตรูแบบ Single Target ที่กำหนดในระยะ ${1} เมตร
10110300497	Increases the Maximum Number of Targets for ^{1}Debuff-type^{2} or ^{3}Control-type^{4} Primary Battle Skills by ${1} (the number of designated targets for ST skills remains unchanged), but reduces the Skill Damage Multiplier by ^{5}${2}%^{6}.	เพิ่มจำนวนเป้าหมายสูงสุดของสกิลต่อสู้หลักประเภท ^{1}Debuff-type^{2} หรือ ^{3}Control-type^{4} อีก ${1} ตัว (จำนวนเป้าหมายที่ระบุของสกิลแบบ Single Target ไม่เปลี่ยนแปลง) แต่ลดตัวคูณดาเมจสกิลลง ^{5}${2}%^{6}
10110300498	Fox Immortal summons a refreshing breeze in a ${1}-meter-by-${2}-meter rectangular area ahead, dealing Magic ATK*^{1}${4}%^{2} Neutral ranged Magic damage to up to ${3} enemies. Hit enemies deal ^{3}${5}%^{4} less Wind damage for ${6} seconds.	Fox Immortal เรียกสายลมสดชื่นในพื้นที่สี่เหลี่ยมขนาด ${1} เมตรคูณ ${2} เมตรด้านหน้า สร้างดาเมจเวทระยะไกลไร้ธาตุเท่ากับ M.ATK*^{1}${4}%^{2} แก่ศัตรูสูงสุด ${3} ตัว ศัตรูที่ถูกโจมตีสร้างดาเมจธาตุ Wind ลดลง ^{3}${5}%^{4} เป็นเวลา ${6} วินาที
10110300499	Fox Immortal deals Magic ATK*^{1}${2}%^{2} Neutral melee Physical damage to the designated ST enemy within ${1} meters.	Fox Immortal สร้างดาเมจกายภาพระยะประชิดไร้ธาตุเท่ากับ M.ATK*^{1}${2}%^{2} แก่ศัตรูแบบ Single Target ที่กำหนดในระยะ ${1} เมตร
10110300501	Extends the Debuff duration of ^{1}Debuff-type^{2} Primary Battle Skills by ${1} seconds.	เพิ่มระยะเวลาดีบัฟของสกิลต่อสู้หลักประเภท ^{1}Debuff-type^{2} อีก ${1} วินาที
10110300502	For the next ${1} seconds, increases own Attack Speed by ${2}% and grants Basic Attacks a ${3}% Chance to trigger ^{1}^{2}[Cursed Slash]^{3}^{4}.	ใน ${1} วินาทีถัดไป เพิ่ม ASPD ของตนเองขึ้น ${2}% และมอบโอกาส ${3}% ให้การโจมตีปกติใช้ ^{1}^{2}[ Cursed Slash ]^{3}^{4}
10110300503	Deals Physical ATK*^{1}${3}%^{2} Neutral melee Physical damage to up to ${2} enemies within a ${1}-meter radius and applies ^{3}^{4}[Curse]^{5}^{6} to hit enemies for ${4} seconds.	สร้างดาเมจกายภาพระยะประชิดไร้ธาตุเท่ากับ P.ATK*^{1}${3}%^{2} แก่ศัตรูสูงสุด ${2} ตัว ในรัศมี ${1} เมตร และทำให้ศัตรูที่ถูกโจมตีติด ^{3}^{4}[ Curse ]^{5}^{6} เป็นเวลา ${4} วินาที
10110300504	Baphomet Jr. deals Physical ATK*^{1}${2}%^{2} Neutral melee Physical damage to the designated ST enemy within ${1} meters.	Baphomet Jr. สร้างดาเมจกายภาพระยะประชิดไร้ธาตุเท่ากับ P.ATK*^{1}${2}%^{2} แก่ศัตรูแบบ Single Target ที่กำหนดในระยะ ${1} เมตร
10110300505	Bobo blows a bubble, granting the master a ^{5}Bubble Shield^{6} equal to ^{1}Adaptive ATK^{2}*^{3}${1}%^{4} for ${2} seconds.	Bobo เป่าฟองสบู่ มอบ ^{5}Bubble Shield^{6} ให้เจ้าของ เท่ากับ ^{1}Adaptive ATK^{2}*^{3}${1}%^{4} เป็นเวลา ${2} วินาที
10110300506	After casting a ^{1}Shield-type^{2} Primary Battle Skill, if the owner's ^{3}HP^{4} is below ^{5}${1}%^{6}, increases the owner's PDEF and MDEF by ^{7}${2}%^{8} for ${3} seconds.	หลังใช้สกิลต่อสู้หลักประเภท ^{1}Shield-type^{2} หาก ^{3}HP^{4} ของเจ้าของต่ำกว่า ^{5}${1}%^{6} เพิ่ม P.DEF และ M.DEF ของเจ้าของขึ้น ^{7}${2}%^{8} เป็นเวลา ${3} วินาที
10110300507	Bobo grants up to @{1} allies within ${1} meters a ^{3}Bubble Shield^{4} equal to Bobo's Max HP * ^{1}${2}%^{2} for ${3} seconds.	Bobo มอบโล่ให้พันธมิตรสูงสุด @{1} คน ในระยะ ${1} เมตร เป็น ^{3}Bubble Shield^{4} เท่ากับ Max HP ของ Bobo * ^{1}${2}%^{2} เป็นเวลา ${3} วินาที
10110300509	Cat o' Nine-Tail swings its Bell down on the enemy, dealing ^{1}${1}%^{2} Neutral melee Physical damage.	Cat o' Nine-Tail ฟาดกระดิ่งใส่ศัตรู สร้างดาเมจกายภาพระยะประชิดไร้ธาตุ ^{1}${1}%^{2}
10110300510	Cat o' Nine-Tail spins continuously, dealing @{1} hits for a total of Pet Physical ATK*^{1}${3}%^{2} Neutral melee Physical damage to up to ${2} enemies within ${1} meters. Dealing damage applies ^{3}^{4}[Curse]^{5}^{6} to the target for ${4} seconds.	Cat o' Nine-Tail หมุนตัวต่อเนื่อง โจมตี @{1} ครั้ง รวมเป็นดาเมจกายภาพระยะประชิดไร้ธาตุเท่ากับ P.ATK ของสัตว์เลี้ยง*^{1}${3}%^{2} แก่ศัตรูสูงสุด ${2} ตัว ในระยะ ${1} เมตร การสร้างดาเมจทำให้เป้าหมายติด ^{3}^{4}[ Curse ]^{5}^{6} เป็นเวลา ${4} วินาที
10110300511	When casting a ^{1}Buff-type^{2} Primary Battle Skill, the next hit received by up to ${2} enemies within ${1} meters of the owner Deals ^{3}${3}%^{4} more DMG. Lasts ${4} seconds.	เมื่อใช้สกิลต่อสู้หลักประเภท ^{1}Buff-type^{2} การโจมตีครั้งถัดไปที่ศัตรูสูงสุด ${2} ตัวในระยะ ${1} เมตรรอบเจ้าของได้รับ จะสร้างดาเมจเพิ่มขึ้น ^{3}${3}%^{4} ผลคงอยู่ ${4} วินาที
10110300512	After charging up, Cat o' Nine-Tail slams the designated ST enemy within ${1} meters, dealing a total of the master's ^{1}Adaptive ATK^{2}*^{3}${2}%^{4} Neutral melee ^{5}Adaptive Damage^{6}. For ${3} seconds, the master's next ${4} instances of damage deal ^{7}${5}%^{8} more damage.	หลังชาร์จพลัง Cat o' Nine-Tail กระแทกศัตรูแบบ Single Target ที่กำหนดในระยะ ${1} เมตร สร้างความเสียหายกายภาพไร้ธาตุรวมเท่ากับ ^{1}Adaptive ATK^{2} ของเจ้าของ*^{3}${2}%^{4} ระยะประชิดแบบ ^{5}Adaptive Damage^{6} ภายใน ${3} วินาที ดาเมจ ${4} ครั้งถัดไปของเจ้าของเพิ่มขึ้น ^{7}${5}%^{8}
10110300513	After charging up, Cat o' Nine-Tail slams the designated ST enemy within ${1} meters, dealing a total of ^{1}${2}%^{2} Neutral melee ^{3}Adaptive Damage^{4}. For ${3} seconds, the master's next ${4} instances of damage deal ^{5}${5}%^{6} more damage.	หลังชาร์จพลัง Cat o' Nine-Tail กระแทกศัตรูแบบ Single Target ที่กำหนดในระยะ ${1} เมตร สร้างความเสียหายกายภาพไร้ธาตุระยะประชิดรวม ^{1}${2}%^{2} แบบ ^{3}Adaptive Damage^{4} ภายใน ${3} วินาที ดาเมจ ${4} ครั้งถัดไปของเจ้าของเพิ่มขึ้น ^{5}${5}%^{6}
10110300514	Zherlthsh attacks, dealing a total of the master's ^{1}Adaptive ATK^{2}*^{3}${3}%^{4} Neutral melee ^{5}Adaptive Damage^{6} to up to ${2} enemies within ${1} meters of the target area, and grants the master ^{7}^{8}[Zherlthsh's Execution]^{9}^{10}, increasing damage dealt by ^{11}${4}%^{12} for ${5} seconds.	Zherlthsh โจมตี สร้างความเสียหายกายภาพไร้ธาตุรวมเท่ากับ ^{1}Adaptive ATK^{2} ของเจ้าของ*^{3}${3}%^{4} ระยะประชิดแบบ ^{5}Adaptive Damage^{6} แก่ศัตรูสูงสุด ${2} ตัว ในระยะ ${1} เมตรรอบพื้นที่เป้าหมาย พร้อมมอบ ^{7}^{8}[ Zherlthsh's Execution ]^{9}^{10} ให้เจ้าของ เพิ่มดาเมจที่ทำได้ขึ้น ^{11}${4}%^{12} เป็นเวลา ${5} วินาที
10110300515	Zherlthsh attacks, dealing a total of ^{1}${3}%^{2} Neutral melee ^{3}Adaptive Damage^{4} to up to ${2} enemies within ${1} meters of the target area, and grants the master ^{5}^{6}[Zherlthsh's Execution]^{7}^{8}, increasing damage dealt by ^{9}${4}%^{10} for ${5} seconds.	Zherlthsh โจมตี สร้างความเสียหายกายภาพไร้ธาตุระยะประชิดรวม ^{1}${3}%^{2} แบบ ^{3}Adaptive Damage^{4} แก่ศัตรูสูงสุด ${2} ตัว ในระยะ ${1} เมตรรอบพื้นที่เป้าหมาย พร้อมมอบ ^{5}^{6}[ Zherlthsh's Execution ]^{7}^{8} ให้เจ้าของ เพิ่มดาเมจที่ทำได้ขึ้น ^{9}${4}%^{10} เป็นเวลา ${5} วินาที
10110300517	When any ^{1}type of^{2} Primary Battle Skill is cast, the owner gains ^{3}^{4}【Esen's Execution】^{5}^{6}, granting a ${1}% DMG Bonus for ${2} seconds.	เมื่อใช้สกิลต่อสู้หลัก ^{1}ประเภทใดก็ได้^{2} เจ้าของได้รับ ^{3}^{4}[ Esen's Execution ]^{5}^{6} มอบโบนัสดาเมจ ${1}% เป็นเวลา ${2} วินาที
10110300518	When any ^{1}type of^{2} Primary Battle Skill is cast, the owner gains ^{3}^{4}【Esen's Slaughter】^{5}^{6}, granting a ${1}% DMG Bonus for ${2} seconds. Also Deals @{1} instances of Extra DMG to the target equal to the Primary Battle Skill's Total DMG * @{2}%.	เมื่อใช้สกิลต่อสู้หลัก ^{1}ประเภทใดก็ได้^{2} เจ้าของได้รับ ^{3}^{4}[ Esen's Slaughter ]^{5}^{6} มอบโบนัสดาเมจ ${1}% เป็นเวลา ${2} วินาที พร้อมสร้างดาเมจเพิ่มเติมแก่เป้าหมาย @{1} ครั้ง เท่ากับดาเมจรวมของสกิลต่อสู้หลัก * @{2}%
10110300519	High Orc slashes the enemy, dealing ^{1}${1}%^{2} Neutral melee Physical damage.	High Orc ฟันศัตรู สร้างดาเมจกายภาพระยะประชิดไร้ธาตุ ^{1}${1}%^{2}
10110300520	High Orc roars, dealing a total of Pet Physical ATK*^{1}${3}%^{2} Neutral melee Physical damage to up to ${2} enemies within ${1} meters and increasing the melee damage dealt by up to ${5} allies within ${4} meters by ^{3}${6}%^{4} for ${7} seconds.	High Orc คำราม สร้างดาเมจกายภาพระยะประชิดไร้ธาตุรวมเท่ากับ P.ATK ของสัตว์เลี้ยง*^{1}${3}%^{2} แก่ศัตรูสูงสุด ${2} ตัว ในระยะ ${1} เมตร และเพิ่มดาเมจระยะประชิดที่ทำได้ให้พันธมิตรสูงสุด ${5} คน ในระยะ ${4} เมตรขึ้น ^{3}${6}%^{4} เป็นเวลา ${7} วินาที
10110300521	Increases the Skill Damage Multiplier of ^{1}Offensive-type^{2} Primary Battle Skills by ^{3}${1}%^{4}.	เพิ่มตัวคูณดาเมจสกิลของสกิลต่อสู้หลักประเภท ^{1}Offensive-type^{2} ขึ้น ^{3}${1}%^{4}
10110300524	Miguel Initiates an attack, dealing a total of the owner's ^{1}Adaptive Attack^{2} * ^{3}${3}%^{4} Neutral melee ^{5}Adaptive Damage^{6} to ${2} designated enemies within ${1} meters. Also grants the owner ^{7}^{8}【Raging Gale】^{9}^{10}, providing an ^{11}${4}%^{12} DMG Bonus for ${5} seconds.	Miguel เริ่มโจมตี สร้างความเสียหายกายภาพไร้ธาตุรวมเท่ากับ ^{1}Adaptive Attack^{2} ของเจ้าของ * ^{3}${3}%^{4} ระยะประชิดแบบ ^{5}Adaptive Damage^{6} แก่ศัตรูที่กำหนด ${2} ตัว ในระยะ ${1} เมตร พร้อมมอบ ^{7}^{8}[ Raging Gale ]^{9}^{10} ให้เจ้าของ มอบโบนัสดาเมจ ^{11}${4}%^{12} เป็นเวลา ${5} วินาที
10110300525	Miguel attacks, dealing a total of ^{1}${3}%^{2} Neutral melee ^{3}Adaptive Damage^{4} to ${2} designated enemies within ${1} meters and increasing the master's damage dealt by ^{5}${4}%^{6} for ${5} seconds.	Miguel โจมตี สร้างความเสียหายกายภาพไร้ธาตุระยะประชิดรวม ^{1}${3}%^{2} แบบ ^{3}Adaptive Damage^{4} แก่ศัตรูที่กำหนด ${2} ตัว ในระยะ ${1} เมตร และเพิ่มดาเมจที่เจ้าของทำได้ขึ้น ^{5}${4}%^{6} เป็นเวลา ${5} วินาที
10110300526	Miguel attacks, dealing Pet Physical ATK*^{1}${3}%^{2} Neutral melee Physical damage to ${2} designated enemies within ${1} meters and ^{3}^{4}[Stunning]^{5}^{6} them for ${4} seconds, while dispelling their [Shield] effects.	Miguel โจมตี สร้างดาเมจกายภาพระยะประชิดไร้ธาตุเท่ากับ P.ATK ของสัตว์เลี้ยง*^{1}${3}%^{2} แก่ศัตรูที่กำหนด ${2} ตัว ในระยะ ${1} เมตร และทำให้ติด ^{3}^{4}[ Stunning ]^{5}^{6} เป็นเวลา ${4} วินาที พร้อมล้างผล [ Shield ] ของพวกมัน
10110300527	When casting an ^{1}Offensive-type^{2} Primary Battle Skill, increases that skill's Crit Chance by ^{3}${1}%^{4}. If the target's HP is below ${2}%, the skill is guaranteed to CRIT.	เมื่อใช้สกิลต่อสู้หลักประเภท ^{1}Offensive-type^{2} เพิ่ม CRIT ของสกิลนั้นขึ้น ^{3}${1}%^{4} หาก HP ของเป้าหมายต่ำกว่า ${2}% สกิลจะติด CRIT แน่นอน
10110300528	Goat grants the owner ^{1}【Savage Shield】^{2}^{3} equal to the owner's Max HP * ^{4}${2}%^{5}. While the Shield is Active, reduces Ranged Physical DMG taken by ^{6}${3}%^{7}. Lasts ${4} seconds.	Goat มอบ ^{1}[ Savage Shield ]^{2}^{3} ให้เจ้าของ เท่ากับ Max HP ของเจ้าของ * ^{4}${2}%^{5} ขณะโล่คงอยู่ ลดดาเมจกายภาพระยะไกลที่ได้รับลง ^{6}${3}%^{7} ผลคงอยู่ ${4} วินาที
10110300529	Goat grants the master ^{1}^{2}[Savage Shield]^{3}^{4} within a ${1}-meter radius. The shield equals the master's Max Life*^{5}${2}%^{6} and reduces ranged Physical damage taken by ^{7}${3}%^{8} while active. Lasts ${4} seconds.	Goat มอบ ^{1}^{2}[ Savage Shield ]^{3}^{4} ให้เจ้าของในรัศมี ${1} เมตร โล่เท่ากับ Max HP ของเจ้าของ*^{5}${2}%^{6} และลดดาเมจกายภาพระยะไกลที่ได้รับลง ^{7}${3}%^{8} ขณะคงอยู่ ผลคงอยู่ ${4} วินาที
10110300530	Goat grants ^{1}[Barbarian Protection]^{2} to up to ${2} allies within a ${1}-meter radius. The shield equals Goat's Max Life*^{3}${3}%^{4} and reduces ranged Physical damage taken by ^{5}${4}%^{6} while active. Lasts ${5} seconds.	Goat มอบ ^{1}[ Barbarian Protection ]^{2} ให้พันธมิตรสูงสุด ${2} คน ในรัศมี ${1} เมตร โล่เท่ากับ Max HP ของ Goat*^{3}${3}%^{4} และลดดาเมจกายภาพระยะไกลที่ได้รับลง ^{5}${4}%^{6} ขณะคงอยู่ ผลคงอยู่ ${5} วินาที
10110300531	Extends the duration of Shields granted by ^{1}Shield-type^{2} Primary Battle Skills by ${1} seconds.	เพิ่มระยะเวลาโล่ที่สกิลต่อสู้หลักประเภท ^{1}Shield-type^{2} มอบให้อีก ${1} วินาที
10110300532	Geographer spins rapidly, dealing ^{1}${1}%^{2} Neutral melee Magic damage to the enemy.	Geographer หมุนตัวอย่างรวดเร็ว สร้างดาเมจเวทระยะประชิดไร้ธาตุ ^{1}${1}%^{2} แก่ศัตรู
10110300533	Geographer calls upon the power of the earth, raising the surrounding ground and dealing a total of Pet Magic ATK*^{1}${3}%^{2} Neutral melee Magic damage to up to ${2} enemies within ${1} meters.	Geographer เรียกพลังแห่งพื้นดิน ยกพื้นโดยรอบขึ้นและสร้างดาเมจเวทระยะประชิดไร้ธาตุรวมเท่ากับ M.ATK ของสัตว์เลี้ยง*^{1}${3}%^{2} แก่ศัตรูสูงสุด ${2} ตัว ในระยะ ${1} เมตร
10110300534	When an ^{1}Offensive-type^{2} Primary Battle Skill Deals DMG, it has a ^{3}${1}%^{4} Chance to inflict ^{5}^{6}【Stun】^{7}^{8} on the enemy for ${2} seconds.	เมื่อสกิลต่อสู้หลักประเภท ^{1}Offensive-type^{2} สร้างดาเมจ มีโอกาส ^{3}${1}%^{4} ทำให้ศัตรูติดสถานะ ^{5}^{6}[ Stun ]^{7}^{8} เป็นเวลา ${2} วินาที
10110300535	Geographer spins rapidly, dealing the master's ^{1}Adaptive ATK^{2}*^{3}${3}%^{4} Neutral melee ^{5}Adaptive Damage^{6} to up to ${2} enemies within ${1} meters of the master and knocking them back ${4} meters.	Geographer หมุนตัวอย่างรวดเร็ว สร้างความเสียหายกายภาพไร้ธาตุเท่ากับ ^{1}Adaptive ATK^{2} ของเจ้าของ*^{3}${3}%^{4} ระยะประชิดแบบ ^{5}Adaptive Damage^{6} แก่ศัตรูสูงสุด ${2} ตัว ในระยะ ${1} เมตรรอบเจ้าของ และผลักออก ${4} เมตร
10110300536	Geographer spins rapidly, dealing ^{1}${3}%^{2} Neutral melee ^{3}Adaptive Damage^{4} to up to ${2} enemies within ${1} meters of the master and knocking them back ${4} meters.	Geographer หมุนตัวอย่างรวดเร็ว สร้างความเสียหายกายภาพไร้ธาตุระยะประชิด ^{1}${3}%^{2} แบบ ^{3}Adaptive Damage^{4} แก่ศัตรูสูงสุด ${2} ตัว ในระยะ ${1} เมตรรอบเจ้าของ และผลักออก ${4} เมตร
10110300537	After briefly charging, Bongun strikes forward, dealing ^{1}${1}%^{2} Neutral melee Physical damage to the enemy.	หลังชาร์จพลังช่วงสั้นๆ Bongun โจมตีไปด้านหน้า สร้างดาเมจกายภาพระยะประชิดไร้ธาตุ ^{1}${1}%^{2} แก่ศัตรู
10110300538	Bongun claps both hands together to unleash demonic energy, dealing Pet Physical ATK*^{1}${3}%^{2} Neutral melee Physical damage to up to ${2} enemies within ${1} meters, plus a total of Pet Physical ATK*^{3}${4}%^{4} Poison melee Physical damage.	Bongun ประสานมือปล่อยพลังปีศาจ สร้างดาเมจกายภาพระยะประชิดไร้ธาตุเท่ากับ P.ATK ของสัตว์เลี้ยง*^{1}${3}%^{2} แก่ศัตรูสูงสุด ${2} ตัว ในระยะ ${1} เมตร พร้อมดาเมจกายภาพระยะประชิดธาตุ Poison รวมเท่ากับ P.ATK ของสัตว์เลี้ยง*^{3}${4}%^{4}
10110300539	When an ^{1}Offensive-type^{2} or ^{3}Control-type^{4} Primary Battle Skill scores a Kill, restores the owner's HP by ^{5}Adaptive Attack^{6} * ^{7}${1}%^{8}.	เมื่อสกิลต่อสู้หลักประเภท ^{1}Offensive-type^{2} หรือ ^{3}Control-type^{4} สังหารเป้าหมายได้ ฟื้นฟู HP ของเจ้าของเท่ากับ ^{5}Adaptive Attack^{6} * ^{7}${1}%^{8}
10110300541	Bongun claps its hands together to unleash demonic energy, dealing ^{1}${3}%^{2} Neutral melee ^{3}adaptive damage^{4} to up to ${2} enemies within ${1} meters of the master, plus ^{5}${4}%^{6} Poison melee ^{7}adaptive damage^{8} in total.	Bongun ประสานมือปล่อยพลังปีศาจ สร้างความเสียหายกายภาพไร้ธาตุระยะประชิด ^{1}${3}%^{2} แบบ ^{3}Adaptive Damage^{4} แก่ศัตรูสูงสุด ${2} ตัว ในระยะ ${1} เมตรรอบเจ้าของ พร้อมความเสียหายกายภาพระยะประชิดธาตุ Poison รวม ^{5}${4}%^{6} แบบ ^{7}Adaptive Damage^{8}
10110300542	Choco leaps up and scratches an enemy, dealing ^{1}${1}%^{2} Neutral Physical damage to an ST target.	Choco กระโดดข่วนศัตรู สร้างดาเมจกายภาพไร้ธาตุ ^{1}${1}%^{2} แก่เป้าหมายแบบ Single Target
10110300543	Choco lets out an encouraging cheer, increasing the Physical ATK and Magic ATK of up to ${2} allies within ${1} meters by ^{1}${3}%^{2} for ${4} seconds.	Choco ส่งเสียงให้กำลังใจ เพิ่ม P.ATK และ M.ATK ให้พันธมิตรสูงสุด ${2} คน ในระยะ ${1} เมตรขึ้น ^{1}${3}%^{2} เป็นเวลา ${4} วินาที
10110300544	Extends the Buff duration of ^{1}Buff-type^{2} Primary Battle Skills by ^{3}${1}^{4} sec.	เพิ่มระยะเวลาบัฟของสกิลต่อสู้หลักประเภท ^{1}Buff-type^{2} อีก ^{3}${1}^{4} วินาที
10110300545	Choco lets out an encouraging cheer, increasing the master's Attack Speed by ^{1}${1}%^{2} for ${2} seconds.	Choco ส่งเสียงให้กำลังใจ เพิ่ม ASPD ของเจ้าของขึ้น ^{1}${1}%^{2} เป็นเวลา ${2} วินาที
10110300546	Unleashes blades from its body, dealing Neutral melee ^{5}adaptive damage^{6} equal to the master's ^{1}Adaptive ATK^{2}*^{3}${2}%^{4} to up to @{1} enemies within a ${1}-meter radius, and grants the master ^{7}^{8}Control Immunity^{9} ^{10} for ${3} seconds.	ปลดปล่อยคมดาบออกจากร่างกาย สร้างความเสียหายกายภาพไร้ธาตุระยะประชิดแบบ ^{5}Adaptive Damage^{6} เท่ากับ ^{1}Adaptive ATK^{2} ของเจ้าของ*^{3}${2}%^{4} แก่ศัตรูสูงสุด @{1} ตัว ในรัศมี ${1} เมตร พร้อมมอบสถานะ ^{7}^{8}Control Immunity^{9} ^{10} ให้เจ้าของเป็นเวลา ${3} วินาที
10110300547	When casting a ^{1}Buff-type^{2} or ^{3}Shield-type^{4} Primary Battle Skill, grants the owner ^{5}^{6}Immunity^{7} ^{8} for ${1} sec.	เมื่อใช้สกิลต่อสู้หลักประเภท ^{1}Buff-type^{2} หรือ ^{3}Shield-type^{4} มอบ ^{5}^{6}Immunity^{7} ^{8} ให้เจ้าของเป็นเวลา ${1} วินาที
10110300550	When an ^{1}Offensive-type^{2} Primary Battle Skill Deals DMG, casts ^{3}^{4}【Mummy's Curse】^{5}^{6} on the target. This effect can only trigger once per Primary Battle Skill.	เมื่อสกิลต่อสู้หลักประเภท ^{1}Offensive-type^{2} สร้างดาเมจ ใช้ ^{3}^{4}[ Mummy's Curse ]^{5}^{6} ใส่เป้าหมาย ผลนี้เกิดได้เพียงหนึ่งครั้งต่อสกิลต่อสู้หลักแต่ละครั้ง
10110300551	Summons cursed spirits all around, dealing @{1} hits of Neutral ranged magic damage totaling Pet Magic ATK*^{1}${3}%^{2} to up to ${2} enemies within a ${1}-meter radius and inflicting ${5}% ^{3}【Slow】^{4} for ${4} seconds. Increases the caster's Physical and Magic DEF by ^{5}${6}%^{6} for ${7} seconds.	เรียกวิญญาณต้องสาปรอบตัว โจมตี @{1} ครั้งด้วยดาเมจเวทระยะไกลไร้ธาตุ รวมเท่ากับ M.ATK ของสัตว์เลี้ยง*^{1}${3}%^{2} แก่ศัตรูสูงสุด ${2} ตัว ในรัศมี ${1} เมตร ทำให้ลดความเร็ว ${5}% ด้วย ^{3}[ Slow ]^{4} เป็นเวลา ${4} วินาที และเพิ่ม P.DEF กับ M.DEF ของผู้ใช้ขึ้น ^{5}${6}%^{6} เป็นเวลา ${7} วินาที
10110300552	Deals Neutral ranged ^{5}adaptive damage^{6} equal to ^{1}Adaptive ATK^{2}*^{3}${3}%^{4} to up to ${2} enemies within a ${1}-meter radius of the target location.	สร้างความเสียหายกายภาพไร้ธาตุระยะไกลแบบ ^{5}Adaptive Damage^{6} เท่ากับ ^{1}Adaptive ATK^{2}*^{3}${3}%^{4} แก่ศัตรูสูงสุด ${2} ตัว ในรัศมี ${1} เมตรรอบตำแหน่งเป้าหมาย
10110300553	When casting a ^{1}Shield-type^{2} or ^{3}Dispel-type^{4} Primary Battle Skill, reduces the DMG the owner takes from players' Normal Attack-type skills by ^{5}${2}%^{6} for the next ${1} sec.	เมื่อใช้สกิลต่อสู้หลักประเภท ^{1}Shield-type^{2} หรือ ^{3}Dispel-type^{4} ลดดาเมจที่เจ้าของได้รับจากสกิลประเภทโจมตีปกติของผู้เล่นลง ^{5}${2}%^{6} ใน ${1} วินาทีถัดไป
10110300554	Sohee unleashes spectral power, dealing Neutral ranged magic damage equal to Pet Magic ATK*^{1}${3}%^{2} every @{1} seconds to up to ${2} enemies within a ${1}-meter radius, and gains a shield equal to Pet Magic ATK*^{3}${4}%^{4} and ^{5}^{6}【Control Immunity】^{7} ^{8} for ${5} seconds.	Sohee ปลดปล่อยพลังวิญญาณ สร้างดาเมจเวทระยะไกลไร้ธาตุเท่ากับ M.ATK ของสัตว์เลี้ยง*^{1}${3}%^{2} ทุก @{1} วินาที แก่ศัตรูสูงสุด ${2} ตัว ในรัศมี ${1} เมตร พร้อมได้รับโล่เท่ากับ M.ATK ของสัตว์เลี้ยง*^{3}${4}%^{4} และ ^{5}^{6}[ Control Immunity ]^{7} ^{8} เป็นเวลา ${5} วินาที
10110300555	Sohee grants the master a shield equal to the master's Max HP*^{1}${1}%^{2}. While the shield persists, damage taken is reduced by ^{3}${2}%^{4}. Lasts ${3} seconds.	Sohee มอบโล่ให้เจ้าของเท่ากับ Max HP ของเจ้าของ*^{1}${1}%^{2} ขณะโล่คงอยู่ ลดดาเมจที่ได้รับลง ^{3}${2}%^{4} ผลคงอยู่ ${3} วินาที
10110300558	Deals Neutral melee Physical damage equal to Pet Physical ATK*^{1}${4}%^{2} to up to ${3} enemies in a ${1}-meter-by-${2}-meter rectangular area ahead, and increases nearby allies' Crit Chance by ^{3}${5}%^{4} for ${6} seconds.	สร้างดาเมจกายภาพระยะประชิดไร้ธาตุเท่ากับ P.ATK ของสัตว์เลี้ยง*^{1}${4}%^{2} แก่ศัตรูสูงสุด ${3} ตัว ในพื้นที่สี่เหลี่ยมขนาด ${1} เมตรคูณ ${2} เมตรด้านหน้า และเพิ่ม CRIT ของพันธมิตรใกล้เคียงขึ้น ^{3}${5}%^{4} เป็นเวลา ${6} วินาที
10110300559	Multiplies 【Turbid Soul Impact】's DEF reduction by ^{1}${1}^{2} and additionally inflicts ^{3}^{4}【Stun】^{5}^{6} for @{2} seconds on enemies above @{1}% HP. If the target's HP is no higher than @{3}% or the target was not Stunned, reduces its Physical and Magic ATK by ^{7}${2}%^{8} for ${3} seconds.	เพิ่มการลด DEF ของ [ Turbid Soul Impact ] เป็น ^{1}${1}^{2} เท่า พร้อมทำให้ติดสถานะ ^{3}^{4}[ Stun ]^{5}^{6} เพิ่มอีกเป็นเวลา @{2} วินาที แก่ศัตรูที่มี HP สูงกว่า @{1}% หาก HP ของเป้าหมายไม่เกิน @{3}% หรือเป้าหมายไม่ติด Stun ลด P.ATK และ M.ATK ของเป้าหมายลง ^{7}${2}%^{8} เป็นเวลา ${3} วินาที
10110300560	Grants 【Shadow Hoofprint】 to up to ${2} allies within a ${1}-meter radius of the master, increasing Movement Speed by ^{1}${3}%^{2} and Physical and Magic ATK by ^{3}${4}%^{4} for ${5} seconds.	มอบ [ Shadow Hoofprint ] ให้พันธมิตรสูงสุด ${2} คน ในรัศมี ${1} เมตรรอบเจ้าของ เพิ่ม MSPD ขึ้น ^{1}${3}%^{2} และเพิ่ม P.ATK กับ M.ATK ขึ้น ^{3}${4}%^{4} เป็นเวลา ${5} วินาที
10110300561	When casting a ^{1}Recovery-type^{2} or ^{3}Buff-type^{4} Primary Battle Skill, reduces the Physical and Magic ATK of up to ${2} enemies within a ${1}-meter radius of the owner by ^{5}${3}%^{6} and inflicts ^{7}【Sluggish】^{8} ${4}% for ${5} sec.	เมื่อใช้สกิลต่อสู้หลักประเภท ^{1}Recovery-type^{2} หรือ ^{3}Buff-type^{4} ลด P.ATK และ M.ATK ของศัตรูสูงสุด ${2} ตัว ในรัศมี ${1} เมตรรอบเจ้าของลง ^{5}${3}%^{6} และทำให้ติด ^{7}[ Sluggish ]^{8} ${4}% เป็นเวลา ${5} วินาที
10110300562	Deals Neutral melee Physical damage equal to Pet Physical ATK*^{1}${3}%^{2} to up to ${2} enemies within a ${1}-meter radius and reduces their Physical DEF by ^{3}${4}%^{4} for ${5} seconds.	สร้างดาเมจกายภาพระยะประชิดไร้ธาตุเท่ากับ P.ATK ของสัตว์เลี้ยง*^{1}${3}%^{2} แก่ศัตรูสูงสุด ${2} ตัว ในรัศมี ${1} เมตร และลด P.DEF ของพวกมันลง ^{3}${4}%^{4} เป็นเวลา ${5} วินาที
10110300564	When casting a ^{1}Shield-type^{2} Primary Battle Skill, Deals Neutral Ranged ^{7}Adaptive Damage^{8} equal to the owner's ^{3}Adaptive Attack^{4}*^{5}${3}%^{6} to up to ${2} enemies within ${1} meters of the owner and reduces their Healing Done and Healing Taken by ^{9}${4}%^{10} for ${5} sec.	เมื่อใช้สกิลต่อสู้หลักประเภท ^{1}Shield-type^{2} สร้างความเสียหายกายภาพไร้ธาตุระยะไกลแบบ ^{7}Adaptive Damage^{8} เท่ากับ ^{3}Adaptive Attack^{4} ของเจ้าของ*^{5}${3}%^{6} แก่ศัตรูสูงสุด ${2} ตัว ในระยะ ${1} เมตรรอบเจ้าของ และลดการฮีลที่พวกมันทำได้และได้รับลง ^{9}${4}%^{10} เป็นเวลา ${5} วินาที
10110300565	Fires repeatedly, dealing Neutral ranged Physical damage totaling Pet Physical ATK*^{1}${4}%^{2} to up to ${3} enemies in a ${1}-meter-by-${2}-meter rectangular area ahead, reducing their healing dealt and received by ^{3}${5}%^{4} and Crit Resistance by ^{5}${6}^{6} for ${7} seconds.	ยิงต่อเนื่อง สร้างดาเมจกายภาพระยะไกลไร้ธาตุรวมเท่ากับ P.ATK ของสัตว์เลี้ยง*^{1}${4}%^{2} แก่ศัตรูสูงสุด ${3} ตัว ในพื้นที่สี่เหลี่ยมขนาด ${1} เมตรคูณ ${2} เมตรด้านหน้า ลดการฮีลที่พวกมันทำได้และได้รับลง ^{3}${5}%^{4} และลด CRIT RES ลง ^{5}${6}^{6} เป็นเวลา ${7} วินาที
10110300566	Nightmare appears, dealing Neutral ranged ^{5}adaptive damage^{6} equal to the master's ^{1}Adaptive ATK^{2}*^{3}${4}%^{4} to up to ${3} enemies in a targeted area with a ${2}-meter radius within ${1} meters, and inflicts ^{7}^{8}【Immobilize】^{9}^{10} and ^{11}^{12}【Blind】^{13}^{14} for ${5} seconds.	Nightmare ปรากฏตัว สร้างความเสียหายกายภาพไร้ธาตุระยะไกลแบบ ^{5}Adaptive Damage^{6} เท่ากับ ^{1}Adaptive ATK^{2} ของเจ้าของ*^{3}${4}%^{4} แก่ศัตรูสูงสุด ${3} ตัว ในพื้นที่เป้าหมายรัศมี ${2} เมตร ซึ่งอยู่ในระยะ ${1} เมตร พร้อมทำให้ติด ^{7}^{8}[ Immobilize ]^{9}^{10} และ ^{11}^{12}[ Blind ]^{13}^{14} เป็นเวลา ${5} วินาที
10110300567	When an ^{1}Offensive-type^{2} or ^{3}Control-type^{4} Primary Battle Skill Deals DMG, inflicts ^{5}^{6}【Immobilize】^{7}^{8} and ^{9}^{10}【Blind】^{11}^{12} on enemies hit for ${1} sec.	เมื่อสกิลต่อสู้หลักประเภท ^{1}Offensive-type^{2} หรือ ^{3}Control-type^{4} สร้างดาเมจ ทำให้ศัตรูที่ถูกโจมตีติด ^{5}^{6}[ Immobilize ]^{7}^{8} และ ^{9}^{10}[ Blind ]^{11}^{12} เป็นเวลา ${1} วินาที
10110300568	Nightmare stomps the ground, dealing Neutral melee Physical damage equal to Pet Physical ATK*^{1}${3}%^{2} to up to ${2} enemies within a ${1}-meter radius ahead, and inflicts ^{3}^{4}【Immobilize】^{5}^{6} and ^{7}^{8}【Silence】^{9}^{10} for ${4} seconds.	Nightmare กระทืบพื้น สร้างดาเมจกายภาพระยะประชิดไร้ธาตุเท่ากับ P.ATK ของสัตว์เลี้ยง*^{1}${3}%^{2} แก่ศัตรูสูงสุด ${2} ตัว ในรัศมี ${1} เมตรด้านหน้า และทำให้ติด ^{3}^{4}[ Immobilize ]^{5}^{6} กับ ^{7}^{8}[ Silence ]^{9}^{10} เป็นเวลา ${4} วินาที
10110300570	When an ^{1}Offensive-type^{2} or ^{3}Debuff-type^{4} Primary Battle Skill Deals DMG to an enemy, it deals an Extra @{1} hits of Fire Ranged ^{9}Adaptive Damage^{10} totaling the owner's ^{5}Adaptive Attack^{6}*^{7}${1}%^{8} to the target.	เมื่อสกิลต่อสู้หลักประเภท ^{1}Offensive-type^{2} หรือ ^{3}Debuff-type^{4} สร้างดาเมจแก่ศัตรู สร้างความเสียหายกายภาพระยะไกลธาตุ Fire เพิ่มอีก @{1} ครั้ง แบบ ^{9}Adaptive Damage^{10} รวมเท่ากับ ^{5}Adaptive Attack^{6} ของเจ้าของ*^{7}${1}%^{8} แก่เป้าหมาย
10110300571	Deals Neutral ranged magic damage equal to Pet Magic ATK*^{1}${4}%^{2} to up to ${3} enemies in a ${1}-meter-by-${2}-meter rectangular area ahead, with a ${5}% Chance to additionally deal @{1} hits of Fire ranged magic damage totaling Pet Magic ATK*^{3}${6}%^{4}.	สร้างดาเมจเวทระยะไกลไร้ธาตุเท่ากับ M.ATK ของสัตว์เลี้ยง*^{1}${4}%^{2} แก่ศัตรูสูงสุด ${3} ตัว ในพื้นที่สี่เหลี่ยมขนาด ${1} เมตรคูณ ${2} เมตรด้านหน้า มีโอกาส ${5}% สร้างดาเมจเวทระยะไกลธาตุ Fire เพิ่มอีก @{1} ครั้ง รวมเท่ากับ M.ATK ของสัตว์เลี้ยง*^{3}${6}%^{4}
10110300572	Curses up to ${2} enemies within ${1} meters of the master, reducing their Cast Speed by ^{1}${3}^{2} for ${4} seconds.	สาปศัตรูสูงสุด ${2} ตัว ในระยะ ${1} เมตรรอบเจ้าของ ลด Cast Speed ของพวกมันลง ^{1}${3}^{2} เป็นเวลา ${4} วินาที
10110300573	When an ^{1}Offensive-type^{2} or ^{3}Control-type^{4} Primary Battle Skill Deals DMG, reduces the Cast Speed of enemies hit by ^{5}${1}^{6} and increases their MP Cost by ^{7}${2}%^{8} for ${3} sec.	เมื่อสกิลต่อสู้หลักประเภท ^{1}Offensive-type^{2} หรือ ^{3}Control-type^{4} สร้างดาเมจ ลด Cast Speed ของศัตรูที่ถูกโจมตีลง ^{5}${1}^{6} และเพิ่ม MP ที่พวกมันใช้ขึ้น ^{7}${2}%^{8} เป็นเวลา ${3} วินาที
10110300574	Consumes ${1}% of current HP to Curse nearby enemies, reducing the Physical and Magic DEF of up to ${3} enemies within a ${2}-meter radius by ^{1}${4}%^{2} for ${5} seconds. For the next ${6} seconds, damage dealt increases by ^{3}${7}%^{4} for every @{1}% HP lost, up to ${8}%, for ${9} seconds.	ใช้ ${1}% ของ HP ปัจจุบันเพื่อสาปศัตรูใกล้เคียง ลด P.DEF และ M.DEF ของศัตรูสูงสุด ${3} ตัว ในรัศมี ${2} เมตรลง ^{1}${4}%^{2} เป็นเวลา ${5} วินาที ใน ${6} วินาทีถัดไป ดาเมจที่ทำได้เพิ่มขึ้น ^{3}${7}%^{4} ต่อทุก @{1}% HP ที่เสียไป สูงสุด ${8}% เป็นเวลา ${9} วินาที
10110300575	Ancient Tree Entanglement pulls up to ${2} enemies within a ${1}-meter radius toward the caster and deals Neutral melee ^{5}adaptive damage^{6} equal to the master's ^{1}Adaptive ATK^{2}*^{3}${3}%^{4}.	Ancient Tree Entanglement ดึงศัตรูสูงสุด ${2} ตัว ในรัศมี ${1} เมตรเข้าหาผู้ใช้ และสร้างความเสียหายกายภาพไร้ธาตุระยะประชิดแบบ ^{5}Adaptive Damage^{6} เท่ากับ ^{1}Adaptive ATK^{2} ของเจ้าของ*^{3}${3}%^{4}
10110300609	For ${1} sec after casting an ^{1}Offensive-type^{2} or ^{3}Recovery-type^{4} Primary Battle Skill, the owner gains ^{5}${2}^{6} Cast Speed.	ภายใน ${1} วินาทีหลังใช้สกิลต่อสู้หลักประเภท ^{1}Offensive-type^{2} หรือ ^{3}Recovery-type^{4} เจ้าของได้รับ Cast Speed ^{5}${2}^{6}
10110300610	Restores ^{1}${3}%^{2} of Max ^{3}Life^{4} to you and up to ${2} allies within ${1}m, and increases all targets' ^{5}Movement Speed by ${4}%^{6} for ^{7}${5} sec.	ฟื้นฟู ^{1}${3}%^{2} ของ Max ^{3}HP^{4} ให้คุณและพันธมิตรสูงสุด ${2} คน ในระยะ ${1} เมตร และเพิ่ม ^{5}MSPD ของทุกเป้าหมายขึ้น ${4}%^{6} เป็นเวลา ^{7}${5} วินาที
10110300611	Milly deals Neutral ranged Physical damage equal to Physical ATK *^{1}${2}%^{2} to the designated ST enemy within ${1} meters.	Milly สร้างดาเมจกายภาพระยะไกลไร้ธาตุเท่ากับ P.ATK *^{1}${2}%^{2} แก่ศัตรูแบบ Single Target ที่กำหนดในระยะ ${1} เมตร
10110300612	Clock turns the dial, dealing Neutral ranged magic damage equal to Magic ATK *^{1}${3}%^{2} to up to ${2} enemies within ${1} meters, with a ${4}% Chance to inflict the^{3} ^{4}【Silence】^{5} ^{6}status for ${5} seconds.	Clock หมุนหน้าปัด สร้างดาเมจเวทระยะไกลไร้ธาตุเท่ากับ M.ATK *^{1}${3}%^{2} แก่ศัตรูสูงสุด ${2} ตัว ในระยะ ${1} เมตร มีโอกาส ${4}% ทำให้ติดสถานะ^{3} ^{4}[ Silence ]^{5} ^{6}เป็นเวลา ${5} วินาที
10110300613	When casting an ^{1}Immunity-type^{2} Primary Battle Skill, extends the duration of its Immunity Buff by ^{3}${1}^{4} sec.	เมื่อใช้สกิลต่อสู้หลักประเภท ^{1}Immunity-type^{2} เพิ่มระยะเวลาบัฟ Immunity ของสกิลนั้นอีก ^{3}${1}^{4} วินาที
10110300614	When the bell tolls, Clock removes all control effects from its master and grants ${1} sec. of ^{1}^{2}【Control Immunity】^{3}^{4}. It also has a ^{5}${2}%^{6} Chance to inflict ^{9}^{10}【Silence】^{11}^{12} for ^{7}${5}^{8} sec. on up to ${4} enemies within ${3} meters of its master.	เมื่อระฆังดัง Clock ล้างผลควบคุมทั้งหมดจากเจ้าของและมอบระยะเวลา ${1} วินาทีของ ^{1}^{2}[ Control Immunity ]^{3}^{4} พร้อมมีโอกาส ^{5}${2}%^{6} ทำให้ติด ^{9}^{10}[ Silence ]^{11}^{12} เป็นเวลา ^{7}${5}^{8} วินาที แก่ศัตรูสูงสุด ${4} ตัว ในระยะ ${3} เมตรรอบเจ้าของ
10110300615	When the bell tolls, Clock removes all control effects from its master and, for ${1} seconds, becomes ^{1}immune to all control effects^{2}. It also has a ^{3}${2}%^{4} Chance to inflict ^{5}${5}^{6} seconds of ^{7}^{8}【Silence】^{9}^{10} on up to ${4} enemies within ${3} meters of its master.	เมื่อระฆังดัง Clock ล้างผลควบคุมทั้งหมดจากเจ้าของ และเป็นเวลา ${1} วินาที ^{1}ป้องกันผลควบคุมทั้งหมด^{2} พร้อมมีโอกาส ^{3}${2}%^{4} ทำให้ติดสถานะนาน ^{5}${5}^{6} วินาที: ^{7}^{8}[ Silence ]^{9}^{10} แก่ศัตรูสูงสุด ${4} ตัว ในระยะ ${3} เมตรรอบเจ้าของ
10110300617	^{1}Offensive-type^{2} and ^{3}Recovery-type^{4} Primary Battle Skills can be cast while under Control. They Dispel Control from the owner and grant ^{5}^{6}【Immunity】^{7}^{8} for ${1} sec.	สกิลต่อสู้หลักประเภท ^{1}Offensive-type^{2} และ ^{3}Recovery-type^{4} ใช้ได้ขณะถูกควบคุม ล้างผลควบคุมจากเจ้าของและมอบ ^{5}^{6}[ Immunity ]^{7}^{8} เป็นเวลา ${1} วินาที
10220300428	Immune to damage and debuffs.	ป้องกันดาเมจและดีบัฟ
10220300482	Cannot move	ไม่สามารถเคลื่อนที่ได้
10800100158	${1}% Chance to evade ${2}% of incoming damage. Built-in cooldown: ${3} sec.	มีโอกาส ${1}% หลบดาเมจที่เข้ามา ${2}% CD ภายใน: ${3} วินาที
10800100159	Life Regen +${1}%	การฟื้นฟู HP +${1}%
10800100160	When receiving a fatal attack from a player, there is a ${1}% Chance to Revive with ${2}% Life (Unique Effect)	เมื่อได้รับการโจมตีถึงตายจากผู้เล่น มีโอกาส ${1}% ชุบชีวิตด้วย HP ${2}% (ผลเฉพาะ)
10800100161	${1}% Chance to deal a double critical hit. Double critical hits are affected by CRIT DMG	มีโอกาส ${1}% ทำให้เกิด Double Critical ซึ่งได้รับผลจาก CRIT DMG
10800100162	Allows use of ^{1}^{2}Divine Light Lv. @{1}^{3}^{4}.	สามารถใช้ ^{1}^{2}Divine Light Lv. @{1}^{3}^{4} ได้
10800100163	Allows use of ^{1}^{2}Hiding Lv. @{1}^{3}^{4}.	สามารถใช้ ^{1}^{2}Hiding Lv. @{1}^{3}^{4} ได้
10800100164	Allows use of ^{1}^{2}Magnum Break Lv. @{1}^{3}^{4}.	สามารถใช้ ^{1}^{2}Magnum Break Lv. @{1}^{3}^{4} ได้
10800100165	Changes armor to the Earth property.	เปลี่ยนธาตุเกราะเป็น Earth
10800100166	Changes armor to the Water property.	เปลี่ยนธาตุเกราะเป็น Water
10800100167	Changes armor to the Wind property.	เปลี่ยนธาตุเกราะเป็น Wind
10800100168	Changes armor to the Poison property.	เปลี่ยนธาตุเกราะเป็น Poison
10800100169	Changes armor to the Fire property.	เปลี่ยนธาตุเกราะเป็น Fire
10800100170	Changes armor to the Ghost property.	เปลี่ยนธาตุเกราะเป็น Ghost
10800100171	Makes the weapon indestructible.	ทำให้อาวุธไม่สามารถถูกทำลายได้
10800100172	Makes the armor indestructible.	ทำให้เกราะไม่สามารถถูกทำลายได้
10800100173	Every ${1} HIT increases Physical damage by ${2}%, up to ${3}%.	ทุก ${1} Hit เพิ่ม P.DMG ขึ้น ${2}% สูงสุด ${3}%
10800100174	Allows use of ^{1}^{2}Hiding Lv. @{1}^{3}^{4} and ^{5}^{6}Sightless Mind Lv. @{2}^{7}^{8}.	สามารถใช้ ^{1}^{2}Hiding Lv. @{1}^{3}^{4} และ ^{5}^{6}Sightless Mind Lv. @{2}^{7}^{8} ได้
10800100175	Allows use of ^{1}^{2}Hiding Lv. @{1}^{3}^{4} and ^{5}^{6}Sightless Mind Lv. @{2}^{7}^{8}. Sightless Mind is guaranteed to inflict Stun.	สามารถใช้ ^{1}^{2}Hiding Lv. @{1}^{3}^{4} และ ^{5}^{6}Sightless Mind Lv. @{2}^{7}^{8} ได้ Sightless Mind ทำให้ติด Stun แน่นอน
10800100176	Allows use of ^{1}^{2}Envenom Lv. @{1}^{3}^{4}.	สามารถใช้ ^{1}^{2}Envenom Lv. @{1}^{3}^{4} ได้
10800100177	Allows use of ^{1}^{2}Sight Lv. @{1}^{3}^{4}.	สามารถใช้ ^{1}^{2}Sight Lv. @{1}^{3}^{4} ได้
10800100178	Magic ATK +@{1} for each skill on this Totem	M.ATK +@{1} ต่อแต่ละสกิลบน Totem นี้
10800100179	Physical ATK +@{1} for each skill on this Totem	P.ATK +@{1} ต่อแต่ละสกิลบน Totem นี้
10800100180	DMG Reduction +@{1}% for each skill on this Totem.	การลดดาเมจ +@{1}% ต่อแต่ละสกิลบน Totem นี้
10800100181	Healing +@{1}% for each skill on this Totem.	การฮีล +@{1}% ต่อแต่ละสกิลบน Totem นี้
10800100182	When HP is above ${1}%, increases Magic ATK by 【Character Lv.*${2}】.	เมื่อ HP สูงกว่า ${1}% เพิ่ม M.ATK ขึ้น [ Character Lv.*${2} ]
10800100183	When HP is above ${1}%, increases Physical ATK by 【Character Lv.*${2}】.	เมื่อ HP สูงกว่า ${1}% เพิ่ม P.ATK ขึ้น [ Character Lv.*${2} ]
10800100184	When HP is above ${1}%, increases healing efficiency by ${2}%.	เมื่อ HP สูงกว่า ${1}% เพิ่มประสิทธิภาพการฮีลขึ้น ${2}%
10800100185	When HP is below ${1}%, increases Physical DEF and Magic DEF by 【Character Lv.*${2}】.	เมื่อ HP ต่ำกว่า ${1}% เพิ่ม P.DEF และ M.DEF ขึ้น [ Character Lv.*${2} ]
10800100186	Increases Magic ATK by 【Character Lv.*${1}】.	เพิ่ม M.ATK ขึ้น [ Character Lv.*${1} ]
10800100187	Increases Physical ATK by 【Character Lv.*${1}】.	เพิ่ม P.ATK ขึ้น [ Character Lv.*${1} ]
10800100188	Increases Magic DEF by 【Character Lv.*${1}】.	เพิ่ม M.DEF ขึ้น [ Character Lv.*${1} ]
10800100189	Increases Physical DEF by 【Character Lv.*${1}】.	เพิ่ม P.DEF ขึ้น [ Character Lv.*${1} ]
10800100190	Increases Max Life by 【Character Lv.*${1}】.	เพิ่ม Max HP ขึ้น [ Character Lv.*${1} ]
10800100191	Increases Penetration Curse by [your Lv. * ${1}].	เพิ่ม Penetration Curse ขึ้น [ your Lv. * ${1} ]
10800100192	Increases Magic-Breaking Curse by [your Lv. * ${1}].	เพิ่ม Magic-Breaking Curse ขึ้น [ your Lv. * ${1} ]
10800100193	Increases HIT by 【Character Lv.*${1}】.	เพิ่ม Hit ขึ้น [ Character Lv.*${1} ]
10800100194	Increases FLEE by 【Character Lv.*${1}】.	เพิ่ม Flee ขึ้น [ Character Lv.*${1} ]
10800100195	Reduces Neutral damage taken by ${1}%.	ลดดาเมจไร้ธาตุที่ได้รับลง ${1}%
10800100196	Reduces Wind damage taken by ${1}%.	ลดดาเมจธาตุ Wind ที่ได้รับลง ${1}%
10800100197	Reduces Earth damage taken by ${1}%.	ลดดาเมจธาตุ Earth ที่ได้รับลง ${1}%
10800100198	Reduces Fire damage taken by ${1}%.	ลดดาเมจธาตุ Fire ที่ได้รับลง ${1}%
10800100200	Reduces Poison damage taken by ${1}%.	ลดดาเมจธาตุ Poison ที่ได้รับลง ${1}%
10800100201	Reduces Holy damage taken by ${1}%.	ลดดาเมจธาตุ Holy ที่ได้รับลง ${1}%
10800100202	Reduces Shadow damage taken by ${1}%.	ลดดาเมจธาตุ Shadow ที่ได้รับลง ${1}%
10800100203	Reduces Ghost damage taken by ${1}%.	ลดดาเมจธาตุ Ghost ที่ได้รับลง ${1}%
10800100204	Reduces Undead damage taken by ${1}%.	ลดดาเมจธาตุ Undead ที่ได้รับลง ${1}%
10800100205	Grants ${1} DMG vs All Job, plus an Extra ${2} DMG vs All Job for each skill on this Totem.	ได้รับดาเมจต่อทุกอาชีพ ${1} และเพิ่มอีก ${2} ต่อแต่ละสกิลบน Totem นี้
10800100206	Grants ${1} DMG Reduction vs All Job, plus an Extra ${2} DMG Reduction vs All Job for each skill on this Totem.	ได้รับการลดดาเมจจากทุกอาชีพ ${1} และเพิ่มอีก ${2} ต่อแต่ละสกิลบน Totem นี้
10800100207	Grants ${1} Hunting Skill, plus an Extra ${2} Hunting Skill for each skill on this Totem.	ได้รับ Hunting Skill ${1} และเพิ่มอีก ${2} ต่อแต่ละสกิลบน Totem นี้
10800100208	Increases Hunting Protection by ${1}. Each skill on this Totem grants an Extra ${2} Hunting Protection.	เพิ่ม Hunting Protection ขึ้น ${1} แต่ละสกิลบน Totem นี้มอบ Hunting Protection เพิ่มอีก ${2}
10800100209	Magic damage +${1}%. Each Floor of the Magic Damage buff grants an Extra ${2}% Magic damage	M.DMG +${1}% แต่ละชั้นของบัฟ Magic Damage เพิ่ม M.DMG อีก ${2}%
10800100210	Increases the maximum Floors of the Magic buff on the current Totem by ${1}.	เพิ่มจำนวนชั้นสูงสุดของบัฟ Magic บน Totem ปัจจุบันอีก ${1}
10800100211	Melee Physical damage +${1}%. Each Floor of the Physical Damage buff grants an Extra ${2}% melee Physical damage	ดาเมจกายภาพระยะประชิด +${1}% แต่ละชั้นของบัฟ Physical Damage เพิ่มดาเมจกายภาพระยะประชิดอีก ${2}%
10800100212	Ranged Physical damage +${1}%. Each Floor of the Physical Damage buff grants an Extra ${2}% ranged Physical damage	ดาเมจกายภาพระยะไกล +${1}% แต่ละชั้นของบัฟ Physical Damage เพิ่มดาเมจกายภาพระยะไกลอีก ${2}%
10800100213	Increases the maximum Floors of the Physical Damage buff on the current Totem by ${1}.	เพิ่มจำนวนชั้นสูงสุดของบัฟ Physical Damage บน Totem ปัจจุบันอีก ${1}
10800100214	Increases DMG Reduction by ${1}%. Each Floor of the Defense buff grants an Extra ${2}% DMG Reduction.	เพิ่มการลดดาเมจขึ้น ${1}% แต่ละชั้นของบัฟ Defense เพิ่มการลดดาเมจอีก ${2}%
10800100215	Increases the maximum Floors of the Defense buff on this Totem by ${1}.	เพิ่มจำนวนชั้นสูงสุดของบัฟ Defense บน Totem นี้อีก ${1}
10800100216	Increases healing by ${1}%. Each Floor of the Healing buff grants an Extra ${2}% healing.	เพิ่มการฮีลขึ้น ${1}% แต่ละชั้นของบัฟ Healing เพิ่มการฮีลอีก ${2}%
10800100217	Increases the maximum Floors of the Healing buff on this Totem by ${1}.	เพิ่มจำนวนชั้นสูงสุดของบัฟ Healing บน Totem นี้อีก ${1}
10800100218	Unique Effect: CRIT +${1}. Each stack grants an Extra ${2}.	ผลเฉพาะ: CRIT +${1} แต่ละ stacks เพิ่มอีก ${2}
10800100219	Unique Effect: CRIT DMG +${1}%. Each stack grants an Extra ${2}%.	ผลเฉพาะ: CRIT DMG +${1}% แต่ละ stacks เพิ่มอีก ${2}%
10800100220	Unique Effect: CRIT RES +${1}. Each stack grants an Extra ${2}.	ผลเฉพาะ: CRIT RES +${1} แต่ละ stacks เพิ่มอีก ${2}
10800100221	Unique Effect: CRIT DMG Reduction +${1}%. Each stack grants an Extra ${2}%.	ผลเฉพาะ: การลด CRIT DMG +${1}% แต่ละ stacks เพิ่มอีก ${2}%
10800100222	For every ${1} STR, increases Physical ATK by ${2}, up to ${3}.	ทุก ${1} STR เพิ่ม P.ATK ขึ้น ${2} สูงสุด ${3}
10800100223	For every ${1} AGI, increases Physical ATK by ${2}, up to ${3}.	ทุก ${1} AGI เพิ่ม P.ATK ขึ้น ${2} สูงสุด ${3}
10800100224	For every ${1} LUK, increases Physical ATK by ${2}, up to ${3}.	ทุก ${1} LUK เพิ่ม P.ATK ขึ้น ${2} สูงสุด ${3}
10800100225	For every ${1} INT, increases Magic ATK by ${2}, up to ${3}.	ทุก ${1} INT เพิ่ม M.ATK ขึ้น ${2} สูงสุด ${3}
10800100226	For every ${1} DEX, increases Magic ATK by ${2}, up to ${3}.	ทุก ${1} DEX เพิ่ม M.ATK ขึ้น ${2} สูงสุด ${3}
10800100227	For every ${1} DEX, increases Physical ATK by ${2}, up to ${3}.	ทุก ${1} DEX เพิ่ม P.ATK ขึ้น ${2} สูงสุด ${3}
10800100228	For every ${1} VIT, increases Max Life by ${2}, up to ${3}.	ทุก ${1} VIT เพิ่ม Max HP ขึ้น ${2} สูงสุด ${3}
10800100229	Increases Physical damage dealt to Brute and Insect monsters by ${1}%, and Movement Speed by ${2}%.	เพิ่ม P.DMG ที่ทำต่อมอนสเตอร์ Brute และ Insect ขึ้น ${1}% และ MSPD ขึ้น ${2}%
10800100235	Each Soul Echo element^{1} grants ${1} Extra ATK (up to ${2} elements).	แต่ละองค์ประกอบ Soul Echo^{1} มอบ ATK เพิ่มอีก ${1} (คำนวณสูงสุด ${2} องค์ประกอบ)
10800100236	Each Soul Echo element^{1} grants ${1} Extra DEF (up to ${2} elements).	แต่ละองค์ประกอบ Soul Echo^{1} มอบ DEF เพิ่มอีก ${1} (คำนวณสูงสุด ${2} องค์ประกอบ)
10800100238	After casting ^{1}^{2}[Basic Attack]^{3}^{4}, there is a ${1}% Chance to Deals DMG equal to PATK * ${4}% + ${5} as Neutral Melee Physical damage to up to ${3} enemies within a ${2}-meter radius of you. Cooldown: ${6} seconds.	หลังใช้ ^{1}^{2}[ Basic Attack ]^{3}^{4} มีโอกาส ${1}% สร้างดาเมจกายภาพระยะประชิดไร้ธาตุเท่ากับ P.ATK * ${4}% + ${5} แก่ศัตรูสูงสุด ${3} ตัว ในรัศมี ${2} เมตรรอบตัวคุณ Cooldown: ${6} วินาที
10800100239	After casting ^{1}^{2}[Basic Attack]^{3}^{4}, there is a ${1}% Chance to Deals DMG to the enemy an Extra ${2} times, each dealing PATK * ${3}% + ${4} as Neutral Melee Physical damage. Cooldown: ${5} seconds.	หลังใช้ ^{1}^{2}[ Basic Attack ]^{3}^{4} มีโอกาส ${1}% สร้างดาเมจแก่ศัตรูเพิ่มอีก ${2} ครั้ง แต่ละครั้งสร้างดาเมจกายภาพระยะประชิดไร้ธาตุเท่ากับ P.ATK * ${3}% + ${4} Cooldown: ${5} วินาที
10800100241	After casting ^{1}^{2}[Sonic Blow]^{3}^{4}, there is a ${1}% Chance to Deals DMG equal to PATK * ${4}% + ${5} as Neutral Melee Physical damage to up to ${3} enemies within a ${2}-meter radius of you. Cooldown: ${6} seconds.	หลังใช้ ^{1}^{2}[ Sonic Blow ]^{3}^{4} มีโอกาส ${1}% สร้างดาเมจกายภาพระยะประชิดไร้ธาตุเท่ากับ P.ATK * ${4}% + ${5} แก่ศัตรูสูงสุด ${3} ตัว ในรัศมี ${2} เมตรรอบตัวคุณ Cooldown: ${6} วินาที
10800100242	^{1}^{2}[Sonic Blow]^{3}^{4}'s percentage damage multiplier increases by ${1}%, and its fixed damage increases by ${2}. The upper HP percentage threshold for ^{5}^{6}[Sonic Blow]^{7}^{8}'s DMG Bonus increases by ${3}%.	ตัวคูณดาเมจแบบเปอร์เซ็นต์ของ ^{1}^{2}[ Sonic Blow ]^{3}^{4} เพิ่มขึ้น ${1}% และดาเมจส่วนค่าคงที่เพิ่มขึ้น ${2} เกณฑ์เปอร์เซ็นต์ HP สูงสุดสำหรับโบนัสดาเมจของ ^{5}^{6}[ Sonic Blow ]^{7}^{8} เพิ่มขึ้น ${3}%
10800100244	After casting ^{1}^{2}[Envenomed Blade]^{3}^{4} ${1} times, triggers ^{5}^{6}[Venom Sting]^{7}^{8} damage ${2} times on the target.	หลังใช้ ^{1}^{2}[ Envenomed Blade ]^{3}^{4} ${1} ครั้ง ทำให้เกิดดาเมจของ ^{5}^{6}[ Venom Sting ]^{7}^{8} ใส่เป้าหมาย ${2} ครั้ง
10800100245	^{1}^{2}[Envenomed Blade]^{3}^{4}'s ricochet effect gains an Extra ${1} bounce.	ผลชิ่งของ ^{1}^{2}[ Envenomed Blade ]^{3}^{4} ชิ่งเพิ่มอีก ${1} ครั้ง
10800100248	For ${1} seconds after casting ^{1}^{2}[Grimtooth]^{3}^{4}, the percentage damage multiplier of your next ${2} casts of ^{5}^{6}[Basic Attack]^{7}^{8}, ^{9}^{10}[Sonic Blow]^{11}^{12}, or ^{13}^{14}[Envenomed Blade]^{15}^{16} increases by ${3}%, and their fixed damage increases by ${4}.	ภายใน ${1} วินาทีหลังใช้ ^{1}^{2}[ Grimtooth ]^{3}^{4} ตัวคูณดาเมจแบบเปอร์เซ็นต์ของการใช้ ${2} ครั้งถัดไปของ ^{5}^{6}[ Basic Attack ]^{7}^{8}, ^{9}^{10}[ Sonic Blow ]^{11}^{12} หรือ ^{13}^{14}[ Envenomed Blade ]^{15}^{16} เพิ่มขึ้น ${3}% และดาเมจส่วนค่าคงที่เพิ่มขึ้น ${4}
10800100250	Reduces the Cooldown of ^{1}^{2}[Hiding]^{3}^{4}, ^{5}^{6}[Back Slide]^{7}^{8}, and ^{9}^{10}[Disguise]^{11}^{12} by ${1} seconds.	ลด Cooldown ของ ^{1}^{2}[ Hiding ]^{3}^{4}, ^{5}^{6}[ Back Slide ]^{7}^{8} และ ^{9}^{10}[ Disguise ]^{11}^{12} ลง ${1} วินาที
10800100251	Learning ^{1}^{2}[Katar Mastery]^{3}^{4} and ^{5}^{6}[Dual-Wield Mastery]^{7}^{8} grants an Extra ${1} AGI.	เมื่อเรียน ^{1}^{2}[ Katar Mastery ]^{3}^{4} และ ^{5}^{6}[ Dual-Wield Mastery ]^{7}^{8} ได้รับ AGI เพิ่มอีก ${1}
10800100252	When a dagger or katar is equipped, Physical ATK +${1}.	เมื่อสวมมีดหรือกาตาร์ P.ATK +${1}
10800100253	For ${1} seconds after casting ^{1}^{2}[Disguise]^{3}^{4}, your next attack Deals DMG to the enemy an Extra ${2} times, each dealing PATK * ${3}% + ${4} as Neutral Melee Physical damage.	ภายใน ${1} วินาทีหลังใช้ ^{1}^{2}[ Disguise ]^{3}^{4} การโจมตีครั้งถัดไปสร้างดาเมจแก่ศัตรูเพิ่มอีก ${2} ครั้ง แต่ละครั้งสร้างดาเมจกายภาพระยะประชิดไร้ธาตุเท่ากับ P.ATK * ${3}% + ${4}
10800100254	When ^{1}^{2}[Double Attack]^{3}^{4} triggers, it additionally Deals DMG equal to PATK * ${3}% + ${4} as Neutral Melee Physical damage to up to ${2} enemies within a ${1}-meter radius of you. Cooldown: ${5} seconds.	เมื่อ ^{1}^{2}[ Double Attack ]^{3}^{4} เกิดผล สร้างดาเมจกายภาพระยะประชิดไร้ธาตุเพิ่มเติมเท่ากับ P.ATK * ${3}% + ${4} แก่ศัตรูสูงสุด ${2} ตัว ในรัศมี ${1} เมตรรอบตัวคุณ Cooldown: ${5} วินาที
10800100255	^{1}^{2}【Virus Spread】^{3}^{4} Damage Increase: ${1}% to the percentage damage multiplier and ${2} to fixed damage.	^{1}^{2}[ Virus Spread ]^{3}^{4} เพิ่มดาเมจ: ตัวคูณดาเมจแบบเปอร์เซ็นต์เพิ่มขึ้น ${1}% และดาเมจส่วนค่าคงที่เพิ่มขึ้น ${2}
10800100256	After casting ^{1}^{2}【Virus Spread】^{3}^{4}, deals Extra Neutral melee Physical damage equal to PATK * ${1}% + ${2} to a single enemy.	หลังใช้ ^{1}^{2}[ Virus Spread ]^{3}^{4} สร้างดาเมจกายภาพระยะประชิดไร้ธาตุเพิ่มเติมเท่ากับ P.ATK * ${1}% + ${2} แก่ศัตรูหนึ่งตัว
10800100257	After casting ^{1}^{2}【Virus Spread】^{3}^{4}, deals Poison melee Physical damage equal to PATK * ${3}% + ${4} to up to ${2} enemies within a ${1}-meter radius of a random target hit.	หลังใช้ ^{1}^{2}[ Virus Spread ]^{3}^{4} สร้างดาเมจกายภาพระยะประชิดธาตุ Poison เท่ากับ P.ATK * ${3}% + ${4} แก่ศัตรูสูงสุด ${2} ตัว ในรัศมี ${1} เมตรรอบเป้าหมายที่ถูกโจมตีซึ่งสุ่มมา
10800100258	The PATK granted by ^{1}^{2}【Deadly Poison】^{3}^{4} is increased by ${1}.	P.ATK ที่ ^{1}^{2}[ Deadly Poison ]^{3}^{4} มอบให้เพิ่มขึ้น ${1}
10800100259	^{1}^{2}【Deadly Poison】^{3}^{4} Damage Increase: ${1}% to the percentage damage multiplier and ${2} to fixed damage.	^{1}^{2}[ Deadly Poison ]^{3}^{4} เพิ่มดาเมจ: ตัวคูณดาเมจแบบเปอร์เซ็นต์เพิ่มขึ้น ${1}% และดาเมจส่วนค่าคงที่เพิ่มขึ้น ${2}
10800100260	The Chance for ^{1}^{2}【Deadly Poison】^{3}^{4} to trigger ^{5}^{6}【Venom Sting】^{7}^{8} is increased by ${1}%.	โอกาสที่ ^{1}^{2}[ Deadly Poison ]^{3}^{4} ทำให้เกิด ^{5}^{6}[ Venom Sting ]^{7}^{8} เพิ่มขึ้น ${1}%
10800100261	^{1}^{2}【Soul Destroyer】^{3}^{4} Damage Increase: ${1}% to the percentage damage multiplier and ${2} to fixed damage. Variable CT is reduced by ${3}%.	^{1}^{2}[ Soul Destroyer ]^{3}^{4} เพิ่มดาเมจ: ตัวคูณดาเมจแบบเปอร์เซ็นต์เพิ่มขึ้น ${1}% และดาเมจส่วนค่าคงที่เพิ่มขึ้น ${2} ลด VCT ลง ${3}%
10800100262	After every ${1} casts of ^{1}^{2}【Soul Destroyer】^{3}^{4}, the next ^{5}^{6}【Soul Destroyer】^{7}^{8} becomes 【Advanced Soul Destroyer】, with its percentage damage multiplier increased by ${2}% and fixed damage increased by ${3}.	ทุกการใช้ ${1} ครั้งของ ^{1}^{2}[ Soul Destroyer ]^{3}^{4} การใช้ ^{5}^{6}[ Soul Destroyer ]^{7}^{8} ครั้งถัดไปเปลี่ยนเป็น [ Advanced Soul Destroyer ] โดยตัวคูณดาเมจแบบเปอร์เซ็นต์เพิ่มขึ้น ${2}% และดาเมจส่วนค่าคงที่เพิ่มขึ้น ${3}
10800100263	^{1}^{2}【Soul Destroyer】^{3}^{4} cast Distance is increased by ${1} meters. After casting, deals Neutral melee Physical damage equal to PATK * ${4}% + ${5} to up to ${3} enemies within a ${2}-meter radius of the target.	ระยะใช้ ^{1}^{2}[ Soul Destroyer ]^{3}^{4} เพิ่มขึ้น ${1} เมตร หลังใช้ สร้างดาเมจกายภาพระยะประชิดไร้ธาตุเท่ากับ P.ATK * ${4}% + ${5} แก่ศัตรูสูงสุด ${3} ตัว ในรัศมี ${2} เมตรรอบเป้าหมาย
10800100264	^{1}^{2}【Meteor Assault】^{3}^{4} Damage Increase: ${1}% to the percentage damage multiplier and ${2} to fixed damage.	^{1}^{2}[ Meteor Assault ]^{3}^{4} เพิ่มดาเมจ: ตัวคูณดาเมจแบบเปอร์เซ็นต์เพิ่มขึ้น ${1}% และดาเมจส่วนค่าคงที่เพิ่มขึ้น ${2}
10800100265	The Stun and Blind Chance of ^{1}^{2}【Meteor Assault】^{3}^{4} is increased by ${1}%.	โอกาส Stun และ Blind ของ ^{1}^{2}[ Meteor Assault ]^{3}^{4} เพิ่มขึ้น ${1}%
10800100266	After casting ^{1}^{2}【Meteor Assault】^{3}^{4}, deals Neutral melee Physical damage equal to PATK * ${3}% + ${4} to up to ${2} enemies within a ${1}-meter radius of you.	หลังใช้ ^{1}^{2}[ Meteor Assault ]^{3}^{4} สร้างดาเมจกายภาพระยะประชิดไร้ธาตุเท่ากับ P.ATK * ${3}% + ${4} แก่ศัตรูสูงสุด ${2} ตัว ในรัศมี ${1} เมตรรอบตัวคุณ
10800100267	Learn ^{1}^{2}【Advanced Katar Mastery】^{3}^{4} to gain an Extra ${1} PATK.	เรียน ^{1}^{2}[ Advanced Katar Mastery ]^{3}^{4} เพื่อรับ P.ATK เพิ่มอีก ${1}
10800100268	Each CRIT with ^{1}^{2}【Advanced Katar Mastery】^{3}^{4} now grants ${1} Floors.	แต่ละครั้งที่ติด CRIT ด้วย ^{1}^{2}[ Advanced Katar Mastery ]^{3}^{4} จะได้รับ ${1} ชั้น
10800100269	The trigger Chance of ^{1}^{2}【Double Attack】^{3}^{4} is increased by ${1}%.	โอกาสเกิดผลของ ^{1}^{2}[ Double Attack ]^{3}^{4} เพิ่มขึ้น ${1}%
10220300423	An Archer has their sights set on you.	Archer กำลังเล็งคุณอยู่
10220300424	Emperium takes @{1}% less damage for @{2} sec.	Emperium ได้รับดาเมจลดลง @{1}% เป็นเวลา @{2} วินาที
10220300425	Stunned by the Emperium's shockwave for @{1} sec.	ติด Stun จากคลื่นกระแทกของ Emperium เป็นเวลา @{1} วินาที
10220300426	While the Orbit persists, allies within a radius of @{1} meters gain increased Movement Speed, while the Madogear Pilot gains @{2}% Damage Reduction.	ขณะวงโคจรคงอยู่ พันธมิตรในรัศมี @{1} เมตรได้รับ MSPD เพิ่มขึ้น ส่วน Madogear Pilot ได้รับการลดดาเมจ @{2}%
10220300427	Immune to knockback, knock-up, Stun, Freeze, Petrify, Silence, Immobilize, and Blind.	ป้องกันการผลัก การกระเด็นขึ้น, Stun, Freeze, Petrify, Silence, Immobilize และ Blind
10220300429	Protected by the power of light, granting Endure and immunity to control effects and knockback for @{1} sec.	ได้รับการคุ้มครองจากพลังแสง มอบ Endure และป้องกันผลควบคุมกับการผลักเป็นเวลา @{1} วินาที
10220300430	STR, INT, and DEX each increase by @{1} points for @{2} sec.	เพิ่ม STR, INT และ DEX อย่างละ @{1} แต้ม เป็นเวลา @{2} วินาที
10220300431	Gradually restores Life while out of combat.	ค่อยๆ ฟื้นฟู HP ขณะอยู่นอกการต่อสู้
10220300433	You are in a Safe Zone. You cannot take damage, but you also cannot attack.	คุณอยู่ในเขตปลอดภัย ไม่สามารถได้รับดาเมจ แต่ไม่สามารถโจมตีได้เช่นกัน
10220300434	You never feel fatigued.	คุณจะไม่รู้สึกเหนื่อยล้า
10220300435	Victory provides a tremendous morale boost!	ชัยชนะเพิ่มขวัญกำลังใจอย่างมาก!
10220300436	Continuously restores a large amount of Life and increases damage	ฟื้นฟู HP จำนวนมากอย่างต่อเนื่องและเพิ่มดาเมจ
10220300437	DMG Bonus	โบนัสดาเมจ
10220300438	Continuously restores Life	ฟื้นฟู HP อย่างต่อเนื่อง
10220300439	Greatly increases Movement Speed and ATK for @{1} sec.	เพิ่ม MSPD และ ATK อย่างมากเป็นเวลา @{1} วินาที
10220300440	Greatly increases MSPD and attacks.	เพิ่ม MSPD และการโจมตีอย่างมาก
10220300441	Greatly increases DEF.	เพิ่ม DEF อย่างมาก
10220300442	Temporarily increases DEX by @{1} and AGI by @{2}, and uses the Falcon to detect hidden enemies within a @{3}-meter radius.	เพิ่ม DEX ขึ้น @{1} และ AGI ขึ้น @{2} ชั่วคราว พร้อมใช้ Falcon ตรวจจับศัตรูที่ซ่อนตัวในรัศมี @{3} เมตร
10220300444	Temporarily increases all base stats by @{1}, HIT by @{2}, and Physical Damage by @{3}%.	เพิ่มค่าสถานะพื้นฐานทั้งหมดขึ้น @{1}, Hit ขึ้น @{2} และ P.DMG ขึ้น @{3}% ชั่วคราว
10220300445	^{1}^{2}【Arrow Attack】^{3}^{4} increases its percentage damage multiplier by ${1}% and fixed damage by ${2}.	^{1}^{2}[ Arrow Attack ]^{3}^{4} เพิ่มตัวคูณดาเมจแบบเปอร์เซ็นต์ขึ้น ${1}% และดาเมจส่วนค่าคงที่ขึ้น ${2}
10220300446	When ^{1}^{2}【Arrow Attack】^{3}^{4} hits an enemy, it deals ${1} Extra hits of ${2}%+${3} Neutral Ranged Physical damage to the enemy. Internal Cooldown: ${4} seconds.	เมื่อ ^{1}^{2}[ Arrow Attack ]^{3}^{4} โจมตีโดนศัตรู สร้างดาเมจกายภาพระยะไกลไร้ธาตุเพิ่มอีก ${1} ครั้ง ครั้งละ ${2}%+${3} แก่ศัตรูนั้น CD ภายใน: ${4} วินาที
10220300447	When ^{1}^{2}【Arrow Attack】^{3}^{4} hits an enemy, it deals ${3}%+${4} Neutral Ranged Physical damage to up to ${2} Other enemies within a ${1}-meter radius of the target. Internal Cooldown: ${5} seconds.	เมื่อ ^{1}^{2}[ Arrow Attack ]^{3}^{4} โจมตีโดนศัตรู สร้างดาเมจกายภาพระยะไกลไร้ธาตุ ${3}%+${4} แก่ศัตรูอื่นสูงสุด ${2} ตัว ในรัศมี ${1} เมตรรอบเป้าหมาย CD ภายใน: ${5} วินาที
10220300448	^{1}^{2}【Double Strafe】^{3}^{4} increases its percentage damage multiplier by ${1}% and fixed damage by ${2}.	^{1}^{2}[ Double Strafe ]^{3}^{4} เพิ่มตัวคูณดาเมจแบบเปอร์เซ็นต์ขึ้น ${1}% และดาเมจส่วนค่าคงที่ขึ้น ${2}
10220300449	When ^{1}^{2}【Double Strafe】^{3}^{4} hits an enemy, it deals ${1} Extra hits of ${2}%+${3} Neutral Ranged Physical damage to the enemy. Internal Cooldown: ${4} seconds.	เมื่อ ^{1}^{2}[ Double Strafe ]^{3}^{4} โจมตีโดนศัตรู สร้างดาเมจกายภาพระยะไกลไร้ธาตุเพิ่มอีก ${1} ครั้ง ครั้งละ ${2}%+${3} แก่ศัตรูนั้น CD ภายใน: ${4} วินาที
10220300450	When ^{1}^{2}【Double Strafe】^{3}^{4} hits an enemy, it has a ${1}% Chance to deal ${4}%+${5} Neutral Ranged Physical damage to up to ${3} enemies within a ${2}-meter radius of the target. Internal Cooldown: ${6} seconds.	เมื่อ ^{1}^{2}[ Double Strafe ]^{3}^{4} โจมตีโดนศัตรู มีโอกาส ${1}% สร้างดาเมจกายภาพระยะไกลไร้ธาตุ ${4}%+${5} แก่ศัตรูสูงสุด ${3} ตัว ในรัศมี ${2} เมตรรอบเป้าหมาย CD ภายใน: ${6} วินาที
10220300451	^{1}^{2}【Blitz Beat】^{3}^{4} increases its percentage damage multiplier by ${1}% and fixed damage by ${2}.	^{1}^{2}[ Blitz Beat ]^{3}^{4} เพิ่มตัวคูณดาเมจแบบเปอร์เซ็นต์ขึ้น ${1}% และดาเมจส่วนค่าคงที่ขึ้น ${2}
10220300452	When ^{1}^{2}【Blitz Beat】^{3}^{4} hits an enemy, it has a ${1}% Chance to Summon the Falcon to attack the target, dealing ${2}%+${3} Neutral Ranged Physical damage. Internal Cooldown: ${4} seconds.	เมื่อ ^{1}^{2}[ Blitz Beat ]^{3}^{4} โจมตีโดนศัตรู มีโอกาส ${1}% เรียก Falcon โจมตีเป้าหมาย สร้างดาเมจกายภาพระยะไกลไร้ธาตุ ${2}%+${3} CD ภายใน: ${4} วินาที
10220300453	^{1}^{2}【Blitz Beat】^{3}^{4}'s damage radius increases to ${1} meters, the number of targets increases by ${2}, and its skill damage multiplier increases by ${3}%.	รัศมีดาเมจของ ^{1}^{2}[ Blitz Beat ]^{3}^{4} เพิ่มเป็น ${1} เมตร จำนวนเป้าหมายเพิ่มขึ้น ${2} และตัวคูณดาเมจสกิลเพิ่มขึ้น ${3}%
10220300454	^{1}^{2}【Arrow Shower】^{3}^{4} increases its percentage damage multiplier by ${1}% and fixed damage by ${2}.	^{1}^{2}[ Arrow Shower ]^{3}^{4} เพิ่มตัวคูณดาเมจแบบเปอร์เซ็นต์ขึ้น ${1}% และดาเมจส่วนค่าคงที่ขึ้น ${2}
10220300455	When ^{1}^{2}【Arrow Shower】^{3}^{4} hits enemies, it deals ${1}%+${2} Extra Neutral Ranged Physical damage to one of them. Internal Cooldown: ${3} seconds.	เมื่อ ^{1}^{2}[ Arrow Shower ]^{3}^{4} โจมตีโดนศัตรู สร้างดาเมจกายภาพระยะไกลไร้ธาตุเพิ่มเติม ${1}%+${2} แก่ศัตรูหนึ่งตัวที่ถูกโจมตี CD ภายใน: ${3} วินาที
10220300456	^{1}^{2}【Arrow Shower】^{3}^{4}'s damage radius increases to ${1} meters, the number of targets increases by ${2}, and it has a ${3}% Chance to cast the skill ${4} times. Internal Cooldown: ${5} seconds.	รัศมีดาเมจของ ^{1}^{2}[ Arrow Shower ]^{3}^{4} เพิ่มเป็น ${1} เมตร จำนวนเป้าหมายเพิ่มขึ้น ${2} และมีโอกาส ${3}% ใช้สกิล ${4} ครั้ง CD ภายใน: ${5} วินาที
10220300457	At ^{1}^{2}【Blitz Beat】^{3}^{4} Lv. ${1}, DEX +${2}.	เมื่อ ^{1}^{2}[ Blitz Beat ]^{3}^{4} ถึง Lv. ${1} DEX +${2}
10220300458	Increases the Chance for ^{1}^{2}【Arrow Attack】^{3}^{4} to trigger ^{5}^{6}【Blitz Beat】^{7}^{8} by ${1}%.	เพิ่มโอกาสที่ ^{1}^{2}[ Arrow Attack ]^{3}^{4} ทำให้เกิด ^{5}^{6}[ Blitz Beat ]^{7}^{8} ขึ้น ${1}%
10220300459	After casting ^{1}^{2}【Blitz Beat】^{3}^{4}, ASPD increases by ${1}% for ${2} seconds. Internal Cooldown: ${3} seconds.	หลังใช้ ^{1}^{2}[ Blitz Beat ]^{3}^{4} เพิ่ม ASPD ขึ้น ${1}% เป็นเวลา ${2} วินาที CD ภายใน: ${3} วินาที
10220300462	Damage Increase: ${1}% while fighting alongside ^{1}【Falcon】^{2}.	การเพิ่มดาเมจ: ${1}% ขณะต่อสู้ร่วมกับ ^{1}[ Falcon ]^{2}
10220300463	^{1}【Trap Hunter】^{2} skills have their cast range increased to ${1} meters and their percentage damage multiplier increased by ${2}%.	ระยะใช้สกิล ^{1}[ Trap Hunter ]^{2} เพิ่มเป็น ${1} เมตร และตัวคูณดาเมจแบบเปอร์เซ็นต์เพิ่มขึ้น ${2}%
10220300464	Increases the duration of 【Frozen】, 【Blind】, and 【Immobilize】 inflicted by ^{1}【Trap Hunter】^{2} skills by ${1} second.	เพิ่มระยะเวลาสถานะ [ Frozen ], [ Blind ] และ [ Immobilize ] ที่เกิดจากสกิล ^{1}[ Trap Hunter ]^{2} อีก ${1} วินาที
10220300466	^{1}^{2}【Sharp Shooting】^{3}^{4} increases its percentage damage multiplier by ${1}% and fixed damage by ${2}.	^{1}^{2}[ Sharp Shooting ]^{3}^{4} เพิ่มตัวคูณดาเมจแบบเปอร์เซ็นต์ขึ้น ${1}% และดาเมจส่วนค่าคงที่ขึ้น ${2}
10220300467	^{1}^{2}【Sharp Shooting】^{3}^{4} gains ${1}% Crit Chance but no longer pierces.	^{1}^{2}[ Sharp Shooting ]^{3}^{4} ได้รับ CRIT ${1}% แต่ไม่ทะลุเป้าหมายอีกต่อไป
10220300468	^{1}^{2}【Sharp Shooting】^{3}^{4}'s CT is reduced by ${1}%, the number of targets increases by ${2}, and its area width increases by ${3} meters.	CT ของ ^{1}^{2}[ Sharp Shooting ]^{3}^{4} ลดลง ${1}% จำนวนเป้าหมายเพิ่มขึ้น ${2} และความกว้างพื้นที่เพิ่มขึ้น ${3} เมตร
10220300469	^{1}^{2}【Falcon Assault】^{3}^{4} skill damage multiplier increases by ${1}%, and fixed damage increases by ${2}.	^{1}^{2}[ Falcon Assault ]^{3}^{4} เพิ่มตัวคูณดาเมจสกิลขึ้น ${1}% และดาเมจส่วนค่าคงที่ขึ้น ${2}
10220300470	Casts ^{1}^{2}【Falcon Assault】^{3}^{4} ${1} times. Internal Cooldown: ${2} seconds.	ใช้ ^{1}^{2}[ Falcon Assault ]^{3}^{4} ${1} ครั้ง CD ภายใน: ${2} วินาที
10220300471	When ^{1}^{2}【Falcon Assault】^{3}^{4} hits an enemy, it deals ${3}%+${4} Neutral Ranged Physical damage to up to ${2} enemies within a ${1}-meter radius of the target. Internal Cooldown: ${5} seconds.	เมื่อ ^{1}^{2}[ Falcon Assault ]^{3}^{4} โจมตีโดนศัตรู สร้างดาเมจกายภาพระยะไกลไร้ธาตุ ${3}%+${4} แก่ศัตรูสูงสุด ${2} ตัว ในรัศมี ${1} เมตรรอบเป้าหมาย CD ภายใน: ${5} วินาที
10220300472	^{1}【Bow】^{2} skill damage multiplier increases by ${1}%.	ตัวคูณดาเมจสกิล ^{1}[ Bow ]^{2} เพิ่มขึ้น ${1}%
10220300473	While ^{1}^{2}【Wind Walker】^{3}^{4} is Active, MSPD +${1}% and duration +${2} seconds.	ขณะ ^{1}^{2}[ Wind Walker ]^{3}^{4} ทำงาน MSPD +${1}% และระยะเวลาคงอยู่ +${2} วินาที
10220300474	^{1}【Detect Stealth】^{2} range +${1} meters.	ระยะ ^{1}[ Detect Stealth ]^{2} +${1} เมตร
10220300475	While ^{1}^{2}【True Sight】^{3}^{4} is Active, Physical DMG Bonus +${1}%.	ขณะ ^{1}^{2}[ True Sight ]^{3}^{4} ทำงาน โบนัสดาเมจกายภาพ +${1}%
10220300477	While ^{1}^{2}【True Sight】^{3}^{4} is Active, STR, AGI, VIT, INT, DEX, and LUK +${1}.	ขณะ ^{1}^{2}[ True Sight ]^{3}^{4} ทำงาน STR, AGI, VIT, INT, DEX และ LUK +${1}
10220300478	While the effect is active, hitting a target with a Bow skill has a @{1}% Chance to strike it with an Arrow Spike, dealing @{2} hit(s) of @{3}% Neutral Physical Damage.	ขณะผลคงอยู่ การโจมตีโดนเป้าหมายด้วยสกิลธนูมีโอกาส @{1}% โจมตีด้วย Arrow Spike สร้างดาเมจกายภาพไร้ธาตุ @{2} ครั้ง ครั้งละ @{3}%
10220300479	Increases Physical Damage by @{1}% and the percentage damage multiplier bonus of 【Aimed Bolt】 by @{2}%	เพิ่ม P.DMG ขึ้น @{1}% และโบนัสตัวคูณดาเมจแบบเปอร์เซ็นต์ของ [ Aimed Bolt ] ขึ้น @{2}%
10220300970	CRIT DMG Reduction Stat	ค่าสถานะการลด CRIT DMG
10220300969	CRIT RES Stat	ค่าสถานะ CRIT RES
10220300968	CRIT DMG Stat	ค่าสถานะ CRIT DMG
10220300967	CRIT Stat	ค่าสถานะ CRIT
10220300966	Unique Effect: CRIT DMG Reduction +${1}%. Each stack grants an Extra ${2}%.	ผลเฉพาะ: การลด CRIT DMG +${1}% แต่ละ stacks เพิ่มอีก ${2}%
10220300965	Unique Effect: CRIT RES +${1}. Each stack grants an Extra ${2}.	ผลเฉพาะ: CRIT RES +${1} แต่ละ stacks เพิ่มอีก ${2}
10220300964	Unique Effect: CRIT DMG +${1}%. Each stack grants an Extra ${2}%.	ผลเฉพาะ: CRIT DMG +${1}% แต่ละ stacks เพิ่มอีก ${2}%
10220300963	Unique Effect: CRIT +${1}. Each stack grants an Extra ${2}.	ผลเฉพาะ: CRIT +${1} แต่ละ stacks เพิ่มอีก ${2}
10220300960	When attacked, has an @{1}% Chance to gain a shield equal to @{2}% of Max Life for @{3} sec. When the shield breaks, generates another shield equal to @{4}% of Max Life for @{5} sec. (Cooldown: @{6} sec.)	เมื่อถูกโจมตี มีโอกาส @{1}% ได้รับโล่เท่ากับ @{2}% ของ Max HP เป็นเวลา @{3} วินาที เมื่อโล่แตก สร้างโล่อีกอันเท่ากับ @{4}% ของ Max HP เป็นเวลา @{5} วินาที (Cooldown: @{6} วินาที)
10220300959	When taking damage while below @{1}% Life, Physical DEF and Magic DEF increase by Base Lv. * @{2}.	เมื่อได้รับดาเมจขณะ HP ต่ำกว่า @{1}% เพิ่ม P.DEF และ M.DEF ขึ้น Base Lv. * @{2}
10220300958	Life recovery +@{1}%.	การฟื้นฟู HP +@{1}%
10220300957	When taking damage from a player, HP Recovery increases by @{1}% of Max HP for @{2} sec. Cooldown: @{3} sec.	เมื่อได้รับดาเมจจากผู้เล่น เพิ่มการฟื้นฟู HP ขึ้น @{1}% ของ Max HP เป็นเวลา @{2} วินาที Cooldown: @{3} วินาที
10220300956	Upon entering combat, Physical DEF and Magic DEF increase by @{1}% for @{2} sec.	เมื่อเข้าสู่การต่อสู้ เพิ่ม P.DEF และ M.DEF ขึ้น @{1}% เป็นเวลา @{2} วินาที
10220300955	After dealing Physical damage, has a @{1}% Chance to trigger an Extra hit that deals Physical damage equal to @{2}% Physical ATK. (Cooldown: @{3} sec.)	หลังสร้างดาเมจกายภาพ มีโอกาส @{1}% โจมตีเพิ่มเติม สร้างดาเมจกายภาพเท่ากับ @{2}% ของ P.ATK (Cooldown: @{3} วินาที)
10220300954	When dealing damage while above @{1}% Life, Physical ATK is treated as being increased by Base Lv. * @{2}.	เมื่อสร้างดาเมจขณะ HP สูงกว่า @{1}% คำนวณ P.ATK เสมือนเพิ่มขึ้น Base Lv. * @{2}
10220300951	After a player Kill, Physical ATK increases by @{1}% for @{2} sec. (Cooldown: @{3} sec.)	หลังสังหารผู้เล่น เพิ่ม P.ATK ขึ้น @{1}% เป็นเวลา @{2} วินาที (Cooldown: @{3} วินาที)
10220300950	Healing has a @{1}% Chance to trigger an Extra heal equal to @{2}% Magic ATK. (Cooldown: @{3} sec.)	การฮีลมีโอกาส @{1}% ทำให้เกิดฮีลเพิ่มเติมเท่ากับ @{2}% ของ M.ATK (Cooldown: @{3} วินาที)
10220300949	Physical damage against targets below @{1}% Life increased by @{2}%.	P.DMG ต่อเป้าหมายที่มี HP ต่ำกว่า @{1}% เพิ่มขึ้น @{2}%
10220300948	While above @{1}% Life, healing efficiency increased by @{2}%.	ขณะ HP สูงกว่า @{1}% ประสิทธิภาพการฮีลเพิ่มขึ้น @{2}%
10220300947	For every @{1} skills on this Totem, gain @{2}% damage reduction.	ทุก @{1} สกิลบน Totem นี้ ได้รับการลดดาเมจ @{2}%
10220300946	Maximum Floors of all your defensive buffs increased by @{1}.	จำนวนชั้นสูงสุดของบัฟป้องกันทั้งหมดของคุณเพิ่มขึ้น @{1}
10220300945	When healing a player with an ST skill, heals the target and allied units within @{1} meters for an amount equal to (@{2}%) Magic ATK. (Cooldown: @{3} sec.)	เมื่อฮีลผู้เล่นด้วยสกิลแบบ Single Target ฮีลเป้าหมายและพันธมิตรในระยะ @{1} เมตรเป็นจำนวนเท่ากับ (@{2}%) ของ M.ATK (Cooldown: @{3} วินาที)
10220300944	Healing on targets below @{1}% Life increased by @{2}%.	การฮีลเป้าหมายที่มี HP ต่ำกว่า @{1}% เพิ่มขึ้น @{2}%
10220300943	Damage reduction increased by @{1}%. Each Floor of a defensive buff grants an Extra @{2}% damage reduction.	การลดดาเมจเพิ่มขึ้น @{1}% แต่ละชั้นของบัฟป้องกันเพิ่มการลดดาเมจอีก @{2}%
10220300942	For every @{1} skills on this Totem, Physical ATK increases by @{2}.	ทุก @{1} สกิลบน Totem นี้ เพิ่ม P.ATK ขึ้น @{2}
10220300941	After dealing Magic damage, has a @{1}% Chance to trigger an Extra hit that deals Magic damage equal to @{2}% Magic ATK. (Cooldown: @{3} sec.)	หลังสร้างดาเมจเวท มีโอกาส @{1}% โจมตีเพิ่มเติม สร้างดาเมจเวทเท่ากับ @{2}% ของ M.ATK (Cooldown: @{3} วินาที)
10220300940	For every @{1} skills on this Totem, your Physical ATK increases by @{2}.	ทุก @{1} สกิลบน Totem นี้ เพิ่ม P.ATK ของคุณขึ้น @{2}
10220300939	When dealing damage while above @{1}% Life, Magic ATK is treated as being increased by Base Lv. * @{2}.	เมื่อสร้างดาเมจขณะ HP สูงกว่า @{1}% คำนวณ M.ATK เสมือนเพิ่มขึ้น Base Lv. * @{2}
10220300938	Maximum Floors of all your Physical damage buffs increased by @{1}.	จำนวนชั้นสูงสุดของบัฟดาเมจกายภาพทั้งหมดของคุณเพิ่มขึ้น @{1}
10220300937	After a player Kill, Magic ATK increased by @{1}%.	หลังสังหารผู้เล่น เพิ่ม M.ATK ขึ้น @{1}%
10220300936	After a player Kill, Magic ATK increases by @{1}% for @{2} sec. (Cooldown: @{3} sec.)	หลังสังหารผู้เล่น เพิ่ม M.ATK ขึ้น @{1}% เป็นเวลา @{2} วินาที (Cooldown: @{3} วินาที)
10220300935	Ranged Physical damage increased by @{1}%. Each Floor of a Physical damage buff grants an Extra @{2}% ranged Physical damage.	ดาเมจกายภาพระยะไกลเพิ่มขึ้น @{1}% แต่ละชั้นของบัฟดาเมจกายภาพเพิ่มดาเมจกายภาพระยะไกลอีก @{2}%
10220300934	Magic damage against targets below @{1}% Life increased by @{2}%.	M.DMG ต่อเป้าหมายที่มี HP ต่ำกว่า @{1}% เพิ่มขึ้น @{2}%
10220300933	Each skill on this Totem increases your healing by @{1}%.	แต่ละสกิลบน Totem นี้เพิ่มการฮีลของคุณขึ้น @{1}%
10220300932	Melee Physical damage increased by @{1}%. Each Floor of a Physical damage buff grants an Extra @{2}% melee Physical damage.	ดาเมจกายภาพระยะประชิดเพิ่มขึ้น @{1}% แต่ละชั้นของบัฟดาเมจกายภาพเพิ่มดาเมจกายภาพระยะประชิดอีก @{2}%
10220300931	Maximum Floors of all your healing buffs increased by @{1}.	จำนวนชั้นสูงสุดของบัฟฮีลทั้งหมดของคุณเพิ่มขึ้น @{1}
10220300929	Healing increased by @{1}%. Each Floor of a healing buff grants an Extra @{2}% healing.	การฮีลเพิ่มขึ้น @{1}% แต่ละชั้นของบัฟฮีลเพิ่มการฮีลอีก @{2}%
10220300928	Unique Effect: When Life falls below @{1}%, gain 【Divine Fortress】, reducing damage taken by @{2}% for @{3} sec. (Cooldown: @{4} sec.)	ผลเฉพาะ: เมื่อ HP ลดต่ำกว่า @{1}% ได้รับ [ Divine Fortress ] ลดดาเมจที่ได้รับลง @{2}% เป็นเวลา @{3} วินาที (Cooldown: @{4} วินาที)
10220300927	Each skill on this Totem increases your Magic ATK by @{1}.	แต่ละสกิลบน Totem นี้เพิ่ม M.ATK ของคุณขึ้น @{1}
10220300926	CRIT increases by @{1}, and CRIT DMG increased. @{2}%.	CRIT เพิ่มขึ้น @{1} และ CRIT DMG เพิ่มขึ้น @{2}%
10220300925	Maximum Floors of all your magic buffs increased by @{1}.	จำนวนชั้นสูงสุดของบัฟเวททั้งหมดของคุณเพิ่มขึ้น @{1}
10220300924	Unique Effect: Dealing damage has a @{1}% Chance to grant 【Sundering Might】. While 【Sundering Might】 is active, CRIT increases by @{2} and CRIT DMG increased. @{3}%. Duration: @{4} sec. (Cooldown: @{5} sec.)	ผลเฉพาะ: การสร้างดาเมจมีโอกาส @{1}% มอบ [ Sundering Might ] ขณะ [ Sundering Might ] คงอยู่ CRIT เพิ่มขึ้น @{2} และ CRIT DMG เพิ่มขึ้น @{3}% ระยะเวลา: @{4} วินาที (Cooldown: @{5} วินาที)
10220300923	Magic damage increased by @{1}%. Each Floor of a magic damage buff grants an Extra @{2}% Magic damage.	M.DMG เพิ่มขึ้น @{1}% แต่ละชั้นของบัฟดาเมจเวทเพิ่ม M.DMG อีก @{2}%
10220300922	Healing buff: Each Floor grants @{1}% Magic ATK.	บัฟฮีล: แต่ละชั้นมอบ M.ATK @{1}%
10220300921	Defensive buff: DEF +@{1}%.	บัฟป้องกัน: DEF +@{1}%
10220300920	Unique Effect: Casting a healing skill grants maximum Floors of the 【Nature's Blessing】 healing buff. Initial limit: @{1} Floors. Duration: @{2} sec. Each Floor increases your Magic ATK by @{3}% for @{4} sec.	ผลเฉพาะ: การใช้สกิลฮีลมอบบัฟฮีล [ Nature's Blessing ] จำนวนชั้นสูงสุด ขีดจำกัดเริ่มต้น: @{1} ชั้น ระยะเวลา: @{2} วินาที แต่ละชั้นเพิ่ม M.ATK ของคุณขึ้น @{3}% เป็นเวลา @{4} วินาที
10220300918	Healing buff: Each Floor increases healing efficiency by @{1}%.	บัฟฮีล: แต่ละชั้นเพิ่มประสิทธิภาพการฮีลขึ้น @{1}%
10220300917	Defensive buff: Damage reduction +@{1}%.	บัฟป้องกัน: การลดดาเมจ +@{1}%
10220300916	Unique Effect: Casting a skill or using a Normal Attack grants maximum Floors of the 【Divine Message】 healing buff. Initial limit: @{1} Floors. Duration: @{2} sec. Each Floor increases healing by @{3}%.	ผลเฉพาะ: การใช้สกิลหรือโจมตีปกติมอบบัฟฮีล [ Divine Message ] จำนวนชั้นสูงสุด ขีดจำกัดเริ่มต้น: @{1} ชั้น ระยะเวลา: @{2} วินาที แต่ละชั้นเพิ่มการฮีลขึ้น @{3}%
10220300915	Unique Effect: Casting a skill or using a Normal Attack grants maximum Floors of the 【Divine Protection】 defensive buff. Initial limit: @{1} Floors. Duration: @{2} sec. Each Floor increases your damage reduction by @{3}%.	ผลเฉพาะ: การใช้สกิลหรือโจมตีปกติมอบบัฟป้องกัน [ Divine Protection ] จำนวนชั้นสูงสุด ขีดจำกัดเริ่มต้น: @{1} ชั้น ระยะเวลา: @{2} วินาที แต่ละชั้นเพิ่มการลดดาเมจของคุณขึ้น @{3}%
10220300914	Magic damage buff: Skills mark enemies when dealing damage. Each Floor of 【Magic Mark】 grants @{1}% Magic damage.	บัฟดาเมจเวท: สกิลทำเครื่องหมายศัตรูเมื่อสร้างดาเมจ แต่ละชั้นของ [ Magic Mark ] มอบ M.DMG @{1}%
10220300913	Physical damage buff: Physical damage +@{1}%.	บัฟดาเมจกายภาพ: P.DMG +@{1}%
10220300912	Unique Effect: Casting a skill or using a Normal Attack grants maximum Floors of the 【Magic Mark】 magic damage buff. Initial limit: @{1} Floors. Duration: @{2} sec. While 【Magic Mark】 is active, each Floor increases your Magic damage by @{3}%.	ผลเฉพาะ: การใช้สกิลหรือโจมตีปกติมอบบัฟดาเมจเวท [ Magic Mark ] จำนวนชั้นสูงสุด ขีดจำกัดเริ่มต้น: @{1} ชั้น ระยะเวลา: @{2} วินาที ขณะ [ Magic Mark ] คงอยู่ แต่ละชั้นเพิ่ม M.DMG ของคุณขึ้น @{3}%
10220300911	Unique Effect: Casting a skill or using a Normal Attack grants maximum Floors of the 【Resolve】 Physical damage buff. Initial limit: @{1} Floors. Duration: @{2} sec. Each Floor increases your Physical damage by @{3}%.	ผลเฉพาะ: การใช้สกิลหรือโจมตีปกติมอบบัฟดาเมจกายภาพ [ Resolve ] จำนวนชั้นสูงสุด ขีดจำกัดเริ่มต้น: @{1} ชั้น ระยะเวลา: @{2} วินาที แต่ละชั้นเพิ่ม P.DMG ของคุณขึ้น @{3}%
10220300910	Magic damage buff: Each Floor increases Magic ATK by @{1}%.	บัฟดาเมจเวท: แต่ละชั้นเพิ่ม M.ATK ขึ้น @{1}%
10220300909	Physical damage buff: Physical ATK +@{1}%.	บัฟดาเมจกายภาพ: P.ATK +@{1}%
10220300908	Unique Effect: Casting a skill or using a Normal Attack grants maximum Floors of the 【Arcane Blade】 magic damage buff. Initial limit: @{1} Floors. Duration: @{2} sec. Each Floor increases Magic ATK by @{3}%.	ผลเฉพาะ: การใช้สกิลหรือโจมตีปกติมอบบัฟดาเมจเวท [ Arcane Blade ] จำนวนชั้นสูงสุด ขีดจำกัดเริ่มต้น: @{1} ชั้น ระยะเวลา: @{2} วินาที แต่ละชั้นเพิ่ม M.ATK ขึ้น @{3}%
10220300907	Unique Effect: Casting a skill or using a Normal Attack grants maximum Floors of the 【Savage Blade】 Physical damage buff. Initial limit: @{1} Floors. Duration: @{2} sec. Each Floor increases your Physical ATK by @{3}%.	ผลเฉพาะ: การใช้สกิลหรือโจมตีปกติมอบบัฟดาเมจกายภาพ [ Savage Blade ] จำนวนชั้นสูงสุด ขีดจำกัดเริ่มต้น: @{1} ชั้น ระยะเวลา: @{2} วินาที แต่ละชั้นเพิ่ม P.ATK ของคุณขึ้น @{3}%
10220300906	Blades. Every @{1} blades increases the number of blades 【Cross Ripper Slasher】 can Launch by +@{2}.	คมดาบ ทุก @{1} คมดาบเพิ่มจำนวนคมดาบที่ [ Cross Ripper Slasher ] ปล่อยได้ +@{2}
10220300905	【Basic Attack】, 【Sonic Blow】, and 【Envenomed Blade】 percentage-based damage multipliers increased by ${1}%, and flat damage increased by ${2}.	ตัวคูณดาเมจแบบเปอร์เซ็นต์ของ [ Basic Attack ], [ Sonic Blow ] และ [ Envenomed Blade ] เพิ่มขึ้น ${1}% และดาเมจส่วนค่าคงที่เพิ่มขึ้น ${2}
10220300904	【Double Attack】 trigger Chance increased by ${1}%.	โอกาสเกิดผลของ [ Double Attack ] เพิ่มขึ้น ${1}%
10220300903	Each CRIT with 【Advanced Katar Mastery】 now grants ${1} Floors.	แต่ละครั้งที่ติด CRIT ด้วย [ Advanced Katar Mastery ] จะได้รับ ${1} ชั้น
10220300902	Learn 【Advanced Katar Mastery】 to gain an Extra ${1} Physical ATK.	เรียน [ Advanced Katar Mastery ] เพื่อรับ P.ATK เพิ่มอีก ${1}
10220300901	After casting 【Meteor Assault】, deals Neutral melee Physical damage equal to Physical ATK * ${3}% to up to ${2} enemies within a ${1}-meter radius.	หลังใช้ [ Meteor Assault ] สร้างดาเมจกายภาพระยะประชิดไร้ธาตุเท่ากับ P.ATK * ${3}% แก่ศัตรูสูงสุด ${2} ตัว ในรัศมี ${1} เมตร
10220300900	【Meteor Assault】's 【Stun】 and 【Darkness】 Chance increased by ${1}%.	[ Meteor Assault ] เพิ่มโอกาสทำให้ติด [ Stun ] และ [ Darkness ] ขึ้น ${1}%
10220300898	Increases the casting Distance of 【Soul Destroyer】 by ${1} meters. After casting, deals Neutral melee Physical damage equal to Physical ATK × ${4}% to up to ${3} enemies within a ${2}-meter radius of the target.	เพิ่มระยะใช้ [ Soul Destroyer ] อีก ${1} เมตร หลังใช้ สร้างดาเมจกายภาพระยะประชิดไร้ธาตุเท่ากับ P.ATK × ${4}% แก่ศัตรูสูงสุด ${3} ตัว ในรัศมี ${2} เมตรรอบเป้าหมาย
10220300897	Every third cast of 【Soul Destroyer】 becomes 【Advanced Soul Destroyer】, increasing its damage by ${1}%.	ทุกการใช้ [ Soul Destroyer ] ครั้งที่สาม จะเปลี่ยนเป็น [ Advanced Soul Destroyer ] เพิ่มดาเมจขึ้น ${1}%
10220300887	When a dagger or katar is equipped, Physical ATK +${1}.	เมื่อสวมมีดหรือกาตาร์ P.ATK +${1}
