id	disposition	reason_code
1000	R	2570
1001	R	2570
1011	R	2570
1013	R	2570
1018	R	2570
1019	R	2570
1022	R	2570
1027	R	2570
1032	R	2570
1033	R	2570
1034	R	2570
1043	R	2570
1044	R	2570
1065	R	2570
1070	R	2570
1071	R	2570
1072	R	2570
2072	R	2570
2073	R	2570
2074	R	2570
2075	R	2570
2076	R	2570
2078	R	2570
2079	R	2570
2080	R	2570
2082	R	2570
2083	R	2570
2084	R	2570
2085	R	2570
2086	R	2570
2087	R	2570
2088	R	2570
2091	R	2570
2094	R	2570
2095	R	2570
2096	R	2570
3001	R	2570
3002	R	2570
3003	R	2570
3004	R	2570
3005	R	2570
3028	R	2570
3029	R	2570
11037	R	2570
11038	R	2570
12007	R	2570
12017	R	2565
12031	R	2565
12075	R	2570
13007	R	2570
16017	R	2570
16085	R	2570
16101	R	2570
16112	R	2570
20034	R	1612
21067	R	1605
21077	R	2458
21083	R	1613
21131	R	734
21133	R	501
21219	R	762
23016	R	1230
23214	R	1578
23218	R	1572
23256	R	1573
23404	R	1224
23471	R	2513
23473	A	259
23518	R	1602
23636	R	276
23709	R	1224
24021	A	259
24063	R	1595
24117	R	1579
24118	R	2520
24119	R	1224
24120	R	1582
24121	R	2519
24125	R	2549
24163	R	1224
24200	R	281
25135	R	2544
25277	R	2455
25344	R	1589
25512	R	1591
26000	R	2548
27003	R	270
27188	R	2522
27189	R	1224
27190	R	1580
27201	R	1583
29019	R	1224
29020	R	1585
29023	R	2523
30018	R	261
30019	R	2548
30040	R	279
30065	R	2457
30066	R	204
30136	R	1574
30137	R	1573
31104	R	1224
31129	R	1224
31155	R	1594
32002	R	491
32004	R	2550
32019	R	1244
32034	R	204
32036	R	1239
32037	R	1245
32038	R	534
32101	R	1227
32102	R	1240
32103	R	1332
32104	R	1343
32105	R	1344
32106	R	562
32107	R	556
32108	R	1248
32109	R	1229
32110	R	595
32111	R	590
32112	R	514
33014	R	552
33022	R	1597
33030	R	1593
33071	R	1598
33072	R	1615
33076	R	1614
33212	R	1224
33230	R	2543
33231	R	2545
33232	R	1601
33233	R	2546
34022	R	520
34074	R	1610
34076	R	733
34095	R	1592
36000	R	1340
36004	R	2511
37029	R	278
37040	R	1224
37045	R	1573
37861	R	1577
38007	R	2513
38514	R	1224
38516	R	1616
40011	R	1609
40012	R	2553
40013	R	1224
40014	R	1596
40147	A	259
40159	R	277
40172	R	2517
40205	R	265
44018	R	1571
44021	R	1572
44041	R	2510
44056	R	1224
44074	R	1573
44075	R	1572
44122	R	1228
44123	R	762
44137	R	1331
44145	R	1252
44147	R	1328
44506	R	603
44507	R	1326
44508	R	1329
44801	R	532
44803	R	602
44805	R	1234
44807	R	1251
44809	R	473
44811	R	1253
49015	R	277
50001	R	1249
50002	R	1231
50003	R	1242
50004	R	572
50005	R	1333
50006	R	591
50007	R	489
50008	R	483
50102	R	2518
50103	R	1224
50104	R	1581
50138	A	259
52007	R	2515
52011	R	2514
54048	R	1224
54054	R	1233
54069	A	259
54108	R	1247
56196	R	1224
56201	R	2456
56202	A	259
56203	R	1232
56205	R	1588
56223	R	1224
56229	R	1224
56272	R	1224
57004	R	2511
57013	R	1603
57018	R	282
57019	R	1604
57020	R	283
57021	R	1224
57022	R	1224
57023	R	280
57035	R	1573
57051	R	1224
57106	R	1224
58147	R	1330
58148	R	1338
60000	R	275
61050	R	1250
61051	R	1241
61052	R	1327
61053	R	1243
61054	R	1341
61055	R	543
61118	R	2551
61119	R	1224
61120	R	1608
61142	R	1224
61143	R	1596
61144	R	2534
61145	R	1224
61146	R	1600
61147	R	2538
61189	R	1590
61190	R	2524
62059	R	1224
62074	R	2513
62084	R	1224
62098	R	1224
63002	R	531
63070	R	1247
63075	R	1334
63122	R	1224
63124	R	1606
63193	R	753
63194	R	752
63211	R	1587
63218	R	1584
63223	R	642
63240	R	1224
63241	R	2513
63604	R	1238
63605	R	1342
63606	R	1246
63607	R	1336
63608	R	1237
63609	R	1236
63610	R	569
64025	R	1335
64130	R	1575
64138	R	1599
68003	R	2570
68004	R	2570
68005	R	2570
68006	R	2570
68028	R	2570
68030	R	2570
68031	R	2570
68032	R	2570
68033	R	2570
69013	R	2570
70112	R	2570
70129	R	2570
70153	R	2570
70154	R	2570
71012	R	2570
80020	R	2570
80023	R	2570
80032	R	2570
90103	R	1224
90161	R	1235
90162	R	550
90163	R	1345
90244	R	1224
91009	R	2561
91027	R	1572
91028	R	1224
91029	R	2510
91030	R	762
91034	R	1337
91050	R	760
110001	R	1603
110002	A	259
110003	A	259
110004	A	259
110005	A	259
110006	R	1224
110007	A	259
110008	A	259
110009	A	259
110010	A	259
110011	A	259
110012	A	259
110013	A	259
110014	A	259
110015	A	259
110016	A	259
110017	A	259
110018	A	259
110019	A	259
110020	A	259
110021	A	259
110022	A	259
110023	A	259
110024	A	259
110025	A	259
110026	A	259
110027	A	259
110028	A	259
110029	A	259
110030	A	259
110031	A	259
110032	A	259
110033	A	259
110034	A	259
110035	A	259
110036	A	259
110037	A	259
110038	A	259
110039	A	259
110040	A	259
110041	A	259
110042	A	259
110043	A	259
110044	A	259
110045	A	259
110046	A	259
110047	A	259
110048	A	259
110049	A	259
110050	A	259
110051	A	259
110052	A	259
110053	A	259
110054	A	259
110055	A	259
110056	A	259
110057	A	259
110058	A	259
110059	A	259
110060	A	259
110061	A	259
110062	A	259
110063	A	259
110064	A	259
110065	A	259
110066	A	259
110067	A	259
110068	A	259
110069	A	259
110070	A	259
110071	A	259
110072	A	259
110073	A	259
110074	A	259
110075	A	259
110076	A	259
110077	A	259
110078	A	259
110079	A	259
110080	R	573
110081	A	259
110082	R	1607
110083	R	878
110084	R	2552
110085	A	259
110086	A	259
110087	A	259
110088	A	259
110089	A	259
110090	A	259
110091	A	259
110092	A	259
110093	A	259
110094	A	259
110095	A	259
110096	A	259
110097	A	259
110098	A	259
110099	A	259
110100	A	259
110101	A	259
110102	A	259
110103	A	259
110104	A	259
110105	A	259
110106	A	259
110107	A	259
110108	A	259
110109	A	259
110110	A	259
110111	A	259
110112	A	259
110113	R	273
110114	R	780
110115	A	259
110116	A	259
110117	A	259
110118	A	259
110119	A	259
110120	A	259
110121	A	259
110122	R	736
110123	A	259
110124	A	259
110125	A	259
110126	A	259
110127	A	259
110128	A	259
110129	A	259
110130	A	259
110131	A	259
110132	A	259
110133	A	259
110134	A	259
110135	A	259
110136	A	259
110137	A	259
110138	A	259
110139	A	259
110140	A	259
110141	A	259
110142	A	259
110143	A	259
110144	A	259
110145	A	259
110146	A	259
110147	A	259
110148	A	259
110149	A	259
110150	A	259
110151	A	259
110152	A	259
110153	A	259
110154	A	259
110155	A	259
110156	A	259
110157	A	259
110158	A	259
110159	A	259
110160	A	259
110161	A	259
110162	A	259
110163	A	259
110164	A	259
110165	A	259
110166	A	259
110167	A	259
110168	A	259
110169	A	259
110170	R	878
110171	A	259
110172	A	259
110173	A	259
110174	A	259
110179	R	735
110180	A	259
110181	A	259
110182	A	259
110183	A	259
110184	A	259
110185	A	259
110186	A	259
110187	A	259
120000	A	259
120005	A	259
120006	A	259
120007	A	259
120008	A	259
120009	A	259
120010	A	259
120011	A	259
120012	A	259
120013	A	259
120014	A	259
120015	A	259
120016	A	259
120017	A	259
120018	A	259
120019	A	259
120020	A	259
120021	A	259
120022	A	259
120023	A	259
120024	R	600
120025	A	259
120026	A	259
120027	A	259
120028	A	259
120029	A	259
120030	A	259
120031	A	259
120032	A	259
120033	A	259
120034	A	259
120035	A	259
120036	A	259
120037	A	259
120038	A	259
120039	A	259
120040	A	259
120041	A	259
120042	A	259
120043	A	259
120044	A	259
120045	A	259
120046	A	259
120047	A	259
120048	A	259
120049	A	259
120050	A	259
120051	A	259
120052	A	259
120053	A	259
120054	A	259
120055	A	259
120056	A	259
120057	A	259
120058	A	259
120059	A	259
120060	A	259
120061	A	259
120062	A	259
120063	A	259
120064	A	259
120065	A	259
120066	A	259
121000	A	259
121001	A	259
121002	A	259
121003	A	259
121004	A	259
121005	R	2512
121006	A	259
121007	A	259
121008	A	259
121009	A	259
121010	A	259
121011	A	259
121012	A	259
121013	A	259
130001	A	259
130002	A	259
130003	A	259
130004	A	259
130005	A	259
130006	A	259
130007	A	259
130008	A	259
130009	A	259
130010	A	259
130011	A	259
130012	A	259
130013	A	259
130014	A	259
130015	A	259
130016	A	259
130017	A	259
130018	A	259
130019	A	259
130020	A	259
130021	A	259
130022	A	259
130023	A	259
130024	A	259
130025	A	259
130026	A	259
130027	A	259
130028	A	259
130029	A	259
130030	A	259
130031	A	259
130032	A	259
130033	A	259
130034	A	259
130035	A	259
130036	A	259
130037	A	259
130038	A	259
130039	A	259
130040	A	259
130041	A	259
130042	A	259
130043	A	259
130044	A	259
130045	A	259
130046	A	259
130047	A	259
130048	A	259
130049	A	259
130050	A	259
130051	A	259
130052	A	259
130053	A	259
130054	A	259
130055	A	259
130056	A	259
130057	A	259
130058	A	259
130059	A	259
130060	A	259
130061	A	259
130062	A	259
130063	A	259
130064	A	259
130065	A	259
130066	A	259
130067	A	259
130068	A	259
130069	R	1339
140001	A	259
140002	A	259
140003	A	259
140004	A	259
140005	A	259
140006	A	259
140007	A	259
140008	A	259
140009	A	259
140010	A	259
140011	A	259
140012	A	259
140013	A	259
140014	A	259
140015	A	259
140016	A	259
140017	A	259
140018	A	259
140019	A	259
140020	A	259
140021	A	259
140022	A	259
140023	A	259
140024	A	259
140025	A	259
140026	A	259
140027	A	259
140028	A	259
140029	A	259
140030	A	259
140031	A	259
140032	A	259
140033	R	2570
140034	A	259
140035	A	259
140036	A	259
140037	A	259
140038	A	259
140039	A	259
140040	A	259
140041	A	259
140042	A	259
140043	A	259
140044	A	259
140045	A	259
140046	A	259
140047	A	259
140048	A	259
140049	A	259
140050	A	259
140051	A	259
140052	A	259
140053	A	259
140054	A	259
140055	A	259
140056	A	259
140057	A	259
140058	A	259
140059	A	259
140060	A	259
140061	A	259
140062	A	259
140063	A	259
140064	A	259
140065	R	2570
140066	A	259
140067	A	259
140068	A	259
140069	A	259
140070	A	259
140071	A	259
140072	A	259
140073	A	259
140074	A	259
140075	A	259
140076	A	259
140077	A	259
140078	A	259
140079	A	259
140080	A	259
140081	A	259
140082	A	259
140083	A	259
140084	A	259
140085	A	259
140086	A	259
140087	A	259
141001	A	259
141002	A	259
141003	A	259
141004	A	259
141005	A	259
141101	A	259
141102	A	259
141103	A	259
141104	A	259
141105	A	259
141150	A	259
141151	R	2570
141152	A	259
141200	A	259
141201	A	259
141202	A	259
141203	A	259
141204	A	259
141205	A	259
141206	A	259
141207	A	259
150001	R	2570
150002	A	259
150003	A	259
150004	A	259
150005	A	259
150006	A	259
150007	A	259
150008	A	259
150009	A	259
150010	A	259
150011	A	259
150012	A	259
160000	R	1586
160001	A	259
160002	A	259
160003	A	259
160004	A	259
160005	A	259
160006	A	259
160007	A	259
160008	A	259
160009	A	259
161001	A	259
161002	A	259
161003	A	259
161004	A	259
161005	A	259
161006	A	259
161007	A	259
161008	A	259
161009	A	259
161010	A	259
161011	A	259
161012	A	259
161013	A	259
161014	A	259
161015	A	259
161016	A	259
170000	A	259
170001	A	259
170002	A	259
170003	A	259
170004	A	259
170005	A	259
170006	A	259
170007	A	259
170008	A	259
170009	A	259
170010	A	259
170011	A	259
170012	A	259
170013	A	259
170014	A	259
170015	A	259
170016	A	259
170017	A	259
170018	A	259
170019	A	259
170020	A	259
170021	A	259
170022	A	259
170023	A	259
170024	A	259
170025	A	259
170026	A	259
170027	A	259
170028	A	259
170029	A	259
170030	A	259
170031	A	259
170032	A	259
170033	A	259
170034	A	259
170035	A	259
170036	A	259
170037	A	259
170038	A	259
170039	A	259
170040	A	259
170041	A	259
170042	A	259
170043	A	259
170044	A	259
170045	A	259
170046	A	259
170047	A	259
170048	A	259
170049	A	259
170050	A	259
170051	A	259
170052	A	259
170053	A	259
170054	A	259
170055	A	259
170056	A	259
170057	A	259
170058	A	259
170059	A	259
170060	A	259
170061	A	259
170062	A	259
170063	A	259
170064	R	853
170065	A	259
170066	R	609
170067	A	259
170068	A	259
170069	A	259
170070	A	259
170071	A	259
170072	A	259
170073	A	259
170074	R	1611
170075	A	259
170076	A	259
170077	A	259
170078	A	259
170079	A	259
170080	A	259
170081	A	259
170082	A	259
170083	A	259
170084	A	259
170085	A	259
170086	A	259
170087	A	259
170088	A	259
170089	A	259
170090	A	259
170091	A	259
170092	A	259
170093	A	259
170094	A	259
170095	A	259
170096	A	259
170097	A	259
170098	A	259
170099	A	259
170100	A	259
170101	A	259
170102	A	259
170103	A	259
170104	A	259
170105	A	259
170106	A	259
170107	A	259
170108	A	259
170109	A	259
170110	A	259
170111	A	259
170112	A	259
170113	A	259
170114	A	259
170115	A	259
170116	A	259
170117	A	259
170118	A	259
170119	A	259
170120	A	259
170121	A	259
170122	A	259
170123	A	259
170124	A	259
170125	A	259
170126	A	259
170127	A	259
170128	A	259
170129	A	259
170130	A	259
170131	A	259
170132	A	259
170133	A	259
170134	A	259
170135	A	259
170136	A	259
170137	A	259
170138	A	259
170139	A	259
170140	A	259
170141	A	259
170142	A	259
170143	A	259
170144	A	259
170145	A	259
170146	A	259
170147	A	259
170148	A	259
170149	A	259
170150	A	259
170151	A	259
170152	A	259
170153	A	259
170154	A	259
170155	A	259
170156	A	259
170157	A	259
170158	A	259
170159	A	259
170160	A	259
170161	A	259
170162	A	259
170163	A	259
170164	A	259
170165	A	259
170166	A	259
170167	A	259
170168	A	259
170169	A	259
170170	A	259
170171	A	259
170172	A	259
170173	A	259
170174	A	259
170175	A	259
170176	A	259
170177	A	259
170178	A	259
170179	A	259
170180	A	259
170181	A	259
170182	A	259
170183	A	259
170184	A	259
170185	A	259
170186	A	259
170187	A	259
170188	A	259
170189	A	259
170190	A	259
170191	A	259
170192	R	1225
170193	A	259
170194	A	259
170195	A	259
170196	A	259
170197	A	259
170198	A	259
170199	R	822
170200	A	259
170201	A	259
170202	A	259
170203	A	259
170204	A	259
170205	A	259
170206	A	259
170207	A	259
170208	A	259
170209	A	259
170210	A	259
170211	A	259
170212	A	259
170213	R	1576
170214	A	259
170215	A	259
170216	A	259
170217	A	259
170218	A	259
170219	A	259
170220	A	259
170221	A	259
170222	A	259
170223	A	259
170224	A	259
170225	A	259
170226	A	259
170227	A	259
170228	A	259
170229	A	259
170230	A	259
170231	A	259
170232	A	259
170233	A	259
170234	A	259
170235	A	259
170236	A	259
170237	A	259
170238	R	270
170239	A	259
170240	A	259
170241	A	259
170242	A	259
170243	A	259
170244	A	259
170245	A	259
170246	R	268
170247	A	259
170248	A	259
170249	A	259
170250	A	259
170251	A	259
170252	A	259
170253	A	259
170254	A	259
170255	A	259
170256	A	259
170257	A	259
170258	A	259
170259	A	259
170260	A	259
170261	A	259
170262	A	259
170263	A	259
170264	A	259
170265	A	259
170266	A	259
170267	A	259
170268	A	259
170269	A	259
170270	A	259
170271	A	259
170272	A	259
170273	A	259
170274	A	259
170275	A	259
170276	A	259
170277	A	259
170278	A	259
170279	A	259
170280	A	259
170281	A	259
170282	A	259
170283	A	259
170284	A	259
170285	A	259
170286	A	259
170287	R	270
170288	A	259
170289	A	259
170290	A	259
170291	A	259
170292	A	259
170293	A	259
170294	A	259
170295	A	259
170296	A	259
170297	A	259
170298	A	259
170299	A	259
170300	A	259
170301	A	259
170302	A	259
170303	A	259
170304	A	259
170305	A	259
170306	A	259
170307	A	259
170308	A	259
170309	A	259
170310	A	259
170311	A	259
170312	A	259
170313	A	259
170314	A	259
170315	A	259
170316	A	259
170317	A	259
170318	R	267
170319	A	259
170320	A	259
170321	A	259
170322	A	259
170323	A	259
170324	A	259
170325	A	259
170326	A	259
170327	A	259
170328	A	259
170329	A	259
170330	A	259
170331	A	259
170332	A	259
170333	A	259
170334	A	259
170335	A	259
170336	A	259
170337	A	259
170338	A	259
170339	A	259
170340	A	259
170341	A	259
170342	A	259
170343	A	259
170344	A	259
170345	A	259
170346	A	259
170347	A	259
170348	A	259
170349	A	259
170350	A	259
170351	A	259
170352	A	259
170353	A	259
170354	A	259
170355	A	259
170356	R	1629
170357	A	259
170358	R	738
170359	A	259
170360	A	259
170361	A	259
170362	A	259
170363	A	259
170364	A	259
170500	A	259
170501	A	259
170502	A	259
170503	A	259
170504	A	259
170505	A	259
170506	A	259
170507	A	259
170508	A	259
170509	A	259
170510	A	259
170530	R	2525
170531	R	1225
170532	R	1629
170533	R	2525
170534	R	1225
170535	R	1629
170536	R	272
170537	R	1225
170538	R	1629
170539	R	271
170540	R	1225
170541	A	259
170542	A	259
170543	A	259
170544	A	259
170545	A	259
170546	A	259
170547	A	259
170548	A	259
180000	A	259
181000	A	259
181001	A	259
181002	A	259
181003	A	259
181004	A	259
181005	A	259
181006	A	259
181007	A	259
182000	R	1910
182001	R	2482
182002	R	1911
182003	R	1910
182004	R	2482
182005	R	1911
182006	R	1910
182007	R	2482
182008	R	1911
182009	R	1910
182010	R	2482
190001	A	259
190002	A	259
190003	A	259
190004	A	259
190005	A	259
190006	A	259
190007	A	259
190008	A	259
190009	R	1225
190010	A	259
190011	A	259
200001	A	259
200002	A	259
200003	A	259
200004	A	259
200005	A	259
200006	A	259
200007	A	259
200008	A	259
200009	A	259
200010	A	259
200011	A	259
200012	A	259
200013	A	259
200014	A	259
200015	A	259
200016	A	259
200017	A	259
200018	A	259
200019	A	259
200020	A	259
200021	A	259
200022	A	259
200023	A	259
200024	A	259
200025	A	259
200026	A	259
200027	A	259
200028	A	259
200029	A	259
200030	A	259
200031	A	259
200032	A	259
200033	A	259
200034	A	259
200035	A	259
200036	A	259
200037	A	259
200038	A	259
200039	A	259
200040	A	259
200041	A	259
200042	A	259
200043	A	259
200044	R	2570
200045	A	259
200046	A	259
200047	A	259
200048	A	259
200049	A	259
200050	A	259
210001	A	259
210002	A	259
210003	A	259
210004	A	259
210005	A	259
210006	A	259
210007	A	259
210008	A	259
210009	A	259
210010	A	259
210011	A	259
210012	R	2565
210013	A	259
210014	A	259
210015	A	259
210016	R	2565
210017	A	259
210018	R	2570
210019	A	259
210020	A	259
210021	A	259
220001	A	259
220002	A	259
220003	A	259
220004	A	259
230001	A	259
230002	A	259
230003	A	259
230004	A	259
230005	A	259
230006	A	259
230007	A	259
230008	A	259
230009	A	259
230010	A	259
230011	A	259
230012	A	259
230013	A	259
230014	A	259
230015	A	259
230016	A	259
230017	A	259
230018	A	259
230019	A	259
230020	A	259
230021	A	259
230022	A	259
240001	A	259
240002	A	259
240003	A	259
240004	A	259
240005	A	259
240006	A	259
240007	R	1911
240008	R	2478
240009	R	2481
240010	R	1911
240011	R	1225
240012	A	259
250001	A	259
250002	A	259
250003	A	259
250004	R	277
250005	A	259
250006	A	259
250007	A	259
250014	A	259
250015	R	1120
250016	A	259
250017	A	259
250018	A	259
250019	A	259
250020	A	259
250021	A	259
250022	A	259
250023	A	259
250024	A	259
250025	A	259
250026	R	1911
250027	R	1911
250028	R	1911
250029	R	2483
250030	A	259
250031	A	259
250032	A	259
250033	A	259
250034	A	259
250035	A	259
250036	A	259
250037	A	259
250038	A	259
250039	A	259
250040	A	259
250041	A	259
250042	A	259
250043	A	259
250044	A	259
250045	R	1122
250046	A	259
250047	A	259
250048	A	259
250049	A	259
250050	A	259
250051	A	259
250052	A	259
250053	A	259
250054	A	259
250055	A	259
250056	A	259
250057	A	259
250058	R	1629
250059	R	2526
250060	A	259
250061	A	259
250062	A	259
250063	A	259
250064	A	259
250065	A	259
250066	R	1121
250067	R	2479
250068	R	2480
250069	R	1911
250075	A	259
250079	A	259
250080	A	259
250081	A	259
250082	A	259
250083	A	259
250084	A	259
250085	A	259
250086	A	259
250087	A	259
250088	A	259
250089	A	259
250090	R	1225
250091	A	259
260000	A	259
260001	A	259
260002	A	259
260003	A	259
260004	A	259
260005	A	259
260006	A	259
260007	A	259
260008	A	259
260009	A	259
260010	R	275
260011	A	259
260012	A	259
260013	A	259
260014	A	259
260015	A	259
260016	A	259
260017	A	259
260018	A	259
260019	A	259
260020	A	259
260021	A	259
260022	A	259
260023	A	259
260024	A	259
260025	A	259
260026	A	259
260027	A	259
260028	A	259
260029	A	259
260030	A	259
260031	A	259
260032	A	259
260033	A	259
260034	A	259
260035	A	259
260036	A	259
260037	A	259
260038	A	259
260039	A	259
260040	A	259
260041	A	259
260042	A	259
260043	A	259
260044	A	259
260045	A	259
260046	A	259
260047	A	259
260048	A	259
260049	A	259
260050	A	259
260051	A	259
260052	A	259
260053	A	259
260054	A	259
260055	A	259
260056	A	259
260057	A	259
260058	A	259
260059	A	259
260060	A	259
260061	A	259
260062	A	259
260063	A	259
260064	A	259
260065	A	259
260066	A	259
260067	A	259
260068	A	259
260069	A	259
260070	A	259
260071	A	259
260072	A	259
260073	A	259
260074	A	259
260075	A	259
260076	R	6
260077	A	259
260078	A	259
260079	A	259
260080	A	259
260081	A	259
260082	A	259
260083	A	259
260084	A	259
260085	A	259
260086	A	259
260087	A	259
260088	A	259
260089	A	259
260090	A	259
260091	A	259
260092	A	259
260093	A	259
260094	A	259
260095	A	259
260096	A	259
260097	A	259
260098	A	259
260099	A	259
260100	A	259
260101	A	259
260102	A	259
260103	A	259
260104	A	259
260105	A	259
260106	A	259
260107	A	259
260108	A	259
260109	A	259
260110	A	259
260111	A	259
260112	A	259
260113	A	259
260114	A	259
260115	A	259
260116	A	259
260117	A	259
260118	A	259
260119	A	259
260120	A	259
260121	A	259
260122	A	259
260123	A	259
260124	A	259
260125	A	259
260126	A	259
260127	A	259
260128	A	259
260129	A	259
260130	A	259
260131	A	259
260132	A	259
260133	A	259
260134	A	259
260135	A	259
260136	A	259
260137	A	259
260138	A	259
260139	A	259
260140	A	259
260141	A	259
260142	A	259
260143	A	259
260144	A	259
260145	A	259
260146	A	259
260147	A	259
260148	A	259
260149	A	259
260150	R	2549
260151	A	259
260152	A	259
260153	A	259
260154	A	259
270000	A	259
270001	A	259
270002	A	259
270003	A	259
270004	A	259
270005	A	259
270006	A	259
270007	A	259
270008	A	259
270009	A	259
270010	A	259
280000	A	259
280001	A	259
280002	A	259
280003	R	2570
280004	R	2570
280005	A	259
280006	A	259
280007	A	259
280008	A	259
280009	A	259
280010	A	259
280011	A	259
280012	A	259
280013	A	259
280014	A	259
280015	A	259
280016	A	259
280017	A	259
280018	A	259
280019	A	259
280020	A	259
280021	A	259
280022	A	259
280023	A	259
280024	A	259
280025	A	259
280026	A	259
280027	A	259
280028	A	259
280029	A	259
280030	A	259
280031	A	259
280032	A	259
280033	A	259
280034	A	259
280035	A	259
280036	A	259
290000	A	259
290001	A	259
290002	A	259
290003	A	259
290004	A	259
290005	A	259
290006	A	259
290007	A	259
290008	A	259
290009	A	259
290010	A	259
290011	A	259
290012	A	259
290013	A	259
290014	A	259
290015	A	259
290016	A	259
290017	A	259
290018	A	259
290019	A	259
290020	A	259
290021	R	202
290022	A	259
290023	A	259
290024	A	259
290025	A	259
290026	A	259
290027	A	259
290028	A	259
290029	A	259
290030	A	259
290031	A	259
290032	A	259
290033	A	259
290034	A	259
290035	A	259
290036	A	259
290037	A	259
290038	A	259
290039	A	259
290040	A	259
290041	A	259
290042	A	259
290043	A	259
290044	A	259
290045	A	259
290046	A	259
290047	A	259
290048	A	259
290049	A	259
290050	A	259
290051	A	259
290052	A	259
290053	A	259
290054	A	259
290055	A	259
290056	A	259
1110001	A	259
1110002	A	259
1110003	A	259
1110004	R	1871
1110005	R	2516
1110006	A	259
1110007	R	1870
1110008	A	259
1110009	A	259
1110020	A	259
1110021	A	259
1110022	A	259
1110023	A	259
1110024	A	259
1110025	A	259
1110026	A	259
1111001	A	259
1111002	A	259
1111003	A	259
1111004	A	259
1111005	A	259
1111006	R	824
1111007	R	1869
1111008	A	259
1111009	A	259
1111016	R	1872
1111017	R	2521
1111018	R	824
1111019	R	1891
1111020	R	2556
1111219	R	824
16320001	A	259
16320002	A	259
16320003	A	259
16320004	A	259
16320005	A	259
16320006	A	259
16320007	A	259
16320008	A	259
16320009	R	834
16320010	A	259
16320011	A	259
16320012	A	259
16320013	A	259
16320014	A	259
16320015	A	259
16320016	A	259
16320017	A	259
16320018	A	259
16320019	A	259
16320020	A	259
16320021	A	259
16320022	A	259
16320023	A	259
16320024	A	259
16320025	A	259
16320026	A	259
16320027	A	259
16320028	A	259
16320029	A	259
16320030	A	259
16320031	A	259
16320032	A	259
16320033	A	259
16320034	A	259
10000200000	R	824
10010300000	R	824
10010300001	R	1876
10010300002	R	2555
10010300003	R	824
10010300004	R	1881
10010300005	R	274
10010300013	R	2542
10010300014	R	824
10010300021	R	824
10010300022	R	1882
10010300023	R	2536
10010300025	R	824
10010300026	R	1877
10010300186	R	1885
10010300193	R	2541
10010300194	R	824
10010300195	R	1879
10010300197	R	824
10010300198	R	1877
10010400000	R	824
10010400001	R	1876
10010400002	R	2555
10010400003	R	824
10010400004	R	1881
10010400005	R	274
10010400013	R	824
10010400014	R	1887
10010400021	R	824
10010400022	R	2539
10010400023	R	824
10010400025	R	1886
10010400026	R	2533
10050000000	R	1484
10050000001	R	198
10050000002	R	857
10050000003	R	197
10050000004	R	194
10050000005	R	191
10050000006	R	199
10050000007	R	1511
10050000008	R	1491
10050000009	R	195
10050000010	R	1499
10050000011	R	863
10050000012	R	860
10050000013	R	200
10050000014	R	864
10050000015	R	866
10050000016	R	201
10050000017	R	865
10050000018	R	859
10050000019	R	1476
10050000020	R	1477
10050000021	R	1473
10050000022	R	1504
10050000023	R	1486
10050000024	R	858
10050000025	R	1483
10050000026	R	862
10050000027	R	1482
10050000028	R	196
10050000029	R	193
10050000030	R	861
10050000031	R	1490
10050000032	R	867
10050000033	R	192
10060000000	R	1994
10060000001	R	1939
10060000002	R	933
10060000003	R	1928
10060000004	R	918
10060000005	R	2000
10060000006	R	1997
10060000007	R	930
10060000008	R	1933
10060000009	R	924
10060000010	R	1938
10060000011	R	2002
10060000012	R	919
10060000013	R	1999
10060000014	R	1996
10060000015	R	1926
10060000016	R	940
10060000017	R	2001
10060000018	R	1936
10060000019	R	2003
10060000020	R	927
10060000021	R	1931
10060000022	R	938
10060000023	R	1945
10060000024	R	1995
10060000025	R	937
10060000026	R	1922
10060000027	R	1927
10060000028	R	1932
10060000029	R	2004
10060000030	R	939
10060000031	R	1998
10060000032	R	941
10060100000	R	1919
10060100001	R	2012
10060100002	R	1935
10060100003	R	925
10060100004	R	1920
10060100005	R	1934
10060100006	R	923
10060100007	R	2010
10060100008	R	931
10060100009	R	2006
10060100010	R	935
10060100011	R	1941
10060100012	R	1921
10060100013	R	926
10060100014	R	922
10060100015	R	2007
10060100016	R	1943
10060100017	R	936
10060100018	R	2011
10060100019	R	2014
10060100020	R	1930
10060100021	R	928
10060100022	R	2013
10060100023	R	1945
10060100024	R	1923
10060100025	R	937
10060100026	R	2005
10060100027	R	2008
10060100028	R	2009
10060100029	R	942
10060100030	R	1942
10060100031	R	1929
10060100032	R	2015
10060300000	A	259
10060300001	A	259
10060300002	A	259
10060300003	A	259
10060300004	A	259
10080000001	R	2311
10080000002	R	989
10080000003	R	327
10080000004	R	964
10080000005	R	2307
10080000006	R	2316
10080000007	R	966
10080000008	R	2315
10080000009	R	978
10080000010	R	2329
10080000011	R	2323
10080000012	R	2324
10080000013	R	326
10080000014	R	325
10080000017	R	2321
10080000018	R	311
10080000019	R	2327
10080000020	R	323
10080000021	R	328
10080000022	R	2310
10080000023	R	2308
10080000024	R	2320
10080000025	R	320
10080000026	R	943
10080000027	R	315
10080000028	R	972
10080000029	R	965
10080000030	R	314
10080000031	R	2312
10080000032	R	959
10080000033	R	313
10080000034	R	962
10080000035	R	312
10080000036	R	319
10080000038	R	969
10080000039	R	318
10080000040	R	2317
10080000041	R	317
10080000042	R	309
10080000043	R	2318
10080000044	R	2309
10080000045	R	950
10080000046	R	2326
10080000047	R	981
10080000048	R	2328
10080000049	R	2330
10080000050	R	2319
10080000051	R	974
10080000052	R	2306
10080000055	R	310
10080000056	R	945
10080000057	R	2314
10080000058	R	967
10080000059	R	947
10080000060	R	952
10080000061	R	2322
10080000062	R	986
10080000064	R	2313
10080000065	R	316
10080000070	R	961
10080000072	R	2325
10080000073	R	324
10080100000	R	1481
10080100001	R	1495
10100000008	R	1478
10100000009	R	885
10100000016	R	2549
10100000017	R	2547
10100000018	R	824
10100000064	R	824
10100000069	R	1506
10100000071	R	593
10100000072	R	823
10100000077	R	1485
10100000082	R	886
10100000092	R	1507
10100000114	R	1500
10100000125	R	492
10100000126	R	881
10100000127	R	497
10100000132	R	1472
10100000169	A	259
10100000174	R	822
10100000203	R	1889
10100000204	R	1492
10100000205	R	601
10100000206	R	536
10100000207	R	1470
10100000208	R	478
10100000209	R	607
10100000210	R	882
10100000240	R	1878
10100000241	R	2530
10100000242	R	824
10100000243	R	1493
10100000253	R	824
10100000256	R	1888
10100000257	R	2532
10100000258	R	824
10100000259	R	1884
10100000260	R	2537
10100000261	R	824
10100000268	R	1883
10100000269	R	824
10100000270	R	1880
10100000271	R	2533
10100000272	R	824
10100000299	R	883
10100000310	R	1874
10100000326	R	2550
10100000365	R	7
10100000367	R	1318
10100000368	R	1319
10100000375	R	1488
10100000377	R	756
10100000378	R	1892
10100000379	R	759
10100000380	R	824
10100000381	R	1893
10100000382	R	761
10100000416	R	824
10100000417	R	1873
10100000419	R	1874
10110200000	C	2569
10110200001	C	2569
10110200002	C	2569
10110200003	C	2569
10110200004	C	2569
10110200005	C	2569
10110200006	C	2569
10110200007	C	2569
10110200008	C	2569
10110200009	C	2569
10110200010	C	2569
10110200011	C	2569
10110200012	C	2569
10110200013	C	2569
10110200014	C	2569
10110200015	C	2569
10110200016	C	2569
10110200017	C	2569
10110200018	C	2569
10110200019	C	2569
10110200020	C	2569
10110200021	C	2569
10110200022	C	2569
10110200023	C	2569
10110200024	C	2569
10110200025	C	2569
10110200026	C	2569
10110200027	C	2569
10110200028	C	2569
10110200029	C	2569
10110200030	C	2569
10110200031	C	2569
10110200032	C	2569
10110200033	C	2569
10110200034	C	2569
10110200035	C	2569
10110200036	C	2569
10110200037	C	2569
10110200038	C	2569
10110200039	C	2569
10110200040	C	2569
10110200041	C	2569
10110200042	C	2569
10110200043	C	2569
10110200044	C	2569
10110200045	C	2569
10110200046	C	2569
10110200047	C	2569
10110200048	C	2569
10110200049	C	2569
10110200050	C	2569
10110200051	C	2569
10110200052	C	2569
10110200053	C	2569
10110200054	C	2569
10110200055	C	2569
10110200056	C	2569
10110200057	C	2569
10110200058	C	2569
10110200059	C	2569
10110200060	C	2569
10110200061	C	2569
10110200062	C	2569
10110200063	C	2569
10110200064	C	2569
10110200065	C	2569
10110200066	C	2569
10110200067	C	2569
10110200068	C	2569
10110200069	C	2569
10110200070	C	2569
10110200071	C	2569
10110200072	C	2569
10110200073	C	2569
10110200074	C	2569
10110200075	C	2569
10110200076	C	2569
10110200077	C	2569
10110200078	C	2569
10110200079	C	2569
10110200080	C	2569
10110200081	C	2569
10110200082	C	2569
10110200083	C	2569
10110200084	C	2569
10110200085	C	2569
10110200086	C	2569
10110200087	C	2569
10110200088	C	2569
10110200089	C	2569
10110200090	C	2569
10110200091	C	2569
10110200092	C	2569
10110200093	C	2569
10110200094	C	2569
10110200095	C	2569
10110200096	C	2569
10110200097	C	2569
10110200098	C	2569
10110200099	C	2569
10110200100	C	2569
10110200101	C	2569
10110200102	C	2569
10110200103	C	2569
10110200104	C	2569
10110200105	C	2569
10110200106	C	2569
10110200107	C	2569
10110200108	C	2569
10110200109	C	2569
10110200110	C	2569
10110200111	C	2569
10110200112	C	2569
10110200113	C	2569
10110200114	C	2569
10110200115	C	2569
10110200116	C	2569
10110200117	C	2569
10110200118	C	2569
10110200119	C	2569
10110200120	C	2569
10110200121	C	2569
10110200122	C	2569
10110200123	C	2569
10110200124	C	2569
10110200125	C	2569
10110200126	C	2569
10110200127	C	2569
10110200128	C	2569
10110200129	C	2569
10110200130	C	2569
10110200131	C	2569
10110200132	C	2569
10110200133	C	2569
10110200134	C	2569
10110200135	C	2569
10110200136	C	2569
10110200137	C	2569
10110200138	C	2569
10110200139	C	2569
10110200140	C	2569
10110200141	C	2569
10110200142	C	2569
10110200143	C	2569
10110200144	C	2569
10110200145	C	2569
10110200146	C	2569
10110200147	C	2569
10110200148	C	2569
10110200149	C	2569
10110200150	C	2569
10110200151	C	2569
10110200152	C	2569
10110200153	C	2569
10110200154	C	2569
10110200155	C	2569
10110200156	C	2569
10110200157	C	2569
10110200158	C	2569
10110200159	C	2569
10110200160	C	2569
10110200161	C	2569
10110200162	C	2569
10110200163	C	2569
10110200164	C	2569
10110200165	C	2569
10110200166	C	2569
10110200167	C	2569
10110200168	C	2569
10110200169	C	2569
10110200170	C	2569
10110200171	C	2569
10110200172	C	2569
10110200173	C	2569
10110200174	C	2569
10110200175	C	2569
10110200176	C	2569
10110200177	C	2569
10110200178	C	2569
10110200179	C	2569
10110200180	C	2569
10110200181	C	2569
10110200182	C	2569
10110200183	C	2569
10110200184	C	2569
10110200185	C	2569
10110200186	C	2569
10110200187	C	2569
10110200188	C	2569
10110200189	C	2569
10110200190	C	2569
10110200191	C	2569
10110200192	C	2569
10110200193	C	2569
10110200194	C	2569
10110200195	C	2569
10110200196	C	2569
10110200197	C	2569
10110200198	C	2569
10110200199	C	2569
10110200200	C	2569
10110200201	C	2569
10110200202	C	2569
10110200203	C	2569
10110200204	C	2569
10110200205	C	2569
10110200206	C	2569
10110200207	C	2569
10110200208	C	2569
10110200209	C	2569
10110200210	C	2569
10110200211	C	2569
10110200212	C	2569
10110200213	C	2569
10110200214	C	2569
10110200215	C	2569
10110200216	C	2569
10110200217	C	2569
10110200218	C	2569
10110200219	C	2569
10110200220	C	2569
10110200221	C	2569
10110200222	C	2569
10110200223	C	2569
10110200224	C	2569
10110200225	C	2569
10110200226	C	2569
10110200227	C	2569
10110200228	C	2569
10110200229	C	2569
10110200230	C	2569
10110200231	C	2569
10110200232	C	2569
10110200233	C	2569
10110200234	C	2569
10110200235	C	2569
10110200236	C	2569
10110200237	C	2569
10110200238	C	2569
10110200239	C	2569
10110200240	C	2569
10110200241	C	2569
10110200242	C	2569
10110200243	C	2569
10110200244	C	2569
10110200245	C	2569
10110200246	C	2569
10110200247	C	2569
10110200248	C	2569
10110200249	C	2569
10110200250	C	2569
10110200251	C	2569
10110200252	C	2569
10110200253	C	2569
10110200254	C	2569
10110200255	C	2569
10110200256	C	2569
10110200257	C	2569
10110200258	C	2569
10110200259	C	2569
10110200260	C	2569
10110200261	C	2569
10110200262	C	2569
10110200263	C	2569
10110200264	C	2569
10110200265	C	2569
10110200266	C	2569
10110200267	C	2569
10110200268	C	2569
10110200269	C	2569
10110200270	C	2569
10110200271	C	2569
10110200272	C	2569
10110200273	C	2569
10110200274	C	2569
10110200275	C	2569
10110200276	C	2569
10110200277	C	2569
10110200278	C	2569
10110200279	C	2569
10110200280	C	2569
10110200281	C	2569
10110200282	C	2569
10110200283	C	2569
10110200284	C	2569
10110200285	C	2569
10110200286	C	2569
10110200287	C	2569
10110200288	C	2569
10110200289	C	2569
10110200290	C	2569
10110200291	C	2569
10110200292	C	2569
10110200293	C	2569
10110200294	C	2569
10110200295	C	2569
10110200296	C	2569
10110200297	C	2569
10110200298	C	2569
10110200299	C	2569
10110200300	C	2569
10110200301	C	2569
10110200302	C	2569
10110200303	C	2569
10110200304	C	2569
10110200305	C	2569
10110200306	C	2569
10110200307	C	2569
10110200308	C	2569
10110200309	C	2569
10110200310	C	2569
10110200311	C	2569
10110200312	C	2569
10110200313	C	2569
10110200314	C	2569
10110200315	C	2569
10110200316	C	2569
10110200317	C	2569
10110200318	C	2569
10110200319	C	2569
10110200320	C	2569
10110200321	C	2569
10110200322	C	2569
10110200323	C	2569
10110200324	C	2569
10110200325	C	2569
10110200326	C	2569
10110200327	C	2569
10110200328	C	2569
10110200329	C	2569
10110200330	C	2569
10110200331	C	2569
10110200332	C	2569
10110200333	C	2569
10110200334	C	2569
10110200335	C	2569
10110200336	C	2569
10110200337	C	2569
10110200338	C	2569
10110200339	C	2569
10110200340	C	2569
10110200341	C	2569
10110200342	C	2569
10110200343	C	2569
10110200344	C	2569
10110200345	C	2569
10110200346	C	2569
10110200347	C	2569
10110200348	C	2569
10110200349	C	2569
10110200350	C	2569
10110200351	C	2569
10110200352	C	2569
10110200353	C	2569
10110200354	C	2569
10110200355	C	2569
10110200356	C	2569
10110200357	C	2569
10110200358	C	2569
10110200359	C	2569
10110200360	C	2569
10110200361	C	2569
10110200362	C	2569
10110200363	C	2569
10110200364	C	2569
10110200365	C	2569
10110200366	C	2569
10110200367	C	2569
10110200368	C	2569
10110200369	C	2569
10110200370	C	2569
10110200371	C	2569
10110200372	C	2569
10110200373	C	2569
10110200374	C	2569
10110200375	C	2569
10110200376	C	2569
10110200377	C	2569
10110200378	C	2569
10110200379	C	2569
10110200380	C	2569
10110200381	C	2569
10110200382	C	2569
10110200383	C	2569
10110200384	C	2569
10110200385	C	2569
10110200386	C	2569
10110200387	C	2569
10110200388	C	2569
10110200389	C	2569
10110200390	C	2569
10110200391	C	2569
10110200392	C	2569
10110200393	C	2569
10110200394	C	2569
10110200395	C	2569
10110200396	C	2569
10110200397	C	2569
10110200398	C	2569
10110200399	C	2569
10110200400	C	2569
10110200401	C	2569
10110200402	C	2569
10110200403	C	2569
10110200404	C	2569
10110200405	C	2569
10110200406	C	2569
10110200407	C	2569
10110200408	C	2569
10110200409	C	2569
10110200410	C	2569
10110200411	C	2569
10110200412	C	2569
10110200413	C	2569
10110200414	C	2569
10110200415	C	2569
10110200416	C	2569
10110200417	C	2569
10110200418	C	2569
10110200419	C	2569
10110200420	C	2569
10110200421	C	2569
10110200422	C	2569
10110200423	C	2569
10110200424	C	2569
10110200425	C	2569
10110200426	C	2569
10110200427	C	2569
10110200428	C	2569
10110200429	C	2569
10110200430	C	2569
10110200431	C	2569
10110200432	C	2569
10110200433	C	2569
10110200434	C	2569
10110200435	C	2569
10110200436	C	2569
10110200437	C	2569
10110200438	C	2569
10110200439	C	2569
10110200440	C	2569
10110200441	C	2569
10110200442	C	2569
10110200443	C	2569
10110200444	C	2569
10110200445	C	2569
10110200446	C	2569
10110200447	C	2569
10110200448	C	2569
10110200449	C	2569
10110200450	C	2569
10110200451	C	2569
10110200452	C	2569
10110200453	C	2569
10110200454	C	2569
10110200455	C	2569
10110200456	C	2569
10110200457	C	2569
10110200458	C	2569
10110200459	C	2569
10110200460	C	2569
10110200461	C	2569
10110200462	C	2569
10110200463	C	2569
10110200464	C	2569
10110200465	C	2569
10110200466	C	2569
10110200467	C	2569
10110200468	C	2569
10110200469	C	2569
10110200470	C	2569
10110200471	C	2569
10110200472	C	2569
10110200473	C	2569
10110200474	C	2569
10110200475	C	2569
10110200476	C	2569
10110200477	C	2569
10110200478	C	2569
10110200479	C	2569
10110200480	C	2569
10110200481	C	2569
10110200482	C	2569
10110200483	C	2569
10110200484	C	2569
10110200485	C	2569
10110200486	C	2569
10110200487	C	2569
10110200488	C	2569
10110200489	C	2569
10110200490	C	2569
10110200491	C	2569
10110200492	C	2569
10110200493	C	2569
10110200494	C	2569
10110200495	C	2569
10110200496	C	2569
10110200497	C	2569
10110200498	C	2569
10110200499	C	2569
10110200500	C	2569
10110200501	C	2569
10110200502	C	2569
10110200503	C	2569
10110200504	C	2569
10110200505	C	2569
10110200506	C	2569
10110200507	C	2569
10110200508	C	2569
10110200509	C	2569
10110200510	C	2569
10110200511	C	2569
10110200512	C	2569
10110200513	C	2569
10110200514	C	2569
10110200515	C	2569
10110200516	C	2569
10110200517	C	2569
10110200518	C	2569
10110200519	C	2569
10110200520	C	2569
10110200521	C	2569
10110200522	C	2569
10110200523	C	2569
10110200524	C	2569
10110200525	C	2569
10110200526	C	2569
10110200527	C	2569
10110200528	C	2569
10110200529	C	2569
10110200530	C	2569
10110200531	C	2569
10110200532	C	2569
10110200533	C	2569
10110200534	C	2569
10110200535	C	2569
10110200536	C	2569
10110200537	C	2569
10110200538	C	2569
10110200539	C	2569
10110200540	C	2569
10110200541	C	2569
10110200542	C	2569
10110200543	C	2569
10110200544	C	2569
10110200545	C	2569
10110200546	C	2569
10110200547	C	2569
10110200548	C	2569
10110200549	C	2569
10110200550	C	2569
10110200551	C	2569
10110200552	C	2569
10110200553	C	2569
10110200554	C	2569
10110200555	C	2569
10110200556	C	2569
10110200557	C	2569
10110200558	C	2569
10110200559	C	2569
10110200560	C	2569
10110200561	C	2569
10110200562	C	2569
10110200563	C	2569
10110200564	C	2569
10110200565	C	2569
10110200566	C	2569
10110200567	C	2569
10110200568	C	2569
10110200569	C	2569
10110200570	C	2569
10110200571	C	2569
10110200572	C	2569
10110200573	C	2569
10110200574	C	2569
10110200575	C	2569
10110200576	C	2569
10110200577	C	2569
10110200578	C	2569
10110200579	C	2569
10110200580	C	2569
10110200581	C	2569
10110200582	C	2569
10110200583	C	2569
10110200584	C	2569
10110200585	C	2569
10110200586	C	2569
10110200587	C	2569
10110200588	C	2569
10110200589	C	2569
10110200590	C	2569
10110200591	C	2569
10110200592	C	2569
10110200593	C	2569
10110200594	C	2569
10110200595	C	2569
10110200596	C	2569
10110200597	C	2569
10110200598	C	2569
10110200599	C	2569
10110200600	C	2569
10110200601	C	2569
10110200602	C	2569
10110200603	C	2569
10110200604	C	2569
10110200605	C	2569
10110200606	C	2569
10110200607	C	2569
10110200608	C	2569
10110200609	C	2569
10110200610	C	2569
10110200611	C	2569
10110200612	C	2569
10110200613	C	2569
10110200614	C	2569
10110200615	C	2569
10110200616	C	2569
10110200617	C	2569
10110200618	C	2569
10110200619	C	2569
10110200620	C	2569
10110200621	C	2569
10110200622	C	2569
10110200623	C	2569
10110200624	C	2569
10110200625	C	2569
10110200626	C	2569
10110200627	C	2569
10110200628	C	2569
10110200629	C	2569
10110200630	C	2569
10110200631	C	2569
10110200632	C	2569
10110200633	C	2569
10110200634	C	2569
10110200635	C	2569
10110200636	C	2569
10110200637	C	2569
10110200638	C	2569
10110200639	C	2569
10110200640	C	2569
10110200641	C	2569
10110200642	C	2569
10110200643	C	2569
10110200644	C	2569
10110200645	C	2569
10110200646	C	2569
10110200647	C	2569
10110200648	C	2569
10110200649	C	2569
10110200650	C	2569
10110200651	C	2569
10110200652	C	2569
10110200653	C	2569
10110200654	C	2569
10110200655	C	2569
10110200656	C	2569
10110200657	C	2569
10110200658	C	2569
10110200659	C	2569
10110200660	C	2569
10110200661	C	2569
10110200662	C	2569
10110200663	C	2569
10110200664	C	2569
10110200665	C	2569
10110200666	C	2569
10110200667	C	2569
10110200668	C	2569
10110200669	C	2569
10110200670	C	2569
10110200671	C	2569
10110200672	C	2569
10110200673	C	2569
10110200674	C	2569
10110200675	C	2569
10110200676	C	2569
10110200677	C	2569
10110200678	C	2569
10110200679	C	2569
10110200680	C	2569
10110200681	C	2569
10110200682	C	2569
10110200683	C	2569
10110200684	C	2569
10110200685	C	2569
10110200686	C	2569
10110200687	C	2569
10110200688	C	2569
10110200689	C	2569
10110200690	C	2569
10110200691	C	2569
10110200692	C	2569
10110200693	C	2569
10110200694	C	2569
10110200695	C	2569
10110200696	C	2569
10110200697	C	2569
10110200698	C	2569
10110200699	C	2569
10110200700	C	2569
10110200701	C	2569
10110200702	C	2569
10110200703	C	2569
10110200704	C	2569
10110200705	C	2569
10110200706	C	2569
10110200707	C	2569
10110200708	C	2569
10110200709	C	2569
10110200710	C	2569
10110200711	C	2569
10110200712	C	2569
10110200713	C	2569
10110200714	C	2569
10110200715	C	2569
10110200716	C	2569
10110200717	C	2569
10110200718	C	2569
10110200719	C	2569
10110200720	C	2569
10110200721	C	2569
10110200722	C	2569
10110200723	C	2569
10110200724	C	2569
10110200725	C	2569
10110200726	C	2569
10110200727	C	2569
10110200728	C	2569
10110200729	C	2569
10110200730	C	2569
10110200731	C	2569
10110200732	C	2569
10110200733	C	2569
10110200734	C	2569
10110200735	C	2569
10110200736	C	2569
10110200737	C	2569
10110200738	C	2569
10110200739	C	2569
10110200740	C	2569
10110200741	C	2569
10110200742	C	2569
10110200743	C	2569
10110200744	C	2569
10110200745	C	2569
10110200746	C	2569
10110200747	C	2569
10110200748	C	2569
10110200749	C	2569
10110200750	C	2569
10110200751	C	2569
10110200752	C	2569
10110200753	C	2569
10110200754	C	2569
10110200755	C	2569
10110200756	C	2569
10110200757	C	2569
10110200758	C	2569
10110200759	C	2569
10110200760	C	2569
10110200761	C	2569
10110200762	C	2569
10110200763	C	2569
10110200764	C	2569
10110200765	C	2569
10110200766	C	2569
10110200767	C	2569
10110200768	C	2569
10110200769	C	2569
10110200770	C	2569
10110200771	C	2569
10110200772	C	2569
10110200773	C	2569
10110200774	C	2569
10110200775	C	2569
10110200776	C	2569
10110200777	C	2569
10110200778	C	2569
10110200779	C	2569
10110200780	C	2569
10110200781	C	2569
10110200782	C	2569
10110200783	C	2569
10110200784	C	2569
10110200785	C	2569
10110200786	C	2569
10110200787	C	2569
10110200788	C	2569
10110200789	C	2569
10110200790	C	2569
10110200791	C	2569
10110200792	C	2569
10110200793	C	2569
10110200794	C	2569
10110200795	C	2569
10110200796	C	2569
10110200797	C	2569
10110200798	C	2569
10110200799	C	2569
10110200800	C	2569
10110200801	C	2569
10110200802	C	2569
10110200803	C	2569
10110200804	C	2569
10110200805	C	2569
10110200806	C	2569
10110200807	C	2569
10110200808	C	2569
10110200809	C	2569
10110200810	C	2569
10110200811	C	2569
10110200812	C	2569
10110200813	C	2569
10110200814	C	2569
10110200815	C	2569
10110200816	C	2569
10110200817	C	2569
10110200818	C	2569
10110200819	C	2569
10110200820	C	2569
10110200821	C	2569
10110200822	C	2569
10110200823	C	2569
10110200824	C	2569
10110200825	C	2569
10110200826	C	2569
10110200827	C	2569
10110200828	C	2569
10110200829	C	2569
10110200830	C	2569
10110200831	C	2569
10110200832	C	2569
10110200833	C	2569
10110200834	C	2569
10110200835	C	2569
10110200836	C	2569
10110200837	C	2569
10110200838	C	2569
10110200839	C	2569
10110200840	C	2569
10110200841	C	2569
10110200842	C	2569
10110200843	C	2569
10110200844	C	2569
10110200845	C	2569
10110200846	C	2569
10110200847	C	2569
10110200848	C	2569
10110200849	C	2569
10110200850	C	2569
10110200851	C	2569
10110200852	C	2569
10110200853	C	2569
10110200854	C	2569
10110200855	C	2569
10110200856	C	2569
10110200857	C	2569
10110200858	C	2569
10110200859	C	2569
10110200860	C	2569
10110200861	C	2569
10110200862	C	2569
10110200863	C	2569
10110200864	C	2569
10110200865	C	2569
10110200866	C	2569
10110200867	C	2569
10110200868	C	2569
10110200869	C	2569
10110200870	C	2569
10110200871	C	2569
10110200872	C	2569
10110200873	C	2569
10110200874	C	2569
10110200875	C	2569
10110200876	C	2569
10110200877	C	2569
10110200878	C	2569
10110200879	C	2569
10110200880	C	2569
10110200881	C	2569
10110200882	C	2569
10110200883	C	2569
10110200884	C	2569
10110200885	C	2569
10110200886	C	2569
10110200887	C	2569
10110200888	C	2569
10110200889	C	2569
10110200890	C	2569
10110200891	C	2569
10110200892	C	2569
10110200893	C	2569
10110200894	C	2569
10110200895	C	2569
10110200896	C	2569
10110200897	C	2569
10110200898	C	2569
10110200899	C	2569
10110200900	C	2569
10110200901	C	2569
10110200902	C	2569
10110200903	C	2569
10110200904	C	2569
10110200905	C	2569
10110200906	C	2569
10110200907	C	2569
10110200908	C	2569
10110200909	C	2569
10110200910	C	2569
10110200911	C	2569
10110200912	C	2569
10110200913	C	2569
10110200914	C	2569
10110200915	C	2569
10110200916	C	2569
10110200917	C	2569
10110200918	C	2569
10110200919	C	2569
10110200920	C	2569
10110200921	C	2569
10110200922	C	2569
10110200923	C	2569
10110200924	C	2569
10110200925	C	2569
10110200926	C	2569
10110200927	C	2569
10110200928	C	2569
10110200929	C	2569
10110200930	C	2569
10110200931	C	2569
10110200932	C	2569
10110200933	C	2569
10110200934	C	2569
10110200935	C	2569
10110200936	C	2569
10110200937	C	2569
10110200938	C	2569
10110200939	C	2569
10110200940	C	2569
10110200941	C	2569
10110200942	C	2569
10110200943	C	2569
10110200944	C	2569
10110200945	C	2569
10110200946	C	2569
10110200947	C	2569
10110200948	C	2569
10110200949	C	2569
10110200950	C	2569
10110200951	C	2569
10110200952	C	2569
10110200953	C	2569
10110200954	C	2569
10110200955	C	2569
10110200956	C	2569
10110200957	C	2569
10110200958	C	2569
10110200959	C	2569
10110200960	C	2569
10110200961	C	2569
10110200962	C	2569
10110200963	C	2569
10110200964	C	2569
10110200965	C	2569
10110200966	C	2569
10110200967	C	2569
10110200968	C	2569
10110200969	C	2569
10110200970	C	2569
10110200971	C	2569
10110200972	C	2569
10110200973	C	2569
10110200974	C	2569
10110200975	C	2569
10110200976	C	2569
10110200977	C	2569
10110200978	C	2569
10110200979	C	2569
10110200980	C	2569
10110200981	C	2569
10110200982	C	2569
10110200983	C	2569
10110200984	C	2569
10110200985	C	2569
10110200986	C	2569
10110200987	C	2569
10110200988	C	2569
10110200989	C	2569
10110200990	C	2569
10110200991	C	2569
10110200992	C	2569
10110200993	C	2569
10110200994	C	2569
10110200995	C	2569
10110200996	C	2569
10110200997	C	2569
10110200998	C	2569
10110200999	C	2569
10110201000	C	2569
10110201001	C	2569
10110201002	C	2569
10110201003	C	2569
10110201004	C	2569
10110201005	C	2569
10110201006	C	2569
10110201007	C	2569
10110201008	C	2569
10110201009	C	2569
10110201010	C	2569
10110201011	C	2569
10110201012	C	2569
10110201013	C	2569
10110201014	C	2569
10110201015	C	2569
10110201016	C	2569
10110201017	C	2569
10110201018	C	2569
10110201019	C	2569
10110201020	C	2569
10110201021	C	2569
10110201022	C	2569
10110201023	C	2569
10110201024	C	2569
10110201025	C	2569
10110201026	C	2569
10110201027	C	2569
10110201028	C	2569
10110201029	C	2569
10110201030	C	2569
10110201031	C	2569
10110201032	C	2569
10110201033	C	2569
10110201034	C	2569
10110201035	C	2569
10110201036	C	2569
10110201037	C	2569
10110201038	C	2569
10110201039	C	2569
10110201040	C	2569
10110201041	C	2569
10110201042	C	2569
10110201043	C	2569
10110201044	C	2569
10110201045	C	2569
10110201046	C	2569
10110201047	C	2569
10110201048	C	2569
10110201049	C	2569
10110201050	C	2569
10110201051	C	2569
10110201052	C	2569
10110201053	C	2569
10110201054	C	2569
10110201055	C	2569
10110201056	C	2569
10110201057	C	2569
10110201058	C	2569
10110201059	C	2569
10110201060	C	2569
10110201061	C	2569
10110201062	C	2569
10110201063	C	2569
10110201064	C	2569
10110201065	C	2569
10110201066	C	2569
10110201067	C	2569
10110201068	C	2569
10110201069	C	2569
10110201070	C	2569
10110201071	C	2569
10110201072	C	2569
10110201073	C	2569
10110201074	C	2569
10110201075	C	2569
10110201076	C	2569
10110201077	C	2569
10110201078	C	2569
10110201079	C	2569
10110201080	C	2569
10110201081	C	2569
10110201082	C	2569
10110201083	C	2569
10110201084	C	2569
10110201085	C	2569
10110201086	C	2569
10110201087	C	2569
10110201088	C	2569
10110201089	C	2569
10110201090	C	2569
10110201091	C	2569
10110201092	C	2569
10110201093	C	2569
10110201094	C	2569
10110201095	C	2569
10110201096	C	2569
10110201097	C	2569
10110201098	C	2569
10110201099	C	2569
10110201100	C	2569
10110201101	C	2569
10110201102	C	2569
10110201103	C	2569
10110201104	C	2569
10110201105	C	2569
10110201106	C	2569
10110201107	C	2569
10110201108	C	2569
10110201109	C	2569
10110201110	C	2569
10110201111	C	2569
10110201112	C	2569
10110201113	C	2569
10110201114	C	2569
10110201115	C	2569
10110201116	C	2569
10110201117	C	2569
10110201118	C	2569
10110201119	C	2569
10110201120	C	2569
10110201121	C	2569
10110201122	C	2569
10110201123	C	2569
10110201124	C	2569
10110201125	C	2569
10110201126	C	2569
10110201127	C	2569
10110201128	C	2569
10110201129	C	2569
10110201130	C	2569
10110201131	C	2569
10110201132	C	2569
10110201133	C	2569
10110201134	C	2569
10110201135	C	2569
10110201136	C	2569
10110201137	C	2569
10110201138	C	2569
10110201139	C	2569
10110201140	C	2569
10110201141	C	2569
10110201142	C	2569
10110201143	C	2569
10110201144	C	2569
10110201145	C	2569
10110201146	C	2569
10110201147	C	2569
10110201148	C	2569
10110201149	C	2569
10110201150	C	2569
10110201151	C	2569
10110201152	C	2569
10110201153	C	2569
10110201154	C	2569
10110201155	C	2569
10110201156	C	2569
10110201157	C	2569
10110201158	C	2569
10110201159	C	2569
10110201160	C	2569
10110201161	C	2569
10110201162	C	2569
10110201163	C	2569
10110201164	C	2569
10110201165	C	2569
10110201166	C	2569
10110201167	C	2569
10110201168	C	2569
10110201169	C	2569
10110201170	C	2569
10110201171	C	2569
10110201172	C	2569
10110201173	C	2569
10110201174	C	2569
10110201175	C	2569
10110201176	C	2569
10110201177	C	2569
10110201178	C	2569
10110201179	C	2569
10110201180	C	2569
10110201181	C	2569
10110201182	C	2569
10110201183	C	2569
10110201184	C	2569
10110201185	C	2569
10110201186	C	2569
10110201187	C	2569
10110201188	C	2569
10110201189	C	2569
10110201190	C	2569
10110201191	C	2569
10110201192	C	2569
10110201193	C	2569
10110201194	C	2569
10110201195	C	2569
10110201196	C	2569
10110201197	C	2569
10110201198	C	2569
10110201199	C	2569
10110201200	C	2569
10110201201	C	2569
10110201202	C	2569
10110201203	C	2569
10110201204	R	1316
10110201205	C	2569
10110201206	C	2569
10110201207	C	2569
10110201208	C	2569
10110201209	C	2569
10110201210	C	2569
10110201211	C	2569
10110201212	C	2569
10110201213	C	2569
10110201214	C	2569
10110201215	C	2569
10110201216	C	2569
10110201217	C	2569
10110201218	C	2569
10110201219	C	2569
10110201220	C	2569
10110201221	C	2569
10110201222	C	2569
10110201223	C	2569
10110201224	C	2569
10110201225	C	2569
10110201226	C	2569
10110201227	C	2569
10110201228	C	2569
10110201229	C	2569
10110201230	C	2569
10110201231	C	2569
10110201232	C	2569
10110201233	C	2569
10110201234	C	2569
10110201235	C	2569
10110201236	C	2569
10110201237	C	2569
10110201238	C	2569
10110201239	C	2569
10110201240	C	2569
10110201241	C	2569
10110201242	C	2569
10110201243	C	2569
10110201244	C	2569
10110201245	C	2569
10110201246	C	2569
10110201247	C	2569
10110201248	C	2569
10110201249	C	2569
10110201250	C	2569
10110201251	C	2569
10110201252	C	2569
10110201253	C	2569
10110201254	C	2569
10110201255	C	2569
10110201256	C	2569
10110201257	C	2569
10110201258	C	2569
10110201259	C	2569
10110201260	C	2569
10110201261	C	2569
10110201262	C	2569
10110201263	C	2569
10110201264	C	2569
10110201265	C	2569
10110201266	C	2569
10110201267	C	2569
10110201268	C	2569
10110201269	C	2569
10110201270	C	2569
10110201271	C	2569
10110201272	C	2569
10110201273	C	2569
10110201274	C	2569
10110201275	C	2569
10110201276	C	2569
10110201277	C	2569
10110201278	C	2569
10110201279	C	2569
10110201280	C	2569
10110201281	C	2569
10110201282	C	2569
10110201283	C	2569
10110201284	C	2569
10110201285	C	2569
10110201286	C	2569
10110201287	C	2569
10110201288	C	2569
10110201289	C	2569
10110201290	C	2569
10110201291	C	2569
10110201292	C	2569
10110201293	C	2569
10110201294	C	2569
10110201295	C	2569
10110201296	C	2569
10110201297	C	2569
10110201298	C	2569
10110201299	C	2569
10110201300	C	2569
10110201301	C	2569
10110201302	C	2569
10110201303	C	2569
10110201304	C	2569
10110201305	C	2569
10110201306	C	2569
10110201307	C	2569
10110201308	C	2569
10110201309	C	2569
10110201310	C	2569
10110201311	C	2569
10110201312	C	2569
10110201313	C	2569
10110201314	A	259
10110201315	C	2569
10110201316	C	2569
10110201317	C	2569
10110201318	C	2569
10110201319	C	2569
10110201320	C	2569
10110201321	C	2569
10110201322	C	2569
10110201323	C	2569
10110201324	C	2569
10110201325	C	2569
10110201326	C	2569
10110201327	C	2569
10110201328	C	2569
10110201329	C	2569
10110201330	C	2569
10110201331	C	2569
10110201332	C	2569
10110201333	C	2569
10110201334	C	2569
10110201335	C	2569
10110201336	C	2569
10110201337	C	2569
10110201338	C	2569
10110201339	C	2569
10110201340	C	2569
10110201341	C	2569
10110201342	C	2569
10110201343	C	2569
10110201344	C	2569
10110201345	C	2569
10110201346	C	2569
10110201347	C	2569
10110201348	C	2569
10110201349	C	2569
10110201350	C	2569
10110201351	C	2569
10110201352	C	2569
10110201353	C	2569
10110201354	C	2569
10110201355	C	2569
10110201356	C	2569
10110201357	C	2569
10110201358	C	2569
10110201359	C	2569
10110201360	C	2569
10110201361	C	2569
10110201362	C	2569
10110201363	C	2569
10110201364	C	2569
10110201365	C	2569
10110201366	C	2569
10110201367	C	2569
10110201368	C	2569
10110201369	C	2569
10110201370	C	2569
10110201371	C	2569
10110201372	C	2569
10110201373	C	2569
10110201374	C	2569
10110201375	C	2569
10110201376	C	2569
10110201377	C	2569
10110201378	C	2569
10110201379	C	2569
10110201380	C	2569
10110201381	C	2569
10110201382	C	2569
10110201383	C	2569
10110201384	C	2569
10110201385	C	2569
10110201386	C	2569
10110201387	C	2569
10110201388	C	2569
10110201389	C	2569
10110201390	C	2569
10110201391	C	2569
10110201392	C	2569
10110201393	C	2569
10110201394	C	2569
10110201395	C	2569
10110201396	C	2569
10110201397	C	2569
10110201398	C	2569
10110201399	C	2569
10110201400	C	2569
10110201401	C	2569
10110201402	C	2569
10110201403	C	2569
10110201404	C	2569
10110201405	C	2569
10110201406	C	2569
10110201407	C	2569
10110201408	C	2569
10110201409	C	2569
10110201410	C	2569
10110201411	C	2569
10110201412	C	2569
10110201413	C	2569
10110201414	C	2569
10110201415	C	2569
10110201416	C	2569
10110201417	C	2569
10110201418	C	2569
10110201419	C	2569
10110201420	C	2569
10110201421	C	2569
10110201422	C	2569
10110201423	C	2569
10110201424	C	2569
10110201425	C	2569
10110201426	C	2569
10110201427	C	2569
10110201428	C	2569
10110201429	C	2569
10110201430	C	2569
10110201431	C	2569
10110201432	C	2569
10110201433	C	2569
10110201434	C	2569
10110201435	C	2569
10110201436	C	2569
10110201437	C	2569
10110201438	C	2569
10110201439	C	2569
10110201440	C	2569
10110201441	C	2569
10110201442	C	2569
10110201443	C	2569
10110201444	C	2569
10110201445	C	2569
10110201446	C	2569
10110201447	C	2569
10110201448	C	2569
10110201449	C	2569
10110201450	C	2569
10110201451	C	2569
10110201452	C	2569
10110201453	C	2569
10110201454	C	2569
10110201455	C	2569
10110201456	C	2569
10110201457	C	2569
10110201458	C	2569
10110201459	C	2569
10110201460	C	2569
10110201461	C	2569
10110201462	C	2569
10110201463	C	2569
10110201464	C	2569
10110201465	C	2569
10110201466	C	2569
10110201467	C	2569
10110201468	C	2569
10110201469	C	2569
10110201470	C	2569
10110201471	C	2569
10110201472	C	2569
10110201473	C	2569
10110201474	C	2569
10110201475	C	2569
10110201476	C	2569
10110201477	C	2569
10110201478	C	2569
10110201479	C	2569
10110201480	C	2569
10110201481	C	2569
10110201482	C	2569
10110201483	C	2569
10110201484	C	2569
10110201485	C	2569
10110201486	C	2569
10110201487	C	2569
10110201488	C	2569
10110201489	C	2569
10110201490	C	2569
10110201491	C	2569
10110201492	C	2569
10110201493	C	2569
10110201494	C	2569
10110201495	C	2569
10110201496	C	2569
10110201497	C	2569
10110201498	C	2569
10110201499	C	2569
10110201500	C	2569
10110201501	C	2569
10110201502	C	2569
10110201503	C	2569
10110201504	C	2569
10110201505	C	2569
10110201506	C	2569
10110201507	C	2569
10110201508	C	2569
10110201509	C	2569
10110201510	C	2569
10110201511	C	2569
10110201512	C	2569
10110201513	C	2569
10110201514	C	2569
10110201515	C	2569
10110201516	C	2569
10110201517	C	2569
10110201518	C	2569
10110201519	C	2569
10110201520	C	2569
10110201521	C	2569
10110201522	C	2569
10110201523	C	2569
10110201524	C	2569
10110201525	C	2569
10110201526	C	2569
10110201527	C	2569
10110201528	C	2569
10110201529	C	2569
10110201530	C	2569
10110201531	C	2569
10110201532	C	2569
10110201533	C	2569
10110201534	C	2569
10110201535	C	2569
10110201536	C	2569
10110201537	C	2569
10110201538	C	2569
10110201539	C	2569
10110201540	C	2569
10110201541	C	2569
10110201542	C	2569
10110201543	C	2569
10110201544	C	2569
10110201545	C	2569
10110201546	C	2569
10110201547	C	2569
10110201548	C	2569
10110201549	C	2569
10110201550	C	2569
10110201551	C	2569
10110201552	C	2569
10110201553	C	2569
10110201554	C	2569
10110201555	C	2569
10110201556	C	2569
10110201557	C	2569
10110201558	C	2569
10110201559	C	2569
10110201560	C	2569
10110201561	C	2569
10110201562	C	2569
10110201563	C	2569
10110201564	C	2569
10110201565	C	2569
10110201566	C	2569
10110201567	C	2569
10110201568	C	2569
10110201569	C	2569
10110201570	C	2569
10110201571	C	2569
10110201572	C	2569
10110201573	C	2569
10110201574	C	2569
10110201575	C	2569
10110201576	C	2569
10110201577	C	2569
10110201578	C	2569
10110201579	C	2569
10110201580	C	2569
10110201581	C	2569
10110201582	C	2569
10110201583	C	2569
10110201584	C	2569
10110201585	C	2569
10110201586	C	2569
10110201587	C	2569
10110201588	C	2569
10110201589	C	2569
10110201590	C	2569
10110201591	C	2569
10110201592	C	2569
10110201593	C	2569
10110201594	C	2569
10110201595	C	2569
10110201596	C	2569
10110201597	C	2569
10110201598	C	2569
10110201599	C	2569
10110201600	C	2569
10110201601	C	2569
10110201602	C	2569
10110201603	C	2569
10110201604	C	2569
10110201605	C	2569
10110201606	C	2569
10110201607	C	2569
10110201608	C	2569
10110201609	C	2569
10110201610	C	2569
10110201611	C	2569
10110201612	C	2569
10110201613	C	2569
10110201614	C	2569
10110201615	C	2569
10110201616	C	2569
10110201617	C	2569
10110201618	C	2569
10110201619	C	2569
10110201620	C	2569
10110201621	C	2569
10110201622	C	2569
10110201623	C	2569
10110201624	C	2569
10110201625	C	2569
10110201626	C	2569
10110201627	C	2569
10110201628	C	2569
10110201629	C	2569
10110201630	C	2569
10110201631	C	2569
10110201632	C	2569
10110201633	C	2569
10110201634	C	2569
10110201635	C	2569
10110201636	C	2569
10110201637	C	2569
10110201638	C	2569
10110201639	C	2569
10110201640	C	2569
10110201641	C	2569
10110201642	C	2569
10110201643	C	2569
10110201644	C	2569
10110201645	C	2569
10110201646	C	2569
10110201647	C	2569
10110201648	C	2569
10110201649	C	2569
10110201650	C	2569
10110201651	C	2569
10110201652	C	2569
10110201653	C	2569
10110201654	C	2569
10110201655	C	2569
10110201656	C	2569
10110201657	C	2569
10110201658	C	2569
10110201659	C	2569
10110201660	C	2569
10110201661	C	2569
10110201662	C	2569
10110201663	C	2569
10110201664	C	2569
10110201665	C	2569
10110201666	C	2569
10110201667	C	2569
10110201668	C	2569
10110201669	C	2569
10110201670	C	2569
10110201671	C	2569
10110201672	C	2569
10110201673	C	2569
10110201674	C	2569
10110201675	C	2569
10110201676	C	2569
10110201677	C	2569
10110201678	C	2569
10110201679	C	2569
10110201680	C	2569
10110201681	C	2569
10110201682	C	2569
10110201683	C	2569
10110201684	C	2569
10110201685	C	2569
10110201686	C	2569
10110201687	C	2569
10110201688	C	2569
10110201689	C	2569
10110201690	C	2569
10110201691	C	2569
10110201692	C	2569
10110201693	C	2569
10110201694	C	2569
10110201695	C	2569
10110201696	C	2569
10110201697	C	2569
10110201698	C	2569
10110201699	C	2569
10110201700	C	2569
10110201701	C	2569
10110201702	C	2569
10110201703	C	2569
10110201704	C	2569
10110201705	C	2569
10110201706	C	2569
10110201707	C	2569
10110201708	C	2569
10110201709	C	2569
10110201710	C	2569
10110201711	C	2569
10110201712	C	2569
10110201713	C	2569
10110201714	C	2569
10110201715	C	2569
10110201716	C	2569
10110201717	C	2569
10110201718	C	2569
10110201719	C	2569
10110201720	C	2569
10110201721	C	2569
10110201722	C	2569
10110201723	C	2569
10110201724	C	2569
10110201725	C	2569
10110201726	C	2569
10110201727	C	2569
10110201728	C	2569
10110201729	C	2569
10110201730	C	2569
10110201731	C	2569
10110201732	C	2569
10110201733	C	2569
10110201734	C	2569
10110201735	C	2569
10110201736	C	2569
10110201737	C	2569
10110201738	C	2569
10110201739	C	2569
10110201740	C	2569
10110201741	C	2569
10110201742	C	2569
10110201743	C	2569
10110201744	C	2569
10110201745	C	2569
10110201746	C	2569
10110201747	C	2569
10110201748	C	2569
10110201749	C	2569
10110201750	C	2569
10110201751	C	2569
10110201752	C	2569
10110201753	C	2569
10110201754	C	2569
10110201755	C	2569
10110201756	C	2569
10110201757	C	2569
10110201758	C	2569
10110201759	C	2569
10110201760	C	2569
10110201761	C	2569
10110201762	C	2569
10110201763	C	2569
10110201764	C	2569
10110201765	C	2569
10110201766	C	2569
10110201767	C	2569
10110201768	C	2569
10110201769	C	2569
10110201770	C	2569
10110201771	C	2569
10110201772	C	2569
10110201773	C	2569
10110201774	C	2569
10110201775	C	2569
10110201776	C	2569
10110201777	C	2569
10110201778	C	2569
10110201779	C	2569
10110201780	C	2569
10110201781	C	2569
10110201782	C	2569
10110201783	C	2569
10110201784	C	2569
10110201785	C	2569
10110201786	C	2569
10110201787	C	2569
10110201788	C	2569
10110201789	C	2569
10110201790	C	2569
10110201791	C	2569
10110201792	C	2569
10110201793	C	2569
10110201794	C	2569
10110201795	C	2569
10110201796	C	2569
10110201797	C	2569
10110201798	C	2569
10110201799	C	2569
10110201800	C	2569
10110201801	C	2569
10110201802	C	2569
10110201803	C	2569
10110201804	C	2569
10110201805	C	2569
10110201806	C	2569
10110201807	C	2569
10110201808	C	2569
10110201809	C	2569
10110201810	C	2569
10110201811	C	2569
10110201812	C	2569
10110201813	C	2569
10110201814	C	2569
10110201815	C	2569
10110201816	C	2569
10110201817	C	2569
10110201818	C	2569
10110201819	C	2569
10110201820	C	2569
10110201821	C	2569
10110201822	C	2569
10110201823	C	2569
10110201824	C	2569
10110201825	C	2569
10110201826	C	2569
10110201827	C	2569
10110201828	C	2569
10110201829	C	2569
10110201830	C	2569
10110201831	C	2569
10110201832	C	2569
10110201833	C	2569
10110201834	C	2569
10110201835	C	2569
10110201836	C	2569
10110201837	C	2569
10110201838	C	2569
10110201839	C	2569
10110201840	C	2569
10110201841	C	2569
10110201842	C	2569
10110201843	C	2569
10110201844	C	2569
10110201845	C	2569
10110201846	C	2569
10110201847	C	2569
10110201848	C	2569
10110201849	C	2569
10110201850	C	2569
10110201851	C	2569
10110201852	C	2569
10110201853	C	2569
10110201854	C	2569
10110201855	C	2569
10110201856	C	2569
10110201857	C	2569
10110201858	C	2569
10110201859	C	2569
10110201860	C	2569
10110201861	C	2569
10110201862	C	2569
10110201863	C	2569
10110201864	C	2569
10110201865	C	2569
10110201866	C	2569
10110201867	C	2569
10110201868	C	2569
10110201869	C	2569
10110201870	C	2569
10110201871	C	2569
10110201872	C	2569
10110201873	C	2569
10110201874	C	2569
10110201875	C	2569
10110201876	C	2569
10110201877	C	2569
10110201878	C	2569
10110201879	C	2569
10110201880	C	2569
10110201881	C	2569
10110201882	C	2569
10110201883	C	2569
10110201884	C	2569
10110201885	C	2569
10110201886	C	2569
10110201887	C	2569
10110201888	C	2569
10110201889	C	2569
10110201890	C	2569
10110201891	C	2569
10110201892	C	2569
10110201893	C	2569
10110201894	C	2569
10110201895	C	2569
10110201896	C	2569
10110201897	C	2569
10110201898	C	2569
10110201899	C	2569
10110201900	C	2569
10110201901	C	2569
10110201902	C	2569
10110201903	C	2569
10110201904	C	2569
10110201905	C	2569
10110201906	C	2569
10110201907	C	2569
10110201908	C	2569
10110201909	C	2569
10110201910	C	2569
10110201911	C	2569
10110201912	C	2569
10110201913	C	2569
10110201914	C	2569
10110201915	C	2569
10110201916	C	2569
10110201917	C	2569
10110201918	C	2569
10110201919	C	2569
10110201920	C	2569
10110201921	C	2569
10110201922	C	2569
10110201923	C	2569
10110201924	C	2569
10110201925	C	2569
10110201926	C	2569
10110201927	C	2569
10110201928	C	2569
10110201929	C	2569
10110201930	C	2569
10110201931	C	2569
10110201932	C	2569
10110201933	C	2569
10110201934	C	2569
10110201935	C	2569
10110300508	R	305
10110300809	R	744
10110301061	R	306
10140000085	R	640
10140100024	R	1870
10140100145	R	308
10150000000	R	1653
10150000001	R	1508
10150000002	R	1686
10150000003	R	1509
10150000004	R	1510
10150000005	R	728
10150000006	R	1655
10150000007	R	724
10150000008	R	725
10150000009	R	1656
10150000010	R	1475
10150000011	R	1501
10150000012	R	1681
10150000013	R	1502
10150000014	R	1503
10150000015	R	727
10150000016	R	1679
10150000017	R	1496
10150000018	R	1680
10150000019	R	726
10150000020	R	1497
10160000015	R	824
10160000026	R	1498
10160000027	R	502
10160000036	R	824
10160000057	R	580
10160000058	R	566
10160000061	R	1489
10160000063	R	611
10160000087	R	1313
10160000088	R	1315
10160000089	R	1314
10160000090	R	1321
10160000109	R	1312
10160000112	R	1487
10160000116	R	1479
10160000227	R	1320
10160000276	R	1317
10220200000	R	2947
10220200001	R	2948
10220200002	R	2749
10220200003	R	3104
10220200004	R	2949
10220200005	R	2572
10220200006	R	2950
10220200007	R	2573
10220200008	R	2951
10220200009	R	2574
10220200010	R	2575
10220200011	R	2576
10220200012	R	2750
10220200013	R	2751
10220200014	R	2577
10220200015	R	2578
10220200016	R	2752
10220200017	R	2753
10220200018	R	2952
10220200019	R	2754
10220200020	R	2953
10220200021	R	2755
10220200022	R	3104
10220200023	R	2756
10220200024	R	2579
10220200025	R	3104
10220200026	R	2954
10220200027	R	2757
10220200028	R	2579
10220200029	R	2955
10220200030	R	2955
10220200031	R	2758
10220200032	A	2571
10220200033	R	2759
10220200034	R	2579
10220200035	R	2760
10220200036	A	2571
10220200037	A	2571
10220200038	R	2761
10220200039	R	2580
10220200040	R	2762
10220200041	R	2956
10220200042	R	2579
10220200043	R	2957
10220200044	R	2579
10220200045	R	2581
10220200046	A	2571
10220200047	A	2571
10220200048	R	2958
10220200049	A	2571
10220200050	R	2959
10220200051	R	2582
10220200052	R	2583
10220200053	R	2960
10220200054	A	2571
10220200055	R	2584
10220200056	R	2763
10220200057	R	2585
10220200058	A	2571
10220200059	R	2764
10220200060	A	2571
10220200061	A	2571
10220200062	A	2571
10220200063	R	2765
10220200064	A	2571
10220200065	A	2571
10220200066	R	2766
10220200067	A	2571
10220200068	A	2571
10220200069	A	2571
10220200070	R	2961
10220200071	R	2767
10220200072	R	2586
10220200073	R	2587
10220200074	A	2571
10220200075	A	2571
10220200076	A	2571
10220200077	R	2588
10220200078	A	2571
10220200079	R	2962
10220200080	R	2963
10220200081	A	2571
10220200082	A	2571
10220200083	R	2589
10220200084	A	2571
10220200085	R	2590
10220200086	A	2571
10220200087	A	2571
10220200088	A	2571
10220200089	A	2571
10220200090	A	2571
10220200091	R	2768
10220200092	R	2769
10220200093	A	2571
10220200094	A	2571
10220200095	R	2964
10220200096	R	2591
10220200097	R	2770
10220200098	R	2771
10220200099	R	2772
10220200100	R	2965
10220200101	A	2571
10220200102	A	2571
10220200103	R	2966
10220200104	A	2571
10220200105	A	2571
10220200106	A	2571
10220200107	A	2571
10220200108	A	2571
10220200109	A	2571
10220200110	A	2571
10220200111	A	2571
10220200112	A	2571
10220200113	R	2592
10220200114	R	2773
10220200115	A	2571
10220200116	R	2774
10220200117	A	2571
10220200118	A	2571
10220200119	A	2571
10220200120	A	2571
10220200121	A	2571
10220200122	A	2571
10220200123	A	2571
10220200124	A	2571
10220200125	A	2571
10220200126	A	2571
10220200127	A	2571
10220200128	A	2571
10220200129	A	2571
10220200130	A	2571
10220200131	A	2571
10220200132	A	2571
10220200133	A	2571
10220200134	A	2571
10220200135	A	2571
10220200136	A	2571
10220200137	A	2571
10220200138	A	2571
10220200139	A	2571
10220200140	R	2775
10220200141	A	2571
10220200142	A	2571
10220200143	A	259
10220200144	A	2571
10220200145	A	2571
10220200146	A	2571
10220200147	A	2571
10220200148	R	2967
10220200149	A	2571
10220200150	A	2571
10220200151	A	2571
10220200152	A	2571
10220200153	A	2571
10220200154	A	2571
10220200155	A	2571
10220200156	A	2571
10220200157	A	2571
10220200158	A	2571
10220200159	A	2571
10220200160	A	2571
10220200161	A	2571
10220200162	A	2571
10220200163	A	2571
10220200164	A	2571
10220200165	A	2571
10220200166	A	2571
10220200167	A	2571
10220200168	A	2571
10220200169	R	2776
10220200170	R	2593
10220200171	R	2968
10220200172	A	2571
10220200173	R	2594
10220200174	A	2571
10220200175	A	2571
10220200176	A	2571
10220200177	A	2571
10220200178	A	2571
10220200179	A	2571
10220200180	A	2571
10220200181	A	2571
10220200182	A	2571
10220200183	A	2571
10220200184	R	2777
10220200185	A	2571
10220200186	A	2571
10220200187	A	2571
10220200188	A	2571
10220200189	A	2571
10220200190	A	2571
10220200191	A	2571
10220200192	A	2571
10220200193	A	2571
10220200194	A	2571
10220200195	A	2571
10220200196	A	2571
10220200197	A	2571
10220200198	R	2778
10220200199	R	2969
10220200200	R	2779
10220200201	R	2970
10220200202	R	2971
10220200203	R	2595
10220200204	R	2972
10220200205	R	2596
10220200206	R	2597
10220200207	A	259
10220200208	R	2598
10220200209	R	2780
10220200210	R	2599
10220200211	R	2600
10220200212	R	2973
10220200213	R	2781
10220200214	R	2974
10220200215	R	2601
10220200216	R	2782
10220200217	R	2975
10220200218	R	2602
10220200219	R	2783
10220200220	R	2976
10220200221	R	2603
10220200222	R	2784
10220200223	R	2785
10220200224	R	2786
10220200225	R	2787
10220200226	R	2604
10220200227	R	2788
10220200228	R	2977
10220200229	A	2571
10220200230	R	2605
10220200231	A	2571
10220200232	R	2978
10220200233	A	2571
10220200234	R	2606
10220200235	R	2789
10220200236	R	2790
10220200237	R	2979
10220200238	R	2607
10220200239	A	2571
10220200240	R	2980
10220200241	R	2608
10220200242	A	2571
10220200243	R	2791
10220200244	A	2571
10220200245	A	2571
10220200246	R	2981
10220200247	R	2982
10220200248	A	2571
10220200249	A	2571
10220200250	A	2571
10220200251	R	2792
10220200252	A	2571
10220200253	A	2571
10220200254	A	2571
10220200255	A	2571
10220200256	A	2571
10220200257	A	2571
10220200258	A	2571
10220200259	A	2571
10220200260	A	2571
10220200261	A	2571
10220200262	A	2571
10220200263	A	2571
10220200264	A	2571
10220200265	A	2571
10220200266	A	2571
10220200267	A	2571
10220200268	A	2571
10220200269	A	2571
10220200270	A	2571
10220200271	A	2571
10220200272	A	2571
10220200273	A	2571
10220200274	R	3105
10220200275	A	2571
10220200276	A	2571
10220200277	A	2571
10220200278	A	2571
10220200279	A	2571
10220200280	A	2571
10220200281	A	2571
10220200282	A	2571
10220200283	A	2571
10220200284	A	2571
10220200285	A	2571
10220200286	A	2571
10220200287	R	2983
10220200288	A	2571
10220200289	A	2571
10220200290	A	2571
10220200291	R	2609
10220200292	A	2571
10220200293	A	2571
10220200294	A	2571
10220200295	R	2610
10220200296	A	2571
10220200297	A	2571
10220200298	A	2571
10220200299	A	2571
10220200300	R	2611
10220200301	R	2793
10220200302	A	2571
10220200303	R	2794
10220200304	A	2571
10220200305	A	2571
10220200306	A	2571
10220200307	A	2571
10220200308	A	2571
10220200309	A	2571
10220200310	A	2571
10220200311	A	2571
10220200312	A	2571
10220200313	A	2571
10220200314	A	2571
10220200315	R	2795
10220200316	R	2984
10220200317	R	2796
10220200318	A	2571
10220200319	A	2571
10220200320	A	2571
10220200321	A	2571
10220200322	A	2571
10220200323	A	2571
10220200324	A	2571
10220200325	A	2571
10220200326	A	2571
10220200327	A	2571
10220200328	A	2571
10220200329	A	2571
10220200330	A	2571
10220200331	A	2571
10220200332	A	2571
10220200333	A	2571
10220200334	A	2571
10220200335	A	2571
10220200336	A	2571
10220200337	A	2571
10220200338	A	2571
10220200339	A	2571
10220200340	A	2571
10220200341	R	2797
10220200342	A	2571
10220200343	R	2612
10220200344	R	2613
10220200345	R	2614
10220200346	R	2615
10220200347	R	2616
10220200348	R	2798
10220200349	R	2985
10220200350	R	2799
10220200351	R	2985
10220200352	R	2617
10220200353	R	2985
10220200354	R	2618
10220200355	R	2800
10220200356	R	2619
10220200357	R	2801
10220200358	A	2571
10220200359	A	2571
10220200360	A	2571
10220200361	R	2802
10220200362	R	2620
10220200363	A	2571
10220200364	R	2621
10220200365	A	2571
10220200366	A	2571
10220200367	A	2571
10220200368	R	2803
10220200369	A	2571
10220200370	A	2571
10220200371	A	2571
10220200372	A	2571
10220200373	A	2571
10220200374	A	2571
10220200375	A	2571
10220200376	A	2571
10220200377	A	2571
10220200378	A	2571
10220200379	A	2571
10220200380	A	2571
10220200381	A	2571
10220200382	A	2571
10220200383	A	2571
10220200384	A	2571
10220200385	A	2571
10220200386	A	2571
10220200387	R	2804
10220200388	A	2571
10220200389	A	2571
10220200390	A	2571
10220200391	A	2571
10220200392	A	2571
10220200393	A	2571
10220200394	A	2571
10220200395	A	2571
10220200396	A	2571
10220200397	A	2571
10220200398	A	2571
10220200399	A	2571
10220200400	A	2571
10220200401	R	2986
10220200402	A	2571
10220200403	R	2987
10220200404	R	2805
10220200405	A	2571
10220200406	R	2622
10220200407	R	2623
10220200408	A	2571
10220200409	A	2571
10220200410	A	2571
10220200411	A	2571
10220200412	A	2571
10220200413	A	2571
10220200414	A	2571
10220200415	A	2571
10220200416	A	2571
10220200417	A	2571
10220200418	R	2806
10220200419	R	2988
10220200420	A	2571
10220200421	R	2989
10220200422	A	2571
10220200423	A	2571
10220200424	A	2571
10220200425	A	2571
10220200426	A	2571
10220200427	A	2571
10220200428	A	2571
10220200429	R	2624
10220200430	R	2807
10220200431	R	2808
10220200432	R	2809
10220200433	A	2571
10220200434	A	2571
10220200435	R	2625
10220200436	A	2571
10220200437	A	2571
10220200438	A	2571
10220200439	A	2571
10220200440	A	2571
10220200441	A	2571
10220200442	A	2571
10220200443	A	2571
10220200444	R	2626
10220200445	A	2571
10220200446	R	2810
10220200447	A	2571
10220200448	A	2571
10220200449	A	2571
10220200450	A	2571
10220200451	A	2571
10220200452	A	2571
10220200453	A	2571
10220200454	R	2811
10220200455	A	2571
10220200456	A	2571
10220200457	A	2571
10220200458	A	2571
10220200459	A	2571
10220200460	A	2571
10220200461	A	2571
10220200462	A	2571
10220200463	A	2571
10220200464	A	2571
10220200465	R	2627
10220200466	A	2571
10220200467	A	2571
10220200468	A	2571
10220200469	R	2628
10220200470	A	2571
10220200471	A	2571
10220200472	A	2571
10220200473	A	2571
10220200474	A	2571
10220200475	A	2571
10220200476	A	2571
10220200477	A	2571
10220200478	A	259
10220200479	A	2571
10220200480	A	2571
10220200481	A	2571
10220200482	A	2571
10220200483	A	2571
10220200484	A	2571
10220200485	A	2571
10220200486	A	2571
10220200487	R	2629
10220200488	A	2571
10220200489	R	2630
10220200490	R	2990
10220200491	R	2991
10220200492	R	2631
10220200493	A	2571
10220200494	A	2571
10220200495	A	2571
10220200496	A	2571
10220200497	A	2571
10220200498	A	2571
10220200499	A	2571
10220200500	A	2571
10220200501	A	2571
10220200502	A	2571
10220200503	A	2571
10220200504	A	2571
10220200505	A	2571
10220200506	A	2571
10220200507	R	2992
10220200508	R	2632
10220200509	R	2812
10220200510	A	2571
10220200511	R	2993
10220200512	A	2571
10220200513	A	2571
10220200514	R	2813
10220200515	R	2814
10220200516	A	2571
10220200517	A	2571
10220200518	A	2571
10220200519	A	2571
10220200520	R	2633
10220200521	R	2634
10220200522	R	2815
10220200523	A	2571
10220200524	A	2571
10220200525	R	2994
10220200526	A	2571
10220200527	A	2571
10220200528	A	2571
10220200529	R	2635
10220200530	R	2816
10220200531	A	2571
10220200532	A	2571
10220200533	R	2817
10220200534	R	2636
10220200535	R	2637
10220200536	A	2571
10220200537	R	2995
10220200538	A	2571
10220200539	A	2571
10220200540	R	2818
10220200541	A	2571
10220200542	R	2638
10220200543	A	2571
10220200544	A	2571
10220200545	A	2571
10220200546	A	2571
10220200547	A	2571
10220200548	A	2571
10220200549	R	2639
10220200550	A	2571
10220200551	R	2640
10220200552	A	2571
10220200553	A	2571
10220200554	R	2819
10220200555	R	2996
10220200556	R	2641
10220200557	R	2642
10220200558	R	2820
10220200559	R	2997
10220200560	R	2998
10220200561	A	2571
10220200562	A	2571
10220200563	A	2571
10220200564	A	2571
10220200565	A	2571
10220200566	A	2571
10220200567	A	2571
10220200568	A	2571
10220200569	A	2571
10220200570	A	259
10220200571	A	2571
10220200572	A	2571
10220200573	A	2571
10220200574	A	2571
10220200575	A	2571
10220200576	A	2571
10220200577	A	2571
10220200578	A	2571
10220200579	A	2571
10220200580	A	2571
10220200581	A	2571
10220200582	A	2571
10220200583	A	2571
10220200584	A	2571
10220200585	A	2571
10220200586	A	2571
10220200587	A	2571
10220200588	A	2571
10220200589	A	2571
10220200590	A	2571
10220200591	A	2571
10220200592	A	259
10220200593	A	2571
10220200594	A	2571
10220200595	A	2571
10220200596	A	2571
10220200597	A	2571
10220200598	A	2571
10220200599	A	2571
10220200600	A	2571
10220200601	A	2571
10220200602	A	2571
10220200603	R	2643
10220200604	R	2821
10220200605	R	2822
10220200606	R	2644
10220200607	R	2823
10220200608	A	2571
10220200609	A	2571
10220200610	A	2571
10220200611	A	2571
10220200612	A	2571
10220200613	R	2824
10220200614	A	2571
10220200615	A	2571
10220200616	R	2572
10220200617	A	2571
10220200618	A	2571
10220200619	A	2571
10220200620	R	2645
10220200621	R	2646
10220200622	A	2571
10220200623	R	2572
10220200624	A	2571
10220200625	A	2571
10220200626	A	2571
10220200627	A	2571
10220200628	A	2571
10220200629	A	2571
10220200630	A	2571
10220200631	A	2571
10220200632	A	2571
10220200633	R	2825
10220200634	A	2571
10220200635	R	3103
10220200636	A	2571
10220200637	A	2571
10220200638	A	2571
10220200639	A	2571
10220200640	A	2571
10220200641	A	2571
10220200642	R	2647
10220200643	R	2999
10220200644	A	2571
10220200645	R	3000
10220200646	A	2571
10220200647	A	2571
10220200648	A	2571
10220200649	A	2571
10220200650	A	2571
10220200651	A	2571
10220200652	A	2571
10220200653	A	2571
10220200654	A	2571
10220200655	A	2571
10220200656	A	2571
10220200657	A	2571
10220200658	R	2826
10220200659	R	2827
10220200660	R	2828
10220200661	R	2648
10220200662	R	3001
10220200663	A	2571
10220200664	A	2571
10220200665	R	2649
10220200666	R	2649
10220200667	R	2829
10220200668	R	3002
10220200669	R	2649
10220200670	R	2649
10220200671	R	2830
10220200672	R	2831
10220200673	R	3002
10220200674	R	2832
10220200675	A	2571
10220200676	A	2571
10220200677	R	2649
10220200678	R	2649
10220200679	R	3003
10220200680	R	3003
10220200681	A	2571
10220200682	R	3004
10220200683	A	2571
10220200684	R	3005
10220200685	R	2833
10220200686	R	2649
10220200687	R	2834
10220200688	R	2835
10220200689	R	2650
10220200690	A	2571
10220200691	R	2651
10220200692	A	2571
10220200693	R	3006
10220200694	R	3007
10220200695	R	2836
10220200696	A	2571
10220200697	R	2652
10220200698	R	2653
10220200699	R	2654
10220200700	A	2571
10220200701	A	2571
10220200702	A	2571
10220200703	A	2571
10220200704	A	2571
10220200705	A	2571
10220200706	A	2571
10220200707	R	2655
10220200708	R	2656
10220200709	A	2571
10220200710	R	2837
10220200711	R	2838
10220200712	A	2571
10220200713	R	2839
10220200714	R	2840
10220200715	R	2841
10220200716	R	2842
10220200717	R	2843
10220200718	R	3008
10220200719	R	3009
10220200720	R	2657
10220200721	R	3010
10220200722	R	3011
10220200723	R	2844
10220200724	R	2658
10220200725	R	2845
10220200726	R	2659
10220200727	R	2660
10220200728	R	3012
10220200729	R	2661
10220200730	R	3013
10220200731	R	3014
10220200732	R	3015
10220200733	R	3016
10220200734	R	2662
10220200735	R	2846
10220200736	A	2571
10220200737	A	2571
10220200738	A	2571
10220200739	A	2571
10220200740	A	2571
10220200741	R	3017
10220200742	A	2571
10220200743	A	2571
10220200744	A	2571
10220200745	R	2663
10220200746	R	2847
10220200747	R	2664
10220200748	R	2665
10220200749	R	3018
10220200750	R	2666
10220200751	R	3019
10220200752	R	2667
10220200753	R	2848
10220200754	R	2849
10220200755	R	2850
10220200756	R	3020
10220200757	R	3021
10220200758	A	2571
10220200759	R	2851
10220200760	A	2571
10220200761	A	2571
10220200762	R	2668
10220200763	A	2571
10220200764	A	2571
10220200765	A	2571
10220200766	A	2571
10220200767	A	2571
10220200768	A	2571
10220200769	R	2669
10220200770	R	2670
10220200771	A	2571
10220200772	A	2571
10220200773	A	2571
10220200774	A	2571
10220200775	A	2571
10220200776	A	2571
10220200777	A	2571
10220200778	A	2571
10220200779	A	2571
10220200780	A	2571
10220200781	A	2571
10220200782	A	2571
10220200783	A	2571
10220200784	A	2571
10220200785	R	3022
10220200786	A	2571
10220200787	R	2852
10220200788	R	2853
10220200789	A	2571
10220200790	A	2571
10220200791	A	2571
10220200792	R	2671
10220200793	A	2571
10220200794	A	2571
10220200795	A	2571
10220200796	A	2571
10220200797	R	2672
10220200798	R	2854
10220200799	A	2571
10220200800	A	2571
10220200801	A	2571
10220200802	A	2571
10220200803	R	3023
10220200804	R	2855
10220200805	A	2571
10220200806	R	2856
10220200807	R	2673
10220200808	A	2571
10220200809	A	2571
10220200810	A	2571
10220200811	R	3024
10220200812	A	2571
10220200813	R	3025
10220200814	A	2571
10220200815	A	2571
10220200816	R	3026
10220200817	R	3027
10220200818	A	2571
10220200819	A	2571
10220200820	R	2674
10220200821	A	2571
10220200822	A	2571
10220200823	A	2571
10220200824	R	3028
10220200825	A	2571
10220200826	R	2857
10220200827	A	2571
10220200828	A	2571
10220200829	A	2571
10220200830	A	2571
10220200831	A	2571
10220200832	R	2858
10220200833	R	2675
10220200834	R	2676
10220200835	R	3029
10220200836	R	2859
10220200837	R	2677
10220200838	R	2678
10220200839	R	2860
10220200840	R	3030
10220200841	R	2679
10220200842	R	3031
10220200843	R	2680
10220200844	R	2861
10220200845	R	2681
10220200846	R	2682
10220200847	R	2683
10220200848	R	3032
10220200849	R	3033
10220200850	R	2684
10220200851	R	3034
10220200852	R	2862
10220200853	R	2863
10220200854	R	2864
10220200855	R	2865
10220200856	R	2685
10220200857	R	2686
10220200858	R	2687
10220200859	R	2866
10220200860	R	2688
10220200861	R	2867
10220200862	R	3035
10220200863	R	3036
10220200864	R	2868
10220200865	R	2869
10220200866	R	2870
10220200867	R	2871
10220200868	R	3037
10220200869	R	3038
10220200870	R	3039
10220200871	R	2689
10220200872	R	3040
10220200873	R	2872
10220200874	R	3041
10220200875	R	3042
10220200876	R	2690
10220200877	R	2691
10220200878	R	2873
10220200879	R	3043
10220200880	R	2874
10220200881	R	2692
10220200882	A	2571
10220200883	A	2571
10220200884	A	2571
10220200885	A	2571
10220200886	A	2571
10220200887	A	2571
10220200888	R	2875
10220200889	R	3044
10220200890	A	2571
10220200891	R	2693
10220200892	R	2876
10220200893	A	2571
10220200894	A	2571
10220200895	R	3045
10220200896	R	3046
10220200897	A	2571
10220200898	A	2571
10220200899	A	2571
10220200900	A	2571
10220200901	A	2571
10220200902	A	2571
10220200903	A	259
10220200904	A	2571
10220200905	A	2571
10220200906	A	2571
10220200907	A	2571
10220200908	A	2571
10220200909	A	2571
10220200910	R	2877
10220200911	R	2878
10220200912	A	2571
10220200913	A	2571
10220200914	A	2571
10220200915	A	2571
10220200916	A	2571
10220200917	R	2694
10220200918	A	2571
10220200919	R	2879
10220200920	R	2572
10220200921	A	2571
10220200922	A	2571
10220200923	A	2571
10220200924	A	2571
10220200925	A	2571
10220200926	A	2571
10220200927	A	2571
10220200928	R	2880
10220200929	R	2881
10220200930	R	3047
10220200931	R	3048
10220200932	R	3049
10220200933	R	3050
10220200934	R	2882
10220200935	R	3051
10220200936	R	3052
10220200937	R	2695
10220200938	R	2883
10220200939	R	2696
10220200940	R	2884
10220200941	R	2697
10220200942	R	2885
10220200943	R	2698
10220200944	R	3053
10220200945	R	2699
10220200946	R	2700
10220200947	A	2571
10220200948	R	2701
10220200949	R	2886
10220200950	R	3054
10220200951	R	2702
10220200952	R	3055
10220200953	R	3056
10220200954	A	2571
10220200955	A	2571
10220200956	R	3057
10220200957	A	2571
10220200958	A	2571
10220200959	R	2703
10220200960	R	2887
10220200961	R	2888
10220200962	R	2889
10220200963	R	2704
10220200964	A	2571
10220200965	R	2890
10220200966	R	2705
10220200967	R	2706
10220200968	R	2891
10220200969	R	3058
10220200970	R	2892
10220200971	R	2893
10220200972	A	2571
10220200973	A	2571
10220200974	R	2707
10220200975	R	2894
10220200976	R	3059
10220200977	A	2571
10220200978	A	2571
10220200979	A	2571
10220200980	R	3060
10220200981	A	2571
10220200982	A	2571
10220200983	R	3061
10220200984	A	2571
10220200985	R	2708
10220200986	A	2571
10220200987	A	2571
10220200988	A	2571
10220200989	R	2709
10220200990	A	2571
10220200991	A	2571
10220200992	R	2710
10220200993	R	3062
10220200994	A	2571
10220200995	A	2571
10220200996	R	2711
10220200997	A	2571
10220200998	A	2571
10220200999	R	2712
10220201000	A	2571
10220201001	A	2571
10220201002	A	2571
10220201003	A	2571
10220201004	A	2571
10220201005	A	2571
10220201006	A	2571
10220201007	A	2571
10220201008	R	2895
10220201009	A	2571
10220201010	R	2713
10220201011	A	2571
10220201012	R	2896
10220201013	A	2571
10220201014	A	2571
10220201015	R	2897
10220201016	A	2571
10220201017	A	2571
10220201018	R	2898
10220201019	A	2571
10220201020	R	2714
10220201021	A	2571
10220201022	R	2899
10220201023	A	2571
10220201024	A	2571
10220201025	A	2571
10220201026	R	2900
10220201027	A	2571
10220201028	A	2571
10220201029	A	2571
10220201030	A	2571
10220201031	R	2901
10220201032	A	2571
10220201033	A	2571
10220201034	R	2715
10220201035	A	2571
10220201036	A	2571
10220201037	R	2716
10220201038	A	2571
10220201039	R	2902
10220201040	R	2572
10220201041	A	2571
10220201042	A	2571
10220201043	A	2571
10220201044	A	2571
10220201045	A	2571
10220201046	A	2571
10220201047	A	2571
10220201048	A	2571
10220201049	A	2571
10220201050	A	2571
10220201051	A	2571
10220201052	A	2571
10220201053	A	2571
10220201054	A	2571
10220201055	A	2571
10220201056	R	2903
10220201057	R	2717
10220201058	R	3063
10220201059	R	3064
10220201060	R	3065
10220201061	R	2904
10220201062	R	2718
10220201063	R	3066
10220201064	R	3067
10220201065	R	2905
10220201066	R	2719
10220201067	R	2906
10220201068	R	3068
10220201069	R	2720
10220201070	R	3069
10220201071	R	2907
10220201072	R	3070
10220201073	R	2908
10220201074	R	2721
10220201075	R	2909
10220201076	R	3071
10220201077	A	2571
10220201078	A	2571
10220201079	A	2571
10220201080	A	2571
10220201081	R	2722
10220201082	A	2571
10220201083	A	2571
10220201084	A	2571
10220201085	A	2571
10220201086	A	2571
10220201087	A	2571
10220201088	A	2571
10220201089	A	2571
10220201090	A	2571
10220201091	R	2910
10220201092	A	2571
10220201093	A	2571
10220201094	A	2571
10220201095	A	2571
10220201096	A	259
10220201097	A	2571
10220201098	A	259
10220201099	A	2571
10220201100	A	2571
10220201101	A	2571
10220201102	A	2571
10220201103	A	2571
10220201104	A	2571
10220201105	A	2571
10220201106	A	2571
10220201107	A	2571
10220201108	A	2571
10220201109	A	2571
10220201110	A	2571
10220201111	A	2571
10220201112	A	2571
10220201113	A	2571
10220201114	A	2571
10220201115	A	2571
10220201116	A	2571
10220201117	A	2571
10220201118	A	2571
10220201119	A	2571
10220201120	A	2571
10220201121	A	2571
10220201122	A	2571
10220201123	A	2571
10220201124	A	2571
10220201125	A	2571
10220201126	A	2571
10220201127	A	2571
10220201128	A	2571
10220201129	A	2571
10220201130	R	3072
10220201131	A	2571
10220201132	R	2911
10220201133	A	2571
10220201134	A	2571
10220201135	A	2571
10220201136	A	2571
10220201137	A	2571
10220201138	A	2571
10220201139	A	2571
10220201140	A	2571
10220201141	A	2571
10220201142	A	2571
10220201143	A	2571
10220201144	A	2571
10220201145	A	2571
10220201146	A	2571
10220201147	A	2571
10220201148	A	2571
10220201149	A	2571
10220201150	A	2571
10220201151	A	2571
10220201152	A	2571
10220201153	A	2571
10220201154	A	2571
10220201155	A	2571
10220201156	A	2571
10220201157	A	2571
10220201158	A	2571
10220201159	A	2571
10220201160	A	2571
10220201161	A	2571
10220201162	A	2571
10220201163	A	2571
10220201164	R	2912
10220201165	R	2913
10220201166	R	2914
10220201167	A	2571
10220201168	A	2571
10220201169	R	2915
10220201170	A	2571
10220201171	A	2571
10220201172	A	2571
10220201173	A	2571
10220201174	A	2571
10220201175	A	2571
10220201176	A	2571
10220201177	A	259
10220201178	A	259
10220201179	A	259
10220201180	A	259
10220201181	A	2571
10220201182	A	2571
10220201183	A	2571
10220201184	A	2571
10220201185	A	2571
10220201186	A	2571
10220201187	A	2571
10220201188	A	2571
10220201189	A	2571
10220201190	A	2571
10220201191	A	2571
10220201192	A	2571
10220201193	A	2571
10220201194	A	2571
10220201195	A	2571
10220201196	A	2571
10220201197	A	2571
10220201198	A	2571
10220201199	A	2571
10220201200	A	2571
10220201201	A	2571
10220201202	R	3102
10220201203	A	2571
10220201204	A	2571
10220201205	A	2571
10220201206	A	2571
10220201207	A	2571
10220201208	A	2571
10220201209	A	2571
10220201210	A	2571
10220201211	A	2571
10220201212	A	2571
10220201213	A	2571
10220201214	A	2571
10220201215	A	2571
10220201216	R	3104
10220201217	A	2571
10220201218	A	2571
10220201219	A	2571
10220201220	R	2723
10220201221	R	2916
10220201222	R	2917
10220201223	R	2918
10220201224	A	2571
10220201225	A	2571
10220201226	A	2571
10220201227	A	2571
10220201228	A	2571
10220201229	R	2724
10220201230	A	2571
10220201231	A	2571
10220201232	A	2571
10220201233	A	2571
10220201234	A	2571
10220201235	A	2571
10220201236	A	2571
10220201237	A	2571
10220201238	A	2571
10220201239	R	2723
10220201240	A	2571
10220201241	A	2571
10220201242	A	2571
10220201243	R	2919
10220201244	R	3073
10220201245	A	2571
10220201246	A	2571
10220201247	A	2571
10220201248	A	2571
10220201249	A	2571
10220201250	A	2571
10220201251	A	2571
10220201252	A	2571
10220201253	A	2571
10220201254	A	2571
10220201255	A	2571
10220201256	A	2571
10220201257	A	2571
10220201258	A	2571
10220201259	A	2571
10220201260	A	2571
10220201261	A	2571
10220201262	A	2571
10220201263	A	2571
10220201264	A	2571
10220201265	A	2571
10220201266	A	2571
10220201267	A	2571
10220201268	A	2571
10220201269	A	2571
10220201270	A	2571
10220201271	R	3074
10220201272	R	2920
10220201273	A	2571
10220201274	A	2571
10220201275	R	2725
10220201276	A	2571
10220201277	A	2571
10220201278	A	2571
10220201279	A	2571
10220201280	A	2571
10220201281	A	2571
10220201282	A	2571
10220201283	A	2571
10220201284	A	2571
10220201285	A	2571
10220201286	R	3075
10220201287	A	2571
10220201288	A	2571
10220201289	R	2921
10220201290	R	3076
10220201291	R	2922
10220201292	R	2726
10220201293	R	2727
10220201294	R	2728
10220201295	A	2571
10220201296	R	3077
10220201297	R	2729
10220201298	R	2730
10220201299	R	2923
10220201300	A	2571
10220201301	A	2571
10220201302	A	2571
10220201303	A	2571
10220201304	A	2571
10220201305	A	2571
10220201306	A	2571
10220201307	A	2571
10220201308	A	2571
10220201309	R	2924
10220201310	A	2571
10220201311	A	2571
10220201312	A	2571
10220201313	A	2571
10220201314	A	2571
10220201315	A	2571
10220201316	R	2925
10220201317	A	2571
10220201318	R	2926
10220201319	R	3078
10220201320	A	2571
10220201321	R	2731
10220201322	R	2927
10220201323	R	3079
10220201324	R	3080
10220201325	R	2732
10220201326	R	2928
10220201327	R	2733
10220201328	R	3081
10220201329	R	2734
10220201330	A	2571
10220201331	A	2571
10220201332	A	2571
10220201333	A	2571
10220201334	A	2571
10220201335	A	2571
10220201336	A	2571
10220201337	A	2571
10220201338	R	2929
10220201339	A	2571
10220201340	A	2571
10220201341	A	2571
10220201342	R	2930
10220201343	R	2931
10220201344	A	2571
10220201345	A	2571
10220201346	R	3076
10220201347	R	2932
10220201348	R	2735
10220201349	R	2933
10220201350	R	3076
10220201351	R	2934
10220201352	R	3076
10220201353	R	3076
10220201354	A	2571
10220201355	A	2571
10220201356	A	2571
10220201357	A	2571
10220201358	A	2571
10220201359	A	2571
10220201360	A	2571
10220201361	A	2571
10220201362	A	2571
10220201363	A	2571
10220201364	A	2571
10220201365	R	2723
10220201366	A	2571
10220201367	R	2736
10220201368	R	2737
10220201369	A	2571
10220201370	R	3082
10220201371	A	2571
10220201372	R	2935
10220201373	R	2738
10220201374	R	3083
10220201375	R	2739
10220201376	R	2740
10220201377	R	2936
10220201378	A	2571
10220201379	R	3084
10220201380	R	2741
10220201381	A	2571
10220201382	R	2742
10220201383	R	2937
10220201384	R	3085
10220201385	R	3086
10220201386	R	2938
10220201387	R	3087
10220201388	A	2571
10220201389	A	2571
10220201390	A	2571
10220201391	A	2571
10220201392	A	2571
10220201393	A	2571
10220201394	A	2571
10220201395	A	2571
10220201396	R	2743
10220201397	A	2571
10220201398	R	2939
10220201399	R	2744
10220201400	R	2940
10220201401	A	2571
10220201402	R	3088
10220201403	A	2571
10220201404	A	2571
10220201405	A	2571
10220201406	A	2571
10220201407	A	2571
10220201408	R	3089
10220201409	A	2571
10220201410	A	2571
10220201411	A	2571
10220201412	R	2941
10220201413	R	2942
10220201414	A	2571
10220201415	R	3090
10220201416	A	2571
10220201417	A	2571
10220201418	A	2571
10220201419	A	2571
10220201420	A	2571
10220201421	A	2571
10220201422	A	2571
10220201423	A	2571
10220201424	A	2571
10220201425	A	2571
10220201426	A	2571
10220201427	A	2571
10220201428	A	2571
10220201429	A	2571
10220201430	A	2571
10220201431	A	2571
10220201432	A	2571
10220201433	A	2571
10220201434	A	2571
10220201435	A	2571
10220201436	A	2571
10220201437	A	2571
10220201438	A	2571
10220201439	A	2571
10220201440	A	2571
10220201441	A	2571
10220201442	A	2571
10220201443	A	2571
10220201444	A	2571
10220201445	A	2571
10220201446	A	2571
10220201447	A	2571
10220201448	A	2571
10220201449	A	2571
10220201450	R	3091
10220201451	R	3092
10220201452	A	2571
10220201453	A	2571
10220201454	A	2571
10220201455	R	3093
10220201456	R	2745
10220201457	R	2723
10220201458	R	2943
10220201459	A	2571
10220201460	R	3094
10220201461	R	2944
10220201462	R	3095
10220201463	R	3096
10220201464	R	3097
10220201465	R	3098
10220201466	R	2945
10220201467	A	2571
10220201468	R	2946
10220201469	A	2571
10220201470	A	2571
10220201471	R	2746
10220201472	R	3099
10220201473	A	2571
10220201474	A	2571
10220201475	A	2571
10220201476	A	2571
10220201477	A	2571
10220201478	A	2571
10220201479	A	2571
10220201480	A	2571
10220201481	A	2571
10220201482	A	2571
10220201483	A	2571
10220201484	A	2571
10220201485	A	2571
10220201486	R	3100
10220201487	A	2571
10220201488	A	2571
10220201489	A	2571
10220201490	A	2571
10220201491	A	2571
10220201492	A	2571
10220201493	A	2571
10220201494	A	2571
10220201495	A	2571
10220201496	A	2571
10220201497	A	2571
10220201498	A	2571
10220201499	A	2571
10220201500	A	2571
10220201501	A	2571
10220201502	A	2571
10220201503	A	2571
10220201504	A	2571
10220201505	A	2571
10220201506	A	2571
10220201507	A	2571
10220201508	A	2571
10220201509	R	3101
10220201510	A	2571
10220201511	R	2747
10220201512	A	2571
10220201513	A	2571
10220201514	A	2571
10220201515	A	2571
10220201516	A	2571
10220201517	A	2571
10220201518	A	2571
10220201519	A	2571
10220201520	A	2571
10220201521	A	2571
10220201522	A	2571
10220201523	A	2571
10220201524	A	2571
10220201525	R	2748
10220201526	A	2571
10220300020	A	259
10220300381	R	1948
10220300404	R	304
10270000000	A	259
10270000001	A	259
10270000002	A	259
10270000003	A	259
10270000004	A	259
10270000005	A	259
10270000006	A	259
10270000007	A	259
10270000008	A	259
10270000009	A	259
10270000010	A	259
10270000011	R	819
10270000012	A	259
10270000013	A	259
10270000014	A	259
10270000015	A	259
10270000016	A	259
10270000017	A	259
10270000018	A	259
10270000019	A	259
10270000020	A	259
10270000021	A	259
10270000022	A	259
10270000023	A	259
10270000024	A	259
10270000025	A	259
10270000026	A	259
10270000027	A	259
10270000028	A	259
10310100000	R	1983
10310100001	R	1981
10310100002	R	1986
10310100003	R	1469
10310100004	R	1982
10310100005	R	463
10310100006	R	467
10310100007	R	466
10310100008	R	464
10310100009	R	1984
10310100010	R	1465
10310100011	R	465
10310100012	R	1985
10310100013	R	462
10310200012	R	1987
10310200013	R	1466
10320000037	R	757
10320000239	R	1890
10320000245	R	1226
10320000421	R	1226
10320000840	R	2560
10340100000	R	871
10340100001	R	2255
10340100002	R	678
10340100003	R	677
10340100004	R	2250
10340100005	R	868
10340100006	R	679
10340100007	R	682
10340100008	R	872
10340100009	R	2251
10340100010	R	681
10340100011	R	2249
10340100012	R	680
10340100013	R	877
10340100014	R	683
10340100015	R	874
10340100016	R	2256
10340100017	R	2248
10340100018	R	873
10340100019	R	2253
10340100020	R	2254
10340100021	R	869
10340100022	R	876
10340100023	R	2252
10340100024	R	685
10340100025	R	875
10340100026	R	870
10340100027	R	684
10340100028	A	259
10360000005	R	1474
10370000111	R	1226
10370000226	R	2558
10370001001	R	1875
10370001126	R	837
10370001234	R	2559
10380100000	A	259
10380100001	A	259
10380100002	A	259
10380100003	A	259
10380100004	A	259
10380100005	A	259
10420100000	A	259
10420100001	A	259
10420100002	R	266
10420100003	A	259
10450000000	R	1016
10450000001	R	2407
10450000002	R	2408
10450000003	R	445
10450000004	R	2402
10450000005	R	2390
10450000006	R	1055
10450000007	R	455
10450000008	R	2395
10450000009	R	1102
10450000010	R	997
10450000011	R	451
10450000012	R	1010
10450000013	R	1034
10450000014	R	2389
10450000015	R	2400
10450000016	R	1037
10450000017	R	446
10450000018	R	2405
10450000019	R	2396
10450000020	R	458
10450000021	R	2401
10450000022	R	443
10450000023	R	2404
10450000024	R	442
10450000025	R	2398
10450000026	R	2391
10450000027	R	1067
10450000028	R	461
10450000029	R	999
10450000030	R	444
10450000031	R	452
10450000032	R	1072
10450000033	R	453
10450000034	R	2392
10450000035	R	457
10450000036	R	1003
10450000037	R	1040
10450000038	R	450
10450000039	R	2394
10450000040	R	1029
10450000041	R	454
10450000042	R	2397
10450000043	R	1110
10450000044	R	2403
10450000045	R	2393
10450000046	R	447
10450000047	R	459
10450000048	R	448
10450000049	R	456
10450000050	R	460
10450000051	R	2406
10450000052	R	1086
10450000053	R	1070
10450000054	R	2399
10450000055	R	449
10460000000	A	259
10460000001	A	259
10470000000	C	2568
10470000001	C	2568
10470000002	C	2568
10470000003	C	2568
10470000004	C	2568
10470000005	C	2568
10470000006	C	2568
10470000007	C	2568
10470000008	C	2568
10470000009	C	2568
10470000010	C	2568
10470000011	C	2568
10470000012	C	2568
10470000013	C	2568
10470000014	C	2568
10470000015	C	2568
10470000016	C	2568
10470000017	C	2568
10470000018	C	2568
10470000019	C	2568
10470000020	C	2568
10470000021	C	2568
10470000022	C	2568
10470000023	C	2568
10470000024	C	2568
10470000025	C	2568
10470000026	C	2568
10470000027	C	2568
10470000028	C	2568
10470000029	C	2568
10470000030	C	2568
10470000031	C	2568
10470000032	C	2568
10470000033	C	2568
10470000034	C	2568
10470000035	C	2568
10470000036	C	2568
10470000037	C	2568
10470000038	C	2568
10470000039	C	2568
10470000040	C	2568
10470000041	C	2568
10470000042	C	2568
10470000043	C	2568
10470000044	C	2568
10470000045	C	2568
10470000046	C	2568
10470000047	C	2568
10470000048	C	2568
10470000049	C	2568
10470000050	C	2568
10470000051	C	2568
10470000052	C	2568
10470000053	C	2568
10470000054	C	2568
10470000055	C	2568
10470000056	C	2568
10470000057	C	2568
10470000058	C	2568
10470000059	C	2568
10470000060	C	2568
10470000061	C	2568
10470000062	C	2568
10470000063	C	2568
10470000064	C	2568
10470000065	C	2568
10470000066	C	2568
10470000067	C	2568
10470000068	C	2568
10470000069	C	2568
10470000070	C	2568
10470000071	C	2568
10470000072	C	2568
10470000073	C	2568
10470000074	C	2568
10470000075	C	2568
10470000076	C	2568
10470000077	C	2568
10470000078	C	2568
10470000079	C	2568
10470000080	C	2568
10470000081	C	2568
10470000082	C	2568
10470000083	C	2568
10470000084	C	2568
10470000085	C	2568
10470000086	C	2568
10470000087	C	2568
10470000088	C	2568
10470000089	C	2568
10470000090	C	2568
10470000091	C	2568
10470000092	C	2568
10470000093	C	2568
10470000094	C	2568
10470000095	C	2568
10470000096	C	2568
10470000097	C	2568
10470000098	C	2568
10470000099	C	2568
10470000100	C	2568
10470000101	C	2568
10470000102	C	2568
10470000103	C	2568
10470000104	C	2568
10470000105	C	2568
10470000106	C	2568
10470000107	C	2568
10470000108	C	2568
10470000109	C	2568
10470000110	C	2568
10470000111	C	2568
10470000112	C	2568
10470000113	C	2568
10470000114	C	2568
10470000115	C	2568
10470000116	C	2568
10470000117	C	2568
10470000118	C	2568
10470000119	C	2568
10470000120	C	2568
10470000121	C	2568
10470000122	C	2568
10470000123	C	2568
10470000124	C	2568
10470000125	C	2568
10470000126	C	2568
10470000127	C	2568
10470000128	C	2568
10470000129	C	2568
10470000130	C	2568
10470000131	C	2568
10470000132	C	2568
10470000133	C	2568
10470000134	C	2568
10470000135	C	2568
10470000136	C	2568
10470000137	C	2568
10470000138	C	2568
10470000139	C	2568
10470000140	C	2568
10470000141	C	2568
10470000142	C	2568
10470000143	C	2568
10470000144	C	2568
10470000145	C	2568
10470000146	C	2568
10470000147	C	2568
10470000148	C	2568
10470000149	C	2568
10470000150	C	2568
10470000151	C	2568
10470000152	C	2568
10470000153	C	2568
10470000154	C	2568
10470000155	C	2568
10470000156	C	2568
10470000157	C	2568
10470000158	C	2568
10470000159	C	2568
10470000160	C	2568
10470000161	C	2568
10470000162	C	2568
10470000163	C	2568
10470000164	C	2568
10470000165	C	2568
10470000166	C	2568
10470000167	C	2568
10470000168	C	2568
10470000169	C	2568
10470000170	C	2568
10470000171	C	2568
10470000172	C	2568
10470000173	C	2568
10470000174	C	2568
10470000175	C	2568
10470000176	C	2568
10470000177	C	2568
10470000178	C	2568
10470000179	C	2568
10470000180	C	2568
10470000181	C	2568
10470000182	C	2568
10470000183	C	2568
10470000184	C	2568
10470000185	C	2568
10470000186	C	2568
10470000187	C	2568
10470000188	C	2568
10470000189	C	2568
10470000190	C	2568
10470000191	C	2568
10470000192	C	2568
10470000193	C	2568
10470000194	C	2568
10470000195	C	2568
10470000196	C	2568
10470000197	C	2568
10470000198	C	2568
10470000199	C	2568
10470000200	C	2568
10470000201	C	2568
10470000202	C	2568
10470000203	C	2568
10470000204	C	2568
10470000205	C	2568
10470000206	C	2568
10470000207	C	2568
10470000208	C	2568
10470000209	C	2568
10470000210	C	2568
10470000211	C	2568
10470000212	C	2568
10470000213	C	2568
10470000214	C	2568
10470000215	C	2568
10470000216	C	2568
10470000217	C	2568
10470000218	C	2568
10470000219	C	2568
10470000220	C	2568
10470000221	C	2568
10470000222	C	2568
10470000223	C	2568
10470000224	C	2568
10470000225	C	2568
10470000226	C	2568
10470000227	C	2568
10470000228	C	2568
10470000229	C	2568
10470000230	C	2568
10470000231	C	2568
10470000232	C	2568
10470000233	C	2568
10470000234	C	2568
10470000235	C	2568
10470000236	C	2568
10470000237	C	2568
10470000238	C	2568
10470000239	C	2568
10470000240	C	2568
10470000241	C	2568
10470000242	C	2568
10470000243	C	2568
10470000244	C	2568
10470000245	C	2568
10470000246	C	2568
10470000247	C	2568
10470000248	C	2568
10470000249	C	2568
10470000250	C	2568
10470000251	C	2568
10470000252	C	2568
10470000253	C	2568
10470000254	C	2568
10470000255	C	2568
10470000256	C	2568
10470000257	C	2568
10470000258	C	2568
10470000259	C	2568
10470000260	C	2568
10470000261	C	2568
10470000262	C	2568
10470000263	C	2568
10470000264	C	2568
10470000265	C	2568
10470000266	C	2568
10470000267	C	2568
10470000268	C	2568
10470000269	C	2568
10470000270	C	2568
10470000271	C	2568
10470000272	C	2568
10470000273	C	2568
10470000274	C	2568
10470000275	C	2568
10470000276	C	2568
10470000277	C	2568
10470000278	C	2568
10470000279	C	2568
10470000280	C	2568
10470000281	C	2568
10470000282	C	2568
10470000283	C	2568
10470000284	C	2568
10470000285	C	2568
10470000286	C	2568
10470000287	C	2568
10470000288	C	2568
10470000289	C	2568
10470000290	C	2568
10470000291	C	2568
10470000292	C	2568
10470000293	C	2568
10470000294	C	2568
10470000295	C	2568
10470000296	C	2568
10470000297	C	2568
10470000298	C	2568
10470000299	C	2568
10470000300	C	2568
10470000301	C	2568
10470000302	C	2568
10470000303	C	2568
10470000304	C	2568
10470000305	C	2568
10470000306	C	2568
10470000307	C	2568
10470000308	C	2568
10470000309	C	2568
10470000310	C	2568
10470000311	C	2568
10470000312	C	2568
10470000313	C	2568
10470000314	C	2568
10470000315	C	2568
10470000316	C	2568
10470000317	C	2568
10470000318	C	2568
10470000319	C	2568
10470000320	C	2568
10470000321	C	2568
10470000322	C	2568
10470000323	C	2568
10470000324	C	2568
10470000325	C	2568
10470000326	C	2568
10470000327	C	2568
10470000328	C	2568
10470000329	C	2568
10470000330	C	2568
10470000331	C	2568
10470000332	C	2568
10470000333	C	2568
10470000334	C	2568
10470000335	C	2568
10470000336	C	2568
10470000337	C	2568
10470000338	C	2568
10470000339	C	2568
10470000340	C	2568
10470000341	C	2568
10470000342	C	2568
10470000343	C	2568
10470000344	C	2568
10470000345	C	2568
10470000346	C	2568
10470000347	C	2568
10470000348	C	2568
10470000349	C	2568
10470000350	C	2568
10470000351	C	2568
10470000352	C	2568
10470000353	C	2568
10470000354	C	2568
10470000355	C	2568
10470000356	C	2568
10470000357	C	2568
10470000358	C	2568
10470000359	C	2568
10470000360	C	2568
10470000361	C	2568
10470000362	C	2568
10470000363	C	2568
10470000364	C	2568
10470000365	C	2568
10470000366	C	2568
10470000367	C	2568
10470000368	C	2568
10470000369	C	2568
10470000370	C	2568
10470000371	C	2568
10470000372	C	2568
10470000373	C	2568
10470000374	C	2568
10470000375	C	2568
10470000376	C	2568
10470000377	C	2568
10470000378	C	2568
10470000379	C	2568
10470000380	C	2568
10470000381	C	2568
10470000382	C	2568
10470000383	C	2568
10470000384	C	2568
10470000385	C	2568
10470000386	C	2568
10470000387	C	2568
10470000388	C	2568
10470000389	C	2568
10470000390	C	2568
10470000391	C	2568
10470000392	C	2568
10470000393	C	2568
10470000394	C	2568
10470000395	C	2568
10470000396	C	2568
10470000397	C	2568
10470000398	C	2568
10470000399	C	2568
10470000400	C	2568
10470000401	C	2568
10470000402	C	2568
10470000403	C	2568
10470000404	C	2568
10470000405	C	2568
10470000406	C	2568
10470000407	C	2568
10470000408	C	2568
10470000409	C	2568
10470000410	C	2568
10470000411	C	2568
10470000412	C	2568
10470000413	C	2568
10470000414	C	2568
10470000415	C	2568
10470000416	C	2568
10470000417	C	2568
10470000418	C	2568
10470000419	C	2568
10470000420	C	2568
10470000421	C	2568
10470000422	C	2568
10470000423	C	2568
10470000424	C	2568
10470000425	C	2568
10470000426	C	2568
10470000427	C	2568
10470000428	C	2568
10470000429	C	2568
10470000430	C	2568
10470000431	C	2568
10470000432	C	2568
10470000433	C	2568
10470000434	C	2568
10470000435	C	2568
10470000436	C	2568
10470000437	C	2568
10470000438	C	2568
10470000439	C	2568
10470000440	C	2568
10470000441	C	2568
10470000442	C	2568
10470000443	C	2568
10470000444	C	2568
10470000445	C	2568
10470000446	C	2568
10470000447	C	2568
10470000448	C	2568
10470000449	C	2568
10470000450	C	2568
10470000451	C	2568
10470000452	C	2568
10470000453	C	2568
10470000454	C	2568
10470000455	C	2568
10470000456	C	2568
10470000457	C	2568
10470000458	C	2568
10470000459	C	2568
10470000460	C	2568
10470000461	C	2568
10470000462	C	2568
10470000463	C	2568
10470000464	C	2568
10470000465	C	2568
10470000466	C	2568
10470000467	C	2568
10470000468	C	2568
10470000469	C	2568
10470000470	C	2568
10470000471	C	2568
10470000472	C	2568
10470000473	C	2568
10470000474	C	2568
10470000475	C	2568
10470000476	C	2568
10470000477	C	2568
10470000478	C	2568
10470000479	C	2568
10470000480	C	2568
10470000481	C	2568
10470000482	C	2568
10470000483	C	2568
10470000484	C	2568
10470000485	C	2568
10470000486	C	2568
10470000487	C	2568
10470000488	C	2568
10470000489	C	2568
10470000490	C	2568
10470000491	C	2568
10470000492	C	2568
10470000493	C	2568
10470000494	C	2568
10470000495	C	2568
10470000496	C	2568
10470000497	C	2568
10470000498	C	2568
10470000499	C	2568
10470000500	C	2568
10470000501	C	2568
10470000502	C	2568
10470000503	C	2568
10470000504	C	2568
10470000505	C	2568
10470000506	C	2568
10470000507	C	2568
10470000508	C	2568
10470000509	C	2568
10470000510	C	2568
10470000511	C	2568
10470000512	C	2568
10470000513	C	2568
10470000514	C	2568
10470000515	C	2568
10470000516	C	2568
10470000517	C	2568
10470000518	C	2568
10470000519	C	2568
10470000520	C	2568
10470000521	C	2568
10470000522	C	2568
10470000523	C	2568
10470000524	C	2568
10470000525	C	2568
10470000526	C	2568
10470000527	C	2568
10470000528	C	2568
10470000529	C	2568
10470000530	C	2568
10470000531	C	2568
10470000532	C	2568
10470000533	C	2568
10470000534	C	2568
10470000535	C	2568
10470000536	C	2568
10470000537	C	2568
10470000538	C	2568
10470000539	C	2568
10470000540	C	2568
10470000541	C	2568
10470000542	C	2568
10470000543	C	2568
10470000544	C	2568
10470000545	C	2568
10470000546	C	2568
10470000547	C	2568
10470000548	C	2568
10470000549	C	2568
10470000550	C	2568
10470000551	C	2568
10470000552	C	2568
10470000553	C	2568
10470000554	C	2568
10470000555	C	2568
10470000556	C	2568
10470000557	C	2568
10470000558	C	2568
10470000559	C	2568
10470000560	C	2568
10470000561	C	2568
10470000562	C	2568
10470000563	C	2568
10470000564	C	2568
10470000565	C	2568
10470000566	C	2568
10470000567	C	2568
10470000568	C	2568
10470000569	C	2568
10470000570	C	2568
10470000571	C	2568
10470000572	C	2568
10470000573	C	2568
10470000574	C	2568
10470000575	C	2568
10470000576	C	2568
10470000577	C	2568
10470000578	C	2568
10470000579	C	2568
10470000580	C	2568
10470000581	C	2568
10470000582	C	2568
10470000583	C	2568
10470000584	C	2568
10470000585	C	2568
10470000586	C	2568
10470000587	C	2568
10470000588	C	2568
10470000589	C	2568
10470000590	C	2568
10470000591	C	2568
10470000592	C	2568
10470000593	C	2568
10470000594	C	2568
10470000595	C	2568
10470000596	C	2568
10470000597	C	2568
10470000598	C	2568
10470000599	C	2568
10470000600	C	2568
10470000601	C	2568
10470000602	C	2568
10470000603	C	2568
10470000604	C	2568
10470000605	C	2568
10470000606	C	2568
10470000607	C	2568
10470000608	C	2568
10470000609	C	2568
10470000610	C	2568
10470000611	C	2568
10470000612	C	2568
10470000613	C	2568
10470000614	C	2568
10470000615	C	2568
10470000616	C	2568
10470000617	C	2568
10470000618	C	2568
10470000619	C	2568
10470000620	C	2568
10470000621	C	2568
10470000622	C	2568
10470000623	C	2568
10470000624	C	2568
10470000625	C	2568
10470000626	C	2568
10470000627	C	2568
10470000628	C	2568
10470000629	C	2568
10470000630	C	2568
10470000631	C	2568
10470000632	C	2568
10470000633	C	2568
10470000634	C	2568
10470000635	C	2568
10470000636	C	2568
10470000637	C	2568
10470000638	C	2568
10470000639	C	2568
10470000640	C	2568
10470000641	C	2568
10470000642	C	2568
10470000643	C	2568
10470000644	C	2568
10470000645	C	2568
10470000646	C	2568
10470000647	C	2568
10470000648	C	2568
10470000649	C	2568
10470000650	C	2568
10470000651	C	2568
10470000652	C	2568
10470000653	C	2568
10470000654	C	2568
10470000655	C	2568
10470000656	C	2568
10470000657	C	2568
10470000658	C	2568
10470000659	C	2568
10470000660	C	2568
10470000661	C	2568
10470000662	C	2568
10470000663	C	2568
10470000664	C	2568
10470000665	C	2568
10470000666	C	2568
10470000667	C	2568
10470000668	C	2568
10470000669	C	2568
10470000670	C	2568
10470000671	C	2568
10470000672	C	2568
10470000673	C	2568
10470000674	C	2568
10470000675	C	2568
10470000676	C	2568
10470000677	C	2568
10470000678	C	2568
10470000679	C	2568
10470000680	C	2568
10470000681	C	2568
10470000682	C	2568
10470000683	C	2568
10470000684	C	2568
10470000685	C	2568
10470000686	C	2568
10470000687	C	2568
10470000688	C	2568
10470000689	C	2568
10470000690	C	2568
10470000691	C	2568
10470000692	C	2568
10470000693	C	2568
10470000694	C	2568
10470000695	C	2568
10470000696	C	2568
10470000697	C	2568
10470000698	C	2568
10470000699	C	2568
10470000700	C	2568
10470000701	C	2568
10470000702	C	2568
10470000703	C	2568
10470000704	C	2568
10470000705	C	2568
10470000706	C	2568
10470000707	C	2568
10470000708	C	2568
10470000709	C	2568
10470000710	C	2568
10470000711	C	2568
10470000712	C	2568
10470000713	C	2568
10470000714	C	2568
10470000715	C	2568
10470000716	C	2568
10470000717	C	2568
10470000718	C	2568
10470000719	C	2568
10470000720	C	2568
10470000721	C	2568
10470000722	C	2568
10470000723	C	2568
10470000724	C	2568
10470000725	C	2568
10470000726	C	2568
10470000727	C	2568
10470000728	C	2568
10470000729	C	2568
10470000730	C	2568
10470000731	C	2568
10470000732	C	2568
10470000733	C	2568
10470000734	C	2568
10470000735	C	2568
10470000736	C	2568
10470000737	C	2568
10470000738	C	2568
10470000739	C	2568
10470000740	C	2568
10470000741	C	2568
10470000742	C	2568
10470000743	C	2568
10470000744	C	2568
10470000745	C	2568
10470000746	C	2568
10470000747	C	2568
10470000748	C	2568
10470000749	C	2568
10470000750	C	2568
10470000751	C	2568
10470000752	C	2568
10470000753	C	2568
10470000754	C	2568
10470000755	C	2568
10470000756	C	2568
10470000757	C	2568
10470000758	C	2568
10470000759	C	2568
10470000760	C	2568
10470000761	C	2568
10470000762	C	2568
10470000763	C	2568
10470000764	C	2568
10470000765	C	2568
10470000766	C	2568
10470000767	C	2568
10470000768	C	2568
10470000769	C	2568
10470000770	C	2568
10470000771	C	2568
10470000772	C	2568
10470000773	C	2568
10470000774	C	2568
10470000775	C	2568
10470000776	C	2568
10470000777	C	2568
10470000778	C	2568
10470000779	C	2568
10470000780	C	2568
10470000781	C	2568
10470000782	C	2568
10470000783	C	2568
10470000784	C	2568
10470000785	C	2568
10470000786	C	2568
10470000787	C	2568
10470000788	C	2568
10470000789	C	2568
10470000790	C	2568
10470000791	C	2568
10470000792	C	2568
10470000793	C	2568
10470000794	C	2568
10470000795	C	2568
10470000796	C	2568
10470000797	C	2568
10470000798	C	2568
10470000799	C	2568
10470000800	C	2568
10470000801	C	2568
10470000802	C	2568
10470000803	C	2568
10470000804	C	2568
10470000805	C	2568
10470000806	C	2568
10470000807	C	2568
10470000808	C	2568
10470000809	C	2568
10470000810	C	2568
10470000811	C	2568
10470000812	C	2568
10470000813	C	2568
10470000814	C	2568
10470000815	C	2568
10470000816	C	2568
10470000817	C	2568
10470000818	C	2568
10470000819	C	2568
10470000820	C	2568
10470000821	C	2568
10470000822	C	2568
10470000823	C	2568
10470000824	C	2568
10470000825	C	2568
10470000826	C	2568
10470000827	C	2568
10470000828	C	2568
10470000829	C	2568
10470000830	C	2568
10470000831	C	2568
10470000832	C	2568
10470000833	C	2568
10470000834	C	2568
10470000835	C	2568
10470000836	C	2568
10470000837	C	2568
10470000838	C	2568
10470000839	C	2568
10470000840	C	2568
10470000841	C	2568
10470000842	C	2568
10470000843	C	2568
10470000844	C	2568
10470000845	C	2568
10470000846	C	2568
10470000847	C	2568
10470000848	C	2568
10470000849	C	2568
10470000850	C	2568
10470000851	C	2568
10470000852	C	2568
10470000853	C	2568
10470000854	C	2568
10470000855	C	2568
10470000856	C	2568
10470000857	C	2568
10470000858	C	2568
10470000859	C	2568
10470000860	C	2568
10470000861	C	2568
10470000862	C	2568
10470000863	C	2568
10470000864	C	2568
10470000865	C	2568
10470000866	C	2568
10470000867	C	2568
10470000868	C	2568
10470000869	C	2568
10470000870	C	2568
10470000871	C	2568
10470000872	C	2568
10470000873	C	2568
10470000874	C	2568
10470000875	C	2568
10470000876	C	2568
10470000877	C	2568
10470000878	C	2568
10470000879	C	2568
10470000880	C	2568
10470000881	C	2568
10470000882	C	2568
10470000883	C	2568
10470000884	C	2568
10470000885	C	2568
10470000886	C	2568
10470000887	C	2568
10470000888	C	2568
10470000889	C	2568
10470000890	C	2568
10470000891	C	2568
10470000892	C	2568
10470000893	C	2568
10470000894	C	2568
10470000895	C	2568
10470000896	C	2568
10470000897	C	2568
10470000898	C	2568
10470000899	C	2568
10470000900	C	2568
10470000901	C	2568
10470000902	C	2568
10470000903	C	2568
10470000904	C	2568
10470000905	C	2568
10470000906	C	2568
10470000907	C	2568
10470000908	C	2568
10470000909	C	2568
10470000910	C	2568
10470000911	C	2568
10470000912	C	2568
10470000913	C	2568
10470000914	C	2568
10470000915	C	2568
10470000916	C	2568
10470000917	C	2568
10470000918	C	2568
10470000919	C	2568
10470000920	C	2568
10470000921	C	2568
10470000922	C	2568
10470000923	C	2568
10470000924	C	2568
10470000925	C	2568
10470000926	C	2568
10470000927	C	2568
10470000928	C	2568
10470000929	C	2568
10470000930	C	2568
10470000931	C	2568
10470000932	C	2568
10470000933	C	2568
10470000934	C	2568
10470000935	C	2568
10470000936	C	2568
10470000937	C	2568
10470000938	C	2568
10470000939	C	2568
10470000940	C	2568
10470000941	C	2568
10470000942	C	2568
10470000943	C	2568
10470000944	C	2568
10470000945	C	2568
10470000946	C	2568
10470000947	C	2568
10470000948	C	2568
10470000949	C	2568
10470000950	C	2568
10470000951	C	2568
10470000952	C	2568
10470000953	C	2568
10470000954	C	2568
10470000955	C	2568
10470000956	C	2568
10470000957	C	2568
10470000958	C	2568
10470000959	C	2568
10470000960	C	2568
10470000961	C	2568
10470000962	C	2568
10470000963	C	2568
10470000964	C	2568
10470000965	C	2568
10470000966	C	2568
10470000967	C	2568
10470000968	C	2568
10470000969	C	2568
10470000970	C	2568
10470000971	C	2568
10470000972	C	2568
10470000973	C	2568
10470000974	C	2568
10470000975	C	2568
10470000976	C	2568
10470000977	C	2568
10470000978	C	2568
10470000979	C	2568
10470000980	C	2568
10470000981	C	2568
10470000982	C	2568
10470000983	C	2568
10470000984	C	2568
10470000985	C	2568
10470000986	C	2568
10470000987	C	2568
10470000988	C	2568
10470000989	C	2568
10470000990	C	2568
10470000991	C	2568
10470000992	C	2568
10470000993	C	2568
10470000994	C	2568
10470000995	C	2568
10470000996	C	2568
10470000997	C	2568
10470000998	C	2568
10470000999	C	2568
10470001000	C	2568
10470001001	C	2568
10470001002	C	2568
10470001003	C	2568
10470001004	C	2568
10470001005	C	2568
10470001006	C	2568
10470001007	C	2568
10470001008	C	2568
10470001009	C	2568
10470001010	C	2568
10470001011	C	2568
10470001012	C	2568
10470001013	C	2568
10470001014	C	2568
10470001015	C	2568
10470001016	C	2568
10470001017	C	2568
10470001018	C	2568
10470001019	C	2568
10470001020	C	2568
10470001021	C	2568
10470001022	C	2568
10470001023	C	2568
10470001024	C	2568
10470001025	C	2568
10470001026	C	2568
10470001027	C	2568
10470001028	C	2568
10470001029	C	2568
10470001030	C	2568
10470001031	C	2568
10470001032	C	2568
10470001033	C	2568
10470001034	C	2568
10470001035	C	2568
10470001036	C	2568
10470001037	C	2568
10470001038	C	2568
10470001039	C	2568
10470001040	C	2568
10470001041	C	2568
10470001042	C	2568
10470001043	C	2568
10470001044	C	2568
10470001045	C	2568
10470001046	C	2568
10470001047	C	2568
10470001048	C	2568
10470001049	C	2568
10470001050	C	2568
10470001051	C	2568
10470001052	C	2568
10470001053	C	2568
10470001054	C	2568
10470001055	C	2568
10470001056	C	2568
10470001057	C	2568
10470001058	C	2568
10470001059	C	2568
10470001060	C	2568
10470001061	C	2568
10470001062	C	2568
10470001063	C	2568
10470001064	C	2568
10470001065	C	2568
10470001066	C	2568
10470001067	C	2568
10470001068	C	2568
10470001069	C	2568
10470001070	C	2568
10470001071	C	2568
10470001072	C	2568
10470001073	C	2568
10470001074	C	2568
10470001075	C	2568
10470001076	C	2568
10470001077	C	2568
10470001078	C	2568
10470001079	C	2568
10470001080	C	2568
10470001081	C	2568
10470001082	C	2568
10470001083	C	2568
10470001084	C	2568
10470001085	C	2568
10470001086	C	2568
10470001087	C	2568
10470001088	C	2568
10470001089	C	2568
10470001090	C	2568
10470001091	C	2568
10470001092	C	2568
10470001093	C	2568
10470001094	C	2568
10470001095	C	2568
10470001096	C	2568
10470001097	C	2568
10470001098	C	2568
10470001099	C	2568
10470001100	C	2568
10470001101	C	2568
10470001102	C	2568
10470001103	C	2568
10470001104	C	2568
10470001105	C	2568
10470001106	C	2568
10470001107	C	2568
10470001108	C	2568
10470001109	C	2568
10470001110	C	2568
10470001111	C	2568
10470001112	C	2568
10470001113	C	2568
10470001114	C	2568
10470001115	C	2568
10470001116	C	2568
10470001117	C	2568
10470001118	C	2568
10470001119	C	2568
10470001120	C	2568
10470001121	C	2568
10470001122	C	2568
10470001123	C	2568
10470001124	C	2568
10470001125	C	2568
10470001126	C	2568
10470001127	C	2568
10470001128	C	2568
10470001129	C	2568
10470001130	C	2568
10470001131	C	2568
10470001132	C	2568
10470001133	C	2568
10470001134	C	2568
10470001135	C	2568
10470001136	C	2568
10470001137	C	2568
10470001138	C	2568
10470001139	C	2568
10470001140	C	2568
10470001141	C	2568
10470001142	C	2568
10470001143	C	2568
10470001144	C	2568
10470001145	C	2568
10470001146	C	2568
10470001147	C	2568
10470001148	C	2568
10470001149	C	2568
10470001150	C	2568
10470001151	C	2568
10470001152	C	2568
10470001153	C	2568
10470001154	C	2568
10470001155	C	2568
10470001156	C	2568
10470001157	C	2568
10470001158	C	2568
10470001159	C	2568
10470001160	C	2568
10470001161	C	2568
10470001162	C	2568
10470001163	C	2568
10470001164	C	2568
10470001165	C	2568
10470001166	C	2568
10470001167	C	2568
10470001168	C	2568
10470001169	C	2568
10470001170	C	2568
10470001171	C	2568
10470001172	C	2568
10470001173	C	2568
10470001174	C	2568
10470001175	C	2568
10470001176	C	2568
10470001177	C	2568
10470001178	C	2568
10470001179	C	2568
10470001180	C	2568
10470001181	C	2568
10470001182	C	2568
10470001183	C	2568
10470001184	C	2568
10470001185	C	2568
10470001186	C	2568
10470001187	C	2568
10470001188	C	2568
10470001189	C	2568
10470001190	C	2568
10470001191	C	2568
10470001192	C	2568
10470001193	C	2568
10470001194	C	2568
10470001195	C	2568
10470001196	C	2568
10470001197	C	2568
10470001198	C	2568
10470001199	C	2568
10470001200	C	2568
10470001201	C	2568
10470001202	C	2568
10470001203	C	2568
10470001204	C	2568
10470001205	C	2568
10470001206	C	2568
10470001207	C	2568
10470001208	C	2568
10470001209	C	2568
10470001210	C	2568
10470001211	C	2568
10470001212	C	2568
10470001213	C	2568
10470001214	C	2568
10470001215	C	2568
10470001216	C	2568
10470001217	C	2568
10470001218	C	2568
10470001219	C	2568
10470001220	C	2568
10470001221	C	2568
10470001222	C	2568
10470001223	C	2568
10470001224	C	2568
10470001225	C	2568
10470001226	C	2568
10470001227	C	2568
10470001228	C	2568
10470001229	C	2568
10470001230	C	2568
10470001231	C	2568
10470001232	C	2568
10470001233	C	2568
10470001234	C	2568
10470001235	C	2568
10470001236	C	2568
10470001237	C	2568
10470001238	C	2568
10470001239	C	2568
10470001240	C	2568
10470001241	C	2568
10470001242	C	2568
10470001243	C	2568
10470001244	C	2568
10470001245	C	2568
10470001246	C	2568
10470001247	C	2568
10470001248	C	2568
10470001249	C	2568
10470001250	C	2568
10470001251	C	2568
10470001252	C	2568
10470001253	C	2568
10470001254	C	2568
10470001255	C	2568
10470001256	C	2568
10470001257	C	2568
10470001258	C	2568
10470001259	C	2568
10470001260	C	2568
10470001261	C	2568
10470001262	C	2568
10470001263	C	2568
10470001264	C	2568
10470001265	C	2568
10470001266	C	2568
10470001267	C	2568
10470001268	C	2568
10470001269	C	2568
10470001270	C	2568
10470001271	C	2568
10470001272	C	2568
10470001273	C	2568
10470001274	C	2568
10470001275	C	2568
10470001276	C	2568
10470001277	C	2568
10470001278	C	2568
10470001279	C	2568
10470001280	C	2568
10470001281	C	2568
10470001282	C	2568
10470001283	C	2568
10470001284	C	2568
10470001285	C	2568
10470001286	C	2568
10470001287	C	2568
10470001288	C	2568
10470001289	C	2568
10470001290	C	2568
10470001291	C	2568
10470001292	C	2568
10470001293	C	2568
10470001294	C	2568
10470001295	C	2568
10470001296	C	2568
10470100000	R	2527
10470100001	A	259
10470100002	A	259
10470100003	A	259
10470100004	R	854
10470100005	R	847
10470200000	R	1874
10470200004	R	470
10470200011	R	842
10470200014	R	770
10470200015	R	1494
10470200016	R	766
10470200017	R	767
10470200024	R	1480
10470200025	R	1471
10470200026	R	768
10470200027	R	769
10470200028	R	471
10480000000	A	259
10480000001	A	259
10480000002	A	259
10480000003	A	259
10480000004	A	259
10480000005	A	259
10480000006	A	259
10480000007	A	259
10480000008	A	259
10480000009	A	259
10480000010	A	259
10480000011	A	259
10480000012	A	259
10480000013	A	259
10480000014	A	259
10480000015	A	259
10480000016	A	259
10480000017	A	259
10480000018	A	259
10480000019	A	259
10480000020	A	259
10480000021	A	259
10480000022	A	259
10480000023	A	259
10480000024	A	259
10480000025	A	259
10480000026	A	259
10480000027	A	259
10480000028	A	259
10480000029	A	259
10480000030	A	259
10480000031	A	259
10480000032	A	259
10480000033	A	259
10480000034	A	259
10480000035	A	259
10480000036	A	259
10480000037	A	259
10480000038	A	259
10480000039	A	259
10480000040	A	259
10480000041	A	259
10480000042	A	259
10480000043	A	259
10480000044	A	259
10480000045	A	259
10480000046	A	259
10480000047	A	259
10480000048	A	259
10480000049	A	259
10480000050	A	259
10480000051	A	259
10480000052	A	259
10480000053	A	259
10480000054	A	259
10480000055	A	259
10480000056	A	259
10480000057	A	259
10480000058	A	259
10480000059	A	259
10480000060	A	259
10480000061	A	259
10480000062	A	259
10480000063	A	259
10480000064	A	259
10480000065	A	259
10480000066	A	259
10480000067	A	259
10480000068	A	259
10480000069	A	259
10480000070	A	259
10480000071	A	259
10480000072	A	259
10480000073	A	259
10480000074	A	259
10480000075	A	259
10480000076	A	259
10480000077	A	259
10480000078	A	259
10480000079	A	259
10480000080	A	259
10480000081	A	259
10480000082	A	259
10480000083	A	259
10480000084	A	259
10480000085	A	259
10480000086	A	259
10480000087	A	259
10480000088	A	259
10480000089	A	259
10480000090	A	259
10480000091	A	259
10480000092	A	259
10480000093	A	259
10480000094	A	259
10480000095	A	259
10480000096	A	259
10480000097	A	259
10480000098	A	259
10480000099	A	259
10480000100	A	259
10480000101	A	259
10480000102	A	259
10480000103	A	259
10480000104	A	259
10480000105	A	259
10480000106	A	259
10480000107	A	259
10480000108	A	259
10480000109	A	259
10480000110	A	259
10480000111	A	259
10480000112	A	259
10480000113	A	259
10480000114	A	259
10480000115	A	259
10480000116	A	259
10480000117	A	259
10480000118	A	259
10480000119	A	259
10480000120	A	259
10480000121	A	259
10480000122	A	259
10480000123	R	1505
10480000124	A	259
10480000125	A	259
10480000126	A	259
10480000127	A	259
10480000128	A	259
10480000129	A	259
10480000130	A	259
10480000131	A	259
10480000132	A	259
10480000133	A	259
10480100008	A	259
10490000000	A	259
10490000001	R	1492
10490000002	R	771
10500100000	A	259
10500100001	A	259
10500100002	A	259
10500100003	A	259
10500100004	A	259
10500100005	A	259
10520000006	A	259
10530000000	R	1083
10530000001	R	2359
10530000002	R	2346
10530000003	R	403
10530000004	R	372
10530000005	R	415
10530000006	R	2388
10530000007	R	374
10530000008	R	1093
10530000009	R	1088
10530000010	R	407
10530000011	R	1114
10530000012	R	2335
10530000013	R	1101
10530000014	R	419
10530000015	R	2339
10530000016	R	2343
10530000017	R	416
10530000018	R	1030
10530000019	R	368
10530000020	R	1116
10530000021	R	2379
10530000022	R	405
10530000023	R	1107
10530000024	R	2360
10530000025	R	1108
10530000026	R	410
10530000027	R	371
10530000028	R	2376
10530000029	R	2354
10530000030	R	370
10530000031	R	373
10530000032	R	2372
10530000033	R	418
10530000034	R	1085
10530000035	R	2378
10530000036	R	1115
10530000037	R	1027
10530000038	R	2344
10530000039	R	2365
10530000040	A	259
10530000041	R	2383
10530000042	R	1071
10530000043	R	422
10530000044	R	1020
10530000045	R	2375
10530000046	R	366
10530000047	R	1050
10530000048	R	2386
10530000049	R	393
10530000050	R	1036
10530000051	R	2382
10530000052	R	2341
10530000053	R	404
10530000054	R	2338
10530000055	R	1006
10530000056	R	421
10530000057	R	2367
10530000058	R	1057
10530000059	R	386
10530000060	R	1068
10530000061	R	382
10530000062	R	369
10530000063	R	2362
10530000064	R	2364
10530000065	R	381
10530000066	R	1094
10530000067	R	388
10530000068	R	2337
10530000069	R	1092
10530000070	R	389
10530000071	R	1044
10530000072	R	2373
10530000073	R	408
10530000074	R	1004
10530000075	R	1033
10530000076	R	2345
10530000077	R	1060
10530000078	R	1081
10530000079	R	392
10530000080	R	2357
10530000081	R	383
10530000082	R	2348
10530000083	R	420
10530000084	R	1113
10530000085	R	417
10530000086	R	2369
10530000087	R	398
10530000088	R	397
10530000089	R	2387
10530000090	R	394
10530000091	R	1063
10530000092	R	2336
10530000093	R	413
10530000094	R	2347
10530000095	R	2366
10530000096	R	1061
10530000097	R	401
10530000098	R	1117
10530000099	R	1011
10530000100	R	2349
10530000101	R	1066
10530000102	R	1058
10530000103	R	385
10530000104	R	1105
10530000105	R	1076
10530000106	R	384
10530000107	R	2370
10530000108	R	396
10530000109	R	2363
10530000110	R	378
10530000111	R	1035
10530000112	R	1090
10530000113	R	2351
10530000114	R	387
10530000115	R	2353
10530000116	R	411
10530000117	R	391
10530000118	R	2342
10530000119	R	2350
10530000120	R	1048
10530000121	R	2340
10530000122	R	1072
10530000123	R	2381
10530000124	R	1118
10530000125	R	406
10530000126	R	1073
10530000127	R	1007
10530000128	R	2368
10530000129	R	2374
10530000130	R	375
10530000131	R	2377
10530000132	R	2380
10530000133	R	412
10530000134	R	2352
10530000135	R	364
10530000136	R	414
10530000137	R	1051
10530000138	R	1111
10530000139	R	1059
10530000140	R	409
10530000141	R	2371
10530000142	R	1112
10530000143	R	376
10530000144	R	2385
10530000145	R	399
10530000146	R	2361
10530000147	R	380
10530000148	R	390
10530000149	R	1043
10530000150	R	1021
10530000151	R	1005
10530000152	R	367
10530000153	R	2356
10530000154	R	1102
10530000155	R	2384
10530000156	R	365
10530000157	R	1084
10530000158	R	2355
10530000159	R	377
10530000160	R	2358
10530000161	R	1052
10570000015	A	259
10600000000	R	597
10600000001	R	579
10600000002	R	848
10600000003	R	1367
10600000004	R	535
10600000005	A	259
10600000006	R	839
10600000007	R	1451
10600000008	R	844
10600000009	R	825
10600100001	R	841
10600100006	R	2529
10600200000	A	259
10600200001	A	259
10600200002	R	480
10600200003	R	1897
10620100000	R	1347
10620100001	A	259
10620100002	A	259
10620100003	R	1462
10620100004	R	468
10620100005	R	469
10630000024	R	2562
10660000062	R	1467
10670000000	R	5
10670000001	R	379
10670000002	R	1468
10680100003	R	976
10680100004	R	975
10680100006	R	1419
10680100007	R	964
10680100008	R	1425
10680100010	R	350
10680100011	R	358
10680100012	R	344
10680100013	R	349
10680100015	R	1372
10680100017	R	962
10680100018	R	958
10680100019	R	1361
10680100020	R	946
10680100021	R	985
10680100022	R	336
10680100023	R	1418
10680100024	R	980
10680100025	R	362
10680100026	R	988
10680100029	R	1428
10680100032	R	1454
10680100034	R	359
10680100035	R	957
10680100036	R	1457
10680100037	R	984
10680100038	R	954
10680100039	R	1455
10680100040	R	982
10680100041	R	343
10680100042	R	996
10680100043	R	357
10680100044	R	955
10680100045	R	1456
10680100046	R	355
10680100047	R	342
10680100048	R	993
10680100049	R	1434
10680100050	R	340
10680100051	R	991
10680100052	R	356
10680100055	R	1381
10680100056	R	361
10680100058	R	339
10680100059	R	979
10680100060	R	949
10680100061	R	953
10680100066	R	987
10680100067	R	1346
10680100068	R	1453
10680100069	R	951
10680100070	R	363
10680100071	R	960
10680100072	R	948
10680100073	R	2554
10680100074	R	1421
10680100077	R	360
10680100078	R	1406
10680100079	R	354
10680100080	R	970
10680100081	R	1358
10680100082	R	1348
10680100083	R	352
10680100084	R	351
10680100085	R	1397
10680100086	R	335
10680100087	R	963
10680100088	R	1359
10680100089	R	990
10680100090	R	346
10680100091	R	971
10680100092	R	1365
10680100093	R	348
10680100094	R	1412
10680100097	R	968
10690000004	R	880
10690000005	R	885
10720000000	A	259
10720000001	R	619
10720000002	R	620
10740000001	R	1898
10740000028	R	269
10740000053	R	887
10760000000	R	1
10760000001	R	1646
10760000002	R	1645
10760000003	R	1644
10760000004	R	2489
10760000005	R	2
10760100000	R	4
10760100001	A	259
10760100002	R	2486
10760100003	R	3
10760100004	A	259
10760100005	R	2488
10790000004	R	884
10790000005	R	1385
10790000006	R	510
10790000007	R	1441
10790000008	R	1401
10790000009	R	472
10790000010	R	895
10790000028	R	565
10790000029	R	849
10790000030	R	852
10790000032	R	1442
10790000039	R	826
10790000040	R	1354
10790000041	R	503
10790000052	R	885
10790100014	A	259
10790100019	R	848
10790100020	R	579
10790100021	R	597
10790100023	R	530
10790100025	R	1903
10790100026	R	1377
10790100030	R	487
10790100031	R	828
10790100032	R	1363
10790100037	R	840
10790100050	R	1373
10790100056	R	1415
10790100057	R	1056
10790100058	R	1368
10790100059	R	568
10790100060	R	493
10790100061	R	1440
10790100062	R	613
10790100063	R	1018
10790100064	R	587
10790100065	R	1423
10790100066	R	1424
10790100067	R	614
10790100068	R	1001
10790100069	R	1101
10790100070	R	1446
10790100071	R	496
10790100073	R	1444
10790100075	R	479
10790100076	R	1116
10790100077	R	1095
10790100078	R	1414
10790100079	R	1107
10790100080	R	538
10790100081	R	1445
10790100082	R	1100
10790100083	R	485
10790100084	R	1082
10790100085	R	1380
10790100086	R	1352
10790100087	R	494
10790100088	R	1409
10790100089	R	606
10790100090	R	1085
10790100091	R	526
10790100092	R	1089
10790100093	R	1461
10790100094	R	505
10790100095	R	506
10790100096	R	1398
10790100097	R	1047
10790100098	R	1432
10790100099	R	1071
10790100100	R	1463
10790100101	R	498
10790100102	R	1411
10790100103	R	475
10790100104	R	1109
10790100105	R	1395
10790100106	R	513
10790100107	R	592
10790100108	R	1025
10790100109	R	1080
10790100110	R	1016
10790100111	R	1349
10790100112	R	1452
10790100113	R	1074
10790100114	R	537
10790100115	R	522
10790100116	R	545
10790100117	R	1370
10790100118	R	1351
10790100119	R	1064
10790100120	R	1069
10790100121	R	1369
10790100122	R	588
10790100123	R	528
10790100124	R	1014
10790100125	R	586
10790100126	R	1384
10790100127	R	524
10790100128	R	1078
10790100129	R	1430
10790100130	R	476
10790100131	R	1033
10790100132	R	1028
10790100133	R	540
10790100134	R	570
10790100135	R	1394
10790100136	R	1054
10790100137	R	1375
10790100138	R	516
10790100139	R	1450
10790100140	R	1113
10790100141	R	1106
10790100142	R	1075
10790100143	R	1407
10790100144	R	1405
10790100146	R	1396
10790100147	R	542
10790100148	R	1008
10790100149	R	1104
10790100150	R	515
10790100151	R	1400
10790100152	R	1061
10790100153	R	567
10790100154	R	615
10790100155	R	482
10790100156	R	1376
10790100157	R	544
10790100158	R	1058
10790100159	R	517
10790100160	R	1443
10790100161	R	558
10790100162	R	1038
10790100163	R	559
10790100164	R	1399
10790100165	R	1065
10790100166	R	1022
10790100167	R	512
10790100168	R	1426
10790100169	R	1041
10790100170	R	1049
10790100171	R	1379
10790100172	R	1431
10790100173	R	1393
10790100174	R	504
10790100175	R	1039
10790100176	R	525
10790100177	R	1024
10790100179	R	1097
10790100180	R	616
10790100181	R	1087
10790100182	R	1402
10790100183	R	1350
10790100184	R	555
10790100185	R	1079
10790100186	R	495
10790100187	R	1355
10790100188	R	574
10790100189	R	589
10790100190	R	598
10790100191	R	1042
10790100192	R	1000
10790100193	R	1438
10790100194	R	1051
10790100195	R	1458
10790100196	R	539
10790100197	R	1099
10790100198	R	1077
10790100199	R	1460
10790100200	R	1356
10790100201	R	599
10790100202	R	1410
10790100203	R	541
10790100204	R	1023
10790100205	R	1392
10790100206	R	1043
10790100207	R	499
10790100208	R	477
10790100209	R	1009
10790100210	R	1383
10790100211	R	1436
10790100212	R	1103
10790100213	R	474
10790100214	R	1416
10790100215	R	1053
10790100216	R	1357
10790100217	R	533
10790100218	R	1052
10790100219	R	1404
10790100220	R	1420
10790100221	R	1449
10790100222	R	909
10790100223	R	890
10790100224	R	1417
10790100225	R	554
10790100226	R	892
10790100227	R	577
10800000001	R	1779
10800000002	R	2150
10800000003	R	1862
10800000004	R	182
10800000005	R	171
10800000006	R	173
10800000007	R	2149
10800000008	R	187
10800000009	R	1852
10800000010	R	175
10800000011	R	2158
10800000012	R	184
10800000013	R	1864
10800000014	R	2151
10800000015	R	190
10800000016	R	2152
10800000017	R	1865
10800000018	R	2159
10800000019	R	1867
10800000020	R	1866
10800000021	R	1851
10800000022	R	2163
10800000023	R	185
10800000024	R	2165
10800000025	R	1868
10800000026	R	179
10800000027	R	1849
10800000028	R	2162
10800000029	R	1850
10800000030	R	1861
10800000031	R	174
10800000032	R	2110
10800000033	R	80
10800000034	R	2142
10800000035	R	1818
10800000036	R	2108
10800000037	R	2109
10800000038	R	81
10800000039	R	1719
10800000040	R	1688
10800000041	R	2136
10800000042	R	1812
10800000043	R	151
10800000044	R	153
10800000045	R	2139
10800000046	R	1763
10800000047	R	65
10800000048	R	145
10800000049	R	1828
10800000050	R	110
10800000051	R	2113
10800000052	R	87
10800000053	R	1806
10800000054	R	2137
10800000055	R	1817
10800000056	R	1831
10800000057	R	1737
10800000058	R	2125
10800000059	R	68
10800000060	R	2105
10800000061	R	107
10800000062	R	1796
10800000063	R	142
10800000064	R	2130
10800000065	R	1833
10800000066	R	79
10800000067	R	89
10800000068	R	1823
10800000069	R	2133
10800000070	R	1738
10800000071	R	2143
10800000073	R	1787
10800000074	R	150
10800000075	R	1707
10800000076	R	2107
10800000077	R	1742
10800000078	R	1800
10800000079	R	112
10800000080	R	2141
10800000081	R	156
10800000082	R	2140
10800000083	R	2102
10800000084	R	63
10800000085	R	1698
10800000086	R	121
10800000087	R	2123
10800000088	R	2122
10800000089	R	111
10800000090	R	167
10800000091	R	1753
10800000092	R	2531
10800000095	R	1703
10800000102	R	1768
10800000103	R	2121
10800000104	R	1769
10800000105	R	1784
10800000106	R	1782
10800000107	R	1785
10800000108	R	1767
10800000109	R	118
10800000110	R	1783
10800000111	R	2126
10800000112	R	1798
10800000113	R	2124
10800000114	R	141
10800000115	R	1759
10800000116	R	135
10800000117	R	129
10800000118	R	1701
10800000119	R	1841
10800000120	R	1842
10800000121	R	122
10800000122	R	1780
10800000123	R	1827
10800000124	R	2112
10800000125	R	2120
10800000126	R	2100
10800000127	R	2101
10800000128	R	1689
10800000129	R	85
10800000135	R	126
10800000136	R	125
10800000151	R	2129
10800000152	R	2128
10800000167	R	113
10800000168	R	2119
10800000183	R	58
10800000184	R	1693
10800000185	R	1900
10800000186	R	1899
10800000187	R	2535
10800000189	R	1754
10800000190	R	2106
10800000191	R	2145
10800000192	R	1809
10800000195	R	95
10800000196	R	2114
10800000197	R	1732
10800000198	R	2103
10800000199	R	2104
10800000200	R	66
10800000201	R	1746
10800000202	R	2116
10800000203	R	2117
10800000204	R	77
10800000205	R	78
10800000206	R	1715
10800000208	R	69
10800000209	R	1794
10800000210	R	1808
10800000211	R	74
10800000212	R	2111
10800000213	R	1722
10800000214	R	83
10800000216	R	2135
10800000217	R	2134
10800000218	R	2132
10800000219	R	1713
10800000220	R	168
10800000221	R	138
10800000222	R	1846
10800000223	R	2138
10800000224	R	167
10800000225	R	1843
10800000226	R	2131
10800000227	R	166
10800000228	R	2115
10800000229	R	2144
10800000230	R	92
10800000231	R	2127
10800000232	R	1694
10800000233	R	157
10800000234	R	149
10800000235	R	1720
10800000236	R	2118
10800000237	R	132
10800000238	R	147
10800000239	R	76
10800000240	R	1726
10800000241	R	1838
10800000242	R	1853
10800000243	A	259
10800000244	R	1854
10800000245	R	2155
10800000246	R	2147
10800000247	R	2148
10800000248	R	2161
10800000249	R	177
10800000250	R	1856
10800000251	R	1855
10800000252	R	2156
10800000253	R	1859
10800000254	R	1858
10800000255	R	2153
10800000256	R	178
10800000257	R	176
10800000258	R	1860
10800000259	R	1857
10800000260	R	2164
10800000261	R	2146
10800000262	R	2157
10800000263	R	188
10800000264	R	2154
10800000265	R	2160
10800000266	R	172
10800000267	R	180
10800000268	R	189
10800000269	R	181
10800000270	R	183
10800000271	R	186
10800000272	R	1863
10800100036	R	307
10820000004	R	523
10820000005	R	518
10820000007	R	1403
10820000008	R	1435
10820000009	R	908
10830000000	A	259
10830000001	A	259
10840000000	A	259
10850000000	R	1427
10860000000	A	259
10890000000	R	1374
10890000001	R	523
10890000002	R	1382
10890000003	R	825
10890000004	R	581
10890000005	A	259
10890000006	A	259
10890000007	A	259
10890000008	A	259
10890000009	A	259
10890000010	A	259
10890000011	A	259
10890000012	A	259
10890000013	A	259
10890000014	A	259
10890200000	R	1894
10890300000	R	2528
10890300001	A	259
10900000004	R	856
10900000014	R	1378
10900000016	R	1364
10900000020	R	42
10900000021	R	920
10900000022	R	917
10900000023	R	1447
10900000024	R	932
10900000025	R	929
10930000000	A	259
10930000001	R	1663
10930000002	R	1662
10930000003	A	259
10930000004	R	2262
10930000005	A	259
10930000006	R	2260
10930000007	R	2258
10930000008	A	259
10930000009	A	259
10930000010	R	2259
10930000011	R	1687
10930000012	A	259
10930000013	R	2261
10930000014	R	2263
10930000015	R	2257
10930000016	A	259
10930000017	A	259
10930100000	A	259
10930100001	A	259
10960000005	R	2540
10960000006	R	1894
10960000007	R	1894
10960000008	R	1902
10960000019	R	260
10960000067	R	1896
10960000202	A	259
10960100002	R	1448
10960100091	R	838
10960100106	R	632
10960100137	A	259
10960100157	R	1451
10960100183	R	830
10960100260	R	631
10960100261	R	1360
11040000003	A	259
11050000003	R	1362
11050000004	R	1433
11080000000	A	259
11080000001	A	259
11080100000	A	259
11080600000	R	1894
11080600001	R	1906
11080600002	R	1894
11080600003	R	1904
11080600004	R	1894
11080600005	R	750
11080600006	R	751
11080600007	R	1907
11080600008	R	749
11080600009	R	1905
11080600010	R	1894
11080700004	A	259
11080700047	R	1408
11080700050	R	1464
11081000007	A	259
11081100000	A	259
11090000000	R	1413
11090000001	R	2504
11090000002	R	2505
11090000003	A	259
11090000004	R	1353
11090000005	R	1429
11090000006	A	259
11090000007	R	2506
11090000008	R	1371
11090000009	R	2507
11090000010	A	259
11090000011	R	2508
11090000012	R	1439
11090000013	R	2509
11090000014	A	259
11100000000	R	575
11100000001	R	500
11100000002	R	2491
11100000003	R	571
11100000004	R	519
11100000005	R	2493
11100000006	R	1654
11100000007	R	2487
11110000000	A	259
11110000001	A	259
11110000002	A	259
11110000003	A	259
11110000004	A	259
11110000005	A	259
11110000006	A	259
11110000007	A	259
11110000008	R	843
11110000009	A	259
11110000010	A	259
11110000011	A	259
11110000012	A	259
11110000013	R	1366
11110000014	R	6
11110000015	A	259
11110000016	A	259
11110000017	A	259
11110000018	A	259
11110000019	A	259
11110000020	A	259
11110000021	A	259
11110000022	A	259
11110000023	A	259
11110000024	A	259
11110000025	A	259
11110000026	A	259
11190000062	R	1422
11190000115	R	9
11190100006	A	259
11190100050	R	264
11190100124	A	259
11200000000	A	259
11200000001	R	1437
11200000002	R	509
11200000003	R	610
11200100000	A	259
11200100001	A	259
11200100002	A	259
11200100003	A	259
11210000000	R	224
11210000001	R	1136
11210000002	R	2270
11210000003	R	211
11210000004	R	1156
11210000005	R	2296
11210000006	R	2264
11210000007	R	1163
11210000008	R	1132
11210000009	R	2300
11210000010	R	226
11210000011	R	216
11210000012	R	2273
11210000013	R	225
11210000014	R	239
11210000015	R	219
11210000016	R	236
11210000017	R	218
11210000018	R	210
11210000019	R	246
11210000020	R	2265
11210000021	R	245
11210000022	R	1165
11210000023	R	209
11210000024	R	1148
11210000025	R	1141
11210000026	R	227
11210000027	R	1173
11210000028	R	1149
11210000029	R	2288
11210000030	R	1147
11210000031	R	2268
11210000032	R	1170
11210000033	R	1160
11210000034	R	1153
11210000035	R	2281
11210000036	R	232
11210000037	R	2301
11210000038	R	2293
11210000039	R	2285
11210000040	R	2290
11210000041	R	2297
11210000042	R	241
11210000043	R	2275
11210000044	R	2303
11210000045	R	233
11210000046	R	244
11210000047	R	1134
11210000048	R	2284
11210000049	R	1130
11210000050	R	2272
11210000051	R	243
11210000052	R	1169
11210000053	R	214
11210000054	R	1168
11210000055	R	2280
11210000056	R	1166
11210000057	R	1161
11210000058	R	1145
11210000059	R	220
11210000060	R	1127
11210000061	R	2305
11210000062	R	234
11210000063	R	1175
11210000064	R	2266
11210000065	R	206
11210000066	R	2267
11210000067	R	2298
11210000068	R	2289
11210000069	R	230
11210000070	R	1174
11210000071	R	213
11210000072	R	221
11210000073	R	1128
11210000074	R	2287
11210000075	R	1142
11210000076	R	2282
11210000077	R	1154
11210000078	R	2283
11210000079	R	2269
11210000080	R	207
11210000081	R	205
11210000082	R	1172
11210000083	R	2291
11210000084	R	1158
11210000085	R	247
11210000086	R	222
11210000087	R	237
11210000088	R	1150
11210000089	R	2295
11210000090	R	215
11210000091	R	2292
11210000092	R	1135
11210000093	R	2302
11210000094	R	1162
11210000095	R	217
11210000096	R	1139
11210000097	R	2276
11210000098	R	228
11210000099	R	248
11210000100	R	1131
11210000101	R	229
11210000102	R	208
11210000103	R	2278
11210000104	R	1144
11210000105	R	2286
11210000106	R	1164
11210000107	R	2274
11210000108	R	240
11210000109	R	2277
11210000110	R	1138
11210000111	R	2279
11210000112	R	223
11210000113	R	212
11210000114	R	1176
11210000115	R	2271
11210000116	R	1140
11210000117	R	231
11210000118	R	242
11210000119	R	238
11210000120	R	1143
11210000121	R	1155
11210000122	A	259
11210000123	R	2294
11210000124	R	2304
11210000125	R	2299
11210000126	R	1167
11210000127	R	235
11210000128	R	1177
11210200000	A	259
11210200001	A	259
11210200002	R	1386
11210200003	R	1306
11210200004	R	299
11210200005	R	1309
11210200006	R	1308
11210200007	R	1390
11210200008	R	1388
11210200009	R	302
11210200010	R	303
11210200011	R	1387
11210200012	R	1310
11210200013	R	1304
11210200014	R	1389
11210200015	R	300
11210200016	R	1307
11210200017	A	259
11210200018	R	1391
11210200019	R	1305
11210200020	R	301
11240000000	A	259
11240100000	R	1895
11250000000	R	2042
11250000001	R	2043
11250000002	R	2045
11250000003	R	1196
11250000004	R	1184
11250000005	R	1194
11250000006	R	1191
11250000007	R	1192
11250000008	R	2044
11250000009	R	2035
11250000010	R	626
11250000011	R	627
11250000012	R	2037
11250000013	A	259
11250000014	R	2040
11250000015	A	259
11250000016	R	2038
11250000017	R	2041
11250000018	A	259
11250000019	R	2036
11250000020	R	2039
11250000021	A	259
11250000022	A	259
11250000023	A	259
11250000024	A	259
11250000025	A	259
11250000026	A	259
11250000027	A	259
11250000028	A	259
11250000029	A	259
11250000030	A	259
11250000031	A	259
11250000032	A	259
11250000033	A	259
11250000034	A	259
11250000035	A	259
11250000036	A	259
11250000037	A	259
11250000038	A	259
11250000039	A	259
11250000040	A	259
11250000041	A	259
11250000042	A	259
11250000043	A	259
11250000044	A	259
11250000045	A	259
11250000046	A	259
11250000051	A	259
11250000052	A	259
11250000053	A	259
11250000054	A	259
11250000055	A	259
11250000057	R	629
11250000058	R	2032
11250000059	R	628
11250000060	R	1182
11250000061	R	630
11250000062	R	2033
11250000063	A	259
11250000064	R	1181
11250000065	R	1178
11250000066	A	259
11250000067	R	1187
11250000068	R	625
11250000069	R	2034
11250000077	R	1901
11250000078	R	1908
11250000093	R	1900
11270000000	A	259
11270000001	A	259
11270000002	A	259
11270000003	A	259
11270000004	A	259
11270000005	A	259
11270000006	A	259
11280000000	A	259
11280000001	A	259
11280000002	A	259
11280100000	A	259
11280100001	A	259
11280100002	A	259
11280200000	A	259
11280200001	A	259
11280200002	A	259
11290000000	A	259
11290000001	A	259
11290000002	A	259
11380000000	R	1459
11380000001	R	846
11380000002	R	338
11380000003	R	353
11380000004	R	345
11380000005	R	337
11380000006	R	833
11380000007	R	2492
11380000008	R	2490
11380000009	R	832
11400000000	A	259
11400000001	A	259
11410000000	A	259
11410000001	A	259
11410000002	A	259
11410000003	A	259
11410000004	A	259
11410000005	A	259
11410000006	A	259
11410000007	A	259
11410100000	A	259
11410100001	A	259
11410100002	A	259
11410100003	A	259
11410300000	A	259
11410300001	A	259
11410300002	A	259
11410300003	A	259
11420000001	A	259
11420000002	R	731
11420000003	A	259
11420000004	R	729
11420000005	R	730
11440000000	A	259
11450000000	A	259
11460000000	A	259
11460000001	A	259
11460000002	A	259
11460000003	A	259
11460000004	A	259
11460000005	R	561
11460000006	R	1532
11460000007	A	259
11460100000	A	259
11460100001	R	488
11460100002	A	259
11460100003	A	259
11460100004	A	259
11460100005	R	561
11460100006	R	1532
11460100007	A	259
11460200000	A	259
11460200001	A	259
11470000000	R	1909
11470000001	A	259
11470100000	A	259
11480000000	R	646
11480000001	R	647
11480100000	R	650
11480200000	R	651
11490000000	A	259
11490000001	A	259
11490000002	A	259
11520000000	R	793
11520000001	R	51
11520000002	R	1517
11520000003	R	1534
11520000004	R	782
11520000005	R	53
11520000006	R	55
11520000007	R	794
11520000008	R	1550
11520000009	R	52
11520000010	R	797
11520000011	R	1542
11520000012	R	57
11520000013	R	49
11520000014	R	54
11520000015	R	795
11520000016	R	1539
11520000017	R	56
11520000018	R	1540
11520000019	R	783
11520000020	R	1548
11520000021	R	798
11520000022	R	800
11520000023	R	796
11520000024	R	1520
11520000025	R	1529
11520000026	R	50
11520000027	R	799
11520000028	R	787
11520100001	A	259
11520400000	A	259
11520400001	A	259
11520400002	A	259
11520400003	A	259
11520400004	A	259
11520400005	A	259
11520400006	A	259
11530000000	R	1525
11530000001	R	596
11530000002	R	1908
11530000003	R	1512
11530000004	A	259
11530000005	R	849
11530000006	A	259
11530000007	A	259
11530000008	A	259
11530000009	R	564
11530000010	R	839
11530000011	R	1538
11530000012	R	826
11530000013	R	484
11530000014	R	1546
11530000015	A	259
11530000016	A	259
11530000017	R	853
11530000018	R	850
11530000019	R	527
11530000020	R	1514
11530000021	A	259
11530000022	R	828
11530000023	R	582
11530000024	A	259
11530000025	R	1544
11530000026	R	1537
11530000027	A	259
11530000028	R	758
11530000029	R	1563
11530000030	R	732
11530000031	R	1562
11530000032	R	612
11530000033	R	1528
11530000034	A	259
11530000035	A	259
11530000036	A	259
11530000037	A	259
11530000038	A	259
11530000039	A	259
11530000040	A	259
11530000041	A	259
11530000042	A	259
11530000043	R	754
11530000044	R	755
11530000045	R	1561
11530000046	R	1560
11530000047	A	259
11530000048	A	259
11530000049	R	844
11530100012	R	835
11530100033	A	259
11530300000	A	259
11530300001	A	259
11530300002	A	259
11530300003	A	259
11680000000	A	259
11680000001	R	1973
11680000002	R	1180
11680000003	R	1197
11680000004	R	1524
11720000000	A	259
11720000001	R	1536
11720000002	R	549
11720000003	R	1311
11720000004	A	259
11720000005	A	259
11720000006	A	259
11720000007	A	259
11720000008	A	259
11720000009	A	259
11720100000	A	259
11720100001	A	259
11720100002	A	259
11720100003	A	259
11720100004	A	259
11720100005	A	259
11720100006	A	259
11720100007	A	259
11720100008	A	259
11720100009	A	259
11720200000	A	259
11720200001	A	259
11720200002	A	259
11730000000	R	1651
11730000001	R	1649
11730000002	R	716
11730000003	R	715
11730000004	R	714
11730000005	R	814
11730000006	R	720
11730000007	R	813
11730000008	R	812
11730000009	R	1676
11730000010	R	1685
11730000011	R	1684
11730000012	R	723
11730000013	R	722
11730000014	R	721
11730000015	R	1659
11730000016	R	718
11730000017	R	805
11730000018	R	804
11730000019	R	717
11730000020	R	1670
11730000021	R	808
11730000022	R	807
11730000023	R	1667
11730000024	R	719
11730000025	R	1672
11730000026	R	806
11740000000	A	259
11770000000	R	2057
11770000001	R	2059
11770000002	R	903
11770000003	R	2065
11770000004	R	1951
11770000005	R	904
11770000006	R	1953
11770000007	R	2060
11770000008	R	2062
11770000009	R	1955
11770000010	R	906
11770000011	R	2049
11770000012	R	898
11770000013	R	910
11770000014	R	1963
11770000015	R	2058
11770000016	R	2052
11770000017	R	2064
11770000018	R	2069
11770000019	R	911
11770000020	R	900
11770000021	R	915
11770000022	R	894
11770000023	R	1969
11770000024	R	1952
11770000025	R	2054
11770000026	R	2050
11770000027	R	1959
11770000028	R	1964
11770000029	R	1966
11770000030	R	901
11770000031	R	2053
11770000032	R	902
11770000033	R	893
11770000034	R	2048
11770000035	A	259
11770000036	R	2056
11770000037	R	888
11770000038	R	899
11770000039	R	2047
11770000040	R	907
11770000041	R	1957
11770000042	R	1960
11770000043	R	2070
11770000044	R	897
11770000045	R	891
11770000046	R	1956
11770000047	R	905
11770000048	R	1972
11770000049	R	2055
11770000050	R	914
11770000051	R	802
11770000052	R	1968
11770000053	R	1962
11770000054	R	2068
11770000055	R	791
11770000056	R	801
11770000057	R	785
11770000058	R	2063
11770000059	R	1967
11770000060	R	793
11770000061	R	789
11770000062	R	1950
11770000063	R	1971
11770000064	R	1961
11770000065	R	2046
11770000066	R	2067
11770000067	R	2061
11770000068	R	1965
11770000069	R	1970
11770000070	R	786
11770000071	R	2066
11770000072	R	2071
11770000073	R	803
11770000074	R	1958
11770000075	R	1954
11770000076	R	2051
11770100056	A	259
11770100057	A	259
11780000000	R	46
11780000001	R	47
11780000002	R	788
11780000003	R	1522
11780000004	R	48
11780000005	R	43
11780000006	R	781
11780000007	R	1545
11780000008	R	1549
11780000009	R	790
11780000010	R	45
11780000011	R	44
11930000000	R	1991
11930000001	A	259
11930000002	A	259
11930000003	A	259
11930000004	R	840
11930000005	A	259
11930000006	A	259
11930000007	A	259
11930000008	A	259
11930000009	R	1988
11930000010	R	551
11930000011	A	259
11930000012	A	259
11930000013	R	1990
11930000014	A	259
11930000015	R	1993
11930000016	R	481
11930000017	A	259
11930000018	A	259
11930000019	A	259
11930000020	R	1992
11930000021	A	259
11930000022	R	546
11930000023	R	1989
11930000024	A	259
11930000025	A	259
11930000026	A	259
11930000027	A	259
11930000028	A	259
11930000029	A	259
11930000030	A	259
11930000031	A	259
11930000032	A	259
11930000033	A	259
11930000034	R	604
11930100000	A	259
11930100001	R	1543
11930100002	A	259
11930100003	A	259
11930100004	R	511
11950000000	R	1515
11950000001	R	1517
11950000002	A	259
11950000003	A	259
11950000004	A	259
11950000005	A	259
11950000006	R	1303
11950000007	R	1518
11950000008	R	1949
11950000009	A	259
11970000000	A	259
11970000001	A	259
12000000000	A	259
12000000001	A	259
12010000000	R	977
12010000001	R	956
12010000002	R	334
12010000003	R	983
12010000004	A	259
12010000005	A	259
12010000006	A	259
12010000007	R	332
12010000008	R	2494
12010000009	R	992
12010000010	R	2499
12010000011	A	259
12010000012	A	259
12010000013	A	259
12010000014	R	973
12010000015	R	2496
12010000016	R	995
12010000017	R	333
12010000018	A	259
12010000019	A	259
12010000020	A	259
12010000021	R	2497
12010000022	R	2495
12010000023	R	994
12010000024	R	2498
12010000025	A	259
12010000026	A	259
12010000027	A	259
12010000028	R	964
12010000029	R	331
12010000030	R	2501
12010000031	R	773
12010000032	A	259
12010000033	A	259
12010000034	A	259
12010000035	R	944
12010000036	R	330
12010000037	R	2500
12010000038	R	329
12010000039	A	259
12010000040	A	259
12010000041	A	259
12030000000	A	259
12030000001	A	259
12030000002	A	259
12030000003	A	259
12030000004	A	259
12030000005	A	259
12040000000	R	674
12040000001	R	1215
12040000002	R	1541
12050000016	R	1673
12050000017	R	507
12050000055	R	576
12050000112	R	1519
12060000000	R	1552
12060000001	R	763
12060000002	R	1527
12060000003	R	763
12060000004	R	763
12060000005	R	763
12060000006	R	763
12060000007	R	1555
12060000008	R	1559
12060000009	R	748
12060000010	R	743
12060000011	R	1558
12060000012	R	742
12060000013	R	1556
12060000014	R	739
12060000015	R	1553
12060000016	R	746
12060000017	R	737
12060000018	R	763
12060000019	R	763
12060000020	R	763
12060000021	R	741
12060000022	R	763
12060000023	R	763
12060000024	R	1554
12060000025	R	1557
12060000026	R	1551
12060000027	R	763
12060000028	R	747
12060000029	R	740
12060000030	R	745
12100000000	R	1652
12100000001	R	257
12100000002	R	774
12100000003	R	1657
12100000004	R	1674
12100000005	R	1675
12100000006	R	1661
12110000000	R	15
12110000001	R	2094
12110000002	R	1772
12110000003	R	775
12110000004	R	2099
12110000005	R	2085
12110000006	R	1749
12110000007	R	2097
12110000008	R	1848
12110000009	R	1741
12110000010	R	1727
12110000011	R	1786
12110000012	R	1821
12110000013	R	20
12110000014	R	27
12110000015	R	41
12110000016	R	34
12110000017	R	18
12110000018	R	13
12110000019	R	2086
12110000020	R	2082
12110000021	R	17
12110000022	R	40
12110000023	R	2076
12110000024	R	1799
12110000025	R	23
12110000026	R	22
12110000027	R	2084
12110000028	R	2093
12110000029	R	32
12110000030	R	30
12110000031	R	1830
12110000032	R	2078
12110000033	R	2072
12110000034	R	1721
12110000035	R	2077
12110000036	R	1724
12110000037	R	1708
12110000038	R	2088
12110000039	R	1761
12110000040	R	14
12110000041	R	2087
12110000042	R	35
12110000043	R	1723
12110000044	R	37
12110000045	A	259
12110000046	R	2075
12110000047	R	2074
12110000048	R	1839
12110000049	R	10
12110000050	R	2079
12110000051	A	259
12110000052	R	1718
12110000053	R	1811
12110000054	R	11
12110000055	R	28
12110000056	A	259
12110000057	A	259
12110000058	A	259
12110000059	R	1795
12110000060	R	39
12110000061	R	1790
12110000062	R	1704
12110000063	R	2098
12110000064	R	1766
12110000065	R	1765
12110000066	R	1695
12110000067	R	19
12110000068	R	16
12110000069	R	31
12110000070	R	1764
12110000071	R	2092
12110000072	R	2083
12110000073	R	38
12110000074	R	1822
12110000075	R	1760
12110000076	R	21
12110000077	R	2095
12110000078	R	29
12110000079	R	34
12110000080	R	2091
12110000081	R	1802
12110000082	R	24
12110000083	R	1700
12110000084	R	26
12110000085	R	25
12110000086	R	1807
12110000087	R	12
12110000088	R	2089
12110000089	R	2096
12110000090	R	1705
12110000091	R	33
12110000092	R	36
12110000093	R	2090
12110000094	R	1845
12110000095	R	2081
12110000096	R	2073
12110000097	R	1739
12110000098	R	2080
12120000000	R	563
12120000001	R	578
12120000002	R	508
12120000003	R	521
12120000004	R	557
12120000005	R	1974
12120000006	R	1976
12120000007	R	777
12120000008	R	1979
12120000009	R	779
12120000010	R	1977
12120000011	R	776
12120000012	R	833
12120000013	R	529
12120000014	R	778
12120000015	R	1975
12120000016	R	547
12120000017	R	1978
12120000018	R	560
12120000019	R	1980
12150000000	A	259
12150000001	A	259
12150100000	A	259
12160000000	R	851
12160000001	R	1513
12160000002	R	829
12160000003	R	831
12170000000	R	1526
12170000001	R	486
12170100000	A	259
12170100001	A	259
12180000000	R	855
12180000001	R	594
12180000002	R	1530
12180000003	R	845
12180000004	R	836
12180000005	R	1535
12180000006	A	259
12180000007	A	259
12180000008	A	259
12180000009	A	259
12180000010	A	259
12180000011	A	259
12300000000	A	259
12300000001	A	259
12300000002	A	259
12300200000	A	259
12300200001	A	259
12300200002	A	259
12340100008	R	1124
12340100009	R	622
12340100010	R	1533
12340100011	R	1125
12340100012	R	1123
12340100013	R	1521
12340100014	R	623
12340100015	R	621
12340100016	R	1126
12350000000	A	259
12350000001	A	259
12350000002	A	259
12360000000	R	792
12360000001	R	784
12360000002	A	259
12360000003	A	259
12360000004	R	1523
12360000005	A	259
12370000000	R	1671
12370000001	R	702
12370000002	R	1665
12370000003	R	703
12370000004	R	809
12370000005	R	1664
12380000000	R	1734
12380000001	R	1743
12380000002	R	1692
12380000003	R	1691
12380000004	R	686
12380000005	R	2469
12380000006	R	692
12380000007	R	2470
12380000008	R	1745
12380000009	R	1834
12380000010	R	2461
12380000011	R	2466
12380000012	R	688
12380000013	R	1791
12380000014	R	701
12380000015	R	697
12380000016	R	2476
12380000017	R	1756
12380000018	R	2471
12380000019	R	1744
12380000020	R	1733
12380000021	R	691
12380000022	R	1690
12380000023	R	1778
12380000024	R	695
12380000025	R	696
12380000026	R	687
12380000027	R	2459
12380000028	R	2460
12380000029	R	1736
12380000030	R	690
12380000031	R	2467
12380000032	R	1714
12380000033	R	2463
12380000034	R	2464
12380000035	R	2475
12380000036	R	700
12380000037	R	1755
12380000038	R	1747
12380000039	R	694
12380000040	R	2462
12380000041	R	2465
12380000042	R	1844
12380000043	R	2472
12380000044	R	693
12380000045	R	2474
12380000046	R	2473
12380000047	R	1777
12380000048	R	699
12380000049	R	2477
12380000050	R	689
12380000051	R	2468
12380000052	R	698
12380200000	A	259
12390000000	C	2566
12390000001	C	2566
12390000002	C	2566
12390000003	C	2566
12390000004	C	2566
12390000005	C	2566
12390000006	C	2566
12390000007	C	2566
12390000008	C	2566
12390000009	C	2566
12390000010	C	2566
12390000011	C	2566
12390000012	C	2566
12390000013	C	2566
12390000014	C	2566
12390000015	C	2566
12390000016	C	2566
12390000017	C	2566
12390000018	C	2566
12390000019	C	2566
12390000020	C	2566
12390000021	C	2566
12390000022	C	2566
12390000023	C	2566
12390000024	C	2566
12390000025	C	2566
12390000026	C	2566
12390000027	C	2566
12390000028	C	2566
12390000029	C	2566
12390000030	C	2566
12390000031	C	2566
12390000032	C	2566
12390000033	C	2566
12390000034	C	2566
12390000035	C	2566
12390000036	C	2566
12390000037	C	2566
12390000038	C	2566
12390000039	C	2566
12390000040	C	2566
12390000041	C	2566
12390000042	C	2566
12390000043	C	2566
12390000044	C	2566
12390000045	C	2566
12390000046	C	2566
12390000047	C	2566
12390000048	C	2566
12390000049	C	2566
12390000050	C	2566
12390000051	C	2566
12390000052	C	2566
12390000053	C	2566
12390000054	C	2566
12390000055	C	2566
12390000056	C	2566
12390000057	C	2566
12390000058	C	2566
12390000059	C	2566
12390000060	C	2566
12390000061	C	2566
12390000062	C	2566
12390000063	C	2566
12390000064	C	2566
12390000065	C	2566
12390000066	C	2566
12390000067	C	2566
12390000068	C	2566
12390000069	C	2566
12390000070	C	2566
12390000071	C	2566
12390000072	C	2566
12390000073	C	2566
12390000074	C	2566
12390000075	C	2566
12390000076	C	2566
12390000077	C	2566
12390000078	C	2566
12390000079	C	2566
12390000080	C	2566
12390000081	C	2566
12390000082	C	2566
12390000083	C	2566
12390000084	C	2566
12390000085	C	2566
12390000086	C	2566
12390000087	C	2566
12390000088	C	2566
12390000089	C	2566
12390000090	C	2566
12390000091	C	2566
12390000092	C	2566
12390000093	C	2566
12390000094	C	2566
12390000095	C	2566
12390000096	C	2566
12390000097	C	2566
12390000098	C	2566
12390000099	C	2566
12390000100	C	2566
12390000101	C	2566
12390000102	C	2566
12390000103	C	2566
12390000104	C	2566
12390000105	C	2566
12390000106	C	2566
12390000107	C	2566
12390000108	C	2566
12390000109	C	2566
12390000110	C	2566
12390000111	C	2566
12390000112	C	2566
12390000113	C	2566
12390000114	C	2566
12390000115	C	2566
12390000116	C	2566
12390000117	C	2566
12390000118	C	2566
12390000119	C	2566
12390000120	C	2566
12390000121	C	2566
12390000122	C	2566
12390000123	C	2566
12390000124	C	2566
12390000125	C	2566
12390000126	C	2566
12390000127	C	2566
12390000128	C	2566
12390000129	C	2566
12390000130	C	2566
12390000131	C	2566
12390000132	C	2566
12390000133	C	2566
12390000134	C	2566
12390000135	C	2566
12390000136	C	2566
12390000137	C	2566
12390000138	C	2566
12390000139	C	2566
12390000140	C	2566
12390000141	C	2566
12390000142	C	2566
12390000143	C	2566
12390000144	C	2566
12390000145	C	2566
12390000146	C	2566
12390000147	C	2566
12390000148	C	2566
12390000149	C	2566
12390000150	C	2566
12390000151	C	2566
12390000152	C	2566
12390000153	C	2566
12390000154	C	2566
12390000155	C	2566
12390000156	C	2566
12390000157	C	2566
12390000158	C	2566
12390000159	C	2566
12390000160	C	2566
12390000161	C	2566
12390000162	C	2566
12390000163	C	2566
12390000164	C	2566
12390000165	C	2566
12390000166	C	2566
12390000167	C	2566
12390000168	C	2566
12390000169	C	2566
12390000170	C	2566
12390000171	C	2566
12390000172	C	2566
12390000173	C	2566
12390000174	C	2566
12390000175	C	2566
12390000176	C	2566
12390000177	C	2566
12390000178	C	2566
12390000179	C	2566
12390000180	C	2566
12390000181	C	2566
12390000182	C	2566
12390000183	C	2566
12390000184	C	2566
12390000185	C	2566
12390000186	C	2566
12390000187	C	2566
12390000188	C	2566
12390000189	C	2566
12390000190	C	2566
12390000191	C	2566
12390000192	C	2566
12390000193	C	2566
12390000194	C	2566
12390000195	C	2566
12390000196	C	2566
12390000197	C	2566
12390000198	C	2566
12390000199	C	2566
12390000200	C	2566
12390000201	C	2566
12390000202	C	2566
12390000203	C	2566
12390000204	C	2566
12390000205	C	2566
12390000206	C	2566
12390000207	C	2566
12390000208	C	2566
12390000209	C	2566
12390000210	C	2566
12390000211	C	2566
12390000212	C	2566
12390000213	C	2566
12390000214	C	2566
12390000215	C	2566
12390000216	C	2566
12390000217	C	2566
12390000218	C	2566
12390000219	C	2566
12390000220	C	2566
12390000221	C	2566
12390000222	C	2566
12390000223	C	2566
12390000224	C	2566
12390000225	C	2566
12390000226	C	2566
12390000227	C	2566
12390000228	C	2566
12390000229	C	2566
12390000230	C	2566
12390000231	C	2566
12390000232	C	2566
12390000233	C	2566
12390000234	C	2566
12390000235	C	2566
12390000236	C	2566
12390000237	C	2566
12390000238	C	2566
12390000239	C	2566
12390000240	C	2566
12390000241	C	2566
12390000242	C	2566
12390000243	C	2566
12390000244	C	2566
12390000245	C	2566
12390000246	C	2566
12390000247	C	2566
12390000248	C	2566
12390000249	C	2566
12390000250	C	2566
12390000251	C	2566
12390000252	C	2566
12390000253	C	2566
12390000254	C	2566
12390000255	C	2566
12390000256	C	2566
12390000257	C	2566
12390000258	C	2566
12390000259	C	2566
12390000260	C	2566
12390000261	C	2566
12390000262	C	2566
12390000263	C	2566
12390000264	C	2566
12390000265	C	2566
12390000266	C	2566
12390000267	C	2566
12390000268	C	2566
12390000269	C	2566
12390000270	C	2566
12390000271	C	2566
12390000272	C	2566
12390000273	C	2566
12390000274	C	2566
12390000275	C	2566
12390000276	C	2566
12390000277	C	2566
12390000278	C	2566
12390000279	C	2566
12390000280	C	2566
12390000281	C	2566
12390000282	C	2566
12390000283	C	2566
12390000284	C	2566
12390000285	C	2566
12390000286	C	2566
12390000287	C	2566
12390000288	C	2566
12390000289	C	2566
12390000290	C	2566
12390000291	C	2566
12390000292	C	2566
12390000293	C	2566
12390000294	C	2566
12390000295	C	2566
12390000296	C	2566
12390000297	C	2566
12390000298	C	2566
12390000299	C	2566
12390000300	C	2566
12390000301	C	2566
12390000302	C	2566
12390000303	C	2566
12390000304	C	2566
12390000305	C	2566
12390000306	C	2566
12390000307	C	2566
12390000308	C	2566
12390000309	C	2566
12390000310	C	2566
12390000311	C	2566
12390000312	C	2566
12390000313	C	2566
12390000314	C	2566
12390000315	C	2566
12390000316	C	2566
12390000317	C	2566
12390000318	C	2566
12390000319	C	2566
12390000320	C	2566
12390000321	C	2566
12390000322	C	2566
12390000323	C	2566
12390000324	C	2566
12390000325	C	2566
12390000326	C	2566
12390000327	C	2566
12390000328	C	2566
12390000329	C	2566
12390000330	C	2566
12390000331	C	2566
12390000332	C	2566
12390000333	C	2566
12390000334	C	2566
12390000335	C	2566
12390000336	C	2566
12390000337	C	2566
12390000338	C	2566
12390000339	C	2566
12390000340	C	2566
12390000341	C	2566
12390000342	C	2566
12390000343	C	2566
12390000344	C	2566
12390000345	C	2566
12390000346	C	2566
12390000347	C	2566
12390000348	C	2566
12390000349	C	2566
12390000350	C	2566
12390000351	C	2566
12390000352	C	2566
12390000353	C	2566
12390000354	C	2566
12390000355	C	2566
12390000356	C	2566
12390000357	C	2566
12390000358	C	2566
12390000359	C	2566
12390000360	C	2566
12390000361	C	2566
12390000362	C	2566
12390000363	C	2566
12390000364	C	2566
12390000365	C	2566
12390000366	C	2566
12390000367	C	2566
12390000368	C	2566
12390000369	C	2566
12390000370	C	2566
12390000371	C	2566
12390000372	C	2566
12390000373	C	2566
12390000374	C	2566
12390000375	C	2566
12390000376	C	2566
12390000377	C	2566
12390000378	C	2566
12390000379	C	2566
12390000380	C	2566
12390000381	C	2566
12390000382	C	2566
12390000383	C	2566
12390000384	C	2566
12390000385	C	2566
12390000386	C	2566
12390000387	C	2566
12390000388	C	2566
12390000389	C	2566
12390000390	C	2566
12390000391	C	2566
12390000392	C	2566
12390000393	C	2566
12390000394	C	2566
12390000395	C	2566
12390000396	C	2566
12390000397	C	2566
12390000398	C	2566
12390000399	C	2566
12390000400	C	2566
12390000401	C	2566
12390000402	C	2566
12390000403	C	2566
12390000404	C	2566
12390000405	C	2566
12390000406	C	2566
12390000407	C	2566
12390000408	C	2566
12390000409	C	2566
12390000410	C	2566
12390000411	C	2566
12390000412	C	2566
12390000413	C	2566
12390000414	C	2566
12390000415	C	2566
12390000416	C	2566
12390000417	C	2566
12390000418	C	2566
12390000419	C	2566
12390000420	C	2566
12390000421	C	2566
12390000422	C	2566
12390000423	C	2566
12390000424	C	2566
12390000425	C	2566
12390000426	C	2566
12390000427	C	2566
12390000428	C	2566
12390000429	C	2566
12390000430	C	2566
12390000431	C	2566
12390000432	C	2566
12390000433	C	2566
12390000434	C	2566
12390000435	C	2566
12390000436	C	2566
12390000437	C	2566
12390000438	C	2566
12390000439	C	2566
12390000440	C	2566
12390000441	C	2566
12390000442	C	2566
12390000443	C	2566
12390000444	C	2566
12390000445	C	2566
12390000446	C	2566
12390000447	C	2566
12390000448	C	2566
12390000449	C	2566
12390000450	C	2566
12390000451	C	2566
12390000452	C	2566
12390000453	C	2566
12390000454	C	2566
12390000455	C	2566
12390000456	C	2566
12390000457	C	2566
12390000458	C	2566
12390000459	C	2566
12390000460	C	2566
12390000461	C	2566
12390000462	C	2566
12390000463	C	2566
12390000464	C	2566
12390000465	C	2566
12390000466	C	2566
12390000467	C	2566
12390000468	C	2566
12390000469	C	2566
12390000470	C	2566
12390000471	C	2566
12390000472	C	2566
12390000473	C	2566
12390000474	C	2566
12390000475	C	2566
12390000476	C	2566
12390000477	C	2566
12390000478	C	2566
12390000479	C	2566
12390000480	C	2566
12390000481	C	2566
12390000482	C	2566
12390000483	C	2566
12390000484	C	2566
12390000485	C	2566
12390000486	C	2566
12390000487	C	2566
12390000488	C	2566
12390000489	C	2566
12390000490	C	2566
12390000491	C	2566
12390000492	C	2566
12390000493	C	2566
12390000494	C	2566
12390000495	C	2566
12390000496	C	2566
12390000497	C	2566
12390000498	C	2566
12390000499	C	2566
12390000500	C	2566
12390000501	C	2566
12390000502	C	2566
12390000503	C	2566
12390000504	C	2566
12390000505	C	2566
12390000506	C	2566
12390000507	C	2566
12390000508	C	2566
12390000509	C	2566
12390000510	C	2566
12390000511	C	2566
12390000512	C	2566
12390000513	C	2566
12390000514	C	2566
12390000515	C	2566
12390000516	C	2566
12390000517	C	2566
12390000518	C	2566
12390000519	C	2566
12390000520	C	2566
12390000521	C	2566
12390000522	C	2566
12390000523	C	2566
12390000524	C	2566
12390000525	C	2566
12390000526	C	2566
12390000527	C	2566
12390000528	C	2566
12390000529	C	2566
12390000530	C	2566
12390000531	C	2566
12390000532	C	2566
12390000533	C	2566
12390000534	C	2566
12390000535	C	2566
12390000536	C	2566
12390000537	C	2566
12390000538	C	2566
12390000539	C	2566
12390000540	C	2566
12390000541	C	2566
12390000542	C	2566
12390000543	C	2566
12390000544	C	2566
12390000545	C	2566
12390000546	C	2566
12390000547	C	2566
12390000548	C	2566
12390000549	C	2566
12390000550	C	2566
12390000551	C	2566
12390000552	C	2566
12390000553	C	2566
12390000554	C	2566
12390000555	C	2566
12390000556	C	2566
12390000557	C	2566
12390000558	C	2566
12390000559	C	2566
12390000560	C	2566
12390000561	C	2566
12390000562	C	2566
12390000563	C	2566
12390000564	C	2566
12390000565	C	2566
12390000566	C	2566
12390000567	C	2566
12390000568	C	2566
12390000569	C	2566
12390000570	C	2566
12390000571	C	2566
12390000572	C	2566
12390000573	C	2566
12390000574	C	2566
12390000575	C	2566
12390000576	C	2566
12390000577	C	2566
12390000578	C	2566
12390000579	C	2566
12390000580	C	2566
12390000581	C	2566
12390000582	C	2566
12390000583	C	2566
12390000584	C	2566
12390000585	C	2566
12390000586	C	2566
12390000587	C	2566
12390000588	C	2566
12390000589	C	2566
12390000590	C	2566
12390000591	C	2566
12390000592	C	2566
12390000593	C	2566
12390000594	C	2566
12390000595	C	2566
12390000596	C	2566
12390000597	C	2566
12390000598	C	2566
12390000599	C	2566
12390000600	C	2566
12390000601	C	2566
12390000602	C	2566
12390000603	C	2566
12390000604	C	2566
12390000605	C	2566
12390000606	C	2566
12390000607	C	2566
12390000608	C	2566
12390000609	C	2566
12390000610	C	2566
12390000611	C	2566
12390000612	C	2566
12390000613	C	2566
12390000614	C	2566
12390000615	C	2566
12390000616	C	2566
12390000617	C	2566
12390000618	C	2566
12390000619	C	2566
12390000620	C	2566
12390000621	C	2566
12390000622	C	2566
12390000623	C	2566
12390000624	C	2566
12390000625	C	2566
12390000626	C	2566
12390000627	C	2566
12390000628	C	2566
12390000629	C	2566
12390000630	C	2566
12390000631	C	2566
12390000632	C	2566
12390000633	C	2566
12390000634	C	2566
12390000635	C	2566
12390000636	C	2566
12390000637	C	2566
12390000638	C	2566
12390000639	C	2566
12390000640	C	2566
12390000641	C	2566
12390000642	C	2566
12390000643	C	2566
12390000644	C	2566
12390000645	C	2566
12390000646	C	2566
12390000647	C	2566
12390000648	C	2566
12390000649	C	2566
12390000650	C	2566
12390000651	C	2566
12390000652	C	2566
12390000653	C	2566
12390000654	C	2566
12390000655	C	2566
12390000656	C	2566
12390000657	C	2566
12390000658	C	2566
12390000659	C	2566
12390000660	C	2566
12390000661	C	2566
12390000662	C	2566
12390000663	C	2566
12390000664	C	2566
12390000665	C	2566
12390000666	C	2566
12390000667	C	2566
12390000668	C	2566
12390000669	C	2566
12390000670	C	2566
12390000671	C	2566
12390000672	C	2566
12390000673	C	2566
12390000674	C	2566
12390000675	C	2566
12390000676	C	2566
12390000677	C	2566
12390000678	C	2566
12390000679	C	2566
12390000680	C	2566
12390000681	C	2566
12390000682	C	2566
12390000683	C	2566
12390000684	C	2566
12390000685	C	2566
12390000686	C	2566
12390000687	C	2566
12390000688	C	2566
12390000689	C	2566
12390000690	C	2566
12390000691	C	2566
12390000692	C	2566
12390000693	C	2566
12390000694	C	2566
12390000695	C	2566
12390000696	C	2566
12390000697	C	2566
12390000698	C	2566
12390000699	C	2566
12390000700	C	2566
12390000701	C	2566
12390000702	C	2566
12390000703	C	2566
12390000704	C	2566
12390000705	C	2566
12390000706	C	2566
12390000707	C	2566
12390000708	C	2566
12390000709	C	2566
12390000710	C	2566
12390000711	C	2566
12390000712	C	2566
12390000713	C	2566
12390000714	C	2566
12390000715	C	2566
12390000716	C	2566
12390000717	C	2566
12390000718	C	2566
12390000719	C	2566
12390000720	C	2566
12390000721	C	2566
12390000722	C	2566
12390000723	C	2566
12390000724	C	2566
12390000725	C	2566
12390000726	C	2566
12390000727	C	2566
12390000728	C	2566
12390000729	C	2566
12390000730	C	2566
12390000731	C	2566
12390000732	C	2566
12390000733	C	2566
12390000734	C	2566
12390000735	C	2566
12390000736	C	2566
12390000737	C	2566
12390000738	C	2566
12390000739	C	2566
12390000740	C	2566
12390000741	C	2566
12390000742	C	2566
12390000743	C	2566
12390000744	C	2566
12390000745	C	2566
12390000746	C	2566
12390000747	C	2566
12390000748	C	2566
12390000749	C	2566
12390000750	C	2566
12390000751	C	2566
12390000752	C	2566
12390000753	C	2566
12390000754	C	2566
12390000755	C	2566
12390000756	C	2566
12390000757	C	2566
12390000758	C	2566
12390000759	C	2566
12390000760	C	2566
12390000761	C	2566
12390000762	C	2566
12390000763	C	2566
12390000764	C	2566
12390000765	C	2566
12390000766	C	2566
12390000767	C	2566
12390000768	C	2566
12390000769	C	2566
12390000770	C	2566
12390000771	C	2566
12390000772	C	2566
12390000773	C	2566
12390000774	C	2566
12390000775	C	2566
12390000776	C	2566
12390000777	C	2566
12390000778	C	2566
12390000779	C	2566
12390000780	C	2566
12390000781	C	2566
12390000782	C	2566
12390000783	C	2566
12390000784	C	2566
12390000785	C	2566
12390000786	C	2566
12390000787	C	2566
12390000788	C	2566
12390000789	C	2566
12390000790	C	2566
12390000791	C	2566
12390000792	C	2566
12390000793	C	2566
12390000794	C	2566
12390000795	C	2566
12390000796	C	2566
12390000797	C	2566
12390000798	C	2566
12390000799	C	2566
12390000800	C	2566
12390000801	C	2566
12390000802	C	2566
12390000803	C	2566
12390000804	C	2566
12390000805	C	2566
12390000806	C	2566
12390000807	C	2566
12390000808	C	2566
12390000809	C	2566
12390000810	C	2566
12390000811	C	2566
12390000812	C	2566
12390000813	C	2566
12390000814	C	2566
12390000815	C	2566
12390000816	C	2566
12390000817	C	2566
12390000818	C	2566
12390000819	C	2566
12390000820	C	2566
12390000821	C	2566
12390000822	C	2566
12390000823	C	2566
12390000824	C	2566
12390000825	C	2566
12390000826	C	2566
12390000827	C	2566
12390000828	C	2566
12390000829	C	2566
12390000830	C	2566
12390000831	C	2566
12390000832	C	2566
12390000833	C	2566
12390000834	C	2566
12390000835	C	2566
12390000836	C	2566
12390000837	C	2566
12390000838	C	2566
12390000839	C	2566
12390000840	C	2566
12390000841	C	2566
12390000842	C	2566
12390000843	C	2566
12390000844	C	2566
12390000845	C	2566
12390000846	C	2566
12390000847	C	2566
12390000848	C	2566
12390000849	C	2566
12390000850	C	2566
12390000851	C	2566
12390000852	C	2566
12390000853	C	2566
12390000854	C	2566
12390000855	C	2566
12390000856	C	2566
12390000857	C	2566
12390000858	C	2566
12390000859	C	2566
12390000860	C	2566
12390000861	C	2566
12390000862	C	2566
12390000863	C	2566
12390000864	C	2566
12390000865	C	2566
12390000866	C	2566
12390000867	C	2566
12390000868	C	2566
12390000869	C	2566
12390000870	C	2566
12390000871	C	2566
12390000872	C	2566
12390000873	C	2566
12390000874	C	2566
12390000875	C	2566
12390000876	C	2566
12390000877	C	2566
12390000878	C	2566
12390000879	C	2566
12390000880	C	2566
12390000881	C	2566
12390000882	C	2566
12390000883	C	2566
12390000884	C	2566
12390000885	C	2566
12390000886	C	2566
12390000887	C	2566
12390000888	C	2566
12390000889	C	2566
12390000890	C	2566
12390000891	C	2566
12390000892	C	2566
12390000893	C	2566
12390000894	C	2566
12390000895	C	2566
12390000896	C	2566
12390000897	C	2566
12390000898	C	2566
12390000899	C	2566
12390000900	C	2566
12390000901	C	2566
12390000902	C	2566
12390000903	C	2566
12390000904	C	2566
12390000905	C	2566
12390000906	C	2566
12390000907	C	2566
12390000908	C	2566
12390000909	C	2566
12390000910	C	2566
12390000911	C	2566
12390000912	C	2566
12390000913	C	2566
12390000914	C	2566
12390000915	C	2566
12390000916	C	2566
12390000917	C	2566
12390000918	C	2566
12390000919	C	2566
12390000920	C	2566
12390000921	C	2566
12390000922	C	2566
12390000923	C	2566
12390000924	C	2566
12390000925	C	2566
12390000926	C	2566
12390000927	C	2566
12390000928	C	2566
12390000929	C	2566
12390000930	C	2566
12390000931	C	2566
12390000932	C	2566
12390000933	C	2566
12390000934	C	2566
12390000935	C	2566
12390000936	C	2566
12390000937	C	2566
12390000938	C	2566
12390000939	C	2566
12390000940	C	2566
12390000941	C	2566
12390000942	C	2566
12390000943	C	2566
12390000944	C	2566
12390000945	C	2566
12390000946	C	2566
12390000947	C	2566
12390000948	C	2566
12390000949	C	2566
12390000950	C	2566
12390000951	C	2566
12390000952	C	2566
12390000953	C	2566
12390000954	C	2566
12390000955	C	2566
12390000956	C	2566
12390000957	C	2566
12390000958	C	2566
12390000959	C	2566
12390000960	C	2566
12390000961	C	2566
12390000962	C	2566
12390000963	C	2566
12390000964	C	2566
12390000965	C	2566
12390000966	C	2566
12390000967	C	2566
12390000968	C	2566
12390000969	C	2566
12390000970	C	2566
12390000971	C	2566
12390000972	C	2566
12390000973	C	2566
12390000974	C	2566
12390000975	C	2566
12390000976	C	2566
12390000977	C	2566
12390000978	C	2566
12390000979	C	2566
12390000980	C	2566
12390000981	C	2566
12390000982	C	2566
12390000983	C	2566
12390000984	C	2566
12390000985	C	2566
12390000986	C	2566
12390000987	C	2566
12390000988	C	2566
12390000989	C	2566
12390000990	C	2566
12390000991	C	2566
12390000992	C	2566
12390000993	C	2566
12390000994	C	2566
12390000995	C	2566
12390000996	C	2566
12390000997	C	2566
12390000998	C	2566
12390000999	C	2566
12390001000	C	2566
12390001001	C	2566
12390001002	C	2566
12390001003	C	2566
12390001004	C	2566
12390001005	C	2566
12390001006	C	2566
12390001007	C	2566
12390001008	C	2566
12390001009	C	2566
12390001010	C	2566
12390001011	C	2566
12390001012	C	2566
12390001013	C	2566
12390001014	C	2566
12390001015	C	2566
12390001016	C	2566
12390001017	C	2566
12390001018	C	2566
12390001019	C	2566
12390001020	C	2566
12390001021	C	2566
12390001022	C	2566
12390001023	C	2566
12390001024	C	2566
12390001025	C	2566
12390001026	C	2566
12390001027	C	2566
12390001028	C	2566
12390001029	C	2566
12390001030	C	2566
12390001031	C	2566
12390001032	C	2566
12390001033	C	2566
12390001034	C	2566
12390001035	C	2566
12390001036	C	2566
12390001037	C	2566
12390001038	C	2566
12390001039	C	2566
12390001040	C	2566
12390001041	C	2566
12390001042	C	2566
12390001043	C	2566
12390001044	C	2566
12390001045	C	2566
12390001046	C	2566
12390001047	C	2566
12390001048	C	2566
12390001049	C	2566
12390001050	C	2566
12390001051	C	2566
12390001052	C	2566
12390001053	C	2566
12390001054	C	2566
12390001055	C	2566
12390001056	C	2566
12390001057	C	2566
12390001058	C	2566
12390001059	C	2566
12390001060	C	2566
12390001061	C	2566
12390001062	C	2566
12390001063	C	2566
12390001064	C	2566
12390001065	C	2566
12390001066	C	2566
12390001067	C	2566
12390001068	C	2566
12390001069	C	2566
12390001070	C	2566
12390001071	C	2566
12390001072	C	2566
12390001073	C	2566
12390001074	C	2566
12390001075	C	2566
12390001076	C	2566
12390001077	C	2566
12390001078	C	2566
12390001079	C	2566
12390001080	C	2566
12390001081	C	2566
12390001082	C	2566
12390001083	C	2566
12390001084	C	2566
12390001085	C	2566
12390001086	C	2566
12390001087	C	2566
12390001088	C	2566
12390001089	C	2566
12390001090	C	2566
12390001091	C	2566
12390001092	C	2566
12390001093	C	2566
12390001094	C	2566
12390001095	C	2566
12390001096	C	2566
12390001097	C	2566
12390001098	C	2566
12390001099	C	2566
12390001100	C	2566
12390001101	C	2566
12390001102	C	2566
12390001103	C	2566
12390001104	C	2566
12390001105	C	2566
12390001106	C	2566
12390001107	C	2566
12390001108	C	2566
12390001109	C	2566
12390001110	C	2566
12390001111	C	2566
12390001112	C	2566
12390001113	C	2566
12390001114	C	2566
12390001115	C	2566
12390001116	C	2566
12390001117	C	2566
12390001118	C	2566
12390001119	C	2566
12390001120	C	2566
12390001121	C	2566
12390001122	C	2566
12390001123	C	2566
12390001124	C	2566
12390001125	C	2566
12390001126	C	2566
12390001127	C	2566
12390001128	C	2566
12390001129	C	2566
12390001130	C	2566
12390001131	C	2566
12390001132	C	2566
12390001133	C	2566
12390001134	C	2566
12390001135	C	2566
12390001136	C	2566
12390001137	C	2566
12390001138	C	2566
12390001139	C	2566
12390001140	C	2566
12390001141	C	2566
12390001142	C	2566
12390001143	C	2566
12390001144	C	2566
12390001145	C	2566
12390001146	C	2566
12390001147	C	2566
12390001148	C	2566
12390001149	C	2566
12390001150	C	2566
12390001151	C	2566
12390001152	C	2566
12390001153	C	2566
12390001154	C	2566
12390001155	C	2566
12390001156	C	2566
12390001157	C	2566
12390001158	C	2566
12390001159	C	2566
12390001160	C	2566
12390001161	C	2566
12390001162	C	2566
12390001163	C	2566
12390001164	C	2566
12390001165	C	2566
12390001166	C	2566
12390001167	C	2566
12390001168	C	2566
12390001169	C	2566
12390001170	C	2566
12390001171	C	2566
12390001172	C	2566
12390001173	C	2566
12390001174	C	2566
12390001175	C	2566
12390001176	C	2566
12390001177	C	2566
12390001178	C	2566
12390001179	C	2566
12390001180	C	2566
12390001181	C	2566
12390001182	C	2566
12390001183	C	2566
12390001184	C	2566
12390001185	C	2566
12390001186	C	2566
12390001187	C	2566
12390001188	C	2566
12390001189	C	2566
12390001190	C	2566
12390001191	C	2566
12390001192	C	2566
12390001193	C	2566
12390001194	C	2566
12390001195	C	2566
12390001196	C	2566
12390001197	C	2566
12390001198	C	2566
12390001199	C	2566
12390001200	C	2566
12390001201	C	2566
12390001202	C	2566
12390001203	C	2566
12390001204	C	2566
12390001205	C	2566
12390001206	C	2566
12390001207	C	2566
12390001208	C	2566
12390001209	C	2566
12390001210	C	2566
12390001211	C	2566
12390001212	C	2566
12390001213	C	2566
12390001214	C	2566
12390001215	C	2566
12390001216	C	2566
12390001217	C	2566
12390001218	C	2566
12390001219	C	2566
12390001220	C	2566
12390001221	C	2566
12390001222	C	2566
12390001223	C	2566
12390001224	C	2566
12390001225	C	2566
12390001226	C	2566
12390001227	C	2566
12390001228	C	2566
12390001229	C	2566
12390001230	C	2566
12390001231	C	2566
12390001232	C	2566
12390001233	C	2566
12390001234	C	2566
12390001235	C	2566
12390001236	C	2566
12390001237	C	2566
12390001238	C	2566
12390001239	C	2566
12390001240	C	2566
12390001241	C	2566
12390001242	C	2566
12390001243	C	2566
12390001244	C	2566
12390001245	C	2566
12390001246	C	2566
12390001247	C	2566
12390001248	C	2566
12390001249	C	2566
12390001250	C	2566
12390001251	C	2566
12390001252	C	2566
12390001253	C	2566
12390001254	C	2566
12390001255	C	2566
12390001256	C	2566
12390001257	C	2566
12390001258	C	2566
12390001259	C	2566
12390001260	C	2566
12390001261	C	2566
12390001262	C	2566
12390001263	C	2566
12390001264	C	2566
12390001265	C	2566
12390001266	C	2566
12390001267	C	2566
12390001268	C	2566
12390001269	C	2566
12390001270	C	2566
12390001271	C	2566
12390001272	C	2566
12390001273	C	2566
12390001274	C	2566
12390001275	C	2566
12390001276	C	2566
12390001277	C	2566
12390001278	C	2566
12390001279	C	2566
12390001280	C	2566
12390001281	C	2566
12390001282	C	2566
12390001283	C	2566
12390001284	C	2566
12390001285	C	2566
12390001286	C	2566
12390001287	C	2566
12390001288	C	2566
12390001289	C	2566
12390001290	C	2566
12390001291	C	2566
12390001292	C	2566
12390001293	C	2566
12390001294	C	2566
12390001295	C	2566
12390001296	C	2566
12390001297	C	2566
12390001298	C	2566
12390001299	C	2566
12390001300	C	2566
12390001301	C	2566
12390001302	C	2566
12390001303	C	2566
12390001304	C	2566
12390001305	C	2566
12390001306	C	2566
12390001307	C	2566
12390001308	C	2566
12390001309	C	2566
12390001310	C	2566
12390001311	C	2566
12390001312	C	2566
12390001313	C	2566
12390001314	C	2566
12390001315	C	2566
12390001316	C	2566
12390001317	C	2566
12390001318	C	2566
12390001319	C	2566
12390001320	C	2566
12390001321	C	2566
12390001322	C	2566
12390001323	C	2566
12390001324	C	2566
12390001325	C	2566
12390001326	C	2566
12390001327	C	2566
12390001328	C	2566
12390001329	C	2566
12390001330	C	2566
12390001331	C	2566
12390001332	C	2566
12390001333	C	2566
12390001334	C	2566
12390001335	C	2566
12390001336	C	2566
12390001337	C	2566
12390001338	C	2566
12390001339	C	2566
12390001340	C	2566
12390001341	C	2566
12390001342	C	2566
12390001343	C	2566
12390001344	C	2566
12390001345	C	2566
12390001346	C	2566
12390001347	C	2566
12390001348	C	2566
12390001349	C	2566
12390001350	C	2566
12390001351	C	2566
12390001352	C	2566
12390001353	C	2566
12390001354	C	2566
12390001355	C	2566
12390001356	C	2566
12390001357	C	2566
12390001358	C	2566
12390001359	C	2566
12390001360	C	2566
12390001361	C	2566
12390001362	C	2566
12390001363	C	2566
12390001364	C	2566
12390001365	C	2566
12390001366	C	2566
12390001367	C	2566
12390001368	C	2566
12390001369	C	2566
12390001370	C	2566
12390001371	C	2566
12390001372	C	2566
12390001373	C	2566
12390001374	C	2566
12390001375	C	2566
12390001376	C	2566
12390001377	C	2566
12390001378	C	2566
12390001379	C	2566
12390001380	C	2566
12390001381	C	2566
12390001382	C	2566
12390001383	C	2566
12390001384	C	2566
12390001385	C	2566
12390001386	C	2566
12390001387	C	2566
12390001388	C	2566
12390001389	C	2566
12390001390	C	2566
12390001391	C	2566
12390001392	C	2566
12390001393	C	2566
12390001394	C	2566
12390001395	C	2566
12390001396	C	2566
12390001397	C	2566
12390001398	C	2566
12390001399	C	2566
12390001400	C	2566
12390001401	C	2566
12390001402	C	2566
12390001403	C	2566
12390001404	C	2566
12390001405	C	2566
12390001406	C	2566
12390001407	C	2566
12390001408	C	2566
12390001409	C	2566
12390001410	C	2566
12390001411	C	2566
12390001412	C	2566
12390001413	C	2566
12390001414	C	2566
12390001415	C	2566
12390001416	C	2566
12390001417	C	2566
12390001418	C	2566
12390001419	C	2566
12390001420	C	2566
12390001421	C	2566
12390001422	C	2566
12390001423	C	2566
12390001424	C	2566
12390001425	C	2566
12390001426	C	2566
12390001427	C	2566
12390001428	C	2566
12390001429	C	2566
12390001430	C	2566
12390001431	C	2566
12390001432	C	2566
12390001433	C	2566
12390001434	C	2566
12390001435	C	2566
12390001436	C	2566
12390001437	C	2566
12390001438	C	2566
12390001439	C	2566
12390001440	C	2566
12390001441	C	2566
12390001442	C	2566
12390001443	C	2566
12390001444	C	2566
12390001445	C	2566
12390001446	C	2566
12390001447	C	2566
12390001448	C	2566
12390001449	C	2566
12390001450	C	2566
12390001451	C	2566
12390001452	C	2566
12390001453	C	2566
12390001454	C	2566
12390001455	C	2566
12390001456	C	2566
12390001457	C	2566
12390001458	C	2566
12390001459	C	2566
12390001460	C	2566
12390001461	C	2566
12390001462	C	2566
12390001463	C	2566
12390001464	C	2566
12390001465	C	2566
12390001466	C	2566
12390001467	C	2566
12390001468	C	2566
12390001469	C	2566
12390001470	C	2566
12390001471	C	2566
12390001472	C	2566
12390001473	C	2566
12390001474	C	2566
12390001475	C	2566
12390001476	C	2566
12390001477	C	2566
12390001478	C	2566
12390001479	C	2566
12390001480	C	2566
12390001481	C	2566
12390001482	C	2566
12390001483	C	2566
12390001484	C	2566
12390001485	C	2566
12390001486	C	2566
12390001487	C	2566
12390001488	C	2566
12390001489	C	2566
12390001490	C	2566
12390001491	C	2566
12390001492	C	2566
12390001493	C	2566
12390001494	C	2566
12390001495	C	2566
12390001496	C	2566
12390001497	C	2566
12390001498	C	2566
12390001499	C	2566
12390001500	C	2566
12390001501	C	2566
12390001502	C	2566
12390001503	C	2566
12390001504	C	2566
12390001505	C	2566
12390001506	C	2566
12390001507	C	2566
12390001508	C	2566
12390001509	C	2566
12390001510	C	2566
12390001511	C	2566
12390001512	C	2566
12390001513	C	2566
12390001514	C	2566
12390001515	C	2566
12390001516	C	2566
12390001517	C	2566
12390001518	C	2566
12390001519	C	2566
12390001520	C	2566
12390001521	C	2566
12390001522	C	2566
12390001523	C	2566
12390001524	C	2566
12390001525	C	2566
12390001526	C	2566
12390001527	C	2566
12390001528	C	2566
12390001529	C	2566
12390001530	C	2566
12390001531	C	2566
12390001532	C	2566
12390001533	C	2566
12390001534	C	2566
12390001535	C	2566
12390001536	C	2566
12390001537	C	2566
12390001538	C	2566
12390001539	C	2566
12390001540	C	2566
12390001541	C	2566
12390001542	C	2566
12390001543	C	2566
12390001544	C	2566
12390001545	C	2566
12390001546	C	2566
12390001547	C	2566
12390001548	C	2566
12390001549	C	2566
12390001550	C	2566
12390001551	C	2566
12390001552	C	2566
12390001553	C	2566
12390001554	C	2566
12390001555	C	2566
12390001556	C	2566
12390001557	C	2566
12390001558	C	2566
12390001559	C	2566
12390001560	C	2566
12390001561	C	2566
12390001562	C	2566
12390001563	C	2566
12390001564	C	2566
12390001565	C	2566
12390001566	C	2566
12390001567	C	2566
12390001568	C	2566
12390001569	C	2566
12390001570	C	2566
12390001571	C	2566
12390001572	C	2566
12390001573	C	2566
12390001574	C	2566
12390001575	C	2566
12390001576	C	2566
12390001577	C	2566
12390001578	C	2566
12390001579	C	2566
12390001580	C	2566
12390001581	C	2566
12390001582	C	2566
12390001583	C	2566
12390001584	C	2566
12390001585	C	2566
12390001586	C	2566
12390001587	C	2566
12390001588	C	2566
12390001589	C	2566
12390001590	C	2566
12390001591	C	2566
12390001592	C	2566
12390001593	C	2566
12390001594	C	2566
12390001595	C	2566
12390001596	C	2566
12390001597	C	2566
12390001598	C	2566
12390001599	C	2566
12390001600	C	2566
12390001601	C	2566
12390001602	C	2566
12390001603	C	2566
12390001604	C	2566
12390001605	C	2566
12390001606	C	2566
12390001607	C	2566
12390001608	C	2566
12390001609	C	2566
12390001610	C	2566
12390001611	C	2566
12390001612	C	2566
12390001613	C	2566
12390001614	C	2566
12390001615	C	2566
12390001616	C	2566
12390001617	C	2566
12390001618	C	2566
12390001619	C	2566
12390001620	C	2566
12390001621	C	2566
12390001622	C	2566
12390001623	C	2566
12390001624	C	2566
12390001625	C	2566
12390001626	C	2566
12390001627	C	2566
12390001628	C	2566
12390001629	C	2566
12390001630	C	2566
12390001631	C	2566
12390001632	C	2566
12390001633	C	2566
12390001634	C	2566
12390001635	C	2566
12390001636	C	2566
12390001637	C	2566
12390001638	C	2566
12390001639	C	2566
12390001640	C	2566
12390001641	C	2566
12390001642	C	2566
12390001643	C	2566
12390001644	C	2566
12390001645	C	2566
12390001646	C	2566
12390001647	C	2566
12390001648	C	2566
12390001649	C	2566
12390001650	C	2566
12390001651	C	2566
12390001652	C	2566
12390001653	C	2566
12390001654	C	2566
12390001655	C	2566
12390001656	C	2566
12390001657	C	2566
12390001658	C	2566
12390001659	C	2566
12390001660	C	2566
12390001661	C	2566
12390001662	C	2566
12390001663	C	2566
12390001664	C	2566
12390001665	C	2566
12390001666	C	2566
12390001667	C	2566
12390001668	C	2566
12390001669	C	2566
12390001670	C	2566
12390001671	C	2566
12390001672	C	2566
12390001673	C	2566
12390001674	C	2566
12390001675	C	2566
12390001676	C	2566
12390001677	C	2566
12390001678	C	2566
12390001679	C	2566
12390001680	C	2566
12390001681	C	2566
12390001682	C	2566
12390001683	C	2566
12390001684	C	2566
12390001685	C	2566
12390001686	C	2566
12390001687	C	2566
12390001688	C	2566
12390001689	C	2566
12390001690	C	2566
12390001691	C	2566
12390001692	C	2566
12390001693	C	2566
12390001694	C	2566
12390001695	C	2566
12390001696	C	2566
12390001697	C	2566
12390001698	C	2566
12390001699	C	2566
12390001700	C	2566
12390001701	C	2566
12390001702	C	2566
12390001703	C	2566
12390001704	C	2566
12390001705	C	2566
12390001706	C	2566
12390001707	C	2566
12390001708	C	2566
12390001709	C	2566
12390001710	C	2566
12390001711	C	2566
12390001712	C	2566
12390001713	C	2566
12390001714	C	2566
12390001715	C	2566
12390001716	C	2566
12390001717	C	2566
12390001718	C	2566
12390001719	C	2566
12390001720	C	2566
12390001721	C	2566
12390001722	C	2566
12390001723	C	2566
12390001724	C	2566
12390001725	C	2566
12390001726	C	2566
12390001727	C	2566
12390001728	C	2566
12390001729	C	2566
12390001730	C	2566
12390001731	C	2566
12390001732	C	2566
12390001733	C	2566
12390001734	C	2566
12390001735	C	2566
12390001736	C	2566
12390001737	C	2566
12390001738	C	2566
12390001739	C	2566
12390001740	C	2566
12390001741	C	2566
12390001742	C	2566
12390001743	C	2566
12390001744	C	2566
12390001745	C	2566
12390001746	C	2566
12390001747	C	2566
12390001748	C	2566
12390001749	C	2566
12390001750	C	2566
12390001751	C	2566
12390001752	C	2566
12390001753	C	2566
12390001754	C	2566
12390001755	C	2566
12390001756	C	2566
12390001757	C	2566
12390001758	C	2566
12390001759	C	2566
12390001760	C	2566
12390001761	C	2566
12390001762	C	2566
12390001763	C	2566
12390001764	C	2566
12390001765	C	2566
12390001766	C	2566
12390001767	C	2566
12390001768	C	2566
12390001769	C	2566
12390001770	C	2566
12390001771	C	2566
12390001772	C	2566
12390001773	C	2566
12390001774	C	2566
12390001775	C	2566
12390001776	C	2566
12390001777	C	2566
12390001778	C	2566
12390001779	C	2566
12390001780	C	2566
12390001781	C	2566
12390001782	C	2566
12390001783	C	2566
12390001784	C	2566
12390001785	C	2566
12390001786	C	2566
12390001787	C	2566
12390001788	C	2566
12390001789	C	2566
12390001790	C	2566
12390001791	C	2566
12390001792	C	2566
12390001793	C	2566
12390001794	C	2566
12390001795	C	2566
12390001796	C	2566
12390001797	C	2566
12390001798	C	2566
12390001799	C	2566
12390001800	C	2566
12390001801	C	2566
12390001802	C	2566
12390001803	C	2566
12390001804	C	2566
12390001805	C	2566
12390001806	C	2566
12390001807	C	2566
12390001808	C	2566
12390001809	C	2566
12390001810	C	2566
12390001811	C	2566
12390001812	C	2566
12390001813	C	2566
12390001814	C	2566
12390100011	A	259
12390100793	A	259
12390100816	A	259
12390200000	R	2527
12390200001	A	259
12390200002	A	259
12390200003	A	259
12390200004	A	259
12390200005	A	259
12400100000	A	259
12400100001	A	259
12400100002	A	259
12400100003	A	259
12400100004	A	259
12410000001	A	259
12410000049	A	259
12420000000	A	259
12420000001	A	259
12420000002	A	259
12420100000	A	259
12420100001	A	259
12420100002	A	259
12430100000	A	259
12430100001	A	259
12430100002	A	259
12430100003	A	259
12430100004	A	259
12430100005	A	259
12430100006	R	2557
12430100007	A	259
12430100008	A	259
12430100009	A	259
12430100010	A	259
12430100011	A	259
12430100012	A	259
12430100013	A	259
12430100014	A	259
12430100015	A	259
12430100016	A	259
12430100017	A	259
12430100018	A	259
12430100019	A	259
12430100020	A	259
12430100021	A	259
12430100022	A	259
12430100023	A	259
12430100024	A	259
12430100025	A	259
12430100026	A	259
12430100027	A	259
12430100028	A	259
12430100029	A	259
12430100030	A	259
12430100031	A	259
12430100032	A	259
12430100033	A	259
12430100034	A	259
12430100035	A	259
12430100036	A	259
12430100037	A	259
12430100038	A	259
12430100039	A	259
12430500000	R	285
12430500001	R	2564
12430500002	R	879
12430500003	R	286
12430500004	R	284
12430500005	R	2564
12430500006	R	287
12430500007	R	2564
12430500008	R	879
12430500009	R	879
12430500010	R	294
12430500011	R	295
12430500012	R	879
12430500013	R	2564
12430500014	R	296
12430500015	R	2564
12430500016	R	879
12430500017	R	2564
12430500018	R	293
12430500019	R	2564
12430500020	R	2564
12430500021	R	288
12430500022	R	2564
12430500023	R	2564
12430500024	R	879
12430500025	R	2564
12430500026	R	879
12430500027	R	879
12430500028	R	292
12430500029	R	2564
12430500030	R	2564
12430500031	R	2564
12430500032	R	2564
12430500033	R	879
12430500034	R	290
12430500035	R	291
12430500036	R	297
12430500037	R	289
12430500038	R	879
12430500039	R	2564
12430500040	R	2564
12430500041	R	298
12480000000	A	259
12500000000	A	259
12500000001	R	1323
12500000002	R	676
12500000003	A	259
12500000004	A	259
12500000005	A	259
12500000006	A	259
12500000007	A	259
12500000008	A	259
12500000009	A	259
12500000010	A	259
12500000011	A	259
12500000012	A	259
12500000013	A	259
12500000014	A	259
12500000015	A	259
12500000016	A	259
12500000017	A	259
12500000018	A	259
12500000019	A	259
12500000020	A	259
12500000021	A	259
12500000022	A	259
12500000023	A	259
12500000024	A	259
12500000025	A	259
12500000026	A	259
12500000027	A	259
12500000028	A	259
12500000029	A	259
12500000030	A	259
12500000031	A	259
12500000032	A	259
12500000033	A	259
12520100000	A	259
12520100001	A	259
12520100002	R	1516
12520100003	A	259
12530000000	R	1650
12530000001	R	1678
12530000002	A	259
12530000003	A	259
12530000004	R	810
12530000005	R	1672
12530100000	A	259
12530100001	R	811
12540000000	R	1682
12540000001	R	704
12540000002	R	815
12540000003	R	1660
12540000004	R	809
12540000005	R	1672
12610000000	R	656
12610000001	R	1205
12610000002	R	668
12610000003	R	1222
12610000004	R	667
12610000005	R	665
12610000006	R	2446
12610000007	R	2443
12610000008	R	2451
12610000009	R	1216
12610000010	R	666
12610000011	R	657
12610000012	R	2452
12610000013	R	1210
12610000014	R	655
12610000015	R	2445
12610000016	R	1212
12610000017	R	1223
12610000018	R	1209
12610000019	R	1204
12610000020	A	259
12610000021	R	2442
12610000022	R	2444
12610000023	R	663
12610000024	R	672
12610000025	R	658
12610000026	R	1203
12610000027	A	259
12610000028	R	2440
12610000029	R	1207
12610000030	R	2438
12610000031	R	1206
12610000032	R	654
12610000033	R	1208
12610000034	R	653
12610000035	R	2441
12610000036	R	1213
12610000037	R	1200
12610000038	R	2448
12610000039	R	2450
12610000040	R	1199
12610000041	R	2447
12610000042	R	1214
12610000043	R	2439
12610000044	R	662
12610000045	R	664
12610000046	R	1201
12610000047	R	2449
12610000048	R	670
12610000049	R	2436
12610000050	R	1219
12610000051	R	660
12610000052	R	669
12610000053	R	652
12610000054	R	1218
12610000055	R	659
12610000056	R	671
12610000057	R	2437
12610000058	R	1220
12610000059	R	661
12610000060	R	2454
12610000061	R	1198
12610000062	R	2453
12610000063	R	1211
12660000000	A	259
12660000001	A	259
12660000002	A	259
12660000003	A	259
12660000004	A	259
12660000005	A	259
12660000006	A	259
12660000007	A	259
12660000008	A	259
12790000000	A	259
12790000001	A	259
12790000002	A	259
12860000000	R	1016
12860000001	R	440
12860000002	R	1111
12860000003	R	1012
12860000004	R	2424
12860000005	R	2412
12860000006	R	432
12860000007	R	2421
12860000008	R	1032
12860000009	R	439
12860000010	R	423
12860000011	R	2416
12860000012	R	426
12860000013	R	429
12860000014	R	1002
12860000015	R	1062
12860000016	R	2417
12860000017	R	1017
12860000018	R	1096
12860000019	R	428
12860000020	R	1119
12860000021	R	1015
12860000022	R	1098
12860000023	R	2410
12860000024	R	425
12860000025	R	1045
12860000026	R	434
12860000027	R	1091
12860000028	R	998
12860000029	R	430
12860000030	R	424
12860000031	R	2409
12860000032	R	2411
12860000033	R	431
12860000034	R	2414
12860000035	R	2422
12860000036	R	2419
12860000037	R	436
12860000038	R	2413
12860000039	R	1110
12860000040	R	427
12860000041	R	1031
12860000042	R	1026
12860000043	R	1013
12860000044	R	433
12860000045	R	2418
12860000046	R	437
12860000047	R	2415
12860000048	R	2423
12860000049	R	2425
12860000050	R	1046
12860000051	R	1019
12860000052	R	435
12860000053	R	2420
12860000054	R	441
12860000055	R	438
12880000000	A	259
12880000001	A	259
12880000002	R	817
12880000003	A	259
12880000004	A	259
12880000005	R	816
12880000006	R	818
12890000000	R	2427
12890000001	R	253
12890000002	R	2426
12890000003	R	1152
12890000004	R	2431
12890000005	R	2432
12890000006	R	255
12890000007	R	249
12890000008	R	2433
12890000009	R	251
12890000010	R	2435
12890000011	R	252
12890000012	R	250
12890000013	R	1129
12890000014	R	1176
12890000015	R	2429
12890000016	R	2428
12890000017	R	1157
12890000018	R	2434
12890000019	R	1159
12890000020	R	2430
12890000021	R	254
12920000000	A	259
12920000001	A	259
12920000002	A	259
12930000000	R	1531
12930000001	R	1324
12930000002	R	1322
12930000003	R	1547
12930000004	R	673
12930000005	R	1325
12930100000	A	259
12930100001	A	259
12930100002	A	259
12930100003	A	259
12930100004	A	259
12930100005	A	259
12980000000	A	259
12980000001	A	259
12980000002	A	259
12980000003	A	259
12980000004	A	259
12980000005	A	259
12980000006	A	259
12980000007	A	259
12980000008	A	259
12980000009	A	259
12980000010	A	259
12980000011	A	259
12980000012	A	259
12980000013	A	259
12980000014	A	259
12980000015	A	259
12980000016	A	259
12980000017	A	259
12980000018	A	259
12980000019	A	259
12980000020	A	259
12980000021	A	259
12980000022	A	259
12980000023	A	259
12980000024	A	259
12980000025	A	259
12980000026	A	259
12980000027	A	259
12980000028	A	259
12980000029	A	259
12980000030	A	259
12980000031	A	259
12980000032	A	259
12980000033	A	259
12980000034	A	259
12980000035	A	259
12980000036	A	259
12980000037	A	259
12980000038	A	259
12980000039	A	259
12980000040	A	259
12980000041	A	259
12980000042	A	259
12980000043	A	259
12980000044	A	259
12980000045	A	259
12980000046	A	259
12980000047	A	259
12980000048	A	259
12980000049	A	259
12980000050	A	259
12980000051	A	259
12980000052	R	1276
12980000053	A	259
12980000054	A	259
12980100000	A	259
12990000000	A	259
12990000001	A	259
12990000002	A	259
12990000003	A	259
12990000004	A	259
12990000005	A	259
12990100000	A	259
12990100001	A	259
12990100002	A	259
12990100003	A	259
12990100004	A	259
12990100005	A	259
13050000000	R	1133
13050000001	R	1137
13050000002	R	258
13050000003	R	1294
13050000004	R	1146
13050000005	R	256
13050000006	R	1171
13050000007	R	1280
13050000008	R	1151
13050000009	R	1262
13060000000	A	259
13060000001	A	259
13060000002	A	259
13060000003	A	259
13060000004	A	259
13060000005	A	259
13060000006	A	259
13060000007	A	259
13060000008	A	259
13060000009	A	259
13060000010	A	259
13060000011	A	259
13060000012	A	259
13060000013	A	259
13060000014	A	259
13060000015	A	259
13060000016	A	259
13060000017	A	259
13060000018	A	259
13060000019	A	259
13060000020	A	259
13060000021	A	259
13060000022	A	259
13060000023	A	259
13060000024	A	259
13060000025	A	259
13060000026	A	259
13060000027	A	259
13060000028	A	259
13060000029	R	203
13060000030	A	259
13060000031	A	259
13060000032	A	259
13060000033	A	259
13060000034	A	259
13060000035	A	259
13060000036	R	583
13060000037	A	259
13060000038	A	259
13100000000	A	259
13100000001	R	637
13100000002	A	259
13100000003	R	634
13100000004	A	259
13100000005	A	259
13100000006	A	259
13100000007	A	259
13100000008	A	259
13100000009	R	1271
13100000010	R	1286
13100000011	A	259
13100000012	A	259
13100000013	A	259
13100000014	A	259
13100000015	A	259
13100000016	A	259
13100000017	R	636
13100000018	A	259
13100000019	R	1278
13100000020	R	1185
13100000021	A	259
13100000022	A	259
13100000023	A	259
13100000024	A	259
13100000025	A	259
13100000026	A	259
13100000027	A	259
13100000028	A	259
13100000029	A	259
13100000030	A	259
13100000031	A	259
13100000032	A	259
13100000033	A	259
13100000034	A	259
13100000035	A	259
13100000036	A	259
13100000037	A	259
13100000038	A	259
13100000039	A	259
13100000040	R	1263
13100000041	A	259
13100000042	A	259
13100000043	A	259
13100000044	A	259
13100000045	A	259
13100000046	A	259
13100000047	R	638
13100000048	A	259
13100000049	A	259
13100000050	A	259
13100000051	A	259
13100000052	A	259
13100000053	A	259
13100000054	A	259
13100000055	A	259
13100000056	A	259
13100000057	A	259
13100000058	A	259
13100000059	A	259
13100000060	A	259
13100000061	A	259
13100000062	A	259
13100000063	R	639
13100000064	R	633
13100000065	R	1193
13100000066	A	259
13100000067	A	259
13100000068	R	635
13100000069	A	259
13100000070	A	259
13100000071	A	259
13100000072	A	259
13100000073	A	259
13100000074	A	259
13100000075	A	259
13100000076	A	259
13100000077	A	259
13110000000	R	1186
13110000001	R	1268
13110000002	R	1270
13110000003	A	259
13110000004	A	259
13110000005	A	259
13110000006	A	259
13110000007	R	1289
13110000008	R	1183
13110000009	R	1188
13110000010	R	1274
13110000011	R	1195
13110000012	R	402
13110000013	R	1179
13110000014	R	1264
13110000015	R	1266
13110000016	R	1256
13110000017	R	395
13110000018	R	400
13110000019	R	1190
13110000020	R	1279
13110000021	A	259
13110000022	A	259
13110000023	A	259
13110000024	A	259
13110000025	A	259
13110000026	A	259
13110000027	A	259
13110000028	A	259
13110000029	A	259
13110100011	R	2536
13110100015	R	1269
13110100017	R	1618
13110100018	A	259
13110100019	A	259
13110200021	A	259
13140000000	A	259
13140000001	A	259
13140000002	A	259
13140000003	A	259
13140000004	A	259
13140000005	R	1267
13140000006	A	259
13150000187	R	2563
13150000218	R	2563
13150000350	A	1297
13150100007	R	1302
13150100008	R	617
13150100009	R	1301
13150100010	R	618
13150100011	A	1643
13150100012	A	1642
13150100061	A	1636
13150100080	A	1258
13150100089	A	1635
13150100098	A	1293
13150100121	R	1257
13150100122	A	1290
13150100139	R	1272
13150100152	A	1277
13150100155	A	1633
13150100171	R	1285
13150100217	A	1631
13150100237	A	1296
13150100279	A	2484
13150100280	A	605
13150100281	A	1632
13150100282	A	1639
13150100283	A	259
13150100284	A	2485
13150100285	A	584
13150100286	A	585
13150100292	A	548
13150100294	A	259
13150100295	A	608
13150100306	A	490
13150100315	R	1638
13150100370	A	1640
13150100378	A	1298
13150100467	A	1637
13150100474	R	1630
13150100489	R	1295
13150100614	A	1634
13150100642	R	553
13150200065	R	2563
13150200213	A	1641
13150300000	R	764
13150300001	R	1570
13150300002	R	764
13150300003	R	764
13150300004	R	764
13150300005	R	1570
13150300006	R	764
13150300007	R	1570
13150300008	R	1624
13150300009	R	1623
13150300010	R	1570
13150300011	R	1621
13150300012	R	1622
13150400000	R	1617
13150400001	A	259
13150400002	A	259
13150400003	A	259
13150400004	A	259
13150400005	A	259
13150400006	A	259
13150400007	A	259
13150400008	A	259
13150400009	A	259
13150400010	A	1284
13150500000	A	259
13150500001	A	259
13150500002	A	259
13150500003	A	259
13150500004	A	259
13150500005	A	259
13150500006	R	912
13150500007	A	259
13150500008	A	259
13150500009	A	259
13150500010	R	262
13150500011	A	259
13150500012	A	259
13150500013	R	1260
13150500014	A	259
13150500015	A	259
13150500016	A	259
13150500017	A	259
13150500018	R	1275
13150500019	R	263
13150500020	R	1299
13150500021	R	1568
13150600135	R	1291
13200000000	A	259
13200000001	R	1217
13200000002	R	1259
13200000003	R	1202
13200000004	R	675
13200000005	R	1273
13200000006	R	1221
13200000007	A	259
13200000008	A	259
13220000000	R	1913
13220000001	R	1282
13220000002	R	1912
13220000003	R	1915
13220000004	R	1914
13220000005	R	1265
13220000006	R	1917
13220000007	R	889
13220000008	R	1916
13220000009	R	1918
13230000000	R	1255
13230000001	R	1254
13230000002	R	765
13230100000	A	259
13230100001	A	259
13230100002	A	259
13240000000	R	1625
13240000001	R	820
13240000002	R	1570
13240000003	R	1626
13240000004	R	820
13240000005	R	1570
13240000006	R	1627
13250000000	A	259
13250100000	A	259
13260000000	A	259
13260000001	A	259
13260000002	A	259
13290000000	R	934
13290000001	R	2030
13290000002	R	2018
13290000003	R	1944
13290000004	R	2021
13290000005	R	1931
13290000006	R	938
13290000007	R	1925
13290000008	R	2026
13290000009	R	2028
13290000010	R	2022
13290000011	R	1947
13290000012	R	1942
13290000013	R	1929
13290000014	R	1946
13290000015	R	919
13290000016	R	2020
13290000017	R	922
13290000018	R	1926
13290000019	R	940
13290000020	R	2027
13290000021	R	916
13290000022	R	1939
13290000023	R	925
13290000024	R	2016
13290000025	R	2025
13290000026	R	1945
13290000027	R	921
13290000028	R	937
13290000029	R	2017
13290000030	R	1927
13290000031	R	2024
13290000032	R	1924
13290000033	R	2023
13290000034	R	1933
13290000035	A	259
13290000036	R	1189
13290000037	R	2031
13290000038	A	259
13290000039	R	1940
13290000040	A	259
13290000041	A	259
13290000042	R	1937
13290000043	R	2029
13290000044	R	2019
13290000045	A	259
13300000007	R	8
13330000000	A	259
13330000001	A	259
13330000002	R	1568
13330000003	A	259
13330000004	A	259
13330000005	A	259
13330000006	A	259
13330000007	A	259
13330000008	A	259
13330000009	A	259
13330200000	A	259
13330200001	A	259
13330200002	A	259
13330200003	A	259
13330200004	A	259
13330300000	A	259
13330300001	A	259
13340000000	A	259
13340000001	A	259
13340100000	A	259
13340100001	A	259
13340100002	A	259
13340100003	A	259
13350100000	A	259
13530000000	R	1567
13530000001	A	259
13530200000	R	1619
13530200001	R	772
13540000000	A	259
13540000001	A	259
13540000002	A	259
13540000003	A	259
13540100000	A	259
13540100001	A	259
13540100002	A	259
13550000000	A	259
13560000000	A	259
13560000001	A	259
13560000002	A	259
13560000003	A	259
13560000004	A	259
13560000005	A	259
13560000006	A	259
13560000007	A	259
13560000008	A	259
13560000009	A	259
13560000010	A	259
13590000012	A	259
13590100000	A	259
13590100001	A	259
13590100002	A	259
13600000000	R	1292
13600000001	R	341
13600000002	A	259
13600000003	A	259
13600000004	R	347
13600000005	R	1300
13610000000	R	641
13610000001	R	1288
13610100000	A	259
13610100001	A	259
13620000000	R	327
13620000001	R	2331
13620000002	R	1566
13620000003	R	321
13620000004	R	1565
13620000005	R	322
13620000006	R	318
13620000007	R	1564
13620000008	R	2334
13620000009	R	2332
13620000010	R	2333
13640000000	R	644
13640000001	R	648
13640000002	R	1569
13640000003	R	645
13640100000	A	259
13640100001	A	259
13640100002	R	649
13640100003	A	259
13660000000	A	259
13660000001	A	259
13660000002	A	259
13660000003	A	259
13660000004	A	259
13660200000	R	1570
13660200001	R	772
13660200002	R	772
13660200003	R	1570
13660200004	R	1620
13670000000	R	1570
13670000007	R	624
13670000008	R	896
13680000000	A	259
13680000001	R	1287
13680000002	A	259
13680100000	A	259
13680100001	A	259
13680100002	A	259
13690000000	A	259
13690000001	A	259
13690000002	A	259
13690000003	A	259
13690000004	A	259
13690000005	A	259
13690000006	A	259
13690000007	A	259
13690000008	A	259
13690000009	A	259
13690000010	A	259
13690000011	A	259
13690000012	A	259
13690000013	A	259
13690000014	A	259
13690000015	A	259
13690000016	A	259
13690000017	A	259
13690000018	A	259
13690000019	A	259
13690000020	A	259
13690000021	A	259
13690000022	A	259
13690000023	A	259
13690000024	A	259
13690000025	A	259
13690000026	A	259
13690000027	A	259
13710000000	A	259
13710000001	A	259
13710000002	A	259
13710000003	A	259
13710000004	A	259
13710000005	A	259
13720000000	A	259
13720000001	A	259
13720000002	A	259
13720000003	R	1261
13720000004	R	1281
13720100000	A	259
13730000000	A	259
13730000001	A	259
13730000002	A	259
13730000003	A	259
13730000004	A	259
13730000005	A	259
13730000006	A	259
13730000007	A	259
13750000000	A	259
13750000001	A	259
13750000002	A	259
13750000003	A	259
13800000000	A	259
13800000001	R	827
13800000002	A	259
13800000003	A	259
13800000004	A	259
13800000005	A	259
13800000006	A	259
13800000007	R	2503
13800000008	A	259
13800000009	A	259
13800000010	A	259
13800000011	A	259
13800000012	R	2502
13800000013	A	259
13800000014	A	259
13800000015	A	259
13800000016	A	259
13800000017	R	643
13810000000	R	772
13810000001	R	1570
13810000002	R	1570
13810000003	R	1628
13810000004	R	772
13820000000	A	259
13880000000	R	108
13880000001	R	1774
13880000002	R	1781
13880000003	R	123
13880000004	R	1776
13880000005	R	1702
13880000006	R	1792
13880000007	R	2173
13880000008	R	134
13880000009	R	144
13880000010	R	2174
13880000011	R	2179
13880000012	R	84
13880000013	R	83
13880000014	A	259
13880000015	R	1816
13880000016	R	1815
13880000017	R	2216
13880000018	R	1713
13880000019	R	168
13880000020	R	2217
13880000021	R	170
13880000022	R	2229
13880000023	R	167
13880000024	R	169
13880000025	R	1797
13880000026	R	166
13880000027	R	2184
13880000028	R	2237
13880000029	R	1731
13880000030	R	2213
13880000031	R	2167
13880000032	R	2234
13880000033	R	2225
13880000034	R	1720
13880000035	R	2199
13880000036	R	2211
13880000037	R	2224
13880000038	R	76
13880000039	R	88
13880000040	R	117
13880000041	R	139
13880000042	R	1832
13880000043	R	1813
13880000044	R	2208
13880000045	R	2203
13880000046	R	1826
13880000047	R	1762
13880000048	R	2200
13880000049	R	2218
13880000050	R	2223
13880000051	R	137
13880000052	R	162
13880000053	R	1740
13880000054	R	127
13880000055	R	136
13880000056	R	70
13880000057	R	116
13880000058	R	1793
13880000059	R	1789
13880000060	R	115
13880000061	R	59
13880000062	R	2198
13880000063	R	2201
13880000064	R	1803
13880000065	R	2202
13880000066	R	1748
13880000067	R	2204
13880000068	R	86
13880000069	R	2228
13880000070	R	1801
13880000071	R	114
13880000072	R	140
13880000073	R	1796
13880000074	R	1805
13880000075	R	2215
13880000076	R	1833
13880000077	R	2176
13880000078	R	89
13880000079	R	1823
13880000080	R	2219
13880000081	R	101
13880000082	R	163
13880000083	A	259
13880000084	R	2212
13880000085	R	150
13880000086	R	1707
13880000087	R	1710
13880000088	R	1742
13880000089	R	1800
13880000090	R	112
13880000091	R	155
13880000092	R	1825
13880000093	R	154
13880000094	R	1697
13880000095	R	2170
13880000096	R	64
13880000097	R	2205
13880000098	R	1775
13880000099	R	120
13880000100	R	1757
13880000101	R	1836
13880000102	R	1753
13880000103	R	2177
13880000104	R	2178
13880000105	R	161
13880000106	R	2227
13880000107	R	75
13880000108	R	2175
13880000109	R	2232
13880000110	R	2231
13880000111	R	1763
13880000112	R	1819
13880000113	R	2221
13880000114	R	151
13880000115	R	1717
13880000116	R	82
13880000117	R	1688
13880000118	R	1699
13880000119	R	1810
13880000120	R	159
13880000121	R	2197
13880000122	R	90
13880000123	R	2180
13880000124	R	68
13880000125	R	2172
13880000126	R	2196
13880000127	R	160
13880000128	R	2186
13880000129	R	131
13880000130	R	143
13880000131	R	152
13880000132	R	2226
13880000133	R	72
13880000134	R	130
13880000135	R	1758
13880000136	R	1696
13880000137	R	71
13880000138	R	1706
13880000139	R	1728
13880000140	R	91
13880000141	R	1730
13880000142	R	2222
13880000143	R	1788
13880000144	R	148
13880000145	R	1709
13880000146	R	2239
13880000147	R	73
13880000148	R	2233
13880000149	R	1814
13880000150	R	1840
13880000151	R	103
13880000152	R	1829
13880000153	R	164
13880000154	R	2207
13880000155	R	1847
13880000156	R	2238
13880000157	R	1712
13880000158	R	2166
13880000159	R	2236
13880000160	R	2168
13880000161	R	2187
13880000162	R	1716
13880000163	R	93
13880000164	R	2194
13880000165	R	2181
13880000166	R	2182
13880000167	R	67
13880000168	R	2171
13880000169	R	1824
13880000170	R	106
13880000171	R	105
13880000172	R	104
13880000173	R	119
13880000174	R	1770
13880000175	R	1835
13880000176	R	1729
13880000177	R	2195
13880000178	R	2183
13880000179	R	1771
13880000180	R	109
13880000181	R	165
13880000182	R	61
13880000183	R	2209
13880000184	R	1752
13880000185	R	94
13880000186	R	1822
13880000187	R	60
13880000188	R	1750
13880000189	R	2230
13880000190	R	1751
13880000191	R	1773
13880000192	R	128
13880000193	R	2210
13880000194	R	2185
13880000195	R	1804
13880000196	R	1711
13880000197	R	97
13880000198	R	1837
13880000199	R	2191
13880000200	R	2206
13880000201	R	2192
13880000202	R	2220
13880000203	R	1735
13880000204	R	133
13880000205	R	62
13880000206	R	99
13880000207	R	124
13880000208	R	2193
13880000209	R	2190
13880000210	R	100
13880000211	R	2188
13880000212	R	2214
13880000213	R	2169
13880000214	R	96
13880000215	R	158
13880000216	R	146
13880000217	R	98
13880000218	R	1725
13880000219	R	102
13880000220	R	2189
13880000221	R	2235
13880000222	R	1820
13900000000	R	821
13900000001	R	1283
13900000002	R	913
13910000000	R	707
13910000001	R	706
13910000002	R	705
13910000003	R	1648
13910000004	R	1647
13910000005	R	1677
13910000006	R	2245
13910000007	R	713
13910000008	R	712
13910000009	R	2244
13910000010	R	1685
13910000011	R	1684
13910000012	R	1683
13910000013	R	2247
13910000014	R	2246
13910000015	R	2240
13910000016	R	710
13910000017	R	709
13910000018	R	1658
13910000019	R	708
13910000020	R	2242
13910000021	R	1669
13910000022	R	1668
13910000023	R	2241
13910000024	R	711
13910000025	R	2243
13910000026	R	1666
